序号,股票代码,股票简称,净利润,净利润同比,营业总收入,营业总收入同比,营业总支出-营业支出,营业总支出-销售费用,营业总支出-管理费用,营业总支出-财务费用,营业总支出-营业总支出,营业利润,利润总额,公告日期
1,600529,山东药玻,720431146.66,17.29,3663893577.17,4.1157851661,2436062150.6,92248624.66,146586178.09,-25023212.79,2805906333.65,873195745.02,872199139.73,2026-03-07
2,688511,*ST天微,6306470.69,-83.09,74196325.5,-23.94196177,27624408.65,5006432.44,16198226.65,-283158.65,65865305.66,5126775.38,5052344.8,2026-02-28
3,688316,青云科技,-62758629.3,49.139066514867,213637495.55,-16.743941573,144840831.9,50475581.05,30566807.5,7271305.75,285590476.72,-63736207.46,-65734353.97,2026-02-28
4,300051,琏升科技,-66222121.58,-241.66,297035783.5,112.4680448086,310438713.77,22042697.2,78659014.57,41587181.43,480687253.17,-265738000.13,-249163450.1,2026-02-26
5,301152,天力锂能,-170688291.8,-51.87,1380636922.85,-29.0544966009,1372639209.84,4917891.31,69099564.44,19291717.18,1550640851.65,-182032070.02,-182546550.05,2026-02-13
6,002829,星网宇达,-23984740.41,-121.12,231748786.18,-66.5269944989,143541241.29,14882526.51,48690381.84,3550615.96,259017864.4,-40293908.53,-41638102.22,2026-01-31
7,002726,龙大美食,55448825.82,111.26,8014093619.26,-20.7005478133,7626398968.18,86878400.8,174467815.64,79852673.96,7987372940.21,60196836.0,55923370.25,2026-01-31
8,000736,*ST中地,-1489053765.76,-48.64,12271153845.01,0.8858130374,11446432928.49,445073575.15,342773678.74,792418520.36,13299112474.58,-1264648853.95,-1260396284.9,2026-01-31
9,300448,浩云科技,8487917.09,147.49,247702064.71,-9.5557723636,138459001.42,29286726.48,43984934.53,-2630205.67,239414563.8,7104769.85,6856728.29,2026-01-30
10,600615,鑫源智造,4645037.79,7336.82595240217,106810617.9,14.0879849555,95822678.04,2116382.61,14816728.79,-3844296.76,110328048.4,4164564.7,3850632.79,2026-01-28
11,300209,行云科技,-30565701.55,78.54,327917844.69,-4.8312076583,209296287.42,84748282.44,41741656.89,6218678.24,347740640.37,-34951244.7,-34876878.05,2026-01-27
12,001331,胜通能源,24182149.13,145.65,3719285532.74,12.4316475703,3679627983.49,13340692.12,23492608.23,-25832433.83,3694709410.71,29821907.0,30833911.49,2026-01-24
13,001266,宏英智能,-11645118.58,-225.02,428690160.04,46.969131187,330570335.15,22109402.03,38462807.5,2278267.76,443458721.22,-14397787.56,-14422355.72,2026-01-24
14,688816,易思维,-2246668.51,,181157139.03,,64669270.87,25138863.7,33283887.38,-1741807.46,211634332.97,-4067026.84,-4016244.76,2026-01-23
15,688818,电科蓝天,105124541.97,,1611259028.14,,1194155727.31,39629321.55,106580981.17,-16250800.95,1483753536.46,107846413.2,108105108.65,2026-01-22
16,603284,林平发展,124583806.83,,1876004315.91,,1690661455.95,6741997.73,24214337.19,11599248.43,1815024874.81,145465874.71,124583806.83,2026-01-22
17,301487,盟固利,9031293.69,-84.99,1311983123.72,-26.0626586866,1220565510.67,8186848.06,44172657.67,15377095.34,1346426474.99,2889991.98,3987466.64,2026-01-21
18,002397,梦洁股份,24741229.94,-34.08,1197993402.08,-18.308344097,715444557.5,309773273.66,87173237.04,11173853.03,1177732983.98,29684256.92,32362909.87,2026-01-17
19,688712,北芯生命,-31025222.25,,237397994.73,,86071850.95,75621593.51,54547137.63,1458612.4,295647261.63,-43642082.76,-43742333.34,2026-01-16
20,001220,世盟股份,120209076.86,,745592429.14,,562083554.43,4951354.93,17542526.36,-1465243.78,586667189.56,155062847.17,153191356.45,2026-01-15
21,301379,天山电子,104794620.12,20.53,1058213653.71,11.3077631039,831815458.85,39319339.09,32348384.5,-10418067.19,946509647.59,113459966.73,115102931.52,2026-01-12
22,601112,振石股份,429878782.55,,3048377011.01,,2213197238.03,23779794.17,141871875.68,14150968.21,2527598221.52,501485815.63,501271326.93,2026-01-09
23,688785,恒运昌,120076222.01,,425969444.05,,217334487.37,4998138.0,30977655.21,189197.46,296059954.19,134820230.94,134904439.45,2026-01-08
24,300609,汇纳科技,-38778184.32,-17.19,189755299.26,-1.0936635488,92858385.8,36055362.56,93043418.79,-2452716.44,259931805.56,-65718397.53,-66375089.94,2026-01-06
25,300500,启迪设计,-17118721.22,-154.94,965911708.0,-3.4257205601,729893475.05,19864540.55,82032709.3,10335396.11,895577762.99,1385272.65,430586.86,2025-12-31
26,001235,里得电科,11904076.32,,210374733.29,,130956374.25,26265636.68,32830119.47,1581312.53,202125608.03,13031572.44,13010038.11,2025-12-31
27,688781,视涯科技,-185554500.0,,189271600.0,,,,,,,,-185554500.0,2025-12-26
28,300831,派瑞股份,67036829.34,3239.42,175379558.81,149.8691972637,56593869.17,2841306.81,19247574.06,-5345718.71,86418641.57,74985510.94,74990678.98,2025-12-26
29,688270,臻镭科技,15259265.82,-63.79,182421264.55,7.0053557865,28979402.93,12118375.22,30970636.41,-17163712.39,150894104.93,15289746.77,15259265.82,2025-12-25
30,603352,至信股份,135889479.17,,2098269759.56,,1642987050.21,21606437.73,113799978.03,39855611.18,1914419546.03,149101642.87,149009932.75,2025-12-25
31,301680,固德电材,114998500.0,,631355300.0,,,,,,,130907100.0,130633900.0,2025-12-22
32,603402,陕西旅游,505278937.52,28.983830915647,1095281812.76,18.0356605263,267249330.74,46830139.94,46743745.23,5247166.71,372750088.86,725449922.17,723935809.42,2025-12-18
33,301682,宏明电子,323166900.0,,2083148700.0,,,,,,,,,2025-12-15
34,301687,新广益,87010100.43,44.081027774604,484458602.96,29.4524915414,328114130.62,8850755.59,18439625.02,-1133897.55,378828815.76,99062687.31,98993277.38,2025-12-12
35,688809,强一股份,131083634.53,,390096125.33,,151442501.16,9414821.57,23092762.82,238011.92,240695998.9,149524635.61,149467579.41,2025-12-11
36,001396,誉帆科技,71253784.81,,478869177.72,,250780673.03,35752495.47,58312941.58,4962602.92,374174826.4,82902126.28,82348390.57,2025-12-11
37,001369,双欣材料,396113909.74,,2598313139.59,,1999781413.74,25683377.3,65411742.15,-9191625.28,2192020071.39,457376212.58,456860200.02,2025-12-11
38,300881,盛德鑫泰,192885827.17,166.3,1953502066.4,57.7357545014,1576190076.77,7659790.88,62865084.73,15382110.76,1744661221.74,218458155.58,217691037.43,2025-12-08
39,688805,健信超导,34374156.06,,286364012.2,,212803096.99,2888181.01,16515979.22,529650.76,254593553.1,37845723.34,37802916.12,2025-12-05
40,600295,鄂尔多斯,1721092821.95,-31.65,20167945726.95,-8.4488878141,16128912211.39,957587353.45,620768957.99,67986682.76,18519477406.53,2516756112.8,2248306128.98,2025-12-05
41,001325,元创股份,114995071.54,,974600305.8,,765512315.92,17036295.28,24440566.32,-12746947.1,810130477.78,151015429.32,150979750.75,2025-12-05
42,603248,锡华科技,104090192.46,-28.783344501467,702491443.62,-3.9862334919,517616317.28,4280512.95,22909438.8,-1911827.79,581127005.19,119564062.12,120521471.47,2025-12-04
43,301449,天溯计量,83306358.5,11.650965914878,577843076.88,10.1186454015,266738640.34,146482104.72,35537776.81,-361995.97,475067685.93,95088204.26,94886076.41,2025-12-04
44,301378,通达海,-48742939.72,-372.54,283374702.37,-10.0672501729,180118383.95,32588583.49,28957574.97,-6163976.72,336517046.15,-47246823.9,-47251784.8,2025-12-02
45,300266,兴源环境,-154186323.9,40.69,700964526.17,1.0880812071,606289613.96,15398593.76,72894373.12,141774428.99,875871168.99,-164674896.03,-164677180.48,2025-12-02
46,688807,优迅股份,62286018.95,,302028832.39,,158562339.02,7655913.08,25615361.41,-1244827.44,245944334.17,64240595.27,63998325.9,2025-11-28
47,688802,沐曦股份,-781579080.68,,223312928.03,,105334901.54,96874912.08,148117385.1,17683626.14,982729171.24,-780153231.31,-781095740.71,2025-11-27
48,688790,昂瑞微,-11918905.32,,1682948116.21,,1326898200.0,43438324.99,77761324.39,5234514.6,1693439859.37,-11973088.77,-11918905.32,2025-11-27
49,301667,纳百川,45079324.76,,912837339.49,,766085238.58,13212253.42,33256548.08,6775109.42,861582146.47,51803708.62,51025519.46,2025-11-27
50,300223,北京君正,304420330.78,-17.37,3201213308.67,-6.394451031,2002581357.73,226806870.74,159994858.89,-81085164.97,2842281357.38,337497882.74,339281989.16,2025-11-24
51,603717,天域生物,6387662.07,105.541670531889,624472530.5,5.26533698,501189408.91,2854511.23,73712418.87,9137237.34,594720864.52,25587068.4,27185814.71,2025-11-22
52,688796,百奥赛图,-102270564.55,,589882252.2,,149956326.29,63376950.23,130794281.97,69058096.58,664518846.39,-93785677.94,-95205751.44,2025-11-20
53,300697,电工合金,92043760.94,-18.16,1833096643.13,3.5554585634,1637381161.04,12189489.15,31846881.49,8360224.65,1723480960.12,107635883.48,108946395.23,2025-11-20
54,688727,恒坤新材,70052880.37,,391183839.94,,179860558.7,24559686.65,58518131.89,-8216419.59,316111504.52,82906066.52,82870745.57,2025-11-17
55,688981,中芯国际,2706192000.0,-26.4,41878720000.0,26.5285251991,34491601000.0,199933000.0,2740378000.0,-1573906000.0,39935171000.0,3552445000.0,3553692000.0,2025-11-14
56,688795,摩尔线程,-890039179.09,,278232259.96,,94658483.58,86939748.47,177521546.79,11232040.84,1194671185.97,-887726201.69,-890046416.33,2025-11-14
57,688428,诺诚健华,-275409931.99,45.18,697748228.93,29.8470461577,98028598.02,273927859.06,125820073.29,-147531402.57,975965605.67,-285282577.35,-285289164.34,2025-11-14
58,688235,百济神州,-3686694000.0,4.935683794018,19135857000.0,48.625291218,3073427000.0,6348194000.0,3153147000.0,-15786000.0,22827499000.0,-3410742000.0,-3411359000.0,2025-11-13
59,001280,中国铀业,951871876.18,,11174280667.66,,9242536361.42,18955993.76,377971184.68,174634639.82,9928693065.7,1421904937.7,1396740201.08,2025-11-13
60,000929,*ST兰黄,-38683793.74,-445.3,177910871.82,-10.4095875939,145091559.93,53383673.8,23955376.26,-16044529.68,226594915.83,-45580046.51,-46967846.68,2025-11-12
61,688347,华虹公司,577927957.36,-65.69,10502282877.64,-18.9176209614,8696296288.09,49816174.59,583261242.5,-137290207.18,10390826280.53,-330805012.05,-330082964.81,2025-11-07
62,603092,德力佳,381822419.48,,2440105237.33,,1822063810.73,5670523.1,30022087.94,12469055.87,1957634497.21,445342866.53,443026156.56,2025-11-06
63,001233,海安集团,501678730.05,6.759326579071,1699761077.92,2.8184861878,885161004.56,63033554.41,101695492.11,-2904457.62,1121808855.38,598616584.56,598047349.17,2025-11-06
64,603334,丰倍生物,86681244.87,,1387043687.06,,1219308975.58,14959342.52,21368288.95,3849081.42,1299401861.35,93988707.33,97082467.13,2025-11-04
65,300757,罗博特科,71179603.17,119.93,1016499304.82,-5.9311530361,717570320.65,51131831.02,24011235.46,16857624.75,884968316.93,75571471.25,74620891.73,2025-11-04
66,688429,时创能源,-513316743.0,-415.87,456727522.48,-66.1383178424,396544635.81,12738228.67,100062570.63,-4689722.07,665137041.27,-564783439.14,-565923661.03,2025-11-01
67,600169,ST太重,69837824.9,-33.65,6390922677.51,-3.7642069763,5176824733.8,122574406.39,253276794.19,384171710.98,6251824762.81,181955070.06,189395721.06,2025-11-01
68,600113,浙江东日,105281486.09,-1.05,543536222.21,2.8986407598,325284656.99,25815342.45,53358430.37,-3478363.9,410826012.35,131720822.68,130202584.68,2025-11-01
69,688799,华纳药厂,158409039.22,0.09,1069303325.98,1.2844473942,402683130.21,369270409.74,47079440.34,-13298180.31,924380616.39,163534472.37,163442510.63,2025-10-31
70,688789,宏华数科,310011121.08,29.51,1264896140.26,43.3565125637,677332900.54,82512211.85,78012984.47,-13579785.45,906785257.77,369244716.42,369103860.42,2025-10-31
71,688787,海天瑞声,3788727.3,111.795583849787,149557500.43,44.8995911239,49609778.71,17525900.99,43528728.6,1493886.79,157679103.78,3726779.84,4339724.38,2025-10-31
72,688776,国光电气,43286745.66,-20.53,454327232.2,-21.3457952717,296222261.89,12739509.94,43754643.11,-6162699.08,381652736.65,46057137.06,45769717.37,2025-10-31
73,688772,珠海冠宇,267980620.08,-7.47,8517475269.75,-0.2657664035,6316803175.77,49243214.47,844860259.25,123506172.14,8448560754.84,7869393.15,5936740.83,2025-10-31
74,688766,普冉股份,224750378.34,321.255347427935,1366477564.5,78.1252481993,910556630.92,38179845.83,39941977.92,-12348309.79,1150341106.73,237189701.75,236840272.93,2025-10-31
75,688750,金天钛业,116850524.36,23.26,617857379.0,9.5758978908,380698234.76,15410094.74,36491379.95,6690554.14,490898299.59,128318489.09,130237841.29,2025-10-31
76,688737,中自科技,-14090893.99,-142.9,1057024115.62,-5.9343054296,970460564.27,21395364.64,31015498.38,8225672.09,1102454962.56,-20100164.67,-21532195.13,2025-10-31
77,688733,壹石通,14760021.73,-4.38,374711715.42,7.8552429781,283281721.08,9403813.29,45080691.26,7766599.8,384286424.9,13372578.32,13358015.99,2025-10-31
78,688728,格科微,8111352.0,-83.69,4554095635.0,40.3476699226,3489951059.0,97276796.0,161175451.0,221417314.0,4616986800.0,-48588319.0,-50722438.0,2025-10-31
79,688716,中研股份,29851649.6,12.84,193260674.2,2.6709772933,115695719.44,8188535.82,34828979.48,-5439736.73,175456539.33,32927204.45,32793190.6,2025-10-31
80,688711,宏微科技,4040908.29,-95.28,979689050.67,-13.7162568493,829075631.61,19699742.98,51778653.95,13565315.27,1002002830.84,-8703593.58,-8754139.47,2025-10-31
81,688710,益诺思,132783344.21,-26.47,882434491.04,10.4631601922,562234812.04,20895831.45,90725860.88,-7337521.71,703946182.46,146651397.15,146485776.81,2025-10-31
82,688709,成都华微,87958374.75,-54.98,422751566.62,-32.7754991416,96510216.63,25482005.67,90538934.69,-1644447.88,335297774.71,91329854.25,91661056.69,2025-10-31
83,688699,明微电子,5552498.39,106.58,442848864.93,-12.5888773173,326230965.38,6355177.15,25767161.76,1193153.72,444553921.6,3740475.81,3610632.51,2025-10-31
84,688696,极米科技,-40330801.16,-146.81,2281404056.74,-5.7965434644,1625032481.97,422135510.71,80451045.34,-32490796.03,2400183320.64,-51533976.16,-49571645.21,2025-10-31
85,688685,迈信林,36310202.07,161.91,300784746.3,38.0019019313,194405788.11,5170487.55,29960751.58,10273489.85,261543550.04,36272060.05,36346814.5,2025-10-31
86,688680,海优新材,-248584184.33,-230.065287355113,2052825094.42,-48.0185841156,2057232260.23,8619374.47,47821869.96,49139429.72,2257998894.92,-281171642.47,-283803563.05,2025-10-31
87,688679,通源环境,6831815.92,-75.57,1054925828.68,0.8244769799,864430626.52,26666580.79,64726721.7,7771668.37,1005514491.47,10838325.48,9524067.71,2025-10-31
88,688671,碧兴物联,-11347863.24,-163.41,163483319.65,-27.0119922655,117205704.03,21790333.55,25925986.42,-2205376.71,192407325.22,-17074523.75,-17076680.58,2025-10-31
89,688667,菱电电控,8163082.64,-80.55,830072363.8,18.6969715538,662935561.45,17216343.88,24784294.93,-1854354.89,836581773.33,5096889.74,5237412.37,2025-10-31
90,688659,元琛科技,6822677.88,8011.87,459760507.84,32.766207848,333841832.77,33190147.35,51717882.83,10436985.25,457796952.34,7354114.91,6598691.9,2025-10-31
91,688628,优利德,151591730.47,15.0,853532860.15,8.9360083174,470960598.58,80272079.94,54509368.56,-8934585.7,684957243.41,173110901.47,172498150.6,2025-10-31
92,688626,翔宇医疗,73413939.05,-59.02,506631855.69,-6.5043233569,167916823.19,143866775.48,38414969.86,-16347565.85,445424113.28,79927813.6,79204386.26,2025-10-31
93,688623,双元科技,69223699.86,-35.29,284372145.64,-19.143346067,164747195.61,26517676.47,13810748.41,-25603970.66,213555356.95,75215923.18,75784265.57,2025-10-31
94,688618,三旺通信,33280179.63,-56.67,244537242.49,-20.9436534334,89084327.1,47573056.81,31393265.9,1490809.38,226795857.18,35274959.52,35252253.24,2025-10-31
95,688615,合合信息,306501811.68,11.05,1049268035.53,21.0242758823,164076420.53,304109310.13,54470760.83,-784811.59,795094523.44,324770015.18,324882262.98,2025-10-31
96,688610,埃科光电,16015666.93,132.12,183476211.16,12.2277775474,108272630.82,26935001.12,20015073.81,-9582410.1,180145469.65,14413484.77,15073712.68,2025-10-31
97,688606,奥泰生物,197526404.8,94.48,618025472.14,10.3737953436,273429699.73,41885987.45,45636701.66,-12127463.71,425103891.99,226782476.67,223317711.2,2025-10-31
98,688603,天承科技,57165321.63,37.25,273117535.22,10.5278131902,166325654.74,17055407.29,17313875.19,-1996663.65,218115767.14,66104567.85,65936063.01,2025-10-31
99,688602,康鹏科技,-17345801.47,-115.64,523926281.24,-34.0852159723,458388910.57,7622023.97,60826121.41,-6128422.06,589990650.81,-28361561.73,-28931402.74,2025-10-31
100,688599,天合光能,-846507553.95,-116.67,63147344138.17,-22.1550892602,55827313095.57,1855999314.35,2497267449.13,926026857.8,62750286060.28,-868874713.95,-882381345.15,2025-10-31
101,688596,正帆科技,331653334.88,22.58,3501418831.79,45.2331472531,2550011293.17,57331243.36,223386795.91,22486088.15,3119716172.77,368396665.32,364432741.01,2025-10-31
102,688595,芯海科技,-114984197.05,-30.505428592041,514372454.94,81.2021700886,335855823.72,30358543.58,59316908.84,867497.49,641436954.01,-122020052.14,-122225577.05,2025-10-31
103,688586,江航装备,136616889.18,-26.69,791412180.66,-13.0873460992,499523152.54,10203900.23,93961005.72,-9513846.75,656191063.45,149215188.79,151950708.8,2025-10-31
104,688585,上纬新材,65047355.05,4.49,1097244501.02,7.5491011903,929706461.69,24642608.71,46595073.08,-6775501.97,1019753225.57,84950073.14,85335649.49,2025-10-31
105,688579,地纬智能,31111171.4,-0.28,328951204.84,8.8217628654,163424569.17,20784360.01,46773618.0,-2802577.3,305549893.33,31294060.74,30982745.26,2025-10-31
106,688576,西山科技,65894756.22,1.62,207338504.69,-3.028820424,60591999.66,56896399.21,15931438.11,-10926273.37,160835704.77,71131132.39,71138348.28,2025-10-31
107,688568,中科星图,145681644.92,41.27,2007150532.54,43.4442367257,1053884744.62,167589124.35,205779748.24,-3609003.4,1734766812.15,215175648.01,239955789.0,2025-10-31
108,688567,孚能科技,-303794290.1,80.565576377885,9211731512.0,-17.9842116144,8202166488.72,129342813.6,455541276.47,173750580.8,9525358133.04,-425422721.83,-423542669.25,2025-10-31
109,688566,吉贝尔,174563672.9,12.57,643207277.9,4.2517660963,67483221.23,291673646.34,44905850.25,-3595796.09,440926575.33,200916397.16,200344623.57,2025-10-31
110,688565,力源科技,-25166671.41,35.86,176468779.88,-10.9294087357,162109093.32,10557783.9,19998565.5,4397905.87,212001788.97,-35727879.6,-31213038.02,2025-10-31
111,688563,航材股份,435972324.76,-13.31,2196144667.2,0.0602802258,1524757946.06,10665018.76,58555932.79,-19154721.05,1760359475.51,484606382.15,483765877.22,2025-10-31
112,688562,航天软件,-81352360.94,-1107.69,511178623.24,-53.1649111283,410469516.07,51719681.29,79813417.79,-11602655.94,654458605.97,-120589399.3,-117783796.99,2025-10-31
113,688561,奇安信,-1175976593.2,3.838582909549,2710678137.95,-26.4661753462,1197509099.69,1175306398.32,394722437.83,39768374.57,3875470095.8,-1194141019.99,-1193470458.33,2025-10-31
114,688559,海目星,167422576.58,-46.38,3627399218.97,7.9155159731,2747390617.51,118589022.95,209108700.8,44107204.28,3491282341.35,152319135.29,149316867.94,2025-10-31
115,688558,国盛智科,99311408.2,-13.79,799445212.38,-5.6490344385,611941455.54,28877084.11,27917716.11,-5579557.17,708348918.8,111866088.92,111565797.45,2025-10-31
116,688550,瑞联新材,185303402.44,88.97,1093434243.13,17.3238821868,619998222.15,35503753.76,131490489.52,-13771989.43,873358217.18,213500757.41,212580286.42,2025-10-31
117,688548,广钢气体,181301262.07,-20.09,1498464563.81,10.5392335901,1079868789.99,27370548.02,114674010.05,-2603837.94,1302350038.93,205769441.78,205952291.59,2025-10-31
118,688538,和辉光电,-1762244187.32,26.271879965738,3697307451.8,82.6136696829,4573464139.51,25388027.54,86626704.7,397769348.58,5225372908.59,-1763571185.35,-1762244187.32,2025-10-31
119,688530,欧莱新材,9874581.91,-77.38,296914088.91,-22.6276831944,240891866.5,11057307.85,21051224.4,3459401.58,293870393.75,8975891.37,8862055.7,2025-10-31
120,688529,豪森智能,7681902.78,-92.45,1592806074.37,4.5440038479,1223124305.46,46536115.92,154025075.24,46251503.09,1585995437.31,2968052.57,2937518.74,2025-10-31
121,688525,佰维存储,228116450.89,147.13,5025192641.64,136.7632753163,3893833271.52,179230279.83,232721923.01,107560825.36,4758972745.41,260498649.22,260182065.98,2025-10-31
122,688520,神州细胞,149954058.54,168.172082659777,1936981204.36,40.4371150537,72000768.66,490550392.62,133987574.59,78612839.27,1459232956.3,530132183.15,150412418.63,2025-10-31
123,688515,裕太微,-139944173.49,-0.090723656029,266071015.82,61.442930591,151939792.74,36244198.4,48928305.28,-1984271.2,436557522.87,-140515334.55,-139944173.49,2025-10-31
124,688512,慧智微,-298349583.3,3.764866239038,383569025.48,-3.5921133851,379220104.0,29836963.43,58506751.75,-5610798.51,671516321.11,-297806653.44,-298245214.5,2025-10-31
125,688505,复旦张江,86468604.0,-3.81,548848564.0,-22.4747112122,45054663.0,173777581.0,32373985.0,-2207154.0,490043765.0,83705910.0,83936962.0,2025-10-31
126,688502,茂莱光学,24490627.82,-32.54,375361216.16,4.3257389178,194618151.33,17199171.68,72923550.96,2314878.15,342162011.01,25259247.07,25474156.23,2025-10-31
127,688498,源杰科技,-550131.14,-102.56,178177810.37,91.1980292326,125272006.62,8034984.21,17936140.96,-14056175.32,175253934.97,-5640630.99,-6132980.99,2025-10-31
128,688489,三未信安,14161863.08,-64.33,254663029.91,7.8135439446,62032603.05,87641391.61,33889449.88,-8658640.02,258635336.05,4075386.7,5003551.19,2025-10-31
129,688488,艾迪药业,-60941628.92,-87.754032773191,298875699.92,-0.8892309822,141037593.52,90535046.51,69857158.37,9543787.9,378752891.66,-77332385.3,-78499826.68,2025-10-31
130,688479,友车科技,59464152.1,-35.36,425778557.34,-15.8757485738,278676805.86,14501921.27,33168863.43,-8089030.8,389508570.75,58891962.04,60326965.47,2025-10-31
131,688472,阿特斯,1954902080.37,-31.17,34178266448.31,-12.6296084149,29066240967.29,788092278.7,1088017006.27,66469089.91,31747559230.75,2148591964.26,2254698079.31,2025-10-31
132,688456,有研粉材,40361127.16,5.75,2358396641.65,17.5259743609,2167977843.49,12429273.31,50351586.23,2137794.3,2326547722.84,44920383.2,44894949.2,2025-10-31
133,688443,智翔金泰,-546344400.7,3.853758187485,12487909.78,8875.4293546384,2419551.68,69214660.57,94442435.59,-44095094.5,561967745.73,-545808426.82,-546344400.7,2025-10-31
134,688426,康为世纪,-95651413.58,-169.09,98283588.99,-35.106895279,35820244.95,57046759.22,44836141.5,-4290862.96,207556331.22,-104752492.0,-104943331.37,2025-10-31
135,688418,震有科技,16606151.0,139.450440500395,576706151.77,11.429587738,291549547.67,77071856.81,63057197.17,16423544.31,582750750.34,18023498.34,17243958.45,2025-10-31
136,688411,海博思创,313421446.03,77.36,5197683632.35,20.3969537799,4189932788.13,199109269.67,142152914.8,6973198.03,4745956795.36,348225173.44,345152299.69,2025-10-31
137,688409,富创精密,189732352.52,43.72,2314895117.07,66.5351490558,1648571443.37,42561014.52,264713672.26,28899981.91,2161213718.59,211876288.75,201368065.18,2025-10-31
138,688403,汇成股份,100840783.7,-29.02,1070072356.46,19.5169460666,844318004.46,7117311.15,51721845.25,10772729.35,980749879.08,100784110.69,100763866.39,2025-10-31
139,688401,路维光电,121059851.86,11.73,602565594.93,25.0740751639,394724381.63,10591331.41,31256562.67,10328720.8,477375565.55,138352142.54,138621133.15,2025-10-31
140,688396,华润微,499305653.52,-52.72,7471668387.31,-0.7744422719,5443844915.84,119092076.12,400120728.96,-118896647.33,6794077665.57,537743045.48,545360799.73,2025-10-31
141,688391,钜泉科技,71493703.46,-39.53,449268523.8,-5.6710878488,253770862.57,3467645.19,29825063.34,-935379.91,423393847.36,63857008.97,63945528.6,2025-10-31
142,688386,泛亚微透,66614654.86,13.22,352345641.49,22.0927750511,182543447.95,11983321.65,40331223.64,3119216.41,259210249.52,84243788.31,84025102.61,2025-10-31
143,688383,新益昌,69468302.6,23.68,769515437.18,-6.671559587,518691347.61,48738446.98,38957965.38,15554133.21,695455241.67,75453344.45,75266073.73,2025-10-31
144,688381,帝奥微,18331427.87,-44.59,410027659.71,38.6087752729,226785593.12,30653736.46,44830364.52,-2492238.63,438017080.5,9419786.03,9206989.28,2025-10-31
145,688379,华光新材,78630537.71,110.48,1371210673.79,30.4548382884,1164378933.72,15186351.69,33268795.36,25679081.16,1285663603.16,86596757.19,85979039.22,2025-10-31
146,688378,奥来德,101251083.26,3.6,463790658.79,11.892638784,226245107.95,9922443.04,73654988.11,-3649029.96,401510312.79,107498063.86,104115949.98,2025-10-31
147,688377,迪威尔,63814867.21,-48.61,794576489.98,-15.1131055454,643695387.49,14265776.4,34228217.07,229303.61,729180864.64,72673644.15,77007966.34,2025-10-31
148,688376,美埃科技,148560252.5,15.17,1202194353.19,12.1566376661,834663092.19,74102127.62,59149499.31,7174313.44,1038782860.6,165991147.02,166608858.74,2025-10-31
149,688361,中科飞测,-51885433.35,-165.58,812429412.28,38.2115199634,424947475.55,67164889.21,103840835.72,1471584.61,934355507.62,-52557790.81,-52454293.01,2025-10-31
150,688360,德马科技,116781120.3,60.66,1118191005.1,20.1260994324,785456292.68,39658762.88,85435195.38,4804338.87,993711801.15,128020639.16,132530013.53,2025-10-31
151,688356,键凯科技,32653746.12,-67.5,185726750.89,-23.9675653023,59607318.87,4904925.51,39855867.15,-1686963.81,152853628.1,35545460.69,34933524.4,2025-10-31
152,688350,富淼科技,23370783.44,-46.49,1172582357.7,-2.3821100797,1013887835.57,38665568.35,44694929.73,4042056.92,1161154770.69,19841350.24,19504466.28,2025-10-31
153,688349,三一重能,684845000.0,-33.55,9068000000.0,21.0631609794,7660125000.0,406261000.0,394481000.0,-106756000.0,8994734000.0,766301000.0,767556000.0,2025-10-31
154,688348,昱能科技,149458133.75,-17.14,1533280889.02,58.3133994085,1033912324.62,99409095.69,59368947.17,-2991373.93,1278388673.07,203495245.62,200540354.16,2025-10-31
155,688343,云天励飞,-425300097.14,-42.552118014129,482973313.02,112.5187292237,410733364.21,120797853.43,157976149.2,-4923434.64,949654473.13,-423135314.44,-423334454.36,2025-10-31
156,688339,亿华通,-258150402.55,-33.723072717582,316608045.88,7.925956078,264769099.74,43044757.1,163756092.85,6606635.44,550960031.61,-347470985.51,-346410693.87,2025-10-31
157,688331,荣昌生物,-1071426638.9,-3.962870140276,1208874280.23,57.1047325952,244744865.1,622700750.52,234621471.72,49497523.04,2316244667.13,-1055861790.96,-1071426638.9,2025-10-31
158,688330,宏力达,148809303.94,32.76,698300814.93,9.8372350588,361755033.6,36437725.93,37946002.83,-5374575.39,471404713.85,171489979.56,171384089.89,2025-10-31
159,688323,瑞华泰,-48670684.74,-534.332750642102,239139268.85,14.6776411047,195768114.07,4968569.39,34416982.56,26255026.69,290926388.49,-49767277.94,-49645070.85,2025-10-31
160,688321,微芯生物,-51084939.83,-147.26,481115043.66,38.0178527871,59774529.51,236830428.49,55554857.19,13933758.52,519910892.74,-44897880.57,-44890516.29,2025-10-31
161,688318,财富趋势,144013968.9,-27.33,210278817.37,-15.4272720704,37768646.38,4688298.03,6482712.35,-19074650.72,93889310.39,163233036.7,163091951.21,2025-10-31
162,688307,中润光学,37651098.33,192.35,318981499.59,35.7020884602,210253089.06,8172032.38,35789942.37,-7227055.25,282527442.59,39732960.37,39657409.8,2025-10-31
163,688302,海创药业,-154071432.93,35.276512864387,109734.51,,96520.22,8060379.44,31408401.17,-6079156.86,167129902.63,-154060475.22,-154062546.43,2025-10-31
164,688301,奕瑞科技,390141696.66,-9.88,1356169734.2,-2.9132551078,629415953.25,61721938.49,80870492.92,-3309184.5,1025102401.94,416117101.45,416354141.25,2025-10-31
165,688298,东方生物,-262156256.43,-262.17,657613863.02,0.8344436898,429479876.84,115645578.78,301544840.3,-45920433.5,1015757409.45,-282546252.62,-277687025.51,2025-10-31
166,688297,中无人机,-82749235.05,-134.07,369358799.77,-71.9752504492,272168718.03,11459285.69,72918573.88,-47499548.53,454767650.64,-86721664.84,-86656664.83,2025-10-31
167,688296,和达科技,2586251.69,114.95,298033335.6,47.9082129171,190270124.07,42332653.34,29764366.89,-1816844.61,308893552.14,-5279222.43,-5341228.68,2025-10-31
168,688289,圣湘生物,195427005.64,-34.8,1032580636.67,63.2426573008,232314189.76,342156718.12,176534426.64,-60263217.57,888194458.51,208644648.72,200205817.36,2025-10-31
169,688287,*ST观典,-60805588.6,-251.08,74260632.56,-56.2787326795,65627323.99,9298430.23,21301720.85,-6766180.94,122861421.34,-62112136.55,-62942291.89,2025-10-31
170,688280,精进电动,-386422297.56,-16.03,919092612.48,47.5122021809,950351019.92,27061707.48,123650123.37,23124803.21,1247921711.01,-382191996.69,-378225457.6,2025-10-31
171,688276,百克生物,244369819.42,-26.19,1026012316.59,-17.4696083759,148820498.48,380401013.16,80829231.42,-3242019.88,731232689.54,283707576.25,279353732.77,2025-10-31
172,688275,万润新能,-597775359.39,36.986985927176,4852198300.82,-51.484022257,4824973032.55,33732321.26,228277902.23,162179760.44,5475886129.01,-698754654.56,-698286936.76,2025-10-31
173,688272,富吉瑞,10972101.33,116.424556528742,230396995.98,77.5955444201,134938191.03,8442819.56,31516587.92,1531692.76,213647191.17,10500920.99,10349155.43,2025-10-31
174,688268,华特气体,132673354.42,9.09,1058494332.72,-6.2593060525,721094799.64,70416244.87,61401583.97,18094934.02,912375823.28,159715533.43,160278148.81,2025-10-31
175,688266,泽璟制药,-97902983.29,51.554619610486,384117191.62,36.1611661717,27024454.43,189668174.67,41035357.09,-21762291.65,509620185.43,-112548101.52,-112602724.53,2025-10-31
176,688260,昀冢科技,-79717683.0,-23.57581015559,414014067.6,7.6685639202,346888571.27,20689065.23,45873345.67,27484763.4,529397137.09,-95390795.48,-94945132.89,2025-10-31
177,688253,英诺特,244605662.28,182.65,520820403.02,87.0527887948,99199929.12,55547509.4,32308717.43,-3925004.0,247200900.72,283126556.1,283190007.07,2025-10-31
178,688252,天德钰,191991725.59,156.55,1483849476.18,79.5719197137,1166564388.41,30430582.1,21312749.34,-37525747.44,1307458748.94,203527907.13,204180293.95,2025-10-31
179,688248,南网科技,279671955.65,74.95,2109545613.11,29.0523139066,1461994010.73,66387138.3,156064903.3,-12925192.97,1819865182.06,316233702.99,316254630.15,2025-10-31
180,688247,宣泰医药,92572974.72,110.0,362608213.87,69.9478956828,176822016.82,6836662.01,27716639.75,-3385441.88,266457899.41,102768011.67,101937503.29,2025-10-31
181,688239,航宇科技,147462881.48,-11.7,1412843910.57,-17.4407472999,1001876263.7,24387889.06,77228849.87,20065645.28,1192215263.88,173088237.38,172682107.01,2025-10-31
182,688236,春立医疗,61151445.55,-66.14,508283661.62,-35.8353727817,156043170.05,163464944.14,31357332.9,-7085488.09,449469327.29,65450654.17,66164634.16,2025-10-31
183,688230,芯导科技,82623939.5,28.66,254173556.26,13.6503845238,163661602.94,6199182.36,14247325.54,-1311856.44,210258879.22,89712647.88,89742260.39,2025-10-31
184,688228,开普云,-16082742.22,-5.253118661837,229381585.32,39.410063662,123890227.46,33243368.63,66802692.61,2221913.54,287457928.2,-43088386.73,-43581969.92,2025-10-31
185,688223,晶科能源,1214955566.32,-80.88,71770237652.2,-15.6603176559,64823858696.23,1470027316.1,2340694824.1,653789804.29,70275172630.59,2477866611.29,1629820874.01,2025-10-31
186,688221,前沿生物,-193457754.17,20.212532718319,91643894.39,26.8975818956,60953794.67,47921544.66,52388599.62,7779475.43,282018728.06,-193195084.43,-193457754.17,2025-10-31
187,688220,翱捷科技,-412467732.35,3.250369489221,2539638300.17,37.7174116922,1943862189.37,22930936.41,99597922.93,-25696067.59,2946699399.97,-384265089.0,-383816769.84,2025-10-31
188,688218,江苏北人,7296484.41,-80.71,345997199.76,-34.5517153016,268667758.85,7760284.72,40412769.18,4711749.95,354398163.08,1642325.14,1868969.14,2025-10-31
189,688216,气派科技,-60902138.33,39.77033529038,495452057.71,22.1864752979,503679256.48,13118679.02,28882679.69,10394570.71,597220490.1,-77280907.0,-77886248.3,2025-10-31
190,688211,中科微至,-11891605.33,37.34153325935,1800821114.2,84.5364730331,1389396280.92,96225240.51,110589221.46,5060718.64,1736813679.24,-26628249.31,-25976052.96,2025-10-31
191,688210,统联精密,52056543.2,124.3,592003608.41,60.9100215218,352180556.51,7059947.23,56721855.67,4296038.46,498006720.16,70406695.24,69119626.45,2025-10-31
192,688206,概伦电子,-57164669.97,-99.342833724618,279139681.71,25.7372279668,27197925.45,67561798.99,44629726.95,-12637564.97,316228440.88,-57509862.5,-57580097.04,2025-10-31
193,688202,美迪西,-128675088.23,-211.99,801725512.27,-32.2403388948,743448417.61,60839567.72,80854532.55,-2519943.6,956515797.05,-160506352.85,-161891596.84,2025-10-31
194,688198,佰仁医疗,58693362.23,-16.56,292324016.69,13.5719448688,33427904.06,81737233.26,22407154.06,-3764513.44,245184032.93,59170245.08,57045967.19,2025-10-31
195,688197,首药控股,-159978134.87,-17.587482047626,3800000.0,-24.0,,,16855019.56,-4992078.67,175955688.19,-159978134.87,-159978134.87,2025-10-31
196,688196,卓越新能,92353963.31,-39.66,2974236093.16,17.189478915,2868225257.38,31253161.45,34857686.46,-34555261.95,3017958871.7,94959178.69,93579752.26,2025-10-31
197,688193,仁度生物,4671196.93,155.987881894909,130643714.19,11.5675506988,25620656.61,63481069.09,21655552.53,-5659181.36,135834212.99,4503312.74,4488085.74,2025-10-31
198,688192,迪哲医药,-558460529.94,32.630338941982,338451000.0,743.9669446218,7696980.46,322538660.25,116388159.08,15863566.73,1031763876.35,-651046906.08,-649643945.08,2025-10-31
199,688190,云路股份,262855975.07,10.33,1388113908.8,6.5429269078,960789726.71,35849615.09,28780036.31,-2815433.7,1122320456.6,289649060.25,293699648.48,2025-10-31
200,688189,南新制药,-57215916.93,-8895.45,251110585.69,-55.3230797074,98540854.18,64474681.29,28405688.91,-773489.63,221340831.77,-66812480.05,-66069469.08,2025-10-31
201,688187,时代电气,2454223730.0,21.82,16393523464.0,15.3322661651,11592406966.0,330470096.0,682033959.0,-149251489.0,14119476660.0,2809706680.0,2833324692.0,2025-10-31
202,688184,ST帕瓦,-440364091.48,-2135.8,777185213.6,-2.5158533813,915036547.71,1594366.76,38669849.4,-6171270.59,1019896375.51,-461094906.52,-461472594.58,2025-10-31
203,688173,希荻微,-195459042.56,-1311.5,345025131.57,32.0954406584,229309032.52,48512403.3,72087218.72,-11518193.05,530392268.47,-194488887.96,-194496559.08,2025-10-31
204,688172,燕东微,-122057988.61,-135.08,988437324.88,-35.1450239413,840972807.26,28565109.47,137386229.86,-50609111.84,1204094666.88,-200701960.75,-203336911.69,2025-10-31
205,688171,纬德信息,5208486.09,-65.03,63341728.62,-23.7527065987,38191585.41,8953408.13,5855307.36,-3398397.85,57963013.49,5266856.11,5266211.2,2025-10-31
206,688169,石头科技,1472198842.0,8.22,7006608107.0,23.1688355786,3232675734.0,1563515910.0,233212537.0,-115368873.0,5614332900.0,1490401973.0,1497213881.0,2025-10-31
207,688166,博瑞医药,177408752.96,-7.5,976825695.67,6.7711610544,410241469.76,56240619.67,84725762.7,29686342.68,798339394.77,168350913.52,168076343.14,2025-10-31
208,688165,埃夫特,-105427844.56,-93.913570599619,1017866207.38,-28.6118215602,854787225.15,78772441.25,112374556.19,22362122.36,1150226828.56,-106652521.0,-104207424.16,2025-10-31
209,688161,威高骨科,164293158.99,34.66,1083278467.47,0.0694229888,382759040.67,371892305.06,64551696.77,-13455015.59,909362061.83,200609987.86,200056995.16,2025-10-31
210,688158,优刻得,-165282661.57,41.755411917583,1094060664.22,-0.4659333422,880178096.48,118828105.36,87478691.0,-8212277.08,1231035276.01,-157488226.11,-158717829.52,2025-10-31
211,688157,松井股份,71232885.66,32.89,526826703.65,26.9067408341,262757747.92,57412723.82,50831225.07,1716015.47,451458022.51,80037320.96,79818378.69,2025-10-31
212,688156,路德科技,-3444028.64,-113.07,222090558.75,-4.1345237371,154533672.35,15844825.97,36811591.0,5870760.77,225754641.74,-10466029.09,-10561786.27,2025-10-31
213,688141,杰华特,-507026657.69,-39.315179264911,1191609043.88,18.6239564879,857563600.84,88604062.42,91132708.14,18515165.79,1547002686.74,-510382745.66,-510494115.33,2025-10-31
214,688139,海尔生物,309141846.32,-13.45,1782020224.83,-2.4266804132,917519524.02,211737388.26,133850540.5,-33895472.64,1468536204.53,340804804.26,342418496.53,2025-10-31
215,688138,清溢光电,120461836.72,27.3,826752506.1,23.808669748,582600552.96,16818719.69,41268330.21,18618951.98,702778551.34,141201926.97,141307031.05,2025-10-31
216,688133,泰坦科技,9707939.64,-86.49,2125522640.39,3.4888885663,1709644350.11,147638158.15,108641625.39,25528747.68,2113813013.83,13383725.83,8878425.22,2025-10-31
217,688131,皓元医药,143347970.22,21.31,1619063344.9,17.6547509379,848692363.99,153373226.19,175472795.0,24666283.05,1383328088.18,157760861.72,157832706.43,2025-10-31
218,688130,晶华微,-7157997.6,-260.34,96738970.27,3.3306764299,40361480.05,7659744.62,23235420.42,-2124913.5,119742999.78,-7011961.65,-7157997.6,2025-10-31
219,688126,沪硅产业,-536462707.25,-352.4,2478562227.86,3.6983308102,2697154402.23,55600619.74,207649635.43,78570823.0,3259957321.08,-719376908.93,-720377356.02,2025-10-31
220,688125,安达智能,-9378781.57,-129.93,544767791.7,68.1399798527,294928592.45,115149152.07,57040576.79,-18467681.43,550757665.36,-23508454.38,-23672694.1,2025-10-31
221,688121,卓然股份,34119616.17,-40.99,1927187940.64,10.382377156,1572223812.69,24326755.21,126480287.25,35943743.35,1856618943.75,38533615.24,38024380.9,2025-10-31
222,688120,华海清科,720702833.04,27.8,2451543658.03,33.2162875994,1397282936.62,79575955.55,125024151.25,-17089070.68,1861996159.79,813638507.27,813820869.31,2025-10-31
223,688119,中钢洛耐,-5970936.07,-107.43,1639928188.48,-17.8068500139,1376095879.79,42096543.43,105751883.2,5012091.26,1639985766.82,3738585.66,3973225.24,2025-10-31
224,688115,思林杰,4932987.43,140.750583767643,115452967.16,4.7023001296,48602355.38,11847567.49,31825471.15,-5260334.4,121567758.3,2298232.08,2068264.67,2025-10-31
225,688108,赛诺医疗,-10915893.04,73.851796496844,318486443.24,30.197961206,123276333.08,55039586.14,65686835.82,3108418.68,355578619.17,-17123825.84,-16724190.2,2025-10-31
226,688106,金宏气体,210466898.82,-18.72,1857706991.89,4.3709293179,1242990346.88,148488298.16,156844468.84,25001248.88,1656200403.5,263675399.58,264590167.88,2025-10-31
227,688097,博众精工,253843640.01,10.61,3274319320.3,0.9107554934,2135486931.16,244724306.53,173208562.08,53727816.97,3009692624.4,263294742.54,262781225.58,2025-10-31
228,688096,京源环保,-9733368.56,-149.65,274720074.29,-8.2329111694,198226702.88,10502636.57,43692570.67,23748651.98,298293194.51,-9401936.21,-9500218.46,2025-10-31
229,688092,爱科科技,50051891.88,-4.12,323536710.98,25.5278326777,182584772.92,52866300.41,18656165.48,-5862742.37,273215752.31,54837615.26,54888215.85,2025-10-31
230,688087,英科再生,194568839.16,24.91,2231451496.15,22.3035211644,1659150019.25,96281341.4,151950187.15,4056117.14,2014808415.75,214721515.56,213874198.81,2025-10-31
231,688081,兴图新科,-42325926.05,-4.536185863747,69118232.44,-6.535246069,28740041.25,27504015.76,33966156.3,562101.44,117419903.24,-54170129.53,-54181309.07,2025-10-31
232,688079,美迪凯,-64437774.86,1.068729669455,341670247.32,41.8823165169,270398844.06,3896954.52,32817179.04,15770512.34,404372868.74,-82139158.92,-82664262.14,2025-10-31
233,688075,安旭生物,135783697.44,-27.33,403268418.25,27.559932677,233453244.12,33962155.78,35038148.2,6622765.86,390136270.04,144005689.94,144006562.9,2025-10-31
234,688072,拓荆科技,271284793.17,0.1,2277814834.87,33.7918037738,1371733807.75,180664440.76,123361649.77,42656790.95,2206302913.18,254164460.66,253991080.86,2025-10-31
235,688071,华依科技,-29379233.9,-575.15,296637362.66,22.4826243759,203940699.36,14339155.93,53742454.95,32318094.11,341468361.89,-45022019.48,-45084943.6,2025-10-31
236,688066,航天宏图,-221801113.23,-447.704964541934,1344875349.01,-15.2283853664,962226543.19,121528047.78,211180566.52,89896227.89,1606893451.7,-234951145.99,-235289882.7,2025-10-31
237,688065,凯赛生物,345177417.97,9.97,2215083356.3,41.494569106,1501857748.48,40539936.22,131707996.74,-63598479.49,1806773748.37,389098019.4,387371747.02,2025-10-31
238,688062,迈威生物,-694090343.42,-3.089892258506,141095928.06,41.7887304263,10638096.49,168466717.93,158902611.01,22740778.95,844467620.3,-692034701.16,-694111078.54,2025-10-31
239,688060,云涌科技,4149254.86,-2.47,175930133.46,12.9534559436,107715284.84,12767390.1,12483439.17,-116698.03,179414046.72,1676845.35,1676884.39,2025-10-31
240,688059,华锐精密,77056396.02,-27.06,584515170.55,-0.5169252374,352789388.84,28366644.56,27075020.84,27390524.28,484594262.96,88111785.23,87887289.18,2025-10-31
241,688058,宝兰德,-54854157.27,-4460.19,202374448.65,-5.4796413788,14142692.89,123786494.36,55182560.36,-1550795.46,260164637.62,-56352044.83,-56081716.85,2025-10-31
242,688057,金达莱,108028161.86,0.26,308042442.83,-16.7462021547,119083833.48,24306242.98,33851203.02,-31526847.33,173799715.35,118803588.68,121698412.59,2025-10-31
243,688053,ST思科瑞,1715067.11,-96.61,99252476.83,-36.8846917198,58020543.36,13047591.35,26204817.6,-1183125.77,115290060.49,-2724042.68,-2931474.64,2025-10-31
244,688052,纳芯微,-407703477.74,-62.520820660414,1365982392.11,36.4868269482,912394731.91,135085255.15,215537439.31,-17603539.91,1743996758.2,-409102122.77,-409642705.99,2025-10-31
245,688051,佳华科技,-31367360.38,65.013017784628,239005541.51,10.1574570725,179710610.34,16560187.06,48025134.22,1239407.06,285241326.4,-30068050.0,-30352769.88,2025-10-31
246,688037,芯源微,107638808.01,-51.12,1104608445.34,-8.4437787008,697859397.89,61054069.53,159268563.5,11163273.52,1131226214.32,118514600.61,121577354.32,2025-10-31
247,688033,天宜新材,-587201934.14,-348.36,639186694.39,-63.8229220539,816684187.57,23098716.96,101250039.8,54063363.27,1085195005.76,-644238147.26,-643533576.53,2025-10-31
248,688031,星环科技,-292926439.8,-9.000747312,209535215.72,-5.9430012916,113579918.97,155234087.05,95217477.29,1757696.7,533643380.97,-293602021.36,-293458565.26,2025-10-31
249,688026,洁特生物,50156789.96,259.26,390816368.3,18.5552851268,235334231.66,20852942.24,28509529.84,16783859.1,329050630.04,60886788.8,60758680.47,2025-10-31
250,688025,杰普特,103285527.67,23.05,1069962356.44,18.4082369579,639879333.3,74829621.37,87338982.72,-5480902.79,930967254.8,108704064.86,107295822.12,2025-10-31
251,688017,绿的谐波,58832909.64,-18.85,275955021.41,8.640041811,166870363.54,9674048.4,14428106.02,-913081.7,228758064.16,66088777.68,66077046.55,2025-10-31
252,688008,澜起科技,978077107.79,318.42,2570870287.06,68.5632418412,1076804909.59,69264715.54,121869125.86,-195073249.12,1629531145.7,1041797863.09,1041702233.09,2025-10-31
253,688007,光峰科技,42946596.63,-66.59,1719599203.83,4.1784006521,1203834570.85,147640633.45,114716404.94,830662.69,1645518069.72,39793514.97,39080264.35,2025-10-31
254,688003,天准科技,-13667701.04,-133.292388345563,851091088.77,-3.1467656948,519175700.32,119717440.66,65598975.47,5954034.39,888520591.12,-42530492.1,-41264065.91,2025-10-31
255,688001,华兴源创,-51128553.95,-126.79,1276388907.29,-4.5719795871,665618791.61,169771979.88,205329647.01,21086895.78,1368742883.89,-54065529.92,-56803488.0,2025-10-31
256,605598,上海港湾,108870999.67,-24.48,944172260.82,4.7818298896,618497273.41,6551290.08,159909167.91,-4160477.93,809520282.11,140527728.05,137722056.03,2025-10-31
257,605588,冠石科技,11720277.68,-75.38,996391017.82,53.0886640322,890494714.47,12322374.92,35412771.97,11482441.05,996186315.66,4782153.26,4735249.73,2025-10-31
258,605488,福莱新材,70090629.73,22.08,1775510144.1,14.2128231518,1509046696.49,43575670.27,76189362.15,14010754.5,1722827534.22,62563251.58,62938590.7,2025-10-31
259,605399,晨光新材,45867775.23,-39.86,872524858.18,0.0365564965,746880780.86,21905739.46,57433841.72,-20022162.71,849300778.79,54687590.36,52385146.16,2025-10-31
260,605378,野马电池,116875611.59,52.76,950469212.33,24.2945176278,746355478.83,17130201.8,33296158.84,-3787646.0,824758999.21,134635212.27,134585786.61,2025-10-31
261,605368,蓝天燃气,451560055.17,-9.68,3581371481.25,0.876465205,2816984315.53,26922783.31,117305020.19,28457984.89,3000748866.47,593950253.2,593850917.14,2025-10-31
262,605366,宏柏新材,-14061868.79,-127.27,1064889764.76,3.7304068845,953621037.82,19618310.02,63818045.09,25444010.17,1100387739.67,-21639546.48,-19525336.49,2025-10-31
263,605339,南侨食品,150286446.99,20.05,2304848520.95,0.6582702518,1740884226.96,191631101.2,138028424.84,-29424944.88,2135761091.15,181813419.89,181652664.6,2025-10-31
264,605338,巴比食品,194386315.52,25.68,1210499106.15,2.036105025,890924315.41,53507352.96,94191411.37,-24263205.22,1032865509.51,246454312.5,259935999.11,2025-10-31
265,605303,园林股份,-65509521.79,36.607672894192,488621414.45,7.4377996034,428444999.28,10533146.08,65168845.03,-2173182.29,512304109.77,-70670910.35,-70793782.67,2025-10-31
266,605288,凯迪股份,71082075.67,-19.71,893292180.67,-0.5673072426,674775583.81,46749605.01,51099634.31,-20947916.7,810352504.11,80779104.56,79667497.75,2025-10-31
267,605287,德才股份,78421280.69,-46.57,2966339237.28,-24.4515870487,2537250721.66,19175496.01,127193048.99,77343521.72,2833939079.89,103292001.03,108139147.84,2025-10-31
268,605268,王力安防,80508402.7,-15.67,2087277626.02,9.2715556658,1550764115.47,256364319.95,82738163.82,1772452.25,1970933174.42,106354695.16,104420721.55,2025-10-31
269,605199,ST葫芦娃,-117548926.75,8.24,1032589239.77,-19.2009757953,515659553.54,420817829.69,82616650.04,20186975.29,1186983292.11,-110840216.32,-111010318.25,2025-10-31
270,605179,一鸣食品,36906321.62,4.13,2057972296.45,5.3890074001,1449125247.25,396797219.21,112556144.72,8880750.53,2015003892.99,50425139.37,44254423.98,2025-10-31
271,605177,东亚药业,45169152.65,-47.21,963019242.47,-4.1288434898,703230309.84,10982915.66,127438407.37,-3252153.85,914079555.24,59868174.99,55452714.72,2025-10-31
272,605169,洪通燃气,164910266.52,52.21,1959796707.78,54.2126580839,1621333497.2,77218208.09,57155720.25,6522594.57,1771392098.18,191505775.1,190856820.69,2025-10-31
273,605168,三人行,181659515.74,-43.15,3084629909.71,-20.6123645879,2544188370.01,233760940.66,45205731.36,11840470.53,2877219789.71,201433487.39,199718935.83,2025-10-31
274,605167,利柏特,200286896.61,27.73,2590160591.44,8.7339641512,2136164414.68,15740801.1,109565710.84,4085009.32,2342119447.26,245420092.77,245362050.06,2025-10-31
275,605116,奥锐特,283794989.04,22.04,1088322409.18,17.9716836831,454669647.62,89328569.25,120695788.47,-11853382.66,764635750.47,326077392.08,324581592.06,2025-10-31
276,605099,共创草坪,393615443.22,11.75,2259058359.91,17.8880486896,1577650974.83,103876669.3,82880440.87,-24633005.34,1814389195.77,432041556.33,430505066.16,2025-10-31
277,605080,浙江自然,162807781.08,21.81,790531638.81,17.7413246119,511492080.35,16847026.71,49856333.07,-985146.78,608301048.17,190006340.17,188638273.35,2025-10-31
278,605069,正和生态,3979715.29,102.190233467058,246042246.52,78.2806087339,180951405.59,13300763.26,67093498.16,7262520.16,283633547.0,4184788.67,4024351.25,2025-10-31
279,605066,天正电气,103853820.51,-30.09,2200888367.79,4.7256118083,1638464250.42,229802207.18,113912163.04,-12811487.06,2098088096.83,124568462.99,111241911.46,2025-10-31
280,605056,咸亨国际,96789232.55,58.81,1989147781.58,18.8172583601,1433987060.41,215544596.75,172660599.35,-5581475.39,1860424821.51,129745555.76,128891831.4,2025-10-31
281,605055,迎丰股份,28620758.45,10.95,1136367102.64,2.8100733074,961054068.69,30453357.51,55394936.94,16888573.61,1127010492.37,24588027.11,23978483.97,2025-10-31
282,605050,福然德,202199560.33,-31.26,7838341141.14,12.5427565665,7467403238.14,27138871.44,45634794.38,5365617.24,7562632170.41,275394783.15,274889226.75,2025-10-31
283,605011,杭州热电,169042254.93,4.43,2596537798.81,13.6849645967,2292242245.56,3934636.1,73748689.35,5529582.01,2442391175.19,232059365.28,247653951.76,2025-10-31
284,605008,长鸿高科,102580235.28,0.32,2532705792.87,129.3245267291,2282023117.03,10491721.27,31946199.59,55881996.56,2465294602.23,118729253.47,119563763.01,2025-10-31
285,605006,山东玻纤,-110649498.02,-204.56,1487107594.08,-10.3752817777,1392913175.79,17140104.78,87431884.18,39539613.9,1627158640.39,-124146742.24,-122927752.87,2025-10-31
286,603997,继峰股份,-531936783.92,-445.020141187833,16906170366.14,6.067831322,14477400106.99,216911404.29,1705488838.03,328335902.05,17165871941.98,-529891995.07,-515389298.25,2025-10-31
287,603992,松霖科技,320723501.74,5.49,2191693754.15,-0.088172205,1418261113.71,61904607.73,206676597.79,-5497499.86,1864542498.96,356738043.14,353546646.17,2025-10-31
288,603989,艾华集团,198311210.19,-38.66,2965296255.42,15.1578314173,2336864417.88,113538996.54,109233647.28,27512962.27,2771247150.27,232252015.17,231022020.87,2025-10-31
289,603988,中电电机,-13619590.07,-229.52,429626886.75,-18.6269589736,327866827.48,26807851.53,30809972.26,-423224.41,405077740.54,-10943077.25,-10863018.79,2025-10-31
290,603983,丸美生物,238803261.67,37.38,1952334354.86,27.0687257014,495337723.68,1070923971.2,71245044.39,-12569735.82,1695030314.16,282138847.2,282160226.33,2025-10-31
291,603982,泉峰汽车,-380421075.95,-0.367978157765,1568904949.94,4.0819009503,1567136773.07,7123654.98,166760110.42,122252280.96,1981081985.96,-410081055.13,-434907078.84,2025-10-31
292,603978,深圳新星,-98170064.88,-51.135251467889,1850828338.53,67.8942547881,1772471814.73,4547998.12,49657607.62,56557698.47,1957616642.84,-95992977.32,-95938256.59,2025-10-31
293,603968,醋化股份,-93861589.12,-242.67,2198902945.07,-9.3345463957,2010765649.25,23357789.07,127191293.31,6865748.04,2244815413.87,-98532698.4,-98821274.0,2025-10-31
294,603959,百利科技,-170233912.02,-1288.8,776542020.18,-47.8203673332,722081895.08,26244152.77,98962035.29,11388844.53,929804061.97,-199920498.03,-201277213.45,2025-10-31
295,603955,大千生态,15318778.87,-6.26,73237232.7,-20.8497495857,56146688.82,2316625.84,32578285.63,-37431487.68,55988929.69,36372239.08,36186728.61,2025-10-31
296,603929,亚翔集成,439055228.12,92.12,4417732547.89,143.3071799144,3845564941.49,2247910.98,63418562.56,-5891998.43,3945872677.04,534123745.97,534766264.58,2025-10-31
297,603922,金鸿顺,-15568654.54,68.15,639979549.75,120.1929082291,589961526.28,8415006.72,35075409.02,346544.2,663424909.58,-18098871.13,-18223521.48,2025-10-31
298,603918,金桥信息,-72163717.77,-548.96,358208364.05,-40.5496434778,263108658.31,104890192.05,38364643.49,-2599386.09,434937944.27,-86763895.33,-87638919.0,2025-10-31
299,603908,牧高笛,92425137.44,-15.99,1080303106.61,-6.4879954047,771448525.38,87150135.32,86427474.34,-251284.89,974240740.05,117829208.45,117930768.56,2025-10-31
300,603906,龙蟠科技,-302925149.01,58.33238417578,5660690541.79,-12.8109449596,4995135293.44,115647648.4,279063604.64,185438141.3,5975477267.16,-304358380.87,-294591744.13,2025-10-31
301,603903,中持股份,-2312980.69,-102.66,647808855.83,-25.887251382,448717728.6,24520856.91,97130228.91,59117403.59,669647614.7,-19226905.78,-18907897.85,2025-10-31
302,603895,天永智能,-17891422.33,-317.76,394884827.0,-23.1968362926,317824752.05,9143489.6,36861484.57,13853530.15,414330642.66,-18273581.64,-18917567.57,2025-10-31
303,603887,城地香江,-96101708.12,-1524.6222595544,828416732.63,-36.8807497757,558147163.16,71760066.51,180881576.71,95999179.33,971737586.49,-92165793.67,-94548933.2,2025-10-31
304,603885,吉祥航空,1270943795.54,10.12,17491553320.48,10.149880728,14419805290.83,586282471.2,374385374.92,1022128075.33,16459802995.99,1597352837.48,1681476622.09,2025-10-31
305,603880,南卫股份,-13313055.06,-283.31,455062228.39,-3.2419653668,398578782.37,3809705.66,38732329.92,6448574.48,475581980.79,-9316700.04,-12089776.47,2025-10-31
306,603879,永悦科技,-33842980.44,-10.339994185594,262665841.15,10.8825337675,244729678.8,13522743.5,35861516.66,321195.9,302420925.23,-43099134.23,-43098956.48,2025-10-31
307,603876,鼎胜新材,224537919.35,-52.03,17615832075.22,23.7268395725,16037650468.57,128308407.75,195181867.83,46984423.2,17245410556.16,254232718.91,253844788.44,2025-10-31
308,603863,松炀资源,-104644911.81,-39.53,525101642.78,14.7388211352,558756804.25,2311701.33,46194448.53,20874321.8,645846073.89,-109492658.48,-105313266.34,2025-10-31
309,603843,*ST正平,-85999699.02,27.25,824089402.89,-29.4948087741,765270584.1,1982369.47,70966259.19,110505330.1,955532410.81,-96865407.38,-100767519.28,2025-10-31
310,603838,*ST四通,-8140675.51,67.010958380119,200985056.65,44.8265342316,177833858.06,8713738.02,24720160.84,-109519.6,223735865.02,-6969322.55,-7028625.54,2025-10-31
311,603833,欧派家居,2030852306.67,-12.08,13878713030.79,-16.2143591996,8945927658.27,1408675254.82,924875255.3,-251401545.3,11785160482.32,2381788438.23,2381876202.34,2025-10-31
312,603829,洛凯股份,83957505.02,8.08,1528591810.45,6.3663320567,1170430471.32,47972390.15,67375771.12,8671662.57,1379763208.19,141923714.84,140728299.14,2025-10-31
313,603828,ST柯利达,16937581.94,8.67,1709869337.91,0.6861124956,1505481475.98,7308351.89,79368666.68,48667902.91,1707379434.88,17284767.74,16474320.15,2025-10-31
314,603825,ST华扬,-224914743.0,-87.315611117346,1801396561.03,-58.8834556825,1526214705.91,269214302.26,74201396.68,36203684.03,1981444866.09,-225191807.32,-226862062.89,2025-10-31
315,603818,曲美家居,-145331578.22,29.42,2637486515.62,-10.0341396234,1760055447.48,534684823.65,269907514.88,151044036.83,2776506642.88,-183848788.46,-184751290.5,2025-10-31
316,603817,海峡环保,170912983.47,24.71,874700078.1,8.8329773364,508773023.43,430570.85,65411852.13,72247833.15,690573695.12,196149700.27,197753739.43,2025-10-31
317,603810,丰山集团,-24765681.39,-217.84,799799696.65,-20.4652045489,735568023.98,24854279.31,33315346.6,1392951.44,831464675.18,-30975810.08,-37485505.56,2025-10-31
318,603809,豪能股份,243368185.26,62.64,1688111245.8,26.5680459781,1121822880.46,12341026.76,81604520.78,67897411.2,1405760267.6,291353147.36,287868283.42,2025-10-31
319,603801,志邦家居,266177284.36,-23.8,3675178803.1,-6.4554257764,2321721227.26,639534188.71,225510191.14,2238910.58,3418870763.79,280239956.18,281982529.38,2025-10-31
320,603800,洪田股份,85143756.4,40.18,1061265800.13,-30.1770865844,824954725.18,12814993.01,57822806.79,16239383.62,951971053.2,117293730.67,117341523.88,2025-10-31
321,603797,联泰环保,166546958.71,-14.64,807259562.53,-21.414406331,303040430.77,,31896711.99,189191911.56,530384232.02,222867107.71,210351343.8,2025-10-31
322,603789,*ST星农,-78784197.97,-315.381002820173,193503824.38,8.4710379779,213442250.82,15098567.63,35289671.34,9593209.04,296456968.09,-83118660.74,-82875330.31,2025-10-31
323,603779,威龙股份,4317642.72,254.522718292128,303975000.03,13.4104695989,146262052.31,71365552.8,33549039.52,14231358.26,293567460.22,10016182.4,9661034.61,2025-10-31
324,603776,永安行,-29930027.35,-350.77,374404130.23,-8.7352542218,318901198.99,9355416.37,27189478.81,24072964.48,408779809.93,-19480585.38,-20853891.56,2025-10-31
325,603773,沃格光电,-49422339.49,-141.220319081286,1642750757.52,31.2872235565,1367734120.64,38367001.15,125632031.09,31156344.92,1661170925.15,-15637415.77,-16837816.63,2025-10-31
326,603768,常青股份,70604146.55,-38.81,2458006339.16,5.4832883906,2067378080.57,24833260.83,110972988.76,44088667.81,2375613481.48,75692467.71,75323472.12,2025-10-31
327,603759,海天股份,144579977.77,-16.89,1048923454.64,13.549492685,583535787.11,18146814.99,143846961.5,69353025.63,835499746.82,192683135.55,191636662.49,2025-10-31
328,603758,秦安股份,127899904.5,-37.79,1192958826.55,-1.6809914771,909103568.52,11719437.76,69439991.58,-12845190.78,1013586980.13,154480821.61,153873237.92,2025-10-31
329,603738,泰晶科技,84419704.37,12.25,617544534.63,3.688640968,465288378.87,12209527.29,37094416.06,-9952933.85,541691692.84,95715316.43,98340802.77,2025-10-31
330,603733,仙鹤股份,817020706.35,113.97,7261986679.52,16.8930771725,6060055913.1,23528027.21,114500518.4,171559894.44,6521206154.79,925379936.84,922749130.98,2025-10-31
331,603730,岱美股份,623031333.45,15.56,4803698201.42,8.9642432422,3446398084.4,84860838.72,325116911.17,11781194.14,4058246380.97,737742984.01,741795502.4,2025-10-31
332,603727,博迈科,94518408.5,209.799731660202,1758401959.76,31.2180134229,1495377985.04,14180607.64,44490793.26,-32019346.73,1619133183.97,99305149.61,99292752.99,2025-10-31
333,603721,*ST天择,-11352898.49,67.10008940468,242139797.53,36.8500716399,216136078.42,14114379.26,22853209.79,-1191013.77,261303656.19,-10510786.06,-9950381.0,2025-10-31
334,603711,香飘飘,17732507.46,408.98,1938145993.32,-2.0460256142,1266829284.76,534048216.46,170674084.11,-52482131.91,1968722740.04,7783616.78,6177570.61,2025-10-31
335,603697,有友食品,121253821.23,14.3,886771436.57,16.7700063493,620224643.19,96380249.95,32612940.17,458968.58,762024953.16,142278885.74,142915453.11,2025-10-31
336,603690,至纯科技,192861901.1,-1.64,2639233906.23,20.0390142028,1705373005.03,73217406.24,289262469.52,169441792.52,2403831251.43,225923901.84,225339575.49,2025-10-31
337,603682,锦和商管,37665847.8,-60.55,774764397.33,0.9371503198,562426426.44,31079066.17,56143720.02,139305913.32,795946923.22,-6269206.13,34743418.46,2025-10-31
338,603681,永冠新材,126997756.09,160.04,4525605717.54,12.2228541625,4135408466.83,44196124.68,77579731.41,39896433.11,4453443641.02,129847901.47,127157165.64,2025-10-31
339,603669,灵康药业,-46889888.23,51.450948342264,231030545.43,53.3400028088,131550413.16,75164260.53,64913652.88,-19037217.99,269783181.71,-52997337.55,-47702804.91,2025-10-31
340,603668,天马科技,69418312.71,180.710189917485,4498630296.46,-15.1103547485,3988532146.05,54538634.53,108686169.64,117771257.99,4366434604.9,102834146.78,101340982.51,2025-10-31
341,603666,亿嘉和,-80231040.15,7.252890963431,401015451.48,4.6872882782,244604598.32,38203924.02,78093924.0,11286848.56,452117947.91,-103357153.83,-103441830.02,2025-10-31
342,603665,康隆达,-63980352.19,-109.934494294927,986071965.25,-25.0208715753,748527212.47,46857002.51,96166166.56,51487980.14,985115968.58,-70641935.01,-71027427.26,2025-10-31
343,603662,柯力传感,190624727.24,-10.74,918764697.58,14.0290079935,520731287.15,57904874.74,66772737.9,12758283.89,744463686.69,232827911.31,232506445.17,2025-10-31
344,603660,苏州科达,-356146075.78,-9.976672731263,739579904.16,-34.7640400349,288956225.64,360869891.2,109978410.17,23968333.52,1148310585.53,-356725448.75,-354126687.54,2025-10-31
345,603657,春光科技,4717091.51,-88.15,1486294684.43,9.941958255,1313269890.29,13935341.8,84014073.91,200795.93,1467117737.08,12505122.33,11387101.61,2025-10-31
346,603638,艾迪精密,280586947.29,32.3,2038230415.19,26.5574895132,1451524486.38,54564519.29,76823795.98,26224467.8,1717383446.65,328366512.01,328023314.2,2025-10-31
347,603636,南威软件,-161603229.67,-133.62,362602773.13,-48.0456476927,242001038.31,75075944.25,147102576.25,12796039.45,566902832.19,-193574753.7,-194369057.4,2025-10-31
348,603633,徕木股份,70090812.46,6.62,1050342173.0,35.0686230302,811959171.19,26753260.06,49150753.38,25186695.33,975972706.21,77450793.47,76219096.12,2025-10-31
349,603630,拉芳家化,54635601.73,-28.03,669588336.38,8.6511890971,352257942.21,198129940.84,41404559.51,-11725192.87,614220423.8,61069750.63,60732391.87,2025-10-31
350,603629,利通电子,52700455.95,72.07,1490845713.4,3.3634844543,1184463187.78,16239421.4,144836130.33,38313040.26,1437848534.62,62913655.94,61941710.84,2025-10-31
351,603628,清源股份,97850731.56,-32.49,1319368356.63,2.7625778084,1017629735.18,82850983.4,47648093.18,17063847.91,1205109046.2,116675206.77,116057216.99,2025-10-31
352,603619,中曼石油,668489073.24,12.65,3051055887.38,6.8665393696,1594672338.44,40335419.91,168510509.48,184113280.36,2197704855.85,883455673.07,882317209.47,2025-10-31
353,603616,韩建河山,-41144900.76,30.35,398736790.8,25.6674652891,347029369.31,9920297.71,69263160.49,15992072.12,451740043.82,-47706092.66,-48066431.71,2025-10-31
354,603612,索通发展,216612026.81,165.269864992448,9919189682.73,-16.8551009754,8996965243.96,40201823.64,159525234.14,178612896.05,9557035089.12,417475908.0,410468511.61,2025-10-31
355,603608,天创时尚,-30762778.0,-62.428702298138,800667195.0,-15.234709778,295553059.0,398998913.0,83752328.0,14156649.0,826217570.0,-33278380.0,-32578020.0,2025-10-31
356,603605,珀莱雅,999209386.88,33.95,6966033360.37,32.722507095,2084884015.5,3231672618.81,272663396.32,-40014305.81,5744357919.86,1252071474.02,1252129174.25,2025-10-31
357,603598,引力传媒,19506387.82,-44.59,4432550767.69,28.4251622821,4236471646.36,72442144.04,55724889.26,5557645.0,4383342698.27,34470465.28,34939251.2,2025-10-31
358,603580,*ST艾艾,5839432.67,54.46,128922533.24,9.787247058,83631003.36,11002303.12,20679385.22,526299.38,125802416.81,4787461.36,4652639.59,2025-10-31
359,603578,三星新材,28029781.25,-76.68,700129300.27,-4.6443658234,564542562.35,11525453.76,64042077.76,12182744.31,688403016.27,21467723.48,19793100.41,2025-10-31
360,603577,汇金通,104879777.22,223.32,3235792316.21,14.9620273971,2794099309.95,39607662.53,44850897.08,101088467.46,3129005769.57,126348612.15,125207134.02,2025-10-31
361,603566,普莱柯,106272279.75,-40.67,761741432.56,-17.9639088832,280727218.47,209779102.29,84174402.5,-1479518.78,654447008.46,115585724.89,117116932.43,2025-10-31
362,603565,中谷物流,1108783203.18,-6.98,8443969221.71,-9.1018605486,7320427010.78,19882608.34,157605047.14,133980195.22,7659210975.12,1486238903.33,1485283169.98,2025-10-31
363,603557,ST起步,-55926282.18,80.199309536158,178286681.51,-16.2745812639,96608769.11,27775870.07,42341663.92,12655552.46,194399447.86,-60258560.58,-56165799.4,2025-10-31
364,603536,惠发食品,-28245087.66,5.71,1302734993.98,-0.1230775148,1074499920.22,99493263.38,116809642.76,14804167.55,1329294855.5,-29438932.01,-29046893.56,2025-10-31
365,603533,掌阅科技,-36830280.53,-203.79,1913238044.8,-2.5544902881,536455567.29,1204909359.84,91822733.82,-17070854.94,1987969272.15,-32101738.14,-33490462.44,2025-10-31
366,603528,多伦科技,41995584.51,614.66,422960483.33,-0.8501080757,278153993.85,49090386.44,67821561.06,742758.68,443641291.59,36334638.41,37288651.07,2025-10-31
367,603520,司太立,8975834.34,-77.17,1804516999.71,10.6453500014,1417626327.3,93804798.59,93385668.07,72390882.13,1788673172.02,16523293.42,14802771.31,2025-10-31
368,603508,思维列控,327694185.24,33.98,905778183.64,23.8299129575,330098089.27,53993480.74,78875786.38,-31231579.82,537674523.03,400301374.1,394221363.75,2025-10-31
369,603507,振江股份,164842226.87,30.28,2892405746.93,6.4641456221,2275209406.15,35767151.7,114269097.93,105495373.21,2641656971.61,199699986.2,204150776.97,2025-10-31
370,603500,祥和实业,38687141.75,-28.43,498497287.45,11.2075093176,373605401.8,4284510.58,34979643.4,-5174253.61,443569461.14,47528416.98,46430365.4,2025-10-31
371,603489,八方股份,51257231.34,-57.47,1012726562.66,-24.908214252,776221413.59,42815206.14,91853587.22,-18476948.97,969053275.38,47007704.93,47910604.83,2025-10-31
372,603488,展鹏科技,-13655735.74,-124.22,236735196.74,-34.0874577458,199391510.1,9176516.29,33212040.97,1337247.52,259451926.38,-22526648.93,-22431704.5,2025-10-31
373,603458,勘设股份,-93633891.02,-222.18,924681260.36,-28.230542355,679100763.98,36089645.82,120825404.77,40568309.84,934373697.82,-104383698.63,-106771515.54,2025-10-31
374,603399,永杉锂业,50715523.4,125.899004068701,4738679746.01,-23.7055806617,4566881881.71,5817498.34,46913408.28,27692338.53,4693603694.46,78096992.01,80725656.13,2025-10-31
375,603389,*ST亚振,-53373078.99,27.095489361001,151949953.53,1.4001931467,97451483.35,49163004.09,41136510.19,4980270.75,202752496.35,-55230119.75,-55669444.8,2025-10-31
376,603387,基蛋生物,175418840.09,-23.42,879824587.76,-12.1020980634,268955795.91,211870182.7,66311847.95,-18054615.4,676679065.46,203960229.57,202525792.15,2025-10-31
377,603378,亚士创能,-18599739.88,-122.97,1724471596.08,-27.7948608336,1325222252.4,191404628.9,113748686.9,82526428.08,1788571613.59,-43813655.04,-39790597.94,2025-10-31
378,603377,ST东时,-109477299.07,-691.32,657465159.86,-19.5409900179,426570388.01,30398576.18,221921488.78,64827569.24,764011057.78,-129144957.08,-131864388.24,2025-10-31
379,603373,安邦护卫,86092052.04,14.84,1931342474.54,10.5581773246,1462420809.6,4199043.2,170955154.12,-11771844.13,1657177281.03,260074654.92,259465526.37,2025-10-31
380,603369,今世缘,3085799149.86,17.08,9941582189.34,18.8451341173,2557890304.72,1525724758.44,326715021.13,-89378247.3,5849900926.1,4121748142.35,4113026946.1,2025-10-31
381,603358,华达科技,200167053.28,-23.61,3537931760.5,-2.4859114856,2943389582.74,39666838.16,125071276.06,3675074.25,3258963419.22,282975204.01,281637994.04,2025-10-31
382,603357,设计总院,314508273.21,-16.07,2293684491.79,12.6652085179,1579032100.46,58219802.28,108264230.92,1330942.43,1864225454.63,371779936.34,370060406.53,2025-10-31
383,603353,和顺石油,43129073.21,-21.24,2129144295.27,-27.1669326916,1925069343.19,121567257.16,24220282.15,8819722.18,2084615945.84,58319634.29,58500135.12,2025-10-31
384,603344,星德胜,138303006.04,-5.21,1790145523.06,20.9331473896,1497584341.42,15195345.71,49000738.87,-3684445.83,1627837882.88,159768166.17,159197290.83,2025-10-31
385,603336,宏辉果蔬,19415325.38,-41.57,727408319.67,-4.0544409548,652628572.16,5865023.41,22877310.4,21305623.14,708076669.4,17652591.29,18000303.01,2025-10-31
386,603330,天洋新材,-28936428.21,-27.579302912102,1000165803.82,-0.1303961969,860808691.54,42915341.21,61932209.0,10425468.22,1011538216.1,-16302583.71,-15285221.21,2025-10-31
387,603322,超讯通信,25426136.14,184.166873846955,989988685.2,-27.4776010588,859602074.67,13230069.83,51395993.03,13037318.9,978226356.82,32619330.98,32583257.93,2025-10-31
388,603318,水发燃气,63901916.28,19.75,1876122232.73,-20.7840432236,1551457982.81,11082832.43,81231723.86,61154648.24,1724699960.44,161746368.38,160711128.21,2025-10-31
389,603317,天味食品,432430553.98,34.96,2364317975.1,5.8376728383,1435543351.53,280974773.61,131918325.61,-4575005.0,1902010142.02,518490671.07,520404424.97,2025-10-31
390,603316,诚邦股份,-16713602.6,52.83,137507495.67,-59.7961378847,131674993.09,0.0,31081353.71,-24714858.59,142768947.09,-14797913.81,-14959073.32,2025-10-31
391,603308,应流股份,226803951.05,-6.9,1910495316.31,5.7226096224,1262964580.95,31309914.84,131082249.54,92024450.82,1767493522.7,219066625.6,216286645.38,2025-10-31
392,603307,扬州金泉,109123706.34,-45.62,630296646.84,-5.5686235569,459659271.34,11785879.8,36400022.29,-26010124.55,507522208.14,136839475.18,136529009.9,2025-10-31
393,603305,旭升集团,322974267.38,-42.83,3274184096.21,-8.4209735435,2599679761.15,12609345.67,112633436.88,29016112.52,2935185215.95,360317177.53,358741137.93,2025-10-31
394,603267,鸿远电子,127401899.05,-48.29,1167359955.05,-12.1903257434,743047593.96,77207947.84,87485656.51,-3738071.49,993173854.08,146110486.4,145915799.56,2025-10-31
395,603266,天龙股份,82573962.43,-4.97,978207737.73,2.903036318,761322317.72,11671911.84,65352068.0,-738987.07,888258221.54,90477420.48,91303733.45,2025-10-31
396,603235,天新药业,494482977.97,19.76,1613579810.79,8.4875935211,931582176.69,24631752.99,98966470.13,-85739413.48,1058098256.39,587740147.18,584984013.99,2025-10-31
397,603232,格尔软件,-38035549.81,-1.677551412217,332785986.38,0.4032229665,178816478.71,50346038.82,79465293.05,-23132.98,376361342.81,-39194597.0,-39296698.67,2025-10-31
398,603231,索宝蛋白,91680531.08,-20.75,1155092649.3,-10.3622719282,1026920691.28,14291897.46,26420500.42,-7629563.05,1073407161.58,110757244.44,109092181.14,2025-10-31
399,603229,奥翔药业,228985673.66,1.62,690126439.62,2.7490599009,290269738.53,9841817.53,70882567.65,-4563505.95,436562072.07,261919470.22,261279487.39,2025-10-31
400,603228,景旺电子,904418805.69,29.14,9077985779.63,17.1067541406,6920575325.57,158243162.42,417409723.93,60725063.06,8142155246.73,1029821081.52,1027449968.06,2025-10-31
401,603226,菲林格尔,-24754196.24,-24.297442645432,216515144.2,-21.5304701379,189959464.1,20908838.98,32601641.91,-6857034.9,253913330.4,-32206202.78,-31610431.06,2025-10-31
402,603225,新凤鸣,745431412.89,-15.91,49196524587.27,11.3054940127,46435648797.36,71291600.74,557914521.17,510444568.49,48630030444.91,758849048.38,804924801.53,2025-10-31
403,603222,济民健康,28415048.97,-36.96,682669168.73,0.7440919509,387422947.74,124930077.38,85868483.58,13551772.32,651011799.9,37738568.56,34843573.99,2025-10-31
404,603205,健尔康,93456112.74,12.06,782935962.88,10.0660080422,603786854.07,19692042.4,23589858.48,-5833490.08,677993834.48,106166349.55,106392572.42,2025-10-31
405,603203,快克智能,162891523.02,4.33,683142145.98,15.1312101387,353114882.1,53824065.64,29906944.7,-732724.11,533168877.93,174686925.95,174533740.91,2025-10-31
406,603202,天有为,851113167.45,50.796305893296,3220823315.16,32.5851882899,2031941308.04,84339352.16,30397326.97,3608325.08,2290027213.19,992411909.88,992533205.05,2025-10-31
407,603195,公牛集团,3263402657.33,16.0,12603043409.4,8.5830213725,7168473852.52,1058839822.88,487609724.41,-86523381.85,9242455928.66,3913555350.38,3890658511.27,2025-10-31
408,603190,亚通精工,83529579.63,-35.92,1250951129.52,5.0417394086,954446137.22,17991498.14,60939417.92,15871563.02,1117418804.1,99308288.66,102848187.09,2025-10-31
409,603189,网达软件,10732534.95,120.84,243586072.95,13.9299386874,176936263.75,8539805.65,31459238.53,-4522623.98,247712222.04,14349725.03,14361398.64,2025-10-31
410,603188,亚邦股份,-14424021.3,94.359996474557,550951079.1,-17.1345242477,489260840.58,8867627.32,65122405.75,6031794.08,594859377.01,-8534364.51,-10660778.16,2025-10-31
411,603185,弘元绿能,-1629645683.34,-223.63,5335773889.75,-44.2905207693,5709173309.72,90327672.75,252701541.6,80854014.13,6523752094.66,-2008663225.83,-2019813669.51,2025-10-31
412,603179,新泉股份,685581204.79,22.22,9605036763.09,31.23869099,7741779872.67,67179292.08,442498916.08,117660243.96,8818526176.4,795368271.83,788410977.75,2025-10-31
413,603177,德创环保,24221781.83,1292.01843555645,675261427.96,10.0903542465,515840456.38,22130751.17,48464095.24,25216587.19,647302058.43,24239237.59,23793013.5,2025-10-31
414,603172,万丰股份,19604374.02,-40.72,377474225.98,-1.5883081152,296097139.22,11479530.16,31872125.87,-4244591.59,351792559.29,23069496.47,23036979.05,2025-10-31
415,603171,税友股份,115934479.97,12.06,1283632049.7,7.3803008273,506797594.95,213940645.21,149435829.35,-26163366.47,1179746286.6,115366100.53,114998475.88,2025-10-31
416,603169,兰石重装,95966255.58,-29.51,3739247375.88,20.2203071668,3221721698.98,68793862.13,139257184.99,119188429.89,3690728326.33,94083585.32,98364342.75,2025-10-31
417,603168,莎普爱思,-30755378.46,-138.71,359402017.18,-27.9456816035,179385997.55,65226506.07,102436744.0,4831727.9,401137647.7,-21306927.13,-22988834.03,2025-10-31
418,603165,荣晟环保,248782134.33,12.05,1662042789.57,-0.9943559427,1380627831.85,3452308.94,32236792.38,7136322.62,1556575375.54,248331345.74,248303607.33,2025-10-31
419,603161,科华控股,94571052.51,11.25,1771958738.1,-7.1398108693,1477560077.47,12148873.37,69832554.91,27064786.12,1667688911.52,102503789.05,102137509.45,2025-10-31
420,603159,上海亚虹,18362601.7,-24.29,354656089.35,-10.4115657375,282923975.87,6349092.23,31843421.61,-219779.6,340368165.12,20041694.62,20181095.19,2025-10-31
421,603158,腾龙股份,236425930.61,68.41,2703078760.57,14.2155136634,2128761307.75,44284109.43,132233232.1,18331176.74,2458914110.92,312936786.76,311194428.07,2025-10-31
422,603127,昭衍新药,-70307075.11,-121.46,1335156050.4,-15.8734130605,968251629.5,19402507.49,236735760.07,-74635915.74,1227734251.03,-69661013.72,-69892269.79,2025-10-31
423,603126,中材节能,26920858.41,-72.27,1488805967.58,-32.6519487798,1206035528.67,34849610.12,162758195.74,-3688970.63,1499308810.7,43678273.47,43050872.53,2025-10-31
424,603123,翠微股份,-379377314.91,-11.016216044426,1695417662.54,-39.6528250525,1377879810.59,377770220.83,174897664.21,62946776.91,2091253145.17,-392475505.55,-385453493.46,2025-10-31
425,603119,浙江荣泰,166548136.66,41.53,808956158.67,38.8483825177,525728377.2,21431063.12,34321658.49,-16511905.72,617505996.85,188826548.78,187834926.98,2025-10-31
426,603117,万林物流,20753773.42,3851.45336422041,217667944.66,-29.0888651115,143289939.72,1345748.21,50809026.0,6204355.17,207259789.96,28093432.43,27902133.07,2025-10-31
427,603116,红蜻蜓,-12498847.15,-126.056001925243,1669198833.5,-10.7056340217,1041604005.82,428603951.34,188906916.05,-26625996.91,1665803761.02,-12430691.68,-5057896.21,2025-10-31
428,603113,金能科技,-32430433.84,-673.24,12149979147.4,11.3276815159,11864927417.18,10514622.69,145541374.4,172654100.89,12324032150.12,-53166367.97,-38025868.5,2025-10-31
429,603111,康尼机电,247829863.03,31.46,2694341692.06,15.878394637,1864799740.71,121216357.78,226662269.98,-7581697.51,2465867038.1,276585797.25,278177567.51,2025-10-31
430,603098,森特股份,73970165.14,-8.7,1885166889.14,-31.269736768,1519785016.69,93879991.94,99525243.41,23201438.7,1798374764.09,85723263.78,85262957.72,2025-10-31
431,603097,江苏华辰,62562237.8,0.2,1050011229.11,13.4613592062,820875203.15,71934866.64,31278774.15,7621085.26,979344070.37,68382400.92,68518594.71,2025-10-31
432,603090,宏盛股份,47765845.26,-16.02,519338433.76,-3.1434817125,377733880.45,18590356.15,30480358.18,338643.72,454286830.93,58592713.65,58430271.04,2025-10-31
433,603089,正裕工业,46742192.64,-28.83,1639692305.39,28.6185098688,1241870564.98,72482621.97,93987745.35,16178563.95,1516952213.49,68808446.21,67260245.03,2025-10-31
434,603087,甘李药业,507265245.69,90.36,2245006087.12,17.8066009942,553241458.86,831334688.22,169962996.5,-58456583.05,1921772067.24,562258052.99,563604698.92,2025-10-31
435,603068,博通集成,-34055418.22,62.31,575776592.09,10.7203818418,387648976.48,13565072.14,14599177.11,-18712092.9,604829562.14,-33219981.28,-32990412.55,2025-10-31
436,603056,德邦股份,517073374.72,9.71,28296172549.98,11.2129728656,26158649062.69,460188421.09,959628076.44,83770042.97,27860774630.96,665282234.63,621759547.58,2025-10-31
437,603053,成都燃气,419887456.67,-4.26,3806736881.06,2.770528843,3033184102.94,220760348.39,142756401.04,-58608468.96,3364458107.39,501122246.13,515445405.36,2025-10-31
438,603052,可川科技,57191895.86,-24.3,555160670.72,5.458881889,444387152.24,10209702.24,20364290.85,-4009919.12,507552495.15,58691932.49,58504310.43,2025-10-31
439,603048,浙江黎明,36780013.85,24.58,455460756.2,6.098918052,299839174.76,5153115.65,82286050.4,1021612.12,422976609.15,36831974.25,36739756.36,2025-10-31
440,603043,广州酒家,448024283.21,-8.87,4102891148.13,5.8593074409,2743186330.4,364947165.31,330887894.75,-23110243.42,3512924528.45,576016602.28,577593111.04,2025-10-31
441,603038,华立股份,34896672.37,-2.55,623905638.0,8.6426766567,464040770.66,30501855.1,58095588.57,12227205.0,598207776.95,33341783.91,39402867.24,2025-10-31
442,603032,德新科技,16299547.07,-89.62,229373746.1,-55.0441629851,153603196.2,12232164.95,34430558.76,4619135.39,228418056.97,843756.93,28196794.42,2025-10-31
443,603028,赛福天,-27673662.49,-170.06,1031481557.08,-20.684978366,1020368635.6,13265487.93,60627868.69,15733121.25,1153179871.3,-105541946.04,-105290561.41,2025-10-31
444,603027,千禾味业,351561228.45,-9.19,2288179457.58,-1.8544144537,1459890609.34,320910896.45,74241277.33,-29404045.15,1902110873.93,415276566.63,416032467.45,2025-10-31
445,603026,石大胜华,11265103.68,-83.95,4160688757.41,-5.4254449655,3939918375.04,52033812.59,80543143.25,1111135.94,4248151403.21,-64030106.8,-58434208.71,2025-10-31
446,603019,中科曙光,769521744.76,2.57,8041454505.76,3.6517826697,5885426704.62,518815779.87,243960411.69,-33356268.37,7630350660.81,1060579570.9,1059640287.49,2025-10-31
447,603018,华设集团,232039668.0,-33.78,2691919330.14,-15.6643542078,1691526643.29,170920047.1,238258306.39,2356354.25,2260975803.33,271204352.98,269656337.85,2025-10-31
448,603014,威高血净,315755268.67,,2644762353.56,,1522742258.25,474174379.15,123955018.58,-2209726.54,2276301286.47,375450467.57,370488812.38,2025-10-31
449,603013,亚普股份,373810479.76,-8.38,5673599067.45,-8.6636511442,4797477017.4,33318249.1,214481556.47,-12998784.34,5250840383.58,468450163.04,463229728.8,2025-10-31
450,603012,创力集团,142800996.61,-42.7,1771151156.59,-6.7278770171,1056441332.15,249188274.87,138262345.52,18746869.01,1567417506.31,128707383.85,141695347.92,2025-10-31
451,603007,*ST花王,-88085737.98,-156.512269248883,69641052.86,-38.8643789793,70631043.94,288307.13,48449685.2,23608190.0,143419264.74,-75408561.05,-88903567.27,2025-10-31
452,603001,奥康国际,-135958397.35,-50.559459445055,1887806909.7,-18.7953079626,1115649829.71,720370701.5,170542218.05,8790461.03,2059262479.22,-127522002.36,-127236705.57,2025-10-31
453,603000,人民网,56159572.2,-42.28,1176643540.83,-0.7137118741,643356117.97,227954809.5,175908824.56,-6104309.14,1135912518.99,70813534.37,71928032.48,2025-10-31
454,601998,中信银行,51826000000.0,0.76,162210000000.0,3.8290191259,,,46702000000.0,,99726000000.0,62484000000.0,62505000000.0,2025-10-31
455,601997,贵阳银行,3970137000.0,-6.81,10936828000.0,-4.4193860494,,,2754118000.0,,6798211000.0,4138617000.0,4137327000.0,2025-10-31
456,601992,金隅集团,-436544760.35,-4212.65,77036553879.69,6.1176217537,69312779063.72,1695409334.51,4720319046.13,2284292971.21,79370061848.76,-184507136.6,11099916.15,2025-10-31
457,601990,南京证券,696045919.31,22.55,2006852869.36,33.5606185934,,,1071202715.06,,1099841703.87,907011165.49,904244442.5,2025-10-31
458,601969,海南矿业,546472490.0,13.81,3171800490.0,-14.2853324369,2191786330.0,6149690.0,288662280.0,20593490.0,2606045890.0,662064970.0,663832510.0,2025-10-31
459,601968,宝钢包装,156947171.5,-22.36,6160425148.3,5.9158810456,5645025281.41,75892254.55,154109363.93,7074180.23,5920690791.89,226648788.07,227636434.28,2025-10-31
460,601949,中国出版,313020673.4,-23.52,3789304505.28,-2.4666431183,2620807126.77,293244381.16,590280729.02,-35957149.01,3519350117.92,403314109.01,408443010.67,2025-10-31
461,601939,建设银行,255776000000.0,0.13,569022000000.0,-3.2999116308,,,138731000000.0,,271685000000.0,297337000000.0,297638000000.0,2025-10-31
462,601933,永辉超市,-77865655.53,-248.907902458738,54548919676.9,-12.1426226944,43179411617.3,9715968400.49,1370644923.24,905276619.81,55514590427.14,-156490619.0,-122013613.68,2025-10-31
463,601919,中远海控,38124060912.01,72.73,174737328065.54,29.7960787899,120988685775.75,679025007.34,5817158935.4,-2645268210.86,126606250581.87,52122389327.29,52065716622.52,2025-10-31
464,601916,浙商银行,12905000000.0,1.19,52491000000.0,5.6369490843,,,14643000000.0,,37063000000.0,15428000000.0,15377000000.0,2025-10-31
465,601901,方正证券,1965273968.93,1.51,5432688200.97,-4.1521638886,,,3444182551.71,,3525231741.07,1907456459.9,1892418984.79,2025-10-31
466,601888,中国中免,3919296160.74,-24.72,43020585432.7,-15.3754626905,28770875290.56,6795724052.07,1417861585.25,-654906017.35,37307165216.62,5457956670.45,5447008861.68,2025-10-31
467,601882,海天精工,403786810.46,-12.89,2492986544.5,-0.5697972687,1821143990.73,90784682.78,30733772.36,-4339620.85,2081929862.0,426211300.47,454972474.32,2025-10-31
468,601881,中国银河,6963658334.31,5.46,15756494088.56,6.2886279991,,,8249694826.53,,8363679306.0,7392814782.56,7401568811.31,2025-10-31
469,601880,辽港股份,945507622.36,-11.61,7950096514.86,-8.6505016087,6075860426.23,1257075.0,523398220.52,266788962.7,6973309254.57,1410065524.89,1414227464.64,2025-10-31
470,601878,浙商证券,1264933805.07,-4.92,4071564536.33,-5.7484620091,,,2452265049.85,,2508510648.13,1563053888.2,1562662115.61,2025-10-31
471,601869,长飞光纤,572937218.0,-34.94,8694498588.0,-13.3092110187,6276388801.0,336251225.0,763345233.0,121724316.0,8123219066.0,373735676.0,557860078.0,2025-10-31
472,601868,中国能建,3604277000.0,17.28,295138721000.0,3.443852637,261080856000.0,1521502000.0,10438975000.0,4304048000.0,286612391000.0,8350743000.0,8499470000.0,2025-10-31
473,601866,中远海发,1380999337.26,14.66,19872323359.42,88.0653760873,16278178787.63,6636755.69,689695129.4,2833137570.35,19910903282.92,1588442702.53,1562667963.49,2025-10-31
474,601860,紫金银行,1351143000.0,0.16,3460735000.0,2.0850724916,,,1113924000.0,,1872727000.0,1588008000.0,1582135000.0,2025-10-31
475,601858,中国科传,217935944.24,-26.07,1867428836.17,0.1108878759,1345437887.86,110118107.35,156459456.43,-80923774.81,1549252449.36,303139153.19,303438435.1,2025-10-31
476,601857,中国石油,132784000000.0,0.7,2257694000000.0,-1.1329741667,1770261000000.0,46390000000.0,47819000000.0,10503000000.0,2089988000000.0,197306000000.0,193283000000.0,2025-10-31
477,601828,美凯龙,-1886834620.45,-245.194752380509,6105328940.02,-29.6247031716,2477314678.47,754283033.84,749136353.94,1829078193.38,6111258336.77,-1852022626.51,-2054996679.58,2025-10-31
478,601825,沪农商行,10485188000.0,0.81,20483847000.0,0.3393655129,,,5863201000.0,,7553361000.0,12930486000.0,12926693000.0,2025-10-31
479,601818,光大银行,38414000000.0,1.92,102399000000.0,-8.7596899225,,,28243000000.0,,54846000000.0,47553000000.0,47493000000.0,2025-10-31
480,601816,京沪高铁,10015192272.01,12.35,32355133669.92,4.7718979097,16770932669.11,,598514572.85,1364845296.52,18917549532.16,13437731630.81,13442829789.73,2025-10-31
481,601811,新华文轩,891181597.6,-5.24,8437722940.37,5.6074063158,5423122950.63,975226031.7,1112118274.99,-130453498.77,7427160801.03,1087434690.87,1067300981.39,2025-10-31
482,601800,中国交建,16274469983.0,-0.61,536636414787.0,-2.2565916052,474727784502.0,2065302008.0,12141317922.0,1299902940.0,509308296234.0,25605161090.0,25582023971.0,2025-10-31
483,601788,光大证券,1990387649.23,-54.33,6406439613.57,-17.3905036721,,,3997365556.2,,4082330888.37,2324108725.2,2300698956.24,2025-10-31
484,601778,晶科科技,219810098.32,-43.55,3889547406.1,11.0298486628,2330973954.13,99804488.0,362137391.37,617207126.21,3451469066.95,415804624.81,351432627.6,2025-10-31
485,601777,千里科技,39947394.04,-35.34,4814750747.43,11.1866610927,4377615195.71,256969605.96,219291354.54,70468091.69,5258961730.32,-163340191.78,-167526840.74,2025-10-31
486,601766,中国中车,7245385000.0,17.77,152592557000.0,6.6748226381,120233400000.0,3430978000.0,9458463000.0,136323000.0,144120354000.0,10769338000.0,11032151000.0,2025-10-31
487,601727,上海电气,982085000.0,-7.67,76595171000.0,-2.27,61888515000.0,2045911000.0,5243126000.0,477020000.0,73843464000.0,3609556000.0,3667214000.0,2025-10-31
488,601700,风范股份,85367924.14,113.57,2561577061.95,14.8377021638,2153399821.15,27484736.39,121768127.67,67908531.75,2470799308.1,128160742.72,129925854.23,2025-10-31
489,601698,中国卫通,480862124.85,18.42,1758030358.88,-5.5709079605,1238883528.78,36963371.8,123180024.31,-142865737.66,1314045441.2,417923775.68,650056273.18,2025-10-31
490,601696,中银证券,660622092.47,-18.48,1920670513.38,-12.8732698644,,,1163005892.61,,1170967767.11,749702746.27,749986315.77,2025-10-31
491,601689,拓普集团,2234055468.46,39.89,19351994990.91,36.746686784,15254690171.65,228262185.71,472161064.87,118354404.48,17067035605.05,2547168044.71,2557249944.97,2025-10-31
492,601688,华泰证券,12521315295.34,30.63,24103077504.86,15.4055601162,,,11811966522.48,,11388451058.49,12714626446.37,12599921698.51,2025-10-31
493,601678,滨化股份,189228286.07,-32.33,7565392617.81,39.2008200126,6783878272.62,17657538.28,418550267.81,214144210.36,7611923005.3,180538390.43,178924592.47,2025-10-31
494,601669,中国电建,8777834771.48,-7.21,426794182829.71,1.1737761191,373218028476.98,985123332.71,12653498577.16,7980194655.25,410646944425.89,13959419731.91,14095024838.27,2025-10-31
495,601668,中国建筑,39702451000.0,-9.05,1626540973000.0,-2.6747076838,1482964161000.0,5475762000.0,23427577000.0,14242214000.0,1556382239000.0,64655887000.0,64951527000.0,2025-10-31
496,601665,齐鲁银行,3442308000.0,17.19,9484825000.0,4.2581873866,,,2398659000.0,,5990545000.0,3494280000.0,3491293000.0,2025-10-31
497,601658,邮储银行,75818000000.0,0.22,260349000000.0,0.0872667441,,,156332000000.0,,177285000000.0,83064000000.0,83162000000.0,2025-10-31
498,601636,旗滨集团,699139864.74,-43.77,11600466060.93,3.7187717049,9395775357.8,134506291.99,596540253.82,230692003.76,10963870120.09,754351450.35,745617230.02,2025-10-31
499,601628,中国人寿,104523000000.0,173.9,427180000000.0,54.8387564474,,,,,303278000000.0,123902000000.0,123655000000.0,2025-10-31
500,601618,中国中冶,6830755000.0,-16.53,412617474000.0,-11.7065093393,375302133000.0,2023290000.0,8232826000.0,1006356000.0,399938098000.0,8921740000.0,8917022000.0,2025-10-31
501,601616,广电电气,47952907.02,197.6,736190921.41,32.0565721927,528274457.77,40110431.52,90264370.26,-14301596.56,685777579.38,69992602.01,69535601.82,2025-10-31
502,601615,明阳智能,808510813.26,-34.58,20236621066.72,-4.1444909587,18112722300.75,506643285.64,777466152.02,274899105.05,20287976841.08,988347608.66,940709630.6,2025-10-31
503,601611,中国核建,1455051869.42,3.08,78928821148.48,0.4271934876,70876058614.89,25178136.92,1593954545.87,1612291934.27,76389814676.67,2421091849.93,2302273693.37,2025-10-31
504,601607,上海医药,4054178132.43,6.78,209628733748.35,6.1366629576,186451657820.93,9479577316.82,4141832679.17,1149184867.45,203433368171.18,6668766941.12,6644377262.89,2025-10-31
505,601601,中国太保,38310000000.0,65.5,310564000000.0,21.3491399858,,,,,266077000000.0,44487000000.0,44414000000.0,2025-10-31
506,601595,上海电影,107409655.68,-13.74,559754150.79,-11.0678798356,423885921.3,22898665.98,49627663.93,4199634.59,503866278.66,148477173.45,149070746.52,2025-10-31
507,601588,北辰实业,-928101569.0,-3505.43,4730946624.0,-54.9002595232,3347516243.0,225256690.0,577731896.0,561651806.0,5051312539.0,-918752480.0,-910428265.0,2025-10-31
508,601577,长沙银行,6186557000.0,5.85,19470549000.0,3.8347984275,,,5169590000.0,,11837701000.0,7632848000.0,7593776000.0,2025-10-31
509,601555,东吴证券,1831554003.0,4.93,5370053514.33,4.9836651003,,,2752060578.52,,2984608095.64,2385445418.69,2372622933.17,2025-10-31
510,601515,衢州东峰,-190354246.94,-180.21,1047262342.33,-50.5904929234,826825592.51,33821991.71,164963927.67,-8121653.24,1093321116.22,-250143710.31,-248380989.77,2025-10-31
511,601456,国联民生,395852452.2,-45.53,2004892871.86,-20.035133079,,,1564400452.35,,1556853257.92,448039613.94,452383244.98,2025-10-31
512,601398,工商银行,269025000000.0,0.13,626422000000.0,-3.8150193162,,,156926000000.0,,318931000000.0,307491000000.0,308402000000.0,2025-10-31
513,601390,中国中铁,20569710000.0,-14.33,820283313000.0,-7.262371819,746493652000.0,4383452000.0,17629697000.0,3322935000.0,791706165000.0,27016771000.0,27226288000.0,2025-10-31
514,601377,兴业证券,1320068057.54,-16.51,6628544901.87,-0.5173056941,,,4776844205.54,,4830187003.46,1798357898.41,1805533202.81,2025-10-31
515,601375,中原证券,163169587.25,-21.49,1292372031.84,-12.506080514,,,827811494.61,,1161740977.69,130631054.15,143468789.76,2025-10-31
516,601360,三六零,-578901000.0,-57.028001334559,5608987000.0,-16.7554373266,1993373000.0,1580547000.0,495492000.0,-592969000.0,5898209000.0,-444517000.0,-455119000.0,2025-10-31
517,601339,百隆东方,412666002.04,-25.37,6074297911.51,19.2940046542,5382599747.29,35149782.43,240592562.1,110579429.85,5873915514.7,445899066.44,451236939.06,2025-10-31
518,601336,新华保险,20680000000.0,116.7,106956000000.0,72.9140732358,,,,,83640000000.0,23316000000.0,23281000000.0,2025-10-31
519,601333,广深铁路,1209219720.0,18.67,20030021093.0,4.438597718,18178497329.0,,109033314.0,45968944.0,18400510558.0,1681592836.0,1682836229.0,2025-10-31
520,601328,交通银行,68690000000.0,-0.69,196123000000.0,-1.39072548,,,59524000000.0,,123348000000.0,72775000000.0,72886000000.0,2025-10-31
521,601319,中国人保,36331000000.0,77.2,469576000000.0,12.2,,,,,410544000000.0,59032000000.0,59052000000.0,2025-10-31
522,601288,农业银行,214372000000.0,3.38,540212000000.0,1.2850655657,,,156354000000.0,,298573000000.0,241639000000.0,241346000000.0,2025-10-31
523,601279,英利汽车,44445862.29,-30.91,3478994843.93,-10.862805683,3110031312.25,12268929.03,140923519.49,19515410.84,3459371991.35,51406123.1,51057867.75,2025-10-31
524,601236,红塔证券,651996079.68,203.85,1624833871.88,85.5164613972,,,639134188.76,,887680998.03,737152873.85,731278357.09,2025-10-31
525,601229,上海银行,17586981000.0,1.4,39541807000.0,0.6844267509,,,9263704000.0,,18980282000.0,20561525000.0,20552815000.0,2025-10-31
526,601228,广州港,823551301.82,-7.08,10050890647.37,2.593133365,7574960574.23,29337123.59,971080938.83,289899154.31,8965919380.38,1337319141.48,1339775223.54,2025-10-31
527,601226,华电科工,107623817.67,29.94,4926212263.35,25.1033834768,4336063182.18,45112756.94,293794171.58,1864885.65,4853697697.5,107777362.86,128970735.27,2025-10-31
528,601222,林洋能源,910130635.04,6.95,5165890316.73,8.7610294932,3488227610.99,100123351.59,321308197.3,31415539.83,4158490575.0,1122929113.21,1120612099.5,2025-10-31
529,601211,国泰海通,9523020776.0,10.38,22763468276.0,7.2939939303,,,10431321828.0,,10667448407.0,12096019869.0,12107091714.0,2025-10-31
530,601198,东兴证券,942923031.93,100.73,3002211701.52,168.232111712,,,1540661465.57,,1676935777.42,1325275924.1,1265174319.53,2025-10-31
531,601188,龙江交通,151596667.97,-17.82,414912542.93,-11.3993703019,219692048.17,1488458.15,65325200.86,-6875821.86,288612587.94,186589893.41,186097541.24,2025-10-31
532,601186,中国铁建,15695439000.0,-19.18,758125120000.0,-5.9938352177,688691633000.0,4264891000.0,14929572000.0,6067691000.0,731345403000.0,23697039000.0,23756656000.0,2025-10-31
533,601169,北京银行,21010000000.0,1.9,52151000000.0,4.0611994612,,,14377000000.0,,28675000000.0,23476000000.0,23420000000.0,2025-10-31
534,601166,兴业银行,63006000000.0,-3.02,164217000000.0,1.8109562543,,,43382000000.0,,93007000000.0,71210000000.0,71319000000.0,2025-10-31
535,601163,三角轮胎,883562731.07,-16.44,7611639687.75,-3.2782276089,6197416817.43,279334096.78,187074538.5,-38634741.5,6786475171.01,1019551412.82,1012984467.08,2025-10-31
536,601162,天风证券,-536408839.21,-226.43,1340647363.62,-48.3747007339,,,1609695440.32,,1729992114.83,-389344751.21,-377526907.76,2025-10-31
537,601156,东航物流,2067012705.77,24.14,17673940228.02,24.1890622061,14283080763.34,164841748.09,218735130.45,150041552.18,14892795539.85,2992432108.47,2997219671.35,2025-10-31
538,601155,新城控股,1454536308.0,-41.31,51563001809.0,-27.6610565152,41153477714.0,2354456014.0,1992548091.0,2460997091.0,49606404378.0,2139117939.0,2156802567.0,2025-10-31
539,601127,赛力斯,4037930619.5,276.01814509774,106626512436.57,539.2428937419,79723328751.33,13971132749.86,2207576202.52,-192685756.38,102938019917.8,3941108290.57,3964616992.08,2025-10-31
540,601118,海南橡胶,-460507077.05,13.947552906825,32902420383.11,32.4584209812,31954045695.63,268377730.03,1002872546.69,581927003.04,33898895212.64,-622370853.81,-545261828.91,2025-10-31
541,601113,华鼎股份,324270685.21,96.25,5994748450.97,-5.3910717356,4960049514.12,429475139.15,132195113.68,-7754709.1,5695797717.93,324819917.67,318884968.65,2025-10-31
542,601111,中国国航,1361747000.0,72.06,128149919000.0,21.4957832688,119746091000.0,4992226000.0,3921783000.0,4455814000.0,133667384000.0,829699000.0,1079153000.0,2025-10-31
543,601107,四川成渝,1122636383.67,0.31,7358966564.11,-7.9202789126,4866898844.48,51848944.78,402194398.48,628860234.27,5974727042.21,1448051889.95,1454283221.58,2025-10-31
544,601106,中国一重,-182962169.89,-455.74,13602540222.47,-8.9257118208,12648624945.42,97540424.43,493826198.28,360319156.91,13900222149.35,-166881698.83,-154334476.34,2025-10-31
545,601086,国芳集团,35551590.72,-72.34,598297223.5,-19.0584633209,323201925.3,128366105.92,58891454.79,-3077473.65,527210573.9,48107534.73,47319191.89,2025-10-31
546,601083,锦江航运,719039549.63,2.98,4264415003.72,7.7918509239,3182957397.27,,220537044.69,-35899225.21,3408233008.41,922356088.87,922393024.48,2025-10-31
547,601066,中信建投,4297351482.78,-24.49,13172653118.96,-22.1332896847,,,7713466081.38,,8300528041.41,4872125077.55,4839342173.86,2025-10-31
548,601021,春秋航空,2604247333.0,-2.73,15976745748.0,13.28843916,12932661656.0,187044894.0,198983458.0,189054481.0,13653064156.0,3117376003.0,3126839110.0,2025-10-31
549,601019,山东出版,969344631.56,-22.68,8515170111.54,5.757260347,5412573117.18,782621854.34,921607791.95,-72004015.02,7123124640.32,1317910376.99,1321578614.69,2025-10-31
550,601012,隆基绿能,-6485532106.05,-155.62,58592695599.44,-37.7336799974,53917965024.32,2060745086.75,2421664037.82,-322765351.77,59677804465.74,-7461301636.29,-7826677550.18,2025-10-31
551,601010,文峰股份,69369548.83,-44.26,1389440206.75,-14.3860377403,732249702.87,226646922.36,232991428.11,12043179.74,1274196800.88,119398860.39,120294848.4,2025-10-31
552,601008,连云港,143301317.78,1.25,1936977733.02,3.3596033854,1456359084.14,,153716463.03,115203856.25,1744057756.29,270408362.22,269952588.79,2025-10-31
553,601005,重庆钢铁,-1349750756.89,-127.874340753685,20598066793.49,-31.3690827687,21679172443.81,43949175.45,203352973.54,153667079.25,22226320228.66,-1566958223.25,-1591661400.94,2025-10-31
554,600999,招商证券,7149509482.88,11.68,14279272406.54,-3.9799401316,,,6754883268.41,,6715019142.82,7564253263.72,7560160195.95,2025-10-31
555,600992,贵绳股份,-23156583.91,-201.36,1509681462.84,-0.4169729985,1365035571.84,83829537.9,28333466.66,5394694.4,1520185224.04,-23238315.04,-23156583.91,2025-10-31
556,600986,浙文互联,157644123.43,37.67,5597993856.81,-32.0679840121,5113230906.99,136919779.35,164173303.26,2719145.68,5481180143.47,196221480.21,197079870.14,2025-10-31
557,600985,淮北矿业,4139229732.33,-18.17,56785931751.93,1.957696676,46708136109.8,170392262.76,2699535391.82,406637613.14,52254045046.87,4763747321.57,4698236539.07,2025-10-31
558,600984,建设机械,-627831757.52,-79.0,1982153204.65,-18.7104784249,2013146987.2,18340368.1,242821606.91,322637080.14,2667468387.01,-729876177.76,-732612691.95,2025-10-31
559,600982,宁波能源,197248404.73,-22.1,3087656853.53,-36.183500751,2695892674.12,76459837.99,192730211.91,127936457.93,3139541345.64,238873356.73,250165190.14,2025-10-31
560,600979,广安爱众,240235447.6,59.68,2332756049.67,15.7106299536,1561215431.84,46131496.89,254145484.47,89781373.13,1983932403.45,306008078.97,309360988.8,2025-10-31
561,600973,宝胜股份,24987166.73,-73.0,35443862897.8,5.3602844279,33770920138.15,265757207.47,386760521.43,337491707.07,35407737940.89,23765634.1,32463845.06,2025-10-31
562,600966,博汇纸业,149174960.48,260.554108334258,13967073588.89,2.1153730868,12469501853.01,141185911.61,392290282.02,286032397.2,13840896749.97,183792756.4,207323002.44,2025-10-31
563,600962,国投中鲁,870541.45,-97.64,1132122153.56,14.5616438196,963124574.12,56609831.22,59128062.14,22712674.94,1116450703.03,6005644.92,7029161.03,2025-10-31
564,600960,渤海汽车,-189653071.11,-77.702136545616,3306815840.0,-5.8013489101,3113702015.88,62504512.18,140710225.1,55548725.43,3467882134.84,-182313676.0,-181938398.73,2025-10-31
565,600958,东方证券,3302049264.3,15.57,9117648632.32,2.8065959735,,,5164542921.95,,5552100935.31,3565547697.01,3717102655.26,2025-10-31
566,600956,新天绿能,1495375201.4,-0.74,15789319757.24,20.3131111245,12645573477.76,3785851.0,439359389.8,915824395.47,14331212743.47,2135306801.6,2134501616.26,2025-10-31
567,600939,重庆建工,-52628584.54,-128.12,20146077845.14,-37.71,18772575728.45,8047502.7,573252267.32,528475084.3,20137220903.36,-25323147.39,-8784719.62,2025-10-31
568,600938,中国海油,116659000000.0,19.5,326024000000.0,6.2600833722,148498000000.0,2594000000.0,5033000000.0,1426000000.0,174181000000.0,154399000000.0,154385000000.0,2025-10-31
569,600928,西安银行,1927036000.0,1.138216673166,5528823000.0,9.6859417759,,,1392049000.0,,3728124000.0,1800699000.0,1797930000.0,2025-10-31
570,600926,杭州银行,13869912000.0,18.63,28494311000.0,3.8708170845,,,7778215000.0,,12647468000.0,15846843000.0,15834866000.0,2025-10-31
571,600919,江苏银行,28234893000.0,10.06,62303047000.0,6.1781407897,,,12566471000.0,,25417492000.0,36885555000.0,36867881000.0,2025-10-31
572,600918,中泰证券,502625535.41,-73.45,7424055939.92,-19.9616204254,,,5637756760.31,,6794057200.08,629998739.84,616829017.3,2025-10-31
573,600916,中国黄金,745568480.03,0.64,46574664690.52,12.7340231224,44618058714.49,341833748.96,124249075.82,3276221.53,45150883304.81,904506573.42,910105193.41,2025-10-31
574,600906,财达证券,369877559.24,-33.24,1704958065.4,-3.2075591686,,,946749421.26,,1245078556.37,459879509.03,459860268.73,2025-10-31
575,600905,三峡能源,5092273491.19,-6.31,21771529420.89,12.8078892472,10134238459.75,,1249747144.33,3159187547.69,14722466143.64,7038802781.99,7042432410.2,2025-10-31
576,600900,长江电力,28024923212.82,30.2,66330680745.55,14.6495985106,25741804396.77,125479055.52,882402954.39,8457274531.09,37008748556.26,33747343958.43,33130499897.04,2025-10-31
577,600897,厦门空港,371173949.64,38.42,1420473191.9,13.8602101883,908644062.88,,57054331.12,4763344.95,1008754561.35,528681787.44,533737193.54,2025-10-31
578,600895,张江高科,511019707.53,-33.09,1682512627.12,-3.6557590386,697348205.84,27269179.98,60807301.14,389978465.96,1366870127.52,645285726.85,644838495.02,2025-10-31
579,600893,航发动力,726159154.01,-29.56,25956397704.3,-1.3348590365,23065963466.84,205321710.96,1045931104.88,299251919.55,25158929850.53,913027943.62,955793676.72,2025-10-31
580,600892,*ST大晟,-15484593.67,-253.96,115041612.64,-30.0707818839,9775836.98,52800706.15,27113589.95,1147158.75,133330079.49,-14765527.09,-14884250.57,2025-10-31
581,600888,新疆众和,872004517.15,-24.28,5504533150.73,13.2689450602,4837087676.31,48675339.37,205084420.71,77816815.21,5253224039.52,891809621.91,904192736.42,2025-10-31
582,600887,伊利股份,10868480345.34,15.87,89039388538.88,-8.5879907428,57848045608.41,17151909071.81,3375908299.41,-595967030.48,78861832375.69,12503090615.78,12503716541.41,2025-10-31
583,600886,国投电力,6577795629.35,8.69,44395208099.42,4.3397212301,26654161770.79,27469584.88,1058678567.63,2583401280.85,31172571609.66,13911660731.43,13912043039.15,2025-10-31
584,600885,宏发股份,1269452759.13,15.07,10869000223.68,9.9736534239,7058399845.28,344944097.31,1014898977.79,64943942.56,9101383695.41,1918217165.42,1916259247.12,2025-10-31
585,600884,杉杉股份,23212871.27,-98.07,13283634838.46,-9.6921398808,11263015915.08,193744444.68,468755156.95,394118410.69,13188809168.56,175146137.82,136803851.26,2025-10-31
586,600883,博闻科技,58424692.02,-28.88,20499751.17,139.6275317459,19175152.6,2390849.32,15365620.75,-1069453.58,36003748.14,57524461.32,57509100.78,2025-10-31
587,600882,妙可蓝多,85042506.93,571.67,3594396768.27,-9.3957322394,2554481489.3,689136890.54,192346660.23,41620785.62,3534229543.54,112192156.17,109698610.41,2025-10-31
588,600877,电科芯片,58956695.17,-42.65,726481253.76,-14.2366247951,504563099.07,14285804.61,32654863.0,-1814289.83,678053558.04,58367857.03,58291878.99,2025-10-31
589,600876,凯盛新能,-247291596.56,-224.98,3694749184.35,-21.9076584593,3621623027.74,15766696.92,105658371.38,66990518.54,4000184026.97,-287914603.69,-288308391.69,2025-10-31
590,600875,东方电气,2624741556.01,-9.86,47849173440.52,6.8869988984,40214315262.59,453223114.98,2018403463.01,56861459.22,45001274393.16,3131835968.07,3140211524.21,2025-10-31
591,600868,梅雁吉祥,11626168.65,-64.6,254732306.54,7.0379557864,159065538.33,7386242.17,43631369.06,3564196.42,225520243.4,892213.54,-2336661.67,2025-10-31
592,600860,京城股份,-16066686.09,67.745796885612,1114845789.14,9.7555724267,941343609.36,34553663.36,83727968.2,7051661.44,1118616606.39,2813170.75,2297880.42,2025-10-31
593,600859,王府井,426771813.59,-34.13,8499249665.03,-8.2687220787,5084689882.74,1233539076.77,1143452071.59,161606572.73,7858269658.04,694849255.8,736539793.05,2025-10-31
594,600857,宁波中百,-8012521.42,-111.38,701432271.47,-27.3511716539,659926714.61,4872660.84,18647872.26,-3401183.68,689646449.68,-12515599.66,-12428946.36,2025-10-31
595,600847,万里股份,-24957494.52,-86.522519729898,380577295.71,-4.9255042656,362219752.29,8744815.07,13398098.32,-93087.22,405764358.53,-24832980.33,-24957494.52,2025-10-31
596,600846,同济科技,306626574.85,8.24,2907283242.66,-35.5870761434,2585554752.88,8961961.78,137800384.95,-6972518.88,2756237649.74,207855383.72,333757857.34,2025-10-31
597,600844,金煤科技,-198573656.37,-12.887571235764,586854229.49,-9.6649607564,708599988.03,2010829.91,88761372.39,17239145.99,830193837.29,-241353857.89,-252536624.23,2025-10-31
598,600843,上工申贝,-38755451.9,-141.48,3384972310.09,25.7055198296,2763200470.94,231799370.24,225840701.25,41826522.99,3413477566.88,-23876254.45,-14440593.36,2025-10-31
599,600835,上海机电,728395651.5,-10.44,15685019093.44,-9.1431195693,13213574747.63,454196330.71,619641002.91,-226087056.75,14705580815.66,1136822397.94,1140194721.57,2025-10-31
600,600833,第一医药,147324925.33,156.21,1368880300.43,2.475852078,1140076016.83,191832654.92,41681103.09,-10688942.32,1367026359.88,153647524.75,193971466.44,2025-10-31
601,600830,香溢融通,57280872.94,142.18,298244039.08,53.44,88287995.26,26073972.74,55194264.24,-6748138.77,168352429.81,122756094.23,122296922.76,2025-10-31
602,600827,百联股份,1619721167.32,366.88,21617212795.9,-8.3129276702,16131093134.04,3471275502.04,1609351487.42,4336155.26,21479205640.09,2231237505.24,2239047680.44,2025-10-31
603,600825,新华传媒,9792316.2,-65.37,796978044.33,2.2642152303,539335070.02,196872522.38,58271671.7,873788.24,800223606.89,-8504565.97,22361204.25,2025-10-31
604,600822,上海物贸,45783491.57,-64.44,3672925417.53,-36.3715076289,3449981019.82,98040409.39,118143703.88,-4423048.51,3666911464.76,26863251.36,49212266.73,2025-10-31
605,600821,金开新能,746435327.95,1.2,2829859599.73,9.3465646357,1235366913.9,2806106.07,156024799.16,613541061.08,2045734267.51,885317080.75,923829096.33,2025-10-31
606,600820,隧道股份,1499825607.14,0.35,42902446221.21,-8.5672845011,37903720667.57,4722545.62,1362791447.62,1188326027.51,42453886043.35,2130349731.03,2128476762.15,2025-10-31
607,600819,耀皮玻璃,96261467.81,205.819460053476,4129741308.01,4.1418580239,3465463683.03,105295583.07,225286830.35,16735385.35,4031008412.11,128598418.76,130045245.43,2025-10-31
608,600815,厦工股份,7511351.35,117.055409592737,562262727.04,-11.374419163,423021484.58,36375410.51,41380530.81,5404596.89,532546911.67,56968732.17,59447901.18,2025-10-31
609,600814,杭州解百,239300780.35,-5.32,1321190410.1,-14.7659415915,303036318.07,243946843.77,208722358.11,-23702976.23,823311977.92,518002649.42,524324305.57,2025-10-31
610,600810,神马股份,48515503.64,-62.09,10476620385.64,8.2120573775,9269278907.52,63841472.15,367444474.69,214237883.07,10399290036.45,148127928.34,148041514.29,2025-10-31
611,600809,山西汾酒,11349973607.12,20.34,31357599777.43,17.248932073,7516033336.44,2907393512.41,1001993343.92,-12138885.19,16279193151.47,15250239432.6,15243020790.13,2025-10-31
612,600808,马钢股份,-2534866334.0,-58.643793108428,61513212884.0,-16.7806746691,61727440256.0,208176009.0,652657837.0,464693695.0,64188981678.0,-2614087627.0,-2623877140.0,2025-10-31
613,600807,济高发展,-45957250.87,17.780493329064,269670339.68,-46.510323998,221950561.86,16358076.69,57083863.89,20776570.73,326232869.54,-59783665.11,-60082029.7,2025-10-31
614,600803,新奥股份,3491100000.0,12.51,98777970000.0,2.9239526611,85178280000.0,1112350000.0,2944570000.0,676670000.0,90758410000.0,8786340000.0,8746460000.0,2025-10-31
615,600793,宜宾纸业,-43817678.93,-117.936263714425,1686311991.77,-13.7958237316,1467176911.63,12335512.99,77727051.16,47365991.6,1659581484.15,7889297.37,18079464.02,2025-10-31
616,600791,京能置业,-102040471.34,56.968531237652,2931827902.48,36.0429999483,2439156881.53,102113792.68,137427565.27,165322142.56,2899625972.12,41538604.11,44361723.8,2025-10-31
617,600790,轻纺城,220874226.33,-8.4,717238416.32,12.0269724184,374587955.76,24538651.41,72435742.36,15369487.79,564118259.58,275817439.63,274407237.58,2025-10-31
618,600789,鲁抗医药,347058438.6,80.24,4666958713.84,-1.3716818859,3648587250.37,422545887.95,167740247.98,45239161.54,4545910874.37,372540378.91,372328111.64,2025-10-31
619,600783,鲁信创投,310309054.07,955.28,58930875.94,-24.1634735872,35659154.51,2987099.62,63036968.35,90170520.16,196307955.19,406578761.74,406577279.15,2025-10-31
620,600779,水井坊,1125019374.46,10.03,3788039145.29,5.5639549963,646415434.43,754962422.9,328231544.75,-15451621.81,2298530193.03,1524898729.41,1507217907.84,2025-10-31
621,600777,*ST新潮,1651802176.48,-11.84,6430063960.78,-0.8228328033,3179854432.11,,484054205.6,299498301.47,4324654631.06,2106613020.6,2107880167.51,2025-10-31
622,600774,汉商集团,2492970.62,-96.38,903786703.47,-11.0649083555,415590068.62,207942515.7,200226659.19,28929676.81,919777905.53,4658147.86,13356268.32,2025-10-31
623,600773,西藏城投,-149065357.31,-342.35,223054424.37,-84.4425322233,99969227.0,59284885.01,117078622.9,88391119.28,396737954.45,-184628349.13,-184639005.08,2025-10-31
624,600765,中航重机,1021480253.43,-1.42,8324634931.61,-5.5648305226,5735609437.72,76148437.86,581182937.69,38792344.02,6909322429.18,1291155148.53,1289545263.59,2025-10-31
625,600764,中国海防,149069126.96,21.5,1872092620.04,-3.4914995797,1206627845.1,71761751.98,207058421.45,4556901.61,1728547691.62,178200512.05,176772301.98,2025-10-31
626,600759,洲际油气,155593890.7,162.76,1919998128.1,-6.0869369408,793702045.32,18780273.71,210705830.27,96687332.87,1546137905.55,377759806.52,351220809.32,2025-10-31
627,600758,辽宁能源,59770535.91,-5.58,3882707575.23,-4.1316119696,3059318258.07,30400675.25,296835617.79,95854843.42,3661338545.82,275798869.43,200250430.05,2025-10-31
628,600756,浪潮软件,-94738685.23,-477.778675466097,1033295551.88,-23.6959158515,622574254.17,54945041.48,229350025.3,-6994485.51,1095672434.33,-98834035.5,-98770828.24,2025-10-31
629,600755,厦门国贸,712025958.54,-61.83,286328899115.8,-28.5455947828,282233156223.94,1443043415.72,382772844.42,1655504276.46,286122657935.26,751909507.87,771268100.77,2025-10-31
630,600754,锦江酒店,1105665079.29,12.13,10790338252.67,-2.5469995867,6314981939.16,809291473.14,1959989166.35,603922444.19,9825378205.34,1813883988.1,1774747850.15,2025-10-31
631,600751,海航科技,111678558.05,-61.23,836239806.63,167.9085952487,781743500.4,10179105.13,46816786.56,-42375779.7,798008540.91,113616025.75,112119287.32,2025-10-31
632,600744,华银电力,33810810.28,70.52,6162762166.22,-21.7944804565,5674234302.34,633012.21,74690490.55,372420367.79,6169751276.17,56393114.16,67518823.26,2025-10-31
633,600742,富维股份,400939643.6,-7.42,14147386215.22,-6.3001618709,12669506722.87,32226663.97,619465047.85,-35388019.67,13802433673.05,638221767.79,637662735.83,2025-10-31
634,600739,辽宁成大,711344179.57,18.93,8281804055.5,6.5757696239,7123295495.62,427355308.42,332896259.77,471481488.02,8595251922.8,774696666.48,770003585.35,2025-10-31
635,600738,丽尚国潮,107481652.17,37.79,516197736.46,-25.691260065,170042473.09,37705927.98,57065869.98,16750470.96,309110855.14,155926178.44,155944563.83,2025-10-31
636,600736,苏州高新,236987792.2,-13.15,6545160619.81,9.0774680202,5526164135.39,262273242.07,244921217.36,470558630.18,6651669765.27,-198059620.48,408535213.85,2025-10-31
637,600735,ST新华锦,42084546.29,-31.91,1305833954.67,-24.5150249861,981641126.87,127820529.28,69836780.28,6452196.36,1188105459.14,126410176.84,126188384.88,2025-10-31
638,600732,爱旭股份,-2831201241.26,-250.0,7896205843.83,-65.0874991418,8583871293.55,392195546.53,707775603.4,352485977.35,10749117497.6,-3364369362.3,-3385885202.13,2025-10-31
639,600731,湖南海利,200632538.73,-17.9,1707352296.44,-0.2397106621,1288185313.43,20566111.12,97332114.13,-17868275.78,1499043280.65,226292117.24,228877612.29,2025-10-31
640,600730,中国高科,26691521.96,410.38,96480572.38,3.8006777297,22664348.53,15799444.58,32909984.67,-8065728.81,78431287.71,34151628.68,33551233.92,2025-10-31
641,600728,佳都科技,-193051577.11,-205.38,4830573369.86,29.9655440605,4218683124.5,152085118.76,180896050.01,-5881134.84,4737651791.88,-228291232.82,-228963206.76,2025-10-31
642,600727,鲁北化工,237126968.1,503.57,4069291046.37,9.2937176891,3522205594.13,16319334.96,85245705.21,8566689.86,3719807042.54,360588267.01,362499924.1,2025-10-31
643,600720,中交设计,980648758.46,2.76,6727142451.17,-22.9898631638,4805552592.73,126375681.1,300419742.03,-79547180.04,5540751415.48,1158484700.88,1158001863.23,2025-10-31
644,600716,凤凰股份,-28631852.71,-162.05,136083223.8,-51.3705655171,101005362.97,12741030.33,25961020.4,25656685.42,179289468.79,-29440229.01,-29450636.85,2025-10-31
645,600715,文投控股,-397717298.87,-189.876244795426,306394470.52,-31.8544070641,236809975.65,2989329.02,83027308.71,118387417.16,487454345.27,-219321024.27,-400148517.84,2025-10-31
646,600713,南京医药,441882390.22,0.36,40938180822.52,0.9653002974,38414540220.25,845968276.41,346175353.89,400554221.7,40123096334.31,771608225.76,762554430.98,2025-10-31
647,600707,彩虹股份,1229035965.37,301.85,9002974517.48,4.6119119329,7041347858.76,14815085.35,227554344.26,195473883.99,7911464062.08,1233782227.33,1216909262.83,2025-10-31
648,600698,湖南天雁,1233041.09,-71.35,298505605.07,-16.7877501052,264443403.11,7815478.66,27000963.79,-1831623.58,310186965.33,-578957.58,1233041.09,2025-10-31
649,600694,大商股份,531240254.74,17.99,5288043884.22,-6.8212496569,3101531137.6,600737260.31,551695723.86,93304004.74,4528445485.03,804327356.14,809094483.51,2025-10-31
650,600691,潞化科技,-387075446.71,-68.27,7917721972.29,-27.9180636549,7525184321.37,66948827.27,369178925.02,252447865.27,8452160373.47,-485124190.49,-482141131.46,2025-10-31
651,600690,海尔智家,15148238900.5,15.27,212805485073.14,2.1704889041,155094252316.33,22814688626.83,8111847299.37,101140618.46,195293323617.63,18810649496.36,18815790585.18,2025-10-31
652,600689,上海三毛,16336869.43,-19.67,813224771.73,1.9129660314,767728069.01,21374218.31,22904539.87,-9128587.77,805246855.68,19013302.8,18948718.47,2025-10-31
653,600686,金龙汽车,76392451.56,34.73,14399821132.81,2.2395428945,12865294009.98,621038162.76,400182526.54,14898667.75,14484178724.84,133746705.3,144563304.65,2025-10-31
654,600685,中船防务,187261791.37,673.83,12686994741.32,29.8254210909,11584298071.64,39732785.77,424011566.99,-177443799.87,12585975304.23,200732804.67,201548132.71,2025-10-31
655,600684,珠江股份,17337021.24,122.847705123873,1131228303.28,-59.8098126473,910566478.62,12333074.04,105569423.79,20125408.35,1073767889.8,31998516.81,31475774.88,2025-10-31
656,600683,京投发展,-845117733.45,-1285.82,1126270993.18,-88.8948946471,1136823496.21,73340675.39,121912836.6,214045124.85,1568580102.26,-961066371.35,-967499916.67,2025-10-31
657,600682,南京新百,221561280.86,-44.31,4871569389.3,2.4165515701,2701677738.03,431485113.73,1060806315.13,-69855103.45,4373402633.27,492182584.08,470347006.9,2025-10-31
658,600681,百川能源,172225509.2,-35.15,3486172889.9,1.7987743614,3041591571.8,35527887.05,93378058.28,57096234.73,3246695732.67,251815523.32,249347895.54,2025-10-31
659,600678,四川金顶,-6164199.36,-50.040911722592,223532985.32,-6.195720818,172529438.85,1195952.92,37179853.26,10445010.28,231535564.45,-2607060.44,-4465006.54,2025-10-31
660,600676,交运股份,-225028518.2,-152.7,3022559560.65,-21.1513641495,2910256193.33,46515672.23,274157747.64,1456550.8,3273415290.26,-228724459.49,-225291047.11,2025-10-31
661,600675,中华企业,-527117151.79,-167.47,1674871483.24,-82.3130261744,1272883041.38,64003396.47,199726387.36,539663610.69,2214203204.73,-519958457.99,-510859528.3,2025-10-31
662,600666,奥瑞德,-27521986.21,83.88321882092,290858993.76,20.2817204218,250322702.52,3561949.87,73598284.27,-745729.96,344609986.16,-28800513.14,-29511000.88,2025-10-31
663,600658,电子城,-490608673.91,-4595.27,1537550141.78,-39.8735242653,954966422.44,42487834.23,180301584.12,217248610.23,1708901315.82,-422986525.25,-423212676.27,2025-10-31
664,600657,信达地产,-86727091.66,-133.54,3499341894.56,-10.8709142409,2487424141.47,163219415.04,414058391.79,999001225.29,4104600730.65,5373481.25,17733925.1,2025-10-31
665,600655,豫园股份,1159394392.63,-48.12,36100820473.99,-8.7154741153,31385994513.61,1927330577.0,1966443295.51,1294037920.31,36933353720.05,1626883918.85,1618020386.65,2025-10-31
666,600654,中安科,10689450.67,-65.22,2041802998.83,4.5530273274,1716724757.44,32307782.32,268142034.25,15998963.35,2092770173.68,18880275.9,18939170.65,2025-10-31
667,600653,申华控股,-56238318.79,19.44,3106764331.57,-18.5594937988,2910020505.03,81283726.48,123145889.08,55783248.59,3184854124.64,-53920621.39,-53180669.01,2025-10-31
668,600650,锦江在线,163732739.89,39.09,1339284840.18,-10.3855032954,1107745449.98,103450047.71,106797592.92,-12932026.85,1314683676.47,169112086.66,199436211.08,2025-10-31
669,600649,城投控股,-216169515.37,-173.36,915917730.3,-33.8379724925,547872644.28,80629040.82,148028153.85,478301748.74,1331629800.53,-210531407.18,-205846594.53,2025-10-31
670,600648,外高桥,437315091.34,-29.53,5090464237.22,-6.5649124665,3260906986.03,217997341.05,307956511.55,327993775.51,4483808306.86,659990564.69,687179752.09,2025-10-31
671,600644,乐山电力,68568750.78,-3.98,2323390306.55,5.7044113998,1936253216.03,75684626.24,210462360.0,15513573.3,2258123117.47,83898580.48,87033975.47,2025-10-31
672,600642,申能股份,3280713116.96,31.05,22372458358.12,2.2083583283,18042260992.83,3976976.65,639731586.78,872555288.97,19777158014.69,4533857336.15,4540934302.69,2025-10-31
673,600639,浦东金桥,390595767.17,-75.9,2033998649.61,-62.1107235968,878284933.25,34871617.53,90334836.55,315268101.16,1576032499.1,497278959.28,497643808.21,2025-10-31
674,600638,新黄浦,55876615.69,-31.86,1456990128.63,-46.0481265297,908175601.64,165319404.28,174545233.73,106579209.49,1396895232.5,137153823.93,140390131.78,2025-10-31
675,600637,东方明珠,718767896.19,-8.58,5187732606.32,-7.4671165516,3499645850.17,504492307.37,601970497.55,-106963683.48,4680474654.03,936943186.05,916647742.93,2025-10-31
676,600636,*ST国化,-18358130.89,-131.71,159245058.4,-34.9604602178,41562955.89,64676358.08,41998090.11,-9708350.39,200712885.13,-20199341.89,-20211048.96,2025-10-31
677,600635,大众公用,170339549.91,-37.65,4788881550.75,-2.2330994226,3930014329.06,180749872.28,313927883.23,143701767.56,4586573520.2,376626248.58,377484667.93,2025-10-31
678,600628,新世界,65431380.13,26.79,806810686.48,0.0387549269,474592123.2,88621132.12,150746279.52,9133888.43,741545621.17,78895531.88,80878804.35,2025-10-31
679,600626,申达股份,-53226808.34,77.572722497798,8939723830.79,4.1810175955,8097466815.67,142665504.99,449770964.9,140933234.49,8959686161.96,33625730.12,22165309.91,2025-10-31
680,600624,ST复华,-32208610.08,-565.95,476767356.22,-7.8643008844,298190616.01,95109716.0,77475685.48,10707317.44,513029106.22,-33806003.45,-31644237.69,2025-10-31
681,600622,光大嘉宝,-419675650.01,52.126864285524,1219047701.44,-64.9196779215,740899151.4,34296076.94,175259821.7,367610427.49,1391138557.36,-468834425.55,-303234589.63,2025-10-31
682,600619,海立股份,22710947.4,125.69475312469,15173007610.24,13.3630829551,13494887585.99,196137653.81,665188040.39,104779270.52,15208775990.43,17944102.8,17103641.85,2025-10-31
683,600617,国新能源,-9980056.49,74.200794508341,11905797924.06,-2.2345069653,10910559429.91,38246641.16,482710328.62,535971255.22,12015075469.11,90965992.28,85922093.15,2025-10-31
684,600616,金枫酒业,-29660087.99,-125.09,354367069.28,-1.6809516053,215307785.22,83963516.58,89472272.44,-10560886.53,398708268.26,-36408313.82,-36786376.92,2025-10-31
685,600613,神奇制药,59353789.97,-10.0,1563273519.07,-8.6095137202,799209934.66,559647311.54,66570448.65,1883584.63,1481112830.96,74322170.85,72211055.48,2025-10-31
686,600611,大众交通,223511705.14,-20.19,2207113603.27,-30.9776984533,1584048654.88,82525452.02,157057300.33,127428687.65,2045993453.33,309037785.06,311327643.84,2025-10-31
687,600609,金杯汽车,291686799.55,52.84,3427098372.77,-13.2098143038,2848850972.45,9339284.78,126200265.86,2441927.74,3214919958.32,363865713.39,436898997.9,2025-10-31
688,600606,绿地控股,236607741.06,-90.4,160127304934.52,-36.8730422789,142685896896.17,2222299061.66,5176177522.67,5458998747.64,159232229926.92,1942707055.53,1003738514.32,2025-10-31
689,600605,汇通能源,98417204.98,127.05,101920959.04,16.3341582659,54860759.1,5338495.01,16808113.84,-11252606.22,67946030.81,36915163.6,122308756.6,2025-10-31
690,600597,光明乳业,116361522.0,-63.94,18412967670.0,-10.8948881737,14862204630.0,2310250526.0,698680612.0,190925074.0,18217986756.0,-111811362.0,-257262106.0,2025-10-31
691,600588,用友网络,-1455368589.0,-41.24411616734,5738120114.0,0.532262282,2936345461.0,1767521518.0,904561026.0,84396425.0,7321592578.0,-1475795226.0,-1482476133.0,2025-10-31
692,600587,新华医疗,617001476.94,6.63,7423276804.99,1.4549461957,5469945360.84,641583248.14,301150902.47,13167690.82,6773832366.13,726441151.9,724080458.36,2025-10-31
693,600586,金晶科技,296938098.35,-29.74,5061632594.36,-12.7976872929,4157253606.05,29747772.28,165604330.54,83533756.68,4666202839.79,345391754.37,343815730.19,2025-10-31
694,600585,海螺水泥,5198463674.0,-40.05,68150360320.0,-31.2700233924,54832853992.0,2333418100.0,4289168654.0,-721641096.0,62279305371.0,6391071515.0,6802401181.0,2025-10-31
695,600571,信雅达,-5727087.56,-110.75,1276272908.92,-8.7734567338,983939132.3,37707134.66,99183006.96,296054.11,1323034718.19,-33465018.62,-34154792.74,2025-10-31
696,600570,恒生电子,445518785.78,-26.57,4187756325.06,-4.1178120298,1285253235.29,501551920.98,616120151.68,-4452959.35,4123914997.16,454813804.31,455568640.26,2025-10-31
697,600569,安阳钢铁,-2175653622.31,-143.378490330471,24169889350.12,-25.6720473053,25118839960.96,90294147.21,600100900.46,479417068.75,27266609115.7,-3055976934.53,-3018747415.48,2025-10-31
698,600568,ST中珠,-92418454.93,64.0,383899359.14,0.7992958731,299737984.84,21820984.01,133193673.35,-15654901.42,458595983.31,-82123008.3,-81762056.93,2025-10-31
699,600567,山鹰国际,68514584.28,158.861481111282,21602124745.32,1.3614279318,19928849266.13,261860916.74,912889755.8,814893132.29,22743006720.99,12355932.59,60458914.03,2025-10-31
700,600563,法拉电子,774767524.51,8.43,3439073688.39,19.7670245845,2265891103.45,53617244.29,117367394.0,-4140750.66,2578143313.92,893191608.0,895550626.07,2025-10-31
701,600557,康缘药业,310128227.84,2.18,3106799761.83,-11.0552555719,801097215.53,1177466926.09,294290569.09,734986.77,2833699565.95,355790468.57,360748097.48,2025-10-31
702,600552,凯盛科技,111837975.39,16.41,3574274357.32,-5.463122712,2906451789.05,78921684.54,197563217.2,81758297.22,3527492879.85,175892128.78,176177570.3,2025-10-31
703,600548,深高速,1374015126.12,-10.71,5859778932.6,-8.0283498114,3572265119.48,9298474.47,277764551.24,756854775.51,4678911218.76,1892340898.81,1896575244.07,2025-10-31
704,600546,山煤国际,2081743337.73,-47.91,21964982320.12,-23.9934954294,14350042113.68,335199609.31,1139572595.88,171404930.8,17516215919.75,4534980441.8,4270258666.72,2025-10-31
705,600543,莫高股份,-27238268.63,-27.770779360312,224501623.09,61.5765533067,180888982.76,31761051.28,29471854.05,-181647.96,249078456.16,-26824777.57,-27222463.09,2025-10-31
706,600540,新赛股份,-59155128.59,-526.92,618298525.33,15.2454310733,640362208.66,6554915.78,30660526.98,35630393.57,715906786.84,-63290985.2,-63968661.05,2025-10-31
707,600538,国发股份,-20882634.26,-32.777344887596,263478867.98,-6.9852552327,197843481.23,24906863.01,36313547.48,-976731.65,265931191.83,-16098013.38,-18700729.21,2025-10-31
708,600537,亿晶光电,-572052974.72,-289.62,2709277524.0,-58.925178165,2984322954.22,88932502.37,113132912.27,84555759.03,3357008113.08,-641557030.22,-641597603.43,2025-10-31
709,600533,栖霞建设,-174007011.55,-1333.02327464782,1315610206.95,-65.7027715122,1060094925.23,36335337.44,88785132.82,71287628.51,1369284241.43,-155329495.43,-155831799.56,2025-10-31
710,600528,中铁工业,1318544491.19,-11.25,20539047905.65,-5.5560338332,16670323846.83,446611881.17,1013924695.98,-4242135.18,19452989518.22,1412632528.88,1419252803.44,2025-10-31
711,600527,江南高纤,30101726.3,-15.79,411109865.25,-22.7026001746,355899542.39,1191798.74,16258409.24,-7940277.38,395435997.53,34858539.59,34950575.1,2025-10-31
712,600526,菲达环保,168230795.52,21.93,2223547500.55,-12.5898136368,1669217177.5,38754997.75,199967276.02,12079207.16,2040942225.42,231231902.12,231354477.0,2025-10-31
713,600521,华海药业,1031268135.45,42.92,7247654219.7,16.7551968907,2705990778.14,1349133068.97,991085356.96,121556009.42,5940775917.63,1316952527.66,1311263170.14,2025-10-31
714,600518,康美药业,5015537.6,103.388668005191,3873558308.67,9.604570835,3325075721.52,312989742.49,376004973.56,-2874198.08,4077729703.82,-40789411.08,19095443.64,2025-10-31
715,600516,方大炭素,256606533.8,-33.23,3150858656.23,-18.7367483083,2588910273.2,90674159.74,260297034.29,-115697646.53,2934588506.67,314894338.54,317613206.62,2025-10-31
716,600502,安徽建工,962043938.34,-9.55,53963422119.49,-9.9561209615,47371240377.47,202356585.94,1577926665.31,1495192482.36,52164763617.75,1640853598.25,1683432644.32,2025-10-31
717,600500,中化国际,-516329171.51,4.324163094704,39491389459.36,-8.1889664272,38580518754.44,372339357.58,1038113491.07,499357248.64,41104883941.98,-829159143.54,-759670199.84,2025-10-31
718,600499,科达制造,702895100.0,-65.19,8563795900.0,21.8506380066,6260469500.0,444923700.0,697417700.0,345066600.0,8037186600.0,950286000.0,960425000.0,2025-10-31
719,600493,凤竹纺织,62578746.42,-7.35,727893834.46,1.4154264816,632697701.47,18722625.42,36789655.36,-1074834.8,710862907.41,80956635.6,80593382.74,2025-10-31
720,600482,中国动力,743159786.77,80.46,36619696839.68,12.8311517918,31927977659.42,299449979.82,1788062823.82,-156435259.3,35831292001.4,1398827848.47,1408004619.32,2025-10-31
721,600477,杭萧钢构,205293507.82,-17.27,5979000069.62,-22.2414996486,4966512689.74,93908761.14,283939704.95,124784209.62,5860672568.41,204532701.98,205616041.63,2025-10-31
722,600476,湘邮科技,-4268227.04,81.636448415387,293259355.44,-10.6643511132,244257207.85,22961373.92,30707166.98,6956409.28,312631601.98,-3108553.31,-3140461.6,2025-10-31
723,600469,风神股份,275813491.77,-2.05,4880189568.74,14.7830234107,4036828964.22,132732410.63,120513891.97,13230824.33,4543163653.85,290689333.99,313378519.0,2025-10-31
724,600463,空港股份,-64088857.89,-4.234862624505,345327371.07,-37.9135768459,268584867.04,27665.14,85830960.56,26902517.51,394938593.3,-80811274.94,-79854654.83,2025-10-31
725,600460,士兰微,28878343.7,115.259163454061,8163254166.56,18.3215822242,6589629491.54,127766746.64,363848075.99,158824507.9,8030220432.44,-154410704.54,-161825472.58,2025-10-31
726,600459,贵研铂业,445281645.46,10.96,36967781940.85,5.36931012,35958642916.08,61572146.58,242178545.87,70230735.85,36566422933.75,522803079.02,522668482.7,2025-10-31
727,600458,时代新材,304675645.15,11.13,13065702990.69,3.6782714129,10950439158.79,354754818.54,608650179.07,85540908.72,12717504512.38,372646552.17,399191071.47,2025-10-31
728,600448,华纺股份,2523323.83,-24.34,2156916801.27,-3.1785278065,1896176391.16,34097817.28,48703718.47,49724890.82,2158504075.6,3477943.06,3086235.23,2025-10-31
729,600439,瑞贝卡,9954145.54,-34.95,871107875.2,1.6380710663,580842304.99,127642237.26,53062589.57,59548950.5,859241098.31,10777436.1,10802186.58,2025-10-31
730,600433,冠豪高新,69985533.45,200.88,5337508996.51,-0.8617827781,4772683566.53,47882252.17,158386417.21,36931818.37,5360496089.63,29162720.65,30055023.93,2025-10-31
731,600425,青松建化,405565761.22,-20.22,3454149285.13,-3.3341765651,2621105034.56,20127336.02,183563478.17,21878644.99,2992725581.4,503366644.2,507358809.24,2025-10-31
732,600418,江淮汽车,625121017.98,239.86,32271164286.02,-5.0235964466,28815365668.26,1049078536.56,1220865932.6,-28954114.06,32573963771.59,549223273.47,552275663.73,2025-10-31
733,600416,湘电股份,167809241.31,-35.65,3517654634.94,2.3448600471,2909008983.83,105758025.43,185592224.12,5516219.92,3356328885.67,187452672.66,192241286.42,2025-10-31
734,600406,国电南瑞,4477982299.09,7.53,32567408289.27,12.9706494116,23073797793.24,1493066222.41,910844113.96,-229499913.58,27571708591.44,5439212838.64,5454701579.61,2025-10-31
735,600405,动力源,-156908676.34,-59.611385215232,451955346.67,-32.1194679195,316531828.45,98736987.88,67842116.05,35023527.99,613523662.37,-159110461.58,-159057469.27,2025-10-31
736,600399,抚顺特钢,315761219.35,11.83,6434083563.98,2.5405617855,5575737960.65,46534929.15,173801148.75,30247669.73,6181173186.32,323421431.56,308679352.79,2025-10-31
737,600398,海澜之家,1907663862.73,-22.19,15258841551.72,-1.9928586377,8454212602.38,3352419258.74,732532857.76,-131531847.87,12666496589.76,2457796647.38,2458882305.07,2025-10-31
738,600392,盛和资源,92869635.79,-41.29,8241327138.94,-37.1226293944,7937166480.32,23559499.25,141314890.09,50610469.56,8176585173.04,172671551.96,163492496.28,2025-10-31
739,600383,金地集团,-3410211443.46,-5978.05,41003151349.38,-21.5929500028,35847401196.9,1331994095.67,1995326020.41,1518120550.62,41345234767.73,-4889770057.98,-4857216946.1,2025-10-31
740,600382,广东明珠,22450267.01,-89.2,268376544.89,-45.4376739157,125232870.25,1521624.91,57819567.16,-6509338.63,188963459.05,74932041.02,52501426.25,2025-10-31
741,600373,中文传媒,784058523.26,-41.86,7200604139.6,-4.3437950045,4197597719.79,615800318.98,1165801630.33,-119239720.57,6085337840.27,1166888108.83,1125580464.46,2025-10-31
742,600370,三房巷,-291348063.32,-1241.36,18290670821.84,4.0303597614,18308445649.64,9934372.58,71437968.17,182424331.81,18623843876.41,-388070879.63,-387858004.92,2025-10-31
743,600369,西南证券,483016029.96,-15.29,1763977350.46,-6.3968460994,,,1240038244.01,,1267846491.47,496130858.99,485518069.72,2025-10-31
744,600366,宁波韵升,69139326.46,128.000156019815,3653624474.5,-9.1938880015,3175061672.49,63189999.69,190094863.76,6809222.95,3599820986.63,63274104.5,68498387.05,2025-10-31
745,600365,ST通葡,-31610812.96,55.866016778174,586374395.85,0.2964096531,489676431.07,39080308.12,45116463.53,9109482.22,592651297.65,-17333127.11,-26273475.69,2025-10-31
746,600363,联创光电,335460649.0,5.05,2433896081.82,-1.4226047803,1971336588.98,55010898.56,166868882.72,45721967.21,2367191937.32,393239975.72,390296374.05,2025-10-31
747,600359,新农开发,33171185.16,-32.94,433905755.33,-19.5023908279,323613967.19,11175050.45,38880588.71,5857232.24,391336532.73,39088569.76,37271136.04,2025-10-31
748,600356,恒丰纸业,110035507.22,24.56,1918275441.31,4.8696243452,1606261086.28,30645575.99,69955045.87,11390121.72,1795677982.93,132862709.01,130971135.95,2025-10-31
749,600355,*ST精伦,-29343195.58,-1.075357929188,104000084.69,0.9325381557,81176602.79,9014863.16,16806707.66,1060785.95,131355431.39,-29243386.12,-29075758.19,2025-10-31
750,600354,敦煌种业,17984736.07,232.837450022629,690372359.68,31.3905663739,454294628.52,35044781.54,85583012.82,4982254.55,596489174.13,100844637.82,109508839.59,2025-10-31
751,600350,山东高速,2515541219.55,-5.7,19901493629.94,10.9367521359,14365499535.19,46879702.22,671558762.33,1191438815.19,16681216096.06,4149369713.65,4182593252.49,2025-10-31
752,600345,长江通信,49787899.48,-36.95,440340350.77,35.4584150678,329339815.04,60326735.32,38502788.51,-8524578.97,493143241.21,50489366.93,50480787.77,2025-10-31
753,600343,航天动力,-83266006.35,-44.364583342499,593784106.71,9.0700437769,530101764.32,32088031.56,67422735.88,7127612.17,674910770.7,-83171529.83,-88439732.25,2025-10-31
754,600340,华夏幸福,-2240604383.97,-19.146358825629,13911717667.93,-21.7862257184,9676507591.86,450274754.63,2074414817.22,6044474998.58,19227301820.42,-2306020182.49,-3747445308.27,2025-10-31
755,600339,中油工程,632272739.6,-29.4,51173799719.73,-3.1766100569,46642103828.3,59015810.53,1934344370.04,-65758648.67,49824271286.43,1079479722.47,1079786180.11,2025-10-31
756,600337,美克家居,-440355093.2,-65.253883890241,2472477565.04,-26.5391695344,1529883637.53,978039103.35,324812910.6,139304687.35,3071899580.13,-520749297.68,-522565620.44,2025-10-31
757,600331,宏达股份,21294194.59,130.861512462608,2419136750.32,7.9004043461,2186851558.08,16882493.13,106157099.79,43336507.9,2362573995.17,22811156.98,23185226.92,2025-10-31
758,600329,达仁堂,803855815.93,-6.33,5610932556.42,-3.1435521682,2863425877.53,1475052433.95,344646376.99,5854841.21,4846482475.81,919432930.61,923411185.08,2025-10-31
759,600326,西藏天路,-65969619.78,75.499199836636,2044289043.8,-27.2207832161,1710563354.45,23005799.83,288573954.05,88941357.67,2169794832.27,-44848417.18,-63365542.79,2025-10-31
760,600325,华发股份,1335411352.46,-39.56,31630442179.53,-33.2101050762,26633506292.18,1101529750.41,842746489.08,259929134.35,29206142301.05,2600859282.01,2621245539.17,2025-10-31
761,600322,津投城开,-214983026.27,-1069.41813315464,1021910983.36,-72.5520904924,786017504.02,77399308.01,70726437.86,432190173.68,1387299645.79,-223724633.72,-218782772.01,2025-10-31
762,600320,振华重工,432863389.0,35.43,25362573767.0,12.6664786481,22223811480.0,155435029.0,584662656.0,456412059.0,24541205236.0,631995135.0,684380209.0,2025-10-31
763,600313,农发种业,55368125.49,-44.82,3022240634.58,-30.5550605117,2776085341.99,63315486.9,102212393.26,9350850.54,3004390987.61,82641334.57,101944334.16,2025-10-31
764,600308,华泰股份,167563593.81,-25.32,9624223210.52,-5.4555640234,8816057595.58,39847194.72,256360537.54,66028459.79,9494859372.03,207263535.35,199557485.58,2025-10-31
765,600307,酒钢宏兴,-1946003911.09,-444.968407340655,25757038568.72,-14.4707857947,24474779746.53,1093752302.74,661488955.46,425377016.26,27567048168.79,-1928373019.07,-1908325664.05,2025-10-31
766,600305,恒顺醋业,120139238.22,-13.08,1531184186.88,-6.5143267921,976513817.16,266199995.87,79136848.14,-2393698.76,1409173678.57,135158746.15,134858317.32,2025-10-31
767,600303,曙光股份,-223663529.76,9.932569036387,944398601.49,-1.8302974451,933343889.3,40671007.23,104494931.21,15160417.17,1174695577.01,-223385718.88,-224333027.0,2025-10-31
768,600301,华锡有色,540386012.86,100.91,3415458168.97,56.2053305662,2008198623.2,3932138.07,195795943.89,29593840.82,2398577672.96,1013566631.33,1008338722.87,2025-10-31
769,600299,安迪苏,1003279525.0,3016.00240493,11375947704.0,18.322664107,7896980588.0,968093391.0,646437741.0,79782900.0,9935767313.0,1378171752.0,1301851498.0,2025-10-31
770,600289,ST信通,28756328.51,103.348449455667,192669785.28,37.4629826382,83135281.96,12985926.14,79109564.19,-5343038.58,211265065.37,27616339.02,28656688.99,2025-10-31
771,600287,苏豪时尚,57206906.05,4.45,2313482032.58,-10.4369119067,1985771311.43,157421755.39,81510782.47,8179580.38,2241796400.06,118942772.11,120438435.01,2025-10-31
772,600284,浦东建设,461886210.36,-7.66,14072210078.84,4.1635951409,12926774304.48,3562439.85,164607494.11,18844576.36,13687467860.68,503427219.31,503671454.7,2025-10-31
773,600283,钱江水利,165442960.39,2.45,1564145779.27,5.8717710619,921018871.13,120440818.82,176077324.35,54164131.84,1311636240.99,303858785.55,304979796.63,2025-10-31
774,600278,东方创业,187877664.0,-16.72,25065142772.23,-10.5805954476,23837034060.85,624573599.21,325828330.5,-13118141.49,24803809648.88,312108410.69,314759556.92,2025-10-31
775,600272,开开实业,34604528.03,74.87,744925411.46,21.1033569575,610474957.47,50092745.11,56604791.94,3443328.82,724858329.79,65871677.03,65645892.51,2025-10-31
776,600271,航天信息,-18848020.93,-104.08,5776966468.99,-42.4631275846,4316534004.01,521436174.21,665813563.19,-45527215.26,6057384675.66,4227171.83,9862959.97,2025-10-31
777,600266,城建发展,545382854.87,-8.82,11761044915.78,-26.7234405581,9858417417.86,426021798.73,414152612.9,337207178.61,11698478064.88,728692060.17,724394816.89,2025-10-31
778,600259,中稀有色,-275523161.34,-265.56,8738741980.75,-43.847018049,8680813376.47,17013316.03,98638668.35,66648928.46,8938692666.87,-338479491.22,-352460408.66,2025-10-31
779,600257,大湖股份,-21422233.02,-1012.90154537226,764848062.43,-12.3715474812,590902277.23,21740809.76,92829439.03,27666505.96,748283769.02,12400109.4,11214032.14,2025-10-31
780,600256,广汇能源,1985391428.96,-58.72,26391147532.75,-46.7584531341,21652682952.8,174695487.68,490370036.49,804216966.82,24028218031.18,2461148848.83,2391250291.55,2025-10-31
781,600252,中恒集团,11220044.44,-90.69,1926864707.67,-11.0300251253,1146563966.59,533498171.46,235801743.29,-32782670.54,1993111146.15,-33053342.42,809116.89,2025-10-31
782,600248,陕建股份,2973377683.07,-2.16,101823920287.41,-18.1445329175,90894703005.21,76847368.08,2461209146.37,1440783276.55,96571344047.34,3906712496.5,3992241670.62,2025-10-31
783,600246,万通发展,-116031813.35,31.37,331748661.02,-8.1820196106,229630626.02,33596427.14,114765252.36,50003488.49,477797102.91,-126526988.57,-124129525.23,2025-10-31
784,600243,*ST海华,-17618221.81,37.888832728428,185369320.18,-31.7387995174,168084312.44,1563789.7,28782487.41,-867557.76,208718253.62,-18506147.65,-18627804.91,2025-10-31
785,600238,*ST椰岛,-10109307.15,84.763886252567,163331118.11,0.1491972831,100443072.56,12174491.14,41142907.13,12163886.98,180411623.88,-18407092.96,-11815086.9,2025-10-31
786,600236,桂冠电力,2164148280.7,90.34,7353712644.01,20.6126459258,3737644086.76,,241837180.79,410468641.69,4492052581.4,2915217202.72,2912031198.5,2025-10-31
787,600234,科新发展,11475895.5,156.344510706889,157217181.86,113.8462072203,129180005.21,1444694.63,17783659.98,-319225.9,151941457.35,12248300.33,12247496.43,2025-10-31
788,600230,沧州大化,21235679.15,-89.82,3758644507.83,1.0176833269,3489178290.97,4418069.69,121658763.64,5757570.22,3754825594.67,21661762.56,27713645.79,2025-10-31
789,600227,赤天化,-34613393.99,85.926385859251,1704537437.78,2.0809802193,1511716247.24,13518113.46,94772302.17,46103057.23,1741801037.2,-31451642.17,-34406750.27,2025-10-31
790,600221,海航控股,2172860000.0,145.43,51728852000.0,10.6774343173,46236838000.0,1476648000.0,857217000.0,2503508000.0,51224460000.0,2000787000.0,2158812000.0,2025-10-31
791,600217,中再资环,63315032.23,17.43,2899868085.76,6.0393788041,2524733049.12,11856837.2,91435721.5,104714670.41,2761889201.82,92792901.55,92430188.35,2025-10-31
792,600212,绿能慧充,-3253520.7,-113.06,612291523.87,19.5984812235,432295454.52,85367148.01,56912932.89,-1609113.01,614020610.62,-6026155.29,-6282109.47,2025-10-31
793,600211,西藏药业,791866935.56,-7.42,2175443351.59,-8.13200001,110341212.94,1212500547.0,79711039.37,-41827376.04,1408185831.63,884452957.66,882826441.17,2025-10-31
794,600208,衢州发展,1982948030.4,1.43,14121313355.64,279.2801267315,8263897690.1,226480228.71,241798085.62,1267354184.69,11463665337.25,4347255461.24,4201510868.93,2025-10-31
795,600207,安彩高科,-89915085.17,-351.16,3460716070.16,-14.4759980679,3237854363.19,30532270.17,116665486.95,60498107.7,3568633714.12,-87076956.73,-85207168.56,2025-10-31
796,600206,有研新材,114583024.43,-17.98,6759513332.43,-18.754982001,6346833280.74,30719989.31,97988693.25,28500670.16,6674660673.23,92579207.5,93191368.54,2025-10-31
797,600192,长城电工,-119242822.55,-129.56,1236512502.98,-24.4467270572,1045987878.96,88809603.61,109824845.38,46286151.07,1361818707.16,-122208328.81,-122712116.74,2025-10-31
798,600191,华资实业,43406173.7,54.2,413529943.02,-3.10166762,381950809.73,967257.15,34266246.39,7684164.7,428404934.37,46214195.04,46204683.41,2025-10-31
799,600189,泉阳泉,21418500.35,-42.99,899047565.69,-4.9621038131,595954749.12,115428133.4,81162471.91,14064505.02,836376010.72,72497060.16,72365041.37,2025-10-31
800,600188,兖矿能源,11701355000.0,-26.98,118787801000.0,-21.4952446191,76841927000.0,3349643000.0,7657045000.0,3026229000.0,98524416000.0,21813809000.0,22269239000.0,2025-10-31
801,600187,国中水务,8997939.76,-86.63,125446931.2,-26.393802726,87388356.71,3887328.21,61115400.12,2980293.4,160629139.66,25276291.34,15677447.3,2025-10-31
802,600186,莲花控股,165139857.17,74.58,1934560124.85,19.8360174122,1480352117.6,105104401.23,78933624.31,7250604.19,1706316063.21,227372147.83,227171246.87,2025-10-31
803,600177,雅戈尔,2511927591.51,-6.73,8399867467.16,12.6327621359,4800767412.27,2092515234.89,624274853.08,450323343.75,8233971178.24,2617014001.36,2599423924.15,2025-10-31
804,600172,黄河旋风,-425342760.02,-16.115485942072,939093018.28,-24.1319886476,842308316.18,34301313.15,151783531.29,210707957.08,1316668680.24,-438673402.38,-439163740.73,2025-10-31
805,600171,上海贝岭,238565026.45,282.609026211384,1869959111.18,30.7212013162,1335573347.75,50819834.35,55278274.85,-19328129.06,1720499697.52,250272870.98,250961352.99,2025-10-31
806,600170,上海建工,1351313577.53,4.3,214012665974.71,-4.0479175237,196483361807.53,422283091.43,5759005315.75,1508506922.58,211874629459.43,2332394064.36,2300677686.71,2025-10-31
807,600167,联美控股,508207808.54,-22.19,2297679341.14,5.1853335819,1564766458.89,94179232.52,96704547.99,-94289136.17,1689386653.93,605516399.25,621976015.84,2025-10-31
808,600166,福田汽车,432183659.36,-45.2,35761606894.36,-16.7212755199,31377141230.35,1293537769.15,1115751402.02,-1207967.86,35525303483.6,431193157.84,461884061.55,2025-10-31
809,600165,ST宁科,-479541476.01,-117.750874292089,184527070.49,9.4408649055,185171049.2,6061085.67,33578583.35,111714211.71,352868998.74,-483351744.17,-498719191.37,2025-10-31
810,600159,大龙地产,-15320647.32,-501.01,552651379.67,3.9450326003,496498823.34,8598801.39,34807377.73,-545169.27,550682656.53,-9136639.09,-8737671.45,2025-10-31
811,600155,华创云信,107875461.25,-67.62,2189959791.62,4.8864518452,,,1712667231.13,,2013162497.32,176797294.3,128540292.41,2025-10-31
812,600153,建发股份,2058204158.65,-83.43,502136223022.84,-16.1294844259,480194632542.63,8136484814.68,1807973844.34,2977226956.56,495489724562.09,4219438332.62,4229537450.81,2025-10-31
813,600151,航天机电,-40132244.09,-450.39,4150669621.85,-45.993941858,3775675524.15,91407829.25,208273455.28,68445564.9,4301530818.96,-45417512.59,-41622460.87,2025-10-31
814,600149,廊坊发展,69927991.73,676.157812962424,297871011.51,171.88955241,181773943.07,614245.17,15307323.24,2469944.62,218826541.07,84413524.77,84210766.87,2025-10-31
815,600138,中青旅,153058738.1,-25.77,7047773542.72,4.6518732553,5364771289.57,643772190.43,467162631.81,161342892.62,6694503672.28,361745104.33,354002744.95,2025-10-31
816,600137,浪莎股份,15534756.23,41.04,236326138.06,2.7980005403,192298017.59,9488147.15,8412948.43,-3118286.72,216491906.73,16871782.16,16773468.09,2025-10-31
817,600136,ST明诚,-28509101.38,98.526734718874,154645713.84,-58.9026378873,149523478.19,3604300.25,36505780.52,1114382.67,190995493.24,-34834416.38,-42334440.29,2025-10-31
818,600135,乐凯胶片,-57356819.32,-460.58,1099338506.81,-34.0330677264,952904198.73,43774161.88,100730103.74,-13935717.47,1171101868.62,-54176443.19,-53852090.82,2025-10-31
819,600133,东湖高新,218535347.05,-8.18,1242745297.31,-88.4887741782,859729453.04,56243101.68,98128792.22,38266492.25,1145046572.88,238424431.27,251196069.27,2025-10-31
820,600132,重庆啤酒,1331968723.29,-0.9,13062996755.34,0.2633847236,6635809947.0,1968554933.38,404430989.34,-23920492.37,9833537105.39,3303912607.41,3314393154.03,2025-10-31
821,600130,*ST波导,4109066.51,-71.88,210705783.04,-32.4906094923,182546688.63,1319227.33,18348278.4,-5383608.56,212651071.78,5366563.23,6536519.18,2025-10-31
822,600128,苏豪弘业,36445396.48,72.54,5408512617.63,26.117296107,5140824131.8,155042617.44,91784553.98,8686090.57,5411259144.58,81090579.96,65364369.94,2025-10-31
823,600125,铁龙物流,395132904.99,-13.24,10122985597.13,-4.9775213813,9297049447.9,51785139.33,82562199.89,1753694.5,9461639383.46,579386066.67,579629852.23,2025-10-31
824,600123,兰花科创,706787422.81,-60.7,8418814895.63,-12.3389999085,5936007298.18,74065418.27,790240508.33,167856446.46,7647362536.34,886928810.37,856685659.05,2025-10-31
825,600121,郑州煤电,13011162.18,114.29,3194491237.25,2.0390054028,2348907491.23,51387629.31,447940000.32,150694776.3,3173052582.28,187676528.21,166084794.41,2025-10-31
826,600117,西宁特钢,-402576383.58,65.475986585131,4116509230.65,24.6077704642,4399878120.82,26994856.98,137577008.29,116020907.44,4744279079.92,-578552720.22,-594272596.36,2025-10-31
827,600115,中国东航,-138000000.0,94.684129429892,102585000000.0,19.7765245718,96100000000.0,4063000000.0,2783000000.0,3989000000.0,107472000000.0,-319000000.0,51000000.0,2025-10-31
828,600109,国金证券,893645996.94,-27.7,4291228618.93,-14.6617679224,,,3239087562.82,,3259215967.69,1032012651.24,1028924631.11,2025-10-31
829,600107,ST尔雅,-48556076.9,-284.889977888599,257421589.13,-20.0609125621,175517162.01,74841151.21,39525225.55,5391130.38,298124273.75,-53017215.44,-52207151.92,2025-10-31
830,600106,重庆路桥,126114950.8,-23.75,84686299.15,-2.5164972636,6949828.91,,18069353.16,23950669.31,50487412.04,131120401.75,131120435.47,2025-10-31
831,600104,上汽集团,6907429736.63,-39.45,430482249350.85,-17.74,385577605790.64,14947335620.26,14883207897.14,1782676149.93,433783677964.04,10812277548.85,10995673089.49,2025-10-31
832,600098,广州发展,1586869882.81,3.88,36013087583.39,9.6341427653,32257060130.76,186479970.88,679932643.83,703217748.43,34370112568.88,2067345588.03,2025399836.95,2025-10-31
833,600097,开创国际,16379488.93,-0.12,1729761311.46,42.5603921089,1256289553.9,332613768.85,85346196.53,13147330.93,1690674625.94,30904676.39,30864513.84,2025-10-31
834,600089,特变电工,4299563497.26,-54.17,72369400917.4,-1.7860263689,58609942967.09,2189318967.16,2477811084.36,1089626529.08,66528807330.67,5152493655.31,5329485324.37,2025-10-31
835,600085,同仁堂,1350059386.69,-2.92,13819709536.21,0.716615383,7780359334.92,2408113633.87,1063261459.01,-9789377.97,11484211350.2,2417496365.06,2418655937.54,2025-10-31
836,600084,中信尼雅,407144.6,-94.69,101764796.75,-36.9194395539,42300439.33,22079476.62,32615289.1,-186084.34,108517825.66,75779.54,744940.94,2025-10-31
837,600082,海泰发展,-48428965.0,-36.535896572392,32826604.06,-91.2775415749,21308765.4,4998817.88,9911148.93,44412498.24,82594514.47,-48322423.49,-48284903.61,2025-10-31
838,600072,中船科技,-70587697.45,-152.3823696749,5067936374.31,-37.0123321747,4437109806.43,301312805.06,427430542.45,253172572.49,5710133727.56,-16464127.24,-15101059.71,2025-10-31
839,600067,冠城新材,-72278174.1,48.104476923988,6296824917.53,8.0661942186,5557928438.61,67982030.29,184578767.72,166312085.53,6232196053.07,45034721.74,46003122.26,2025-10-31
840,600064,南京高科,1838210180.62,10.08,1517708148.7,-64.2042624371,1192204747.91,57301569.07,77545404.15,162378408.32,1476624522.63,1897771742.21,1897152552.15,2025-10-31
841,600061,国投资本,2080938207.65,-14.29,10249686240.65,-20.09,1295738102.4,,4243666594.66,329732080.11,9222986976.76,3121636712.24,3114925404.64,2025-10-31
842,600058,五矿发展,136329202.26,-24.0,51385942451.08,-14.3814765435,49954475502.41,51233927.02,764207543.3,219541117.24,51098387744.35,194133788.92,203842344.7,2025-10-31
843,600053,九鼎投资,7004048.43,-62.35,190550723.79,-5.6754135989,59075532.03,10419194.12,112324329.8,1614699.09,190416953.03,17959883.37,17955063.52,2025-10-31
844,600052,东望时代,93187610.66,63.84,235553915.67,1.9927056705,166459409.14,6938315.75,43201533.69,-12910386.27,216281227.18,86027199.16,85038879.49,2025-10-31
845,600039,四川路桥,4772956032.83,-38.45,71877128823.99,-19.7377792594,60549583395.57,37160266.67,1223484042.55,2248922599.32,65820349643.52,5893991836.01,5924558525.03,2025-10-31
846,600037,歌华有线,-12033759.67,85.765534153838,1567359484.75,-3.6313440756,1418978549.93,89316870.94,68252482.23,-118698093.07,1541219724.85,306867.82,-2269004.39,2025-10-31
847,600033,福建高速,793240893.68,-0.2164,2268245670.36,-0.5666935552,895786767.48,,69400747.82,25388845.85,1001128400.5,1311087477.54,1313130103.35,2025-10-31
848,600031,三一重工,4867964000.0,19.66,58360802000.0,3.9163571001,42309691000.0,3900938000.0,1981599000.0,277624000.0,52830334000.0,5645269000.0,5658906000.0,2025-10-31
849,600026,中远海能,3456539450.83,-8.05,17555281417.45,3.6838047556,12363397837.29,47367747.56,724722592.76,890318220.78,14132575914.31,4516918395.71,4507087695.08,2025-10-31
850,600025,华能水电,7225690469.78,7.78,19417632125.34,7.0533508996,7800890862.48,39818079.67,346921338.65,1979396622.77,10603371150.47,9059503120.21,9052728227.5,2025-10-31
851,600019,宝钢股份,5882122270.58,-29.56,242855678089.72,-4.9057441916,230077315051.26,1169562502.8,2572537711.1,1153147670.97,238343528243.63,8731517350.96,8225317355.49,2025-10-31
852,600018,上港集团,11810588211.73,3.98,29026298539.82,5.8053122569,18111376794.3,81831075.41,2369401681.56,313073249.71,21551341866.88,14081776787.67,14762626235.68,2025-10-31
853,600016,民生银行,30486000000.0,-9.21,101660000000.0,-4.3686032511,,,34347000000.0,,69608000000.0,32052000000.0,32057000000.0,2025-10-31
854,600009,上海机场,1201623638.29,141.87,9190859564.62,16.0344833941,7117391931.58,,437308059.31,341909118.71,8109649457.81,1673180545.19,1671839622.47,2025-10-31
855,600008,首创环保,3256176755.97,154.67,13874845375.84,-1.8770068472,8955978170.08,32362389.15,1055471901.52,1114306349.52,11430887361.21,4214475315.35,4214635367.69,2025-10-31
856,600007,中国国贸,1018610360.0,1.63,2950448644.0,0.016221622,1165025057.0,54671276.0,89837513.0,14524920.0,1609968861.0,1344590524.0,1358901355.0,2025-10-31
857,600004,白云机场,667939034.32,143.71,5300466961.13,15.0431762934,3866421446.62,95121213.25,283160456.56,51853255.91,4445303898.76,954546209.24,954811162.29,2025-10-31
858,600000,浦发银行,35223000000.0,25.86,129839000000.0,-2.2407107631,,,36351000000.0,,93434000000.0,36405000000.0,37436000000.0,2025-10-31
859,301611,珂玛科技,225801117.08,295.42,616143829.77,74.6485264301,250020149.96,16129148.92,42012438.01,1459350.73,366009936.12,250749482.28,252170297.57,2025-10-31
860,301238,瑞泰新材,149491145.45,-63.44,1606133918.13,-47.7653759577,1276808749.76,20298429.25,96834965.07,-46861365.03,1419567795.34,213583263.02,211443902.93,2025-10-31
861,301059,金三江,37673857.04,69.72,271499097.52,38.9441190502,175843125.58,5769619.97,29215799.69,1287934.35,229188674.36,43442933.99,43226083.47,2025-10-31
862,300999,金龙鱼,1431202000.0,-32.78,175453859000.0,-6.9320097562,166875927000.0,4659734000.0,2767414000.0,294344000.0,175283164000.0,1704658000.0,1740987000.0,2025-10-31
863,300308,中际旭创,3752659170.15,189.59,17312601820.15,146.2572796436,11543792379.95,135149157.73,471754220.65,7288078.2,12932842802.52,4410376456.99,4412654122.97,2025-10-31
864,300287,飞利信,-124048072.02,14.55,431624387.9,-34.7863735148,351149892.8,28893219.11,68969165.24,2039318.65,510225354.61,-127873149.22,-127569605.5,2025-10-31
865,300249,依米康,7397968.05,109.08,697060736.47,26.8227960803,560887522.33,38673689.86,39511579.33,12100617.97,678631040.94,4635078.9,4842952.79,2025-10-31
866,300237,ST美晨,-398692397.4,17.13,1210739660.3,4.6506061719,1153242844.1,33616300.98,104780479.57,245983881.47,1614272606.12,-398828071.35,-400946871.84,2025-10-31
867,003043,华亚智能,66176465.69,-7.54,429435724.97,16.7342930747,300116162.77,10795237.81,25993755.32,-8460746.64,351529052.9,77959227.76,77844442.85,2025-10-31
868,003026,中晶科技,12872922.4,164.82,320679830.39,25.2682407489,210178176.36,4460196.01,30338813.74,4637100.2,276961278.38,19385931.0,19308105.2,2025-10-31
869,003004,*ST声迅,-28310628.15,-59.83,105588510.03,-7.3813976442,63202616.0,20767391.68,25022224.31,2776752.57,136792723.56,-28120656.16,-28108345.78,2025-10-31
870,003003,天元股份,50459887.46,65.86,885092210.52,-20.9275258369,725046424.61,28729036.25,31080311.74,2418971.43,834939367.7,55691867.53,54416666.84,2025-10-31
871,003001,中岩大地,36497223.13,192.41,557304856.58,-17.2105371661,418194653.13,8676653.7,46549369.76,550967.99,493142458.13,42802896.58,42477474.58,2025-10-31
872,002992,宝明科技,-73454336.73,24.62,1081107817.62,27.0385963665,983696075.25,28268265.99,50854986.48,21907669.83,1165517056.83,-84130694.28,-80618214.09,2025-10-31
873,002990,盛视科技,110049391.68,-35.23,912159180.9,-20.2645959141,542803000.08,47457174.88,27647507.74,-2490028.03,730067335.4,113592469.9,116741052.9,2025-10-31
874,002989,中天精装,-108857057.74,-371.48,272245510.68,-59.421187052,253835955.34,3570912.76,50943849.4,15419645.81,336427706.38,-146407018.73,-146507184.19,2025-10-31
875,002984,森麒麟,1725743010.89,73.72,6340085577.66,10.4153143379,4092598200.5,108685363.21,135301568.4,-47194651.2,4451728994.77,1888339984.56,1890012239.94,2025-10-31
876,002983,芯瑞达,74966774.27,-44.63,764126725.89,-24.5958694406,611927565.87,5896477.22,33163329.62,1084200.99,696500217.93,81710704.18,81675963.03,2025-10-31
877,002966,苏州银行,4179498995.0,11.09,9289236263.0,1.0975025941,,,3248945269.0,,4103554969.0,5185681294.0,5181909692.0,2025-10-31
878,002959,小熊电器,180172002.64,-42.91,3138995765.6,-5.3995222292,2020823262.48,603108005.81,169433199.63,16380694.73,2988401451.42,196670611.64,204789315.61,2025-10-31
879,002958,青农商行,3203246000.0,5.16,8442466000.0,2.5782012334,,,2162365000.0,,5182193000.0,3260273000.0,3257224000.0,2025-10-31
880,002945,华林证券,302108094.87,61.65,1016014210.75,34.98,,,553499490.49,,561095118.8,454919091.95,402864953.29,2025-10-31
881,002938,鹏鼎控股,1974256997.34,7.05,23486581291.34,14.8164977208,18679851977.77,152189538.61,831065797.22,-250014718.75,21323920953.59,2123313683.12,2123134156.48,2025-10-31
882,002936,郑州银行,2244132000.0,-18.41,9040856000.0,-13.7142919315,,,2299454000.0,,6480001000.0,2560855000.0,2557093000.0,2025-10-31
883,002933,新兴装备,16944296.41,24.02,306730589.39,19.5610910506,226317508.66,3611097.21,37901225.22,-1319766.13,287068914.11,20925251.27,20824582.37,2025-10-31
884,002932,明德生物,80938367.97,-44.3,225617843.38,-63.9546499175,108759792.33,78658773.4,51979156.29,-6740858.62,319893245.81,82281071.77,78074642.8,2025-10-31
885,002931,锋龙股份,1185602.43,-75.6,340803340.72,7.1505783043,275852248.29,6945054.3,33904833.61,1152243.99,341735461.8,1798680.73,1495978.23,2025-10-31
886,002930,宏川智慧,171252568.23,-28.81,1087579054.73,-6.286179861,533008783.18,28696752.58,106706160.11,186913713.46,905557602.54,216320626.23,232998163.72,2025-10-31
887,002928,华夏航空,306600901.46,143.96,5153999422.46,33.8133020703,4849128952.49,212864687.15,179465515.64,385933270.76,5645208658.07,356688308.96,359897034.93,2025-10-31
888,002925,盈趣科技,172003766.75,-48.43,2538688695.98,-14.2408675427,1834353582.94,59375293.99,182281054.26,9854123.32,2360871796.35,191829858.24,193955999.05,2025-10-31
889,002923,润都股份,37180512.39,-43.29,876987074.94,-7.2329321227,470357278.66,198697429.32,50988241.8,10479760.49,838502544.58,41708220.15,41058416.76,2025-10-31
890,002899,英派斯,87313822.55,20.18,896244105.47,36.0913923481,612146582.02,51752052.24,62525478.06,8337802.15,779086616.93,98771975.58,98470695.89,2025-10-31
891,002886,沃特股份,25069319.27,62.97,1287401829.56,16.292174589,1056843039.76,28629077.62,70473160.11,29724792.03,1270797082.91,29778952.33,29680535.52,2025-10-31
892,002883,中设股份,19147969.62,-41.43,443048944.14,-16.3259861808,292424617.84,5887301.02,89229930.29,1883900.39,413740964.0,19650574.27,22195986.46,2025-10-31
893,002880,卫光生物,182700428.15,20.8,854101695.51,16.1361042372,497506182.69,19886380.85,62824755.16,14204485.37,639313587.41,217276259.92,216653689.69,2025-10-31
894,002873,新天药业,60999761.23,-30.45,660845257.81,-14.8027751186,172467402.43,271298075.9,103896801.32,19301096.44,609497817.29,70014131.46,68267546.79,2025-10-31
895,002869,金溢科技,31090089.86,17.4,352436264.24,0.6756550686,241586679.38,30556349.7,52749561.58,-17613516.9,349230429.09,30672922.01,30391570.73,2025-10-31
896,002845,同兴达,72454656.97,308.02,6961741012.96,15.3263111403,6448162194.22,44941092.82,195803619.7,41897071.99,6974360035.48,-10973909.9,-11260876.04,2025-10-31
897,002839,张家港行,1485874510.0,6.28,3632680981.51,2.8791501532,,,1101984893.29,,1996844347.08,1635836634.43,1635488146.8,2025-10-31
898,002832,比音勒芬,762154723.0,0.55,3000135845.76,7.3031184892,707510604.76,1048653498.59,267652785.16,-26507276.2,2121294056.58,894570073.17,893783612.68,2025-10-31
899,002822,ST中装,-795295270.3,-768.51,1873677132.31,-28.1332415563,2133874203.35,12830738.23,168095756.34,138687323.96,2496818809.79,-785360043.13,-787552346.88,2025-10-31
900,002821,凯莱英,710325102.11,-67.86,4140288577.71,-35.1362758802,2334932347.39,167222158.04,535086892.57,-173341645.61,3420429666.5,761464727.45,759154677.53,2025-10-31
901,002817,黄山胶囊,40547848.27,-26.43,346483715.97,-2.537864547,257703670.06,18565517.28,19317431.5,-8662346.44,300713131.35,49642907.89,49670022.07,2025-10-31
902,002815,崇达技术,262253731.4,-34.26,4574041872.36,6.2273205296,3494920781.61,141772214.02,260863289.02,29852998.92,4223076739.23,324395314.27,323287564.83,2025-10-31
903,002811,郑中设计,94993572.28,516.86,825281945.52,-0.8137795243,546065557.37,24588850.84,88368927.17,26730673.85,733019309.97,117143293.47,117938999.72,2025-10-31
904,002797,第一创业,641104673.58,95.45,2401088948.17,25.54,,,1591387146.61,,1617451106.03,783637842.14,782941004.68,2025-10-31
905,002791,坚朗五金,32865709.64,-77.22,4910490140.77,-11.5054920267,3375945989.39,820888837.82,301230425.81,13806104.82,4746284522.55,49941633.98,51873296.16,2025-10-31
906,002774,快意电梯,85303185.04,-11.07,1116650917.34,-6.8604214432,814819781.62,132009977.49,42518668.59,-1643720.65,1042935497.32,95922424.29,97905288.72,2025-10-31
907,002761,浙江建投,139333086.5,-73.89,58762785251.19,-18.1154527927,56134490545.43,16687631.82,1191548681.82,-247802022.82,57859235288.08,532392834.78,470514863.69,2025-10-31
908,002747,埃斯顿,-66699777.03,-147.55,3366813348.31,4.379778709,2367980150.76,325459346.72,365683695.74,89408696.0,3468630518.39,-58257694.22,-36275678.22,2025-10-31
909,002743,富煌钢构,67887497.59,-23.29,2920755528.06,-19.3933075557,2515069692.6,24354609.65,111905936.83,115679095.55,2852672609.73,80055802.09,80251032.28,2025-10-31
910,002739,万达电影,168694113.27,-84.87,9846854672.3,-13.2280547109,7485675625.46,556053511.92,872867777.78,533351705.61,9737564913.35,230751645.04,232607620.17,2025-10-31
911,002736,国信证券,4878734171.69,0.1,11335318827.48,-1.38,,,5645870202.23,,6176668828.93,5158649998.55,5158275744.55,2025-10-31
912,002734,利民股份,51199535.72,132.76,3344309156.24,-1.5756107285,2737947477.96,101587579.71,212962140.85,66138476.17,3244372001.32,83606885.75,83737566.97,2025-10-31
913,002732,燕塘乳业,81174521.84,-43.25,1303139402.26,-12.0260133936,967484353.53,151673874.63,66141983.92,837547.9,1207799067.36,99526755.83,93115987.12,2025-10-31
914,002727,一心堂,292503993.27,-57.36,13589430513.51,6.0611246826,9277734305.44,3385697337.58,337203642.73,72719178.04,13121851691.01,401166621.0,367968608.03,2025-10-31
915,002717,ST岭南,-269013499.87,-32.26,808739930.35,-51.0198445529,786627090.89,14640095.35,139487731.2,180489959.32,1154871027.12,-268277111.87,-274856439.27,2025-10-31
916,002716,湖南白银,123446128.94,747.55,5386023283.19,54.7749512205,5044418755.32,4733791.18,113782831.97,62996780.36,5287173828.11,97620222.05,147067538.65,2025-10-31
917,002714,牧原股份,10481068452.78,668.9,96775125566.31,16.6405855106,80065365369.9,789207900.14,2688276990.82,2285137859.51,87257969738.37,12114594947.09,11213334238.01,2025-10-31
918,002713,*ST东易,-581145314.25,-195.91,1134487484.27,-45.9563540663,777296338.66,412644609.77,238960967.71,18594829.09,1508696605.76,-379231077.96,-579848830.6,2025-10-31
919,002712,思美传媒,-6233769.57,-45.39,4532323510.39,9.5392071238,4364564019.6,94124925.97,51265295.01,18257067.11,4538563369.94,2460286.95,3059669.43,2025-10-31
920,002709,天赐材料,338305885.95,-80.69,8862814897.33,-26.8992430947,7224741613.89,47894929.29,474611149.13,158392097.52,8440516987.21,491347200.32,493725746.81,2025-10-31
921,002708,光洋股份,40182350.26,163.97,1706307602.31,31.2480811446,1458728107.43,39654403.8,85572499.44,16863552.6,1685280918.67,27316005.64,28854103.79,2025-10-31
922,002707,众信旅游,123499884.65,773.86,4722921714.17,130.0484902659,4107221812.0,354318261.39,90226802.02,12366398.78,4566974863.88,184009781.75,187512593.36,2025-10-31
923,002705,新宝股份,784937444.25,6.66,12689602216.55,17.9914166979,9972493214.77,432034407.68,654551468.23,-10545689.45,11591791164.09,1026077943.35,1029769130.16,2025-10-31
924,002701,奥瑞金,761118865.0,7.74,10857143346.0,1.4023353223,8978998795.0,183859455.0,509019097.0,172160492.0,9949989528.0,1067744606.0,1059789224.0,2025-10-31
925,002681,奋达科技,153164910.69,-6.85,2353802081.28,2.3709982094,1831151301.87,73215580.43,149554045.56,31456962.92,2231585029.54,153770507.38,161073562.97,2025-10-31
926,002666,德联集团,78410940.34,52.42,3485039603.18,-13.2598536052,2990683305.2,116097381.25,142840790.83,30444666.12,3366952326.08,107385904.3,107598964.52,2025-10-31
927,002654,万润科技,33278076.92,-49.44,3049789331.12,-11.6765576117,2707256102.12,72988072.88,125252673.36,44647285.24,3051611774.35,-3634222.42,3218999.12,2025-10-31
928,002636,金安国纪,99444454.02,3052.61,2948337989.3,11.6614380643,2725726155.64,69339986.05,89786359.58,-37988011.98,2995572045.39,100792170.05,101353244.81,2025-10-31
929,002633,申科股份,7017908.96,192.86,234988887.34,10.0928407061,182434927.68,10714381.26,19263394.74,1787007.31,229421291.98,6913807.67,7020220.06,2025-10-31
930,002629,仁智股份,-10304901.94,42.75,131680250.55,-15.1004071133,126221865.98,4229409.29,3978600.52,376674.44,136778547.03,-5414273.36,-10529420.13,2025-10-31
931,002624,完美世界,-388808594.76,-163.25,4072771652.39,-34.2633109793,1602647989.02,688186053.84,628825546.25,-65261500.25,4253865383.01,-87704545.22,-78450075.69,2025-10-31
932,002622,皓宸医疗,13496659.38,-17.31,635030298.87,21.2723128344,330407017.3,141873589.24,115737337.12,34520912.19,630093894.86,31450295.28,31302613.93,2025-10-31
933,002616,长青集团,123028214.57,8.9,2789429178.22,-4.980174429,2227961581.23,,195701908.83,227200058.34,2688038544.29,156000061.76,184125630.41,2025-10-31
934,002615,哈尔斯,224932503.39,47.03,2367389237.9,38.7658113434,1657944457.56,201598346.5,150100421.17,-19540809.41,2103055835.76,247273837.24,247653442.66,2025-10-31
935,002607,中公教育,168155001.37,-30.53,2100404211.77,-21.2106997752,845278071.6,440123854.03,300973933.32,103119452.3,1865107085.68,251228803.11,249920962.49,2025-10-31
936,002605,姚记科技,424090793.67,-23.95,2789707018.88,-21.8877760948,1733868908.27,211542803.13,179443606.75,21827314.64,2289178279.12,530048677.66,528171387.03,2025-10-31
937,002602,世纪华通,1803207680.07,26.17,15528891046.85,58.6623410283,5412433590.31,5196084706.78,941595748.05,167567858.88,13066476836.87,2304195566.41,2279903848.73,2025-10-31
938,002597,金禾实业,409166133.34,-27.39,4042519280.66,-1.2414608619,3226401251.64,32390517.25,166758888.25,-12456818.67,3623667432.23,473718767.0,458340888.23,2025-10-31
939,002594,比亚迪,25238115000.0,18.12,502251312000.0,18.9394363109,405231798000.0,16642289000.0,12409492000.0,1027128000.0,478028764000.0,31746599000.0,31319509000.0,2025-10-31
940,002592,ST八菱,51133660.01,-61.39,430115163.49,29.1178903172,343075280.06,8175180.67,52765702.64,-6829343.46,418934228.14,61861193.52,62187571.0,2025-10-31
941,002580,圣阳股份,166295369.67,-0.98,2254166095.69,0.1783776334,1824024622.9,53169361.76,71539888.67,1180465.31,2097637321.41,169928901.55,171634459.77,2025-10-31
942,002567,唐人神,253720924.26,127.86,17070990337.1,-18.2016252295,15518598027.78,319502017.87,620744151.71,236801632.55,16837803460.64,231588334.16,221424744.4,2025-10-31
943,002564,天沃科技,5487448.62,100.63,1701504597.3,-41.1069498791,1420873404.11,27396215.25,74228227.12,116205725.17,1724793239.7,8203987.56,8862889.0,2025-10-31
944,002563,森马服饰,755064874.59,-9.25,9398671457.45,5.623036249,5190984104.19,2345229828.37,456177935.52,-122497655.29,8137508771.33,1039463990.52,1037778553.12,2025-10-31
945,002562,兄弟科技,32539075.11,1131.15,2599501682.23,20.450763036,2195424845.64,39326971.16,141777666.39,54269785.47,2538790347.34,38468475.93,37041445.47,2025-10-31
946,002542,中化岩土,-192761217.74,35.97,1169609061.68,-25.9630504206,1159321930.71,8702071.37,211466176.14,92206336.02,1533577281.24,-212916412.56,-223812423.04,2025-10-31
947,002535,林州重机,140508448.49,56.1,1323392013.3,12.8670366949,911405042.86,28019803.7,63184216.57,97930181.89,1160482073.71,147115823.83,139040357.29,2025-10-31
948,002520,日发精机,-66177355.17,-20.99,1454452979.51,0.6080736248,1179207708.97,70462823.4,164167168.46,44129928.43,1514386499.5,-31327055.35,-31693475.64,2025-10-31
949,002516,旷达科技,118231400.09,-16.65,1531686472.15,22.1050182774,1196520821.67,17121668.29,97570166.4,2493988.2,1378318850.59,142171218.72,139940075.76,2025-10-31
950,002510,天汽模,90397483.5,3.0,1918219161.94,15.5996064575,1595998878.23,30019794.15,93818826.52,42555403.32,1861726301.42,91535208.71,92164515.1,2025-10-31
951,002506,协鑫集成,81904294.45,-42.51,11990007475.66,27.3973066833,10856007056.64,410720653.97,403517450.27,138367704.3,12113370007.95,82577030.66,89586957.91,2025-10-31
952,002498,汉缆股份,581618098.13,-17.61,6542748951.06,-9.400881045,5426115609.46,155131856.5,152815915.39,6962400.16,6148638974.73,655991616.15,654642104.32,2025-10-31
953,002489,浙江永强,487445046.7,495.34,3297190910.43,6.330834963,2602385384.95,247455648.72,259331385.52,-14549775.67,3236297145.4,527328518.14,526234175.6,2025-10-31
954,002486,嘉麟杰,17022374.52,-67.03,887184722.42,17.3302206423,685808290.12,54158372.83,66698433.13,3426142.25,853023156.74,23558098.15,22448318.91,2025-10-31
955,002485,ST雪发,-36425998.18,-218.03,617599788.87,-6.2613431254,672280221.57,9522768.76,24207931.56,13946100.39,727163460.88,-31784322.99,-36551000.28,2025-10-31
956,002475,立讯精密,9074954475.62,23.06,177176884792.12,13.6661387365,156405038214.67,753468777.4,4303149342.36,178981743.44,169031120681.56,10540714723.78,10532333363.29,2025-10-31
957,002471,中超控股,-6818317.04,-102.71,3933394975.95,-7.2562448279,3530198510.48,131159342.47,133086426.48,73196057.67,4023257809.22,-7945231.91,-9156290.51,2025-10-31
958,002470,金正大,180140291.61,138.72,6395792186.36,-5.2870137719,5648564865.12,242743169.54,318568698.35,107253378.78,6498528657.42,172480335.69,208429237.3,2025-10-31
959,002467,二六三,64501275.27,-29.29,670157532.99,1.5765026367,370934194.39,69325492.19,99629978.54,-2895365.63,594418252.38,82653198.69,83155693.85,2025-10-31
960,002459,晶澳科技,-484363610.59,-107.16,54347855023.67,-9.3917123725,51414189308.37,859118502.73,1562101262.61,280420870.28,55112781802.19,-803580061.37,-960693551.65,2025-10-31
961,002457,青龙管业,113108169.54,933.53,1728330812.46,41.0734491321,1187634403.25,142003528.27,156638867.31,11079350.53,1552032172.37,135954666.15,133810437.48,2025-10-31
962,002455,百川股份,102710856.01,264.57,3909328077.31,22.6542695394,3567024705.26,21222808.4,58416236.44,144511337.88,3908772541.24,-18197010.69,-18759759.17,2025-10-31
963,002444,巨星科技,1935463943.98,28.5,11083737039.19,28.7277256854,7493749228.36,722161313.87,648019312.16,33862447.89,9194921249.66,2265581478.92,2263347012.85,2025-10-31
964,002442,龙星科技,112105583.82,7.95,3123395637.03,-2.3243770452,2817236974.29,16472216.45,114446669.98,37323151.34,3025771164.91,121752667.93,120287782.33,2025-10-31
965,002441,众业达,139868318.81,-46.84,8293049827.89,-7.3237036463,7608594208.27,332649453.89,130712423.07,-37498589.67,8084387683.93,185608466.26,185381746.43,2025-10-31
966,002436,兴森科技,-31602075.54,-116.59,4351489626.62,9.1027489936,3656451554.7,144755894.6,372931960.71,108554470.94,4672630219.53,-356570163.63,-366025948.99,2025-10-31
967,002428,云南锗业,29474484.95,706.02,502756406.53,6.7442427874,355179219.24,11919953.81,57640241.45,25913783.63,501649060.84,30084525.46,29976954.84,2025-10-31
968,002427,尤夫股份,-34769710.71,-18.25,1732936074.16,-12.852609507,1607003284.19,10911417.49,45803031.83,20999810.72,1768313731.71,-33991973.47,-34702516.26,2025-10-31
969,002423,中粮资本,2336271676.88,35.3,7839037089.62,17.14,1118479659.87,,1066093990.66,,7439836083.34,5153949420.63,5144009023.84,2025-10-31
970,002422,科伦药业,2470927259.0,25.85,16788775173.0,6.6421361861,7973339959.0,2614400264.0,979692555.0,54504775.0,13414966751.0,3809979491.0,3705661963.0,2025-10-31
971,002409,雅克科技,748766767.61,55.8,4999118443.66,41.1486930822,3355290601.87,212155408.06,303149773.67,11705204.16,4052668475.31,922886146.34,917079602.95,2025-10-31
972,002403,爱仕达,1660562.05,101.15,2113846012.64,17.1857251132,1486444462.47,339849548.43,152510794.15,42717193.3,2164909782.31,4175977.47,3192470.23,2025-10-31
973,002399,海普瑞,780113811.99,444.89,4068924046.98,0.1400604743,2717925174.12,280983594.46,309001809.85,82959146.46,3532789755.65,903477746.4,887202773.78,2025-10-31
974,002388,新亚制程,624734.6,-92.99,1576166106.7,0.9451479293,1389140773.91,50604982.05,99659334.14,31524650.28,1600906675.53,-27818232.79,-36414893.93,2025-10-31
975,002387,维信诺,-1796953683.03,29.22,5847001217.79,41.9533840302,6317473456.29,81690586.96,358479040.2,672533279.03,8296562815.13,-2336808107.98,-2334726339.81,2025-10-31
976,002382,蓝帆医疗,-219822842.84,38.19,4654357096.34,29.8512825202,3855177720.39,327176779.71,240582619.09,165433692.12,4865860745.45,-228561612.09,-214321823.46,2025-10-31
977,002375,亚厦股份,253026498.08,1.73,8311097810.23,-5.7913036241,7212544242.5,156570998.59,220153680.72,36875132.18,7960250037.08,274874529.28,272500135.58,2025-10-31
978,002371,北方华创,4467785189.44,54.72,20532065958.75,39.5137476749,11424279829.39,803023084.34,1383499998.59,69466218.07,16030800492.33,5052762631.37,5063022813.01,2025-10-31
979,002361,神剑股份,29206219.78,10.87,1735870899.62,-6.4580148047,1507975600.42,19418227.8,74187116.94,25902827.54,1728082355.07,23913259.29,24331373.75,2025-10-31
980,002352,顺丰控股,7617120000.0,21.59,206860993000.0,9.4435442557,177993370000.0,2238312000.0,13515430000.0,1439160000.0,197591970000.0,10181953000.0,10147558000.0,2025-10-31
981,002351,漫步者,338260610.71,21.91,2145728876.56,15.2247792583,1283652725.2,260871893.53,60786087.28,-23626278.69,1731839365.9,430608442.92,428609218.91,2025-10-31
982,002346,柘中股份,-147641408.17,-175.55,722498481.55,36.9608892856,552831529.18,19153324.75,50577843.36,-46583169.82,591428379.49,-211629949.2,-221813103.24,2025-10-31
983,002345,潮宏基,315912394.76,0.95,4859305302.38,8.0076027421,3685065218.01,564718907.49,97089348.15,23785956.53,4478348509.63,381041014.71,381470548.26,2025-10-31
984,002340,格林美,903889106.4,65.06,24872431154.75,22.958850772,21499555140.6,77624872.99,659688804.45,542455968.82,23632808738.69,1332936178.39,1332478741.37,2025-10-31
985,002335,科华数据,238065900.17,-46.53,5393403922.4,-1.9715323297,4027086967.49,410255799.05,192943458.06,48819614.72,5045138381.84,260292709.71,258007618.04,2025-10-31
986,002323,雅博股份,-63987649.28,-590.11,188470946.45,-60.8681189192,164889570.33,17436214.22,49938712.3,6381335.84,252743285.26,-64093622.04,-64201741.04,2025-10-31
987,002321,华英农业,32799627.05,104.86,3756923951.36,41.4057484564,3500750267.43,35935724.9,67091647.82,59867561.75,3690792568.3,99207048.56,98267504.93,2025-10-31
988,002317,众生药业,148802427.39,-46.76,1908022039.84,-7.8819198646,837942033.19,645880775.21,108472335.72,6188357.25,1701672490.4,236330273.87,177722833.51,2025-10-31
989,002304,洋河股份,8578711547.57,-15.92,27516482442.02,-9.1358310001,7205504559.7,3900327830.78,1417870942.92,-517506810.17,16305487864.92,11442906836.62,11459497377.14,2025-10-31
990,002289,*ST宇顺,-15551869.76,-467.68,134708238.02,6.7903078345,109666871.93,5249834.96,27608337.65,201836.24,147474279.4,-12576926.4,-12228819.05,2025-10-31
991,002278,神开股份,20259346.36,70.06,496519445.18,-4.1378518841,315500818.19,38962650.23,54914215.08,3856823.57,468435471.43,35508094.08,36344618.17,2025-10-31
992,002277,友阿股份,114372698.43,31.15,961243139.4,-5.3350228138,372079949.49,196492190.33,366504665.98,240124347.71,1223327815.63,97571014.63,96742313.55,2025-10-31
993,002269,美邦服饰,51820575.97,24.46,525070435.65,-37.2824974985,346644514.84,161779548.68,30868749.58,19481194.02,584572518.6,27501547.78,52113198.86,2025-10-31
994,002263,大东南,-20445304.51,-380.52,976181825.82,-1.5035735141,880754488.01,6708398.51,49389553.72,-12422237.76,977491728.35,-9085637.46,-9561550.24,2025-10-31
995,002259,升达林业,-20313343.54,-182.69,509494116.38,-15.3852370855,409084038.31,1838284.1,27481970.3,11839671.22,456314380.84,56895372.25,-9053415.06,2025-10-31
996,002253,*ST智胜,-27036446.31,-4.99,126568043.29,5.3671256984,95560585.22,15510045.16,16298893.21,2730697.57,158053532.07,-33176422.51,-32409490.94,2025-10-31
997,002244,滨江集团,1633442766.7,-33.94,40783626066.4,-12.090248129,36530033953.31,615061953.38,543898335.55,337036769.47,38620676253.5,2763935843.69,2740824548.24,2025-10-31
998,002238,天威视讯,13319117.37,-80.72,938764909.84,-3.7851417772,685266327.67,71418068.97,173877522.99,-5335237.63,975628360.47,17126151.33,15814185.78,2025-10-31
999,002231,*ST奥维,-17246080.87,-801.92,261663530.45,163.1358949036,252677060.82,7846871.82,19780612.29,-4514931.05,282740319.34,-21001767.26,-18428564.48,2025-10-31
1000,002207,准油股份,-15126879.93,15.01,228153276.65,34.1825989123,226589587.98,,12157518.36,4394497.22,245180038.77,-16129334.8,-15644976.13,2025-10-31
1001,002206,海利得,296458100.7,8.94,4368203212.68,2.4951055906,3683353397.8,47446251.83,150321133.84,19521289.04,4041951437.21,334827631.39,335815127.4,2025-10-31
1002,002203,海亮股份,878883173.53,-9.39,68121223228.08,-1.9394827614,65927174301.73,146883371.5,773151344.89,472926541.63,67570238473.4,755748471.61,763484737.05,2025-10-31
1003,002184,海得控制,-108183983.1,-207.54,1651888692.12,-32.6958208317,1407081304.82,116481469.71,112245019.57,3900566.32,1740157602.91,-197146218.59,-196943942.8,2025-10-31
1004,002181,粤传媒,-38033033.88,-85383.7,405871935.87,7.543672451,293793550.7,56700799.69,64904285.65,12327481.99,442766367.03,-30404495.77,-29386628.81,2025-10-31
1005,002180,纳思达,1081209006.14,408.87,19393498585.48,8.0689174536,13049365008.57,1683605365.58,1424029053.24,725650816.59,18284162547.04,1792288759.58,1779051476.15,2025-10-31
1006,002177,御银股份,12560160.24,1.18,51272806.21,-1.5614209109,22621096.69,2240185.73,16243233.19,-15150675.83,33084632.64,20864241.06,20382036.16,2025-10-31
1007,002175,东方智造,33905694.69,-33.13,241079787.29,28.1174030129,147526766.84,10024556.49,39583677.06,129417.41,204300637.25,36833069.02,36934494.49,2025-10-31
1008,002174,游族网络,5178017.83,-50.42,996872110.38,-15.4318118595,565131175.58,82572179.11,192758489.35,14540592.95,986900136.45,20029323.62,14902651.57,2025-10-31
1009,002172,澳洋健康,38678072.35,-2.39,1501392158.94,-7.5352538518,1295449367.85,32167433.29,92868985.94,15401819.74,1443960814.85,63291644.41,64830603.59,2025-10-31
1010,002168,*ST惠程,-83094773.02,-66.03,147181487.5,5.4298963228,124579425.93,20570696.11,70922346.6,17936044.64,243077617.88,-102798704.62,-87109673.21,2025-10-31
1011,002161,远望谷,63321293.71,108.66,375780780.96,0.2446183498,220816521.85,68273951.83,66208099.89,27089390.71,429748182.36,67935455.82,74698443.13,2025-10-31
1012,002160,常铝股份,51358152.87,310.15,5622033466.17,12.1078524942,4972509237.49,114972647.43,157998598.3,71744528.86,5586431467.29,78124153.59,78662018.44,2025-10-31
1013,002152,广电运通,672916578.29,-10.58,7118048959.29,23.9307401213,4879849892.83,493723435.12,412014800.72,-56759198.0,6395242784.16,846262359.66,870689918.84,2025-10-31
1014,002149,西部材料,137844412.78,-8.53,2220331741.06,-5.5456242185,1726701333.9,30596712.89,130372530.87,27103997.95,2082289131.44,176521445.94,176585392.57,2025-10-31
1015,002146,荣盛发展,-1424857208.12,-1199.38,28841235163.08,-15.1739688885,25263696959.73,822763714.38,808274149.64,1224345038.22,28730719158.05,-610990111.24,-666397755.45,2025-10-31
1016,002140,东华科技,317514169.5,21.58,6434567533.68,7.9327078669,5913947261.12,34179524.02,78967343.56,-11431208.73,6169649726.87,379276128.18,378108472.72,2025-10-31
1017,002135,东南网架,163347925.59,-40.24,9089880442.14,-7.4970060197,8354671173.01,17542972.29,204146611.35,96403533.17,8971755851.18,206780643.91,209053634.98,2025-10-31
1018,002133,广宇集团,-152060074.98,-196.26,3354732559.15,-55.0168042625,3240646905.73,71983157.59,90417544.98,74095673.64,3520594748.03,-94792896.11,-91020299.54,2025-10-31
1019,002127,南极电商,54226915.15,-34.88,2406571226.37,16.4189403143,2066196416.9,208524825.74,87697498.19,-22936615.51,2354619996.36,58431187.35,64964395.24,2025-10-31
1020,002124,天邦食品,1341408547.69,185.67,7146352456.9,-1.6808339797,6028115368.71,40832508.0,782433139.99,301152698.95,7191739097.27,1331032119.13,1342878526.01,2025-10-31
1021,002111,威海广泰,128876325.86,89.14,2073750719.46,28.9376112791,1560305534.3,82904542.09,143545936.92,24909496.78,1924918170.1,137459473.23,133600628.54,2025-10-31
1022,002109,兴化股份,-309274234.4,-57.45,2944101305.09,0.3845743775,3025933203.95,10980863.59,114244632.72,105357522.56,3275571449.7,-349214474.29,-349249929.91,2025-10-31
1023,002096,易普力,524133311.24,10.68,6302962885.64,0.2904993304,4816706282.77,73687668.44,496592708.59,13245394.7,5695621548.89,638489422.38,648512819.02,2025-10-31
1024,002095,生意宝,-14863761.28,-195.62,382398877.24,18.4112366987,332966960.42,38788511.13,11214876.07,-10646441.4,376425194.21,-29622584.15,-29634509.31,2025-10-31
1025,002091,江苏国泰,887791670.67,-26.12,29053437248.78,2.1594307021,24622165428.21,1499648488.16,852117498.29,-4695824.94,27088226654.61,1965727667.05,1977346127.49,2025-10-31
1026,002086,东方海洋,-69607391.82,-34.21,247911377.73,-23.7720956409,222364993.08,12286162.46,71270450.85,-520665.5,328492596.41,-69502108.16,-69445929.79,2025-10-31
1027,002076,*ST星光,-2049050.01,71.07,123975086.79,19.5155993779,77610741.7,14701009.69,32000182.26,1413622.31,133922374.86,-5127308.76,-2281649.69,2025-10-31
1028,002072,凯瑞德,-2533087.73,-486.85,501775937.25,133.0159603107,487999378.58,5886332.21,10754648.66,40893.39,505278304.95,-2643018.83,-2611179.02,2025-10-31
1029,002067,景兴纸业,50032010.09,-0.5,4050011604.38,-0.7022781028,3780907437.89,25854874.85,108616572.04,56821381.43,4145662943.9,26471575.57,51028814.36,2025-10-31
1030,002066,瑞泰科技,40994938.58,-15.36,3347602092.36,-0.0347097836,2841031180.6,88210035.68,162087259.07,31869885.19,3267904100.54,103507924.82,105576170.37,2025-10-31
1031,002052,同洲电子,-14275891.35,65.99,237363596.49,15.6614041013,167434991.38,6894892.09,27406729.38,8786527.94,222042005.73,-3334311.0,-25628386.59,2025-10-31
1032,002050,三花智控,2301970695.56,6.59,20562897141.85,8.3639201811,14867571687.23,450852589.16,1409806220.44,-2340323.06,17836885184.27,2755593778.04,2751867531.8,2025-10-31
1033,002047,*ST宝鹰,-433479363.22,-53.45,1505650505.72,-37.777035835,1412744480.3,9088208.04,109187682.21,164342813.14,1751293968.86,-366345210.29,-448329096.65,2025-10-31
1034,002044,美年健康,24632532.07,-88.96,7140540911.69,-1.9649115382,4307721776.06,1717818887.17,638778802.48,233644435.6,6938686419.55,99253867.68,88905841.35,2025-10-31
1035,002031,巨轮智能,5842039.53,145.2,888087458.64,64.8910261411,728352464.99,7498799.12,52861900.77,55396925.82,877623296.62,-504853.37,-655505.98,2025-10-31
1036,002030,达安基因,-502719727.25,-242.58,591050057.91,-29.8320510416,354750208.8,105810189.55,111681235.85,-47808405.65,695779975.01,-566762091.99,-567877612.96,2025-10-31
1037,002024,ST易购,599215000.0,122.98,38022337000.0,-21.856183028,29790981000.0,4931129000.0,1583302000.0,2355902000.0,39161969000.0,638727000.0,448536000.0,2025-10-31
1038,002019,亿帆医药,366380130.89,149.5,3858211534.78,31.6669233729,2019896584.59,962031504.27,279807921.91,49849734.35,3531892029.96,383633544.49,385056800.16,2025-10-31
1039,002006,精工科技,73033696.35,-47.96,1181324145.23,5.5092230822,893471496.8,32065500.15,87518268.18,-2046279.38,1097268767.01,75450718.78,78121056.51,2025-10-31
1040,001979,招商蛇口,2600671368.28,-31.0,78009431300.35,2.8755752003,70247482854.55,2191992833.29,1163437901.86,1644421763.19,76934087001.9,4924968827.61,4993475511.18,2025-10-31
1041,001872,招商港口,3736113366.24,18.63,12166341002.65,3.4965786325,6724742007.36,,1221499434.98,1349713505.88,9668622334.0,8409191454.33,8395937160.46,2025-10-31
1042,001696,宗申动力,391176140.44,4.78,7404741793.19,25.9955901232,6272635894.07,169274377.06,176822317.98,57746044.36,6924653206.68,490340177.3,488679850.63,2025-10-31
1043,001376,百通能源,149112638.35,48.35,817403391.66,4.2078363564,559995102.28,1397874.0,63472074.91,6103023.72,637656027.17,197779912.56,195254389.67,2025-10-31
1044,001368,通达创智,83889397.61,3.6,715094593.32,23.6626747504,520963921.83,4686834.93,68847357.33,-3313993.78,635024041.56,90129289.84,89993009.16,2025-10-31
1045,001356,富岭股份,164045673.4,0.46,1706459696.73,27.7121160302,1348758355.5,63460331.01,59958830.65,-1481971.77,1525402097.74,186199269.71,186015993.59,2025-10-31
1046,001330,博纳影业,-354359962.85,-50.02,959998002.91,-27.3485602932,984996194.07,43292324.63,175654591.53,170345283.27,1408812681.73,-384300474.14,-381306298.5,2025-10-31
1047,001324,长青科技,48712473.46,-18.19,329515275.13,-15.2400934917,222263890.91,13711569.41,25775931.78,-860469.27,284040992.99,55873604.57,55907145.66,2025-10-31
1048,001322,箭牌家居,31992498.68,-88.87,4831705497.94,-8.4916851201,3555041648.8,356633305.09,519121940.96,34729055.34,4808062397.85,40096467.13,46841304.01,2025-10-31
1049,001316,润贝航科,71932125.55,-8.15,668010476.08,10.6750613653,482111196.27,45311637.09,32783194.42,-2977030.35,572404338.94,85033197.75,84844977.8,2025-10-31
1050,001309,德明利,421705654.73,479.26,3597001888.2,268.4497096589,2764931414.47,29779087.73,63614809.04,98672334.63,3098418067.09,473699409.19,475802614.9,2025-10-31
1051,001279,强邦新材,69518156.59,-1.48,1117254932.97,6.2828840075,978448168.7,8325135.53,21017218.9,-5920397.03,1045744037.84,76663053.17,76600053.17,2025-10-31
1052,001269,欧晶科技,-223469025.43,-137.97,807856051.79,-65.2659683608,763999730.68,1426442.86,32294832.96,17951932.13,881065650.29,-238936645.62,-240814324.05,2025-10-31
1053,001256,炜冈科技,80146907.33,21.1,382119280.38,23.0051950246,256438445.53,17116303.21,21153502.4,-7409659.45,315898131.31,92003114.12,91682221.63,2025-10-31
1054,001238,浙江正特,31622682.81,-6.55,981689091.53,10.6874806087,721657144.45,111296978.09,83176419.79,-4395466.46,950572050.5,27546948.28,25851709.63,2025-10-31
1055,001230,劲旅环境,114196777.29,26.03,1147210821.13,10.7888271445,848469652.68,35855614.81,76316376.8,20635485.53,1003331563.74,143351718.67,140565415.72,2025-10-31
1056,001227,兰州银行,1494613579.7,0.95,6052658145.23,-3.0196651584,,,1831993311.91,,4432481676.23,1620176469.0,1618522825.73,2025-10-31
1057,001226,拓山重工,15336614.43,454.25,441455398.8,19.2943363059,387769055.89,3258042.65,19472383.96,1857292.17,430097200.65,16658412.58,16039046.98,2025-10-31
1058,001225,和泰机电,42475543.91,-50.79,180309714.81,-37.4414563713,112479306.87,4710384.97,19824040.01,-16236758.22,137492714.65,49500983.63,49094400.91,2025-10-31
1059,001223,欧克科技,58303542.1,-45.69,322519825.63,10.6077680402,207433169.21,14507168.91,32023734.28,-10755856.95,266006613.48,64758852.45,65342637.62,2025-10-31
1060,001213,中铁特货,572829556.22,-2.76,7867256686.75,2.7359988405,7075740343.57,2197505.91,141225203.24,-56345236.35,7178863183.81,722140932.22,758333397.72,2025-10-31
1061,001211,双枪科技,14153260.21,452.189485169505,927765827.23,37.1227515908,630117586.06,205012328.64,50199462.29,10802361.18,918333618.59,11190262.69,12937205.31,2025-10-31
1062,001209,洪兴股份,71896834.9,-6.37,1157695232.8,12.2146969901,760793886.27,228103783.51,55788468.82,1007120.76,1072629969.31,56814394.97,102761581.45,2025-10-31
1063,001202,炬申股份,67646092.25,35.96,714217766.39,-2.8681241935,567296291.8,10797794.24,25762342.46,9010805.03,622034168.89,93067754.33,93145031.11,2025-10-31
1064,001201,东瑞股份,-76976963.6,81.48,1065858645.18,32.0577038624,843072084.65,34787186.31,194914510.4,45333962.7,1141075686.61,-69107514.77,-72184410.22,2025-10-31
1065,000987,越秀资本,1718879445.52,-16.58,7071375744.99,3.05,2716309314.59,8046163.91,782116865.7,-274192567.02,6632269104.69,1482885759.93,2237213445.01,2025-10-31
1066,000977,浪潮信息,1284864502.29,67.05,83308069413.04,72.2598666477,77694636843.88,1045610476.1,545544639.65,-247993421.03,81452682604.67,1284033190.88,1285124914.15,2025-10-31
1067,000970,中科三环,-42053030.3,-118.82,4981875863.78,-22.3668880467,4458940329.04,106946904.78,223709368.76,3573449.54,4929007636.7,-10695943.76,-12620036.68,2025-10-31
1068,000966,长源电力,908218649.96,41.44,12931359330.18,21.1499532411,11179238781.26,,89351549.05,396354404.29,11747767663.53,1205475200.57,1214129625.57,2025-10-31
1069,000959,首钢股份,203669296.35,-78.57,81969596350.56,-3.5875921002,78903407020.69,160540567.68,869337255.19,881336078.65,81792375856.05,358274270.61,417831930.33,2025-10-31
1070,000951,中国重汽,933916484.39,42.48,33586743326.5,9.17636027,30995368765.6,256041519.47,264589658.07,-170706788.06,32066928371.58,1402479478.19,1487694313.26,2025-10-31
1071,000949,新乡化纤,199288724.86,739.01,5557587700.05,1.0173643686,4909173314.42,21204635.55,151350051.58,97324025.73,5322744936.85,236299693.81,236177994.13,2025-10-31
1072,000938,紫光股份,1581620368.29,2.65,58839423074.2,6.5645005403,48489111666.84,2977094020.38,715654749.28,281813805.49,56431322623.3,2155411869.34,2160329186.58,2025-10-31
1073,000936,华西股份,141400317.68,40.81,2511201996.66,19.6639445436,2351184192.92,6373338.49,39608035.97,20311493.26,2432325901.0,160447916.95,162480663.48,2025-10-31
1074,000935,四川双马,244562979.6,-63.41,744168505.69,-7.6149407932,380994607.53,4323521.48,57312585.17,-1899024.18,450583739.42,272723934.21,272563628.75,2025-10-31
1075,000926,福星股份,16630343.47,-79.41,2280766830.47,-48.5970666549,1715225447.71,94621309.19,107616844.22,173787296.28,2189621418.67,66904604.23,49839834.6,2025-10-31
1076,000923,河钢资源,577590626.73,-13.38,4650985552.78,16.728603226,1745188529.59,1637683541.86,440215788.63,-206713750.85,3638741890.45,1069636129.65,1050705284.73,2025-10-31
1077,000901,航天科技,-10822825.25,-145.04,4985817478.42,5.7386983403,4089565475.63,130381794.5,427040325.64,108821700.04,5009588522.72,2175434.39,3818711.2,2025-10-31
1078,000898,鞍钢股份,-5084000000.0,-140.61,79261000000.0,-7.7781397622,82073000000.0,413000000.0,925000000.0,180000000.0,84507000000.0,-4907000000.0,-4998000000.0,2025-10-31
1079,000890,法尔胜,-41353864.41,-83.03,269332839.68,-22.6323456477,253447500.39,1588827.5,31075878.88,26845583.11,322387158.12,-54527598.78,-55017444.78,2025-10-31
1080,000889,中嘉博创,-23099268.14,9.4,1078076032.31,1.707797126,982387825.63,5507449.14,73257134.11,2266648.02,1100735924.64,-21430744.24,-23736602.18,2025-10-31
1081,000888,峨眉山A,243928438.4,-6.61,805975128.97,-1.9653877981,377866447.18,29251179.66,105938446.56,10558533.37,533153453.65,269551816.8,268704144.8,2025-10-31
1082,000883,湖北能源,2461194619.88,43.27,15407362261.0,6.7306612895,10902782639.29,29961256.06,403092200.39,748467861.54,12226231665.05,3448958075.04,3453686649.83,2025-10-31
1083,000881,中广核技,-134363593.77,-29.52,4457630998.85,-1.921747695,3900383018.11,89041535.31,487744995.01,66060951.14,4715082492.09,-123085843.72,-120236421.06,2025-10-31
1084,000876,新希望,153257862.95,103.97,77209149689.61,-27.6714319934,72827984944.77,925733517.84,2851908264.79,1345649708.26,78356512935.43,460866684.97,291908675.89,2025-10-31
1085,000859,国风新材,-76492443.3,-367.282755400478,1650778406.18,0.8968826057,1585271425.66,28635287.07,60192617.41,1026317.62,1747318526.09,-78751851.04,-78413320.44,2025-10-31
1086,000858,五粮液,24930782556.55,9.19,67915580112.25,8.6017000282,15580442572.51,7788724892.28,2431749943.54,-2119829267.71,33665334544.84,34511821416.23,34483576487.26,2025-10-31
1087,000850,华茂股份,152082514.97,17.03,2519903127.63,3.8824790378,2200014249.4,18224875.85,80352799.58,37536496.05,2446698040.56,182168475.17,181343662.84,2025-10-31
1088,000829,天音控股,20713776.2,-83.92,69384480084.05,0.1122159263,67542324933.42,1020079967.02,237780097.85,467721734.91,69418012978.61,62848616.23,58940937.64,2025-10-31
1089,000826,启迪环境,-1112578699.75,-337.9,3694177273.71,-3.0670651769,2728128939.75,30289787.3,402595227.64,385964260.03,3629126088.68,-555430509.42,-926933619.6,2025-10-31
1090,000825,太钢不锈,-554298067.04,-87.12,75285188185.36,-6.3444612216,74419329465.93,159369871.26,463595729.0,75696388.57,76036569393.03,-524473453.73,-516156598.42,2025-10-31
1091,000811,冰轮环境,473986269.92,-16.49,4956233573.64,-11.1408813876,3628209312.88,428756348.35,242577017.61,9621362.55,4528683186.77,573977955.28,576921052.07,2025-10-31
1092,000803,山高环能,-11772258.18,-166.38,1041351644.27,-32.0631632101,848535972.14,4708621.01,94813223.65,94378981.73,1054791954.09,-13602025.8,-5345177.16,2025-10-31
1093,000800,一汽解放,423896921.27,-11.82,45412538274.18,-6.2082815356,42646360024.61,802343967.34,1162873571.51,-572826393.49,45919226493.14,105061031.45,178577326.4,2025-10-31
1094,000799,酒鬼酒,56487634.9,-88.2,1191058956.83,-44.4066844201,335766196.93,475511198.33,115737667.69,-66849830.7,1114245682.22,77391238.64,77250684.74,2025-10-31
1095,000791,甘肃能源,1385626382.98,10.74,6483064457.43,9.4107017039,3981100888.58,,30386530.55,436700784.66,4488343667.15,2152804239.74,2155137704.68,2025-10-31
1096,000788,北大医药,130364988.72,182.49,1534330245.12,-7.3176327814,1108500741.03,168872186.41,73033945.27,-314368.8,1371419826.74,163931888.07,163311481.01,2025-10-31
1097,000785,居然智家,731773285.0,-36.42,9479144047.32,-2.7157056085,6698716555.19,841350578.17,372412180.55,771774765.12,8823676583.58,1116308912.02,991024434.91,2025-10-31
1098,000783,长江证券,1433908683.99,19.54,4803921684.21,-6.7,,,3059963983.75,,3283339571.54,1520582112.67,1514666494.27,2025-10-31
1099,000776,广发证券,6764429378.69,16.43,18550539533.32,6.24,,,10178580491.66,,10352547543.67,8197991989.65,8182844210.93,2025-10-31
1100,000750,国海证券,184185774.12,-53.04,2106493827.31,-3.5563347148,,,1469327799.93,,1797678120.65,308815706.66,301904595.85,2025-10-31
1101,000726,鲁泰A,287853364.4,-14.1,4401071788.51,1.328278397,3327014352.69,97952762.23,252202540.45,58877671.71,3949265288.12,330197744.44,329359632.46,2025-10-31
1102,000725,京东方A,3309765650.0,223.8,143731526962.0,13.608223315,121906881890.0,1400595911.0,4279365236.0,1243145401.0,138602226180.0,2667487383.0,2777542659.0,2025-10-31
1103,000720,新能泰山,-43052660.02,14.13,788030823.36,-35.1955103043,729518938.05,24543651.5,45042543.66,21997850.57,829421475.75,-36732053.39,-36641010.02,2025-10-31
1104,000712,锦龙股份,-95959999.3,63.38,490646725.67,213.09,,,467887282.05,,475554176.39,15092549.28,3288803.46,2025-10-31
1105,000710,贝瑞基因,10385508.92,107.7,822664528.62,-4.9608393454,406324355.34,171214504.94,119317330.32,4277173.84,765979082.06,27346425.46,26297279.31,2025-10-31
1106,000705,浙江震元,43568941.78,-37.66,2851624421.3,-8.6139481663,2305486876.38,328885929.98,120417391.88,-4082143.65,2804293762.37,58359002.09,62094740.29,2025-10-31
1107,000700,模塑科技,539121441.4,30.52,5248955388.41,-14.211173567,4281941548.01,116763185.84,439324157.71,-67910906.2,4962801948.27,578857050.39,577610586.49,2025-10-31
1108,000697,ST炼石,-208002156.18,22.46,1286385644.09,23.3343654541,1173506614.53,7289316.38,183114548.57,123076001.38,1512508079.72,-225558060.63,-205633256.1,2025-10-31
1109,000685,中山公用,1025520438.02,23.34,3380819386.56,7.1216472096,2657493095.82,50203808.83,233506613.03,122294738.67,3135504213.09,946541960.71,1093464543.17,2025-10-31
1110,000681,视觉中国,81693083.38,-33.33,608026727.53,5.8720417625,326966135.19,55681673.07,82447994.35,3636905.32,531339791.7,101742670.19,102168622.2,2025-10-31
1111,000680,山推股份,724820948.44,34.16,10246487750.96,30.6382827099,8306408360.39,376654567.86,311223301.09,14217880.51,9454086809.98,843262768.17,839582589.46,2025-10-31
1112,000679,大连友谊,-41342332.17,-200.89,124593941.78,0.3435932579,95087044.25,12411073.58,20841330.67,21916738.03,156522723.7,-32043134.72,-53831668.07,2025-10-31
1113,000678,襄阳轴承,-19454278.41,56.34,1095029870.21,-8.3020647206,987303649.52,26643225.73,57837302.37,22123904.98,1143280173.19,-34456629.46,-31209987.58,2025-10-31
1114,000669,ST金鸿,-95179246.85,-483.06,951852877.71,7.8899432532,809642741.48,11738152.08,51145544.19,51987336.97,940377918.4,-110921840.99,-111630920.86,2025-10-31
1115,000661,长春高新,2788885490.15,-22.8,10387939088.74,-2.7501977456,1495915022.13,3144355406.06,837764075.99,-73790791.46,6868215904.85,3378267732.36,3299827929.26,2025-10-31
1116,000656,*ST金科,-5332472753.91,-126.73,21567436820.72,-49.9146534689,18771207199.28,431503366.0,762635628.95,3025367280.98,23562937170.22,-4390080438.71,-5750915369.33,2025-10-31
1117,000651,格力电器,21960897001.18,9.3,147416090216.09,-5.3885263379,103998583909.06,8556118296.52,4973133854.87,-2391742826.47,121980539281.37,25601325723.52,25622081201.08,2025-10-31
1118,000650,仁和药业,415677635.65,-23.08,3150637679.36,-17.4943217481,1964506725.22,359767057.72,222310915.4,-9816450.73,2593155629.99,685900363.74,683366510.37,2025-10-31
1119,000638,*ST万方,13294782.16,211.74,109420815.31,7.5093211358,98265959.65,2298372.8,12301094.62,2969711.54,118359075.6,-18323415.88,11829565.63,2025-10-31
1120,000628,高新发展,120447989.16,-52.55,4656639121.45,3.3457452134,4197968135.25,25702851.98,137771300.06,57514042.85,4488194386.99,187923941.42,188097750.78,2025-10-31
1121,000623,吉林敖东,1244115685.35,-2.37,1909509716.25,-18.8763095655,1162440815.89,495602658.34,208390105.94,60288367.25,2009164838.04,1221833530.9,1253588405.85,2025-10-31
1122,000620,盈新发展,83504155.29,104.75,2264078669.87,-15.3004398312,1732825752.17,82947922.73,180518265.92,55988137.64,2161174523.46,124499671.53,112511050.06,2025-10-31
1123,000617,中油资本,4341930362.87,-17.55,29215360929.33,3.55,455387829.81,,2422313623.78,47763432.96,20167934446.34,11173622379.91,11167387657.14,2025-10-31
1124,000612,焦作万方,527982469.42,49.41,4788611415.83,2.7116703979,4186116513.73,2106158.71,75211550.59,-6636893.13,4300241430.71,667957775.13,645862396.87,2025-10-31
1125,000608,*ST阳光,-20104123.15,37.76,239396880.89,-39.5326600424,94818286.69,13294621.87,49733523.37,61580588.77,240220571.96,-7719781.5,5742978.18,2025-10-31
1126,000607,华媒控股,11174902.98,-75.06,1066556496.79,-16.916820794,852590389.78,54165402.03,130220672.13,18586589.42,1076458996.42,17010609.69,28507444.56,2025-10-31
1127,000600,建投能源,477168466.06,92.52,17120214946.43,18.8579661392,14533031443.96,118900643.96,539208397.0,572945693.37,16740615994.39,676756498.22,683888824.9,2025-10-31
1128,000596,古井贡酒,4746493826.19,24.49,19068608990.68,19.5323943409,3869357163.03,4822663805.47,990677306.8,-306210655.53,12427587820.52,6656646841.44,6690683583.19,2025-10-31
1129,000593,德龙汇能,42335688.0,-24.77,1279354290.3,10.3830753101,1113397823.23,24465608.96,52880361.53,17678074.74,1215408434.14,56928070.46,59930775.94,2025-10-31
1130,000592,平潭发展,22566587.62,11.49,1184319582.67,33.0444965163,1065974370.06,12510087.48,55016366.79,-1358746.75,1143924109.89,61170942.78,54459368.32,2025-10-31
1131,000568,泸州老窖,11593041150.05,9.72,24303555187.3,10.7590700666,2810818847.64,2500180332.27,766584464.15,-242021076.16,8716343501.2,15688930624.63,15680196551.04,2025-10-31
1132,000564,供销大集,116212145.9,70.69,1428824224.48,8.6919222009,1030189930.87,153161617.35,363651810.18,410828597.46,2026403021.02,337405986.88,333878305.48,2025-10-31
1133,000561,烽火电子,-24505748.25,-194.097283473401,1254735735.24,-7.3211266268,810616063.66,27715108.2,207976967.81,10745996.62,1308628273.92,-37398361.3,-35310523.31,2025-10-31
1134,000555,神州信息,-117946218.6,-235.96,6679743855.82,0.9380357525,5770938576.51,307605538.88,166329663.24,26631468.31,6722239892.0,-208548387.07,-211391850.76,2025-10-31
1135,000552,甘肃能化,1031692417.84,-33.85,7801374503.95,-9.3488069949,5254097678.11,79874556.91,663191702.09,97240778.14,6636781378.19,1255108021.3,1249514358.98,2025-10-31
1136,000548,湖南投资,91797233.41,35.11,514211802.51,59.8382490652,307127561.27,10191385.81,58979838.18,-1062917.34,388612411.51,123211949.07,124040219.48,2025-10-31
1137,000539,粤电力A,1467075725.0,-15.04,42517459818.0,-5.8832333871,36642904335.0,69865296.0,1117021899.0,1717203630.0,40535276964.0,2831190102.0,2753818558.0,2025-10-31
1138,000538,云南白药,4326728068.05,4.93,29915155069.84,0.7633351317,21418846898.48,3306476038.21,499576143.13,-128382373.67,25480753830.78,5010889055.01,5013251270.61,2025-10-31
1139,000531,穗恒运A,183680141.9,-37.01,3342850368.18,-5.2639834184,2884745368.19,23168742.97,147319584.0,225294120.36,3395679379.84,199932875.04,195798330.99,2025-10-31
1140,000524,岭南控股,135227728.32,133.96,3269835565.98,30.4078153986,2653558599.83,236204959.04,258525973.78,-1854941.16,3183079668.15,163611045.5,165051828.91,2025-10-31
1141,000523,红棉股份,64788127.21,201.8,1720204052.86,-25.6194753427,1449695675.52,94526980.01,54898144.49,9000887.56,1624315909.58,132643578.11,117246569.86,2025-10-31
1142,000510,新金路,-34220099.86,60.88,1515254281.25,-23.0169566466,1360403173.85,7302904.69,146471001.53,14684496.11,1547286060.01,-24041984.63,-25785384.55,2025-10-31
1143,000509,华塑控股,-12331710.58,-141.47,715494681.78,50.1533454138,690877648.78,2735868.51,23149881.38,4955679.47,732589249.72,-14217948.65,-14390730.81,2025-10-31
1144,000501,武商集团,124128734.67,4.74,5118774044.93,-5.8638534117,2697081690.45,1723394681.53,146787245.34,207601764.18,4960452966.34,208155249.48,213920170.34,2025-10-31
1145,000498,山东路桥,1457328714.93,3.52,42682970859.48,-6.3306460071,37430369828.02,4623062.27,1011469698.07,682530493.85,40270686281.32,2098202423.04,2093213031.4,2025-10-31
1146,000488,ST晨鸣,-710098519.92,7.57,19824745808.47,0.5217033083,18076967929.54,147210064.88,490303334.84,1350564021.82,21139848178.56,-1076336558.63,-1076625067.74,2025-10-31
1147,000426,兴业银锡,1299841971.09,139.4,3296441885.93,35.9549585008,1176601916.26,2886973.74,232360629.29,90234774.46,1754805933.35,1523106214.81,1510012797.85,2025-10-31
1148,000425,徐工机械,5352397602.43,9.71,70029313915.31,-4.1080445638,54644274818.24,3518880879.69,1966681739.01,1554366352.32,64653860719.83,5782249058.21,5816549320.83,2025-10-31
1149,000420,吉林化纤,62082884.69,13.95,2798538215.4,1.5287762374,2349273307.05,30956117.43,73278239.26,183199481.56,2716214753.1,58924229.49,57131616.95,2025-10-31
1150,000417,合百集团,208715716.26,-20.36,5327696829.55,3.8780743888,3887828967.6,323695954.99,731874662.11,28297345.11,5056713810.47,367880890.66,376315019.22,2025-10-31
1151,000415,渤海租赁,1590167000.0,87.33,25086731000.0,8.1322514676,13449191000.0,121163000.0,1223752000.0,6895154000.0,21712202000.0,3158054000.0,3155100000.0,2025-10-31
1152,000402,金融街,-2614965433.59,-95.37,11686724512.75,42.5141479498,11018196550.75,484065300.54,246368437.28,1407443033.46,13424894738.23,-2768224589.86,-2807868755.88,2025-10-31
1153,000338,潍柴动力,8401015389.4,29.23,161953578560.89,0.9792274816,126546820970.52,9132454133.86,7539109410.93,387696200.04,150303934360.56,12553387150.51,12559250104.24,2025-10-31
1154,000301,东方盛虹,-1419062479.87,-155.96,108301384933.75,4.460647852,99004851465.5,237925731.71,759042110.08,3639857639.98,110307649387.29,-2023436957.22,-2293007103.16,2025-10-31
1155,000166,申万宏源,3849869120.27,-11.44,12562277577.35,7.2067271941,,,6952703616.41,,7134436696.92,5427840880.43,5412064214.73,2025-10-31
1156,000159,国际实业,-452075228.13,-883.59,2432553852.23,-43.5376086224,2267128112.6,9222270.13,52644422.96,30799632.64,2383404435.52,-441084842.89,-442435538.0,2025-10-31
1157,000157,中联重科,3139015862.65,9.95,34385739092.48,-3.1773070329,24746316191.97,2648695834.95,1711590428.99,-2576215.72,31188024371.32,3849982011.8,3891643938.31,2025-10-31
1158,000156,华数传媒,351745336.08,-33.76,6348258990.11,-4.7878279877,4328150945.35,688269167.33,589488319.66,-102671245.43,5969204159.19,384438516.13,401065405.71,2025-10-31
1159,000100,TCL科技,1525319763.0,-5.34,123131768609.0,-7.5351281756,108640452508.0,1395704389.0,3121692041.0,3411513486.0,124050215990.0,-1740082769.0,-1604441939.0,2025-10-31
1160,000096,广聚能源,66913061.93,11.14,1534844925.05,-19.339478739,1402110161.12,46064923.58,30714162.89,-17437900.42,1466222237.5,87806350.89,88352266.68,2025-10-31
1161,000069,华侨城A,-2350812113.63,29.76,29329645520.58,-7.6531398815,25552678258.13,1162344554.36,1188116468.48,2701340156.8,31497504182.37,-2511078797.94,-2524157015.79,2025-10-31
1162,000065,北方国际,757513413.18,9.7,14121636179.14,-3.4754954438,12469360654.89,359530130.78,283580822.98,53426277.61,13229467969.97,867103256.42,872513014.25,2025-10-31
1163,000050,深天马A,-472618597.74,73.599533055818,24014022721.09,-2.7759409828,20808339471.68,284396945.14,615008797.64,664939154.87,24826686652.61,-434027353.39,-437756138.3,2025-10-31
1164,000039,中集集团,1828020000.0,268.87,128970687000.0,35.5814899547,113701687000.0,1857702000.0,4865244000.0,2226285000.0,125021922000.0,4219218000.0,4285377000.0,2025-10-31
1165,000036,华联控股,37456354.39,-25.71,332192571.53,-19.9280382901,188383825.87,25630007.29,68552863.79,5461816.91,296502452.41,63360016.98,65199607.12,2025-10-31
1166,000035,中国天楹,363457641.67,11.64,4269514199.62,13.7089849201,2860313072.97,31896751.47,331530293.82,375691329.81,3714750662.67,570256188.83,578063145.86,2025-10-31
1167,000034,神州数码,893535527.37,5.04,91571184640.35,8.8124537007,87457116667.49,1467761736.51,268162238.15,687634874.55,90322652717.83,1078789075.36,1089730859.35,2025-10-31
1168,000031,大悦城,-586770305.39,-16.72,20477048415.41,-1.0688989834,15485314870.9,946441052.45,958142360.19,1580907532.51,19433680752.29,1754870143.03,1873370225.21,2025-10-31
1169,000028,国药一致,1065542103.97,-10.43,56466354478.37,-0.211201128,50326326124.65,3940293176.93,773745139.26,183057940.41,55384596098.97,1344444922.23,1356463270.05,2025-10-31
1170,000027,深圳能源,2125490934.49,-29.79,30414502789.66,3.6118544482,23712693216.44,103371767.2,1125141358.36,1912375445.11,27124458821.22,3563910769.62,3577004975.02,2025-10-31
1171,000014,沙河股份,46880161.99,-90.53,325122486.13,-73.5121731424,164434883.86,5915746.99,40874803.15,-3171689.67,261796641.61,63683175.01,63089918.67,2025-10-31
1172,000009,中国宝安,385380060.3,-43.2,14636619742.05,-40.2992731174,10645075075.21,769627792.76,1059013095.75,269565583.01,13484669816.88,1188858591.05,1196339718.67,2025-10-31
1173,000007,全新好,3176090.93,-70.72,154225694.46,0.6029859467,124964955.22,7674034.71,16107847.87,-940396.78,148855849.03,5485766.97,3993861.72,2025-10-31
1174,000004,*ST国华,-35826755.05,-1.78,75894376.85,-5.7798956907,20524221.48,23745995.75,25288293.6,-137856.35,93193085.02,-37042007.23,-41115148.71,2025-10-31
1175,000002,万科A,-17943298450.09,-231.73,219894827698.98,-24.2547723208,199000132929.58,6475307307.23,4812634266.67,3924941874.96,224614207005.19,-14667239397.41,-15439975854.13,2025-10-31
1176,688800,瑞可达,105962961.63,10.6,1589446323.13,52.7488734509,1239666807.53,33412441.12,82333357.61,9892515.69,1483723815.81,115563653.59,115451885.24,2025-10-30
1177,688786,悦安新材,56322362.75,-4.67,310941360.63,15.7404141704,202324479.08,8574605.32,22583833.09,-2758344.81,248701925.67,64410745.15,63744893.17,2025-10-30
1178,688768,容知日新,2717953.38,116.607822181947,342744792.62,14.272277764,130703091.46,102195089.22,36756933.01,-1095215.88,360364797.32,-9301628.28,-9039669.71,2025-10-30
1179,688767,博拓生物,89211721.37,-2.53,388778942.37,24.513320181,200978577.1,18163369.19,47781511.35,-29713185.74,287401539.14,99372084.13,99474224.3,2025-10-30
1180,688757,胜科纳米,54627824.73,-19.266676026572,294041286.4,4.4908032579,156707396.2,9336652.88,34252215.87,9501725.21,242699972.96,61031378.44,60893996.32,2025-10-30
1181,688739,成大生物,329698128.04,-28.87,1302689599.82,-2.397888223,222550389.8,299221885.06,166310583.93,-40193825.75,872113905.3,406987821.51,405162196.94,2025-10-30
1182,688729,屹唐股份,420120088.25,102.293886548461,3329707876.15,23.8876213168,2028088269.53,206611506.42,174665278.54,8067306.33,2948787413.2,390181835.43,390807859.41,2025-10-30
1183,688726,拉普拉斯,576081156.64,316.44,4302203601.24,195.6678763028,3116325373.14,29930397.29,190125884.01,9475759.03,3598763624.27,645849472.12,645059137.1,2025-10-30
1184,688722,同益中,81498766.65,-38.49,427642205.9,-17.5718437146,269860184.46,11318467.63,29546193.1,-6489727.47,334687063.48,98311530.19,98255715.52,2025-10-30
1185,688718,唯赛勃,29754489.03,-21.63,282451889.8,-1.9688659268,183609716.41,5954828.69,42263666.8,34483.21,258001564.61,28438146.1,28427487.45,2025-10-30
1186,688717,艾罗能源,160471686.86,-84.24,2406929187.1,-39.9345025835,1510030783.7,305700801.09,111101014.79,-55509926.17,2271307233.64,149917261.47,149701459.39,2025-10-30
1187,688702,盛科通信,-76195307.71,-275.21,807514640.12,-7.9535628539,493006072.46,31769276.27,43831529.48,5112193.46,905353802.67,-79214485.89,-76195307.71,2025-10-30
1188,688701,卓锦股份,-42405932.65,26.98,186323714.81,-31.7775403799,162881757.06,6712163.3,29263624.6,5853485.31,222895364.62,-43856392.98,-44039001.28,2025-10-30
1189,688697,纽威数控,227577427.45,-3.53,1833874508.68,5.4524908576,1399483644.86,88943202.22,28034581.39,7092588.22,1621122851.94,251571659.25,253944816.27,2025-10-30
1190,688691,灿芯股份,81968320.09,-41.76,862662280.69,-14.1567650216,619978073.35,15549986.02,55244030.58,-11721001.12,791634446.11,84473346.43,84468362.2,2025-10-30
1191,688661,和林微纳,-10596226.24,52.623268843655,373638928.42,104.9695933031,302305707.0,17926862.15,24701138.42,-5161388.84,385087642.41,-21074603.74,-18790332.02,2025-10-30
1192,688658,悦康药业,209725063.28,37.73,2991795632.65,1.1522167908,1185398827.66,1077257545.89,164333471.07,3535142.49,2730072277.72,254972423.52,248270396.38,2025-10-30
1193,688656,浩欧博,26562954.15,-31.24,307033592.46,2.2920227665,109458998.44,73758420.58,53697253.75,1724070.78,277444937.17,30123137.88,30149236.38,2025-10-30
1194,688653,康希通信,-33864623.72,-2629.66,377579786.28,34.036785139,298998754.8,23417390.97,31334557.9,-5961894.64,423681538.14,-41015066.82,-41015103.9,2025-10-30
1195,688652,京仪装备,129792242.86,11.14,772373577.2,27.8405302533,524040524.21,40594361.86,39011994.12,-6838597.97,673018287.66,143401906.08,143143404.91,2025-10-30
1196,688651,盛邦安全,-34852504.22,-50.197835531479,143199186.0,7.5485949568,35347231.52,90119343.72,26624815.4,-7920243.29,198128299.02,-41122744.99,-42078924.05,2025-10-30
1197,688646,ST逸飞,55578975.38,10.56,534731251.19,15.1808190166,382751257.15,15593321.77,28722088.45,1796471.5,492457459.87,57357795.22,57232232.38,2025-10-30
1198,688633,星球石墨,98252977.83,-14.03,449702351.4,-18.8874571948,255666867.86,13440840.65,30371534.25,16018182.64,358735493.26,110702490.35,110289710.19,2025-10-30
1199,688631,莱斯信息,15576881.28,29.09,917649896.63,-5.0693528657,683401496.67,56061600.93,79794095.13,-7371633.9,920928323.68,736534.13,1663575.61,2025-10-30
1200,688630,芯碁微装,155075818.34,30.94,717908620.89,37.0548837916,423610885.04,32252857.38,33363072.35,-16791261.24,550051836.55,165381585.98,165931781.34,2025-10-30
1201,688625,呈和科技,197925768.02,18.07,648212560.07,10.8509675076,356006492.9,22698134.89,33524070.4,-19969404.47,426989001.74,230578914.01,231328194.66,2025-10-30
1202,688622,禾信仪器,-22152762.73,59.72093044229,149465372.87,-40.0842373379,89738549.36,36895002.33,37271919.23,5438706.81,196781541.06,-28852253.28,-29100231.68,2025-10-30
1203,688621,阳光诺和,207688863.72,21.4,916680884.2,32.4674650007,438660134.49,30404861.86,72702873.46,7545596.07,670051293.35,222105651.02,220528305.35,2025-10-30
1204,688613,奥精医疗,4888240.36,-90.95,148311250.58,-19.218742249,37883215.86,29413832.57,61832042.95,-734606.25,155366595.73,7935198.58,6434163.86,2025-10-30
1205,688611,杭州柯林,32436778.78,61.88,263681769.34,169.943623058,162719870.84,20090274.24,16840660.41,-1526879.05,234408777.32,34757427.1,33531267.03,2025-10-30
1206,688608,恒玄科技,289100444.05,145.47,2473122980.16,58.1219774048,1638165535.45,18956198.24,88081597.32,-22919576.77,2205534568.04,288968030.81,289107542.21,2025-10-30
1207,688605,先锋精科,175078443.07,249.03,868890965.94,133.1213576011,569238156.49,4813030.72,34141163.78,-1129366.96,659706127.89,201237419.29,200561439.89,2025-10-30
1208,688601,力芯微,100469390.86,-15.28,604998996.08,-4.7471587033,331916679.99,32963931.09,34030930.44,-3649132.42,498196483.65,104087446.03,103601547.84,2025-10-30
1209,688598,金博股份,-145928596.31,-146.79,440483015.66,-49.8119146556,470560480.19,19880091.93,35052538.92,8410820.46,622535210.83,-179616621.33,-181974451.97,2025-10-30
1210,688592,司南导航,-7875820.89,-696.51,195938934.65,21.1913658816,88872859.31,66163478.89,21577614.54,-1414848.38,219243111.41,-7629471.07,-7805665.87,2025-10-30
1211,688590,新致软件,31995127.94,-26.47,1384104943.95,23.4983499361,1023987522.82,91317894.41,89584463.63,34619028.34,1360202346.6,21675203.42,21984059.34,2025-10-30
1212,688588,凌志软件,123824232.87,178.28,807861272.5,64.4439744652,559347687.24,20923220.95,57331514.45,7274740.94,698004047.68,146025334.84,145938782.26,2025-10-30
1213,688583,思看科技,80104583.44,10.86,231691021.74,25.8584657068,54326750.35,51666283.59,17668552.99,-847516.22,167592986.86,89867207.86,89541243.47,2025-10-30
1214,688575,亚辉龙,218637338.69,-23.29,1393855060.84,-9.7791671338,506158634.33,299666785.66,125796253.71,6270817.48,1176133448.07,218204921.27,220204285.67,2025-10-30
1215,688570,天玛智控,280330133.95,-10.55,1214967502.04,-21.2197957764,644175477.48,73486991.57,112245722.64,-31580260.47,905552924.47,304000754.6,332605039.0,2025-10-30
1216,688569,铁科轨道,136312287.43,-54.25,993604468.2,-29.0143718837,610313187.36,40240803.22,78270959.26,-12811413.78,793009844.44,193955012.73,193337962.56,2025-10-30
1217,688560,明冠新材,-13981537.23,-135.64,761048832.82,-34.7229484937,718128496.23,16301488.99,37198380.01,-26682740.05,782793146.66,-17294901.96,-17017700.17,2025-10-30
1218,688557,兰剑智能,63542046.99,-6.71,833500870.1,18.2401868379,594882263.72,52690332.71,38918105.39,-2114887.0,774661728.06,60571562.99,62739446.78,2025-10-30
1219,688556,高测股份,205307958.75,-82.49,3431650668.26,-18.4997179363,2643009962.21,76040521.06,314900546.15,25791576.58,3281079351.37,232156473.05,220946801.84,2025-10-30
1220,688553,汇宇制药,227352384.74,155.62,851844303.21,29.236339969,143515070.74,326663876.33,55233228.17,-13695407.59,741467771.85,244417674.59,250052547.57,2025-10-30
1221,688552,航天南湖,-58650799.9,-243.29,86194986.52,-82.9711604405,73069315.21,1952294.68,39893418.55,-24547443.16,166095633.58,-79925693.07,-80365907.89,2025-10-30
1222,688539,高华科技,45218298.13,-25.48,247353436.35,10.832069502,111713054.27,7469162.8,27574795.58,-4313783.43,191600172.55,49006863.43,47653485.55,2025-10-30
1223,688535,华海诚科,34916700.13,48.08,239647746.73,17.3331294592,173827171.35,11526443.34,16045888.06,942492.83,222825592.32,38032273.95,38345746.92,2025-10-30
1224,688533,上声电子,189605040.85,76.86,1994257820.09,25.1573267825,1469640101.97,19219015.28,144042086.59,25338827.52,1795614849.82,225299375.34,221972649.64,2025-10-30
1225,688526,科前生物,260600917.75,-27.09,665506663.22,-19.5703220031,239543620.7,93026235.06,41088599.54,-46009084.69,393227605.15,297508255.32,296811632.39,2025-10-30
1226,688523,航天环宇,51193765.17,0.37,274894994.29,32.9457167703,155614644.0,9084374.02,25498948.15,-493986.5,235673804.2,54549527.94,54725242.95,2025-10-30
1227,688519,南亚新材,56304234.41,151.794243003818,2444406526.05,6.5949362865,2226719287.53,33800533.96,50448198.29,3106757.23,2438192765.84,56704042.84,57108084.67,2025-10-30
1228,688518,联赢激光,94754005.36,-62.46,2199975605.81,-13.8837087342,1544097515.34,66272494.76,341821398.1,4152225.05,2134901426.56,100538157.37,100867754.01,2025-10-30
1229,688510,航亚科技,92749512.16,33.49,520069627.8,30.243183626,302097657.36,12686276.24,42389178.61,731215.45,400041688.74,99904366.57,100127492.0,2025-10-30
1230,688509,正元地信,-78533339.55,-33.116825799906,396043619.24,-22.2053191747,280767894.0,49199875.21,81377817.3,-1255127.78,453767735.05,-81870495.58,-79682407.19,2025-10-30
1231,688507,索辰科技,-70647210.31,-90.24745822308,82851753.56,58.2259419795,47612911.94,19481128.98,50946026.86,-23938677.69,184680931.57,-89725094.01,-90004541.1,2025-10-30
1232,688501,青达环保,33815154.5,64.05,768846275.47,50.1072341463,525575288.91,53289442.15,96913592.07,15132462.23,736830274.6,43430934.64,43391240.19,2025-10-30
1233,688500,慧辰股份,-61212305.43,-131.504433144058,270479399.47,-19.6132098077,192403509.38,76577432.08,41573585.4,-1957426.49,337581250.95,-76757306.3,-76991798.73,2025-10-30
1234,688496,清越科技,-48875038.56,-10.917402197809,551212333.37,3.9801191968,495983406.94,12013072.16,30035316.07,11078384.05,602878771.07,-65453237.75,-66038819.7,2025-10-30
1235,688486,龙迅股份,93986760.9,33.47,333590792.16,50.1964581216,146848422.88,8097992.49,20889374.21,-1630233.03,252023255.32,99653797.06,99052048.79,2025-10-30
1236,688480,赛恩斯,143263320.21,164.03,584791287.57,46.1374516673,378269459.48,34824981.86,41047384.42,1768678.68,493565041.62,155331651.95,154885914.03,2025-10-30
1237,688478,晶升股份,54378787.19,25.28,325309422.51,35.6905084511,229370551.47,4477379.21,29308435.74,-1382509.16,298824464.79,59586445.09,59692576.41,2025-10-30
1238,688468,科美诊断,112150960.47,-6.73,343786670.77,-0.4289743156,81313289.8,62396990.1,40384056.02,-3252281.64,234109060.4,128141009.06,127918051.06,2025-10-30
1239,688466,金科环境,45265776.59,-27.46,393389198.98,-0.8776424817,248354113.08,12863232.52,54183983.59,5334639.32,338587467.35,58287452.46,58939738.02,2025-10-30
1240,688459,哈铁科技,50375788.59,70.94,490401188.37,21.2837357046,294024891.49,26347399.18,104310038.87,-33520918.41,442423312.99,64257256.59,64204291.51,2025-10-30
1241,688455,科捷智能,-56262248.17,3.662135044606,658238730.76,40.3623983568,553303358.62,56553828.4,79346690.99,-3391506.97,757893807.24,-78005778.63,-77513976.61,2025-10-30
1242,688450,光格科技,-32708788.47,-343.3,88602284.15,-49.3048904895,42927137.51,39424600.42,12735728.79,243018.94,143442711.9,-47393602.69,-45970363.29,2025-10-30
1243,688448,磁谷科技,20378188.83,7.47,256072386.6,16.5036661899,168621353.66,28148872.15,18256396.2,-2419638.02,251485745.39,18733923.8,18736675.96,2025-10-30
1244,688425,铁建重工,1029440962.49,-15.31,6800530313.02,-8.044618403,4700722285.37,233771721.02,213275187.31,40882156.14,5874130797.17,1119289765.54,1120962872.98,2025-10-30
1245,688416,恒烁股份,-104565670.36,-8.833820274865,263682613.06,20.9539830156,222880934.34,12629413.05,24584872.73,-2237749.69,323325377.35,-105182443.98,-104749860.68,2025-10-30
1246,688400,凌云光,111987354.93,-18.74,1584067239.11,-17.6978063181,1008516058.17,172122710.11,131196674.64,-31483391.4,1582583853.76,82846856.31,86734067.66,2025-10-30
1247,688390,固德威,8652084.37,-99.03,4943394265.8,-12.5116860094,3806377937.66,390640332.64,239270537.91,14406013.68,4872767664.54,44065067.13,39974685.92,2025-10-30
1248,688388,嘉元科技,-143993600.95,-559.75,4339497849.76,17.0982083323,4254234801.58,11985020.83,102031911.93,61141332.97,4485900643.73,-169065755.15,-170299524.08,2025-10-30
1249,688382,益方生物,-305306509.72,-26.545685769106,19156299.24,-84.9364412504,7031049.1,,43184858.85,-18342879.22,327620052.49,-305306509.72,-305306509.72,2025-10-30
1250,688375,国博电子,306409434.58,-31.93,1813593985.69,-35.825803795,1153659827.64,6920996.31,97233292.81,-19191878.14,1508607055.93,316125938.75,316118632.58,2025-10-30
1251,688370,丛麟科技,75022958.68,-22.56,423834923.03,-10.0151649475,271700671.72,15648714.88,60355145.83,5115288.62,382092303.25,74706350.68,74869507.94,2025-10-30
1252,688368,晶丰明源,-54301065.23,-55.318238446275,1088020033.15,18.7821104567,695153365.96,45125790.84,100625914.82,9464351.02,1145572718.76,-31008986.72,-29832631.8,2025-10-30
1253,688357,建龙微纳,60532212.4,-55.5,565675765.56,-29.2951933308,396031289.25,16885125.68,59915426.18,-911696.76,504925314.58,73417593.72,71735643.19,2025-10-30
1254,688355,明志科技,52915565.97,10635.6268061468,435110770.32,25.5004379135,296204623.84,8451331.63,53433510.46,-487895.35,403582484.79,54887765.37,56181296.74,2025-10-30
1255,688352,颀中科技,228401237.25,-6.76,1435307024.26,25.1130369235,973723268.4,9601425.81,92335314.61,-10435893.74,1187157314.15,269084468.61,267657890.06,2025-10-30
1256,688338,赛科希德,83658701.71,-4.74,226525212.72,10.8924330366,85776966.61,26459620.87,20039838.83,-17984376.9,134203832.33,94997311.01,94926151.11,2025-10-30
1257,688335,复洁科技,-15218361.67,-166.35,134224213.43,-61.715237909,95873824.17,9689068.85,49061545.0,-966950.64,177655208.23,-15657983.42,-19185566.34,2025-10-30
1258,688320,禾川科技,-80634059.45,-227.715862452535,643595451.16,-27.2810506125,469970690.67,86551093.38,41973267.37,4558351.41,731617800.33,-89169510.39,-88970745.82,2025-10-30
1259,688319,欧林生物,4025906.59,-86.71,386646898.48,9.7495412656,20425109.52,185241304.11,63044731.6,9477184.11,379815023.64,519948.51,1447270.84,2025-10-30
1260,688317,之江生物,-13009588.94,-137.56,137579847.2,-32.9539027645,37975715.52,49172418.13,65799975.27,-67266345.27,130299732.01,-9945048.3,-10943966.05,2025-10-30
1261,688300,联瑞新材,184875360.16,48.1,693708874.24,35.7942173187,401207975.84,8004810.69,44050450.51,1927318.02,503977810.62,208023941.43,209489195.79,2025-10-30
1262,688293,奥浦迈,27234818.16,-36.93,215856681.99,25.7250406738,91847566.31,18738877.71,61719317.57,-11564233.63,186064262.52,40192115.29,39238029.92,2025-10-30
1263,688290,景业智能,7061111.33,255.38,149279247.49,15.6554767477,89836154.81,7316735.38,41011410.94,-3864515.33,154062015.42,-308987.39,-253862.99,2025-10-30
1264,688286,敏芯股份,-48091621.2,41.581169757213,336653429.12,29.9453259323,262426665.43,14210378.25,37217798.33,-5687225.24,369856411.21,-43353623.17,-49050483.44,2025-10-30
1265,688282,理工导航,-33089345.42,-837.95,62936769.54,337.3508598625,45346720.63,4506441.5,24962558.35,-10459494.89,101272019.96,-44895241.97,-45037635.47,2025-10-30
1266,688277,天智航,-76172852.88,-5.676194513501,92120994.7,-31.0814168858,29987198.53,69244500.28,51404396.22,6912931.8,231022641.76,-96489588.06,-96702204.71,2025-10-30
1267,688271,联影医疗,671163083.66,-36.94,6954283174.55,-6.4333659576,3649810278.99,1253491013.2,411739490.53,-60909527.55,6608289860.41,717189637.11,711860169.87,2025-10-30
1268,688267,中触媒,113661569.36,162.63,523103700.66,43.5728814818,319619821.34,7207827.11,37692303.64,-7346662.2,399404167.51,127925322.73,126530607.61,2025-10-30
1269,688265,南模生物,-15195356.25,-3.994132574387,264848483.4,-1.1722884891,149290455.67,45627932.27,39826209.06,2482980.31,296662616.31,-20808937.05,-20818498.85,2025-10-30
1270,688261,东微半导,30638042.81,-76.73,680518037.7,-11.6176243877,574828788.71,10459725.86,25194520.1,-11889905.25,653711426.92,25995728.48,26149931.21,2025-10-30
1271,688251,井松智能,32943359.75,323.04,549597677.88,51.4907771864,412429231.43,40129960.76,21953753.45,-2424788.72,523893025.51,35944832.04,35940944.91,2025-10-30
1272,688249,晶合集成,278934711.05,771.94,6775051745.81,35.0451012336,5063747565.87,41240005.67,246848679.77,262085332.55,6571329449.6,297286335.2,296182621.42,2025-10-30
1273,688246,嘉和美康,-41259537.59,-328.81,475749687.07,-11.523486587,250777761.14,71237054.04,67024713.43,4181113.0,513389627.59,-72563428.01,-73586781.02,2025-10-30
1274,688244,永信至诚,-31582487.84,-3.57997727103,172941200.29,1.2935094248,79357036.61,47022495.8,25819382.28,-1772463.35,220760564.29,-34689522.48,-34921056.74,2025-10-30
1275,688222,成都先导,30120251.36,64.71,298269775.63,21.3814381256,151105481.38,14768044.94,56384487.84,-1219272.91,274399448.48,26015358.54,24831447.99,2025-10-30
1276,688219,会通股份,152490745.83,33.68,4290309112.15,9.8109693187,3698630282.81,108504679.13,113436509.12,51795777.32,4187245227.39,165306254.85,164002096.35,2025-10-30
1277,688213,思特威,273237797.94,517.319022355165,4207550618.14,137.3305318343,3283651078.05,73489163.32,69223229.44,72745266.54,3827303691.83,292629177.14,287037983.91,2025-10-30
1278,688205,德科立,76288672.29,15.03,600675877.65,9.4517857341,408650587.14,28422632.76,25802301.47,1126480.4,543030595.96,81004604.03,80825610.29,2025-10-30
1279,688201,信安世纪,-49026171.03,-300.18,300132472.91,-12.4090626696,86016193.19,87568288.61,49531719.76,-296866.86,361946706.49,-59209946.19,-59342378.25,2025-10-30
1280,688200,华峰测控,213093657.21,8.14,621198629.1,19.7530683913,151301247.79,96734842.82,42182348.51,-33583796.34,385925600.42,228967339.25,229635889.5,2025-10-30
1281,688179,阿拉丁,72569235.76,32.7,377609622.39,33.5364196164,139424961.42,31724997.49,51220395.04,2054667.76,275048728.07,94081436.19,93793237.76,2025-10-30
1282,688178,万德斯,4754397.25,-76.5,405852457.28,-33.1893889047,291291573.7,16848242.2,64967994.23,10988302.98,410497950.84,2327356.64,1472833.15,2025-10-30
1283,688176,亚虹医药,-270840063.46,-1.043282224893,138951629.03,4537.7945461077,28572333.59,131694373.01,57774514.76,-15639926.6,422331119.09,-268659981.92,-271557522.32,2025-10-30
1284,688170,德龙激光,-21345064.81,-195.945607539271,416212299.43,26.9293809474,227105818.23,72057041.31,45048712.25,-4059392.22,442175902.83,-19819303.84,-19860853.65,2025-10-30
1285,688167,炬光科技,-51786911.21,-220.53,458154877.37,19.1653453503,318082826.18,34271739.19,78836965.37,-3051102.59,503401888.78,-57651750.64,-57305471.12,2025-10-30
1286,688160,步科股份,32375288.22,-25.54,396279121.62,8.0157472387,253973271.84,39839722.28,20553393.95,-597338.99,370435371.53,33588716.61,33338597.88,2025-10-30
1287,688159,有方科技,95278381.32,318.208262079633,2569560980.08,262.6327801809,2323713142.32,33394602.23,38168492.1,18793193.87,2478356184.82,103571359.59,103484589.52,2025-10-30
1288,688155,先惠技术,188073319.85,629.55,1842627076.73,4.1721926811,1359985977.28,4694611.64,94761598.04,18708606.17,1575333167.72,309812604.05,310168667.99,2025-10-30
1289,688151,华强科技,27600407.57,-7.2,342001912.63,-5.7621363673,282935672.09,18721550.35,66607441.19,-12810904.38,399049455.14,24216030.53,27088333.3,2025-10-30
1290,688147,微导纳米,150753901.57,-2.78,1544273186.74,51.1677502752,952143256.55,56169625.37,147492043.16,19194342.79,1387204773.97,146591447.27,147559384.97,2025-10-30
1291,688143,长盈通,-3694758.51,-230.34,183354160.6,36.7989129253,100869445.7,12801729.44,41807257.66,-453452.89,177345523.78,4126107.34,-6124280.57,2025-10-30
1292,688137,近岸蛋白,-18258535.09,-215.0,92079068.48,-16.8262558508,32652717.32,34818725.83,37305567.98,-24190494.41,115556413.23,-26970232.56,-27598083.36,2025-10-30
1293,688136,科兴制药,17178251.41,131.627207023933,1038255976.88,7.1473857863,312948824.45,448016012.31,61220949.1,31146447.35,975684606.8,55728103.27,49890510.3,2025-10-30
1294,688132,邦彦技术,-925427.39,-105.74,254101205.26,55.6008663987,107599063.36,16580431.49,49945257.33,-345720.69,220576096.79,3186183.18,2843130.37,2025-10-30
1295,688122,西部超导,603663312.96,3.62,3235126315.6,4.7611905857,2135934301.69,20715835.69,135868638.02,33944115.07,2575940442.77,738304680.62,738219789.86,2025-10-30
1296,688118,普元信息,-68684078.55,-73.256847299897,205273527.29,-29.9430479315,114779257.86,86928666.69,33606910.7,-2789583.99,298724969.6,-76230722.38,-76443853.16,2025-10-30
1297,688113,联测科技,55312642.45,-11.81,330401861.26,-4.2254720347,204836431.28,13344597.33,21055160.71,-840084.51,268864780.73,64268950.38,64537082.89,2025-10-30
1298,688112,鼎阳科技,91649118.45,-23.0,354642646.73,1.4975436675,134473287.81,65678130.3,17083081.92,-26383400.43,262764492.56,101295287.3,101077294.4,2025-10-30
1299,688105,诺唯赞,18156530.17,123.768469478838,985911100.96,13.4150049328,291025650.03,337263246.11,162426685.21,6785604.89,1019731337.69,-11192812.66,-8218662.37,2025-10-30
1300,688103,国力电子,26380258.22,-49.27,547472664.52,12.6166709796,394864569.01,18968292.46,55246786.52,7837534.96,544479076.9,20796208.22,21119718.1,2025-10-30
1301,688102,斯瑞新材,78268192.82,14.36,964308079.11,10.9829182314,742508557.33,15835764.53,49052729.6,13822639.85,878800051.46,90472460.45,89449484.76,2025-10-30
1302,688099,晶晨股份,593793754.87,89.26,4640087780.11,20.2812275549,2952500012.84,60114744.53,108173639.7,-76322618.45,4072151364.79,632377042.14,631999408.08,2025-10-30
1303,688095,福昕软件,38674139.5,163.067184112657,509202112.48,15.0690197037,32014924.65,275664795.07,119185373.43,-6977802.33,600067057.26,34459224.8,38064980.07,2025-10-30
1304,688093,世华科技,195548901.79,26.64,566377744.73,45.1217611485,245599213.12,29088715.69,38045909.7,-1192389.85,354616799.27,228019658.0,227174656.38,2025-10-30
1305,688091,上海谊众,34670092.06,-73.46,169608230.26,-39.2523658319,9192673.65,83790558.19,31128309.33,-13662503.22,136608368.08,42407372.43,38099536.81,2025-10-30
1306,688090,瑞松科技,4257754.32,-78.09,662121859.96,1.3142659722,539253669.2,34119928.92,42579266.84,-1799284.39,651578356.41,6119193.99,5228309.1,2025-10-30
1307,688084,晶品特装,-27598479.94,-4480.00317896279,68200921.57,-18.8160124762,48546647.87,6274341.09,22133353.13,-7486576.58,107405239.24,-30392720.03,-30610824.62,2025-10-30
1308,688082,盛美上海,758184480.97,12.72,3976661775.9,44.6166264133,2049342017.43,316003236.81,225807551.41,9622529.59,3146721869.89,802883281.87,803009613.83,2025-10-30
1309,688073,毕得医药,83853892.8,-26.05,811377889.62,0.7914410534,477309328.92,94315547.68,81024454.72,-5325990.16,696947815.87,102287565.17,102391559.79,2025-10-30
1310,688067,爱威科技,25129248.58,4.25,153120219.59,1.5663066106,62686713.77,43539069.84,12090918.37,-347704.37,137137488.83,27139261.78,27103948.68,2025-10-30
1311,688061,灿瑞科技,-23033756.42,-47.780416711858,416310367.0,37.3009599426,305111015.9,16872221.85,40159899.11,582781.97,476136005.57,-33173511.17,-35276743.81,2025-10-30
1312,688055,龙腾光电,-168109145.75,28.547300978051,2638152771.61,-4.6215920437,2450961947.24,39082291.28,83460892.77,4005589.5,2768684536.22,-218518933.63,-218009893.26,2025-10-30
1313,688050,爱博医疗,317592430.52,26.04,1075267105.77,60.9442655447,354802497.07,144386459.87,120728250.53,11925836.28,720300574.45,363056896.7,361826448.54,2025-10-30
1314,688045,必易微,-20379269.68,-42.152679996934,476490150.47,12.7415636607,357239830.73,15543771.76,34473198.16,-1242059.28,535702276.36,-35117867.96,-35209071.21,2025-10-30
1315,688032,禾迈股份,245611426.73,-40.88,1265538870.19,-10.1187352944,656931987.43,151867176.55,131901361.19,-86886718.4,1067924619.96,262255430.04,261984915.53,2025-10-30
1316,688030,山石网科,-76578084.01,55.737951352698,705171621.22,0.6999958295,203273762.51,257815836.02,65220994.48,16840735.75,817600568.56,-76929405.17,-79331636.44,2025-10-30
1317,688028,沃尔德,76505184.3,2.68,494541226.55,17.0002950819,269047909.05,51789086.54,47558688.38,328878.67,408769907.07,91309623.21,91051315.05,2025-10-30
1318,688020,方邦股份,-39626653.74,24.46,241561820.41,-10.2952209697,167650321.73,7177889.88,41355627.8,4094365.3,277954902.42,-41052880.99,-41075262.89,2025-10-30
1319,688016,心脉医疗,553338118.91,42.46,969564236.7,9.1286509233,237583526.66,92308589.63,45472931.03,-12051365.39,443293120.87,637790237.07,636229405.81,2025-10-30
1320,688012,中微公司,912979678.37,-21.28,5507194599.46,36.2739781658,3181954720.24,318633250.62,311373120.65,-58318212.14,4686862382.99,942261968.37,946561924.83,2025-10-30
1321,688011,新光光电,-34145832.42,-51.52,67463020.14,-24.5327974524,43183853.66,15169529.8,31633420.98,-4211013.65,110336065.93,-34830908.05,-34816350.7,2025-10-30
1322,688010,福光股份,-33765562.95,7.229206342279,459915599.37,4.1611725095,363267614.7,6711068.9,65490516.46,12664084.03,497141615.69,-45782638.53,-46730614.26,2025-10-30
1323,605589,圣泉集团,580641315.82,20.53,7151538808.59,6.8661293593,5495791979.41,258533169.69,303732289.98,11110072.47,6496889390.18,672314944.52,676919379.77,2025-10-30
1324,605580,恒盛能源,110670932.18,11.57,591495769.59,5.9522579857,452769638.16,216925.44,17016558.6,3699251.03,490929924.11,140997543.58,140581013.01,2025-10-30
1325,605577,龙版传媒,235651326.89,-37.38,1450618399.21,-14.6429242183,786137366.24,147232799.51,216581018.04,-27260483.27,1141902281.08,293235681.18,292294028.47,2025-10-30
1326,605555,德昌股份,301567266.86,14.5,2986808837.66,40.3271521545,2461644001.49,11601551.52,122280374.82,-35120246.21,2666823398.29,331430073.83,331955581.89,2025-10-30
1327,605388,均瑶健康,49421033.21,-40.11,1176808904.85,-13.1987591522,825951535.95,168176285.41,101885171.52,-980392.64,1126480653.88,64980494.86,63022022.23,2025-10-30
1328,605369,拱东医疗,141396726.29,60.22,836032757.64,17.308037651,557189630.4,34257821.93,62169938.79,-14381052.18,683540594.88,158399713.23,158109346.2,2025-10-30
1329,605358,立昂微,-54341985.28,-129.31,2276546931.79,13.1035095613,1966966502.44,12790937.97,88137176.83,169255354.5,2459823397.02,-206886267.94,-207580544.48,2025-10-30
1330,605336,帅丰电器,44075340.76,-68.35,313223666.89,-49.7587212376,178318396.87,63016454.12,35106017.73,-26005955.75,273992512.49,53061751.74,52306135.67,2025-10-30
1331,605319,无锡振华,250418596.2,50.29,1730242620.77,7.0736422075,1299302760.06,2787653.51,71012513.46,21238455.7,1460432427.21,298127956.43,298443866.31,2025-10-30
1332,605305,中际联合,238291541.82,101.01,934082390.58,33.5706994463,489691975.58,78295147.24,71754311.59,-17160441.47,680752460.72,286000083.6,286277652.45,2025-10-30
1333,605298,必得科技,12512007.32,-10.03,263450435.7,32.8714906262,151244553.45,15796774.5,57875069.84,-2628413.01,241661856.1,16744290.59,16916304.96,2025-10-30
1334,605286,同力天启,219973755.1,52.57,2271305640.51,26.9014300038,1699256486.23,13389489.19,88007616.38,4733489.87,1872434143.43,400880688.3,400414082.2,2025-10-30
1335,605277,新亚电子,101260542.34,-7.69,2479219434.0,12.3357448739,2099809202.33,55433680.48,87972038.66,24764074.12,2374500277.49,120232497.43,119694048.5,2025-10-30
1336,605266,健之佳,100830907.68,-63.79,6735206324.77,3.6251559604,4297958888.17,1972028515.67,187669581.47,104433198.33,6601939673.48,135825136.93,128488078.59,2025-10-30
1337,605255,天普股份,18385494.69,-21.07,242455774.39,-5.1886135875,157329906.25,3954773.47,34903595.37,-228245.14,217561859.87,25726094.01,25065424.95,2025-10-30
1338,605198,安德利,197834934.27,-7.68,1024913635.73,53.279985443,763260192.54,3515924.88,27416772.14,-2833718.97,806932062.01,198026854.86,198019769.84,2025-10-30
1339,605189,富春染织,103721743.88,44.58,2191434418.23,20.9495281314,1892544141.66,18226041.08,49046459.04,27708815.76,2091181965.97,115247851.53,116035874.04,2025-10-30
1340,605186,健麾信息,32051502.98,-56.71,195235835.09,-19.0660806664,83260253.1,19988029.83,30076717.42,1537685.39,155655172.8,31004426.08,30996911.67,2025-10-30
1341,605180,华生科技,47202084.32,70.07,248767721.9,56.0773417573,177297190.96,2730492.93,13910418.26,-12878619.72,192934662.29,54031935.4,54031393.27,2025-10-30
1342,605178,时空科技,-136062191.47,-10.369822223623,204053371.94,19.6379796268,161416175.21,31269599.0,68273545.46,-399630.67,268883084.34,-146482971.14,-146924656.4,2025-10-30
1343,605158,华达新材,132879066.43,-41.46,5035934491.36,-8.833627165,4750989921.28,10521492.19,33348720.81,-26858547.85,4938566519.61,155812382.88,155102352.88,2025-10-30
1344,605151,西上海,50423906.89,-44.76,1040474786.95,17.8670205831,839023841.85,12569591.07,70166481.71,2854286.07,974669895.28,76857430.17,77873477.78,2025-10-30
1345,605136,丽人丽妆,-27796309.52,46.475121243943,1226909983.82,-36.4391925828,781205014.57,391129639.72,83871700.65,-11364351.56,1274296354.52,-28323237.72,-30363133.28,2025-10-30
1346,605133,嵘泰股份,126354465.12,9.8,1753741811.38,22.1602596058,1341020382.32,25352268.52,142047843.23,29928227.06,1623866778.53,142836516.17,143132194.46,2025-10-30
1347,605128,上海沿浦,108485602.03,70.51,1498562144.32,46.9670091417,1251283587.93,1507709.5,64545227.29,16019983.32,1388368991.52,119905788.83,119462578.9,2025-10-30
1348,605123,派克新材,246969977.7,-41.65,2481737531.76,-11.1994725839,1970350189.58,42161740.09,53057913.33,-16686228.64,2189480597.59,270972071.46,270643075.96,2025-10-30
1349,605118,力鼎光电,115719344.99,-2.3,455073331.83,-1.7400069578,262921222.34,7871742.86,22392705.51,-5686423.12,326350153.47,126728664.85,127475509.2,2025-10-30
1350,605117,德业股份,2239603338.01,42.81,8016066000.83,26.718076055,4812073017.12,208164736.07,212879675.51,-84011283.79,5566232763.63,2572848678.58,2569326939.03,2025-10-30
1351,605108,同庆楼,83396171.69,-58.92,1865172389.52,10.8078295322,1487915983.15,121898591.5,96000758.58,48056887.14,1764804046.55,107515933.04,107929879.23,2025-10-30
1352,605100,华丰股份,52470585.96,-11.48,728620550.58,-27.6859228404,625815904.38,10511390.06,35030780.1,-12371261.15,681600817.94,61452085.1,61588690.62,2025-10-30
1353,605081,*ST太和,-35977138.85,-35.0,94999836.48,-23.7300615939,58966212.58,13875838.06,53787169.51,-928626.82,133853746.4,-31101021.11,-35650675.34,2025-10-30
1354,605068,明新旭腾,12088435.82,-69.1,777870180.59,24.1786143672,572383815.97,9644443.56,70823154.54,40261879.62,778940102.92,7683829.44,6691297.36,2025-10-30
1355,605058,澳弘电子,100435378.81,-10.21,942715081.99,16.2692289062,743794006.18,14107136.38,44058752.96,-2682545.78,852782943.2,109686503.66,109804419.66,2025-10-30
1356,605028,世茂能源,124485046.63,-12.73,268196502.32,2.3766528596,104891622.07,500584.42,34431568.25,-3418738.05,148839384.99,144189999.83,144350698.83,2025-10-30
1357,605016,百龙创园,182591645.07,29.19,820387384.32,25.481385351,548532771.34,23559371.3,20128817.11,-1128884.3,621761378.06,208410177.11,208140693.78,2025-10-30
1358,603991,至正股份,-15074675.0,-6.957572959545,193190146.87,26.4640137878,164324662.08,8944610.65,14324439.18,7982469.58,208333316.28,-17002251.15,-16935434.36,2025-10-30
1359,603990,麦迪科技,-167220784.71,-81.638218453194,360301548.27,2.9275824815,318392826.62,53422764.33,109677956.67,51548794.16,579593276.48,-159160870.71,-159532090.07,2025-10-30
1360,603985,恒润股份,-73682606.81,-226.9,1064923605.67,-14.6010126894,1036169273.76,7180189.44,60582123.59,13586470.92,1170983135.09,-84287093.2,-78698084.13,2025-10-30
1361,603966,法兰泰克,123105013.12,-11.21,1416909396.59,-1.9475426567,1032625365.14,66880975.01,70481436.42,15275617.84,1275641243.15,150691346.32,150205362.94,2025-10-30
1362,603939,益丰药房,1110500691.55,11.14,17218897862.76,8.3764252379,10263836853.11,4475400595.82,756145104.2,122429585.36,15712009022.92,1585544439.53,1579992160.75,2025-10-30
1363,603937,丽岛新材,-3417008.81,-106.103202667651,1118106328.88,-2.2869376878,1038168663.07,9489295.03,26592839.17,3179299.77,1110286747.47,-13985116.28,-13770650.83,2025-10-30
1364,603933,睿能科技,60575428.61,31.16,1454393518.06,4.1493997454,1103294159.17,107215295.88,71539753.13,12370208.89,1389768067.25,60163572.83,61082215.35,2025-10-30
1365,603928,兴业股份,36582972.25,-43.19,1086307067.88,-3.9203264107,956238855.51,14369912.08,42286539.87,1185685.62,1056076972.72,42811644.98,40348754.7,2025-10-30
1366,603917,合力科技,3288209.82,-92.14,421797164.33,-11.2610447172,338042801.98,10961298.9,29685419.81,-2218874.23,403429889.68,822287.52,914672.01,2025-10-30
1367,603915,国茂股份,208580167.03,-21.68,1926978761.76,-4.1694441664,1491254393.04,51158073.34,73195934.11,-2522589.52,1716227468.26,238390658.78,240595883.94,2025-10-30
1368,603912,佳力图,12205610.57,-39.66,454586469.84,18.0901568183,343160227.47,44719415.83,22572063.32,726840.49,453773488.27,11405917.59,11494541.24,2025-10-30
1369,603901,永创智能,78638427.99,-52.76,2485047604.58,2.9656935815,1794559648.3,189019770.48,153903483.44,35880262.32,2378817131.16,87868496.09,87363207.65,2025-10-30
1370,603899,晨光股份,1021621356.31,-6.63,17114323316.09,7.9103326842,13729335146.52,1290115358.13,722266165.84,-26559541.06,15922480113.44,1323904467.89,1325655457.76,2025-10-30
1371,603898,好莱客,90965997.64,-48.94,1444079050.35,-11.2394119446,950565391.21,193941516.32,118429651.93,24323162.12,1384351259.55,83981179.11,85946430.83,2025-10-30
1372,603890,春秋电子,140933254.77,1268.19,2981963840.28,27.7298216346,2522214445.9,41881071.94,129622116.82,53370489.38,2913879218.87,140738251.72,137188377.2,2025-10-30
1373,603882,金域医学,93838992.07,-83.71,5618852446.76,-10.9478770612,3643595996.75,677896671.99,483109316.58,-969053.53,5117588587.38,110211323.37,95941120.14,2025-10-30
1374,603866,桃李面包,435055298.29,-5.28,4647498960.01,-8.2652038001,3540855692.92,368148222.94,98454585.75,24435339.76,4109952558.32,558440825.6,564908783.97,2025-10-30
1375,603861,白云电器,124277232.93,102.93,3554354322.73,20.3397491844,2909713662.99,181235538.74,161968688.36,44678881.93,3446014782.04,159580134.11,159565906.97,2025-10-30
1376,603860,中公高科,5626921.68,-52.56,97161414.37,-10.073411397,43397398.25,3733558.44,34165172.64,-1516910.89,93142213.5,6033860.14,5976641.28,2025-10-30
1377,603858,步长制药,312863200.9,-66.18,8514403594.83,-14.7128727807,3650734503.88,3271091901.53,664107114.37,89977082.91,7978935292.72,594910071.28,501845854.01,2025-10-30
1378,603855,华荣股份,321385615.02,6.62,2449921815.29,19.6665441396,1220698879.77,608188552.63,147695637.91,-4001504.14,2105620296.58,351231458.22,367185662.27,2025-10-30
1379,603839,安正时尚,-31251833.48,-203.1,1470544579.41,-8.4198880386,777669596.21,481050265.31,161368385.35,6653016.78,1472487768.61,-30766786.94,-30968778.68,2025-10-30
1380,603819,神力股份,-47619277.42,-3967.49,944948972.56,-3.3993623395,858610953.09,2435862.61,41542503.49,10447468.11,927855604.04,-55904030.12,-56011168.87,2025-10-30
1381,603808,歌力思,21525228.09,-84.22,2152313306.81,4.1984966599,684508952.71,1093398427.36,185849174.72,18522638.28,2052288568.24,100301978.3,100178974.31,2025-10-30
1382,603806,福斯特,1258024975.95,-12.08,15174251391.12,-8.8612229311,12813302207.64,70369524.69,220059334.93,84484489.19,13770717617.95,1403813720.62,1407478058.94,2025-10-30
1383,603803,瑞斯康达,-65040723.71,12.090458017586,1030168643.14,-9.384982153,630552724.1,189780008.95,88372740.47,4133410.83,1147493082.06,-64648889.97,-64588225.2,2025-10-30
1384,603778,国晟科技,-152374219.81,-949.1,1066064275.52,17.6386523917,1099169152.35,17513236.2,104761849.76,21376825.88,1287519305.41,-260016687.39,-260359166.59,2025-10-30
1385,603777,来伊份,-42623575.17,-1038.26,2523171707.67,-15.9607637975,1495130211.28,732457842.34,338023165.71,13407940.87,2604407007.84,-42074783.55,-39995749.29,2025-10-30
1386,603757,大元泵业,193651167.85,-22.27,1295991555.29,-8.5402321667,909056795.42,67884746.0,72987591.82,-1908669.03,1123990010.79,214739266.99,214618718.3,2025-10-30
1387,603726,朗迪集团,132941842.7,52.56,1428523262.83,11.4284958876,1112866670.9,24135547.24,66747367.57,5749228.68,1289129078.93,157983023.23,155548781.18,2025-10-30
1388,603719,良品铺子,19390343.36,-89.86,5480183971.09,-8.6558833524,4009127258.76,1128403934.36,280109884.59,15913.67,5470280606.28,57475907.31,55328613.23,2025-10-30
1389,603718,海利生物,20173396.25,-72.99,174428026.55,-10.3673085555,88818920.59,35785269.02,62962578.79,3443828.64,210114237.84,-27413235.16,7277269.64,2025-10-30
1390,603716,塞力医疗,-56025062.27,-1368.69889636412,1420111454.42,-7.1506925149,1137695865.9,100018355.49,122836376.29,46776463.66,1444210701.93,-50183819.91,-50294388.18,2025-10-30
1391,603712,七一二,-27249970.33,-108.85,1609413413.08,-28.9653915373,1063544786.47,54455563.8,146481546.59,16284232.24,1667566788.72,-78342901.85,-78169791.47,2025-10-30
1392,603709,中源家居,2483254.45,-91.76,1125927569.48,50.5119678351,879337640.01,176315383.27,31861088.78,3028056.63,1122336774.28,-1578209.33,-3231538.65,2025-10-30
1393,603706,东方环宇,121693774.86,15.72,809586651.95,8.424617101,594962243.11,30988155.2,25210929.52,-5657952.46,653959664.33,160600526.55,163987185.9,2025-10-30
1394,603700,宁水集团,35187364.62,-56.98,1013101711.23,-19.5031912577,789170765.35,71845588.94,60630331.23,-2260334.84,980847049.63,33334981.39,36079228.52,2025-10-30
1395,603698,航天工程,127571434.01,26.16,1667372001.52,12.2226854767,1305347783.16,29416168.62,122408763.28,-54054362.43,1519434705.62,171331246.15,171549199.25,2025-10-30
1396,603689,皖天然气,283024313.43,-5.96,4249943404.62,-8.0308609494,3730821312.64,18275986.86,115515728.59,41028918.48,3925952884.23,380887552.23,381439396.16,2025-10-30
1397,603687,大胜达,82719724.66,8.89,1509556565.96,2.7169003135,1246040793.76,29462577.33,95092550.44,-17733389.76,1423230805.84,140573265.6,113119474.27,2025-10-30
1398,603686,福龙马,115389096.18,-38.06,3790961214.3,0.7773968347,3013345522.81,147187113.64,267741547.19,2953115.58,3497559422.63,230567998.58,228778836.75,2025-10-30
1399,603685,晨丰科技,11916241.16,-11.64,928748574.64,4.3782613003,788197667.81,8380943.84,50079010.27,47208264.92,931093189.17,7477051.23,7078640.72,2025-10-30
1400,603678,火炬电子,225960669.09,-22.63,2151242650.98,-20.734612561,1453280424.3,115627009.28,208638512.88,14804533.72,1886144828.94,253351966.93,252264078.78,2025-10-30
1401,603676,卫信康,243266114.99,15.71,994357109.91,-6.2967683852,450383842.35,158430181.3,94583417.82,-2185991.16,788516312.82,233548651.41,270151440.7,2025-10-30
1402,603663,三祥新材,76922502.97,-6.13,850064999.97,0.9417518544,624783841.72,9210273.59,53138772.62,10926711.49,740568706.96,90844678.99,89288792.39,2025-10-30
1403,603658,安图生物,956174546.82,6.13,3380035059.48,4.2417197195,1160375684.17,544988709.06,148095505.61,7771646.0,2408355902.26,1064101986.71,1054276051.5,2025-10-30
1404,603648,畅联股份,112459271.95,-6.43,1272719849.42,4.9430009087,1024976946.42,10051483.2,77544444.84,9151134.83,1152282790.29,136344740.72,141855178.58,2025-10-30
1405,603639,海利尔,195873110.79,-55.71,3213879407.17,-13.3087639567,2441069646.98,140034238.05,160726699.37,21623253.79,2940226911.15,232551710.75,226556448.31,2025-10-30
1406,603618,杭电股份,121066190.18,0.3,6443018869.91,15.3410469442,5596298435.4,216186868.57,94185501.04,95640296.76,6245729467.58,144253218.55,143507650.19,2025-10-30
1407,603617,君禾股份,61807601.8,49.62,847932756.97,72.1826423048,656578090.37,39138037.68,61764244.4,-10174745.88,776534972.04,77543364.48,77369253.97,2025-10-30
1408,603613,国联股份,1120094291.09,11.41,40242228037.58,7.9915682416,38203810324.54,197140469.36,93105264.14,75556173.1,38709454652.32,1713812480.4,1714753105.5,2025-10-30
1409,603611,诺力股份,362834954.24,1.03,5146996262.06,-3.5714689247,3971061217.99,238023035.73,257245327.52,41048984.21,4738337502.46,428525584.14,420856492.92,2025-10-30
1410,603609,禾丰股份,289132358.56,631.34,24010607723.13,-10.7165083828,22483691866.68,546060457.02,483065635.23,124921793.68,23702801394.65,350916348.75,330325065.48,2025-10-30
1411,603596,伯特利,778029173.82,30.79,6578233006.32,28.8506271417,5217676482.33,25422892.16,161594100.06,-29061784.95,5790631511.43,865869997.38,899156000.71,2025-10-30
1412,603590,康辰药业,112975682.11,-23.99,646310729.73,-10.2391203543,68708878.94,322345827.07,89275691.13,-2131009.61,518431065.74,144401420.69,144212254.67,2025-10-30
1413,603587,地素时尚,278986750.88,-32.55,1613421174.59,-12.5916405466,406260450.94,644760405.64,146256304.66,-24129428.07,1240905105.38,372647045.68,372249614.2,2025-10-30
1414,603586,金麒麟,68172404.41,-31.97,1230908041.35,-0.9387446545,972646999.61,33286297.22,61823315.88,4217893.09,1139976951.41,87028171.74,83751962.7,2025-10-30
1415,603579,荣泰健康,142512054.98,-6.08,1164316596.07,-10.3043536504,789373178.46,122570352.14,57521268.96,-8609589.47,1027733709.64,157839548.44,157583742.2,2025-10-30
1416,603559,ST通脉,-84319369.48,-34.339805034494,243708519.25,61.5093559777,230805314.44,2662715.98,23241524.39,3982432.52,262961991.26,-39307437.13,-84641421.44,2025-10-30
1417,603516,淳中科技,51510480.99,344.55,326519301.18,-3.2077649857,152065783.12,48125797.7,31680417.99,3517754.92,290137084.64,49819028.23,49991354.55,2025-10-30
1418,603511,爱慕股份,141299714.04,-38.17,2280945444.43,-8.0427901734,776097797.3,1072924763.67,185117757.08,5765412.31,2154295478.63,148632089.16,148657336.53,2025-10-30
1419,603418,友升股份,260016919.74,,2717012534.0,,2172836733.67,18111712.89,90442091.59,20443426.1,2402413790.63,297396104.38,296909723.88,2025-10-30
1420,603408,建霖家居,396600378.7,36.66,3776521369.13,22.2197120839,2783806102.66,134926719.82,215416460.66,-386032.98,3348959408.57,450162711.67,447781931.25,2025-10-30
1421,603398,*ST沐邦,-308475640.21,-1940.3,250570744.01,-75.3491675931,371448767.63,10419100.4,91886146.5,18987338.63,535836033.51,-316731320.41,-317158257.98,2025-10-30
1422,603393,新天然气,881863103.46,30.28,2964272507.17,16.7041301094,1686424419.14,27035504.2,153919714.72,102468272.51,1979927605.41,1239574820.32,1236998231.3,2025-10-30
1423,603392,万泰生物,266649096.74,-85.25,1948111396.63,-60.7938684798,624727398.94,367844338.41,237739182.71,-41812576.41,1928979981.89,264472673.64,246152310.63,2025-10-30
1424,603391,力聚热能,142478286.71,88.01,595378315.18,17.3768982618,363609802.93,70602785.13,47304997.34,-7015630.0,525460563.86,158365565.67,165292748.21,2025-10-30
1425,603390,通达电气,16703404.76,541.09,407878020.78,9.9639166927,296091380.54,28786307.68,37470620.75,-4305140.44,402155393.23,13697600.18,17092331.67,2025-10-30
1426,603385,惠达卫浴,93455743.08,448.208590458459,2475148940.72,-5.9690699538,1796910354.75,288758863.04,174551687.62,1688670.57,2407239584.13,108994611.14,108230742.69,2025-10-30
1427,603382,海阳科技,121125998.92,95.351282655046,4178040229.74,47.1332810448,3840599951.21,21351967.3,64023499.1,-774032.35,4026707463.74,143508660.33,143626043.46,2025-10-30
1428,603380,易德龙,138804826.01,34.38,1552052751.06,13.8693142895,1139430388.73,22691670.77,99797126.03,9256768.23,1366720139.59,173290821.27,170911944.92,2025-10-30
1429,603376,大明电子,192226700.0,44.655452534844,1793491800.0,22.6561220901,,,,,,,,2025-10-30
1430,603368,柳药集团,715908021.45,6.13,15992976622.19,2.4101305864,14111707954.78,430997572.17,299281950.74,176226069.82,15081535497.52,854881320.44,856674090.04,2025-10-30
1431,603360,百傲化学,254222021.32,-10.15,895631434.03,5.2587670748,482127041.0,9821161.73,83660185.59,-12094541.82,610218244.99,286949684.26,286732096.3,2025-10-30
1432,603359,东珠生态,13091619.44,-64.29,366948798.83,-42.824310138,278735893.07,,53546107.8,-8492625.92,338828122.81,14143094.75,13526330.27,2025-10-30
1433,603356,华菱精工,-54538936.57,-33.642907858911,851871368.17,-25.1703284398,806043840.29,14177554.87,60756080.74,16901686.14,925631563.07,-69614601.78,-70900782.98,2025-10-30
1434,603351,威尔药业,112897296.64,44.24,1000364429.23,20.7178383564,741019493.32,10424902.41,71277490.08,9571518.44,886687537.69,128898149.74,128731004.47,2025-10-30
1435,603338,浙江鼎力,1460441797.19,12.91,6133786224.15,29.3478648501,3916116345.9,137511658.38,142376829.37,-63598703.49,4343367313.17,1699372922.13,1703301642.03,2025-10-30
1436,603331,百达精工,21426003.15,-77.89,1111445808.58,0.9452389242,870423198.34,10451070.6,91171571.93,21639792.39,1037332601.16,1133504.17,1044809.64,2025-10-30
1437,603329,上海雅仕,32427117.79,527.637381692498,3059862349.77,68.7456895117,2902685053.06,32121660.24,70808957.8,22033033.23,3036543972.61,39167728.96,44994304.81,2025-10-30
1438,603328,依顿电子,366408013.6,22.7,2620162262.54,8.6470344325,1982475192.66,50567504.27,71601491.88,-4211363.05,2227554143.36,431515098.37,430941190.13,2025-10-30
1439,603327,福蓉科技,142253603.6,-41.95,1732492597.49,22.0433700634,1516064795.48,26883399.81,29257744.58,6929439.25,1607270127.22,130938721.77,168796319.11,2025-10-30
1440,603324,盛剑科技,91470199.53,-7.93,993675118.35,-7.3405439869,704461396.87,53984453.18,64278320.62,8750212.38,902258832.78,95440669.03,93713447.64,2025-10-30
1441,603323,苏农银行,1626903000.0,12.18,3218293000.0,4.8248252617,,,1056917000.0,,1372363000.0,1845930000.0,1837492000.0,2025-10-30
1442,603315,福鞍股份,83090690.79,48.24,935099551.36,28.1839331966,746574372.88,5934711.39,53828319.93,28741088.39,872887118.87,92538226.61,83678539.66,2025-10-30
1443,603313,梦百合,-152982600.41,-235.47,6125698687.98,7.1776735918,3845033540.03,1398884906.4,383389170.39,262141167.36,6016126117.71,-202364435.74,-190154361.33,2025-10-30
1444,603301,振德医疗,307460239.15,2.31,3125390090.31,-2.6113943646,2036380225.14,260251647.85,394925025.94,13390787.94,2833455972.78,395886287.14,380819440.55,2025-10-30
1445,603300,海南华铁,486917689.48,-13.41,3725371603.79,15.8772627645,2124802069.81,320390312.77,146118512.61,444373128.69,3118181389.22,589404695.74,585019862.89,2025-10-30
1446,603297,永新光学,140256354.77,-19.28,650576561.14,6.5393023876,396365178.23,31072891.58,27450070.78,-21010248.75,518583818.38,155058082.69,155017518.88,2025-10-30
1447,603291,联合水务,129822723.95,20.97,791009979.09,-4.5469716453,522802597.65,28253219.92,92644241.83,27570948.36,679255061.59,179559519.79,178139581.48,2025-10-30
1448,603290,斯达半导,423318753.54,-35.69,2414561229.35,-7.7952010044,1649341502.7,20357703.45,68575304.56,-2189790.73,1974197168.66,496245615.87,496239875.15,2025-10-30
1449,603286,日盈电子,9593786.29,57.26,684388783.95,14.6693648062,549841145.82,14322411.0,57844476.89,7017483.26,670452381.31,14604282.99,13755975.98,2025-10-30
1450,603283,赛腾股份,475110991.27,18.99,3193838844.3,21.7611840427,1766548013.1,320596341.69,246203414.99,18152314.84,2642728881.7,551055920.66,551367498.29,2025-10-30
1451,603282,亚光股份,78780920.58,-39.57,487259857.85,-35.8115925088,310109754.05,19015180.75,43880483.3,-5897629.39,403501320.19,90062800.01,89368688.03,2025-10-30
1452,603279,景津装备,665014400.48,-10.09,4703751986.22,1.2009953375,3336736851.64,215129421.03,115537768.74,-25087567.64,3798201100.81,876701473.03,886690325.57,2025-10-30
1453,603278,大业股份,-107655795.24,-202.1,3839502293.31,-7.9747587705,3699819481.86,56369545.6,76191500.96,108470528.85,4016885542.78,-138452316.89,-139608506.65,2025-10-30
1454,603276,恒兴新材,34536365.34,-45.22,564813650.68,22.2661668087,489163110.82,3667143.76,29165751.42,-2426143.13,539636827.85,41190599.33,41062316.8,2025-10-30
1455,603272,联翔股份,-7818788.51,-288.08,90902111.22,-28.3082475298,68607076.93,9983333.8,21799938.15,-2315634.37,105194370.51,-7399595.36,-7274996.27,2025-10-30
1456,603270,金帝股份,83456145.01,-33.22,923167318.65,5.1470282337,654544202.12,17084131.62,82416437.18,4295552.45,841806932.1,81265747.89,81234435.47,2025-10-30
1457,603269,海鸥股份,40948750.56,10.45,1101102782.72,24.7562156103,838168533.45,73248822.82,91339452.41,13048748.99,1049189772.42,55205543.19,55351655.92,2025-10-30
1458,603262,技源集团,136668530.72,,740934075.2,,414723673.6,46952588.72,85633192.53,-6655961.87,580896212.32,158952799.83,158994875.3,2025-10-30
1459,603260,合盛硅业,1454462386.07,-33.42,20371012469.12,2.4384525538,15886993313.65,35781290.91,501628392.97,636889620.57,17901407471.99,2098369255.47,2082961655.16,2025-10-30
1460,603258,电魂网络,74733189.75,-34.62,412689566.03,-18.346503647,128543270.04,62902685.86,81306309.84,-33834578.05,343885826.43,87690325.72,88058503.39,2025-10-30
1461,603256,宏和科技,7726837.85,117.745436082531,618796195.45,24.5505700858,516979144.76,4738893.77,40760014.34,24335764.01,628114924.41,-1125025.33,9305500.98,2025-10-30
1462,603237,五芳斋,210430598.01,-12.8,2048204998.92,-15.2030306306,1205085963.64,407630815.26,134567194.64,-239080.17,1789319169.67,274278235.33,273731671.07,2025-10-30
1463,603233,大参林,858123080.28,-26.93,19731009081.96,11.329006586,12889412485.15,4607437139.95,836945861.05,150878803.86,18610905595.04,1186606985.35,1179284758.86,2025-10-30
1464,603230,内蒙新华,295440626.33,-10.3,1469347235.19,0.0460040452,851387285.27,145896955.02,176347977.65,-9811557.12,1171955813.77,327172831.49,327608315.93,2025-10-30
1465,603220,中贝通信,144477633.88,43.41,2205738832.26,10.8409830405,1756710246.61,28335960.13,84875557.81,65868346.87,2007551726.61,171239439.24,168979439.24,2025-10-30
1466,603218,日月股份,506520686.07,43.54,3184792031.43,-9.7822861884,2636261653.24,12576703.36,132620182.84,-45556024.47,2915364841.01,594915380.52,593013724.2,2025-10-30
1467,603216,梦天家居,40918463.2,-7.52,796672722.69,-5.4133344914,575758187.01,110974010.9,52760339.47,-22476772.51,762603266.25,46584299.67,46251352.19,2025-10-30
1468,603215,比依股份,101695565.99,-42.08,1479505421.84,17.4592228094,1240239235.9,14169567.68,45391776.86,-3137808.33,1350188620.95,110933717.77,110669683.72,2025-10-30
1469,603213,镇洋发展,149342349.77,-3.41,2012218260.46,30.9099314131,1741977284.82,5257149.87,27969184.24,10834640.44,1822318206.95,192696282.89,192213516.96,2025-10-30
1470,603212,赛伍技术,-95527340.47,-212.05,2306897446.01,-30.9425001107,2152312608.25,45345978.29,39014836.15,26222981.9,2367481703.84,-139985727.38,-141887138.82,2025-10-30
1471,603200,上海洗霸,48404833.81,30.14,374604722.93,-1.6109934394,232005692.13,13250016.08,50554032.66,2664957.52,331446961.31,48488030.04,50969036.97,2025-10-30
1472,603199,九华旅游,153591640.87,1.18,569006578.42,1.3092316779,274395833.16,24239524.0,66888143.3,-595490.39,376551941.17,203685914.65,203760141.9,2025-10-30
1473,603198,迎驾贡酒,2006180338.72,20.19,5513454170.78,13.8147360371,1417950799.99,457503774.09,162991238.15,-20484335.2,2884814729.23,2687935411.66,2653414491.39,2025-10-30
1474,603197,保隆科技,248597256.24,-26.62,5026303595.76,20.9644501893,3717436912.3,166615252.66,332151498.57,61703173.96,4713456255.91,341340053.93,341097179.5,2025-10-30
1475,603194,中力股份,649608546.6,4.27,4827003189.29,7.7901070019,3424545003.49,231280102.15,197188506.95,-18756530.15,4039786611.42,784303162.2,783610610.97,2025-10-30
1476,603191,望变电气,53712294.4,-75.11,2374381716.56,20.6074036519,2097818227.52,91122187.37,82452272.34,670542.11,2313624561.48,93440532.15,71573326.72,2025-10-30
1477,603180,金牌家居,119558640.85,-28.09,2416109070.21,-5.1453867006,1756457789.05,278651893.24,138509045.11,3432956.4,2342773153.64,129552070.41,131845711.33,2025-10-30
1478,603176,汇通集团,67838313.64,132.96,2440409223.14,23.2151664914,2061403187.59,,60609720.97,57222708.56,2202018537.97,104977474.06,105976351.71,2025-10-30
1479,603170,宝立食品,173483331.5,-28.01,1930159749.56,9.7186553199,1316353848.92,276806120.14,46420646.36,-2444421.48,1690472113.25,252709092.26,253034470.53,2025-10-30
1480,603155,新亚强,99054826.5,-18.26,556662012.29,3.8515265043,439010343.05,1708672.33,13929009.4,-19548231.61,464130138.28,113368301.55,114947969.55,2025-10-30
1481,603150,万朗磁塑,107070480.48,5.86,2383145715.36,39.8069257466,1868512676.88,57029643.76,209886625.06,32248186.06,2260603092.39,126152351.23,124958759.54,2025-10-30
1482,603139,康惠股份,-38288437.47,-515.2,404545531.96,-14.3326308897,274500711.5,105421513.96,39052974.64,22519885.46,455454003.35,-45979749.33,-46254180.52,2025-10-30
1483,603135,中重科技,6840909.26,-95.46,577898052.62,-31.6180412817,485747673.93,4130070.48,23648354.11,-16437616.16,538591250.56,-359346.33,-436004.28,2025-10-30
1484,603125,常青科技,155826245.26,-5.78,809652186.13,8.6288924054,576840738.17,9621666.49,25353731.8,-5794792.52,644297154.44,178270231.66,178222185.37,2025-10-30
1485,603124,江南新材,135493188.0,26.565875940534,6395651635.35,29.5109353299,6143241898.04,12698706.11,30481972.6,26304838.78,6247411068.86,162690801.05,161225467.34,2025-10-30
1486,603122,合富中国,26551893.49,-39.75,710974440.58,-14.6664635941,570488484.92,59901037.65,53571350.93,-781840.55,688259446.19,37121220.78,37028481.47,2025-10-30
1487,603121,华培动力,71243048.44,-26.2,941868767.34,3.4616263046,695050913.5,17129304.2,85095661.67,12909560.65,872383285.33,75202912.75,71880389.3,2025-10-30
1488,603118,共进股份,13697736.07,-92.37,6046440216.02,-9.2183343574,5336617756.47,105275389.34,247481927.51,40254627.71,6033109659.94,35926746.27,16509645.85,2025-10-30
1489,603109,神驰机电,134281895.8,-27.35,1942374143.89,-6.0803135084,1420685088.92,196744182.73,114649741.86,2806944.22,1806726948.28,155015253.34,153599796.82,2025-10-30
1490,603108,润达医疗,50424910.92,-82.21,6176286324.36,-10.3630143469,4592846859.28,651353240.05,328121993.25,236623792.73,5921641266.47,258447344.3,260985096.7,2025-10-30
1491,603102,百合股份,116665969.26,-9.35,606326448.41,-4.139341371,376260816.63,57786290.33,27007757.46,-8549998.34,479812904.79,132960562.97,133404549.05,2025-10-30
1492,603101,汇嘉时代,50240590.19,-68.77,1846730354.46,-2.4518010404,1228799472.55,294331841.78,141685842.04,53590009.57,1781586003.29,69620710.62,70607089.5,2025-10-30
1493,603091,众鑫股份,235979745.33,49.0,1148199618.22,19.3989103752,752491223.58,18608168.78,61534910.95,-3052281.76,877835564.88,280287842.4,278603665.48,2025-10-30
1494,603081,大丰实业,52612445.53,-57.62,1167073583.03,-31.55251391,799142057.78,96040574.31,182743926.24,-35283829.07,1127919094.54,61455525.41,61775728.21,2025-10-30
1495,603079,圣达生物,21679027.87,687.858561569192,608870278.32,11.9024185188,485917821.02,10092998.05,49669221.61,-4747051.0,577385792.61,28224215.73,35207016.29,2025-10-30
1496,603076,乐惠国际,40530702.29,9.41,947078784.45,-15.4050961368,690003781.89,77994075.05,94060510.04,12216251.38,923352320.2,23845134.41,48724139.48,2025-10-30
1497,603075,热威股份,228768794.62,17.38,1413939945.72,11.2975706632,972355832.91,17248976.41,89125808.43,-4255252.14,1162745750.14,259247607.58,258254760.53,2025-10-30
1498,603070,万控智造,63684661.09,-54.66,1514381744.4,-10.7138436549,1190161003.45,87416664.75,119215440.87,-10809608.88,1448581955.07,68682140.92,68623124.36,2025-10-30
1499,603060,国检集团,71278658.89,-3.51,1651962233.36,3.267873938,1015914099.06,107785329.38,248159469.45,34246530.04,1562862876.34,91152853.74,99300937.52,2025-10-30
1500,603055,台华新材,618607442.75,89.19,5184684111.42,47.4637934216,3939869457.97,49456742.83,147422777.88,89015321.14,4543673625.55,697790344.53,697492876.3,2025-10-30
1501,603051,鹿山新材,31053098.19,148.308509438204,1606148470.04,-29.4145349121,1439964645.57,19877485.74,53952404.77,30496174.0,1608995179.8,24091708.55,23930017.6,2025-10-30
1502,603045,福达合金,41568485.16,23.92,2689363050.89,38.2232754296,2448375378.75,9498329.23,59282187.0,42013584.79,2661085734.41,36154632.84,35813370.91,2025-10-30
1503,603041,美思德,77644661.85,-2.82,445605335.12,18.364185085,286886892.62,22271623.01,22789531.07,-4053079.65,359349680.27,88670579.58,88654442.83,2025-10-30
1504,603036,如通股份,71195591.42,18.15,288777049.54,12.2422276825,164698061.43,13037521.56,19927902.83,-2232454.17,213711808.41,83394472.19,83239742.85,2025-10-30
1505,603033,三维股份,53928565.46,-65.72,3706247561.18,29.6016479298,3324933373.42,23846220.72,102952615.75,88576540.78,3601133734.7,96022735.81,95290894.09,2025-10-30
1506,603030,全筑股份,-34404262.56,-550.77,583081475.61,-25.5712505596,494584861.37,16029963.0,86546339.9,23839738.6,639483820.76,-35645242.2,-32995888.95,2025-10-30
1507,603029,天鹅股份,40519345.61,5.91,427887891.05,0.5599492524,274772909.82,20505644.62,50263122.97,-830401.4,392293269.5,37721298.01,42886903.42,2025-10-30
1508,603020,爱普股份,88944776.47,-1.44,2064942698.61,-1.5888907037,1722395413.93,75364423.56,93980362.62,-6290252.77,1922297182.05,154455746.64,153793861.44,2025-10-30
1509,603011,合锻智能,7679090.36,-89.64,1467340290.54,19.208139582,1085535527.09,142176342.22,104119071.16,16659301.06,1447208161.73,22457844.84,22150340.91,2025-10-30
1510,603010,万盛股份,118840010.38,-27.81,2123491596.13,-1.8138251086,1741548311.24,29314631.62,116550113.18,-2833679.05,1980328317.78,131794758.55,130364932.38,2025-10-30
1511,603009,北特科技,60809000.65,111.0,1456937506.31,9.6198065558,1187292857.09,26885718.13,77403442.45,20477600.15,1399183774.43,70273309.65,75602633.44,2025-10-30
1512,603008,喜临门,375132754.08,-3.88,5976242905.26,-1.5307937235,3863755675.3,1206523027.78,320787287.43,28683300.62,5585055893.87,441946639.55,429314558.1,2025-10-30
1513,603004,鼎龙科技,108032471.64,-10.83,485127673.37,-7.6907501381,294059773.24,12303677.9,28303709.79,-6621232.19,362497614.71,125789606.02,126380773.73,2025-10-30
1514,603002,宏昌电子,36716639.43,-40.78,1618954186.63,-5.2527768566,1512777106.87,16556321.91,36210650.54,-17494178.06,1586368238.14,43943789.3,43590235.44,2025-10-30
1515,601999,出版传媒,43709068.88,-30.79,1790602399.85,-1.075093629,1428392973.87,119298952.23,177763621.87,-10742046.42,1731433063.89,67922966.68,67876855.52,2025-10-30
1516,601995,中金公司,2858163486.0,-37.97,13449224301.0,-22.9957010389,,,10260167371.0,,10320292309.0,3128931992.0,3077442737.0,2025-10-30
1517,601985,中国核电,8933543965.95,-4.22,56985795719.8,1.5984047892,30052544842.27,45399105.92,2533251694.35,5288837105.38,39478755096.48,19769105730.58,19837767203.09,2025-10-30
1518,601928,凤凰传媒,1343376574.3,-24.27,9560305079.01,-0.9408262015,5752768730.22,1213570457.15,1167229002.05,-294340860.44,7932721603.66,1775598027.6,1784105243.77,2025-10-30
1519,601908,京运通,-1408936996.53,-485.36,3935218435.15,-50.6855292224,4487035173.2,30961805.66,156602593.79,249110907.29,5048766084.51,-1600494291.46,-1599720691.42,2025-10-30
1520,601886,江河集团,433063608.54,8.55,15422055218.8,9.2572140873,13084699638.09,190901261.36,783138240.46,108845372.78,14640880078.84,629303823.2,625251161.85,2025-10-30
1521,601877,正泰电器,3497592112.25,16.93,46409439054.63,8.8922197194,34679303113.51,1881030315.6,1767232616.54,1324686789.85,40900193985.37,5782594402.15,5744575648.39,2025-10-30
1522,601872,招商轮船,3369179428.06,-10.35,19296219583.57,1.4387601656,14186815845.97,78624925.02,746363907.93,867587717.36,15898586754.71,3915762436.04,3970694724.82,2025-10-30
1523,601827,三峰环境,1010039392.52,2.58,4517580599.78,-0.4677895223,2897969091.2,11913492.27,220227798.31,222338552.96,3438797488.84,1202766020.64,1204795784.15,2025-10-30
1524,601808,中海油服,2444741857.0,7.5,33661450215.0,14.0786535035,27856972858.0,2710899.0,701004628.0,764192973.0,30290279398.0,3761927964.0,3646727011.0,2025-10-30
1525,601801,皖新传媒,811979013.65,-17.45,8337665665.76,-14.744204633,6324142970.48,635142160.53,375179794.17,-135805688.59,7249579947.58,1053014007.17,1051738427.15,2025-10-30
1526,601799,星宇股份,977206611.6,25.02,9225467722.53,27.4806016046,7468469126.63,44161868.52,204680742.45,2657340.18,8225505816.76,1093603839.39,1093034300.71,2025-10-30
1527,601699,潞安环能,2798353801.94,-61.51,26648551740.53,-19.2786659022,15798700773.52,103445497.43,2261346152.96,77118825.41,21735536970.33,4846185341.89,4772028827.27,2025-10-30
1528,601666,平煤股份,2044953019.4,-34.91,23318819153.94,0.7760126014,16953382862.4,156586838.35,948455717.91,945323602.99,20411916240.67,3100134472.36,3040866534.31,2025-10-30
1529,601608,中信重工,284192455.6,6.72,5876836106.23,-15.8653103627,4627505556.33,192029353.39,342619855.96,28758017.38,5663080815.95,286558932.28,287749053.5,2025-10-30
1530,601579,会稽山,112632672.38,8.94,1061625048.38,13.5193752205,529238900.05,216161117.4,97179386.87,-10350527.99,920500230.03,144062987.04,146772421.03,2025-10-30
1531,601567,三星医疗,1815696160.26,21.91,10433714281.29,25.1381026441,6656792126.65,707207018.9,658677578.27,77987744.96,8580662700.55,2076643248.42,2117707156.34,2025-10-30
1532,601518,吉林高速,389741327.73,-0.52,869024201.65,-7.3381179975,259175850.76,68200.21,51088797.6,-1630697.38,315800726.28,553753140.8,556508141.94,2025-10-30
1533,601500,通用股份,379858634.81,139.49,4987897618.13,35.5558823521,4156226540.84,75567242.24,169058606.44,84340454.07,4564693831.11,375464430.68,376798467.66,2025-10-30
1534,601366,利群股份,25814115.37,-8.27,5637696637.9,-5.2723738285,3818603935.74,1007940406.69,496760402.68,254552165.45,5642438175.89,50263228.97,62296238.48,2025-10-30
1535,601233,桐昆股份,1006697256.03,11.41,76048825489.7,23.1724504559,72140152322.03,95563512.05,1087072971.24,957213288.38,75995243043.43,920411018.84,942989519.74,2025-10-30
1536,601225,陕西煤业,17468623435.25,-1.46,135437178009.32,-1.5735948093,89981734416.42,623185753.35,5937387868.28,242612162.14,104462107496.3,32956211502.27,32927263071.75,2025-10-30
1537,601216,君正集团,2239720560.05,2.92,18391173430.95,30.0203341595,14746535259.97,60594472.96,961606707.11,41559761.72,16334764127.89,2652411529.43,2584179608.15,2025-10-30
1538,601200,上海环境,497336726.63,6.08,4306113811.29,-0.9058924037,3022559241.08,3046712.36,291536160.61,233953423.07,3659533249.12,713770747.0,715522596.57,2025-10-30
1539,601187,厦门银行,1934123000.0,-6.27,4161412000.0,-3.0724459987,,,1612633000.0,,2122954000.0,2038458000.0,2039226000.0,2025-10-30
1540,601158,重庆水务,727756759.14,-49.49,5193238925.79,-11.6544818845,3614947351.1,84712169.88,555518625.45,177860189.15,4515049914.38,866411167.82,929138708.14,2025-10-30
1541,601138,工业富联,15141032000.0,12.28,436373331000.0,32.7095293045,406595251000.0,781191000.0,3211841000.0,469754000.0,418635681000.0,16664305000.0,16829655000.0,2025-10-30
1542,601136,首创证券,749727139.41,63.1,1853271166.93,42.80631516,,,948538326.53,,975450521.99,877820644.94,870701468.25,2025-10-30
1543,601128,常熟银行,2975848000.0,18.17,8369945000.0,11.296451282,,,2943829000.0,,4640276000.0,3729669000.0,3712784000.0,2025-10-30
1544,601126,四方股份,609140148.54,16.82,5093273140.61,20.22119669,3376867795.84,354929967.37,227246322.86,-48229200.08,4447405653.61,689473463.42,706320577.33,2025-10-30
1545,601117,中国化学,3837646451.12,3.09,134744569036.74,2.3407440783,121976646346.67,312758760.11,2511727355.29,322929849.41,129671418563.33,5056059003.74,4981654568.28,2025-10-30
1546,601116,三江购物,121060865.74,15.83,2970597838.29,0.118496397,2176693286.41,592044215.43,99251861.7,-50712173.72,2836692414.57,167546681.82,165902934.09,2025-10-30
1547,601108,财通证券,1472169208.06,-1.93,4441318213.76,-10.3616121109,,,2641488528.04,,2713175160.11,1728143053.65,1725458853.54,2025-10-30
1548,601099,太平洋,136264566.94,-45.71,864742464.13,-16.445838918,,,685019092.79,,676855628.76,187886835.37,188572821.46,2025-10-30
1549,601098,中南传媒,956920472.72,-22.56,9365892050.06,1.7222956929,5233438817.31,1450599835.88,1206781994.19,-45838643.56,7955265325.17,1404978374.84,1391822381.42,2025-10-30
1550,601089,福元医药,400949905.3,5.59,2547022297.14,3.4163944302,838284084.34,917476764.29,94368474.11,-29253756.83,2143616163.4,435280857.09,433303595.87,2025-10-30
1551,601069,西部黄金,110481083.89,402.498282581307,5045498786.92,51.6128081551,4538588865.6,2337033.28,167640077.62,45857953.62,4831048818.37,162202395.12,161183774.17,2025-10-30
1552,601018,宁波港,4101967000.0,2.02,21859245000.0,13.5001125316,15496869000.0,143000.0,1969690000.0,141392000.0,18020935000.0,5711833000.0,5719432000.0,2025-10-30
1553,601016,节能风电,1180662245.6,-1.23,3810530099.06,-0.3915806712,1836096997.11,,130632855.31,506559576.9,2515698347.98,1386389240.37,1415747635.76,2025-10-30
1554,601015,陕西黑猫,-642319791.92,-143.08,11420265926.59,-17.6308659429,11660750293.48,81501526.23,193179899.23,250564403.29,12237576724.52,-795397373.58,-808690917.74,2025-10-30
1555,601007,金陵饭店,43501064.35,-24.36,1403958158.54,2.6018304669,1039266886.02,67828008.46,151392888.42,9532751.37,1295285547.25,103030030.79,103215035.19,2025-10-30
1556,601006,大秦铁路,8603254647.0,-22.57,55214280859.0,-9.1831375513,44309619851.0,95040237.0,401487990.0,191313404.0,45182114947.0,12317823199.0,12276589701.0,2025-10-30
1557,601003,柳钢股份,-307411081.42,40.385609007036,53095916209.2,-6.8568748354,51203939398.49,31249006.52,559892483.61,728397399.19,53713728721.57,-560854955.34,-544532598.97,2025-10-30
1558,601002,晋亿实业,81473086.26,31613.9361438197,1727565772.21,2.861781084,1400667129.28,47213302.34,63428084.52,-427643.11,1607427883.17,133825243.26,130131750.79,2025-10-30
1559,601000,唐山港,1581128144.69,-2.01,4282580593.11,-3.7467801504,2133806061.3,641789.27,298650952.58,-48085246.35,2533019006.58,2153138535.97,2154973728.6,2025-10-30
1560,600997,开滦股份,647917838.9,-34.56,15589449481.95,-8.5101633,13608193386.67,159859977.93,533495831.54,101485518.75,15070679603.71,660545493.71,654601648.6,2025-10-30
1561,600996,贵广网络,-679619763.19,-43.181371364826,1236303019.45,-26.4519547716,1346903538.38,67207899.35,195811477.96,236037313.81,1867859194.67,-697366348.44,-698387834.52,2025-10-30
1562,600993,马应龙,457504222.25,9.35,2791816831.37,14.1266477084,1458123581.22,643880933.77,83480506.97,-43787784.52,2212469157.11,572355494.44,568895074.4,2025-10-30
1563,600981,苏豪汇鸿,-73625394.33,-285.51,36970966932.01,4.242720893,35641044866.35,418853586.69,517992986.3,243598756.6,36940659692.02,56893216.31,65483486.63,2025-10-30
1564,600955,维远股份,87870251.82,0.27,7213819349.11,46.3932042017,7095296468.66,1851931.54,77770430.71,-4579025.74,7216422576.4,98498197.19,99238660.08,2025-10-30
1565,600936,北投科技,-674820606.03,-56.838772953742,2118064223.68,-14.5916392272,1981202429.96,149940124.93,303411561.28,126551877.48,2762915921.97,-730565636.03,-731163091.95,2025-10-30
1566,600935,华塑股份,-211661244.27,-351.262365018202,3758257085.01,-4.8324652914,3446276096.31,8225122.94,210923750.8,538528.75,3998456127.88,-256270848.98,-252524023.91,2025-10-30
1567,600933,爱柯迪,741786647.19,24.13,4974308499.01,17.4647550187,3555713889.49,31356773.34,292574418.02,8138059.71,4195860425.64,859613986.11,862492611.98,2025-10-30
1568,600889,南京化纤,-159013558.03,-64.280752979105,457819671.59,30.2926338783,492829838.38,6488867.0,78356922.45,8157274.66,608146598.5,-188022896.66,-188095578.74,2025-10-30
1569,600881,亚泰集团,-1290998828.32,3.454783200225,5239833508.85,-33.8211467129,4026119395.41,817204540.49,620795088.96,1525887038.08,7242066222.25,-1617572159.75,-1628413030.03,2025-10-30
1570,600880,博瑞传播,12254529.95,-69.26,308706377.92,-29.14,154161578.43,31768458.04,61144576.85,113016.24,288532421.71,21469829.15,22395579.79,2025-10-30
1571,600879,航天电子,561799928.14,9.39,9233829083.13,-28.7439163804,7128900398.68,249278434.42,882584975.66,108364831.9,8966837889.53,635429402.65,636179658.35,2025-10-30
1572,600873,梅花生物,1995321648.29,-7.65,18680785476.06,-8.9904051608,15149363557.23,290839474.29,819350604.16,-71691504.08,16648960494.8,2273666876.02,2341949383.52,2025-10-30
1573,600869,远东股份,-99294746.66,-125.81,18221725423.69,4.7770365818,16342829492.15,583915749.21,410899054.6,277408371.71,18275191404.2,-141132350.87,-141446286.24,2025-10-30
1574,600865,百大集团,131534672.8,532.11,142491407.16,-6.2673642076,14368734.67,18495914.36,31241313.46,455814.47,72403090.42,181961946.78,183154361.45,2025-10-30
1575,600863,华能蒙电,2469373027.8,13.08,16583175663.3,-2.3621752211,12904082178.1,,26305454.61,211395034.82,13818129459.96,3170665118.65,3205989492.71,2025-10-30
1576,600854,春兰股份,134096633.58,0.08,75269478.87,-49.0699605021,48360650.81,7120983.22,20931414.46,-23814594.92,62141051.39,138542470.11,140064722.94,2025-10-30
1577,600851,海欣股份,138671863.65,10.11,605397522.11,-36.051718198,258551668.86,200127180.03,87090698.35,-5995894.37,568081089.99,160980593.6,161268491.71,2025-10-30
1578,600850,电科数字,302197032.46,8.76,7100051857.58,2.4933387037,5712902426.97,556710686.75,177303077.73,-1109441.24,6786098303.79,321310422.81,322708249.48,2025-10-30
1579,600841,动力新科,-1263219574.56,-17.561461989379,5235569406.53,-19.7774098897,5065399099.55,285959857.09,376462511.9,23765490.96,5994009384.95,-1252848674.93,-1254871693.01,2025-10-30
1580,600834,申通地铁,51595164.25,-20.96,434879738.06,1.2101287517,325585840.62,3324998.92,34847391.05,5810709.33,373338860.13,77869632.08,78266879.8,2025-10-30
1581,600831,广电网络,-561812363.45,-932.25554140513,1148032056.11,-35.2039130384,1082485209.53,110747844.38,290621132.71,174058528.77,1661761525.39,-559098120.0,-565688571.6,2025-10-30
1582,600817,宇通重工,130762724.03,4.69,2505327905.28,24.4165567761,2010070989.91,168476371.29,77474706.57,-10966844.67,2353401722.67,178046190.3,181428459.43,2025-10-30
1583,600800,渤海化学,-537248823.86,-36.199301701698,3377035640.94,37.7052248711,3683210544.7,11938641.89,82177279.36,35155618.23,3947487620.88,-535661174.4,-536348515.31,2025-10-30
1584,600787,中储股份,429013869.12,12.77,47775583192.99,-5.4557070482,46369101054.58,242099246.88,374595931.35,15258136.51,47384661393.22,642809343.89,648796550.21,2025-10-30
1585,600785,新华百货,108922864.54,-21.17,4759698584.52,2.3437889098,3500740659.77,798337555.78,159513446.16,141903056.42,4654615216.66,129486167.76,118593207.66,2025-10-30
1586,600784,鲁银投资,254114802.87,0.29,2574637215.37,-6.744893168,1928345680.48,46564638.67,170875913.44,29587264.18,2315805671.99,301513182.2,304008747.22,2025-10-30
1587,600782,新钢股份,-578799808.85,-221.48,31179664234.79,-49.9384317404,31334684255.08,87507027.36,298094882.66,87529398.14,32447027638.9,-445611244.15,-443751082.52,2025-10-30
1588,600780,通宝能源,384386390.19,-28.73,7861816037.43,-2.8527680448,7209097407.79,,323699197.55,1522601.53,7564396512.09,489356879.45,482459659.18,2025-10-30
1589,600778,友好集团,11190184.9,111.654247788816,1304031757.82,-7.3180945553,918688693.55,140948800.52,114960418.74,56044218.5,1280216323.22,11750753.73,15107450.11,2025-10-30
1590,600776,东方通信,103634698.61,-9.61,1970346058.88,2.3856125796,1776677199.26,26064446.13,45661329.78,-1535505.06,1999048146.87,116302995.78,116742491.15,2025-10-30
1591,600760,中航沈飞,1817730741.57,-23.12,25297530211.78,-26.9520510144,22140331774.09,2777567.17,522571825.9,-208925058.57,23188374133.26,2067249423.83,2060315019.87,2025-10-30
1592,600743,华远控股,-727569283.6,-4.172346061527,3461595882.09,-45.8219145282,2798454999.39,114933434.66,225017217.64,455411859.74,3727913592.06,-634714977.39,-625929145.06,2025-10-30
1593,600741,华域汽车,4473304621.39,-5.63,119491407086.0,-1.701124181,105150380184.08,489865288.85,5676441647.67,249032537.3,116533700022.7,5466239182.52,5512882025.55,2025-10-30
1594,600729,重庆百货,923048025.49,-19.24,13003838490.17,-12.0010927409,9630128471.2,1866063858.1,623770608.11,42156814.06,12307280708.8,1005413714.21,1014195759.54,2025-10-30
1595,600726,华电能源,452744375.74,800.920046776878,13267662201.84,-2.0497695124,10342446747.21,125224489.17,125163566.71,501438990.89,11646337258.69,1864132617.77,1879636473.18,2025-10-30
1596,600725,云维股份,-9113864.05,-5471.23,550820641.81,12.778337063,540389097.05,6533929.75,11775494.69,588769.93,559892690.41,-9007667.01,-9067314.1,2025-10-30
1597,600708,光明地产,-375702537.7,-3028.15,3859630487.42,-41.9141842853,3458661753.45,214769454.53,297389075.1,494788444.88,4378015492.31,-381607455.96,-346826058.18,2025-10-30
1598,600702,舍得酒业,668904325.63,-48.35,4459901263.34,-15.0309116396,1431518361.41,953641963.89,438028276.59,-10581548.05,3574334951.54,893017046.12,907792638.13,2025-10-30
1599,600699,均胜电子,941499946.46,20.9,41134726707.58,-0.4243784445,34723738634.54,398263599.93,1814930204.0,630454685.34,39507418011.9,1776130388.52,1771983329.74,2025-10-30
1600,600692,亚通股份,4490855.2,123.388826059346,452732382.77,-42.1233219131,436392905.77,329543.59,38937231.64,9444232.8,487618012.6,-6512354.05,-6258359.53,2025-10-30
1601,600668,尖峰集团,70562252.5,-45.06,2022022292.4,-2.0637840714,1573604276.9,133225980.28,144420648.67,12006502.89,1960325832.43,124167762.07,127817649.07,2025-10-30
1602,600667,太极实业,513150109.37,-11.12,24580991677.27,-6.9098601272,22716269272.83,49519421.56,512423377.1,51745837.69,23973341943.46,690461440.78,687533692.29,2025-10-30
1603,600661,昂立教育,19049511.06,122.054587408137,965271138.51,35.3349075771,539376530.81,199930106.97,188182006.79,14123445.57,956377661.44,25874799.19,27809533.08,2025-10-30
1604,600651,飞乐音响,25320798.43,74.59,1395480054.04,0.4179985039,1179414040.23,13746467.79,142441015.6,9194194.12,1447058678.53,34131066.37,33764305.1,2025-10-30
1605,600645,中源协和,133512856.22,0.76,1205902310.99,0.2944834984,363941103.5,259720563.03,254949913.07,-18573556.09,1010908599.06,177011409.35,176618190.32,2025-10-30
1606,600643,爱建集团,247883980.2,-47.8,1801135748.09,6.93,929366730.53,6465432.64,399645136.02,98460813.15,1512741571.76,363540787.65,359780716.47,2025-10-30
1607,600641,先导基电,-31676848.17,-119.36,307587246.81,-59.6279026361,125180045.16,21093367.05,168503067.44,-32985953.82,424241319.49,-129101226.76,-121470740.39,2025-10-30
1608,600630,龙头股份,37761509.57,1758.63185086344,1218187032.92,-0.620163324,834421332.85,272704627.38,45497403.85,11237485.62,1193067948.05,36585544.57,48365649.01,2025-10-30
1609,600629,华建集团,251388062.15,-4.8,5479614365.35,-0.871180572,4244422533.43,53587356.63,629727153.3,-9432023.42,5173467906.17,246591004.0,277042597.16,2025-10-30
1610,600620,天宸股份,-3579803.78,-110.72,111274634.2,-52.3764673729,67004190.25,1721461.46,58656821.75,14740914.17,146624908.54,-6632737.44,-3581757.69,2025-10-30
1611,600612,老凤祥,1775857661.63,-9.6,52581666118.68,-15.2811021589,48079096227.42,683297811.91,412900481.08,117300270.96,49529761421.46,3043749740.38,3052907717.83,2025-10-30
1612,600608,*ST沪科,193498.17,-42.06,14987511.53,-89.6639383927,8807999.26,1181557.6,3748243.09,2014932.51,15926703.38,-702923.21,-733392.59,2025-10-30
1613,600599,*ST熊猫,29005861.7,-35.17,209623987.42,8.2817033274,134615093.36,9732287.7,27641387.26,99983.24,172505599.98,34473954.35,40878341.56,2025-10-30
1614,600594,益佰制药,-169151279.27,-199.58,1713840317.37,-19.7953554079,647908117.57,823502438.57,250408193.03,16133200.15,1842847294.11,-163471482.03,-173766399.26,2025-10-30
1615,600593,大连圣亚,105156828.58,-4.49,427216870.47,7.7369799878,146668848.77,27078100.58,63148483.78,22146917.64,266226173.39,163900706.57,164017724.17,2025-10-30
1616,600590,泰豪科技,-200176083.98,-237.25,2582655443.32,4.0769443309,2117123214.79,107084285.24,110794482.35,221316230.48,2669385306.41,-161986071.63,-165058661.88,2025-10-30
1617,600589,大位科技,-27806296.79,77.127545280008,306120013.95,10.0306835345,272360928.6,5458285.1,56082310.41,13733924.61,362481466.68,-11051037.33,-27558239.03,2025-10-30
1618,600582,天地科技,2175619816.34,10.34,21987268125.84,0.3739133431,14872748705.91,672207620.92,1878607357.5,-142692371.69,18935663517.35,3172455843.72,3197097605.38,2025-10-30
1619,600577,精达股份,415852153.89,33.84,16086525854.69,22.3830837414,15129093800.26,58179585.62,138534968.94,111055214.71,15553979500.25,522703444.67,531749591.53,2025-10-30
1620,600575,淮河能源,842434805.58,25.85,23594826722.28,12.7316782574,21903239646.51,44584654.31,357936384.26,166023041.69,22808373233.32,1040372345.24,1044036312.72,2025-10-30
1621,600559,老白干酒,556188673.45,33.0,4087543397.55,6.2892204655,1381195478.52,1075949311.68,282796318.08,-14537073.21,3405676535.68,736739721.99,736272153.02,2025-10-30
1622,600556,天下秀,65415957.3,-41.92,3045295579.97,-3.9232708552,2523900670.78,160082993.99,172885471.12,2782793.79,2934992829.54,73458733.39,70282515.35,2025-10-30
1623,600551,时代出版,261472715.11,-0.3,6276223525.6,0.9469722484,5685283012.62,108752855.37,190439678.31,-41156230.57,5988087747.39,325619848.98,326918254.63,2025-10-30
1624,600547,山东黄金,2065816231.17,53.57,67005642863.49,62.1505445399,57037007230.17,119597499.8,1939694487.08,1541619158.48,62069496924.12,4398388007.57,4367633236.23,2025-10-30
1625,600545,卓郎智能,-118817000.0,-341.9,2832256000.0,-34.0533565368,2302284000.0,202418000.0,211170000.0,77535000.0,2990100000.0,-169106000.0,-164800000.0,2025-10-30
1626,600536,中国软件,-337551067.81,20.05,2920485935.39,-29.7727712303,1612299669.37,310706932.32,523162775.68,26222554.55,3397841145.26,-365814971.56,-369615604.74,2025-10-30
1627,600530,交大昂立,6737418.17,122.63738181706,236896509.26,-5.4746120102,168864737.68,18521385.26,34031865.28,6099368.72,234804576.13,10460953.42,14368273.49,2025-10-30
1628,600520,三佳科技,17866127.43,120.071176589435,233852492.36,-9.2844681106,180202573.74,10347861.36,23278595.02,-966380.56,225798848.31,18112716.8,18977473.45,2025-10-30
1629,600519,贵州茅台,60827552118.51,15.04,123122542625.45,16.9078383241,10228077394.34,4235182341.09,5767525028.76,-1172804656.48,39182396617.66,83996733560.98,84048883603.03,2025-10-30
1630,600512,腾达建设,156161756.6,6.17,2346207219.15,-9.9702631421,2083484642.64,6946647.5,116418146.69,-18534646.22,2317508992.51,163424268.52,160091392.72,2025-10-30
1631,600507,方大特钢,188995525.23,-67.79,16226493304.62,-17.5915418415,15452139140.96,29727356.5,366954686.66,-29832719.36,15997459220.24,337123216.14,332580235.6,2025-10-30
1632,600501,航天晨光,-163501071.87,-980.54,1302616962.06,-45.8306817387,1147697945.63,64337134.21,116567964.8,-44797.61,1465559408.76,-164929864.21,-164608514.47,2025-10-30
1633,600498,烽火通信,393514364.97,20.07,21153838661.46,-6.2298607493,16472646641.16,1445648914.88,243805431.85,304597844.2,21365005861.73,394173952.61,401077148.73,2025-10-30
1634,600491,龙元建设,-316368057.51,45.242132276063,6858169965.22,-4.843827274,5502621652.8,4725088.77,279992897.18,1030043378.1,6919075119.95,-284794465.69,-296242862.79,2025-10-30
1635,600489,中金黄金,2643137805.52,27.55,46044851459.23,1.0756273822,38954301996.84,63675659.85,1356811192.64,251096571.55,41846509404.71,4012035820.39,3957081250.5,2025-10-30
1636,600479,千金药业,168076563.28,-14.64,2714645993.63,-2.3125500273,1464599086.37,656039950.54,195171032.54,-13591845.33,2475132343.8,240589855.67,241568433.39,2025-10-30
1637,600470,六国化工,38369589.05,436.084958033479,4816938815.03,-8.4797778425,4339303539.19,80484201.27,123679782.86,42378687.83,4765662142.99,75826635.17,79600033.04,2025-10-30
1638,600468,百利电气,102963363.2,6.6,1417122148.19,-7.4976787286,1080524994.69,74535916.82,102456356.26,6419370.31,1351362070.94,121800945.56,123920116.51,2025-10-30
1639,600452,涪陵电力,420134081.71,-5.9,2408402297.08,-11.9775666239,1909597577.87,1518851.03,70867773.27,-20437948.46,1964204170.86,499509916.79,509396080.02,2025-10-30
1640,600426,华鲁恒升,3048892829.6,4.16,25179962867.92,30.1559904138,20140702121.12,66414877.98,255643284.27,162483084.5,21222337656.11,3962161447.88,3967804446.87,2025-10-30
1641,600421,*ST华嵘,-2751579.21,23.047584720038,76637441.2,-14.9580854061,64106028.27,1201641.98,8443234.77,1882580.57,80086717.48,-416829.76,-584858.73,2025-10-30
1642,600420,国药现代,954526387.18,69.27,8593322350.59,-6.2057013661,5182776783.47,969120997.86,556786615.94,-67194991.42,7149548193.4,1468372006.21,1456690256.98,2025-10-30
1643,600408,安泰集团,-300713270.02,31.108512693762,5152185193.29,-33.7710011443,5220612533.49,3524852.3,58561450.79,106949627.61,5424064914.2,-298438827.49,-301233979.96,2025-10-30
1644,600403,大有能源,-785951759.6,-494.88,3873331978.46,-15.2814166769,3356620875.03,87161095.4,490580401.9,193602966.52,4472555052.0,-609049023.29,-599364533.31,2025-10-30
1645,600400,红豆股份,3292786.47,-91.6,1489081240.89,-4.3124815165,898448030.14,439204216.51,119313066.1,26992532.95,1517768726.64,18839983.04,21643427.4,2025-10-30
1646,600391,航发科技,53337645.34,60.74,2620821878.44,-13.7837083462,2174893384.0,15899017.78,137944253.16,45830944.92,2465753560.92,128976855.17,130005069.74,2025-10-30
1647,600379,宝光股份,69046103.23,22.22,1161314157.15,1.3802151583,950292621.27,21892349.6,62018111.87,-2856107.7,1074326004.75,77184965.33,77653940.1,2025-10-30
1648,600378,昊华科技,851850226.68,-18.6,10208351650.22,-11.6148193497,7886597424.39,294320106.19,632214202.19,51524772.16,9587938801.89,957660929.01,992902003.21,2025-10-30
1649,600377,宁沪高速,4119702513.15,2.05,14058443583.67,21.0983423335,9139124766.32,4530184.8,169438017.79,720540458.29,10110442823.5,5241106641.25,5225073108.62,2025-10-30
1650,600376,首开股份,-4282815357.86,-39.711632481954,14462849606.21,-55.6871934033,13464148957.33,590104891.23,664375880.32,2432016739.6,17564661524.19,-4614691239.02,-4615461778.5,2025-10-30
1651,600372,中航机载,1202866527.98,-27.1,16566564306.8,-20.086713291,12227373887.49,175939669.68,1301479321.11,45991970.48,15268685806.15,1429911887.81,1437410201.11,2025-10-30
1652,600358,ST联合,-27596577.67,-6417.56,288799754.88,-29.660198536,271314813.94,6616485.85,26531703.69,9923140.9,314646173.19,-25772514.56,-26868547.99,2025-10-30
1653,600353,旭光电子,80838145.84,8.9,1118399807.85,24.1745000712,870390830.11,22429789.12,59587007.42,7695893.48,1014855364.76,82293971.36,82014296.83,2025-10-30
1654,600348,华阳股份,1818961486.49,-57.42,18601507094.56,-14.0853314996,12449483648.36,94943351.54,1045375599.4,328178186.69,15848544958.52,2872800959.85,2835602029.19,2025-10-30
1655,600335,国机汽车,306715051.25,23.39,28606154795.05,-12.9863674536,26509186116.0,398345729.25,661222327.57,74242319.42,28269058773.22,400003997.28,410467378.39,2025-10-30
1656,600333,长春燃气,-81962125.2,27.613880198972,1474304538.33,10.5662592582,1205218311.69,186862691.3,110232162.96,72584102.61,1587981459.61,-89974480.03,-89279832.91,2025-10-30
1657,600328,中盐化工,573986135.48,-31.72,9570034786.31,-22.8939603965,7647031203.12,130937560.93,415278789.52,37947063.69,8652569630.79,914770338.65,909940685.5,2025-10-30
1658,600319,亚星化学,-98308108.9,-25.102004522909,657760384.42,5.3674355315,644574250.75,8460944.48,38734063.64,56507228.35,761472750.02,-105716489.12,-98820605.91,2025-10-30
1659,600316,洪都航空,14219398.53,59.91,3029494180.24,58.4721167621,2937410072.54,3320700.28,24100776.95,-5199262.63,3003412281.14,13767595.21,13616670.0,2025-10-30
1660,600302,标准股份,-47688417.0,33.782853304473,344534819.31,-13.6097436069,287575684.7,25522225.26,62120241.77,1094920.92,397498858.41,-55304415.68,-53687789.02,2025-10-30
1661,600300,维维股份,245993443.84,83.74,2688704857.42,-19.0916489157,2057508980.94,195426991.24,161341330.22,4842775.91,2456381557.22,338941828.33,332152501.65,2025-10-30
1662,600298,安琪酵母,953163892.67,4.23,10912241955.49,13.0351975996,8371990566.96,580502191.53,359019355.28,44734794.9,9868864360.52,1156802643.93,1164435378.97,2025-10-30
1663,600292,电投水电,88366625.53,-0.34,3095521387.41,6.6851206204,2662177894.02,16246592.32,205928809.21,36054202.88,2967249940.77,153049433.36,148791427.2,2025-10-30
1664,600285,羚锐制药,573873093.86,23.1,2759116202.14,10.0661120958,689715134.63,1225633298.38,120625989.94,-13193932.67,2132955810.67,662676665.58,665105059.05,2025-10-30
1665,600280,中央商场,-25617962.53,-466.21,1802792487.5,-0.2824450074,874501460.2,182168955.58,429195095.27,209591360.85,1776828934.7,31981031.15,21664726.91,2025-10-30
1666,600279,重庆港,74610337.22,-6.01,3457757154.61,-15.6381470054,3065545631.27,12940093.22,168043225.38,76815255.8,3341033717.96,170033857.36,171176264.07,2025-10-30
1667,600273,嘉化能源,790661665.17,-13.26,7071466767.6,6.8825667845,5870024839.65,12491931.78,117290403.6,25219104.98,6266709400.67,829526918.74,880856273.43,2025-10-30
1668,600268,国电南自,104857878.55,81.68,5538826132.35,8.341761145,4210143077.81,292212824.62,302960577.8,11896978.48,5235760674.53,333491377.77,335669359.14,2025-10-30
1669,600261,阳光照明,151833902.95,5.79,2452384268.04,6.3959912659,1604426284.94,380036416.98,220269442.03,-5821697.77,2291755212.45,184631358.63,187824391.49,2025-10-30
1670,600258,首旅酒店,723184257.93,5.63,5888753416.13,-0.3704930178,3557223832.22,420369930.62,638685184.19,270817459.65,4979009839.11,984743734.28,988764151.79,2025-10-30
1671,600255,鑫科材料,39805129.66,213.429236402581,2867911566.75,27.1340402068,2636758698.54,12874507.46,57651784.22,23701293.39,2856867536.48,50824330.26,59583283.31,2025-10-30
1672,600251,冠农股份,331867548.07,-47.19,2840516688.84,-16.6161837277,2566013442.29,15472066.01,89289035.54,13634055.01,2722122485.06,395052389.16,398998969.35,2025-10-30
1673,600250,南京商旅,39094581.21,5.66,601502308.39,-0.5471349784,430662225.47,22508989.16,43990009.06,20831115.89,529386605.92,105063698.12,104553732.14,2025-10-30
1674,600237,铜峰电子,62002309.95,9.49,962488862.46,20.4537168656,730970434.53,29803385.0,77394293.1,-3206641.62,887158782.03,81507648.23,83272157.53,2025-10-30
1675,600229,城市传媒,131887186.24,-48.43,1931230180.59,-1.0785181191,1391536143.85,217927312.49,141993452.23,-6630871.85,1758830472.05,203031060.45,201821273.84,2025-10-30
1676,600222,太龙药业,28895857.99,270.72,1340673177.46,-7.0828606778,985570955.51,128370951.44,103411846.52,44161883.95,1346043360.06,24672257.41,24420992.08,2025-10-30
1677,600219,南山铝业,3490058221.44,62.94,24226136507.12,11.6950775399,18087684501.57,169921043.85,615172449.22,-60604066.91,20075209819.85,4442895021.62,4435389890.33,2025-10-30
1678,600218,全柴动力,62249690.56,-15.91,3044072489.89,-20.7503749871,2769228629.59,43030386.57,87779438.78,-8097231.34,3018773464.45,75404080.66,76173686.04,2025-10-30
1679,600215,派斯林,85825404.15,-27.99,1437782801.97,-2.6214632288,1202004836.1,12035142.74,105752494.9,22317438.18,1368452249.16,82437021.15,82085701.02,2025-10-30
1680,600210,紫江企业,527563594.21,16.99,7187635233.88,-1.9900682209,5606503537.81,111356268.05,498868461.91,50900736.62,6587179450.33,657488799.41,659861690.05,2025-10-30
1681,600202,哈空调,1430725.38,-93.91,941944624.36,-11.1198245094,822596321.34,15358590.4,51718894.69,28998954.73,952621230.71,1920573.42,2628615.2,2025-10-30
1682,600199,金种子酒,-99526070.3,-185.507463164291,805894813.48,-24.8969396818,494221564.31,207299516.99,66543470.75,-2104959.33,921040713.68,-100706472.72,-93639058.57,2025-10-30
1683,600198,大唐电信,-90554081.08,28.517159842138,454250972.47,-19.8054692827,233037944.04,50762888.82,67634888.23,13974343.67,502708731.88,-86685847.58,-48795612.27,2025-10-30
1684,600185,珠免集团,-590575813.81,-194.7,4370434178.01,-10.2089636648,3109654726.49,214732924.62,131375983.39,342547807.6,4011972058.02,-23173242.92,-39768100.28,2025-10-30
1685,600163,中闽能源,409109222.0,6.34,1095495695.46,-0.8987133401,504960646.21,,48914522.94,72019111.43,637167329.13,505414029.63,504887529.57,2025-10-30
1686,600162,香江控股,68231552.39,-13.27,3226573105.02,29.7723384745,2437357305.8,124193169.96,168404335.89,179198500.33,3125205917.6,63642364.46,66915117.41,2025-10-30
1687,600157,永泰能源,1463917557.25,-9.85,22375313279.01,1.8038388219,16572308475.58,85038524.34,968731425.58,1449976813.18,19900783887.36,2594862337.41,2567121766.16,2025-10-30
1688,600152,维科技术,527350.36,100.676413966337,1100413156.31,-6.4163128698,953736733.1,28653726.29,66944278.37,-1847783.42,1140856773.15,-3606091.21,-1011701.72,2025-10-30
1689,600148,长春一东,-3606106.89,67.860150626631,510260643.97,-1.5317694673,434156532.5,16979113.33,36587029.88,-608507.72,507730751.25,6741564.5,6666817.61,2025-10-30
1690,600131,国网信通,384255416.26,-13.0,5366213877.48,-4.8877823715,4192049456.96,169313778.17,354511662.99,-12770670.61,5074140265.64,409687157.78,406149701.46,2025-10-30
1691,600119,长江投资,-27978797.97,-348.472890214308,419490834.82,-33.9456651823,396223471.88,9901181.48,42985691.88,3660518.91,461164551.52,-28921503.24,-39029744.05,2025-10-30
1692,600108,亚盛集团,36423342.11,-22.09,2210327438.64,-0.5132616372,1806702847.25,46107583.3,212683755.6,103713343.79,2202196953.5,38101359.03,40841808.63,2025-10-30
1693,600101,明星电力,223811229.46,21.43,2134949987.36,6.0921727666,1820442595.23,6483395.67,56344320.45,-8002693.03,1898014162.34,258174925.45,262750673.24,2025-10-30
1694,600100,同方股份,300806480.99,112.012934738228,9337409803.74,-48.3639224769,6786864813.1,1107709130.88,948503543.98,468047995.68,9871361573.61,389248348.29,395093800.81,2025-10-30
1695,600095,湘财股份,145606274.47,-2.93,1549176872.89,-16.52,405548638.46,6125841.7,823910187.91,78925572.12,1708644630.8,212516797.54,217526617.61,2025-10-30
1696,600088,中视传媒,110638298.23,-64.1,421731016.75,-6.3846609103,350477731.85,15959592.02,48768914.32,-59371.55,419536847.89,111286340.98,111291489.49,2025-10-30
1697,600080,金花股份,30770165.28,807.59,418931219.77,4.0034723375,92234190.1,250717484.26,36481087.57,-1589558.18,402086823.47,32854192.9,32457241.7,2025-10-30
1698,600079,ST人福,1589694392.14,-10.12,19143374654.64,5.696073263,10192306440.83,3477070885.85,1393358750.94,327271864.94,16644223107.45,2655713364.77,2588983206.95,2025-10-30
1699,600073,光明肉业,381346343.59,19.8,16384322775.8,-0.3822803499,14633214283.24,631463633.75,710949212.54,2420776.47,16054095218.06,485124102.64,477073845.05,2025-10-30
1700,600060,海信视像,1310435365.82,-19.53,40650231820.13,3.6300217292,34625639961.69,2300832874.13,695011198.25,60233629.75,39517387445.67,1751807380.12,1756446137.71,2025-10-30
1701,600057,厦门象屿,889756906.37,-24.67,297698649026.93,-19.2429057566,291685130768.65,1572360323.28,935218119.11,1603098127.73,296192097809.43,1542750390.03,1619946182.99,2025-10-30
1702,600038,中直股份,357273916.97,-29.92,17300237939.89,-3.1209916602,15849363094.13,112018107.59,752110128.83,30157875.93,17040590239.92,410617755.66,412140393.26,2025-10-30
1703,600036,招商银行,113184000000.0,-0.62,252709000000.0,-2.9084175058,,,74747000000.0,,118529000000.0,134180000000.0,134074000000.0,2025-10-30
1704,600035,楚天高速,662939825.23,-17.63,2683844399.73,18.488176168,1521220941.7,29203471.2,94515433.16,167555745.12,1829272212.99,940167584.68,940115819.0,2025-10-30
1705,600028,中国石化,44247000000.0,-16.5,2366541000000.0,-4.1863348153,2006934000000.0,45205000000.0,39644000000.0,8983000000.0,2317625000000.0,64208000000.0,63078000000.0,2025-10-30
1706,600023,浙能电力,6695418129.02,12.37,66296631353.21,-4.6190383907,58028729207.5,148150040.86,1642101814.09,854873966.53,61338296121.73,9103128842.71,8935786178.44,2025-10-30
1707,600021,上海电力,2458603444.02,66.57,32565921071.98,3.4103724459,24342708585.03,181393.19,1391381096.81,2450219516.32,28527786699.7,5287752702.32,5242208610.81,2025-10-30
1708,600017,日照港,635282023.21,-6.95,6275758132.03,2.7941329083,4683960071.58,,203818813.7,434076616.84,5430478060.68,886046162.13,883578140.63,2025-10-30
1709,600006,东风股份,-114643537.63,-407.32,7978602563.63,-12.966410923,7737215546.64,347019788.37,195878062.41,-48138552.17,8604160516.47,-107981688.39,-105680705.4,2025-10-30
1710,301668,昊创瑞通,91240143.27,,673264845.48,,502564344.97,23436249.46,14622183.15,-973243.56,564433386.1,106635276.85,106737380.62,2025-10-30
1711,301638,南网数字,-43353063.73,,2107444047.51,,1391833192.23,140764636.33,389730434.62,-26963904.34,2148922403.73,-9701109.9,-12217377.9,2025-10-30
1712,301629,矽电股份,64755558.54,5.408836973083,363507729.75,2.6129473625,221617331.04,13524170.58,14226561.22,-2311653.74,298802976.38,67504187.64,67262604.17,2025-10-30
1713,301602,超研股份,92321637.6,10.05,261170540.28,10.746836909,74807815.56,37821338.5,20768544.82,-3207714.56,171299282.77,103991575.11,103849530.83,2025-10-30
1714,301592,六九一二,11745590.5,447.58,191972106.49,82.6061640425,101469159.55,14502038.75,28041375.17,7349517.11,178253738.61,16509021.58,14883069.39,2025-10-30
1715,301585,蓝宇股份,82098449.94,17.118789269209,357979324.66,27.8407836308,220475892.47,11400718.12,15738943.24,-686019.64,266042567.69,93353683.16,93362206.16,2025-10-30
1716,301566,达利凯普,88206190.2,-11.05,251056844.4,-8.0224096933,101430183.03,16724122.8,24049531.17,-8974409.93,152956209.96,101869671.26,101832883.43,2025-10-30
1717,301565,中仑新材,115239111.47,-29.41,1811745210.23,6.917505497,1574015230.82,16717030.51,44844838.09,-5259564.31,1693877445.38,127082022.33,126863749.22,2025-10-30
1718,301555,惠柏新材,-5375646.77,-111.67,930560914.95,-10.221951339,840483991.93,23191147.86,39890795.46,3315723.15,937515274.68,-6793728.7,-6889785.35,2025-10-30
1719,301526,国际复材,-157277514.4,-137.53,5388853221.64,2.0122419822,4594477784.09,143600757.89,265042131.2,242466363.39,5586024438.9,-132563061.83,-137709479.68,2025-10-30
1720,301515,港通医疗,20046304.69,-46.99,492343391.1,13.3966051253,399873793.75,30394324.07,21863945.08,-4344921.04,465870677.19,21593499.94,22197756.38,2025-10-30
1721,301510,固高科技,29223676.23,0.22,295596641.34,10.316257104,153108009.43,39539008.02,23430703.85,-4822500.44,282138630.71,32473905.95,32407695.26,2025-10-30
1722,301507,民生健康,86178415.7,5.52,519847972.13,6.9849517643,221090430.54,158456679.22,37726616.19,-16685113.79,429009479.08,100821117.14,99893996.63,2025-10-30
1723,301499,维科精密,30247507.21,-19.37,595018799.81,10.7683802706,474932273.02,11450956.81,44252128.25,3456754.5,579999807.41,32156603.69,32425902.72,2025-10-30
1724,301489,思泉新材,41715110.02,11.07,424516409.63,31.6033023013,316720691.81,13504024.77,15632458.87,-2659516.2,369120697.97,45466698.12,45268068.91,2025-10-30
1725,301468,博盈特焊,66237286.53,-39.21,372216574.91,-22.7363743197,258507160.51,6101417.49,24911718.76,-7536270.67,303020219.54,76514993.25,76199886.06,2025-10-30
1726,301396,宏景科技,-30815443.88,-828.27,223005486.7,-43.4139186487,176363062.24,18724796.24,22666446.76,4947190.77,257446723.76,-40884214.08,-37156064.34,2025-10-30
1727,301392,汇成真空,64488309.34,22.31,431096584.28,10.9880973708,292900831.3,14853794.77,27480694.33,2265592.03,366581592.2,69143361.75,70573377.3,2025-10-30
1728,301389,隆扬电子,52656144.73,-34.02,208661498.99,5.3592134093,112986739.56,12260927.96,14003647.44,-24590314.71,142960002.27,62991833.95,62987664.18,2025-10-30
1729,301368,丰立智能,15823399.7,-46.56,371101432.75,17.1631635688,315815453.88,5188259.07,21263974.97,-3474839.35,353567977.12,17291200.42,16802230.73,2025-10-30
1730,301355,南王科技,38145858.14,-32.25,988741114.11,16.0101970289,835577269.77,21444252.72,72261210.93,648497.31,966162548.95,34846072.23,34866297.49,2025-10-30
1731,301338,凯格精机,44037861.53,5.39,577377439.7,31.5655900903,390401890.26,78295729.46,31154927.2,-23109118.5,534671005.87,47346944.33,47499422.01,2025-10-30
1732,301337,亚华电子,-19734955.94,-177.23,141116547.84,-40.6201444603,84352568.28,31674700.06,23084258.06,-7013954.46,163522575.54,-23626520.18,-24005486.08,2025-10-30
1733,301336,趣睡科技,19063781.16,-1.38,192712180.63,-1.8679132007,143437809.41,26413335.38,9182417.65,-7196420.14,181209296.56,22546183.31,22723922.2,2025-10-30
1734,301331,恩威医药,22021962.58,-69.81,560341100.4,-1.6747186113,274836889.56,187705109.1,58126682.55,-1016669.2,534869746.2,28533339.83,25522582.05,2025-10-30
1735,301329,信音电子,48706609.8,-8.97,605169235.77,1.8003227157,453143526.43,35674050.96,36770837.93,-8997052.01,544025913.69,57847331.1,57573260.68,2025-10-30
1736,301326,捷邦科技,756468.01,104.63,593681706.81,13.78885515,441279971.7,28757670.11,79749338.32,-600671.56,594376331.63,4399775.76,4450358.99,2025-10-30
1737,301312,智立方,44389200.66,-19.07,414711738.47,23.9559341431,311144317.76,17708912.93,22853083.83,-4242003.94,388034237.03,44731028.99,44884067.95,2025-10-30
1738,301311,昆船智能,-6244089.5,-114.62,1287437895.36,-3.9089078043,1085463833.45,37644179.17,80299455.13,2906071.63,1274710211.45,3644268.1,2163003.45,2025-10-30
1739,301309,万得凯,115763549.04,57.47,740600044.37,53.2139604222,564517052.06,12874091.27,25313010.07,-15942656.63,611121454.41,129040462.59,128512867.13,2025-10-30
1740,301308,江波龙,556944110.39,163.09,13268215136.35,101.6780935734,10409834603.0,525230150.22,462465195.84,285246728.17,12397847215.77,662357856.59,668981550.09,2025-10-30
1741,301300,远翔新材,33313100.45,16.24,346854432.32,22.9454035434,273618030.21,3628455.92,22252756.69,-6126776.32,309114142.9,38716982.71,38461300.5,2025-10-30
1742,301298,东利机械,53373090.44,14.37,475978604.9,11.5394631199,337087000.85,23008962.4,27730002.43,-1122663.49,418849344.51,57731995.42,57431801.13,2025-10-30
1743,301295,美硕科技,26847187.51,-28.86,442725703.43,9.9014744061,358198510.3,24838844.47,17929287.98,-12300235.09,412283744.05,27982190.22,27850859.96,2025-10-30
1744,301291,明阳电气,435670810.83,37.56,4090330297.96,23.5237126188,3167812416.56,158954586.08,93045760.04,-16406490.14,3557559481.32,491051468.06,491189532.68,2025-10-30
1745,301279,金道科技,32596664.17,-16.77,471930161.07,-5.5701724067,389775929.89,2525850.74,27120525.18,-5776852.45,441803112.45,34473176.52,34345356.49,2025-10-30
1746,301269,华大九天,58545382.29,-65.84,743538328.46,16.2526448906,60497965.75,139626956.61,87988322.74,-43966978.47,796198051.2,65085026.72,65115012.37,2025-10-30
1747,301268,铭利达,-96105561.09,-132.97,1885334916.09,-39.9789545271,1633532009.52,32634524.59,164720834.69,63614215.21,2006642776.19,-98178338.14,-97632264.6,2025-10-30
1748,301262,海看股份,329170774.03,15.36,742592310.69,4.0248573556,320134940.73,8455864.05,44639973.99,-17762284.09,390944829.41,383195765.06,383009740.08,2025-10-30
1749,301260,格力博,9296375.16,105.32,3979698933.71,14.7685168517,2966709292.97,471913565.66,372089584.26,6691784.41,3975073257.35,-13088338.0,-16221965.88,2025-10-30
1750,301257,普蕊斯,72264346.75,-28.39,593655432.66,9.1654691129,448072661.19,6160798.81,32530824.43,-2306866.38,515066734.91,83618732.92,83552750.11,2025-10-30
1751,301236,软通动力,75944304.98,-78.44,22207753211.15,73.0734799632,19480178190.81,755580383.88,1122643509.48,77636017.36,22218348516.65,3043278.4,-9629637.09,2025-10-30
1752,301230,泓博医药,15243605.85,-66.81,391402290.83,6.5874026403,298418994.94,9644308.83,49076054.68,2317797.34,396611989.68,6433317.12,6465187.15,2025-10-30
1753,301225,恒勃股份,86486806.93,9.85,614016144.18,7.9187446004,426542531.67,11014971.9,46933940.27,-5571164.28,520869150.39,100591127.94,100288147.05,2025-10-30
1754,301220,亚香股份,45140081.26,-34.58,575718809.09,21.3732406105,415627096.43,7383702.36,64696472.68,-599584.33,519744855.22,50092096.38,49502916.81,2025-10-30
1755,301215,中汽股份,121843241.75,-10.03,359365726.3,4.5187283645,144836989.7,5124175.12,63094380.11,-1216201.4,232827056.43,141892366.09,141641220.34,2025-10-30
1756,301213,观想科技,5507241.22,2.59,62333685.6,49.2300127383,30884289.48,3670676.36,19258482.69,-5244270.81,62773123.19,4977533.11,4977549.42,2025-10-30
1757,301212,联盛化学,13522801.72,-79.89,428499956.45,-16.9837988618,384421231.54,5157950.31,21476654.44,-8923220.22,419066576.47,14772806.46,14452087.85,2025-10-30
1758,301207,华兰疫苗,267359727.86,-57.54,957363018.62,-44.2832484379,181380089.52,411829871.25,83284696.66,-7660831.14,757727172.19,305871419.4,305901098.16,2025-10-30
1759,301197,工大科雅,-7018437.6,-156.16,126243215.19,-24.920131158,73023141.79,24480634.11,18152628.0,-301076.29,141239781.85,-9043254.16,-8928289.43,2025-10-30
1760,301196,唯科科技,177462152.54,62.25,1338843675.48,45.5550838687,951442396.52,36651915.91,126255945.44,-4636943.96,1182911065.43,183804282.93,209323801.64,2025-10-30
1761,301185,鸥玛软件,41852994.98,-13.04,141270977.58,-0.6836506889,54417641.2,4129352.09,20483389.26,-9071744.99,96164958.78,44541756.62,44114661.62,2025-10-30
1762,301177,迪阿股份,20185783.59,-72.77,1111612211.62,-36.1888447304,382770535.44,622579956.61,107865815.81,17917221.41,1201026810.22,39947621.53,40499593.01,2025-10-30
1763,301172,君逸数码,30256779.43,-30.51,236467966.98,-6.8626901047,167860500.22,11025901.1,10529909.04,-15694358.75,187138809.13,36645670.81,36646036.71,2025-10-30
1764,301168,通灵股份,70841462.72,-51.21,1214136418.29,5.3562551633,1005985205.63,6736010.92,60314105.19,-5148759.17,1131833074.67,101482931.03,100536975.92,2025-10-30
1765,301167,建研设计,7773743.06,-78.4,245650852.79,-25.8611587178,185297518.35,4292309.35,26648682.18,-540566.06,230898730.06,9786187.7,9968159.89,2025-10-30
1766,301166,优宁维,14079134.06,-65.05,827730115.22,-6.6000123037,674255636.36,90994098.62,30929377.52,-4040914.45,839957828.31,7058512.06,6664524.1,2025-10-30
1767,301159,三维天地,-111408721.27,-87.7,126758537.44,3.7718943408,102551419.64,39538901.78,44810503.63,-4289613.42,260611786.44,-130946259.3,-131574045.12,2025-10-30
1768,301153,中科江南,6776225.48,-96.39,493499903.54,-36.8284863091,213194557.18,86921388.11,42913134.08,-25194662.0,505313902.8,-25048744.39,-25052810.08,2025-10-30
1769,301151,冠龙节能,22530314.58,-61.47,573224328.35,-13.617417917,394917429.89,91520784.84,43159466.95,-8230836.09,553778200.24,24476258.47,25184069.49,2025-10-30
1770,301139,元道通信,46698685.72,-25.78,1104844461.24,-3.869934378,932685189.06,19810547.11,28092236.86,11551337.97,1041429196.24,52137147.05,48963552.5,2025-10-30
1771,301132,满坤科技,71679643.98,-19.49,910937136.32,2.5300830814,736294004.36,21413921.4,56306159.59,-14749428.96,849340813.39,67033317.06,65625952.05,2025-10-30
1772,301131,聚赛龙,26279249.48,-21.03,1182509581.67,14.0495489492,1071576555.64,29993280.39,15536327.86,14022485.65,1172701426.08,20416869.49,19433698.12,2025-10-30
1773,301129,瑞纳智能,-39145334.59,-587.2,98328002.8,-45.5962357601,45254517.58,30542847.33,51333266.8,2116831.67,188827302.35,-45901345.19,-46008384.72,2025-10-30
1774,301128,强瑞技术,79365822.36,96.54,784985493.38,92.9633785353,527862429.59,21880419.75,37856492.74,527158.02,658889605.38,108045087.06,106738913.76,2025-10-30
1775,301127,武汉天源,187140447.52,7.65,1225756643.95,4.6852630339,809286601.69,28195889.94,58707381.25,45038115.15,984821988.85,229136442.53,228689394.94,2025-10-30
1776,301125,腾亚精工,5597084.79,-78.76,463005642.87,32.909457439,350374721.34,14992225.06,55327954.45,4489251.95,461350245.87,-771113.05,-717798.45,2025-10-30
1777,301111,粤万年青,14100379.8,-53.76,228744341.01,11.0172212205,92137632.62,100799200.81,28418583.06,-1573824.33,229399526.49,15913215.24,14679621.48,2025-10-30
1778,301109,军信股份,407097925.47,0.97,1755724154.42,27.7415588735,1001552269.24,,88033483.55,79000075.99,1242124382.94,581682298.75,582798877.42,2025-10-30
1779,301103,何氏眼科,16375500.3,-83.53,864900603.72,-8.3967931883,510958886.04,133215308.06,162215804.62,-3927089.77,820811241.56,47276046.04,45134916.7,2025-10-30
1780,301099,雅创电子,102554010.72,173.35,2267982574.47,37.0806154401,1858074190.89,104128149.68,98171033.65,30366052.68,2145166838.12,39110771.62,138225056.49,2025-10-30
1781,301095,广立微,7709698.55,-84.89,287321539.26,12.2186885242,106844392.24,27992047.16,34333787.64,-38106907.03,334562508.78,-20425952.88,-20827629.17,2025-10-30
1782,301088,戎美股份,65929922.17,4.03,490917999.67,-5.9480311673,289709999.99,58020971.39,36994444.99,924147.83,405340698.8,78252075.17,78289117.0,2025-10-30
1783,301087,可孚医疗,251916521.29,4.12,2248651846.83,5.8705845327,1093280391.26,711660470.44,95703840.82,-16441487.77,1972854349.55,294753492.12,294957750.19,2025-10-30
1784,301082,久盛电气,20226980.01,-63.28,1378968158.38,-7.0007025334,1205889959.89,39728446.14,27569250.24,27139188.21,1349350408.79,19902775.66,18740022.63,2025-10-30
1785,301071,力量钻石,176880401.92,-32.73,538553122.42,-4.08494511,352361671.33,5209847.36,20105861.65,-8722394.39,398106032.87,204049894.41,204748429.51,2025-10-30
1786,301068,大地海洋,92872085.75,38.87,1039573512.74,1.6346648773,784982318.13,18268371.46,73743414.75,9397480.27,914792402.0,95764447.49,94035533.52,2025-10-30
1787,301066,万事利,27833559.36,14.64,490937879.78,-1.3217167382,269678447.12,129650627.75,34758980.03,-4624910.0,459626214.3,30217579.67,30296049.72,2025-10-30
1788,301062,上海艾录,63402744.71,22.77,875236763.02,15.1294650144,664110837.43,19291342.2,79799779.63,18587039.55,818686566.9,62555839.75,62508715.8,2025-10-30
1789,301061,匠心家居,430822019.02,33.56,1849333507.64,27.1253982469,1230970334.07,49919628.62,63346488.62,-48638939.7,1394652447.77,492868216.26,492378478.69,2025-10-30
1790,301058,中粮科工,115440759.08,8.5,1331954289.74,-6.0148784967,975868337.04,16739220.04,113798610.57,-10045327.92,1194879593.8,129578008.43,132925671.99,2025-10-30
1791,301057,汇隆新材,24418972.99,-39.04,605442096.11,6.2683102113,521004274.65,16180400.22,19790829.01,-2225961.38,584444190.91,26107161.93,24098825.56,2025-10-30
1792,301055,张小泉,17201116.24,85.52,635883237.03,12.385150431,403031441.58,119980986.49,58497468.34,-559012.21,607874140.81,29206668.95,29557198.72,2025-10-30
1793,301053,远信工业,35357588.08,105.63,402290355.06,5.7173896027,297682137.04,20593428.48,25190971.97,310980.75,371605558.82,38210999.13,38723065.21,2025-10-30
1794,301046,能辉科技,51322420.47,58.18,893063978.85,110.3947704389,739401813.39,26640542.64,31066696.56,9750766.42,834454940.17,54755386.16,55353169.61,2025-10-30
1795,301045,天禄科技,19967113.2,39.79,496214059.96,10.1398842221,400653179.94,19840420.18,30511478.86,-4757533.82,473785848.53,20387244.12,20361630.16,2025-10-30
1796,301043,绿岛风,80695894.23,12.7,446166890.29,6.1766935558,276981822.54,47158770.09,20257107.7,3491805.02,366053210.94,92671269.68,92914486.24,2025-10-30
1797,301038,深水规院,-3908561.31,93.93,541408797.28,37.4053470045,424835455.05,11750168.94,74525036.4,-1431824.73,540927103.48,-5448968.05,-7022439.42,2025-10-30
1798,301037,保立佳,-69391597.57,-1395.25,1691999101.17,-5.6474073938,1522793056.19,90727761.24,68577141.34,29843815.38,1756348815.18,-60883687.04,-63076900.33,2025-10-30
1799,301027,华蓝集团,-23468009.19,-145.7,307572597.11,-23.6485852757,199106395.51,11321793.99,61220166.11,4131866.35,290500513.39,-27397098.93,-27952389.0,2025-10-30
1800,301021,英诺激光,861294.32,113.74,290236824.84,29.9385266238,156057905.76,24134386.34,44839477.87,-2335908.59,303021446.72,-678023.87,-991897.61,2025-10-30
1801,301018,申菱环境,142867454.34,-4.11,1976993096.45,6.19564802,1485288625.04,127563805.06,122146596.75,11856543.01,1866004039.84,155411724.8,151227599.34,2025-10-30
1802,301015,百洋医药,640996996.58,17.42,6143923658.27,2.6543182932,3949547752.4,1004773583.96,188040855.15,57061500.37,5252717606.61,911469828.6,907916950.83,2025-10-30
1803,301010,晶雪节能,18484856.2,-9.88,562294696.18,8.6300631162,464439915.18,21518262.75,39618275.93,1318753.04,544932105.61,19820083.34,19628655.1,2025-10-30
1804,301008,宏昌科技,43721494.27,-23.46,707247068.35,16.2332934486,584954287.96,10389085.87,39257115.83,6707617.13,678353682.3,45922729.15,45772571.32,2025-10-30
1805,301006,迈拓股份,45130188.94,-49.17,229996052.33,-18.5830190262,113589521.16,37372951.52,11327095.55,-5954395.52,173520134.42,52301358.13,52527448.39,2025-10-30
1806,301001,凯淳股份,4677032.95,161.72,297054795.51,-33.9317616403,211824211.5,53712329.78,24802089.2,-2341354.14,292601611.57,7917818.98,8358781.52,2025-10-30
1807,301000,肇民科技,105000468.43,50.49,527497924.03,22.5768536159,345859222.42,9013938.88,39312584.06,-221659.22,421664828.7,120434805.04,120326030.76,2025-10-30
1808,300998,宁波方正,-16687915.61,-709.92,632911598.42,-4.000498903,541974287.37,15327655.25,48152008.63,10150391.63,649905605.62,-12741392.17,-13220622.1,2025-10-30
1809,300993,玉马科技,128065757.36,7.01,550691250.88,15.3785746018,327040803.67,32827248.5,29015840.72,-9423256.23,402365976.64,148425632.24,148085531.12,2025-10-30
1810,300985,致远新能,47358539.48,285.0,968030643.71,-15.2669458263,739709345.55,44207985.58,50808749.98,18847203.91,888325772.02,65912933.44,68612653.99,2025-10-30
1811,300984,金沃股份,21359872.65,-34.44,841219740.08,14.277207119,729543003.89,5042797.43,33186539.78,10283509.06,811791402.01,27572163.55,27094809.06,2025-10-30
1812,300982,苏文电能,53978706.83,-73.43,1237856911.95,-33.866206495,1029444965.78,42538771.69,70117472.75,-1604560.21,1208588106.46,68191355.11,66193304.08,2025-10-30
1813,300979,华利集团,2843249603.2,24.32,17511327847.28,22.3860205378,12641642356.17,61458994.86,925987568.27,-63127819.78,13806495231.69,3692507600.44,3681900672.11,2025-10-30
1814,300978,东箭科技,135267201.86,7.54,1616239958.0,12.1260841034,1156153897.78,68094349.51,142371653.83,-1718033.23,1444413292.65,171980078.7,167213519.05,2025-10-30
1815,300977,深圳瑞捷,16454955.63,-61.39,337102063.45,-3.2938384164,211075072.56,29032818.89,48267919.68,-311221.03,315230391.14,17109344.31,16703197.37,2025-10-30
1816,300969,恒帅股份,163522309.01,8.96,704095005.24,6.3014693895,453238021.75,11566163.43,39889422.69,-6553819.59,528130097.18,190388975.02,190619314.33,2025-10-30
1817,300968,格林精密,47200512.29,12.1,938453430.54,11.2011050833,752096500.25,11374701.19,51844352.23,-27089255.0,856347063.95,51723171.32,50974791.03,2025-10-30
1818,300961,深水海纳,-1905373.36,92.66,311213978.0,-7.9376644616,187145534.62,15557387.23,46553113.58,17223768.39,282397372.88,-1762296.73,-2686512.88,2025-10-30
1819,300959,线上线下,12545373.92,-56.76,883615230.8,-30.481283006,828846281.05,26913385.69,20422773.96,-7268778.08,880699278.67,15797549.69,15763825.41,2025-10-30
1820,300945,曼卡龙,77080473.96,12.54,1673466674.32,37.3726594949,1437016803.61,101810157.24,44974046.28,-9838869.7,1585725196.63,91642809.45,93542813.69,2025-10-30
1821,300940,南极光,-1545100.33,98.47,238337192.0,-37.6233330689,213701637.16,12466923.1,26629104.77,-11044008.19,260825744.99,-1562897.37,-1606427.28,2025-10-30
1822,300921,南凌科技,5751591.45,-63.03,446218780.42,3.9800698995,313183575.58,56371615.62,32421832.93,335594.21,448838140.79,6262882.38,5984598.02,2025-10-30
1823,300919,中伟新材,1323623216.05,-4.54,30162945444.76,15.1669456922,26378153541.12,76488734.41,720704294.48,731603468.96,28707819123.2,1823220386.92,1816891940.67,2025-10-30
1824,300913,兆龙互连,89850743.7,28.05,1340109482.2,17.1081123741,1126912646.29,40460097.94,46068963.14,-7881970.15,1259955570.06,81104673.96,98682618.29,2025-10-30
1825,300911,亿田智能,-11035907.17,-106.3,448797063.74,-52.4465562111,274125210.64,113669548.33,44041203.97,1439769.99,472905932.8,-12315717.48,-12262945.16,2025-10-30
1826,300906,日月明,43674892.52,28.38,90768839.88,6.524736981,35974743.54,6006749.9,7075876.54,-3945904.22,54652702.08,50220356.95,50138967.37,2025-10-30
1827,300903,科翔股份,-174953160.43,-188.15,2476610211.42,13.2163365068,2378180666.5,50500325.07,123091758.79,25549284.56,2730734477.35,-245207528.16,-245640699.16,2025-10-30
1828,300895,铜牛信息,-64170545.31,-1569.48,169785872.59,-20.2563368967,171780146.11,15660987.94,24237072.83,-1442390.43,230035557.96,-72286746.84,-72232678.31,2025-10-30
1829,300879,大叶股份,21215739.64,191.65,1382870866.69,70.9765277086,1108298962.41,92912120.72,62886330.42,44420160.64,1373691416.72,8537686.54,8383258.24,2025-10-30
1830,300878,维康药业,44097475.42,-36.41,370849453.15,-14.1555601595,195105928.34,163238779.57,33169543.96,1969365.21,414716527.66,48061446.68,43828209.74,2025-10-30
1831,300872,天阳科技,85269763.72,38.63,1402490787.47,-2.0109232422,1044309756.07,77653040.09,111482024.05,41726288.47,1390163441.7,85535974.71,85111830.7,2025-10-30
1832,300870,欧陆通,156614756.02,264.94,2663683959.04,28.948832258,2096927205.61,70966655.02,110005872.11,-994601.79,2444217285.88,179904239.56,178069274.79,2025-10-30
1833,300869,康泰医学,9902927.86,-94.92,333885288.03,-45.905603028,167266311.47,56438909.91,26684621.96,-3681104.46,336662644.47,10472484.72,11158450.98,2025-10-30
1834,300868,杰美特,10084679.96,144.84,557529646.75,19.3616705596,432186355.67,49356906.64,43032442.48,5873530.28,566457819.47,8530377.58,8770475.72,2025-10-30
1835,300866,安克创新,1471561642.43,21.29,16448654845.5,39.5554449957,9165921587.43,3610959809.13,622918505.18,-21389375.27,14793622196.13,1723310276.85,1700805241.45,2025-10-30
1836,300857,协创数据,557029082.53,184.46,5394584562.27,67.1060465817,4431697417.73,21753598.99,96142027.43,7503458.91,4716375555.81,623867070.16,622886528.4,2025-10-30
1837,300854,中兰环保,13549229.11,43.73,412736200.66,-21.0542893942,314908526.48,13433487.1,43560408.95,217128.47,394975805.21,10016798.8,7889882.08,2025-10-30
1838,300853,申昊科技,-118545693.03,-2075.4,74295930.94,-75.6616734092,76994113.67,43673831.48,60072468.36,12980908.7,271170301.69,-137503861.56,-138195862.36,2025-10-30
1839,300844,山水比德,20685182.15,158.17,286982201.72,34.4958249853,138673404.97,26424201.54,51536129.63,-535818.7,243204191.45,20355776.21,20294232.05,2025-10-30
1840,300837,浙矿股份,90417614.46,-29.91,520623033.85,-0.8588416362,343269923.35,21141095.29,29413398.02,-9535694.07,405348154.69,108362660.49,108432659.6,2025-10-30
1841,300834,星辉环材,71029095.53,32.54,1267094453.68,9.5788213215,1212938592.76,1791382.25,15315468.8,-41434246.9,1206053873.59,79032880.45,81713734.52,2025-10-30
1842,300819,聚杰微纤,57873797.37,-22.1,482478245.61,-13.8767603065,347655054.49,13502901.66,28969184.37,-3985240.07,412496708.61,67415015.55,65849030.87,2025-10-30
1843,300815,玉禾田,495794129.89,7.9,5223851286.98,16.7013850843,3944699058.37,57276500.18,336116823.08,52382720.65,4448439977.55,748052283.25,731641480.73,2025-10-30
1844,300805,电声股份,6108700.33,-80.29,1648381177.01,-0.3781469938,1478887438.1,104978106.8,60817643.72,-5481986.1,1647954785.27,4150665.8,5085250.13,2025-10-30
1845,300793,佳禾智能,72112759.09,-53.51,1932312096.54,6.9005597763,1622496279.97,17289750.28,97644455.16,10941458.59,1877741300.0,69226010.68,67570817.3,2025-10-30
1846,300789,唐源电气,54251085.88,13.81,451791896.52,28.4811734377,291422680.66,21682059.36,32250973.4,-1404589.25,402906267.9,59563088.49,59563088.49,2025-10-30
1847,300788,中信出版,130133251.31,3.05,1205939812.62,-6.200232504,733278263.63,214683688.22,87001423.9,-13119244.46,1033863242.64,160097340.48,163762844.58,2025-10-30
1848,300786,国林科技,-35333346.96,-671.86,345325198.06,31.3515093955,276621734.43,26178754.44,33805715.19,4223849.2,360838199.01,-46427736.67,-46360242.38,2025-10-30
1849,300782,卓胜微,425418842.58,-48.05,3367437377.09,9.5527323226,2003050908.15,35117214.39,124249056.51,21334867.16,2948986423.9,362136812.27,358062688.29,2025-10-30
1850,300780,德恩精工,-37114183.72,-304.25,395217242.76,6.7305017042,338477423.06,19772407.62,41499220.41,9366465.41,434261675.05,-33383882.67,-33702886.41,2025-10-30
1851,300776,帝尔激光,383454765.27,12.95,1440203195.39,25.0465808846,763560770.82,17925309.83,53293370.04,-26414116.25,1029557484.51,432046646.51,432028912.02,2025-10-30
1852,300772,运达股份,266804855.97,6.25,13928638308.1,24.0092833848,12507310933.53,581902402.21,105040778.02,-8331245.24,13615363199.44,289626365.16,285988333.46,2025-10-30
1853,300769,德方纳米,-821651866.53,17.52,6530387334.82,-54.3544412773,6731210635.01,25182317.47,185328000.42,143356719.0,7356737681.63,-1025990743.6,-1033252604.4,2025-10-30
1854,300766,每日互动,6345903.91,1125.09,333316060.62,7.5467795741,79957431.65,69618130.54,92146746.09,-9458418.04,324130497.8,6633043.11,1598097.08,2025-10-30
1855,300762,上海瀚讯,-91295274.82,-45.37,176360265.61,-18.3801885789,68807631.49,19556037.51,44160422.96,-30015675.4,264970263.0,-137896485.11,-137801939.69,2025-10-30
1856,300760,迈瑞医疗,10637075305.0,8.16,29484805493.0,7.9879272908,10358523254.0,3664616797.0,1119339140.0,-182371253.0,17867270338.0,12095336262.0,12050586789.0,2025-10-30
1857,300756,金马游乐,16246748.37,-82.97,460053505.84,-31.3240757571,317940211.48,21884142.28,75232729.78,-3859737.57,435962532.11,14862477.85,15456271.08,2025-10-30
1858,300755,华致酒行,167734597.87,-27.36,7831897694.45,-5.0988064889,7047292522.58,422234755.43,121633451.17,34547264.81,7649716256.02,198969716.95,202206457.39,2025-10-30
1859,300752,隆利科技,77089741.78,7191.87,941132648.68,31.8483945594,747532816.01,16330664.82,39561981.31,207392.15,866802860.36,86085733.84,85920192.89,2025-10-30
1860,300746,汉嘉数智,4400453.79,-76.86,804074016.66,-42.9459398528,651199863.07,22399025.3,72606610.18,-1307115.7,798155841.39,10610998.19,9870545.24,2025-10-30
1861,300740,水羊股份,94356273.68,-47.6,3044847507.51,-9.8436822633,1123879926.18,1505935656.29,147078370.32,47362397.99,2891101161.94,120470175.3,116394546.44,2025-10-30
1862,300739,明阳电路,34001847.45,-57.59,1189258740.31,-3.7695014985,930033709.04,49435263.29,81871996.07,22880377.88,1150826619.37,34592071.45,34290956.71,2025-10-30
1863,300725,药石科技,131790818.6,-14.45,1127892555.29,-12.6654380359,679864500.58,42985096.24,141017046.95,41268262.88,1011642933.42,137531895.14,147998927.07,2025-10-30
1864,300723,一品红,-246538981.96,-187.44,1239822567.52,-32.9757033054,414957854.52,359415167.06,190970547.91,22886359.52,1209111595.14,9145461.83,-265113291.1,2025-10-30
1865,300720,海川智能,36736138.34,30.58,174253192.23,13.8041696808,84905096.79,17141002.7,20422490.39,-5397058.48,132265684.04,41440505.23,41411599.3,2025-10-30
1866,300719,安达维尔,5288939.83,-72.34,365513595.46,-11.8005447436,206183816.09,23003626.79,97003438.94,4309083.26,383083419.29,108878.04,-72007.41,2025-10-30
1867,300712,永福股份,33593720.75,10.52,1443929303.89,18.3590719294,1161513299.06,47588688.97,110596317.71,29156798.56,1412230594.44,16837677.88,16939130.03,2025-10-30
1868,300709,精研科技,99606380.39,-14.57,1575536233.56,-3.0810621516,1097339231.27,26102595.83,125011336.37,3351511.57,1407241772.17,84190864.21,84350399.03,2025-10-30
1869,300706,阿石创,9897978.39,-28.33,929293960.95,33.0754617048,850182934.33,10436174.63,29694444.2,14546083.22,927357045.14,7504935.28,7473074.24,2025-10-30
1870,300705,九典制药,449734781.87,45.08,2145889147.01,13.3632001328,563073361.04,855062640.57,61321830.35,11568010.35,1683616597.25,507907141.5,505759463.99,2025-10-30
1871,300702,天宇股份,85114143.58,23.72,1932209385.98,3.6059952467,1246795999.61,89831781.02,233407845.37,18556558.64,1786884254.65,106618647.28,106726310.75,2025-10-30
1872,300695,兆丰股份,91635354.52,-28.75,485427716.16,-14.6932396245,344268923.16,10948075.2,33036272.77,-26267398.76,397330132.97,104662995.66,104835257.19,2025-10-30
1873,300684,中石科技,132064244.79,143.03,1096010027.07,14.7961129798,758847000.62,48183781.97,77644261.21,131799.72,963906289.39,152588755.73,152534876.13,2025-10-30
1874,300678,中科信息,6188743.5,-72.1,218236369.58,11.2925844368,157980813.03,27565802.64,24565977.99,-2975132.22,234194400.6,10778282.84,11306942.96,2025-10-30
1875,300675,建科院,-34797101.78,20.19,250476733.24,-6.316484173,176075960.24,17269194.29,35739215.08,11845875.84,269004053.28,-34869775.16,-32805722.7,2025-10-30
1876,300674,宇信科技,262169374.45,64.36,2350798648.97,-23.0482282162,1582854434.39,59357045.87,212015137.74,-19855432.05,2156900843.57,266224822.03,266780580.42,2025-10-30
1877,300670,大烨智能,1179922.75,103.85,281214813.76,-20.9742494809,242895011.24,11250784.87,41640347.5,35249064.64,353060338.7,1047826.89,-2973199.26,2025-10-30
1878,300665,飞鹿股份,-66241586.82,-332.95,314326388.14,-38.9383102688,275071256.76,24774010.95,37032918.18,26020581.45,383876190.47,-65656762.45,-66121762.59,2025-10-30
1879,300663,科蓝软件,-6807629.38,23.11,727022101.96,0.0487046439,500756780.62,36671068.96,104590670.44,44548565.4,752378129.93,-16838310.41,-16886819.54,2025-10-30
1880,300662,科锐国际,135253384.05,-10.96,8516047439.44,18.7660256368,7941031799.56,130644929.5,204455596.04,18452429.35,8379121107.31,152803831.84,173911746.4,2025-10-30
1881,300660,江苏雷利,240880658.09,-4.42,2475691745.8,10.2033158874,1763626140.03,67412902.21,240213819.97,-30940852.13,2175585912.88,297710054.86,296032786.15,2025-10-30
1882,300659,中孚信息,-188604737.5,29.14,437472064.04,-7.7833338657,167098357.55,217194892.84,109186261.6,4693060.31,659452115.75,-187917464.81,-188712565.35,2025-10-30
1883,300657,弘信电子,54700515.33,122.62,4448844593.21,81.0986812743,3989320069.99,35793301.54,100311009.71,32319405.79,4279824855.59,168869344.06,167234443.14,2025-10-30
1884,300648,星云股份,-47329582.48,41.96,801415694.84,16.4293768805,524130108.43,89795775.77,51566002.83,22836153.86,824051228.16,-40118801.58,-41123624.33,2025-10-30
1885,300647,超频三,-46820669.88,15.36,540974183.14,-22.8629165107,453431662.92,22499069.55,58334509.24,32456940.05,602097570.25,-104336421.24,-104192259.98,2025-10-30
1886,300645,正元智慧,10037914.05,-67.21,750379997.37,1.0521620708,419474913.37,102037227.62,85125740.88,26916706.68,747078905.46,5972115.09,5135276.07,2025-10-30
1887,300638,广和通,651930880.15,43.22,6216604579.49,5.1195389201,4929008536.55,151750689.44,129929073.33,28208761.15,5772281842.6,662330062.71,663835158.69,2025-10-30
1888,300637,扬帆新材,-27095667.71,-293.04,495914029.76,-5.731625373,427648465.6,5008277.24,50081632.83,13701859.04,527697706.04,-34107512.96,-35118740.45,2025-10-30
1889,300626,华瑞股份,16611937.23,69.22,549530009.47,12.4809931227,449358112.81,10904776.02,27190862.33,5960306.42,519511738.15,18481290.06,18460709.54,2025-10-30
1890,300622,博士眼镜,83484416.41,-14.46,915266819.34,1.0871180587,379378092.84,366192851.04,64089711.14,7146179.41,822195164.51,103858040.01,102873239.67,2025-10-30
1891,300614,百川畅银,-74338190.96,-1396.37,342684927.59,-5.4955450292,284435949.26,1035557.08,72835371.67,34103139.08,398552518.47,-76786218.66,-81031986.21,2025-10-30
1892,300613,富瀚微,185671030.12,3.27,1302214976.42,-3.491490067,809215779.65,17957844.69,91750985.12,9409979.16,1184245705.82,160400875.83,160382700.48,2025-10-30
1893,300605,恒锋信息,-24620081.26,-245.74,190641350.78,-52.9953927481,136867824.35,17263501.04,25464327.54,8726862.62,208214870.55,-32696052.93,-32434197.43,2025-10-30
1894,300604,长川科技,357398821.04,26858.78,2535398795.77,109.7165303508,1114136798.42,154690867.85,210249784.63,32173109.96,2207660845.81,383992200.32,383702190.69,2025-10-30
1895,300597,吉大通信,8393376.4,-31.53,359394837.41,0.2855933804,283320751.9,9304080.06,37437954.28,2703424.56,349561731.97,9985801.87,10010325.85,2025-10-30
1896,300593,新雷能,-137618613.14,-187.07,682024221.17,-37.633670531,394885178.46,40064020.69,82160448.09,17344583.47,834692747.96,-145527374.34,-147999258.87,2025-10-30
1897,300587,天铁科技,24163198.23,155.58,1776804733.18,44.0879275172,1431605256.94,45380294.56,199311617.45,47526627.94,1773904954.36,18537116.34,18734088.36,2025-10-30
1898,300582,英飞特,46567634.47,157.64,2012048688.12,6.5866070653,1386913044.45,192698446.44,157417520.74,52054563.82,1945722202.44,46936276.85,47182494.6,2025-10-30
1899,300581,晨曦航空,-24844750.42,2.96,71370988.07,-56.2593054632,43132319.57,1663740.63,20077090.08,-1284566.97,80859084.57,-27668346.1,-27610581.09,2025-10-30
1900,300571,平治信息,5959254.55,-72.44,1339730264.91,-12.0386627279,1219856905.43,19296843.04,45312898.11,30014389.92,1344078024.19,9841842.31,9348396.63,2025-10-30
1901,300566,激智科技,169361100.91,91.44,1639081799.07,-0.2368828489,1241928574.88,29997465.9,66814061.11,11131396.75,1466302195.13,189702306.88,189936911.6,2025-10-30
1902,300564,筑博设计,1220533.03,-97.5,320608416.17,-31.1390456023,242614638.58,9606287.73,48850010.79,-1816767.46,323994279.73,6846010.44,2226204.48,2025-10-30
1903,300561,*ST汇科,-4077859.02,-182.4,68550606.16,-38.5086137777,32147486.2,15685742.18,15766410.86,-1718281.4,74682579.89,-6040144.53,-6385609.7,2025-10-30
1904,300560,中富通,13175672.63,-37.9,1115618732.83,-8.6205942968,936237728.89,32853321.16,50683218.96,18466213.94,1097101459.15,15012903.49,14256332.66,2025-10-30
1905,300554,三超新材,-46657479.47,-288.14,278088156.23,-22.6969688222,223005754.36,15243116.09,25467642.57,2733271.14,298537968.43,-63246485.34,-63426555.82,2025-10-30
1906,300552,万集科技,-237385243.86,-20.47,624713433.78,15.3773301335,461288456.37,129300978.54,78349619.16,4875281.36,888596170.47,-232725392.32,-234140905.09,2025-10-30
1907,300551,古鳌科技,-189671499.56,-289.21,217079111.55,-49.859765752,89764015.27,98896338.23,45043625.64,-655857.83,260516057.25,-205857948.32,-205547144.96,2025-10-30
1908,300548,长芯博创,37499754.2,-73.37,1233404625.76,-4.2337648153,936768730.21,32819319.37,82746121.85,-9001064.16,1138108984.88,114059760.62,114039699.07,2025-10-30
1909,300542,新晨科技,-17736894.95,8.6,672752173.49,-20.7936633884,559875716.66,27683625.76,58518885.74,9191588.57,710355084.36,-13900819.57,-13997789.98,2025-10-30
1910,300541,先进数通,32741684.58,-68.01,1517215030.33,-3.3481379434,1261093657.22,64547082.88,81068917.75,8539588.45,1488324406.41,28683310.0,28707950.68,2025-10-30
1911,300529,健帆生物,791634115.46,86.86,2195690243.92,47.7602095346,410333473.21,510257725.2,128708141.07,22998452.24,1282068331.55,984361550.35,954619509.02,2025-10-30
1912,300528,幸福蓝海,-70090392.69,-281.78,541925032.04,-33.4328009317,488976288.71,5973434.77,85747157.04,25530395.8,629983345.1,-68019842.76,-67764843.13,2025-10-30
1913,300525,博思软件,34888303.47,93.01,1243713095.97,12.9307324229,450309732.16,249567727.43,243421323.12,-6561068.39,1246604578.17,351417.78,272525.72,2025-10-30
1914,300523,辰安科技,-149586425.37,-1449.06,951032282.19,-27.5262961608,644710354.15,135260978.02,165556112.43,18436675.55,1081971538.95,-161097503.23,-161727470.97,2025-10-30
1915,300522,世名科技,35963913.06,3.21,525803851.0,0.7177932058,387237022.6,14525446.45,45775100.05,2626755.1,497393173.26,40876857.08,41040552.22,2025-10-30
1916,300521,爱司凯,-9605712.75,-339.58,122259336.47,15.3311360477,74384847.41,15351545.02,18961259.54,-2362152.19,126739450.51,-5387054.68,-5956587.27,2025-10-30
1917,300512,中亚股份,37651057.66,-37.52,763617790.59,6.0655113475,558355115.2,41453813.02,56937069.86,1402240.0,714802832.33,40828881.83,40019824.9,2025-10-30
1918,300510,金冠股份,-16649328.69,-142.2,830507670.56,11.1938798833,646152008.1,114706428.98,64658597.24,8973887.32,886924756.96,-26299240.21,-25918733.7,2025-10-30
1919,300503,昊志机电,80834159.52,369.91,967983827.43,37.8066361736,627325339.67,68251148.17,90837496.05,29014965.39,899096607.36,89533947.43,89002052.59,2025-10-30
1920,300502,新易盛,1646072871.21,283.2,5130435808.52,145.8226600561,2958449434.5,62640488.75,102212657.68,-91384181.75,3242676709.11,1867634610.48,1869792841.23,2025-10-30
1921,300501,海顺新材,79722275.9,5.14,826447909.29,9.0275753979,581054778.06,37297471.68,56531964.63,21268097.84,741453727.58,102000267.88,102055972.73,2025-10-30
1922,300494,盛天网络,2445693.71,-98.63,852414083.24,-21.2677129787,723629455.16,36734960.52,48890218.61,-8158743.16,850333274.98,-6256492.1,-5273896.06,2025-10-30
1923,300492,华图山鼎,129429837.86,3594.67,2130875618.85,4702.2129001004,897014953.37,672722282.44,358441612.94,20852193.42,2007767498.0,163976171.06,163185093.08,2025-10-30
1924,300491,通合科技,20897761.62,-68.54,736676628.4,22.5240170981,531684328.0,50278192.93,56948950.95,2823253.52,726518140.88,19908299.87,19908299.87,2025-10-30
1925,300480,光力科技,-54155567.65,-172.6,380949208.24,-21.1766960966,162676633.14,82987803.32,56325766.51,1678934.62,388771882.08,-50348921.86,-50077761.53,2025-10-30
1926,300479,神思电子,-112638059.37,-102.78,108027016.97,-51.3229348378,84127697.63,45280061.03,41002489.74,1069593.99,228383714.94,-119536654.93,-119284676.29,2025-10-30
1927,300478,杭州高新,-16127485.59,-138.43,247468317.53,-9.5214089019,239148645.4,2535937.37,7009868.94,5922548.46,268080111.08,-16079905.9,-16127485.59,2025-10-30
1928,300473,德尔股份,24145707.09,120.45,3382618760.66,4.8819916812,2688542987.77,48205674.26,414760124.63,45410625.01,3345196500.37,35229194.76,34243382.09,2025-10-30
1929,300472,*ST新元,-58232529.66,35.33,275280746.33,34.9480032718,232314354.29,5738740.65,57387505.27,13018455.3,346462620.82,-86019779.93,-86019480.67,2025-10-30
1930,300470,中密控股,270930956.08,9.15,1142873888.05,15.5569284841,598768898.98,100023839.48,77738739.49,-1102679.76,840165254.23,311785238.47,311983914.56,2025-10-30
1931,300467,迅游科技,22062478.65,-26.41,228323775.68,-20.6947257855,91771236.26,41590441.91,35313821.95,-9123950.5,207910117.62,27635275.82,27660524.48,2025-10-30
1932,300462,ST华铭,-52698911.1,-292.63,412239907.64,-7.7093526141,308524728.67,23010930.7,53695918.15,1482640.84,430122375.52,-65440983.36,-62160119.62,2025-10-30
1933,300453,三鑫医疗,167914693.97,18.74,1082325012.3,16.3839126433,703175490.86,63736706.58,73168404.16,-499228.59,893134673.4,206607044.21,206076665.05,2025-10-30
1934,300450,先导智能,608479284.39,-73.81,9111658095.04,-30.8994008208,5792874783.46,233444399.91,836737410.55,620658.32,8202888006.36,621851494.75,628330715.82,2025-10-30
1935,300442,润泽科技,1513743522.45,35.13,3457003679.89,28.948666812,1487054788.99,2121445.93,131604037.12,140375051.39,1909183048.56,1580678784.9,1580416718.39,2025-10-30
1936,300438,鹏辉能源,60502693.44,-77.97,5647856143.46,-1.5957656226,4853545572.33,133170572.63,201680031.14,48490124.99,5545821582.72,13398918.12,9215525.34,2025-10-30
1937,300436,广生堂,-70639938.31,63.93,326316366.25,16.6699664901,126866749.67,144476205.63,78777070.94,25487306.21,405413895.88,-68077329.21,-69790050.86,2025-10-30
1938,300430,诚益通,98057162.61,-23.2,795475666.5,-14.3216774548,473015138.72,60370935.59,62057056.94,15211749.49,670754043.59,105503061.12,104579093.04,2025-10-30
1939,300429,强力新材,-25620547.67,-24.27,698301137.48,16.9663299539,550266223.61,19268834.49,76058280.95,35962948.36,750191090.59,-21828284.0,-23312402.3,2025-10-30
1940,300424,航新科技,19013577.4,162.59,1377320162.65,0.2671308107,1031515287.15,18911095.68,180061729.03,42073704.91,1334145935.37,25442222.51,26531308.05,2025-10-30
1941,300418,昆仑万维,-626532067.52,-290.81,3828401326.3,3.9988824457,884257859.65,1404899214.47,872327492.08,38205597.61,4347058061.84,-782306104.3,-784397026.28,2025-10-30
1942,300408,三环集团,1603287677.19,40.38,5380779711.85,31.0528220757,3079517002.97,50989391.49,262694981.77,-106649160.43,3743188311.12,1841436448.49,1841641054.1,2025-10-30
1943,300398,飞凯材料,205805229.85,-2.07,2170845563.65,8.5950120539,1394514650.67,122962465.88,201648137.34,32870491.78,1904989529.98,258114468.73,256926871.93,2025-10-30
1944,300397,天和防务,-63770193.06,19.27,276022492.34,5.4191563474,196832954.16,26229677.4,67776915.12,1839298.22,355577805.86,-73553165.51,-75061669.7,2025-10-30
1945,300394,天孚通信,976446154.92,122.39,2394707401.46,98.5479023441,1000652171.99,20325147.09,100230730.72,-37110017.37,1283928633.23,1115874702.97,1115918798.43,2025-10-30
1946,300382,斯莱克,-15340352.59,-114.62,1080668073.11,-4.5208210268,915683629.63,20831360.72,134522133.1,49164568.55,1161885090.69,-41634709.82,-41914812.28,2025-10-30
1947,300380,安硕信息,5017316.63,114.75,545753252.38,5.1725485465,392999607.71,18393863.43,45795426.19,7697181.05,542334170.53,-1896246.32,-1921490.35,2025-10-30
1948,300378,鼎捷数智,49889369.07,2.15,1573058137.28,11.2137323435,676585401.45,470889647.5,175861065.03,-5437273.95,1478524123.16,78246849.82,73362905.68,2025-10-30
1949,300369,绿盟科技,-326015957.69,37.82,1274003789.32,5.5744704316,516006369.91,547003594.85,145407275.54,18044377.1,1651553096.28,-321883677.16,-323769828.43,2025-10-30
1950,300366,ST创意,-193645518.74,-335.84,562353896.85,-41.5452284372,477924100.65,43003483.66,131600345.86,26990334.43,841627776.41,-271515642.14,-270758365.9,2025-10-30
1951,300359,全通教育,-41309215.84,-2386.95,285424385.91,-30.7998682044,213477312.55,14789976.15,51246890.19,-2494096.69,307030389.89,-36366945.82,-36358651.5,2025-10-30
1952,300351,永贵电器,100651913.1,11.8,1370845482.39,35.5603039975,989973295.9,82356183.83,86323176.6,-16928809.14,1265043439.16,106273461.46,105381208.2,2025-10-30
1953,300340,科恒股份,-112536648.1,-17.13,1586331795.62,-34.3600873493,1494404790.99,20609480.37,97578214.35,44975391.86,1732681828.89,-111133624.15,-112693255.22,2025-10-30
1954,300337,银邦股份,109486386.58,58.59,3810609892.4,15.9192470956,3410325269.84,13840149.6,51525011.59,66790094.8,3693623913.97,113500132.95,111179556.19,2025-10-30
1955,300335,迪森股份,64684200.41,-1.38,777651034.67,-16.9816308814,541920812.38,46371714.59,67766913.03,2345149.68,693485107.18,110419487.19,105339078.24,2025-10-30
1956,300329,海伦钢琴,-14609354.35,-340.13,120276083.92,-47.4332996656,98429592.17,15832985.17,28487275.12,5456946.75,158711095.86,-15657912.14,-15798926.4,2025-10-30
1957,300318,博晖创新,23717729.36,67.77,646068014.18,-19.8531111971,318826772.88,68700299.03,141759331.93,20176231.69,602017288.79,45222642.78,61757634.62,2025-10-30
1958,300315,掌趣科技,195961711.07,11.7,650613667.8,-7.6767946467,146387124.23,189932034.77,90087167.86,-90712344.41,527854241.64,204476642.34,202988361.43,2025-10-30
1959,300305,裕兴股份,-163853403.22,-473.45,852055173.09,-40.5516065825,921069838.0,2031412.59,33406353.59,22207251.13,1030391711.21,-194588028.12,-194728867.59,2025-10-30
1960,300296,利亚德,181378357.03,-60.65,5464703560.1,-9.267108888,3985615862.32,566701149.92,366496094.9,27106747.74,5265076694.92,232072458.98,226172994.47,2025-10-30
1961,300292,吴通控股,79736522.11,37.59,3269997996.58,26.1384755941,2920907055.09,39147726.07,90089959.07,8214969.72,3141063334.2,94424136.65,95350103.36,2025-10-30
1962,300291,百纳千成,-54079972.26,-71.63,667750784.56,263.5130063724,681285266.51,65437876.03,54342233.66,994647.74,804042007.84,-152699046.51,-150810177.69,2025-10-30
1963,300288,朗玛信息,40979202.62,-33.18,298226432.47,-14.1968959066,189188066.79,4295537.57,43075616.87,-1963015.66,265002768.66,49766611.05,49505322.42,2025-10-30
1964,300276,三丰智能,18499445.19,-51.65,1502019117.09,23.2668358549,1309761013.91,22307681.63,80874148.28,3530412.63,1463007727.54,16960359.43,19232722.55,2025-10-30
1965,300272,开能健康,84165039.65,-34.92,1254037408.51,1.0048653638,749111152.64,127099317.68,170691341.04,11265300.04,1111772648.37,133217549.44,132289380.05,2025-10-30
1966,300267,尔康制药,-25467316.32,-163.55,854289240.97,-40.8946321488,589956713.99,72760892.14,186072967.17,-1899766.28,893553175.63,-20299504.02,-23697483.58,2025-10-30
1967,300264,佳创视讯,-33211064.74,28.62,77728939.82,28.2941130682,68689344.61,15659689.55,18507805.74,3084343.39,121186955.77,-33206939.7,-33181302.47,2025-10-30
1968,300259,新天科技,115535286.38,-15.31,593726980.22,-19.2958348458,327585147.1,71131309.28,38052496.71,-9177638.29,497355498.14,129485802.26,137174123.34,2025-10-30
1969,300255,常山药业,7290091.73,101.88,784021902.08,-31.2029405535,642451312.26,42991269.39,90016432.34,67213216.37,874012625.11,-57480721.53,-25504900.85,2025-10-30
1970,300254,仟源医药,44153255.59,422.48,608815610.55,6.4476132117,200975472.43,220249038.85,86429230.97,11620074.42,563187725.7,61703485.98,73407341.08,2025-10-30
1971,300252,金信诺,5573186.99,6.34,1590625289.18,-1.3241526057,1316243408.64,67010442.52,108876887.24,54036689.89,1654690039.73,-25931548.25,-25981246.53,2025-10-30
1972,300242,佳云科技,-41378625.21,32.81,1055939891.55,78.0410166264,972403680.37,83297530.28,44193217.35,-150345.61,1104959192.53,-50222415.41,-54373868.97,2025-10-30
1973,300241,瑞丰光电,44630288.23,340.85,1108809530.85,5.8352825701,836521673.45,47446758.32,85562810.1,2988103.89,1055834465.4,66101575.72,60519888.37,2025-10-30
1974,300236,上海新阳,129761392.09,13.99,1066994543.78,22.5716633677,652013730.57,38599177.69,77795910.45,2128716.61,932903989.23,140741272.68,140839981.95,2025-10-30
1975,300232,洲明科技,127689185.33,-33.15,5420492614.69,6.9351143557,3790137500.53,699736254.21,243015895.27,13081255.66,5068648709.33,153573798.22,155012595.1,2025-10-30
1976,300231,银信科技,50945645.98,-57.36,1157103345.58,-21.2607196526,901035873.37,84998745.59,33296366.38,14397547.05,1097195286.99,62986239.25,62374057.34,2025-10-30
1977,300227,光韵达,32419332.12,-40.34,783543372.02,2.5542755714,540283056.08,58801244.29,64761202.2,15570583.72,757521750.38,42473059.28,40993212.51,2025-10-30
1978,300225,*ST金泰,20732974.38,236.02,521456192.86,-2.4229061122,357545731.88,52759420.75,45539519.54,4020492.97,496128221.52,21482224.64,22352615.69,2025-10-30
1979,300217,东方电热,279550363.23,-52.21,2841548724.02,-12.228725879,2198355914.49,29277446.05,127295514.55,-9048681.77,2481710347.98,327961856.52,325995645.5,2025-10-30
1980,300207,欣旺达,1212214585.2,50.84,38278680524.37,11.5387143464,32147830516.05,388200366.07,2220613208.15,333212041.41,37490739236.56,690153144.68,702356845.58,2025-10-30
1981,300203,聚光科技,117650034.18,166.76,2305366010.42,12.3331272934,1284415527.7,430316652.86,209361949.8,119048355.91,2377956712.16,115127274.06,119872219.01,2025-10-30
1982,300199,翰宇药业,-34805639.91,80.72,375225390.5,-6.5569702002,151708440.89,70260228.9,85209042.23,87026495.74,459578775.38,-26228246.69,-27593945.61,2025-10-30
1983,300196,长海股份,202464298.66,-29.68,1902587303.35,-4.295684951,1457546015.18,44497743.62,96677050.29,15917251.11,1714167957.61,224587974.66,222473255.44,2025-10-30
1984,300176,鸿特科技,29449784.01,771.96,1305792127.93,4.0171985691,1127773180.34,22270401.5,53543973.91,16344875.04,1270062827.93,33309377.31,29448239.01,2025-10-30
1985,300169,天晟新材,8367774.68,117.84,401310550.97,3.1334499208,309321300.8,18811621.91,53004940.34,20854273.95,415443732.76,14757939.09,13160484.57,2025-10-30
1986,300167,ST迪威迅,-28887707.9,77.04,327337582.91,92.6011834433,267204155.76,9650475.85,50616125.04,4261172.15,341906575.93,-24295649.59,-26031893.68,2025-10-30
1987,300166,东方国信,21023817.76,-80.9,1486565045.21,2.268466216,970849294.14,71483100.88,114268569.06,16738651.57,1602925029.29,-37595132.79,-32197917.0,2025-10-30
1988,300151,昌红科技,81409601.59,61.11,782230533.03,5.8418917766,557106224.74,17752626.84,79427632.29,12166433.95,709872762.46,82089921.29,81970120.6,2025-10-30
1989,300149,睿智医药,-61667008.36,-96.88,718525731.65,-15.0857875503,580392041.96,28332227.32,108034303.98,8105524.74,774216447.7,-66557761.02,-67038704.04,2025-10-30
1990,300146,汤臣倍健,868614585.23,-54.31,5733545680.89,-26.325656094,1838996822.95,2426831974.19,402363174.32,-28572153.16,4798026098.36,1025255280.91,1050151736.63,2025-10-30
1991,300139,晓程科技,40647463.71,-3.2,237104950.38,28.4438628117,108772653.53,4330905.43,60435579.83,-3392533.75,189906686.21,63189578.38,57840844.14,2025-10-30
1992,300137,先河环保,5389590.43,-83.66,600025805.16,-9.1107494428,370934459.4,64933011.73,94658195.06,-1968084.04,579477107.66,-2144709.21,-653515.43,2025-10-30
1993,300131,英唐智控,46277445.44,19.57,4016727490.25,11.2720904457,3701934526.89,79313228.3,91542409.28,45442404.85,3959256614.34,39641926.17,39731484.43,2025-10-30
1994,300123,亚光科技,-82112970.79,-1708.73,730487625.98,-32.1413787468,523352701.74,22818618.16,108267225.8,110256316.89,829208886.89,-57842954.06,-52457488.82,2025-10-30
1995,300122,智飞生物,2121744962.2,-67.07,22786387624.05,-41.977818713,16581567572.87,1936199475.15,318105712.43,65105565.81,19756141230.57,2418489280.22,2411740381.64,2025-10-30
1996,300115,长盈精密,594196427.98,38159.1,12097401856.69,23.5594323425,9835032965.28,94076790.12,597029290.44,124801887.59,11615682843.05,669949436.28,667950408.29,2025-10-30
1997,300110,华仁药业,95530954.43,-30.31,1073621963.53,-11.7034740121,686062998.89,97292239.84,70658208.71,43283953.07,963605145.6,116880614.7,114410736.08,2025-10-30
1998,300101,振芯科技,70938512.69,-50.56,563435989.33,-8.4293752368,246348824.61,38630575.4,93861315.19,4350040.77,499651238.68,67539421.4,69396751.42,2025-10-30
1999,300093,*ST金刚,-350646236.21,-102.63,79247029.95,-80.2218624454,238536025.37,27934669.39,36630092.69,80791338.45,413806754.9,-377060059.31,-379101343.67,2025-10-30
2000,300087,荃银高科,-84333404.64,-892.84,2055219520.34,32.2621187475,1716351972.6,204464606.0,146177472.88,37092895.14,2172377628.5,-117065920.64,-117069891.62,2025-10-30
2001,300084,海默科技,-54254439.65,-2926.57,300765456.21,-14.5601288984,176892893.34,37226909.83,90711119.3,21063287.75,355608601.25,-48473760.63,-50293448.02,2025-10-30
2002,300076,GQY视讯,-24786270.37,-280.69,84307611.02,-6.1954963241,74193180.77,14898283.4,18593857.91,440511.88,114487020.93,-26684393.81,-26595738.54,2025-10-30
2003,300068,南都电源,246916072.23,-46.1,7861535081.16,-28.7246512241,7054930491.09,161090766.78,217941180.5,222557581.97,8054533291.98,234853740.77,227099108.33,2025-10-30
2004,300063,天龙集团,48423311.22,-6.86,5797227499.04,-13.0640144115,5446913125.44,140562476.88,98079658.94,19777315.69,5726386386.46,76361802.79,75818976.74,2025-10-30
2005,300058,蓝色光标,123148500.82,-57.23,45423007611.46,25.0925507134,44142476054.44,604148457.65,464905886.97,7474957.11,45269918255.33,156402158.53,153481540.98,2025-10-30
2006,300055,万邦达,5095602.0,-88.04,1888769126.57,-16.6774164253,1782146189.45,9188532.07,61454534.55,5472121.82,1959321870.84,-5129480.18,-2443022.97,2025-10-30
2007,300053,航宇微,-61336681.87,-208.76,204226702.45,-33.5503876602,117347055.69,14740697.33,47250741.84,3817196.06,242739657.95,-63295517.46,-61415981.35,2025-10-30
2008,300043,星辉娱乐,-230689609.35,-502.79,1033846098.31,-29.475364934,788812801.03,228073991.37,205867567.11,38669327.09,1350846161.74,-330096172.25,-316306421.31,2025-10-30
2009,300035,中科电气,183568664.04,426.25,3883655333.22,10.2656183046,3129685932.19,64707587.45,117963567.61,102924970.73,3585755139.54,307553856.25,301507151.85,2025-10-30
2010,300027,华谊兄弟,-42476556.47,84.93,399542041.82,-16.2394848427,229307692.8,64911957.93,92200229.72,61204374.66,449924972.78,-37928610.93,-45360283.25,2025-10-30
2011,300013,新宁物流,-31806581.76,29.19,366613132.62,17.3992428111,297829774.8,19239406.03,69340373.64,26332698.36,420650487.31,-35940173.22,-31800316.54,2025-10-30
2012,300011,鼎汉技术,15718312.19,172.17,1145631609.78,20.2703368485,803049273.37,117549168.46,99998982.5,40363907.25,1129515357.82,15738209.78,13420418.08,2025-10-30
2013,300007,汉威科技,79793164.53,-30.9,1569772191.33,1.8513868566,1102709285.41,151733503.9,144157923.51,9354950.96,1576660995.51,70569966.6,76498124.81,2025-10-30
2014,300005,探路者,101746208.8,120.78,1107642432.36,19.0405051551,566144035.88,244146127.95,125347911.81,-9159461.47,982595700.04,102982826.93,102608289.93,2025-10-30
2015,300001,特锐德,446513707.95,101.23,8897783309.93,11.5648178893,6744819210.39,563228314.26,602617663.4,151635836.43,8492475797.18,464781258.84,447432367.24,2025-10-30
2016,003033,征和工业,97776935.2,4.94,1320603673.61,8.3125512568,1028361669.2,47523476.82,65375655.81,10512233.01,1222718525.14,106338926.27,106278328.85,2025-10-30
2017,003028,振邦智能,133988908.89,-13.53,1060485344.8,21.8773556838,811820137.1,18355732.31,23146624.7,-15706893.87,909118832.49,147140584.28,146790733.85,2025-10-30
2018,003025,思进智能,152885214.52,133.71,466200043.09,46.8126349458,287852915.14,21549083.78,22974206.81,-2032759.89,357339838.4,179595970.63,179075313.17,2025-10-30
2019,003021,兆威机电,159164724.15,24.22,1057458316.6,29.9930964769,724536585.52,42084651.41,56242158.41,-20323739.16,918809169.69,172715510.87,171732869.75,2025-10-30
2020,003020,立方制药,118979752.45,-30.57,1125115398.63,-26.1978236353,338419569.21,528538993.22,63906891.95,-372942.02,1000958904.88,131563699.42,131320154.83,2025-10-30
2021,003018,金富科技,115992989.8,23.54,728118547.7,13.7751197773,527296373.62,4083318.73,35155717.4,2071988.76,591643209.02,135168234.35,134831997.45,2025-10-30
2022,003011,海象新材,1631525.49,-98.82,1027321085.58,-18.2323103582,742437029.14,79485060.8,48303906.77,6327045.55,925519596.12,17537842.92,14588507.24,2025-10-30
2023,002999,天禾股份,10527442.88,-82.27,11393243149.5,-4.3902615339,10813443116.89,331671337.69,140838073.65,38052759.77,11339587062.73,14105153.6,12137825.87,2025-10-30
2024,002996,顺博合金,164322860.07,95.66,9893075406.95,20.8599278737,9579888585.87,20390347.0,79234577.09,116002412.05,9861278157.03,204935977.28,204567730.5,2025-10-30
2025,002988,豪美新材,171812392.22,38.26,4836941679.59,14.021641381,4269885234.95,83577738.83,84508736.73,65212022.59,4667291889.47,183699397.8,183607338.82,2025-10-30
2026,002981,朝阳科技,75755911.98,-1.18,1209491659.03,17.6514913385,928869989.22,31279486.8,91838442.17,-387308.63,1116641079.42,83902588.89,83215934.41,2025-10-30
2027,002975,博杰股份,1541103.66,128.43,823461932.65,23.0288768563,467395532.87,83145924.16,124560199.28,11499786.6,815065456.7,-8611869.94,-8654435.82,2025-10-30
2028,002968,新大正,107029703.44,-15.2,2576930068.26,12.4118090591,2260185659.55,33687547.31,145881433.4,-571304.09,2454133742.86,136751036.57,136093710.56,2025-10-30
2029,002965,祥鑫科技,269167644.73,-2.96,4878268937.12,24.8810023566,4210563390.34,24798844.69,182333135.98,-2293323.36,4599816130.25,298257018.15,298494019.18,2025-10-30
2030,002960,青鸟消防,335333269.33,-33.66,3520824083.79,-3.3957851403,2198587982.05,455427558.0,250411241.25,-15958388.04,3106633484.06,415544698.97,413332565.11,2025-10-30
2031,002957,科瑞技术,164816328.22,-4.79,1757398028.97,-11.1674958371,1073825971.87,89719434.18,103535832.5,10260674.01,1507641014.46,226402862.96,226441227.29,2025-10-30
2032,002956,西麦食品,108354319.54,17.13,1433060647.63,26.4917842588,822386854.51,418553581.07,80088798.15,-5925279.98,1333701160.48,130251312.64,130840633.15,2025-10-30
2033,002955,鸿合科技,245024633.61,-18.33,2764740401.63,-9.9279896892,1947468346.7,255143250.83,175416623.48,-24326546.08,2497278497.42,300057649.36,297431672.75,2025-10-30
2034,002950,奥美医疗,265165311.97,76.3,2450075783.88,21.3938487127,1764294309.6,69736169.45,214035448.21,18278645.24,2139239584.07,331352475.01,330506436.58,2025-10-30
2035,002949,华阳国际,111877918.84,-19.46,812138688.7,-22.8973829091,535739413.7,18593079.64,82228514.7,1566745.5,681356203.83,135678807.85,134132788.34,2025-10-30
2036,002946,新乳业,473716967.25,24.37,8149642828.0,-0.5401312064,5778668482.83,1290047310.19,350038956.13,78312297.55,7572264725.86,571653292.32,558769150.92,2025-10-30
2037,002929,润建股份,289692409.86,-27.63,6547893483.18,-3.0141221312,5495971145.25,193614676.83,210580046.87,-7265639.14,6160708375.18,284963593.96,279713988.02,2025-10-30
2038,002927,泰永长征,53698554.37,-34.88,683791589.92,-15.6144441232,482092145.73,80754170.53,37722881.73,698817.3,643566610.71,59056439.61,59102597.95,2025-10-30
2039,002926,华西证券,254108003.53,-31.9,2231870089.79,-13.78,,,1657580391.4,,1939655979.04,292214110.75,283395959.99,2025-10-30
2040,002922,伊戈尔,209836351.43,27.21,3245677166.92,28.7783547573,2528169057.7,76392880.31,193455782.82,34726932.01,2993958840.4,254662453.81,253817079.96,2025-10-30
2041,002916,深南电路,1488055070.66,63.86,13049497746.78,37.9221807192,9668758119.76,217340725.26,488026695.38,72725272.34,11474635170.84,1601245733.42,1599718927.21,2025-10-30
2042,002905,金逸影视,-107960538.82,-225.28,826703003.41,-26.9416105541,701177496.44,128436788.96,69740059.4,104263038.55,1006247893.86,-94298904.54,-107202638.43,2025-10-30
2043,002897,意华股份,231694843.82,130.86,4742697892.89,34.1688914841,3834275197.89,103047070.48,239815709.41,59685391.91,4421424838.21,277854566.01,278273633.59,2025-10-30
2044,002895,川恒股份,672160819.11,36.75,3973469967.52,29.3614944163,2571318690.09,67478806.23,183702626.57,89262671.41,3097506778.98,851840569.49,843837014.77,2025-10-30
2045,002892,科力尔,70713822.9,66.79,1224030943.4,26.3730642538,990552169.1,28414617.01,59286607.58,801615.09,1144820277.08,69996555.27,70014764.22,2025-10-30
2046,002885,京泉华,42340132.88,-42.02,2097556116.41,5.2638167719,1837577262.47,31231949.19,74019800.53,7541599.61,2061517817.87,42809103.28,41814304.44,2025-10-30
2047,002878,元隆雅图,-33168797.83,-45.58,1789405791.07,-10.5412454422,1524620032.83,121921105.03,64133219.89,8677139.1,1811355995.04,-42381341.83,-42998397.83,2025-10-30
2048,002872,ST天圣,-36351799.82,55.57,402356773.4,-0.9933337697,221601767.96,113210444.01,90013850.25,6114677.43,461244061.8,-38694754.71,-38893405.63,2025-10-30
2049,002866,传艺科技,46091896.61,-30.74,1408618686.14,11.3361380081,1070846721.86,73194910.98,100641839.4,10113934.62,1362236083.54,-2398587.14,-6054075.06,2025-10-30
2050,002856,美芝股份,-60455832.87,-239.99,534299922.41,-15.8573069822,558217928.61,7801089.65,45630210.62,21983816.64,635228788.03,-64597613.51,-65956276.53,2025-10-30
2051,002853,皮阿诺,8226837.82,-86.65,669016355.54,-27.9395597843,511211192.07,82496646.46,45153812.08,-1257046.61,672926392.42,6391828.1,8640992.17,2025-10-30
2052,002851,麦格米特,411146992.19,-14.82,5903062602.25,21.0602313912,4398147849.67,251529021.88,168277853.49,47546837.45,5592651821.97,422084776.22,421203800.38,2025-10-30
2053,002843,泰嘉股份,66022778.14,-35.67,1316206232.99,-6.6249212357,1097013441.38,30723783.49,69277747.73,4358494.64,1275533421.19,48811301.1,48512624.61,2025-10-30
2054,002842,翔鹭钨业,-32429111.02,19.93,1303221965.5,-4.6095016496,1225460673.32,5612882.73,41959957.67,36201773.89,1361399467.19,-32377798.34,-32769098.38,2025-10-30
2055,002833,弘亚数控,455392267.43,-4.83,2165508080.11,5.7783251424,1463973952.02,29593390.01,90323005.65,-4753718.63,1688811842.15,523768016.92,527809249.61,2025-10-30
2056,002812,恩捷股份,443499563.79,-79.41,7464675528.2,-17.9111298266,5899736708.18,60895859.32,415297748.63,183663441.1,7161028694.39,477634089.54,481084109.56,2025-10-30
2057,002805,丰元股份,-129409727.41,13.644808808579,979481093.59,-57.7933440469,1087308916.32,2610446.23,26802105.13,53047173.66,1192354733.56,-200551961.38,-200240825.29,2025-10-30
2058,002801,微光股份,232143668.8,6.33,1018612074.75,6.7525465911,687674642.11,13405615.91,18544335.89,-4461811.44,760015183.49,267077523.99,267391973.58,2025-10-30
2059,002798,帝欧水华,-140717970.87,-115.89,2047107472.39,-25.4028603679,1608356657.94,206742811.93,144132934.71,109443163.89,2198241895.15,-146217175.53,-145544118.78,2025-10-30
2060,002795,永和智控,-76195160.55,-131.51,627087985.25,-15.2830374542,514453602.0,42730962.97,93770053.43,11520502.35,688577931.73,-77204095.04,-79039840.04,2025-10-30
2061,002792,通宇通讯,51491190.29,-9.49,843078351.05,-1.7932398693,629036676.98,56760342.74,58648427.36,-12761866.88,817033844.76,54135734.66,53108760.12,2025-10-30
2062,002765,蓝黛科技,103619357.91,66.83,2614928235.34,25.8641101668,2265892329.67,42742437.94,76325439.05,16683058.17,2513042614.47,108574539.59,107527680.44,2025-10-30
2063,002763,汇洁股份,122821418.21,-41.82,2172655836.05,0.7419803483,682949130.29,1043010086.57,123511693.52,-2613204.17,1926416915.71,200657468.05,201700840.83,2025-10-30
2064,002757,南兴股份,207213657.17,-12.04,2575517971.12,-3.908514171,2061411087.57,45951219.12,98727488.26,18795988.95,2347667872.53,242652824.64,240921569.09,2025-10-30
2065,002756,永兴材料,970903755.43,-68.19,6230880788.85,-35.7903362935,5086749152.14,18348265.44,107335336.68,-160519456.11,5318278984.15,1186274235.07,1174184155.7,2025-10-30
2066,002735,王子新材,12882993.4,-25.84,1312299541.81,9.4220301999,1087616398.58,55871939.49,107832195.16,6115853.47,1299299179.45,18095194.06,16150483.79,2025-10-30
2067,002729,好利科技,34098572.69,95.49,275725284.81,42.5605545722,184519038.67,8284455.22,26771734.58,-284110.07,238727056.47,37448297.86,37299718.66,2025-10-30
2068,002725,跃岭股份,-6370864.49,81.25,508903918.66,3.9006497223,459205230.84,5065846.69,31076240.11,-4187633.77,513428622.04,-8161138.15,-9488678.27,2025-10-30
2069,002702,海欣食品,-23899342.77,-750.84,1141355496.57,0.6747037311,938446902.4,120463757.88,75042715.8,6571763.61,1162593911.63,-16938062.12,-15432540.13,2025-10-30
2070,002698,博实股份,456225297.69,4.98,2164678881.7,9.2023295354,1418363647.78,103269517.37,70405753.18,6380621.41,1696584007.99,547204322.37,544989142.63,2025-10-30
2071,002693,*ST双成,-37837689.22,-2234.84,126959513.71,-30.3372666007,50847128.4,40067089.1,68624361.46,6583565.97,180496024.5,-51330965.44,-51363813.55,2025-10-30
2072,002688,金河生物,113761436.1,10.38,1657273697.64,5.5692257267,1105938899.22,99721319.65,197806033.33,58353590.0,1530578504.1,125342913.0,124210778.64,2025-10-30
2073,002687,乔治白,52884143.43,-57.49,784897417.12,-18.5687080727,403075085.41,199917242.69,65600290.34,-5378029.31,729826868.8,53084306.73,54907448.32,2025-10-30
2074,002685,华东重机,33833610.96,141.63,931006931.93,80.3911278493,866898405.16,32061843.15,96292885.12,8733829.02,1036280826.36,9723495.31,9606486.1,2025-10-30
2075,002672,东江环保,-354282204.17,0.74,2467281865.53,-17.3913124011,2309399671.27,59760788.01,286079869.72,142358109.19,2929144921.08,-428070084.04,-428122231.62,2025-10-30
2076,002671,龙泉股份,79434771.82,2603.01,772586485.22,12.9094510643,535581578.91,31237916.7,87790933.82,14518770.85,693237940.91,80048794.99,80855690.38,2025-10-30
2077,002668,TCL智家,825155865.96,29.56,13945388188.87,22.9503064485,10715138719.47,477363303.69,502705248.12,-48304922.81,12201817516.16,1772179529.07,1765525005.22,2025-10-30
2078,002663,普邦股份,-22389539.28,22.69,1298156485.95,0.1415254495,1199511524.69,1288540.38,45418199.06,-5508827.55,1283391593.11,-18614139.71,-20663049.33,2025-10-30
2079,002662,峰璟股份,322125468.46,-7.41,2374747034.79,-9.4225996324,1671142799.2,84700259.69,101704477.73,5075854.65,2043939886.74,375131320.0,369261653.41,2025-10-30
2080,002656,*ST摩登,-13064654.66,76.31,159359167.69,-25.8160388763,53988028.72,113850751.24,44376442.08,87702.88,216036309.89,-11468487.86,-13280407.79,2025-10-30
2081,002651,利君股份,121077659.25,-47.36,549988023.61,-36.7777908063,336580528.02,35949545.52,52428332.06,-29614565.05,427777493.93,140613392.0,140411528.93,2025-10-30
2082,002647,*ST仁东,-142816695.3,-10.28,933497629.39,-30.2019465854,723142334.22,32453184.56,95389058.56,118371694.46,1003761411.48,-103154715.2,-134197103.78,2025-10-30
2083,002645,华宏科技,2725448.15,101.78,4047060465.86,-24.5710104932,3802449723.83,35828238.94,144395213.14,36995334.49,4169656576.17,30159296.57,28053013.88,2025-10-30
2084,002643,万润股份,295946885.33,-48.57,2762593286.27,-13.0055204149,1655226990.7,92712372.62,268449636.33,5776504.54,2370044994.76,415286458.61,431415625.26,2025-10-30
2085,002642,荣联科技,10476953.74,127.02,1373373777.92,-18.9466048995,1206747141.12,54507385.25,48550299.55,3145301.41,1370831716.01,10107741.83,10059568.35,2025-10-30
2086,002631,德尔未来,1258618.31,-55.2,1128850710.49,-5.9825355425,893211998.03,115264567.93,67085311.34,45746373.62,1162341313.74,640944.47,-2216372.87,2025-10-30
2087,002614,奥佳华,51005484.55,-46.37,3434508144.34,-8.4539940161,2187198555.58,741155364.11,284758065.2,22190473.77,3434380478.84,54172527.33,59748004.86,2025-10-30
2088,002612,朗姿股份,211738000.05,-4.87,4289215316.37,1.4477923916,1765197783.77,1714293577.6,370941139.86,73761418.4,4021023191.76,313470438.07,308158454.93,2025-10-30
2089,002600,领益智造,1410297093.19,-24.85,31521690619.22,27.7465004583,26518911232.12,240678989.2,949643140.95,273734295.88,29542140610.84,1719652027.09,1713018353.26,2025-10-30
2090,002598,山东章鼓,101763902.93,0.86,1518614319.97,7.7459163564,1046472926.47,142328485.18,139160850.84,7535832.34,1431582436.09,119267994.25,119076425.12,2025-10-30
2091,002596,海南瑞泽,-87025589.35,16.32,1036229976.87,-15.4062553547,842073744.78,40179576.33,104316670.57,62382103.9,1091169704.45,-56115064.08,-65913570.13,2025-10-30
2092,002589,瑞康医药,32843386.7,101.9,6056194532.51,-0.8004504117,5265530452.49,275357168.85,294987184.78,129423005.24,6005564584.11,45492047.91,39268905.12,2025-10-30
2093,002583,海能达,251484830.9,70.49,4173811005.81,15.9747600949,2117086629.8,533186275.17,509554819.68,85790192.13,4004683704.97,256765436.89,247030809.63,2025-10-30
2094,002574,明牌珠宝,7652819.73,-93.06,3511280885.12,9.0176335361,3209546435.71,210695344.83,86100098.4,10646575.24,3570418192.52,-1858902.23,26669881.17,2025-10-30
2095,002561,徐家汇,-1962860.62,-104.76,330130431.99,-17.6431124154,147654926.81,55296862.89,101211213.29,-8116720.43,317326324.65,14089022.48,14792078.52,2025-10-30
2096,002556,辉隆股份,183358064.15,38.76,12546649096.07,-7.5367325255,11810574195.19,164158421.94,242305312.43,67801588.58,12425471573.53,217770708.07,208539018.82,2025-10-30
2097,002553,南方精工,46409115.1,635.79,559161242.25,14.2804887498,370751386.0,14640288.75,36642878.72,-3127045.58,465364973.12,40905095.86,39998234.31,2025-10-30
2098,002550,千红制药,309585156.72,56.47,1207602942.05,-17.6226952051,555283016.54,237447737.71,85931181.56,-1263366.71,957440753.08,346971607.7,347699590.56,2025-10-30
2099,002549,凯美特气,-33282400.76,-117.83,428686589.52,2.4430334896,315334856.1,31876307.4,116653259.77,-1797205.15,491620248.53,-40291299.19,-40768870.45,2025-10-30
2100,002548,金新农,27870612.67,109.04,3436646024.02,8.0260349882,3062706457.89,47184799.31,134110358.85,117163220.34,3406571317.12,18731601.7,20740184.85,2025-10-30
2101,002547,春兴精工,-176737038.64,-341.01,1597601272.52,-12.493395966,1474934668.5,22770384.82,159262414.78,60212552.51,1816600560.92,-219531507.49,-213899839.7,2025-10-30
2102,002545,东方铁塔,466321496.3,-8.24,3110955218.72,15.1037131646,2168407767.47,31966894.8,102606362.22,24309366.91,2621731887.97,542941459.84,538785693.45,2025-10-30
2103,002529,*ST海源,-41967774.36,30.8,122789385.08,-51.744472111,128472859.06,6410590.88,35410777.62,8698376.91,191830092.0,-41195414.77,-42007808.96,2025-10-30
2104,002522,浙江众成,44588624.64,-49.37,1246777667.56,-4.1022648247,1058786441.8,28272607.26,69861706.8,5641879.23,1223963826.62,11586190.95,11805299.28,2025-10-30
2105,002517,恺英网络,1280045060.92,18.27,3927588266.4,29.6458756972,698607304.8,1379571960.61,139965703.3,-40192638.87,2590303050.14,1327136975.58,1326784697.41,2025-10-30
2106,002508,老板电器,1202179949.11,-12.44,7395769773.08,-6.7758494595,3665988049.74,1942660453.45,341872251.66,-135909555.02,6146967386.74,1410227513.57,1403313319.73,2025-10-30
2107,002501,利源股份,-116594365.64,-0.28,237292247.75,-36.5128255566,283141333.37,753896.82,30024335.34,5614300.54,336539365.22,-112010873.89,-116724832.43,2025-10-30
2108,002500,山西证券,532862887.0,57.83,2166183280.0,-12.46,,,1358351793.0,,1506460052.0,659723228.0,656898956.0,2025-10-30
2109,002497,雅化集团,154613084.98,-80.85,5924444859.71,-37.448615035,4968645037.15,60845411.86,401941561.26,9558392.38,5541515796.93,130907443.48,133175642.06,2025-10-30
2110,002493,荣盛石化,876677020.82,714.73,245196312192.22,2.5722943988,215370264931.91,138759022.6,792128845.68,5386960381.48,244885600066.2,2144442105.63,2102253841.2,2025-10-30
2111,002492,恒基达鑫,55699523.88,-35.58,263919588.66,-10.4396589482,138028547.87,,36543599.99,5249038.47,194193283.61,65329488.34,62022012.28,2025-10-30
2112,002491,通鼎互联,8115898.95,-96.06,2170340015.07,-15.3528712588,1741691802.95,77600543.36,119651624.28,68631880.33,2103636719.67,31034833.61,17672506.25,2025-10-30
2113,002483,润邦股份,254838620.69,17.26,5148664051.6,3.6782486933,4154388141.7,78651875.98,283022802.31,3522924.95,4696193744.0,491357425.9,504069290.33,2025-10-30
2114,002466,天齐锂业,-5701413364.59,-170.4,10064738520.01,-69.8653000802,5130132634.88,12089490.8,440164875.88,77870816.03,5726360631.68,3030366687.09,3003525743.85,2025-10-30
2115,002465,海格通信,184920621.26,-48.43,3766585820.78,-6.6574248744,2637641982.71,122445755.98,235659152.92,-22158366.33,3700349042.97,164846404.29,163904196.73,2025-10-30
2116,002456,欧菲光,47119161.5,115.74,14471547960.02,33.7576338092,12808552038.42,96486448.41,534870785.67,267590929.02,14541347793.82,103521090.8,106921182.83,2025-10-30
2117,002453,华软科技,-92439915.67,-164.21,427724957.95,7.4097934033,389101835.0,14398637.2,76862972.43,-398533.33,501095783.66,-94071615.98,-95920347.03,2025-10-30
2118,002446,盛路通信,66463710.49,-59.34,833424481.23,-14.4848018905,554290558.12,32980583.01,85585723.65,2389631.03,767254943.87,66911281.4,66832369.88,2025-10-30
2119,002431,棕榈股份,-586648687.36,-108.52,2372152276.59,-32.4223357614,2215026028.7,4746281.63,100073355.99,324988756.52,2772210083.27,-590249469.99,-591673847.02,2025-10-30
2120,002425,凯撒文化,-95667356.81,26.76,326760695.2,21.6399232287,310475809.86,10323410.26,60259555.33,4324309.13,404852010.84,-113379965.94,-113050364.3,2025-10-30
2121,002421,达实智能,47987911.61,-54.83,2146036825.96,-21.3341454481,1556907824.72,239980734.97,152393764.17,48302500.6,2086166399.08,59617455.07,54840438.14,2025-10-30
2122,002413,雷科防务,-134454944.57,-251.89,696536337.84,-15.6619012772,435652739.89,37925216.58,140518386.04,5588692.56,773442410.85,-128533435.91,-130268984.28,2025-10-30
2123,002408,齐翔腾达,196484303.7,3.65,18352630247.47,-9.298651163,17164850892.52,70986899.11,244415360.8,105230342.01,18195994774.86,239455442.18,249782770.83,2025-10-30
2124,002401,中远海科,141962033.3,-23.34,1246210146.24,-7.08962893,987385820.27,11143421.64,61350167.12,-22125389.89,1102478753.2,159334420.97,159193686.73,2025-10-30
2125,002400,省广集团,91227083.69,4.14,13844988394.76,32.3041731194,13013670088.28,344689951.32,156791951.24,48404550.16,13782465010.85,96010025.29,106094896.61,2025-10-30
2126,002379,宏桥控股,-51133035.27,37.01,2558953080.54,27.4793577998,2505679977.26,7283501.78,29860685.56,1909835.34,2595354412.97,-48070049.8,-47317499.04,2025-10-30
2127,002377,国创高新,-46175567.49,50.46,432186092.19,-40.1043444213,398376073.27,7122440.12,25259252.91,11527036.29,462553769.37,-51466720.81,-51690063.41,2025-10-30
2128,002369,卓翼科技,-124029512.0,28.87,1233293539.89,14.3641909734,1220519584.37,11616785.84,98512831.54,30683813.7,1405506407.01,-138063336.14,-139866061.83,2025-10-30
2129,002368,太极股份,-28277192.44,-121.42,4337615808.01,-16.9215889805,3082077651.66,234735987.3,922761727.14,35676216.0,4396908903.75,-32314385.58,-32997404.9,2025-10-30
2130,002365,永安药业,61855243.42,33.23,618715718.75,-22.9320758793,471873467.46,11887942.78,68779872.24,-6666286.89,583875551.55,69149902.3,68624678.32,2025-10-30
2131,002362,汉王科技,-75013777.28,16.51,1146562791.45,17.8731691487,662312386.72,316294248.57,83794901.34,-8189286.57,1244114718.12,-83245719.57,-84066880.35,2025-10-30
2132,002357,富临运业,89883460.21,-43.32,646445207.98,-0.1315218531,520655269.92,2921986.09,106590320.9,22225047.84,660241374.78,101960205.26,104374935.56,2025-10-30
2133,002349,精华制药,164234071.15,-15.93,1045172312.93,-6.6526385923,523962973.54,183281978.47,86850764.65,-30828496.71,825883624.7,228936720.35,225209408.05,2025-10-30
2134,002314,南山控股,-348491388.42,-1829.76,4135448336.95,-55.924851951,3181045596.01,165861716.69,374747381.37,558707641.31,4533591353.05,-202054325.98,-198751268.98,2025-10-30
2135,002305,*ST南置,-234594174.68,76.74,1857226754.64,201.6182345526,2083042825.99,110911020.09,69115628.92,371631427.55,2626013283.63,-264811956.33,-268557163.08,2025-10-30
2136,002296,辉煌科技,134396738.55,21.24,474426161.15,5.8283775717,217803283.11,22264940.75,55601670.28,-3576918.68,361336926.85,151035996.27,151013090.66,2025-10-30
2137,002291,遥望科技,-408293654.97,9.19,3998539766.34,16.1011301641,3705137296.29,161124846.82,434574520.04,43120896.66,4423807432.02,-454279821.51,-451729074.88,2025-10-30
2138,002275,桂林三金,383875851.7,-3.28,1574787639.33,-3.4919504011,396200473.75,501431636.27,109373644.0,-4690856.84,1140824909.86,464985963.34,464986923.29,2025-10-30
2139,002267,陕天然气,622839019.66,70.63,6431770452.13,20.4399239068,5380241998.85,29718908.21,168974477.04,55930245.51,5690820387.76,753152346.01,749118316.57,2025-10-30
2140,002266,浙富控股,775687699.4,-21.37,15257618525.78,6.9710225759,13483687017.22,20315477.95,384097197.27,64875878.95,14746712544.75,739446929.5,734364038.31,2025-10-30
2141,002229,鸿博股份,-62022891.75,-92.07,390902244.84,-15.2307154526,358492478.44,18025744.29,68939580.98,17324255.62,488334967.25,-73590753.7,-73965411.51,2025-10-30
2142,002228,合兴包装,144422469.47,20.52,8588195247.26,-8.408626343,7544684229.0,255379804.68,350050567.36,41079745.29,8450144655.7,140827998.72,137058796.15,2025-10-30
2143,002224,三力士,50979140.79,-32.86,586710979.32,-2.13893836,453560439.92,16717517.39,59681840.52,-20796488.0,540445200.14,62069961.33,61461902.42,2025-10-30
2144,002214,*ST大立,-258739721.43,-57.38,103837467.18,-42.1778126493,68057606.27,39034423.34,54909516.84,6638263.38,295660398.01,-282259689.49,-282438686.73,2025-10-30
2145,002212,天融信,-169276529.56,31.83,1582453003.92,-3.9821466638,570304331.38,666156783.83,162177735.88,-3033784.75,1946827917.45,-297643347.67,-297912043.81,2025-10-30
2146,002199,*ST东晶,-44540056.66,-1.92,164038143.62,30.3217515673,151808148.76,2921210.81,22076017.46,2934284.03,188141349.6,-44630816.19,-44540056.66,2025-10-30
2147,002197,证通电子,-56815211.8,-335.08,800374400.82,-23.8969302382,596895638.28,41255997.01,88960515.83,49023243.3,845234287.15,-42670338.11,-42055472.51,2025-10-30
2148,002193,如意集团,-72550258.06,-15.22,347444006.54,12.5897217767,287233895.56,24718332.99,43481006.73,20292468.28,410109191.47,-74926160.48,-76855617.89,2025-10-30
2149,002191,劲嘉股份,237368195.09,-33.26,2188235827.74,-25.9476334176,1638657664.44,53557333.49,176210485.31,702997.42,2003017462.81,335203787.54,289339388.26,2025-10-30
2150,002183,怡亚通,61269821.0,-47.12,58441060036.0,-14.4135388358,55992704544.0,635766596.0,954565288.0,819919523.0,58490488108.0,34294737.0,34055441.0,2025-10-30
2151,002179,中航光电,2513059914.54,-13.15,14094996310.89,-8.230144978,8941719277.87,289316971.67,795665551.75,-65429394.59,11282668367.12,2885478720.79,2919554670.85,2025-10-30
2152,002178,延华智能,-8762975.78,-205.25,404097589.22,-12.2570477017,311466191.64,16341530.68,59017598.47,2815111.73,418191257.01,-12370878.68,-12412910.68,2025-10-30
2153,002170,芭田股份,204358134.42,6.88,2433611569.49,-3.2328243804,1887478452.11,68387584.98,114952286.7,57043219.73,2178747653.37,255773597.91,251668207.2,2025-10-30
2154,002164,宁波东力,42722646.39,40.75,1083700090.31,-1.954142725,875193741.99,47281463.9,48879541.07,7224091.93,1051374433.28,41652846.13,40881044.55,2025-10-30
2155,002144,宏达高科,65534652.49,-7.24,441007035.99,14.8082766371,308688075.53,11583272.45,34811278.0,-4530694.73,377736366.55,73011117.71,73438851.96,2025-10-30
2156,002141,贤丰控股,1597323.95,104.83,45551575.77,-32.7182066497,25060332.79,11205849.38,30430792.38,-3567578.54,73332481.83,-7126954.79,-6916145.65,2025-10-30
2157,002134,天津普林,30938204.42,34.7,829432850.49,88.1318736346,686509456.92,16628334.99,51894228.79,7201089.28,791326869.97,43037671.06,43569580.68,2025-10-30
2158,002130,沃尔核材,655095590.28,36.45,4820498413.48,20.13358549,3237255062.94,268948713.7,211606693.12,36063664.2,4049224070.8,811976792.83,812344415.03,2025-10-30
2159,002106,莱宝高科,309016875.88,2.01,4414039804.49,4.4517507721,3703103528.08,31867571.72,190482689.14,-68433513.34,4069029547.98,346169125.06,346289717.34,2025-10-30
2160,002104,恒宝股份,91401519.08,-33.81,682289828.39,-28.491200828,448864054.03,35441404.92,47272002.87,1573131.13,611736585.81,94213171.19,93852938.55,2025-10-30
2161,002103,广博股份,105365284.84,-11.41,1758024349.55,-1.4476706144,1441638063.35,120855439.31,60303339.6,7584864.3,1652238445.89,111126785.98,111811559.64,2025-10-30
2162,002101,广东鸿图,267037647.69,-13.5,5604378538.93,6.9904849468,4737476593.3,141279920.0,230736359.77,-18115203.4,5407263437.98,265044232.29,268525360.59,2025-10-30
2163,002100,天康生物,565624390.53,212.14,13087153128.58,-11.0080457585,11518612004.77,353352827.23,345479562.81,117201764.27,12617293868.82,587400584.34,571988017.46,2025-10-30
2164,002084,海鸥住工,-4528707.08,-154.72,2155181147.26,-0.1124423735,1820613818.71,101644692.23,131759171.86,9589046.3,2145870419.67,2215969.46,-1146646.82,2025-10-30
2165,002082,万邦德,45706002.85,756.36,1074491139.98,5.5586120565,638499206.0,240834817.99,120498178.82,24444119.02,1077232284.96,40409653.41,35433677.52,2025-10-30
2166,002081,金螳螂,468022180.67,-45.01,14620846869.17,-11.2431344855,12729917494.38,236299112.73,434688010.63,41000347.8,13891731142.08,524779104.36,523861655.89,2025-10-30
2167,002079,苏州固锝,39395432.12,-51.23,4391660924.47,55.6061892018,3928947781.65,71106809.13,85198372.83,34111353.67,4295160764.27,31209758.73,32303854.02,2025-10-30
2168,002075,沙钢股份,105382344.92,-43.15,10807018442.46,-6.2946627893,10303943188.58,28196458.77,196671812.86,-6237348.16,10942483311.16,120861726.23,128660465.21,2025-10-30
2169,002069,獐子岛,-24752106.47,-199.75,1166454995.89,-8.9583595545,1008681484.78,56036995.62,56245676.85,47774496.57,1191693725.45,-22590856.81,-20957593.08,2025-10-30
2170,002062,宏润建设,249632980.21,-6.78,4282056041.72,-5.5336371639,3513780116.13,19726232.71,94726545.12,30600488.01,3872248912.47,434951775.76,434878339.27,2025-10-30
2171,002061,浙江交科,838945170.87,10.63,30652853587.02,3.1555589591,28155648382.14,12210847.84,455635786.16,84781665.93,29563384745.49,1165508414.91,1168783288.52,2025-10-30
2172,002058,*ST威尔,-1285633.78,-1.25,552316623.93,16.4789480188,419345902.59,22769580.18,44560921.87,8069011.13,526072013.41,29714922.8,30097376.31,2025-10-30
2173,002055,ST得润,-125758366.67,-1643.39,3875031108.86,-23.0742181561,3278491210.89,87803122.53,452517954.07,102609830.81,4125364185.64,-209339303.64,-225524020.23,2025-10-30
2174,002051,中工国际,323401814.66,-7.32,8610497789.96,0.3662877673,7133693582.92,189521889.16,358936927.23,128402560.17,8198066930.2,452299317.09,453264179.29,2025-10-30
2175,002042,华孚时尚,47776827.98,-43.75,9327003257.67,-15.6143975349,8853193137.53,76375802.39,245157235.73,126405952.43,9440210676.82,54513731.18,57132938.84,2025-10-30
2176,002037,保利联合,-58047653.95,-177.59,4217524291.52,-15.4284977011,3392811915.97,85340190.61,473522613.76,212096480.58,4302072208.72,-54533291.13,-51585795.21,2025-10-30
2177,002034,旺能环境,512287667.12,-0.67,2429125509.05,1.1874335434,1481508228.06,3276461.27,160721445.52,174989417.02,1950469244.04,594232903.66,585512972.4,2025-10-30
2178,002029,七匹狼,235611251.57,16.76,2193801245.75,-7.730066271,1054608077.19,737407178.39,183525529.61,-88845155.28,1944329617.89,291037100.03,290900297.79,2025-10-30
2179,002027,分众传媒,3968063820.02,10.16,9261434593.06,6.757233606,3128553241.06,1729495340.03,357599055.57,-18205328.1,5424375741.04,4618490594.37,4618813858.48,2025-10-30
2180,002025,航天电器,411783972.15,-30.84,3994746942.63,-23.2209525991,2250875474.82,119712907.6,432688879.06,-8161088.2,3334349820.98,499529520.55,500829888.17,2025-10-30
2181,002022,科华生物,-122140657.33,-512.11,1350223553.61,-29.0931845886,809534413.84,264541013.78,226338098.92,19536586.2,1476366060.65,-107539813.63,-110366593.71,2025-10-30
2182,002021,中捷资源,19007303.66,281.63,681098683.62,21.941536896,565447015.59,32962021.74,39229732.67,-2915826.41,665280921.4,17349800.14,18907566.45,2025-10-30
2183,002020,京新药业,575012790.33,21.66,3208743897.71,9.6804937754,1568830620.06,587603792.33,194483465.65,-46571874.28,2608110283.39,671815265.63,676464298.28,2025-10-30
2184,002012,凯恩股份,18305162.82,-72.16,426823439.28,-36.1544310655,350220219.02,9144563.81,39657416.41,-12155501.36,412106774.95,33951387.25,34104838.26,2025-10-30
2185,002007,华兰生物,923656831.05,-13.46,3490648261.92,-10.7928867107,1334425541.24,615728437.86,249830845.9,-9043676.34,2431324369.49,1221897862.21,1198760719.63,2025-10-30
2186,001914,招商积余,619863418.06,4.19,12160076470.35,12.0134335598,10785149712.15,55401205.51,344683222.74,21321963.54,11334329745.39,829270438.24,833891283.05,2025-10-30
2187,001386,马可波罗,1137161185.76,-6.657826895086,5498404185.59,-16.6523125215,3410997586.68,300757217.89,238879948.04,-21801157.91,4211084742.44,1315695870.02,1320536849.28,2025-10-30
2188,001366,播恩集团,-14545154.08,-142.62,726552636.05,-34.3883521253,624565723.44,60271067.95,40458443.73,-2298544.37,740502568.32,-14375455.69,-14499341.02,2025-10-30
2189,001326,联域股份,94050449.78,-29.6,1143597709.22,9.6778573275,885115370.82,36322382.49,56167480.75,-9857455.57,1036124852.89,104909532.7,104889374.26,2025-10-30
2190,001323,慕思股份,522318887.83,0.76,3877844209.31,1.9014595522,1907719081.9,977270693.42,255733658.08,-23888528.11,3304121982.03,619063308.09,618763651.19,2025-10-30
2191,001313,粤海饲料,-67408711.61,-343.74,4454072098.71,-16.2414864116,3960188396.43,123166501.47,129882472.9,27837391.39,4298993187.46,-118853521.44,-119133409.99,2025-10-30
2192,001298,好上好,30310826.66,-46.96,5353699648.44,22.2709529401,5119239620.17,59513798.18,58612624.08,51701763.23,5315693594.56,35026911.65,34977248.49,2025-10-30
2193,001289,龙源电力,5561692740.48,-10.61,26866893142.95,-6.3940690256,17377228702.95,0.0,319395746.59,2558742219.42,20606383168.46,7637458444.3,7747715238.51,2025-10-30
2194,001287,中电港,148836340.94,33.45,37960276665.92,57.6480880762,36877584934.98,169060361.98,96054552.5,498252454.67,37720188018.44,184670169.98,185049770.47,2025-10-30
2195,001283,豪鹏科技,77535927.21,36.97,3783821088.79,25.8676337681,3040863154.64,96018674.23,240936424.19,55698164.23,3697755369.91,61355166.87,59597701.75,2025-10-30
2196,001259,利仁科技,10098365.74,-39.49,262368619.16,-16.9807434768,184683066.34,51729070.53,18368250.72,-6432560.29,259098190.38,6752829.31,7026469.87,2025-10-30
2197,001222,源飞宠物,119739621.47,14.76,930791107.43,27.287628843,720796507.24,27255634.05,29835070.56,-18222139.9,776281108.08,149836767.39,153068499.06,2025-10-30
2198,000998,隆平高科,-475413341.37,17.82,2880917210.7,-14.4597442501,2067272167.03,492651966.99,651396066.78,609336779.73,4291919554.1,-1162814498.5,-1161401439.22,2025-10-30
2199,000989,九芝堂,240304428.87,-16.77,2063533614.86,-12.939587008,845488738.06,728571295.21,150278857.76,-2714790.48,1850492088.11,286689907.5,287900671.89,2025-10-30
2200,000985,大庆华科,31129728.31,336.63,1505292752.07,4.4069851491,1388960015.59,2058139.72,58093682.26,-4797132.53,1452443688.69,41325895.28,41506304.41,2025-10-30
2201,000983,山西焦煤,2845853393.01,-49.52,33092937607.05,-18.6836503594,22523586245.36,311859747.38,2768401910.29,441228649.37,28742397735.74,4653712569.86,4716434443.32,2025-10-30
2202,000978,桂林旅游,6803067.15,-66.25,342111473.18,-6.666636542,235860516.09,14448974.06,78328296.18,25117130.97,360771769.0,10181255.38,9240182.91,2025-10-30
2203,000973,佛塑科技,83231779.75,-57.25,1636408131.74,-14.6129647127,1246259776.89,23751015.53,138234796.3,6617358.4,1519851983.23,118187434.12,115682815.08,2025-10-30
2204,000969,安泰科技,340034826.71,74.06,5853435381.18,-3.163977246,4806491937.25,98738195.36,296075647.69,-10985278.98,5606573793.43,438939202.88,404657156.28,2025-10-30
2205,000967,盈峰环境,603646409.33,0.05,9277585611.23,3.1942648405,7061350499.49,512465662.57,503750327.1,59262824.19,8413914517.98,718864337.83,686553926.82,2025-10-30
2206,000937,冀中能源,1214177142.76,-69.04,14725859395.73,-27.6581451401,9440280906.47,110571832.82,1129359654.64,454527112.45,12752383400.63,2092756224.2,2035227635.81,2025-10-30
2207,000931,中关村,51629040.03,24.78,1929843801.69,14.9568995029,812315533.82,690482743.17,184013982.89,41439216.82,1821036433.44,98472510.51,101956515.35,2025-10-30
2208,000928,中钢国际,640283143.32,30.36,12602509709.26,-26.5553117858,11040649287.41,36433660.6,426382387.72,-10345316.4,11733817205.54,856387517.32,864834235.66,2025-10-30
2209,000927,中国铁物,440468179.55,-17.55,29413201199.94,-14.3297669419,28000849092.99,400634831.14,498144251.03,2361652.24,29004198749.34,640913270.53,611476008.52,2025-10-30
2210,000925,众合科技,-87213425.07,-217.82,1099954746.8,-18.5708970786,769131220.72,37219218.97,162261445.39,54718458.03,1172534165.22,-90994923.28,-94757925.5,2025-10-30
2211,000911,广农糖业,-27310434.88,-289.55,2148299829.99,3.0416535936,1896644215.53,37002058.53,119307766.0,103009203.55,2179443386.31,-22266265.39,-24092462.1,2025-10-30
2212,000910,大亚圣象,134060330.29,-45.05,3772305510.95,-15.3883956878,2794280976.91,364401793.15,395602892.71,-6587722.51,3680169450.65,153550286.11,153702061.55,2025-10-30
2213,000903,ST云动,-324475511.41,12.91,4152655668.56,-3.6552015012,3912205918.98,87889797.02,145551513.2,132822821.42,4495556598.06,-321754264.11,-321741673.78,2025-10-30
2214,000900,现代投资,406213741.38,-3.33,6150191162.69,-4.1176474049,4265875624.36,22284491.91,318997182.19,701379706.46,5514661177.6,706291990.94,712168033.12,2025-10-30
2215,000893,亚钾国际,518198612.46,-47.89,2482559437.56,-14.1309243534,1263061419.4,22281702.06,341848513.41,21143618.27,1930900180.52,559270821.39,559478066.57,2025-10-30
2216,000887,中鼎股份,1051912288.58,20.1,14495242519.77,13.4736931173,11262292074.07,374694332.86,806734766.49,181717798.6,13392633042.87,1291837233.63,1296195059.09,2025-10-30
2217,000882,华联股份,29523284.59,-15.14,1094652466.05,8.62936668,492536388.02,315381568.9,76428965.1,183270266.41,1094708357.34,33500717.23,38435474.95,2025-10-30
2218,000860,顺鑫农业,382065200.74,230.72,7316762837.51,-16.9240434262,4663863325.27,687627558.19,564342832.19,4816396.83,6685682783.58,633406991.36,634013738.7,2025-10-30
2219,000856,冀东装备,11235428.54,-41.22,1901867941.04,-17.235062979,1753426751.33,24945450.48,73925004.01,3920481.58,1898695612.43,12898611.63,23394288.34,2025-10-30
2220,000831,中国稀土,-202998321.49,-165.14,1952829382.59,-45.0256037227,1735230831.63,2545186.59,54781917.41,-11158723.71,1884111432.24,-250456654.65,-250506885.46,2025-10-30
2221,000830,鲁西化工,1574782384.93,210.77,21578806533.06,20.2673901099,18150771554.98,39009943.79,419654329.27,116351569.67,19702176727.78,1941394684.56,1965206779.57,2025-10-30
2222,000828,东莞控股,726661035.98,-2.84,1313688680.97,-61.9538598553,418324549.07,,79181496.33,28196934.31,536682718.8,925759928.61,929494042.64,2025-10-30
2223,000818,航锦科技,40745547.81,-55.8,3241732255.1,25.236924172,2702856141.92,38735376.01,148707493.1,72590903.33,3169557229.39,116605404.65,119416932.2,2025-10-30
2224,000801,四川九洲,119832436.8,-15.1,2722174519.0,-3.7564585356,2113472429.09,55871891.76,151783421.23,-17005.79,2607364116.44,162100860.22,160326407.77,2025-10-30
2225,000797,中国武夷,46652982.2,233.21,4741794662.45,8.1947868804,3324926321.63,108509337.78,176273904.2,162198231.84,4261999812.45,466526295.95,454720809.08,2025-10-30
2226,000793,*ST华闻,-104853653.3,17.98,258335228.7,-41.0572591647,202206102.08,14404162.65,63648967.42,63483539.61,351348158.44,-96879792.99,-102356772.53,2025-10-30
2227,000790,华神科技,5737869.99,-72.79,663079213.63,-1.3943349326,345307215.65,203048791.93,65782059.77,12464982.36,646479554.39,22962461.01,21989705.65,2025-10-30
2228,000789,万年青,6978139.99,-97.74,4018003129.15,-32.8668522761,3430158379.8,76959855.22,358174234.53,30312272.15,4006179906.37,65269455.87,75848484.06,2025-10-30
2229,000782,恒申新材,-13407196.14,83.27,2415143525.95,19.0210115402,2316028240.36,23604882.66,61197880.13,4922542.07,2424775428.21,-13425487.15,-13333468.98,2025-10-30
2230,000768,中航西飞,943752097.27,17.43,28820759482.66,1.4354676228,26932770744.77,38189741.2,871133193.65,-92123214.09,28035883448.11,1083100421.86,1089361628.31,2025-10-30
2231,000767,晋控电力,-306129634.07,-155.06,11877216496.65,-21.3838510818,11110195535.1,,112076439.83,1154862080.63,12564930602.66,-461730333.12,-425001884.55,2025-10-30
2232,000723,美锦能源,-654832066.5,-261.26,14370087251.82,-3.1542389477,13718411223.98,117421181.43,672393956.32,293017559.02,15191611911.96,-914629786.96,-932674372.66,2025-10-30
2233,000722,湖南发展,61412937.09,36.24,259460411.34,5.6969977303,115941242.91,119716.9,32407344.37,-6388841.8,154957036.79,95411880.1,93733584.01,2025-10-30
2234,000719,中原传媒,508198290.08,-25.87,6698904972.56,1.0221966332,4235858086.65,917499808.18,756458745.25,-102740216.86,5888577600.75,753920198.21,754783778.04,2025-10-30
2235,000717,中南股份,-850786327.51,-711.19,23067272023.79,-22.4005692942,23378170658.85,82813587.74,156397998.51,100397689.06,24186883136.49,-1035321741.62,-1019489451.3,2025-10-30
2236,000716,黑芝麻,41752427.32,-5.26,1588115908.17,-17.3654975036,1222134975.12,132657675.74,91274854.94,43530940.2,1518580194.91,63672468.32,59444923.67,2025-10-30
2237,000703,恒逸石化,230910373.54,11.93,94814944848.74,-6.6129773853,90979495252.54,164435148.95,851026778.56,2393854119.36,95060845706.24,270782897.46,260361222.26,2025-10-30
2238,000676,智度股份,155254650.21,-4.83,2372061272.01,12.6878233963,1929442474.51,72721231.39,117528659.86,-26211886.94,2197250460.45,227630625.59,225867406.52,2025-10-30
2239,000663,永安林业,-39117556.58,-128.72,221175412.49,-47.5667104095,203858654.24,4632012.43,38034763.33,1832325.23,253957099.06,-37450265.47,-37957322.1,2025-10-30
2240,000632,三木集团,-91160777.52,-878.44,9432655566.18,-8.678815007,9061864519.58,45345597.78,72891417.06,151453533.01,9428721060.98,-35910938.81,-34709339.26,2025-10-30
2241,000631,顺发恒能,64179491.52,-81.1,445815863.84,-86.7413522557,313140449.65,13919257.05,53637610.8,-10388878.47,388404422.86,112176556.94,113869450.32,2025-10-30
2242,000601,韶能股份,196823883.28,201.34,3363302748.7,-0.9562174621,2671428740.07,29890556.44,145579685.24,194740181.81,3115297017.94,315798764.72,323380699.96,2025-10-30
2243,000591,太阳能,1290837382.56,-10.95,4773160180.42,-25.9293432674,2460859156.14,26770798.77,198699136.87,418327938.12,3278849688.0,1569645282.46,1579525939.22,2025-10-30
2244,000590,古汉医药,-28454466.79,-542.52,216231190.77,-21.264493984,116313531.97,48318651.88,63437965.33,1820295.72,245156662.17,-24972861.14,-25735752.62,2025-10-30
2245,000573,粤宏远A,-38761317.75,43.26,416825947.97,53.201299568,385876625.47,9301911.51,36775517.93,12403741.26,447718281.54,-33512888.85,-40334734.82,2025-10-30
2246,000570,苏常柴A,46357441.5,-70.45,1957966927.25,8.2302910859,1694864992.3,44848837.75,81859808.25,-9749152.97,1880745679.29,57949664.35,58981321.21,2025-10-30
2247,000567,海德股份,517243706.95,-32.74,855752295.69,-9.9075225492,9163299.52,,122861331.88,183950530.76,330122212.71,548138133.78,562539802.7,2025-10-30
2248,000566,海南海药,-295188939.35,-1102.58,804727228.88,-35.7581084768,524945670.96,204087357.24,129730553.1,121886995.22,1052560731.35,-305059177.96,-308662194.61,2025-10-30
2249,000560,我爱我家,8486614.06,112.49,8762299213.6,-3.4204796268,8117002580.67,403833098.8,792519545.64,518085474.61,9905477374.68,-3961706.64,12446374.27,2025-10-30
2250,000557,西部创业,224144048.04,13.9,994676102.97,-17.0379910362,719311765.82,53146.45,52637834.08,-41815490.12,735564497.56,269474308.04,268699919.47,2025-10-30
2251,000553,安道麦A,-1838112000.0,-76.32,21523293000.0,-12.7201856083,16748146000.0,3408333000.0,817172000.0,1220073000.0,22585557000.0,-1492552000.0,-1442604000.0,2025-10-30
2252,000551,创元科技,211635059.64,54.48,3356415470.26,4.8052033482,2576167479.35,58950093.73,203448496.54,-695428.58,3025307652.81,367086757.39,368613949.09,2025-10-30
2253,000545,金浦钛业,-54729700.83,46.37,1624394349.23,-4.0953826938,1535280692.93,5017894.74,62322603.61,10921908.82,1685398924.61,-63400149.72,-63690777.86,2025-10-30
2254,000544,中原环保,998071810.05,19.32,4087768545.43,-22.2330786448,2123822900.41,982421.12,183540012.54,566611827.23,2993674411.83,1094349673.3,1095044942.92,2025-10-30
2255,000541,佛山照明,250922255.79,5.12,6887273560.82,1.3280189915,5573521449.18,247090723.82,344152454.09,-30819141.97,6603913211.15,349795045.66,363910660.03,2025-10-30
2256,000533,顺钠股份,71290139.18,47.81,1697268175.62,11.1643429557,1329583787.14,68276397.05,75132446.21,2698201.89,1571685119.76,125571347.42,126812678.79,2025-10-30
2257,000516,国际医学,-212108983.83,4.59,3606256924.42,7.8535217056,3274876374.7,19025093.8,415587071.07,130194846.46,3892721588.98,-283406415.63,-283483908.67,2025-10-30
2258,000503,国新健康,-30946674.76,71.49,200175797.05,24.4005837515,193333505.34,42708861.39,71392383.75,1787821.4,310493245.6,-37251208.46,-32064188.55,2025-10-30
2259,000410,沈阳机床,-68625815.49,-71.76,2533328400.01,-8.1994099797,2247517624.88,82434187.45,206452121.08,15165731.97,2642771704.82,-55362541.95,-53188005.34,2025-10-30
2260,000333,美的集团,31699114000.0,14.37,320349787000.0,9.5663731161,235907649000.0,28885291000.0,10360728000.0,-2981829000.0,285208763000.0,38174024000.0,38398469000.0,2025-10-30
2261,000099,中信海直,194892486.07,0.26,1497180609.0,6.3006070951,1173974176.16,6929323.59,96879762.8,19023610.02,1301655985.68,256159855.87,255885257.01,2025-10-30
2262,000088,盐田港,1004182451.95,5.7,613151263.35,-9.5159004891,460306300.36,6250326.67,101456301.7,-56588385.86,520441366.29,1073222749.15,1073649520.42,2025-10-30
2263,000078,海王生物,46217326.63,-47.77,24552692705.95,-14.2725029075,22121950620.2,852773520.74,762836836.89,534935631.81,24375198874.25,266994449.54,268878074.77,2025-10-30
2264,000068,华控赛格,-73371720.7,-119.62,591821451.5,-11.392551756,564320575.15,4365351.46,67352870.73,10178092.96,656229851.26,-74570488.16,-74827125.1,2025-10-30
2265,000066,中国长城,-687639695.03,17.243102043673,9605795089.25,19.2720533142,8032362515.6,383679286.93,682052778.09,152721335.38,10157684971.87,-582839078.42,-622928861.69,2025-10-30
2266,000058,深赛格,38126457.05,-72.91,1243637571.71,-9.9764512778,932432209.66,16137455.29,64699911.77,21577436.57,1064996098.8,107555442.31,100350720.17,2025-10-30
2267,000021,深科技,661378001.23,48.12,10851685615.18,-1.0911725686,9050149606.38,106036593.6,458286253.29,-27767553.02,9915051130.86,952679155.65,968034413.01,2025-10-30
2268,000017,深中华A,7422137.22,46.86,279461877.0,-19.8106870405,260910746.04,2901679.12,6855646.01,9962.29,271579417.93,7934271.05,9814045.25,2025-10-30
2269,000016,深康佳A,-1606079930.28,-124.67,8119982481.56,-45.4180953498,7757457269.64,570994821.91,485465820.96,470596320.65,9691080755.04,-1859071332.37,-1861082103.87,2025-10-30
2270,000011,深物业A,3581016.97,-98.45,1317806652.07,-45.7095365002,1051029215.22,14719330.07,189973110.1,25895734.2,1303226108.88,-152401.51,-4493953.19,2025-10-30
2271,000006,深振业A,-523537572.78,-42612.8,4827628216.97,482.1413946969,4457907007.57,119253379.74,126303576.54,183334047.07,4939786151.13,-623998712.29,-623090790.89,2025-10-30
2272,688819,天能股份,1464180835.55,-14.45,32887588940.8,-6.2057403078,27821776348.98,402752333.11,797964918.49,-45536866.62,31681706968.56,1853018784.38,1879319364.51,2025-10-29
2273,688793,倍轻松,13099825.29,180.212696500429,836558695.18,-11.1639310071,307778723.48,435862803.87,46599570.75,2077215.75,843806966.94,13083348.42,13336063.39,2025-10-29
2274,688755,汉邦科技,44742386.81,,483460857.56,,274142353.04,51262164.26,44932766.38,-4089010.44,402284532.65,51575966.16,51807272.77,2025-10-29
2275,688695,中创股份,9705048.84,-4.96,98406956.46,30.0865893006,12057232.17,26878823.26,16715278.37,-119951.59,93023029.38,9483050.67,9462662.84,2025-10-29
2276,688690,纳微科技,42004258.25,7.75,549753972.67,21.854724086,159093724.52,114327400.65,74189359.86,2530588.36,483916410.38,46121451.81,45544911.89,2025-10-29
2277,688689,银河微电,44935406.01,-9.7,638093850.2,21.9005769398,466381103.02,21211640.26,35566717.13,25142126.29,592175389.51,47271663.34,46467334.15,2025-10-29
2278,688681,科汇股份,15494827.62,218.88,280619926.89,23.7159756672,166979873.4,45626819.35,27681669.93,289907.4,274860683.98,15357377.39,15611573.91,2025-10-29
2279,688669,聚石化学,-9390337.81,-120.95,3192286393.39,4.8258074801,2811498244.38,51945927.97,153080975.82,70473190.24,3228209934.3,-16691786.46,-16738301.07,2025-10-29
2280,688660,电气风电,-476614366.0,26.952998453113,3134871098.27,-47.0842698978,2599578271.09,148558200.98,325217649.54,108784290.59,3609552740.58,-495410825.17,-493858528.38,2025-10-29
2281,688657,浩辰软件,34690789.71,-17.95,197774840.2,1.7681953442,17189101.31,80061657.65,24926780.65,-10363858.14,176056134.45,32461184.4,32459683.24,2025-10-29
2282,688648,中邮科技,-69018905.66,-432.42,594035004.3,-49.3477273446,522260553.92,31343671.24,56716987.95,-8631556.0,666888292.43,-75263225.56,-73127685.37,2025-10-29
2283,688638,誉辰智能,-68403781.82,-267.27,433691651.35,-47.257968955,393560713.35,20628607.43,35577971.05,2154311.39,494270809.52,-83994263.53,-84029983.6,2025-10-29
2284,688627,精智达,51380439.56,-6.33,566198668.65,52.4830946632,357023170.79,46294123.34,28532283.47,-7815651.37,504011172.24,57110413.63,57928194.66,2025-10-29
2285,688609,九联科技,-105151531.78,12.845245301691,1878642322.74,19.4237733444,1664242925.82,90900566.17,67684690.11,28228300.71,1988971554.1,-133446736.29,-133505477.68,2025-10-29
2286,688582,芯动联科,138084639.17,42.39,271457683.25,41.209136798,43507945.56,8483043.15,24150314.5,-9230239.2,152075098.32,138084639.17,138084639.17,2025-10-29
2287,688578,艾力斯,1062948077.37,158.99,2533480109.53,87.971271399,106331871.5,988196627.17,109196520.24,-44354403.35,1403792735.21,1199967381.06,1191075801.98,2025-10-29
2288,688577,浙海德曼,17334917.14,-27.47,544063882.95,16.9184704382,409883556.86,45951701.17,35961246.38,3775726.97,536692640.81,17395699.8,20247787.78,2025-10-29
2289,688573,信宇人,-76185844.62,-3513.09096768715,189960863.12,-49.702082375,146615937.06,33159429.11,29093602.74,4714260.0,270735841.88,-90910133.88,-90769352.37,2025-10-29
2290,688536,思瑞浦,-98726181.57,-705.52,848218640.64,4.3070714279,428648919.74,82702572.05,80432968.98,-9460086.9,978532037.55,-96654761.75,-97074848.69,2025-10-29
2291,688531,日联科技,105031802.93,30.09,511821080.91,20.031025677,280419004.49,66725351.08,45498264.25,-10859756.21,445740861.34,118117155.88,117273423.62,2025-10-29
2292,688516,奥特维,1154119222.41,36.91,6938698431.44,63.2732038492,4642529509.1,110581681.79,239405081.03,30559531.75,5336193318.06,1423529272.81,1422363615.98,2025-10-29
2293,688485,九州一轨,-23941835.58,-278.426316333061,188464893.64,1.9791176367,145338700.79,13835871.2,27647025.52,-4876594.57,199102160.16,-29539748.79,-29714032.95,2025-10-29
2294,688439,振华风光,248442887.98,-37.36,792385495.64,-18.7391971526,258794140.92,31621464.5,68044016.48,-6923958.52,466498775.78,283521600.42,282749811.22,2025-10-29
2295,688435,英方软件,-31663716.81,-828.72,118345886.79,-9.9622960093,15311883.11,58539371.23,10711997.97,1503927.74,166530963.84,-32243559.37,-32239925.4,2025-10-29
2296,688433,华曙高科,43798757.57,-39.85,344907322.53,-7.0906634401,182407731.74,47480365.82,28372569.37,-10881776.54,307716015.16,43619482.11,43722533.99,2025-10-29
2297,688420,美腾科技,34574812.24,4.0,397326783.54,16.3652845917,250332033.46,45331977.58,40687119.49,-4126764.31,384060530.95,29672745.05,30452064.21,2025-10-29
2298,688410,山外山,61943138.86,-65.89,417972866.46,-27.3888850554,233367452.84,77811732.76,31716004.25,-10269711.02,377818328.22,68307934.25,60842690.82,2025-10-29
2299,688392,骄成超声,20448803.73,-73.03,408165580.05,-10.3733780221,198471232.23,60281804.1,47029089.46,-9118528.19,405445388.26,12512157.9,12495443.18,2025-10-29
2300,688389,普门科技,257414935.91,25.62,856792043.92,5.8902967376,281764430.24,118745212.48,46380634.62,-19308815.8,592683431.29,280948413.28,280753973.24,2025-10-29
2301,688385,复旦微电,427239183.99,-34.29,2683645341.52,-1.9865374001,1206313479.14,182186292.71,115125159.57,30912304.13,2345249471.94,413085989.64,412640152.8,2025-10-29
2302,688380,中微半导,111338107.92,1978.21304651254,649434483.19,40.0344070652,455010420.61,16155069.45,26480266.57,-8291658.98,589689357.89,112706014.62,112630516.4,2025-10-29
2303,688369,致远互联,-109404414.6,-234.397317905265,616875159.54,-12.5391710724,192292859.82,325598639.81,70458093.71,-6246406.64,752955580.73,-117119395.51,-117825597.83,2025-10-29
2304,688363,华熙生物,362023904.69,-29.62,3874744443.18,-8.2126225005,1010187630.31,1630984967.48,422950678.62,-7135807.78,3419165826.77,436124755.33,436569109.98,2025-10-29
2305,688333,铂力特,46515406.79,20.919105504821,792459841.33,6.8493562794,470323440.14,59447215.01,95263627.7,6411064.34,826276284.1,19475117.11,19163684.86,2025-10-29
2306,688332,中科蓝讯,206712476.43,4.8,1248001991.73,18.9062018237,961935249.67,5655413.26,22637470.27,-32605989.23,1067034068.74,221141805.94,221139845.11,2025-10-29
2307,688327,云从科技,-508632759.35,-25.970471605638,226510204.76,-34.5117096467,120362592.72,116578133.52,133948718.13,-15938574.46,720553301.12,-513265377.36,-512450169.78,2025-10-29
2308,688326,经纬恒润,-410153847.95,-192.526027735738,3546024524.1,24.0502025804,2773787202.5,215808086.91,277592700.21,-34098179.19,4041946351.63,-450294283.2,-451260045.93,2025-10-29
2309,688325,赛微微电,60063289.77,214.28,281116391.73,86.0965158585,132586947.26,17088349.39,18711283.4,-3003473.42,246770020.97,62351533.95,61800694.32,2025-10-29
2310,688309,恒誉环保,-81337.69,-100.67,64435136.69,-55.9315736103,34672925.29,6459231.24,13232760.94,-1044978.23,61869192.13,-889637.54,-608200.18,2025-10-29
2311,688299,长阳科技,18518061.27,-75.26,1003390053.09,8.2325838356,763351008.6,35340049.44,78741269.25,10047304.0,951423918.46,28878304.66,33918574.95,2025-10-29
2312,688292,浩瀚深度,36902781.04,-28.32,316759991.29,-14.0416841799,145072366.44,35832981.89,28949108.58,-1135431.11,281460797.9,37665354.21,37401498.01,2025-10-29
2313,688288,鸿泉技术,-29952919.19,16.364066077682,364322095.76,24.9616358151,231776350.93,19265632.74,28124010.9,1931561.54,392975059.25,-31239328.84,-31054749.3,2025-10-29
2314,688283,坤恒顺维,16591067.99,-68.91,121327185.07,-27.2305300308,44205904.04,15186591.49,13399858.16,-11911173.21,112604610.39,12561532.12,12538982.32,2025-10-29
2315,688281,华秦科技,309465965.6,14.41,737788163.67,22.5538547337,335218826.68,12467328.02,51635248.83,8904662.59,471568190.77,330546624.83,330240609.8,2025-10-29
2316,688279,峰岹科技,183812263.84,48.23,432827240.54,53.7204223836,203702964.67,13020333.69,17426996.03,-18548929.42,283515875.49,184786162.27,185312027.04,2025-10-29
2317,688269,凯立新材,64040796.38,-34.45,1143179877.4,-14.6826178825,1013884858.48,7065002.75,20590174.48,5448344.07,1087396428.16,69266630.63,69792017.04,2025-10-29
2318,688262,国芯科技,-127306457.56,-122.234101540481,469580210.79,16.5783504468,382661036.86,35754530.82,35151176.9,-1947626.8,677626916.3,-183365019.53,-183280795.0,2025-10-29
2319,688255,凯尔达,29265951.13,78.64,451562604.64,28.8888064323,359136580.43,14079110.28,25582803.28,-4386324.47,425018749.86,29335424.79,29374131.78,2025-10-29
2320,688231,隆达股份,59789058.17,-25.15,1046463932.97,16.2109953906,884772376.5,21899632.62,62851769.92,-16061611.92,998412910.31,64233767.98,63963397.44,2025-10-29
2321,688229,博睿数据,-63163756.11,15.757707548904,105120196.85,10.4992305639,28772248.79,58744052.91,20539152.26,-4478995.91,169124878.65,-63993106.55,-63983716.21,2025-10-29
2322,688226,威腾电气,109036018.52,28.64,2744984218.13,36.7254008914,2295186036.57,97261528.07,74643750.48,39329082.71,2596649347.32,138065556.09,135898428.36,2025-10-29
2323,688225,亚信安全,-208341246.53,1.365517315935,1108381328.14,11.7481836919,512712043.59,376709584.19,115196100.26,2071120.88,1332145326.2,-208442261.89,-208390438.73,2025-10-29
2324,688217,睿昂基因,5727339.64,-69.58,189630100.09,-4.6218939088,45358535.96,59338974.8,40734119.55,-1099498.36,192926333.51,-3582461.4,-3365639.19,2025-10-29
2325,688212,澳华内镜,37303031.49,-17.45,500553520.06,16.7896879788,153910636.66,159507236.16,74775177.3,-397472.2,504921469.56,30568123.68,30088217.24,2025-10-29
2326,688209,英集芯,89043936.23,465.78,1023878914.74,21.4682380216,679008114.91,23386371.72,38144883.74,-15298744.26,952773094.26,91932614.41,91982799.98,2025-10-29
2327,688207,格灵深瞳,-137622524.86,-696.472531397344,60664318.37,-72.9892400772,24214276.79,25596712.44,42627742.88,-23302029.68,209292440.25,-137357068.81,-137553551.96,2025-10-29
2328,688183,生益电子,186523599.99,1156.97712505095,3179337005.16,32.9657710768,2496571512.54,108346717.89,140621240.0,17088821.54,2980094926.6,189779984.48,190067581.54,2025-10-29
2329,688181,八亿时空,61632390.51,-35.52,548449238.58,-12.3510926401,321348466.43,55841569.15,29322161.59,198388.87,478496558.26,75594259.73,73316476.22,2025-10-29
2330,688180,君实生物,-926768557.18,34.123085440057,1271200009.95,28.8651485489,325339075.87,683629829.87,353242444.41,7539169.4,2261152311.32,-969121005.27,-984644050.09,2025-10-29
2331,688177,百奥泰,-365319363.66,4.411759641749,581432379.45,26.110423967,174003277.29,169136609.16,24828296.98,14819149.26,985723186.67,-364054504.05,-365319363.66,2025-10-29
2332,688162,巨一科技,-20037893.37,77.204898402722,2335272742.25,-0.3454646357,1986336128.71,43643865.39,127778290.61,-3532298.61,2327459656.06,-11307164.07,-8008577.06,2025-10-29
2333,688123,聚辰股份,211363067.22,156.46,769083324.76,53.2978966163,347203194.57,39543198.53,38690159.32,-6511396.64,553509498.75,221512471.89,221499190.65,2025-10-29
2334,688110,东芯股份,-130340932.14,10.907935107918,446994734.54,20.4406661335,382522778.3,18153907.76,54217114.28,-13237212.97,599845096.01,-136289340.5,-136392937.2,2025-10-29
2335,688107,安路科技,-157939950.9,-14.592904882548,496228919.51,-16.2881800785,342665984.56,19733451.16,37577592.32,-1487181.34,684255026.89,-158008762.41,-157939950.9,2025-10-29
2336,688101,三达膜,212467694.14,16.87,1041703363.97,8.6895611071,668608003.49,27593687.98,36162724.94,19990209.96,804281886.64,257152713.2,246721478.27,2025-10-29
2337,688049,炬芯科技,70912668.75,51.12,466672154.51,24.0481797328,246710372.77,12209560.19,30262793.89,-26100353.43,424263837.36,68980301.61,71031924.99,2025-10-29
2338,688047,龙芯中科,-342759507.16,-65.665672359891,307780631.08,-21.943923703,215553090.28,68937105.79,79202815.91,-5352723.45,671046551.77,-400130709.91,-400173288.36,2025-10-29
2339,688039,当虹科技,-69451316.2,27.773406041692,169112150.58,-21.0004289674,106978451.16,23579844.62,29323792.01,1788995.89,257014664.69,-86345961.71,-87795729.44,2025-10-29
2340,688036,传音控股,3903466066.91,0.5,51251807722.09,19.1285166075,40186050652.29,3726353519.76,1339320847.65,57554094.5,47300067434.67,4780196305.19,4779877446.67,2025-10-29
2341,688022,瀚川智能,-313822280.45,-1899.71,467463822.88,-61.1816762821,385220450.96,88140626.59,138634263.18,26657540.83,694047933.54,-384102876.33,-384562937.12,2025-10-29
2342,688019,安集科技,392568199.29,24.46,1312231263.35,46.0976354815,543786425.09,46773896.96,75083379.88,2517901.57,903906094.74,418124463.33,417597370.48,2025-10-29
2343,688015,交控科技,30537264.59,-32.7,1367858468.13,14.22930205,941234421.56,38463725.69,149194556.34,1191074.23,1313400315.77,62091692.06,59838031.82,2025-10-29
2344,688009,中国通号,2358597314.66,-8.09,20939821082.89,-15.1693151926,14556518248.8,547806203.95,1466541296.32,-54633776.29,17854370460.91,3280441969.85,3302344026.42,2025-10-29
2345,605599,菜百股份,554028814.4,-6.32,15345423874.11,24.0580413637,13971502809.91,364222540.67,75288530.69,35013869.11,14639708375.73,745189660.58,745366797.83,2025-10-29
2346,605566,福莱蒽特,34488536.2,-29.78,735218715.31,7.9695646345,631442046.88,23418222.56,28062281.11,-20228532.36,698576908.19,30948780.73,30963942.81,2025-10-29
2347,605398,新炬网络,24856971.52,-25.17,387655531.05,-14.3808714007,222598908.43,20481228.04,39118582.31,-6457821.49,363246623.85,28567540.66,28244260.28,2025-10-29
2348,605337,李子园,157238370.92,-16.83,1063913090.96,-0.4849738768,646538686.33,161929274.84,65824393.11,-4294497.49,894999580.11,208650566.47,202462503.62,2025-10-29
2349,605318,法狮龙,-12253438.13,-159.92,404922675.82,-14.8752495459,324773931.47,43851393.89,33605261.28,-5370899.92,420326137.98,-13782217.73,-14357361.44,2025-10-29
2350,605300,佳禾食品,82655646.16,-59.88,1680074758.06,-19.4645983093,1397355669.28,106527008.93,62593739.56,-6222321.75,1591780783.46,104955271.88,105455360.84,2025-10-29
2351,605299,舒华体育,50821321.38,-10.65,904047277.76,-1.4716728568,616758276.29,111768000.18,78635436.8,1913982.49,852557096.15,66877039.91,65686175.95,2025-10-29
2352,605289,罗曼股份,15788558.12,-79.1,448886503.82,10.8018230453,352578701.7,12581558.01,54326452.99,1284207.22,440938627.5,11861965.19,16518695.19,2025-10-29
2353,605222,起帆电缆,210234478.04,-48.11,16365761882.0,-3.2158796383,15449267496.05,223095990.66,132827730.13,146918785.29,16049383985.95,278511325.42,278234118.78,2025-10-29
2354,605196,华通线缆,277822984.81,-4.1,4716523054.22,15.8737441,3941300748.44,85966075.34,184756887.84,99613984.51,4392124293.68,324111556.12,320360209.72,2025-10-29
2355,605122,四方新材,10876759.77,114.45,1025831262.66,-29.7333299268,878787138.6,10939258.19,67869384.32,32336685.27,1002662400.16,5128703.04,4631252.08,2025-10-29
2356,605089,味知香,67724508.49,-36.83,510604605.66,-17.5049362712,381759920.87,24303456.59,36129105.68,-7591233.66,439863527.78,73507785.83,73382025.9,2025-10-29
2357,605077,华康股份,186913672.81,-31.97,2105806164.55,3.1209560679,1665958759.69,38590345.01,100527190.76,15090000.9,1930550921.72,196317494.8,193561490.08,2025-10-29
2358,605033,美邦股份,43276200.59,-38.34,622780307.57,12.4892126176,431269315.34,65974783.09,27506966.22,-1135903.86,579015034.11,48873197.21,51255541.87,2025-10-29
2359,605001,威奥股份,11465295.12,122.361726186403,793148407.64,21.0499697909,559149952.46,52032621.72,127788434.82,44342740.16,853515868.5,18325662.52,14689060.97,2025-10-29
2360,603999,读者传媒,71701309.92,2.81,773157827.18,-12.770633031,604643759.07,35891172.82,62370196.41,-10662722.17,695482996.14,80974866.7,81490785.7,2025-10-29
2361,603986,兆易创新,832112528.83,91.87,5649596831.4,28.5609900508,3420278140.36,277572176.06,333188240.97,-167320581.11,4729221070.09,860951748.28,867138981.23,2025-10-29
2362,603980,吉华集团,128196499.67,307.07,1158855291.75,-9.3949196823,1025705023.62,17570856.88,81760052.84,-14865829.78,1159380002.33,169820528.6,168719920.34,2025-10-29
2363,603970,中农立华,175119815.22,-3.69,8515473903.72,1.792046955,7943074642.45,171612440.95,45913612.94,27887285.43,8239735304.87,250243019.24,250860719.32,2025-10-29
2364,603969,银龙股份,168663947.73,42.81,2202461596.64,9.1508182207,1720349355.73,130943791.47,56221561.02,11433770.64,1990520679.42,217706328.76,217450088.62,2025-10-29
2365,603960,克来机电,33835348.2,-21.05,378786777.04,-8.3352215122,288326184.82,6078674.72,28705898.71,-4577385.34,350423350.93,36627846.12,39823800.81,2025-10-29
2366,603927,中科软,289781129.91,-21.69,4124212773.12,5.1934757426,2884144238.7,234793936.72,65949114.75,-15766160.79,3849844978.79,283748820.42,291757704.91,2025-10-29
2367,603920,世运电路,482904942.05,28.97,3675282514.55,9.7477298056,2809762465.8,54226656.68,122825822.27,3723071.67,3164533716.65,545143135.53,538859178.95,2025-10-29
2368,603916,苏博特,78607234.81,-44.43,2475514565.7,-3.9022159204,1661295104.88,277006974.82,213589270.38,42043324.51,2330845611.7,164835922.5,163385036.79,2025-10-29
2369,603896,寿仙谷,114746646.06,-14.85,479159858.2,-13.00959957,97827214.1,215945990.95,64089930.95,-16990123.26,398723044.97,114914017.94,114707966.85,2025-10-29
2370,603883,老百姓,630147823.0,-12.06,16232148089.0,1.1882986569,10734977690.0,3577910985.0,825589932.0,137018669.0,15333787742.0,950691923.0,945155311.0,2025-10-29
2371,603878,武进不锈,170598615.88,-37.5,2090064590.96,-23.172005385,1749279842.27,35769496.6,66689877.64,7629309.05,1902620209.4,196003126.4,192881004.24,2025-10-29
2372,603869,ST智知,19712787.0,61.27,416049632.81,-39.1557592574,227429838.74,58712375.8,91135811.24,-21084435.93,415011400.59,2796711.32,7681101.64,2025-10-29
2373,603867,新化股份,180215374.89,-11.8,2189097845.56,15.0121868909,1730176321.73,16319817.04,106304500.84,7539710.49,1947695988.57,250183931.17,248108779.46,2025-10-29
2374,603856,东宏股份,168518511.02,9.58,2168921909.15,2.0244970126,1752819432.76,79745006.04,69780354.87,20130606.09,1998217650.91,192300058.12,193606158.19,2025-10-29
2375,603823,百合花,143834156.02,76.9,1791565169.06,3.8662800913,1421072515.42,20994577.46,78194231.1,2510022.67,1602256687.91,190483614.37,195851753.18,2025-10-29
2376,603815,交建股份,100468869.34,-22.61,2848180151.43,-13.0617916611,2590148592.62,15857339.87,61338189.77,41543637.05,2729520987.12,138760442.01,137521632.92,2025-10-29
2377,603788,宁波高发,152437708.35,37.01,1082878470.66,23.4488272843,819622347.99,21598296.44,26609987.08,-8452419.94,917277223.63,175295143.03,175465671.65,2025-10-29
2378,603767,中马传动,50120337.4,-24.16,699065847.94,-13.6459484417,571717543.36,4890985.8,45141546.99,-4067290.79,656792873.1,52374169.76,52062965.25,2025-10-29
2379,603766,隆鑫通用,898697917.16,13.65,12218381648.81,30.4821399889,9982967582.26,228430440.82,471295991.45,-78560444.36,11275899815.14,1053579560.85,1044109032.03,2025-10-29
2380,603755,日辰股份,54434476.75,30.88,297239675.39,11.783045769,182845593.11,21891664.2,16910647.07,2048501.1,236981548.29,62948865.98,63028514.49,2025-10-29
2381,603739,蔚蓝生物,40847212.04,-26.17,945618593.2,7.5006581592,527857116.0,139421562.36,107265270.05,16144425.99,881905556.31,82412761.21,82433585.45,2025-10-29
2382,603729,龙韵股份,2633943.57,-46.12,295083917.38,13.2605015684,242525088.85,7905954.31,30009620.51,4801048.5,290480748.16,1902181.09,1779952.81,2025-10-29
2383,603728,鸣志电器,47270902.41,-43.69,1829804833.94,-4.5053227769,1140955473.03,164874459.57,272621401.72,-5924064.61,1763462613.41,44520450.95,43218919.19,2025-10-29
2384,603713,密尔克卫,490226000.44,21.68,9553014724.2,25.2604405644,8494948724.42,94258517.13,171406460.75,108566781.29,8944017032.15,635853346.34,673333073.87,2025-10-29
2385,603701,德宏股份,14710432.36,3.07,487077966.69,10.6425176088,421589277.32,8505329.63,32554656.55,-666908.67,481155272.24,22050420.12,22050837.76,2025-10-29
2386,603693,江苏新能,423889735.95,11.52,1557789507.87,6.8965163236,747484992.6,,87146198.82,182855147.56,1031338996.19,629290319.75,632440080.99,2025-10-29
2387,603683,晶华新材,66990585.91,72.44,1358950995.49,23.8441550988,1123115226.73,27440773.01,75869931.96,18621279.56,1296799416.01,70988323.48,71012753.6,2025-10-29
2388,603680,今创集团,290188812.02,36.81,3040006176.78,14.3477469256,2286553403.71,88149386.46,224006399.18,29635244.79,2803240423.45,309353939.31,306811994.36,2025-10-29
2389,603661,恒林股份,265980775.61,-27.32,7811074269.72,35.2414200715,6363832246.22,580793588.14,307822989.79,78060348.64,7521995277.52,304638999.61,303080018.28,2025-10-29
2390,603626,科森科技,-233970187.31,-46.113036303056,2621945260.11,37.101788003,2446743629.35,36250913.98,200363265.77,22650080.17,2871043154.43,-251968622.04,-252882429.47,2025-10-29
2391,603602,纵横通信,21189475.35,-16.4,1340251667.49,52.5216361149,1139931754.53,15387846.63,56644404.31,21943735.95,1286300186.41,42142408.52,42045582.69,2025-10-29
2392,603601,再升科技,90875968.74,-22.51,1095963307.15,-13.3750726508,850486095.36,27970383.58,69820899.82,12663351.32,1033268664.3,116518477.27,114592109.3,2025-10-29
2393,603589,口子窖,1310632110.19,-2.81,4361571776.55,-1.8891450276,1100643866.1,624134646.81,279638296.69,-3362512.06,2679909688.58,1745835803.98,1739847631.09,2025-10-29
2394,603585,苏利股份,8580519.76,-76.35,1646385605.57,11.0877989752,1412412913.77,23707244.82,68353886.48,28230376.33,1639556206.48,17736869.75,17368746.94,2025-10-29
2395,603583,捷昌驱动,293197541.21,55.6,2567982211.23,22.2046089445,1811218835.61,132013026.57,173950706.76,-11644118.27,2292420124.62,329484069.59,328893352.86,2025-10-29
2396,603535,嘉诚国际,166033750.05,-1.5,979535675.19,1.2822457006,646776816.55,25858075.35,53025853.72,33025323.25,780973708.31,196811033.09,194724586.19,2025-10-29
2397,603518,锦泓集团,161632937.57,-15.16,2922553915.85,-5.6051735043,898432773.62,1521139481.59,147668368.37,46132274.29,2730797126.38,211880731.07,213256240.77,2025-10-29
2398,603517,ST绝味,438486928.23,12.53,5014679550.0,-10.951498773,3481971035.98,461357754.81,332316950.12,19344694.97,4368321636.39,638914672.6,641366149.96,2025-10-29
2399,603515,欧普照明,621343337.88,-5.68,5067826223.44,-8.0876264016,3091491635.54,909674848.44,222448891.8,-50323872.11,4444675746.6,750569619.44,763756475.58,2025-10-29
2400,603506,南都物业,60321823.41,-47.33,1337827625.26,-3.5992590993,1123232539.79,15363197.47,81872280.43,2934085.15,1229525208.41,80821499.0,79247031.99,2025-10-29
2401,603505,金石资源,250360354.44,1.7,1829996982.63,58.5019319646,1372181931.52,9079574.81,85570456.92,52580691.81,1601684572.6,311116693.3,306874384.73,2025-10-29
2402,603501,豪威集团,2375297360.17,544.74,18908383806.32,25.3754452041,13309285034.35,405382510.15,520264023.91,-9835976.24,16181228630.25,2581047558.4,2597016436.94,2025-10-29
2403,603444,吉比特,657501185.66,-23.48,2818281672.62,-14.772424807,325092540.81,785733564.97,265883832.39,-54243889.39,1924588998.07,953413819.11,952293783.27,2025-10-29
2404,603416,信捷电气,174256545.62,12.69,1210491369.68,11.9287038868,743223129.84,124882156.68,61696867.88,-1519344.75,1057636516.01,192501551.52,191106704.65,2025-10-29
2405,603406,天富龙,324918196.88,,2788819937.6,,2340432409.36,15775530.35,51560160.71,-7104432.35,2510399942.37,349070698.93,349224230.82,2025-10-29
2406,603386,骏亚科技,-14860822.15,-117.97,1754998548.83,-5.6879346504,1480072205.45,56872669.74,133434848.71,22195144.44,1786044993.34,-31862281.45,-29981258.43,2025-10-29
2407,603367,辰欣药业,398119097.94,1.97,3002250189.03,-6.4678208685,1285236267.21,820785390.01,224841086.04,-23747610.99,2615901369.99,435813183.97,438942458.36,2025-10-29
2408,603365,水星家纺,209694205.93,-16.8,2682895518.57,-2.5728239516,1571529630.79,671853402.64,144265441.88,-6677081.53,2457850842.22,234620428.73,249400171.66,2025-10-29
2409,603355,莱克电气,878731342.29,6.08,7246297669.41,11.9752612565,5508055271.77,281538767.49,204613121.88,-159738589.37,6258953306.0,980860011.49,980331380.82,2025-10-29
2410,603348,文灿股份,97177780.8,95.53,4701893845.43,23.0809737848,4040337347.08,24140555.04,226006650.76,112158319.86,4533375174.47,142231223.0,146295694.36,2025-10-29
2411,603345,安井食品,1047071874.03,-6.65,11076641900.27,7.8433559806,8568824078.79,689734748.95,366135479.85,-57015294.31,9737256806.71,1378099367.63,1389691981.21,2025-10-29
2412,603341,龙旗科技,430855461.28,-15.03,34920860428.35,101.2758183536,32792593260.19,58865263.23,322802420.21,16292835.97,34734661164.14,453522359.3,456062092.16,2025-10-29
2413,603321,梅轮电梯,115815630.26,83.85,574057460.55,-19.4880614476,406377301.75,65572774.42,42224355.22,-18677317.64,532421560.54,137352747.14,137607993.14,2025-10-29
2414,603319,美湖股份,143954379.97,-5.57,1481391821.01,8.8546426502,1103536282.89,37647135.97,65215353.05,29253327.99,1334039784.16,157076089.05,155268540.76,2025-10-29
2415,603312,西典新能,147888902.65,3.15,1414898542.32,4.4263373032,1164871382.62,7171087.37,22827560.33,-9381572.44,1234171172.79,168797901.31,167245152.85,2025-10-29
2416,603311,金海高科,50876701.46,17.86,605578304.43,4.5476311446,465306984.55,19221487.21,45400400.2,1717426.48,550423281.79,61151625.61,61012396.91,2025-10-29
2417,603306,华懋科技,196147692.53,32.0,1539775162.25,5.6391326828,1078572312.07,14216469.68,128623270.97,-4836210.75,1296857688.49,231672971.21,232038260.35,2025-10-29
2418,603288,海天味业,4814904158.89,11.23,20399307960.95,9.378696742,12895479010.33,1198150931.87,412162017.03,-319348891.52,14952516952.45,5670807453.5,5674912300.39,2025-10-29
2419,603285,键邦股份,129917170.15,-12.64,517534653.77,0.109835048,339047578.39,4699592.01,21134552.68,-3273130.8,371287514.38,153665664.11,152662801.62,2025-10-29
2420,603280,南方路机,84245456.37,-6.78,745078398.2,-8.7596940474,546014253.29,32290294.3,34858814.1,-5256767.43,677053706.82,84129489.78,89936754.26,2025-10-29
2421,603277,银都股份,479257933.66,17.83,2092553769.9,1.7503384805,1127113648.33,263145915.12,126825686.84,-23594598.85,1548444210.49,558067645.49,557848368.39,2025-10-29
2422,603271,永杰新材,235606617.93,52.279540175207,5850030170.64,25.9769450891,5326797178.26,19431848.86,39205106.65,12862045.78,5613972336.01,234562693.55,231566835.64,2025-10-29
2423,603257,中国瑞林,74295876.42,,1401532900.68,,1129978983.82,25684060.18,88914930.91,-14311335.36,1312409291.23,72933113.6,72581284.89,2025-10-29
2424,603255,鼎际得,10756999.27,-77.72,566966866.94,-3.3338990005,479135072.88,11400037.72,44172534.63,5824270.91,560899653.11,5430396.14,5361444.29,2025-10-29
2425,603238,诺邦股份,69354928.43,27.83,1558483215.68,15.4747854561,1330062041.44,42490936.97,46675148.11,-16667861.58,1472085935.6,91522281.57,90990519.54,2025-10-29
2426,603217,元利科技,156982164.95,-14.55,1717242205.05,2.0508198051,1436008548.42,10461764.02,51989089.16,-22847268.58,1558733345.68,179096407.99,178777749.99,2025-10-29
2427,603211,晋拓股份,43070604.93,10.47,829318687.1,13.73265849,690791645.06,12069718.05,34929453.65,7076057.78,789487153.76,45151794.82,43637670.65,2025-10-29
2428,603210,泰鸿万立,119996797.42,9.438199894207,1173747299.56,8.8082156172,920731881.4,12569546.4,50974574.13,10355629.54,1040723621.27,134710495.48,136647670.61,2025-10-29
2429,603201,常润股份,152811357.48,20.89,2236166729.53,4.28078955,1773626163.89,69582938.39,101300630.64,183868.51,2016338789.59,212546648.18,211973850.78,2025-10-29
2430,603192,汇得科技,76013243.91,44.79,2097458876.0,3.4375233243,1839306506.85,43169008.47,66979045.4,-2510766.85,2005547705.67,82572082.95,82674050.29,2025-10-29
2431,603187,海容冷链,271935173.89,-23.56,2109513820.69,-15.5645845763,1518098925.94,160822341.25,74749337.16,-22242211.42,1813687479.46,316861959.88,320415500.75,2025-10-29
2432,603181,皇马科技,285577739.6,21.68,1722194498.36,22.5041895602,1290502035.27,6966224.36,42436430.44,-7774007.82,1406070259.72,326709064.01,327044078.66,2025-10-29
2433,603173,福斯达,207584486.11,44.85,1654249289.31,10.1658138589,1251814609.21,19539050.55,47169798.24,-3977660.33,1387934916.15,239791955.1,239592296.98,2025-10-29
2434,603137,恒尚节能,87494748.62,3.17,1522293985.02,-5.852197346,1301484467.39,15345638.56,32514379.89,11243315.27,1426952985.32,93725620.58,94316230.05,2025-10-29
2435,603131,上海沪工,46994772.1,6.46,733740945.23,9.565191182,574496430.47,32918470.37,38861398.69,3678297.52,693257449.31,50519987.59,53983141.49,2025-10-29
2436,603128,华贸物流,472377773.35,-16.31,14417229426.79,38.6381001415,12849010304.48,538546255.94,370525510.09,46373198.64,13825876044.9,629443401.75,630009301.85,2025-10-29
2437,603115,海星股份,104043443.14,45.06,1408649601.12,4.1356962787,1112484586.09,32573403.14,67838818.61,-6411579.77,1305749146.71,121694513.45,121862244.46,2025-10-29
2438,603110,东方材料,12696986.43,-15.02,301438300.71,2.49477225,216023528.57,22318991.27,35679410.02,-1651785.67,288472249.89,17228383.59,17231425.92,2025-10-29
2439,603107,上海汽配,134695505.06,7.29,1546380191.0,12.9057616536,1231184689.46,21995660.88,102362077.4,13975185.4,1412720180.36,164650625.89,164856363.45,2025-10-29
2440,603106,恒银科技,-35803885.02,43.1812361744,257088227.33,-14.6820178743,273473520.58,19217421.43,33525215.23,-17676474.9,353325624.08,-48260456.07,-47690004.9,2025-10-29
2441,603100,川仪股份,558062463.3,4.44,5621788991.41,2.5365570096,3773031967.99,660772496.83,294168505.86,-23428851.61,5138963034.63,624751617.76,621773756.61,2025-10-29
2442,603099,长白山,147830135.62,-2.52,594689079.59,19.5504446495,322800604.22,16571518.74,42502511.92,1490971.33,387664356.98,207037371.38,197235089.58,2025-10-29
2443,603096,新经典,126924234.33,-1.58,639256325.14,-2.6569936629,332881251.43,115530820.88,45370097.4,-2165801.77,498749201.9,163368730.25,162028992.47,2025-10-29
2444,603086,先达股份,6190089.5,-40.98,1892633164.64,-8.317148382,1620113227.38,44522652.72,115697041.91,3690518.22,1871649257.49,16352859.76,15443194.1,2025-10-29
2445,603085,天成自控,26248885.64,53.11,1457082560.95,47.7397162664,1172117674.81,24969542.68,142519577.19,-1456744.6,1429018495.33,18069098.25,20893131.08,2025-10-29
2446,603077,和邦生物,221318621.02,-78.28,6813692192.92,5.8937312481,6084665992.82,54203613.62,304668291.44,32109142.2,6550036297.8,260299739.07,259501458.7,2025-10-29
2447,603072,天和磁材,106537441.48,-8.06,1937111947.12,-1.3961960147,1682897911.24,10694842.76,34365564.59,15024604.27,1812996908.89,113069575.33,113505950.39,2025-10-29
2448,603069,海汽集团,-5986765.35,85.81,643457714.03,5.6145614344,554711176.79,8814546.6,116732105.84,11316915.18,704631340.14,-3256705.63,-1143250.59,2025-10-29
2449,603065,宿迁联盛,11734363.84,-79.83,1061591849.18,-2.1464657852,926331585.71,32235185.15,61955047.8,14906138.51,1072929964.38,-4214271.27,-5761858.63,2025-10-29
2450,603061,金海通,44928436.69,-14.78,256330948.39,-4.5914624652,131422275.33,22875248.03,22464220.67,-2206738.92,207094655.08,48330760.69,48301619.26,2025-10-29
2451,603039,泛微网络,86225413.51,657.69,1385478649.6,-0.8683299067,95936497.57,944134041.24,52789449.7,-25109914.7,1312566709.93,83564541.57,85164126.65,2025-10-29
2452,603037,凯众股份,61434041.91,13.7,535296276.43,10.0268515047,351887516.8,9029820.08,63937668.14,1356346.18,473049648.54,66184806.66,65158450.78,2025-10-29
2453,603031,安孚科技,149953318.27,45.58,3594362250.94,7.1461761926,1850896007.73,599210923.65,173623042.96,31502233.86,2764277049.06,818257968.46,817541482.11,2025-10-29
2454,603022,新通联,33973744.03,6.96,637143981.06,0.3514369059,511444394.08,10553887.52,51308236.25,2551718.63,595396311.13,42524064.61,42556849.56,2025-10-29
2455,603021,ST华鹏,-97253216.5,37.07,288380414.83,-28.3546107309,258088499.92,8434596.18,40464893.12,51100756.1,375011778.07,-97010788.5,-97789411.07,2025-10-29
2456,603016,新宏泰,52177881.8,2.07,470164692.14,-1.6469784851,327547515.68,12137804.68,52319933.35,-2641854.41,413037276.13,62220456.46,62138451.12,2025-10-29
2457,603006,联明股份,47489961.52,-52.53,525457176.55,-32.5382349515,408588529.6,7954292.13,43967377.76,-5633012.93,482348419.56,50831963.82,50067822.68,2025-10-29
2458,601991,大唐发电,4431041000.0,56.22,90999960000.0,0.4042589873,77668362000.0,87891000.0,1570399000.0,4023806000.0,84326535000.0,8092876000.0,8083259000.0,2025-10-29
2459,601988,中国银行,175763000000.0,0.52,478348000000.0,1.6407933263,,,128188000000.0,,258178000000.0,220170000000.0,221329000000.0,2025-10-29
2460,601958,金钼股份,2194894494.02,-6.07,10097493674.3,14.0558728385,6044019180.67,21289403.43,410388805.99,-32281178.2,7211000776.5,2902111262.03,2910075587.74,2025-10-29
2461,601952,苏垦农发,456239604.45,-14.02,7451957523.48,-13.5539014428,6417761537.36,132893508.0,330953455.46,161557505.17,7129704679.58,505296483.63,505327494.02,2025-10-29
2462,601838,成都银行,9038195000.0,10.81,17241144000.0,3.22567203,,,4267257000.0,,6593787000.0,10647357000.0,10641733000.0,2025-10-29
2463,601718,际华集团,-44186433.83,-140.59,7244164509.17,-9.9386440326,6254571271.05,255827198.9,471399817.15,-12313889.21,7271485357.05,34212751.0,-22186791.49,2025-10-29
2464,601619,嘉泽新能,550759157.29,-15.16,1815928499.99,-0.7270566656,691971038.1,,110895953.95,382744790.62,1201049884.2,658676443.46,661178756.76,2025-10-29
2465,601599,浙文影业,136509905.63,15.91,2575919740.56,9.1110483477,2169775306.39,71985811.22,109297998.11,-799415.77,2385617331.51,185796756.28,187494030.86,2025-10-29
2466,601566,九牧王,135078234.6,40.3,2266219869.66,6.0036079287,781050294.92,993374517.78,150537654.58,63980.9,1983081757.85,143843994.0,141650182.61,2025-10-29
2467,601528,瑞丰银行,1441620000.0,14.57,3322120000.0,14.6682765207,,,895887000.0,,1992823000.0,1329297000.0,1406334000.0,2025-10-29
2468,601519,大智慧,-201157787.82,-186.97,518259354.95,-5.4222472357,214490197.74,104344249.58,232663413.92,-11995446.98,710536040.1,-197624415.66,-199015176.71,2025-10-29
2469,601512,中新集团,672356325.8,-34.77,1985568988.81,-23.9787228104,871450249.97,11261438.56,184074778.9,140232162.23,1327589388.23,965389882.19,972748186.79,2025-10-29
2470,601368,绿城水务,134056268.12,-1.56,1858275895.89,7.3810048029,1179511110.28,49833703.43,81225987.01,358793758.67,1692462229.51,156619539.44,159235156.38,2025-10-29
2471,601330,绿色动力,503638784.18,-6.02,2543962357.96,-16.3731971549,1387904211.3,937708.51,152773860.66,344677107.38,1943060418.81,648158421.93,649523506.83,2025-10-29
2472,601326,秦港股份,1338840760.11,3.58,5069720133.19,-5.4535857193,3100723057.18,,503298779.61,49051446.1,3825602307.73,1636086252.16,1639501818.15,2025-10-29
2473,601318,中国平安,119182000000.0,36.1,775383000000.0,9.9930774054,,,,,616283000000.0,159100000000.0,158593000000.0,2025-10-29
2474,601298,青岛港,3931419395.0,3.78,13978035896.0,2.3394096767,8951614073.0,54096560.0,756169897.0,48015469.0,10034667969.0,5306178119.0,5304917828.0,2025-10-29
2475,601231,环旭电子,1296928828.94,-6.86,44006707552.1,2.2056846369,39756428766.06,308206019.25,1001510941.02,337006625.43,42926074111.0,1379490658.05,1394083024.21,2025-10-29
2476,601218,吉鑫科技,36327333.02,-61.21,903158948.59,-7.5422568911,767604646.81,5643714.71,27807091.75,13674872.35,852786035.35,43895198.03,44172534.74,2025-10-29
2477,601212,白银有色,-310960743.92,-506.332743697924,69046318598.44,-0.7428554696,65792548343.3,238827618.13,789657241.7,621391150.66,67806819321.15,752136808.07,755216700.41,2025-10-29
2478,601199,江南水务,271602104.33,6.09,1025675180.35,5.9430265514,640550472.68,55432615.49,91294315.33,-36392962.6,765318751.15,346361979.19,344226783.18,2025-10-29
2479,601177,杭齿前进,189237084.46,9.49,1641845403.87,14.5840592764,1333179790.93,32771634.9,120105551.54,17160003.53,1607228277.41,192913995.64,194937189.33,2025-10-29
2480,601139,深圳燃气,1055668935.33,-4.5,20739471111.76,-10.5802070204,17354009532.59,1159422465.38,306370151.61,236315344.0,19621582356.98,1295300808.72,1301470647.96,2025-10-29
2481,601133,柏诚股份,158690826.2,5.94,3837901154.29,51.5212350502,3450148093.09,23583478.12,101614958.73,-17463389.89,3575686013.39,218573306.25,218230889.07,2025-10-29
2482,601077,渝农商行,10307963000.0,3.55,21514396000.0,-1.758510388,,,5785456000.0,,9855386000.0,11659010000.0,11627404000.0,2025-10-29
2483,601068,中铝国际,251218000.0,132.829212769544,16142178000.0,7.3328713899,14759468000.0,92881000.0,698197000.0,191527000.0,16340382000.0,344310000.0,390105000.0,2025-10-29
2484,601059,信达证券,885484146.8,-18.49,2350088642.89,-14.1881352131,,,1433970602.07,,1425305195.0,924783447.89,922866311.62,2025-10-29
2485,601058,赛轮轮胎,3243561766.99,60.17,23628146148.07,24.2829117629,16934611467.53,1123103875.58,779364942.87,259284916.39,19912092387.78,3701112493.88,3695694100.1,2025-10-29
2486,601038,一拖股份,1100902509.2,1.45,10736379923.58,4.7267146596,9016035487.89,96123516.28,232641542.31,-29262583.14,9670238422.9,1305114623.98,1310014047.09,2025-10-29
2487,601033,永兴股份,648378892.56,-2.19,2794914276.18,3.0849065153,1592751976.65,373651.1,201870850.54,259034038.4,2222270028.13,726650538.74,726739907.36,2025-10-29
2488,601022,宁波远洋,404957902.26,4.11,3768927277.2,13.631749117,3180403867.24,,125502292.78,-25800075.62,3288650112.5,525014620.71,526031678.4,2025-10-29
2489,601020,华钰矿业,152964845.11,22.62,926046556.96,31.6217042563,402419217.41,2809460.82,116618512.44,27763247.49,642674213.86,272900818.99,272165442.13,2025-10-29
2490,600995,南网储能,1045172249.69,27.62,4519028579.88,11.119322313,2204754363.26,,273290366.97,329347993.73,2907414354.59,1639300107.18,1635129922.74,2025-10-29
2491,600990,四创电子,-40440247.09,53.812535359085,1091948353.73,1.3670371545,925687997.79,52124516.26,158175514.96,31689586.98,1183815507.07,-56899595.43,-55596472.05,2025-10-29
2492,600983,惠而浦,53072010.1,274.98,2524448719.99,-14.8070928241,2173698066.49,77685533.48,86482843.04,-39558234.2,2439742718.48,77037424.55,78621060.77,2025-10-29
2493,600977,中国电影,215559794.06,-54.22,3015685308.05,-28.3763564975,2319611057.28,113670580.35,352071024.68,-52889745.93,2802432222.51,300315586.15,308183768.74,2025-10-29
2494,600930,华电新能,7691649852.0,-5.922966188701,24938269102.0,14.4705074221,12513513459.0,,830007184.0,4048063181.0,17674450116.0,9031632415.0,9078248617.0,2025-10-29
2495,600927,永安期货,419073039.37,-25.04,18673144356.55,-0.6321363097,,,635465682.15,,18190496341.56,482648014.99,479819865.87,2025-10-29
2496,600925,苏能股份,1252033549.63,-33.6,10422463260.56,20.6755325067,6916363605.65,69098541.49,675068679.54,133401504.13,8479747002.88,1967112383.19,1951523164.96,2025-10-29
2497,600909,华安证券,1143387161.63,19.18,2643641729.13,16.7906842932,,,1317041811.77,,1375858362.68,1267783366.45,1266913983.12,2025-10-29
2498,600871,石化油服,676226000.0,52.4,54884740000.0,-1.7159472303,50535658000.0,51715000.0,1464420000.0,611768000.0,54212307000.0,1078097000.0,1185908000.0,2025-10-29
2499,600861,北京人力,641361064.52,84.75,33178930438.47,15.45779171,31277376662.48,404015052.9,696546779.83,-61510461.96,32547783730.89,1138476510.68,1130226902.23,2025-10-29
2500,600858,银座股份,116978758.73,-50.25,4450132178.0,-1.2169526839,2715717956.28,1111554026.57,144152921.6,210171309.22,4292250674.26,189094078.53,188318366.29,2025-10-29
2501,600855,航天长峰,-99446425.41,-34.656803234559,657744211.83,-23.4716514882,483311504.4,77299930.48,138966997.44,248226.68,770309267.13,-108561326.08,-101546713.06,2025-10-29
2502,600848,上海临港,631523091.82,-17.51,4127145851.1,20.6869905068,1518517165.59,81019008.96,305394899.4,489646370.06,2922432366.98,1217039616.24,1217842761.11,2025-10-29
2503,600816,建元信托,41502514.99,20.68,250214803.96,195.97,,,169586768.86,,173500626.85,185907725.73,47068089.62,2025-10-29
2504,600798,宁波海运,-8634007.62,-107.050457685569,1667443922.83,-0.9846825479,1573769988.17,,86390215.32,24660206.48,1689667639.87,3791702.07,3939442.21,2025-10-29
2505,600796,钱江生化,128857967.25,-7.7,1300581051.6,-2.0892779461,991677142.0,10154155.73,99600472.79,52711996.35,1182695158.87,144279506.05,145658949.12,2025-10-29
2506,600775,南京熊猫,-98927662.17,-211.927105992256,1828298552.68,-6.0640048822,1561926771.54,35249361.43,184401981.57,-9821309.41,1954570604.71,-52451141.0,-51895562.04,2025-10-29
2507,600757,长江传媒,689156590.04,-18.03,5218739760.71,3.4790021016,3364654363.46,430283196.98,650883212.13,-96509378.97,4385655159.09,931787694.08,925479056.8,2025-10-29
2508,600748,上实发展,-279058592.52,-168.16,1600579847.51,-68.4968033071,1348954147.75,57805451.09,253224077.19,255509046.81,1966404547.33,-194468206.85,-262452959.55,2025-10-29
2509,600737,中粮糖业,1162148497.99,-19.33,22713271331.28,-4.8598650432,20391612072.72,252576585.04,441525790.37,27494651.93,21237798700.71,1426708062.97,1428442238.87,2025-10-29
2510,600722,金牛化工,38959860.47,33.51,365166123.65,-0.2694828892,269252221.92,336272.42,17600825.29,-5134125.11,302277438.65,79562531.91,79632951.14,2025-10-29
2511,600718,东软集团,152362109.0,13.06,6890526611.0,10.0259245386,4951047777.0,365165170.0,547527692.0,22486366.0,6636094999.0,185087973.0,182135910.0,2025-10-29
2512,600717,天津港,892859116.51,-3.56,8981673151.73,8.5989913986,6368140144.92,,1097009345.22,107007422.29,7678425357.82,1634524842.12,1664392181.44,2025-10-29
2513,600714,金瑞矿业,24035693.81,140.04,253752684.28,35.4193470574,204536219.72,1090406.95,21101744.26,-3508839.7,226593088.71,30429290.75,30452096.6,2025-10-29
2514,600712,南宁百货,5632092.69,130.711977719957,424682699.03,-16.6636318074,296451678.04,44436725.51,79474686.04,9442213.03,437760146.01,6119584.01,5741062.9,2025-10-29
2515,600706,曲江文旅,-180822804.78,-390.12,1064420896.8,-5.0369274821,813441386.4,43679968.79,133693244.1,40547128.37,1049817200.45,-219915951.64,-219594866.41,2025-10-29
2516,600703,三安光电,247168509.01,43.21,11854895949.5,16.7320210264,10550393993.79,135275386.49,622574401.21,125115937.16,12035228642.06,404670361.48,378000813.66,2025-10-29
2517,600697,欧亚集团,17677852.23,5.43,5474619620.4,0.0710593765,3469582629.08,555026464.94,756812170.13,319987136.3,5281045893.99,206512421.15,198850322.64,2025-10-29
2518,600671,天目药业,-3695546.06,86.541095042404,124680446.71,44.7968195203,71362825.86,4464595.57,47406264.16,5410171.82,129724584.88,-7305559.19,-3627795.29,2025-10-29
2519,600665,天地源,100358009.82,2604.6,2593875252.71,-50.2355917105,2176467980.88,99465276.23,67473781.02,118244789.4,2537279872.66,149578634.86,149266401.27,2025-10-29
2520,600663,陆家嘴,1054544976.87,-3.76,6909235930.89,14.497021912,2988598792.14,110472653.65,393823311.82,1054903276.5,5295826880.79,1674532898.76,1674243841.22,2025-10-29
2521,600640,国脉文化,13278032.42,-53.42,1411648085.79,-18.6050036612,1168633957.65,13039638.71,182074838.97,-70628794.55,1357727449.65,30330453.27,35006351.01,2025-10-29
2522,600598,北大荒,1347430672.89,4.13,4358227176.78,9.5034297872,2694747751.06,34793157.82,324861604.8,-103349295.82,3019509747.14,1372949424.68,1360987885.5,2025-10-29
2523,600596,新安股份,132701684.19,-22.18,11830101795.62,-3.7632033955,10635506813.85,230048043.85,490935067.68,-6894155.32,11842745770.36,190437590.43,210443627.72,2025-10-29
2524,600580,卧龙电驱,638209013.47,-30.92,12194452282.37,1.0570647818,9135253377.77,602257963.18,960675960.3,173514197.97,11452849781.4,794532787.94,788301785.53,2025-10-29
2525,600572,康恩贝,518457602.54,-16.81,4913007257.68,-5.2323623249,2272928425.82,1507623533.77,393614863.47,-12214667.95,4430318901.36,655291755.35,647700349.41,2025-10-29
2526,600558,大西洋,86191840.19,20.7,2748490669.04,1.9521818889,2373791348.69,49291519.79,147798207.04,1449605.51,2645983656.08,112467904.0,114693552.98,2025-10-29
2527,600525,ST长园,-49157879.76,-158.42,5512011139.24,-6.0021323976,3625035758.24,442134353.32,714417042.74,186304853.8,5645377601.28,-20002808.47,-25184408.78,2025-10-29
2528,600523,贵航股份,117199272.56,5.24,1720880186.33,1.6418045955,1340907671.02,22833409.05,158843922.67,-8849921.65,1622099544.77,137512973.4,134934573.95,2025-10-29
2529,600517,国网英大,1452432107.05,26.26,7693679066.15,4.64,4136186255.32,259465513.0,878275433.87,-11671837.8,5771252988.71,2571660016.89,2575022098.4,2025-10-29
2530,600515,海南机场,212860007.44,-73.05,3092091676.82,-31.8400807251,1855957356.02,105403261.58,486858418.1,265106363.31,2926072634.03,250030315.5,227821018.37,2025-10-29
2531,600506,统一股份,26639691.52,193.392808712806,1828696965.46,3.1032641339,1471617451.97,153701328.12,82005455.31,47153169.81,1802815763.95,37591122.43,38080741.68,2025-10-29
2532,600503,华丽家族,1692288.71,-88.71,262802218.5,92.527612434,133288464.96,19776987.05,61117176.13,-8036368.64,254652360.66,13502763.7,13608610.07,2025-10-29
2533,600496,精工钢构,475495614.77,-11.24,12046393856.7,4.2642087141,10473479452.07,134170041.63,399849781.94,56080947.48,11599055440.66,533020314.22,539604899.63,2025-10-29
2534,600488,津药药业,186695386.54,23.03,2572214567.52,-9.3581675743,1429442530.13,435246501.67,240384816.41,8897485.78,2279961906.11,253428111.34,255379475.76,2025-10-29
2535,600483,福能股份,1773227323.74,8.38,10485353878.79,1.2216813428,8179637935.42,22412971.8,213104468.8,384000330.52,8983863556.64,2434763473.35,2440236796.38,2025-10-29
2536,600478,科力远,20570643.99,-19.48,2464026572.29,2.7324996093,2131638820.9,32663745.05,205776203.3,104602905.08,2532497302.56,-10410563.74,-10652258.22,2025-10-29
2537,600475,华光环能,481316646.31,-6.58,7232502726.19,-6.1235446261,6066797792.52,75311091.66,452500515.09,158079458.41,6963890389.67,662797676.41,764515912.32,2025-10-29
2538,600467,好当家,29526834.7,-19.91,972006952.19,-9.0568350249,806081132.03,29706861.86,41690936.17,90982005.34,980500050.59,29905731.63,31301380.39,2025-10-29
2539,600455,博通股份,22917021.65,18.91,211369406.9,9.6500426012,103290408.97,64109.02,72386758.82,4854131.68,180785322.6,31420251.48,31461608.0,2025-10-29
2540,600446,金证股份,-115441238.66,-380.99,3478203358.28,-14.0718954644,2811532639.59,130879089.29,270475415.96,4340861.99,3633018786.82,-137095629.42,-137752430.9,2025-10-29
2541,600429,三元股份,104994806.61,-55.53,5415694416.22,-11.9574248163,4115263151.56,964289185.94,192959308.76,61176454.95,5455589227.55,128018358.38,129529932.62,2025-10-29
2542,600423,柳化股份,31053114.12,178.34,123284957.68,40.164614958,92358772.23,666323.92,7612371.12,-10449810.13,92496680.17,31089066.78,31088867.02,2025-10-29
2543,600410,华胜天成,-214032678.92,-6506.35,2977002019.07,3.4064686371,2608715730.05,158192437.9,175627715.6,28620418.82,3053672199.16,-204193622.3,-204849888.46,2025-10-29
2544,600409,三友化工,394728657.3,13.51,16077908159.01,-2.0515549354,13377754574.52,106532976.56,1135007925.95,133305625.83,15436263871.33,680222937.08,705740580.26,2025-10-29
2545,600397,江钨装备,-162050810.92,-2005.71,4167183066.05,-21.5423056713,3920063507.02,49586616.81,147753157.79,125295275.07,4295265114.85,-111660768.46,-127556969.62,2025-10-29
2546,600396,华电辽能,24218934.51,-98.88,3121747727.66,-36.831358936,2613667134.55,,112557693.34,289909437.31,3049161355.98,92094814.91,97600410.82,2025-10-29
2547,600375,汉马科技,-372205621.61,-190.571295950621,3081977185.72,16.0948346065,2958339522.57,64063457.27,130482827.59,67966297.52,3359724680.65,-402923471.2,-401255935.04,2025-10-29
2548,600371,万向德农,51761652.64,0.87,277145528.36,23.493572743,203394925.93,25235754.98,10598275.47,-8441849.32,240549733.43,56611061.47,57198112.89,2025-10-29
2549,600362,江西铜业,4984199890.0,0.83,392219794945.0,-0.798413965,377884064483.0,551847878.0,1721226936.0,732094536.0,383076869345.0,6999545030.0,6983152915.0,2025-10-29
2550,600360,*ST华微,101721358.88,371.14,1579463087.98,24.8565768256,1175427189.1,32412419.73,91822468.61,73939956.35,1484399502.77,112862152.96,112532127.76,2025-10-29
2551,600352,浙江龙盛,1353419575.41,50.52,10609876435.17,-2.0323138712,7574216780.13,529467251.65,569710602.74,-117800090.01,9068678231.74,1846923483.74,1854425145.34,2025-10-29
2552,600336,澳柯玛,2826629.34,-97.39,6381630518.4,-11.5102188911,5569779109.5,457302476.2,124537377.1,36095030.14,6391389921.23,3506891.79,8511786.16,2025-10-29
2553,600332,白云山,3158976998.91,-16.68,59060000304.02,1.5046104082,48603741326.07,4230704840.48,1758912109.37,2042706.64,55409270136.71,4001068355.99,4006037802.35,2025-10-29
2554,600323,瀚蓝环境,1385280521.78,18.82,8731319227.31,-2.5764202844,5985834025.01,84609700.67,473450496.02,382660616.73,7045836530.38,1726688067.58,1730520393.01,2025-10-29
2555,600281,华阳新材,-87658325.62,29.727509058226,248339454.23,0.6242862877,256420958.86,3581364.77,47363612.34,17353106.0,327667466.93,-76906911.46,-77162566.23,2025-10-29
2556,600265,ST景谷,-11815811.86,-489.07,339546991.5,-19.3389311892,321771422.57,1825421.96,25484557.43,13212086.85,364364164.96,-13780507.88,-14247544.56,2025-10-29
2557,600249,两面针,84017401.22,316.51,791383833.34,17.259864939,660578140.77,76174358.55,58105790.26,-30461084.94,781331108.23,104001748.58,104268104.86,2025-10-29
2558,600233,圆通速递,2930187624.04,10.21,49369428713.52,21.1255254334,44613514796.1,156611202.18,858721419.08,89157881.07,46025395702.15,3413496093.68,3414069721.75,2025-10-29
2559,600232,金鹰股份,53143433.17,83.32,1089328922.41,12.3856567678,874487895.45,27427377.8,45573138.01,13417940.87,1002393482.38,76143144.28,79553401.64,2025-10-29
2560,600196,复星医药,2010642360.52,-11.93,30911889002.9,0.6898017118,15889599601.5,6592219720.43,3144563560.08,854564650.13,29362812762.85,3107588817.82,3071565885.4,2025-10-29
2561,600184,光电股份,1105097.91,-97.48,1043531998.52,-30.5262674906,880030474.2,6187735.0,110641241.53,-5925185.57,1051557705.15,2138342.11,2080961.82,2025-10-29
2562,600183,生益科技,1372245845.97,52.65,14744796525.21,19.4151356227,11505283727.09,261028437.44,592776171.25,59506830.24,13292724316.91,1618653897.71,1616712805.32,2025-10-29
2563,600182,S佳通,156357267.14,19.83,3424667530.22,11.6903621993,2774454185.91,36703148.47,185469183.29,19630513.15,3059695957.59,365080110.6,365572540.39,2025-10-29
2564,600180,瑞茂通,125304417.85,-68.74,22545576279.88,-36.2320483236,21625992359.96,169711550.49,202681368.57,209527264.17,22245229853.63,176102871.5,179186209.65,2025-10-29
2565,600168,武汉控股,72679227.82,-77.67,2853175742.65,21.8901611873,2238773423.53,2452669.55,66858640.65,373164502.63,2766819239.13,53716004.53,75401285.74,2025-10-29
2566,600150,中国船舶,2716582826.78,-11.35,91047386926.35,13.1212015319,81377208004.89,249109831.41,4822517203.63,-2023171276.93,88952923599.79,3385721444.14,3486773584.5,2025-10-29
2567,600120,浙江东方,406472804.51,0.68,7509660673.78,-29.4579313347,6659711518.65,74138273.11,432867525.09,81998139.37,7816097351.16,507642843.21,507695730.1,2025-10-29
2568,600118,中国卫星,-14740591.03,-108.88,1674453122.67,-54.4114225419,1361906347.35,28714872.74,241813984.75,-8236206.34,1682745592.18,-34963675.56,-34692207.88,2025-10-29
2569,600096,云天化,4424012953.34,19.42,46724088795.92,-12.3417043274,38787029040.75,521163445.45,663097325.43,385914954.96,41298915482.11,6045808394.58,6006965527.78,2025-10-29
2570,600081,东风科技,61244755.67,-5.33,5064707624.87,-4.7419411582,4459736593.16,48679220.79,276498063.3,-21980437.33,5043779438.91,191421687.05,192448678.89,2025-10-29
2571,600066,宇通客车,2431852878.64,131.49,24074847816.6,27.0412635763,18940638566.4,894333158.45,571315023.75,-14786556.02,21763007665.35,2639357761.52,2674192208.57,2025-10-29
2572,600059,古越龙山,134661379.62,1.08,1290827216.18,11.2997294604,816483966.61,167104969.01,79817127.06,-30154222.4,1106349334.88,180883897.16,180769792.35,2025-10-29
2573,600054,黄山旅游,284897171.45,-30.15,1411834132.83,-1.5815742275,657733103.45,38909346.11,252488876.89,1116045.06,972491668.65,444171338.97,448019016.31,2025-10-29
2574,600032,浙江新能,643668927.71,15.93,3916160021.15,12.0743123628,1937965811.78,,168463332.15,743405745.92,2895307340.06,1093122483.16,1097407395.07,2025-10-29
2575,600027,华电国际,5555744000.0,14.63,106195263000.0,-6.5189558543,96698051000.0,2094000.0,1433215000.0,2860842000.0,102130747000.0,8148328000.0,8296299000.0,2025-10-29
2576,600012,皖通高速,1401167667.26,-9.6,5499280225.75,16.099921942,3455569657.31,,126936972.69,51689300.17,3661160782.92,1874246198.32,1877263483.78,2025-10-29
2577,600011,华能国际,10412915465.0,-17.12,184395715008.0,-3.6200799026,154845258722.0,180191612.0,4595961601.0,5958262388.0,168159027080.0,16924852398.0,16459903229.0,2025-10-29
2578,302132,中航成飞,3348160665.71,4.08,45473283455.81,-3.0476078042,40427981391.86,68793110.65,879455471.16,-282648259.87,41686766624.48,3936038212.66,3924782817.14,2025-10-29
2579,301662,宏工科技,111398976.96,,1459034841.95,,1059876392.54,52048076.9,71251264.43,17170693.66,1314583556.84,118408032.74,116833694.53,2025-10-29
2580,301658,首航新能,217648474.44,-47.189857471079,2045698394.11,-32.301779359,1294994384.29,147177054.07,162601507.5,-14789963.19,1817003330.49,236900370.12,234313238.67,2025-10-29
2581,301630,同宇新材,109981156.34,,714047674.93,,522621685.2,5377478.09,35654708.5,1506579.21,587899636.95,125936566.6,125859759.67,2025-10-29
2582,301618,长联科技,56102946.58,-5.42,414106849.37,7.638712652,276330172.43,26984231.99,21890588.1,2602972.79,350651217.9,64508815.63,64245076.96,2025-10-29
2583,301607,富特科技,82537923.0,-13.63,1183172887.41,-15.2502105232,888097679.39,18797558.93,71665629.93,1409779.18,1112191180.81,81107378.47,82684599.66,2025-10-29
2584,301600,慧翰股份,134869498.24,44.72,734852698.03,32.9258160097,517414101.74,4942628.85,17676278.39,-708131.96,583271775.79,153634421.6,153720012.99,2025-10-29
2585,301595,太力科技,67002234.75,,767926688.72,,319543425.22,276780189.56,66617075.15,-1994001.5,691483521.04,77749526.2,77292867.15,2025-10-29
2586,301590,优优绿能,194043308.59,,1061502084.55,,709419234.18,37968894.08,18889580.04,-1009878.02,846216477.66,216304748.86,216167126.71,2025-10-29
2587,301589,诺瓦星云,460710875.02,10.03,2371059787.73,10.6011156399,1060671337.3,322681903.07,127246564.07,-1245307.86,1914771076.08,512988579.78,513692044.75,2025-10-29
2588,301580,爱迪特,111098101.14,12.71,641129724.8,14.0893783495,301851281.65,131211299.02,48031887.58,-5537750.95,512708352.98,127961060.39,125982795.77,2025-10-29
2589,301578,辰奕智能,32743168.1,-49.43,618584185.13,26.5100127669,500873866.55,16478900.27,35074773.98,-530106.78,584533892.72,36685809.83,36401920.62,2025-10-29
2590,301571,国科天成,107057779.39,41.85,643653271.96,46.2335166522,406177507.79,7946033.36,30466335.76,11053783.74,489681517.52,125572508.92,125550279.05,2025-10-29
2591,301568,思泰克,52375890.16,-37.17,216025374.94,-20.4910031948,107283375.84,32262563.35,12575519.96,-2608862.28,169846241.65,59557254.29,59480665.18,2025-10-29
2592,301563,云汉芯城,55513149.56,,1847036539.6,,1547071384.57,151617184.64,33685450.55,6403136.77,1778295765.47,62828584.51,61077225.03,2025-10-29
2593,301558,三态股份,43003624.68,-59.92,1249723841.96,-3.258166289,889434996.05,257053430.84,21265874.19,5868769.55,1217018953.4,47276751.52,46322176.38,2025-10-29
2594,301557,常友科技,71087991.07,35.773466417611,712373416.74,18.057467828,531260309.7,10435964.95,41609859.4,5097911.05,616077192.54,88894912.99,87410301.21,2025-10-29
2595,301533,威马农机,59958895.49,9.93,705822792.11,17.3500024946,585052756.16,23214586.33,16940074.88,-11096292.96,636572567.02,69214280.23,68541557.22,2025-10-29
2596,301528,多浦乐,27601069.45,-37.35,94014371.08,-27.2703632851,27663692.19,23404366.23,10643185.4,-814935.6,88473128.44,28213259.72,28220823.71,2025-10-29
2597,301519,舜禹股份,13605375.8,-74.16,442442292.16,-13.5312160792,297166404.0,43687496.73,45091244.57,18169777.91,430955115.79,11216259.02,11345015.39,2025-10-29
2598,301518,长华化学,33390653.92,-57.97,2194879391.53,20.4361748889,2108240568.99,25118165.32,28277521.97,-3429809.71,2174816770.22,36169245.54,36260339.67,2025-10-29
2599,301502,华阳智能,25195424.86,-47.6,372153825.62,1.5802782098,301015956.19,5461298.44,24378931.63,-407262.9,347193732.0,27383760.12,27005614.91,2025-10-29
2600,301500,飞南资源,180914429.32,7.34,9139667026.08,44.0843536522,8393479539.94,1099099.54,192016072.14,104373933.3,8748024127.92,257480930.28,226509758.34,2025-10-29
2601,301456,盘古智能,55617208.94,-26.78,343778499.81,19.0229461342,212651998.9,39906572.66,26162224.12,-9354238.66,296053513.79,62835111.21,62834556.59,2025-10-29
2602,301439,泓淋电力,138190062.59,-11.53,2538249778.2,34.1552377618,2237825291.59,46751800.53,52067262.68,-29488342.8,2409465674.59,139611104.13,139562023.5,2025-10-29
2603,301428,世纪恒通,65644826.96,10.67,926396078.68,21.0310101001,708677281.72,35954194.28,73071808.27,9837186.81,862111188.59,70357570.9,69789966.29,2025-10-29
2604,301421,波长光电,30816176.84,-27.73,276998401.9,5.9057645123,179738946.45,16066338.67,34610079.52,-8453246.14,240453454.8,37251313.51,37137166.56,2025-10-29
2605,301395,仁信新材,32991132.94,25.13,1567262281.01,4.9601842086,1532295355.03,1043604.44,12776054.77,-2424017.53,1549667061.42,39284173.62,39236052.3,2025-10-29
2606,301393,昊帆生物,96335195.65,22.1,328158737.06,8.0753041571,191553471.0,9686865.68,23460639.15,-24880501.99,228599500.59,110993701.69,110547344.17,2025-10-29
2607,301383,天键股份,167749583.97,52.92,1677243325.23,30.1952094947,1364795705.46,12286111.86,70567746.32,-14701397.2,1519824218.24,191362694.15,191442142.77,2025-10-29
2608,301382,蜂助手,91668317.96,1.93,1095117995.82,35.7502882869,870627448.31,27541964.09,25712091.71,8159772.67,973962524.09,99437921.52,99506388.04,2025-10-29
2609,301381,赛维时代,195406112.49,-12.2,6801651543.61,55.4954868399,3745699569.49,2584768666.08,143791306.14,-15362833.73,6549545191.21,227158242.47,222759039.55,2025-10-29
2610,301372,科净源,-38900203.3,-195.73,173313145.49,-32.5454779811,129616234.05,15035517.39,39920122.34,3184247.47,204167559.4,-40154225.55,-40100564.93,2025-10-29
2611,301370,国科恒泰,99767490.78,9.62,5479472836.38,-4.8866606023,4912337540.15,256630420.63,113572007.56,50041270.06,5354912218.48,117736975.35,118329003.04,2025-10-29
2612,301366,一博科技,83631593.28,12.22,640630625.59,10.5413461274,410797218.42,34748099.17,46445249.53,-2708125.79,572653515.82,90201587.56,90200383.38,2025-10-29
2613,301361,众智科技,51558445.54,-4.57,158564730.52,-1.142209331,68433667.78,12127120.09,20674890.72,-3644135.99,117425591.68,58020457.32,58334188.74,2025-10-29
2614,301339,通行宝,167112217.28,7.59,533774282.51,18.0938638092,257825484.03,51011665.18,52617536.11,-12306307.37,393420463.82,181727484.86,192427484.86,2025-10-29
2615,301333,诺思格,84417173.32,-32.93,561924953.41,7.101297444,341719267.41,10673401.16,85287977.23,-3011934.16,479667281.05,97370151.93,97209662.22,2025-10-29
2616,301330,熵基科技,120678385.94,-12.96,1410900152.75,-2.0197076576,715444301.66,319291166.12,80418280.82,-13892864.0,1283744507.66,142915193.06,141531508.6,2025-10-29
2617,301327,华宝新能,159428110.9,357.06,2132656828.8,35.0204037668,1169296912.66,596018704.83,127582220.47,-27817012.16,1988349721.84,179385834.66,178794037.78,2025-10-29
2618,301325,曼恩斯特,64157104.54,-74.43,1029950148.32,83.5546150526,749801715.93,71724148.92,62113040.9,6139377.19,970523986.78,47006539.67,46954841.97,2025-10-29
2619,301322,绿通科技,125473091.01,-39.81,639753549.32,-24.2420333947,463231618.65,17782123.83,34746664.92,-21997543.59,518663813.57,146019786.23,145647854.19,2025-10-29
2620,301320,豪江智能,44139127.93,2.84,594516169.09,13.1090195807,449159168.16,21671737.85,33663562.81,-6355152.91,538667709.57,53102492.58,53105313.13,2025-10-29
2621,301319,唯特偶,73067610.95,-5.58,855227351.73,20.3802050959,701019820.5,33505878.15,26085428.86,-2793884.55,783801997.09,81857794.12,81822469.01,2025-10-29
2622,301318,维海德,88179877.62,12.11,452210087.54,25.7249388735,246104863.91,53039830.66,26971812.16,-9646731.76,384898516.33,90898834.92,90189915.14,2025-10-29
2623,301314,科瑞思,13402889.85,-27.9,124851121.36,-16.038288034,95041318.71,4706138.07,19402433.37,-11956439.59,120928498.49,16324405.52,17269489.93,2025-10-29
2624,301306,西测测试,-94787994.54,-492.39,312618441.22,68.2715848359,282611404.53,34081579.04,50084551.68,7707202.14,390814149.51,-91771627.7,-92351954.99,2025-10-29
2625,301302,华如科技,-267645826.49,-1732.98,153421512.77,-52.2211926431,238113423.52,42514232.93,78446114.49,-2272983.25,494209892.39,-335750578.14,-335614297.73,2025-10-29
2626,301299,卓创资讯,52641298.55,30.34,219065891.3,3.4132807921,74370614.57,48935246.82,31755911.21,-926768.64,173750882.24,59546757.83,59599167.72,2025-10-29
2627,301296,新巨丰,124726362.55,11.91,1249115351.82,0.9820317836,959878143.09,28418761.53,134746904.69,3967214.51,1144780096.1,146303517.82,156439165.3,2025-10-29
2628,301290,东星医疗,65578456.4,-8.17,316018608.17,1.574952184,161890589.14,35597739.13,50851498.2,-2760302.01,265917172.26,78640550.02,78013481.54,2025-10-29
2629,301276,嘉曼服饰,103880930.99,-18.41,686680691.23,-4.1633384749,260092322.05,239151552.39,65264637.63,-3972523.73,564627104.14,138984482.76,137584379.4,2025-10-29
2630,301275,汉朔科技,528473906.26,11.759876751423,3157498437.59,9.9971562716,2015569290.66,214023178.66,166461716.85,-22532333.82,2534009230.95,612839290.0,612861692.06,2025-10-29
2631,301273,瑞晨环保,-41994727.44,-364.1,147120788.37,-26.1420475646,85931532.61,45837111.92,29226487.96,-2215105.0,183666052.91,-47261919.3,-47262821.38,2025-10-29
2632,301267,华厦眼科,420861349.22,-24.49,3181879566.3,2.5463750197,1717111676.34,450517487.58,368250115.21,25398784.92,2626338758.9,631024054.41,567913657.64,2025-10-29
2633,301266,宇邦新材,46424943.13,-60.54,2476570898.29,21.0374898345,2326383004.26,4901221.81,21505698.18,19579933.85,2431065531.41,44999916.43,45346037.95,2025-10-29
2634,301263,泰恩康,116335540.57,-17.97,572371417.94,-1.5014622232,220884190.22,94248613.58,53913447.06,3416617.09,440929353.48,134287478.96,132399592.4,2025-10-29
2635,301259,艾布鲁,-33533209.14,-1043.88,113107512.39,-24.1412919381,74306332.5,6645820.43,27007095.45,-656649.07,117451583.13,-39419878.39,-40977262.88,2025-10-29
2636,301255,通力科技,43638344.57,-30.4,325831806.53,-4.3220050026,240891953.6,12283737.67,10796427.65,-4383264.76,278501271.14,50862558.82,49306345.7,2025-10-29
2637,301222,浙江恒威,87217627.82,-1.99,515437677.92,18.2746166345,386283768.38,6611075.48,13060956.64,-10529155.52,415140290.77,101708070.84,101970227.52,2025-10-29
2638,301218,华是科技,-4679923.52,-220.74,220481035.93,14.0970417731,173747233.16,9211172.43,43513268.71,-8956586.18,244932682.17,-5645056.59,-5526868.05,2025-10-29
2639,301216,万凯新材,-92978942.42,-119.35,13150652707.67,1.9197672944,12907367310.21,52101013.2,123726725.16,9857310.49,13186089793.95,-124627314.32,-123483700.14,2025-10-29
2640,301205,联特科技,62256350.41,190.81,642590093.64,45.5696979599,467327892.48,16427531.53,35986459.31,-11255288.25,548903115.59,66304111.38,66552680.94,2025-10-29
2641,301202,朗威股份,55589161.54,27.88,896037009.11,38.776910275,727917943.82,30436044.07,31365760.72,793613.53,827566237.95,65890735.65,65340507.88,2025-10-29
2642,301193,家联科技,67135871.42,6.53,1722595857.45,40.0776309923,1400696658.87,89743847.11,115091821.11,39715874.73,1706916069.6,75312763.36,67723361.22,2025-10-29
2643,301192,泰祥股份,43775651.04,58.06,311819752.78,50.5164389188,220117620.31,4546666.99,25845607.45,2655439.24,271960538.41,48541255.44,49740094.93,2025-10-29
2644,301191,菲菱科思,104364374.03,-14.08,1257247510.02,-15.6082658643,1033480042.93,14818980.33,29223705.04,-7465192.58,1176456176.01,106749221.0,106433588.81,2025-10-29
2645,301189,奥尼电子,-34434149.64,-2297.75,373518819.67,-6.884423765,291299788.72,38358117.42,55123337.13,-13289714.04,429266222.35,-55293435.3,-55289189.74,2025-10-29
2646,301186,超达装备,76306460.38,-4.79,521647980.36,11.5672699737,342618775.26,16556413.34,36819877.31,-5153389.95,428817207.9,90058648.36,89745068.37,2025-10-29
2647,301182,凯旺科技,-38459446.03,-23.71,437847921.62,17.0405671171,432756698.39,8369203.01,31175744.27,2711655.39,507556806.64,-55142822.29,-55176784.59,2025-10-29
2648,301178,天亿马,-21162978.75,-356.83,155274710.07,-11.5343977365,130269326.2,18866986.08,26720695.74,-4589457.49,183962384.34,-29406196.13,-31470669.73,2025-10-29
2649,301173,毓恬冠佳,125787548.45,29.000726135285,1595207385.62,-4.5619506649,1306552621.93,15166048.06,60413045.21,2949967.66,1445050792.31,157742443.37,157405532.02,2025-10-29
2650,301163,宏德股份,19138715.31,-47.35,476806071.51,-13.5571162896,401919578.88,2341189.01,25489319.25,-4557761.64,455100904.59,18887754.89,18260468.71,2025-10-29
2651,301160,翔楼新材,138814234.01,1.04,1074670960.18,13.4574515635,804506120.92,26037527.07,43542030.61,1542294.34,929329143.89,160329746.3,159414483.74,2025-10-29
2652,301157,华塑科技,21879721.58,12.3,191166033.88,22.5580546614,131020464.6,16564267.36,12529639.6,-2397949.93,177724310.65,23451773.67,23452047.34,2025-10-29
2653,301141,中科磁业,10723082.34,-71.87,385661685.3,3.4226119632,346310116.36,9400919.83,14059829.24,-10317330.72,375364931.6,12466483.93,12464510.54,2025-10-29
2654,301136,招标股份,-1910217.77,-108.28,327690057.72,-17.236642067,197320742.25,7943149.02,79918804.91,-4236695.55,308022536.48,-1073077.39,-1533204.67,2025-10-29
2655,301120,新特电气,11364402.41,-82.02,286866024.56,-19.1695825796,203582480.48,15286443.12,30818801.29,-5023733.31,275559583.32,14758080.9,15996157.98,2025-10-29
2656,301117,佳缘科技,-17854159.69,-155.24,194548387.88,4.5970800406,109779493.24,13031923.88,33344825.59,-1030564.1,204577290.42,-23662658.75,-22767889.12,2025-10-29
2657,301116,益客食品,141013284.54,2721.59,15363120450.17,-7.2972009891,14612423758.38,93327795.9,261013923.05,51382949.75,15060958854.26,223733576.86,217448385.54,2025-10-29
2658,301115,联检科技,20946075.03,-72.93,952812552.48,12.0546852292,617215487.44,80551749.84,163030259.38,1757732.24,939582875.53,36705265.69,33242427.44,2025-10-29
2659,301105,鸿铭股份,3918420.69,211.48,156860930.36,8.5488896454,104097182.62,28184231.57,13255403.84,-3258653.48,153051367.01,3747403.18,3715481.74,2025-10-29
2660,301098,金埔园林,15870573.82,-62.31,555153898.83,-6.6648849265,392083262.22,,57049281.62,28301639.51,500716078.45,31129625.15,30137431.41,2025-10-29
2661,301091,深城交,59193983.02,13.19,780345133.85,-11.5857341377,518016887.79,25106233.59,91893740.1,-2556737.89,714064668.99,48462738.37,48506395.06,2025-10-29
2662,301089,拓新药业,-2653779.13,-100.85,325753716.96,-56.3407650666,242077660.34,9524506.16,65788241.8,-2033409.41,349459875.73,-7148791.12,-10897164.57,2025-10-29
2663,301085,亚康股份,57105232.06,-31.39,1195946326.44,-14.5347575086,1033038360.89,19140618.04,36887673.11,15780203.21,1128971774.98,62597117.26,63887234.88,2025-10-29
2664,301080,百普赛斯,83490036.25,-34.85,463485245.28,12.3382945314,40191717.1,146082734.06,79394405.31,-38020865.4,351268977.24,79841546.48,79873742.25,2025-10-29
2665,301079,邵阳液压,16933107.21,-7.87,272550137.94,24.0337773419,208984165.08,8319994.32,18297253.42,1768402.7,250802187.91,17672461.58,17870709.41,2025-10-29
2666,301067,显盈科技,5621542.74,-62.65,622740938.97,33.1282951426,491782336.41,17515059.56,57439942.76,1458936.19,623472545.33,4418963.32,3850351.99,2025-10-29
2667,301063,海锅股份,23026548.71,-61.49,1008611150.01,6.2310059241,915707316.26,5260654.7,27519952.48,-2085328.77,982775351.87,19087940.34,24724993.41,2025-10-29
2668,301056,森赫股份,79595571.81,24.69,540873845.57,2.7408169039,358338628.35,64614547.68,22657229.91,-19867239.57,450966211.44,90496426.0,90314552.42,2025-10-29
2669,301048,金鹰重工,104749756.09,-39.87,1914249766.1,-0.4983424405,1656163805.82,24709233.01,38819777.09,2563501.95,1787481753.36,126489285.58,126825330.26,2025-10-29
2670,301042,安联锐视,75264721.38,15.21,553940660.76,14.7839396229,363911545.52,20299431.01,39306097.7,-16801511.84,477596774.01,78886961.99,79817031.43,2025-10-29
2671,301029,怡合达,328251507.24,-27.31,1857212087.29,-15.7193933102,1199060947.68,100305501.03,138539984.03,-26616769.57,1502216168.99,372777986.87,372938396.25,2025-10-29
2672,301017,漱玉平民,-13192041.5,-108.15,7078113227.24,8.3203472346,5153010297.58,1553916836.12,231878589.07,104379565.14,7068782768.84,-1623384.5,-16285037.28,2025-10-29
2673,301011,华立科技,69603709.93,55.74,752048989.63,26.39344275,523304357.39,40014918.72,42149006.84,7602111.37,643951065.45,86219575.57,82805452.05,2025-10-29
2674,301007,德迈仕,40957514.89,-2.2,523411894.37,11.3041973688,419537271.93,4806035.53,34805657.24,-254777.71,486670595.22,42865661.46,42981035.43,2025-10-29
2675,301004,嘉益股份,530988791.66,69.2,1985164069.91,61.5969176941,1200152058.38,16966433.69,75503047.47,-4266081.3,1367587230.1,619428543.14,619089833.96,2025-10-29
2676,300996,普联软件,14928147.68,148.36,293805190.93,5.859066431,188166871.57,20169708.05,60784823.93,-1719658.81,304622021.69,7426476.41,7502183.32,2025-10-29
2677,300995,奇德新材,5575007.14,10.28,254482335.36,26.0044530254,199809230.93,15414892.98,22994032.38,-1815708.7,248406703.16,7798642.41,6901358.86,2025-10-29
2678,300989,蕾奥规划,-26868129.64,-221.29,233895797.55,-20.3790410468,130591362.0,12893574.62,78774957.39,860489.92,251729751.23,-14012196.66,-16720427.03,2025-10-29
2679,300986,志特新材,59330215.66,17893.02,1805191440.98,13.4031377213,1328971415.24,106936398.13,91954625.69,53715384.93,1681124101.7,89558674.54,87275405.44,2025-10-29
2680,300981,中红医疗,51032305.48,454.87,1838289686.09,16.2190247961,1585741723.51,88864953.67,94969109.96,-22064638.34,1796999850.39,63284870.37,62339819.1,2025-10-29
2681,300973,立高食品,203106824.44,28.21,2717264207.79,5.216202241,1843215036.19,313212052.67,189316029.21,6891021.8,2474389308.26,244277505.35,243544741.36,2025-10-29
2682,300955,嘉亨家化,2216847.43,-91.54,690890785.07,-5.1648699796,546984358.27,6129155.81,110034264.99,7092703.18,702579904.61,-5870548.44,-6212403.19,2025-10-29
2683,300949,奥雅股份,-103739925.08,-81.51,351472535.35,-7.6954263873,219901856.57,37059983.16,66313839.64,2172741.86,351525366.88,-102813835.87,-103664738.37,2025-10-29
2684,300948,冠中生态,-7123149.35,-117.17,144545894.52,-50.5137462748,92031667.99,4795136.89,22821140.34,15440871.29,149506404.66,-11281297.91,-10781675.76,2025-10-29
2685,300947,德必集团,22251958.0,-18.48,947298514.26,14.0500743862,623940677.49,35736898.0,132329580.28,115986205.55,914949014.25,41952957.66,38075321.61,2025-10-29
2686,300939,秋田微,73112080.74,-24.96,808033216.12,8.7683986377,605565963.06,28020089.09,44362926.73,-4261550.19,734869781.06,79032858.48,78901590.34,2025-10-29
2687,300933,中辰股份,47697068.82,-25.69,2276397554.71,12.4078313318,1960246087.33,81384729.63,42502570.66,60371948.35,2232363601.47,55117965.56,55035147.59,2025-10-29
2688,300928,华安鑫创,-39525182.29,-344.31,696463158.44,-13.8088989742,641711905.18,12459111.62,39072571.59,-1330255.97,738978705.03,-47822136.26,-47879119.8,2025-10-29
2689,300920,润阳科技,18964095.99,-2.57,288615262.49,20.2467059502,227181188.68,7693336.7,28189230.39,-7317058.66,272057055.21,18631293.59,17903911.72,2025-10-29
2690,300915,海融科技,87500072.52,32.44,765951968.03,8.3066015309,490506530.26,105875180.17,55328965.79,-1905873.75,680040841.04,99388346.44,99175077.72,2025-10-29
2691,300896,爱美客,1585514287.73,11.79,2375558559.03,9.4576987326,123433524.6,205694175.21,91506952.51,-27009623.39,595718330.31,1861817401.8,1854346896.1,2025-10-29
2692,300894,火星人,15092962.75,-93.22,1012865670.45,-35.5149097451,576463162.12,277783377.21,89837860.45,-12960842.8,1021629040.52,6448255.44,4753783.92,2025-10-29
2693,300891,惠云钛业,12270205.61,-47.93,1230198398.88,-2.9984622881,1132054500.23,5773952.51,41270957.18,6429727.06,1224480122.84,11190187.97,8903736.83,2025-10-29
2694,300884,狄耐克,17559144.04,-73.66,519143922.08,-16.8322426371,299701459.39,117976712.0,37027998.43,-4979326.19,511498739.76,7481812.07,12047336.44,2025-10-29
2695,300867,圣元环保,147540130.79,11.71,1157746921.0,-4.2483487026,667875904.06,311546.63,80652367.57,141752957.81,915082217.25,201894086.64,197803937.13,2025-10-29
2696,300864,南大环境,131454159.77,11.94,600168930.71,12.4509493711,368980855.69,4095614.19,46076643.83,-17713706.92,445716146.9,156106829.79,153793428.89,2025-10-29
2697,300861,美畅股份,281750086.96,-79.72,1891871971.83,-43.2105786733,1426996270.23,25581251.99,60105531.32,-8036706.77,1564399753.46,351812034.72,351298616.71,2025-10-29
2698,300860,锋尚文化,22037636.06,-62.42,380713406.02,2.89381311,263508564.69,12757400.98,36840161.16,-4919401.12,338669162.85,29807249.43,29123470.42,2025-10-29
2699,300851,交大思诺,19702899.67,-48.76,213817428.11,3.91491965,60733251.26,18089042.44,51653604.54,-526647.86,211881591.55,19195280.48,19211936.93,2025-10-29
2700,300849,锦盛新材,874009.84,105.13,259319236.54,44.3207151975,210488964.17,6959066.78,35161565.67,1304068.46,264734582.72,-203632.69,-146938.0,2025-10-29
2701,300843,胜蓝股份,87685622.51,22.31,923415008.58,-2.206383416,695274530.52,20430882.93,64161954.59,39764.23,847074429.56,89151559.81,87985989.64,2025-10-29
2702,300842,帝科股份,292861547.39,0.07,11509009808.23,88.7706290625,10389712657.06,135697410.53,39749931.81,108610610.76,11063314932.34,287671900.13,294310107.82,2025-10-29
2703,300833,浩洋股份,258355639.64,-16.8,946173542.27,-6.3889598101,462125905.84,75625867.79,67548499.26,-23552789.55,649502429.4,310681800.43,309685050.92,2025-10-29
2704,300832,新产业,1383591276.93,16.59,3414275264.56,17.4055389755,944277061.1,522483079.0,88485210.28,-23431372.79,1872555539.35,1601772633.01,1583977717.3,2025-10-29
2705,300827,上能电气,301870420.17,44.82,3069056752.97,-7.2973892635,2363859452.97,111613595.61,75846007.44,19513141.78,2748205387.76,308540472.19,308407339.2,2025-10-29
2706,300816,艾可蓝,51562814.54,221.64,715336792.27,-4.780995774,548010562.52,30948566.09,37133205.43,11502161.33,669440793.57,63668238.84,63714625.56,2025-10-29
2707,300814,中富电路,31170009.39,7.01,1043775797.11,12.144429805,905457024.06,16987894.94,28551279.48,-6042157.6,1011147405.3,27574499.37,27245617.31,2025-10-29
2708,300798,锦鸡股份,8826224.27,-69.89,708002699.26,-0.2651117814,603144352.3,15353567.45,40513979.14,7360547.61,700078729.01,16020581.4,15121675.93,2025-10-29
2709,300791,仙乐健康,239801624.33,29.52,3048456382.86,21.7958612066,2097116584.96,232824240.44,296966131.63,66062279.69,2813726698.28,246930167.25,241950107.85,2025-10-29
2710,300790,宇瞳光学,133308460.26,221.38,1993437970.18,33.6687350726,1537473241.62,35961083.86,120740738.5,51614432.48,1871277194.56,155474812.06,153245353.83,2025-10-29
2711,300787,海能实业,51032879.33,-52.62,1555646650.51,10.7544317639,1107575447.92,91244093.41,120197345.48,25220939.82,1512085345.48,29643220.6,29663458.73,2025-10-29
2712,300781,因赛集团,36269312.66,10.51,700940188.32,80.9126435568,538048376.16,69943169.98,32131774.02,1403840.66,655851669.77,53013273.55,52890744.18,2025-10-29
2713,300779,惠城环保,43358125.87,-68.13,862187538.48,10.0667661165,648429618.92,26308530.77,78695332.56,45961445.25,827165087.83,34730965.39,39412401.04,2025-10-29
2714,300777,中简科技,231174773.74,-5.59,532627304.17,33.2635148769,206073466.82,1573565.94,25516908.86,-7798462.72,293602880.19,267337150.06,265634522.06,2025-10-29
2715,300767,震安科技,-56844583.98,-462.02,318500819.1,-41.0716286394,207393109.28,64985465.31,35309100.84,19521942.22,355105797.41,-60294239.18,-58195057.77,2025-10-29
2716,300759,康龙化成,1421799112.63,24.82,8817275052.0,3.0024582602,5830869556.22,186558875.54,1206450606.39,132742880.55,7773877243.72,1627236356.8,1621875520.46,2025-10-29
2717,300751,迈为股份,758506974.71,6.3,7767006793.7,52.0903433574,5651300293.82,322182441.07,165469902.01,-23915991.23,6787357404.72,868776492.03,876548043.21,2025-10-29
2718,300738,奥飞数据,105946901.32,-13.63,1581187398.61,52.1749738028,1177163854.85,18877873.95,44371699.59,171554733.1,1468001179.89,105966360.53,105380711.41,2025-10-29
2719,300735,光弘科技,148768761.78,-37.37,5178179392.26,49.9096287867,4559862956.06,20973875.73,257758159.68,-8192965.15,4968309722.08,250152413.22,250174832.68,2025-10-29
2720,300731,科创新源,10672932.57,-2.39,593040961.42,66.0639161325,463179284.57,24182849.21,47895582.58,5054631.07,574452735.26,12989721.76,12556408.81,2025-10-29
2721,300730,科创信息,-62353055.93,48.5,147656867.6,18.1791847461,118993162.02,24313912.89,28323622.37,7112491.14,216589261.75,-62386938.23,-62434990.85,2025-10-29
2722,300703,创源股份,59692302.93,-10.46,1385070175.48,38.3261363496,961549082.96,154735951.86,129857957.1,-3361399.34,1297097614.47,79387267.12,81238573.28,2025-10-29
2723,300701,森霸传感,36862201.34,-2.4,320487166.95,56.8657306756,199111929.87,26199211.81,25906007.91,128974.28,275911670.16,50370590.19,50475004.65,2025-10-29
2724,300700,岱勒新材,-84864886.83,-150.88,288045547.6,-60.7977714736,297361408.67,16831384.87,32531290.87,7722899.02,384722037.08,-98291665.89,-98557812.41,2025-10-29
2725,300682,朗新科技,160155934.44,-21.83,2699395357.37,3.8007936253,1501763642.09,556797864.58,238589362.57,-19588795.22,2669793709.71,105806227.45,105584057.78,2025-10-29
2726,300656,民德电子,-10198035.84,-159.73,259836628.05,-8.2551331702,165246247.14,14308037.58,16643042.66,12255668.82,228833941.23,-11070266.88,-11185277.3,2025-10-29
2727,300649,杭州园林,-16588939.93,-212.4,151293491.62,-25.8532366106,126791221.53,2428881.95,29615771.75,-1602949.57,170242044.72,-18268275.9,-18260346.71,2025-10-29
2728,300639,凯普生物,-261923132.65,-252.19,610244080.75,-28.2596589655,281847046.05,170995014.41,167456535.91,-14109427.39,678692168.29,-456826666.67,-460461323.36,2025-10-29
2729,300635,中达安,2242846.96,-40.96,493816468.65,5.2006630433,381479388.94,8261532.0,65582497.75,11902873.58,510538924.46,2454919.29,1252534.48,2025-10-29
2730,300633,开立医疗,108985799.47,-66.01,1398196592.81,-4.7441531543,500834084.3,425153071.27,100941379.2,-27355896.24,1351044835.32,115702869.43,115591958.78,2025-10-29
2731,300629,新劲刚,112744718.78,0.66,403759785.15,5.2592742094,135831924.85,5075711.96,34281442.73,3354645.34,225547021.36,134466193.25,134043986.02,2025-10-29
2732,300625,三雄极光,61355790.92,-57.41,1493300771.23,-10.9860447171,1006975323.24,249879021.37,122284001.99,-1918201.57,1433482448.15,67045786.71,62422326.35,2025-10-29
2733,300624,万兴科技,-5497330.36,-108.48,1052864618.62,-3.9114392176,66106961.77,586641256.65,119735046.2,-9576610.06,1071868867.42,1994108.45,1966821.22,2025-10-29
2734,300616,尚品宅配,-114157376.5,-2904.94,2731896184.18,-22.2170115119,1859712109.29,654418106.24,212417818.65,2938462.54,2911651289.46,-160333566.19,-164464955.54,2025-10-29
2735,300611,美力科技,77565257.46,154.61,1125230242.22,21.1589873132,879318619.36,27036787.23,65572975.11,12144279.65,1046155671.94,85808087.92,85548943.79,2025-10-29
2736,300606,金太阳,20397351.14,-36.24,347564372.63,-12.0402940394,259674113.81,14791327.13,26659720.73,2116413.7,328121600.05,24026431.49,24964928.79,2025-10-29
2737,300602,飞荣达,130455020.15,111.26,3552996515.08,17.5281101144,2866028054.99,83917240.88,197909944.58,13483266.04,3378778291.44,153419328.93,150542081.67,2025-10-29
2738,300599,雄塑科技,-46640658.13,-294.6,753475150.06,-21.8890643337,682768880.05,28739281.2,57607331.55,-5591198.12,791667299.99,-47185873.93,-48381162.26,2025-10-29
2739,300598,诚迈科技,-82248235.45,46.25,1407414577.08,3.4426627602,1177008634.99,51309579.83,100727047.68,5190128.66,1452486027.91,-112720205.33,-112778791.04,2025-10-29
2740,300594,朗进科技,-43284037.73,-2129.61,583223589.8,4.0731639992,455772264.19,68664571.77,38491741.63,10921285.48,621505965.0,-55642145.78,-55497236.21,2025-10-29
2741,300590,移为通信,133943830.43,36.39,693746691.21,6.512989118,398827255.72,56072535.1,28376921.37,-11855678.13,563046326.76,143376516.49,143409017.7,2025-10-29
2742,300583,赛托生物,14715312.32,-75.94,765034045.74,-17.1346306667,563185270.27,12355834.63,92297375.3,24788564.09,744755228.96,21181969.7,20734091.03,2025-10-29
2743,300577,开润股份,320537963.35,164.63,3024760362.07,32.4824980772,2324353072.07,156805561.38,181477992.89,31899699.35,2771898901.88,378355317.4,378454604.0,2025-10-29
2744,300573,兴齐眼药,290762858.5,59.47,1439292774.15,30.2688303087,311135831.8,516894927.53,120230507.73,-155630.78,1107360765.17,352309326.04,337859086.13,2025-10-29
2745,300567,精测电子,82241117.53,752.58,1830638423.32,18.4999236694,1079589068.41,114462877.35,213033481.5,58514303.08,1953677380.69,49167583.57,53886639.27,2025-10-29
2746,300553,集智股份,13623290.49,-59.89,164495248.61,-10.7917665507,91776149.56,25822435.48,22416546.9,-5718707.15,163578630.08,8168001.79,8149341.43,2025-10-29
2747,300549,优德精密,12520883.68,-20.97,254786959.31,-4.0731259545,181514120.47,18984865.62,25753391.16,1019641.17,247462816.94,14207310.09,14040158.11,2025-10-29
2748,300539,横河精密,24248264.53,-11.94,548165493.42,9.7625630673,432597696.35,7422177.94,37829544.33,8312668.78,525059204.15,26103142.86,26127189.32,2025-10-29
2749,300537,广信材料,35998141.32,2.21,386211477.69,-2.1145581138,242775476.6,25425678.66,47774687.64,3964744.38,341099839.0,46452639.16,42773316.54,2025-10-29
2750,300527,ST应急,5044925.23,102.36,721544398.83,113.8551866551,554287187.33,8060004.72,80911409.03,6981109.51,731807737.83,7206866.73,6585477.47,2025-10-29
2751,300520,科大国创,-47489718.57,-173.36,1038309826.59,-41.5079124145,635194932.66,123744149.97,108724270.27,11002538.31,1056059894.41,-96324358.69,-96313954.54,2025-10-29
2752,300516,久之洋,20147953.1,-53.42,276152555.11,-27.4100635406,170084517.68,9901689.97,30839565.64,-1803619.24,264819096.91,20538325.56,20550946.04,2025-10-29
2753,300514,友讯达,159207708.09,-1.68,823191153.18,-2.1451283337,488456476.08,65927028.87,46385953.08,-5005776.87,659757716.34,185235921.17,185021807.27,2025-10-29
2754,300513,恒实科技,-50016694.52,-244.88,825241234.75,-13.1339813624,669628501.52,56845567.35,74861084.56,27679847.31,887514036.53,-53616871.38,-53979401.47,2025-10-29
2755,300496,中科创达,151967640.77,-74.92,3694282198.21,-4.6980039853,2347457002.22,152114941.71,345745367.63,-48264175.75,3599494035.19,183914044.08,180243070.63,2025-10-29
2756,300484,蓝海华腾,20877526.38,-5.05,236414863.73,5.8860485954,143248628.14,31429457.77,19464368.16,-950212.92,220437111.9,23396284.09,24220458.6,2025-10-29
2757,300483,首华燃气,-78394506.51,-1036.47,1039973730.0,1.5698984395,949544758.24,1472047.62,54549299.55,88860202.28,1118450843.84,-74938806.36,-80075611.58,2025-10-29
2758,300474,景嘉微,23874312.38,53.28,441058430.06,-5.992129692,205215141.07,23321224.78,70264871.79,-6717563.26,490187164.14,-685095.09,-2700525.11,2025-10-29
2759,300469,信息发展,-65116397.89,1.51,149581211.44,14.1056141003,115788428.24,31547564.37,71561093.03,6680463.09,259494945.55,-95024743.51,-95460962.17,2025-10-29
2760,300461,田中精机,-34045558.35,-750.72,192600713.02,-0.2219158485,117462160.95,14879621.18,38361106.31,2650246.43,195785132.97,-36459540.35,-35099331.08,2025-10-29
2761,300460,ST惠伦,1704178.16,106.48,442961653.1,41.4551056493,360950304.2,15913863.47,42999291.0,22224975.97,472011709.01,-2314928.12,-2297728.37,2025-10-29
2762,300451,创业慧康,52752695.77,-42.27,1168619942.05,1.0109492136,582676375.93,85867434.99,173957565.23,-30568333.7,1006634936.64,59020120.81,59561648.7,2025-10-29
2763,300449,汉邦高科,-25543659.52,47.46,79780974.46,15.9806256874,69224552.56,3222492.19,26615786.79,4288130.86,106627211.02,-31515370.52,-25301908.38,2025-10-29
2764,300446,航天智造,535884931.4,120.77,5496481552.84,30.206226641,4337480021.72,69345085.75,191066492.03,-1323633.58,4892826184.85,640202034.5,642585204.26,2025-10-29
2765,300444,双杰电气,116253194.83,11.35,2563843911.84,0.5396362892,2051084186.9,128734399.59,134210191.58,24768738.98,2412456946.21,136513448.73,136495870.23,2025-10-29
2766,300443,金雷股份,149104414.9,-54.39,1313307066.26,-1.7203547298,1014531604.56,11796957.98,72357545.05,-19143728.06,1160806379.56,172802599.65,171491338.38,2025-10-29
2767,300439,美康生物,224363611.78,-2.43,1406709821.37,-4.3467565532,765354231.34,186535999.93,118152270.43,-6463946.36,1191514043.79,250212726.27,254980079.52,2025-10-29
2768,300433,蓝思科技,2370944432.86,43.74,46227754593.23,36.7366462842,38369002968.32,489679717.48,2017180019.61,228552154.08,43453740702.31,2456501944.62,2475814089.78,2025-10-29
2769,300432,富临精工,310666111.2,177.26,5882693433.31,40.7952749893,5137389431.31,86427114.12,157701757.72,34314485.62,5584063328.89,330311175.3,334154873.61,2025-10-29
2770,300427,红相股份,-52101832.7,-10.43,445024870.64,-46.1771177135,265204321.14,58954065.2,70132995.84,31531401.93,465470340.76,-54754233.55,-48918544.13,2025-10-29
2771,300426,华智数媒,-74476676.97,-3219.98,57703878.06,-74.6970115653,12789780.45,5302387.4,26531529.71,45141124.18,90083384.02,-75845170.28,-77161825.23,2025-10-29
2772,300423,昇辉科技,16281579.98,103.26,1055840040.71,-40.9712991493,859008471.14,40875886.87,71509084.19,1872022.12,1007215842.74,9469286.99,9344541.92,2025-10-29
2773,300419,ST浩丰,5911702.93,-56.64,273124735.83,-34.4941587988,180937182.05,14283943.79,37402289.05,3719489.49,271021852.33,5359749.12,8189054.66,2025-10-29
2774,300415,伊之密,480420282.35,31.71,3673449276.2,24.952481113,2489085999.69,277366552.74,186039436.62,27363895.54,3187475424.92,570501769.88,570336207.19,2025-10-29
2775,300406,九强生物,373384271.63,0.56,1237396355.82,0.30083337,274578957.58,240932669.56,105307615.95,31130395.6,793399425.93,443677728.79,441532898.97,2025-10-29
2776,300404,博济医药,43277754.83,87.98,556148773.73,55.0099170743,377140098.56,38727578.79,53418372.24,895689.19,519937507.73,31224117.99,31163247.92,2025-10-29
2777,300400,劲拓股份,60334680.72,56.43,557499804.2,0.1274145523,362960778.48,57334632.41,46334393.4,-6215376.54,498065306.53,66536565.55,66119329.45,2025-10-29
2778,300381,溢多利,42798763.22,245.33,608449754.7,1.171460808,325920046.25,106576839.33,78244228.21,-6083804.25,585349924.42,43239278.23,49557722.5,2025-10-29
2779,300370,安控科技,-34570900.48,71.17,234521392.83,-2.5450706342,173733089.76,16232029.98,56731820.91,20185521.06,300341546.28,-34316874.27,-34389069.54,2025-10-29
2780,300365,恒华科技,9287542.27,-34.98,313976249.38,-7.1067347846,214332008.01,23216453.87,43992443.17,-1154516.54,342470068.9,8232566.21,8663197.13,2025-10-29
2781,300355,蒙草生态,49992422.75,-82.31,1180643244.98,-1.1461033,875268108.72,23371314.11,83758394.89,53930396.22,1142955660.41,68036914.65,66458489.77,2025-10-29
2782,300352,北信源,-47489033.64,-2537.42,377845319.76,-20.8122445036,102512253.81,122776092.98,83243609.95,5602652.91,410989743.38,-66803122.64,-67137624.96,2025-10-29
2783,300350,华鹏飞,22513314.58,-81.6,255423227.25,-16.731624451,216410989.1,4344215.94,35782927.66,1355706.36,267550307.39,-17482785.25,23364970.67,2025-10-29
2784,300347,泰格医药,813428915.46,-56.72,5067615359.89,-10.3152792474,3097333423.23,144935323.39,558426318.44,31371079.58,4026550519.06,1084995900.89,1087064971.75,2025-10-29
2785,300346,南大光电,265608303.02,23.33,1763818418.49,37.7395554748,1011750817.29,52585877.17,162864183.07,36197835.43,1437412797.01,409373962.2,409267792.33,2025-10-29
2786,300339,润和软件,110680146.95,12.74,2408855239.73,11.4283875351,1787283815.93,80008709.83,219404186.97,25346870.76,2356562524.24,118384619.14,115845703.12,2025-10-29
2787,300323,华灿光电,-359556268.16,36.74,2952624462.03,48.7326845378,2954197044.37,24702043.81,145147336.92,61244418.74,3372920445.31,-451345885.03,-451057481.73,2025-10-29
2788,300307,慈星股份,309582603.61,163.81,1784305179.54,3.7369959665,1236004090.81,125156556.17,161343915.86,862769.05,1587320711.23,355935844.3,350560800.17,2025-10-29
2789,300300,海峡创新,-52037861.5,55.96,87887194.58,7.852354428,95718403.51,3794020.07,18605636.93,42523536.36,167788196.42,-56644186.55,-53918175.98,2025-10-29
2790,300299,富春股份,-41969649.82,-780.21,191177348.1,-22.002099697,139884059.16,3078034.84,38519744.72,4489178.48,239261061.12,-54111111.24,-52007902.51,2025-10-29
2791,300289,利德曼,1071560.04,-95.49,281819659.47,-17.145798855,129187637.9,64473010.93,65953315.28,-8197458.65,284475813.08,6102061.24,6462173.86,2025-10-29
2792,300281,金明精机,14327811.43,24.45,368856864.44,6.814391611,309374276.7,12694759.66,16708654.63,-898154.57,357154944.89,14404115.37,14395803.28,2025-10-29
2793,300278,华昌达,77578129.57,13.03,2029215954.65,-2.1622147452,1756445247.55,48112921.24,126697647.42,-5705424.21,1957690163.94,65926374.14,104647450.74,2025-10-29
2794,300274,阳光电源,7599553021.69,5.21,49945968511.34,7.6082332483,34304045915.26,2777319883.73,812912000.21,317840701.22,40875285825.34,9044793301.09,9026743651.7,2025-10-29
2795,300265,通光线缆,51987977.82,-45.94,1904079626.97,-0.4488628926,1589342336.54,73925684.57,67980304.16,12235097.78,1832146644.04,71026769.65,70124576.83,2025-10-29
2796,300263,隆华科技,154710273.82,-12.64,1930190051.84,1.9375791913,1468503391.49,67099014.92,84799284.98,34999074.27,1762436104.38,209191359.0,206148053.28,2025-10-29
2797,300261,雅本化学,-56719680.51,-173.99,939956746.25,-14.5940191388,788176341.19,16762453.78,118949697.82,24467080.6,1022711059.09,-70494417.36,-71036572.36,2025-10-29
2798,300251,光线传媒,460878000.71,25.08,1441787169.08,53.3690667685,822340491.03,2421569.95,71351759.96,-21090956.06,896953459.2,572488016.03,570601832.84,2025-10-29
2799,300248,新开普,10375624.23,142.99,569547968.94,-0.8430437511,248226510.46,193024185.39,61375219.03,-3293410.78,603752228.5,4600124.32,4020546.9,2025-10-29
2800,300239,东宝生物,66273700.7,-30.43,633112065.92,-13.8237419088,489880095.68,12635523.41,33584181.69,-3706528.56,555269833.32,82596541.2,81822795.49,2025-10-29
2801,300238,冠昊生物,27836338.53,-32.55,278135520.4,-9.9736499314,59418347.34,118255574.23,40650655.56,647420.35,249921949.86,31497237.71,31333997.95,2025-10-29
2802,300230,永利股份,161189931.28,-9.91,1633467850.14,12.3542336377,1113468753.01,130985492.21,149199930.94,10922577.0,1465257429.56,193849520.82,193382679.33,2025-10-29
2803,300220,金运激光,1022697.77,106.57,199538798.94,-6.5637672856,142304510.89,28233767.53,16323333.2,566198.02,198657008.81,3060576.61,3122794.93,2025-10-29
2804,300215,电科院,15747269.93,300.56,463410985.93,5.2696308189,296146871.17,1707712.64,88452679.09,12863517.98,446713961.52,13921990.95,13461864.31,2025-10-29
2805,300204,舒泰神,-9364956.52,94.94,260987909.55,-4.9056652904,47487649.43,114566444.96,31213500.73,-39654.01,274806328.08,-8614783.75,-9364269.35,2025-10-29
2806,300197,节能铁汉,-633398425.95,-110.35,962894427.43,-36.4770504045,1011162829.18,29072825.68,172400999.88,310018054.6,1582963526.51,-669431242.64,-672887998.86,2025-10-29
2807,300195,长荣股份,3383837.65,-41.25,1139713980.99,-4.6327764564,803222083.39,108186415.95,105870800.54,54054265.3,1147251881.52,12360213.08,13542180.91,2025-10-29
2808,300189,神农种业,-21200379.72,-86.95,122683036.69,5.5057399958,65787793.64,23665855.42,31109145.5,-75377.69,132352771.26,-987249.83,-11191679.31,2025-10-29
2809,300171,东富龙,152747075.02,-73.82,3489591492.29,-19.3166862544,2460666915.34,187929830.53,386508552.78,-14430100.88,3294838490.42,175194759.82,180345365.21,2025-10-29
2810,300168,万达信息,-558896459.0,-65.52,1321108099.89,-30.6509670157,1114105884.92,90386203.88,262890031.83,54870257.78,1762082949.83,-555901125.06,-557041919.24,2025-10-29
2811,300162,雷曼光电,-43334863.42,-205.32,946092087.87,14.2145519636,719727196.04,101153842.87,66774803.01,-2385619.0,940625574.42,-47743077.83,-48593159.96,2025-10-29
2812,300161,华中数控,-67057907.73,-99.46,1107379035.11,-14.543319589,723916660.13,141003443.78,132374988.98,31177793.82,1259840683.86,-86752627.9,-86840665.41,2025-10-29
2813,300159,*ST新研,-177630596.82,-84.86,462115908.47,-44.8146764252,387747435.66,34679184.26,100684281.55,89581839.62,655193080.31,-182785212.99,-185656247.69,2025-10-29
2814,300153,科泰电源,25034765.89,26.84,733755617.03,16.7185890941,642761212.32,13774042.92,44482639.49,-2029463.3,730809314.48,23037560.09,23068416.59,2025-10-29
2815,300142,沃森生物,256358619.72,-53.67,2141346183.01,-32.193917017,440624306.78,680700809.17,219913079.62,-30050150.16,1756031473.68,286082966.34,373789190.09,2025-10-29
2816,300141,和顺电气,-542831.34,-130.34,284460628.09,18.8693022381,220566585.84,14728867.76,24024996.98,1238572.7,281219462.61,1246965.94,1019748.57,2025-10-29
2817,300140,节能环境,663834417.26,-3.39,4317769030.38,-8.4879084542,2685861597.2,22478544.89,293228601.12,328968603.17,3541765357.61,799606211.51,803500954.32,2025-10-29
2818,300136,信维通信,533238346.41,3.08,6394180052.89,14.3092416169,5064238943.24,49095660.42,289948344.41,17310641.66,5975828148.25,577123070.1,567294492.63,2025-10-29
2819,300134,大富科技,-224205236.19,-1044.75,1729860701.57,-3.9591809317,1384631231.96,49541424.89,227960127.02,20567907.8,1916109093.39,-227999024.81,-229971687.03,2025-10-29
2820,300132,青松股份,31915720.18,150.07,1386509990.94,-3.7890344824,1156878490.3,32962858.52,106665259.53,4880202.74,1356571157.52,36336367.64,34382207.13,2025-10-29
2821,300128,锦富技术,-158031691.87,-59.27,1247312181.43,17.0062409147,1092043369.21,55125525.83,192885363.11,45506131.66,1461641267.47,-208229546.04,-207685584.16,2025-10-29
2822,300120,经纬辉开,65692152.96,-5.93,2619980221.17,3.2650140879,2307055560.19,63175986.56,112516284.47,37036395.58,2588646684.21,66368952.04,66027303.75,2025-10-29
2823,300113,顺网科技,212184076.57,34.92,1396396670.67,25.9645801242,813637139.86,72777410.76,128942061.62,-12728001.71,1133238295.85,268082607.06,267932459.16,2025-10-29
2824,300106,西部牧业,-41586059.11,-96.34,702155915.23,-19.8051717026,631302390.97,35705997.25,36261951.69,4534740.46,713376813.15,-35062918.65,-37649176.11,2025-10-29
2825,300098,高新兴,-45994474.31,31.19,947833314.96,-20.3086841805,622232194.12,155914294.2,105596821.2,-25863991.99,1036066090.79,-47997961.1,-48426792.38,2025-10-29
2826,300097,ST智云,12757229.34,-92.68,357594254.67,-9.2568884873,231648458.48,11458065.3,46560726.96,2403498.93,328003944.59,18271945.37,17332247.56,2025-10-29
2827,300094,国联水产,-79559934.03,66.17,3012999607.19,-24.1373810592,2662405843.85,142025684.79,83972923.0,49703770.66,2987786099.93,-90676469.6,-90331446.76,2025-10-29
2828,300088,长信科技,292945612.15,-4.14,8637021595.79,37.1892792415,7859013582.31,67018204.87,158655782.11,49133188.79,8507119844.8,322209414.09,320097900.87,2025-10-29
2829,300085,银之杰,-62997994.15,-16.18,647313540.17,-15.0314685226,491198381.09,106614007.08,37633340.99,4952022.33,686651426.09,-61512485.55,-61419686.76,2025-10-29
2830,300081,恒信东方,-142954597.99,-42.43,263848939.16,-15.1023704124,226934000.03,85563442.02,60266359.74,3680132.66,418526289.85,-162285183.71,-162720456.28,2025-10-29
2831,300077,国民技术,-149354161.66,57.49,820993676.2,8.0140454893,656861475.74,28307160.14,125279405.6,50779019.56,1002052036.91,-174705929.32,-174180718.7,2025-10-29
2832,300052,ST中青宝,-36366689.01,-4008.33,176716117.64,-9.8723466788,138099989.14,22590400.16,26811267.33,7446472.62,221489918.89,-36133160.08,-34585328.49,2025-10-29
2833,300050,世纪鼎利,-19482375.34,-42.02,206629839.34,-26.8405637817,145328072.71,19226328.31,38525878.94,-1260309.28,217109246.4,-19839219.61,-20159876.92,2025-10-29
2834,300049,福瑞医科,102002238.15,39.42,979861125.4,21.4199957177,230239010.46,261881869.17,201774128.17,-4840034.23,767811131.83,213755855.8,210882746.18,2025-10-29
2835,300047,天源迪科,32236304.13,-9.63,5603214884.63,39.3712728867,5081558171.85,102141145.48,121478697.07,53231254.99,5546307035.15,90765240.14,90256854.31,2025-10-29
2836,300042,朗科科技,-68200260.51,-85.33,587929438.28,-43.1165551789,530067994.25,48992317.85,43068230.47,2703576.77,646237105.41,-75690873.67,-77420875.4,2025-10-29
2837,300039,上海凯宝,217068484.5,10.68,1121237259.68,-2.8667092516,209650196.85,512983083.33,65740906.09,-29613560.16,876743313.07,256621219.76,256469616.17,2025-10-29
2838,300037,新宙邦,701469050.27,-12.0,5667047247.12,1.513009557,4132004418.62,91939817.08,302769351.52,17166110.75,4857906705.32,829398768.94,824744790.79,2025-10-29
2839,300032,金龙机电,-60197097.86,-1352.44,1060006700.37,-53.225262582,928052126.15,28335379.63,93303937.18,11944798.73,1119027717.47,-61697421.38,-66443166.54,2025-10-29
2840,300031,宝通科技,237696513.05,129.83,2447807855.88,1.2374049896,1452852349.62,302329176.5,251272620.43,-8921134.68,2114404178.53,283671294.72,280002648.9,2025-10-29
2841,300026,红日药业,168356759.92,-66.94,4441070030.88,-9.7789886006,2122686471.76,1546879956.41,305516540.8,28133403.27,4202854621.74,201126874.97,201916663.1,2025-10-29
2842,300020,ST银江,-167181692.49,-224.3,544623089.55,-44.7387070266,453475443.36,40607814.83,87504798.63,51859545.76,679853344.89,-195615741.57,-195582943.94,2025-10-29
2843,300016,北陆药业,24394304.8,1156.34,729717058.01,12.2953262407,364595629.66,177551992.89,61030989.95,39910044.56,705505413.93,22903585.39,22075230.32,2025-10-29
2844,300002,神州泰岳,1093682043.93,94.33,4513572455.84,11.4175827537,1717740517.72,763698298.66,855428059.67,-50691489.15,3570999585.59,1231240025.6,1230112496.83,2025-10-29
2845,003816,中国广核,9988596663.77,2.93,62268595233.25,4.0569608135,39396016676.41,30672161.18,1777158634.79,3880416602.81,46635077951.03,18633497376.74,18604132605.79,2025-10-29
2846,003042,中农联合,-56025191.01,34.56,1526625935.73,12.6988836077,1355549266.44,36686350.66,112519633.4,27734557.87,1587532981.28,-61554565.2,-62195019.64,2025-10-29
2847,003037,三和管桩,20836792.63,-65.28,4316210720.78,-13.377003002,3895891259.82,142085681.87,163293712.01,41214892.12,4302920451.75,49295111.77,42259056.19,2025-10-29
2848,003032,*ST传智,-41218563.64,-140.48,180753079.09,-59.4515838645,117928762.07,59466579.31,46147899.74,-3051131.27,257843355.87,-60309829.51,-52983516.94,2025-10-29
2849,003031,中瓷电子,369189881.58,7.48,1886467590.48,-1.0902613877,1236729935.89,10242561.4,77269210.95,-14800394.61,1525849807.88,447855900.69,447382765.22,2025-10-29
2850,003016,欣贺股份,-29254601.03,-125.03,1017956326.35,-21.5212126676,330523816.64,543512905.06,66522938.85,-9016289.52,988114535.6,-37411738.9,-37806435.35,2025-10-29
2851,003010,若羽臣,57704466.34,71.08,1154028030.28,39.2473506713,613115002.55,402262482.55,64820587.81,-4305190.31,1097752115.38,60118515.77,59788646.02,2025-10-29
2852,002995,天地在线,-30996898.28,3.62,1098916866.46,-17.0283792905,1031065893.77,42199468.69,25220817.04,-2465027.31,1118492254.5,-33126754.54,-32865411.75,2025-10-29
2853,002991,甘源食品,277233612.55,29.48,1605594088.43,22.226401701,1034100665.43,202869224.95,60207052.08,-9374024.26,1322340266.21,331356992.35,330873479.59,2025-10-29
2854,002982,湘佳股份,88986374.92,259.71,2984574967.81,5.4638650355,2451071914.77,297677878.58,71282539.05,27550342.4,2883615805.65,122535779.3,97496167.99,2025-10-29
2855,002952,亚世光电,16923140.32,-16.05,524767479.82,-2.7135279171,462429868.5,12822614.45,15996647.32,-2950799.29,513189044.3,17139329.52,17158696.47,2025-10-29
2856,002948,青岛银行,3454928000.0,15.6,10486189000.0,8.1402369823,,,2972745000.0,,6294498000.0,4191691000.0,4199272000.0,2025-10-29
2857,002937,兴瑞科技,192439434.59,1.33,1477902217.38,-0.5956801193,1080654976.52,27300806.09,92272409.69,-7263853.43,1260387643.28,218055627.43,217072253.36,2025-10-29
2858,002919,名臣健康,96778082.38,-41.66,984704973.19,-24.4417894003,377292545.81,346351879.32,76435382.09,-375748.7,852236672.12,109474320.98,106815394.84,2025-10-29
2859,002917,金奥博,107673350.42,33.24,1178749427.99,13.1009994914,780357684.72,67765983.3,124990086.85,9142912.53,1052828833.17,141784778.22,141789273.13,2025-10-29
2860,002910,庄园牧场,-118380299.05,-577.87,649251836.34,-9.1728969656,578299067.99,97111813.18,61384128.46,16073062.16,766923046.23,-127867118.68,-129092071.24,2025-10-29
2861,002908,德生科技,8951218.11,-82.49,414012912.04,-24.8964259739,246308738.48,63576834.6,33861676.2,-326837.78,406628979.92,12034541.53,11968515.37,2025-10-29
2862,002907,华森制药,74576835.63,66.56,614223361.57,19.2070559879,259861828.77,196181589.06,41032795.9,-9592891.17,534304062.41,89054863.38,88672868.81,2025-10-29
2863,002901,大博医疗,239875968.2,145.48,1529257676.1,35.8811598594,482102549.84,467317956.0,90572845.99,-10552065.7,1262754773.03,288603968.09,287665538.51,2025-10-29
2864,002898,*ST赛隆,-3692981.4,-185.4,218744136.56,-2.9433724383,119358374.32,38833922.22,35563107.02,4957412.44,220696045.74,-3320491.3,-2964119.29,2025-10-29
2865,002888,惠威科技,2960241.07,146.56,171060006.97,7.4346932883,111198048.4,16256811.89,19368011.53,-183307.43,162178117.89,9875528.58,3379100.72,2025-10-29
2866,002884,凌霄泵业,330033423.04,17.92,1167545543.57,23.5712161604,741004013.78,17309420.75,16029203.55,-28691030.48,789983924.76,382689611.31,382079199.1,2025-10-29
2867,002875,安奈儿,-77741516.41,-5.33,451903210.3,-19.8614075748,220321589.96,241830938.34,44393083.29,-602607.46,531578263.99,-76113123.8,-76552173.85,2025-10-29
2868,002870,香山股份,125232793.15,-10.9,4401848679.61,6.082079425,3366645826.03,148499487.7,284390826.4,101102307.49,4185938142.52,215837827.58,217327761.27,2025-10-29
2869,002867,周大生,854809083.73,-21.95,10808649102.64,-13.4892145756,8584449331.25,823945348.83,76787999.6,25150070.56,9624430387.75,1102247782.02,1109104662.6,2025-10-29
2870,002861,瀛通通讯,-32739544.77,-12.27,595971263.28,8.1617685842,487547756.51,18766128.15,66298677.22,8417367.97,623336800.57,-28723700.89,-29454872.39,2025-10-29
2871,002860,星帅尔,145275742.07,-20.15,1514773368.51,-33.6973084276,1228162766.48,13663530.49,64947894.83,15651622.46,1375917663.38,161805437.86,161819492.36,2025-10-29
2872,002859,洁美科技,177162724.28,2.73,1341586332.46,19.0791405333,851848727.7,23041810.67,113939852.8,23414612.25,1163377757.68,183531669.63,182499112.33,2025-10-29
2873,002850,科达利,1016419682.75,27.86,8592174316.04,10.6048001254,6599277501.06,32045016.25,226387410.83,105286957.24,7475251208.38,1185077921.94,1175269068.84,2025-10-29
2874,002835,同为股份,146977045.96,65.09,844121213.68,13.4268956726,480644583.16,44319888.37,31187457.03,306409.58,705665191.28,147701507.46,147168449.51,2025-10-29
2875,002830,名雕股份,16099857.55,7.69,446909688.45,-13.752987841,305423536.96,63414030.28,61860573.2,-3433982.32,434784544.34,26650727.31,26772026.54,2025-10-29
2876,002826,易明医药,41819396.0,75.06,512843177.87,-4.7292442767,168993735.65,258307479.95,41309596.7,-939638.69,488755312.52,51223379.81,50638225.17,2025-10-29
2877,002824,和胜股份,55597334.87,-46.96,2274390201.2,14.3487249635,1997145690.76,12356440.5,105790627.05,19238900.93,2254496352.87,55494419.54,54452444.17,2025-10-29
2878,002820,桂发祥,35712884.73,-43.1,402560206.25,-0.8618226995,216398305.16,112248357.56,34832781.01,-2009720.89,367646435.2,37862045.71,38700862.24,2025-10-29
2879,002813,路畅科技,-40309394.72,-120.89,204818772.96,-4.3433163316,161801102.93,15608162.3,20756255.41,-602213.69,240513298.93,-36177482.35,-35844004.29,2025-10-29
2880,002810,山东赫达,198045757.59,-13.72,1435164249.84,21.7805149418,1046279034.99,21334537.3,74564942.54,21378928.1,1243827662.18,226461911.57,230539783.57,2025-10-29
2881,002807,江阴银行,1127500000.0,6.79,3017761000.0,1.33,,,891823000.0,,1916111000.0,1101650000.0,1099987000.0,2025-10-29
2882,002806,华锋股份,5254199.58,110.25,726236408.92,39.2848630545,583933436.61,22325496.78,51017490.09,20505175.1,719546871.76,9472371.44,9288823.84,2025-10-29
2883,002790,瑞尔特,126340886.96,-28.15,1709838312.5,10.5897689757,1240796671.71,203037456.15,79899468.5,-6812734.22,1599540920.09,139099166.57,136683181.92,2025-10-29
2884,002789,*ST建艺,4170386.61,-85.55,4471627776.74,25.1263238033,3882686589.09,42650193.81,157019942.53,150166572.06,4380959961.23,62022833.7,57065122.27,2025-10-29
2885,002780,三夫户外,8562371.98,-28.84,499869101.05,-7.535981113,218815886.7,169729619.5,70103520.07,12685495.68,486715750.04,1938485.12,1862961.05,2025-10-29
2886,002779,中坚科技,39891672.53,-19.4,621246547.31,31.3785477081,459090256.13,27878983.45,56435916.57,-2095299.53,582560861.28,43977686.9,43681700.0,2025-10-29
2887,002778,中晟高科,-35662103.99,-65.45,370200361.22,-29.0531192246,322396153.79,4686870.08,35132128.16,14889005.58,390641080.55,-16697073.4,-18412186.24,2025-10-29
2888,002775,文科股份,6074832.86,123.16,501992833.47,-37.8491692185,406598909.8,4678875.9,63588696.69,99529359.53,587575572.68,-22335718.28,13662310.26,2025-10-29
2889,002773,康弘药业,973711578.04,17.97,3411293193.61,13.7547947272,345306027.89,1287805702.52,340307482.38,-46376753.16,2311766338.66,1148722614.3,1138170500.15,2025-10-29
2890,002769,普路通,-44504153.85,29.378636234007,442829952.53,-9.3100060654,237257371.66,10323262.33,69345502.57,177814649.61,510205356.44,-66977692.66,-66963138.92,2025-10-29
2891,002768,国恩股份,458185951.94,21.17,14160466793.16,11.7851182495,12989820629.99,96835259.69,146178523.27,84196118.85,13719698984.91,500300257.42,533933433.16,2025-10-29
2892,002767,先锋电子,9809323.31,-61.57,443030416.59,0.2269710369,298524039.45,63694021.82,39313842.49,-1971964.45,438628675.46,10522379.31,10488153.01,2025-10-29
2893,002759,天际股份,-188524740.59,-833.01,1451909506.52,-11.8274314456,1469492038.6,22902723.44,111655287.37,2188567.4,1677883638.51,-234150825.24,-235100541.72,2025-10-29
2894,002755,奥赛康,127017670.34,168.79,1384454586.25,23.6398245121,251624614.73,772983559.88,92870305.98,-12060372.94,1288942400.29,130476262.44,124668097.81,2025-10-29
2895,002752,昇兴股份,343679731.36,24.77,4994601506.65,-3.4250615705,4278319056.11,27182333.49,183369041.51,31553120.81,4600541895.92,421822017.73,419138306.11,2025-10-29
2896,002745,木林森,362938379.91,3.48,12189682236.23,-4.3766776289,8783073504.22,1875907224.31,630964959.52,12319878.8,11673557134.46,449258841.25,472919850.99,2025-10-29
2897,002742,*ST三圣,-40006660.9,69.59,986237312.84,-38.9569788838,794374258.59,23729498.63,150225404.44,140439282.15,1138588477.68,-479047.78,-19996364.96,2025-10-29
2898,002730,电光科技,67194954.04,-19.2,818587621.73,-15.3730753209,489289293.23,144846222.72,49911960.66,-2533132.35,738061122.38,75045849.59,74741928.22,2025-10-29
2899,002721,金一文化,613543.05,100.12,276784573.86,-78.8195831911,215584802.6,46188884.67,33404632.39,-8058854.71,294184644.01,-487946.85,-2127807.91,2025-10-29
2900,002697,红旗连锁,390011424.18,-4.21,7767105145.09,1.6526259942,5504484468.17,1726612837.1,115474134.6,60692187.67,7448340305.51,447567591.77,447499296.42,2025-10-29
2901,002696,百洋股份,-30584979.59,-457.09,2127318920.37,7.8004650489,1964883768.52,46551360.98,74741032.35,9678782.96,2128774669.93,-32949492.74,-39243773.01,2025-10-29
2902,002694,顾地科技,-61582115.06,-145.39,604225858.66,-11.8920457089,550665005.19,44728769.93,49573210.3,3872.81,677593643.49,-88494618.5,-64744139.05,2025-10-29
2903,002692,远程股份,51381955.27,60.55,3178631426.21,40.0855311579,2846886187.34,147075025.37,41415282.26,28728086.15,3131796136.59,53751231.66,55468033.38,2025-10-29
2904,002689,ST远智,-8206227.17,-129.93,741338893.49,-21.4247008948,563218192.63,127056534.53,58360810.78,-1602020.94,789403836.82,3918035.76,664234.67,2025-10-29
2905,002679,福建金森,-27741693.97,-3.16,95693673.49,31.5007703556,41071745.89,1956660.16,33790740.54,35568886.76,113810036.72,-28201249.28,-27643838.28,2025-10-29
2906,002677,浙江美大,106600654.33,-70.67,653824046.04,-48.1642731771,370901210.67,101815059.66,52505590.42,-19421358.28,540673157.15,120363428.87,120551782.18,2025-10-29
2907,002675,东诚药业,166868105.35,-41.62,2162431924.92,-16.3580451805,1177547147.36,313371279.06,207917640.95,68868913.73,1945421595.59,215819240.1,214421672.09,2025-10-29
2908,002674,兴业科技,109729150.92,-36.78,2013839864.56,3.7718712834,1585474358.54,25156352.17,79074538.36,16943511.36,1765049535.14,182822590.71,177263615.27,2025-10-29
2909,002673,西部证券,728751323.33,-16.82,4430617170.59,-22.5881703272,,,1677546805.25,,3471070980.69,959546189.9,960697227.4,2025-10-29
2910,002661,克明食品,154959136.28,1276.84,3475233350.49,-11.5966939931,2819389401.01,211779051.9,154611651.01,65352019.82,3304262061.31,184591827.96,176390191.78,2025-10-29
2911,002653,海思科,381818978.18,90.2,2751240043.33,15.4073483307,755062212.21,969569219.57,286747614.4,10187663.82,2435827090.19,503098031.33,480872445.08,2025-10-29
2912,002644,佛慈制药,39072938.02,-34.97,708531496.45,-19.7509211277,481626455.52,93057848.76,49498710.96,-4360118.55,651587799.98,46318676.8,45671825.07,2025-10-29
2913,002640,跨境通,-17763770.77,-21.62,4198679134.53,-16.4673872339,3709507201.04,246465665.12,121809410.16,110095452.57,4191425167.23,13573295.81,11086232.93,2025-10-29
2914,002638,勤上股份,-41676616.02,-167.54,290115552.81,18.3850329898,258681348.19,25916782.15,46346332.04,-4740983.94,336186422.88,-41240755.6,-42814331.14,2025-10-29
2915,002637,赞宇科技,120632316.57,4.86,7563789138.83,4.1901142679,7028521095.2,41032870.12,172105313.05,89423179.6,7425641599.51,144544827.99,143543717.9,2025-10-29
2916,002635,安洁科技,221510955.69,-6.42,3593038892.83,17.0270265613,2769510562.84,66152445.59,257652226.53,-12534781.82,3429014669.0,229285099.63,225608685.68,2025-10-29
2917,002634,棒杰股份,-191265024.92,-1450.73,956429121.28,110.0089816376,946072715.64,35532658.41,173673123.56,3500809.82,1203949587.73,-279818991.1,-280539759.9,2025-10-29
2918,002630,ST华西,76077176.75,135.98,2051340599.59,45.6240769204,1627750441.25,13995554.37,120072082.02,202916169.74,2011860636.33,100022317.19,91660960.35,2025-10-29
2919,002620,ST瑞和,-108338015.87,-32.15,588219783.2,-50.5635070061,499687721.94,8550709.94,41199766.55,38608801.16,607141400.08,-60680338.66,-62569774.26,2025-10-29
2920,002617,露笑科技,234060348.27,24.05,2783795661.0,33.5802278284,2182069517.1,15976132.15,159420839.75,75727548.65,2518938947.48,280945635.06,278037710.46,2025-10-29
2921,002606,大连电瓷,155543509.37,302.08,1038763138.91,89.6973125634,684443655.95,34636422.76,73511054.78,2635744.9,864181461.75,175493232.14,175634489.88,2025-10-29
2922,002599,盛通股份,452226.77,102.03,1504333308.91,-16.3183610929,1265201918.64,78472637.54,129769011.42,3228596.97,1508820725.33,7693668.19,6402634.01,2025-10-29
2923,002586,ST围海,-83050452.66,4.59,1355807024.0,7.5894275069,1249898296.24,2056061.63,114571858.82,41446523.83,1460303682.95,-78572690.83,-80574833.43,2025-10-29
2924,002582,好想你,-60708667.54,-48.66,1177486296.13,7.9042286447,891837079.54,266720021.0,89068969.56,-16151233.67,1259255534.95,-59660504.23,-61996335.35,2025-10-29
2925,002581,ST未名,14626268.3,-50.78,314710263.52,-6.9857557225,62188032.99,190657308.17,74211796.58,-1507879.77,348197159.44,26978525.56,27744448.7,2025-10-29
2926,002570,贝因美,71793560.76,45.3,2086761284.8,8.9062465491,1191941547.8,585358621.7,145239706.79,24170906.05,1980962807.31,96473870.3,97709510.53,2025-10-29
2927,002558,巨人网络,1070804528.04,-1.29,2218411601.5,-2.1542883415,245876525.4,708072488.13,138962263.29,438492.05,1637464224.15,1115407147.36,1110889272.94,2025-10-29
2928,002555,三七互娱,1897466681.56,-13.45,13339365676.36,10.7648133174,2785272456.06,7703677663.25,352760786.86,-110337353.35,11233547236.17,2209344891.3,2207396435.28,2025-10-29
2929,002552,宝鼎科技,112551713.15,20.24,2106099336.48,-5.4627561016,1809073390.08,17976436.44,91339990.76,37654711.9,2043562638.96,145046960.34,149002955.93,2025-10-29
2930,002544,普天科技,18250711.55,-71.58,3420039425.57,-12.0059117715,2859397795.88,146214781.03,178851258.13,-955660.89,3387044941.94,13384964.56,10197807.42,2025-10-29
2931,002537,海联金汇,44187724.37,-47.24,5961243584.22,-3.9328131886,5132249492.74,60442241.88,288990998.68,20177381.59,5683012161.4,298808002.14,105248915.5,2025-10-29
2932,002534,西子洁能,423438131.88,577.67,4879586469.76,-12.7208866376,3965951091.92,59148479.07,235660380.17,8270796.25,4575335057.95,514704711.52,513964742.88,2025-10-29
2933,002531,天顺风能,291631263.07,-59.49,3560409562.32,-44.4250963629,2660123671.81,15402458.29,226171218.62,279078964.29,3245788610.33,303848529.54,304020065.1,2025-10-29
2934,002528,ST英飞拓,-76499123.29,79.57,702946521.06,-28.7784227162,508984651.36,103701379.99,139432011.3,21931396.07,829357050.08,-76378896.12,-75098488.74,2025-10-29
2935,002527,新时达,-42363544.76,-153.51,2264207423.46,-12.2934784801,1855284809.03,138486231.27,142648009.08,28135081.58,2325124349.23,-40914641.49,-35868639.96,2025-10-29
2936,002523,天桥起重,17618985.55,475.75,1069574299.35,12.7069461582,804000196.92,64242124.9,118257667.86,585698.14,1054444785.34,11745894.88,7927658.12,2025-10-29
2937,002512,ST达华,58141432.41,-80.06,1456473701.76,-5.3628689711,1307789189.15,30449242.5,121856912.49,40954726.78,1579653399.37,-14817588.36,-14922154.07,2025-10-29
2938,002490,山东墨龙,65396009.51,126.49,1005111902.89,0.2982339043,961602311.78,11175828.07,94814055.4,68662511.46,1164273683.45,60193998.56,64273008.92,2025-10-29
2939,002474,榕基软件,-19753900.43,68.26,362813429.48,19.6374151026,249697180.05,18828886.72,57033087.26,14575128.43,399940312.74,-23225476.91,-23298734.6,2025-10-29
2940,002472,双环传动,738021220.31,25.21,6742599834.31,14.8259361544,5179559270.07,64184482.08,236604391.18,37356663.67,5881623443.84,891826947.14,888450140.53,2025-10-29
2941,002463,沪电股份,1848389385.0,93.94,9010914022.0,48.1459573631,5791190464.0,253041131.0,201755201.0,-90856765.0,6798238904.0,2092657058.0,2091855274.0,2025-10-29
2942,002460,赣锋锂业,-640389644.06,-110.66,13925192758.32,-45.7783132766,12484746872.1,102612931.2,831264068.67,526803201.03,14698265770.07,-937191361.65,-939262780.13,2025-10-29
2943,002452,长高电新,181042269.78,10.39,1131746201.16,6.3303092034,723463989.98,75765885.92,83547891.52,-2895176.07,946992912.18,213826384.73,213432256.01,2025-10-29
2944,002448,中原内配,232979196.95,-10.75,2463844879.86,18.900836347,1873636365.0,51005606.26,153921336.36,14432207.99,2239747524.16,288686856.48,287332885.71,2025-10-29
2945,002440,闰土股份,150943104.46,47.79,4071682127.9,-3.3414574547,3401151856.36,20285654.32,279575067.72,-25223799.23,3859006105.46,292356087.88,283675386.9,2025-10-29
2946,002439,启明星辰,-210073894.69,-187.03,2326046705.03,-8.1909528121,1051883517.72,755515723.38,140846851.76,-46535021.33,2551130654.37,-309353006.32,-312428655.96,2025-10-29
2947,002437,誉衡药业,183485762.41,-17.95,1857506712.57,-9.4786055557,868397419.79,631722798.46,110018674.56,2316188.67,1686482833.11,222300997.03,222057887.0,2025-10-29
2948,002430,杭氧股份,675281836.82,-20.68,10352539442.38,5.8539464102,8239715741.16,137519025.26,589357024.07,86102415.86,9475139006.61,918617830.45,927933439.96,2025-10-29
2949,002426,胜利精密,-28645956.98,80.6,2597260464.39,7.1709686053,2284388810.36,37606474.42,161451874.03,62889264.66,2687751445.95,-57593787.78,-7330415.59,2025-10-29
2950,002419,天虹股份,118345098.77,-47.32,9046582575.03,-2.2154044813,5744348022.88,2744006270.22,275914560.65,40095383.08,8938484829.12,159549517.3,171857800.16,2025-10-29
2951,002418,康盛股份,-9865718.21,-134.71,1719791916.12,5.2139579244,1568374979.6,20396213.43,95107967.28,18564379.98,1737412582.29,-10243180.49,-12761261.16,2025-10-29
2952,002405,四维图新,-486660438.87,1.66,2528069895.68,9.0609821998,1651173055.1,146517440.54,272554813.61,-40356459.56,2973158436.81,-488985841.63,-489174326.26,2025-10-29
2953,002390,信邦制药,176589574.9,-28.38,4565355757.09,-5.346066532,3724210514.97,229262839.63,287369213.5,13197069.85,4276861231.49,267244450.46,264272163.69,2025-10-29
2954,002376,新北洋,39042562.14,723.67,1696560002.81,8.8391630438,1209760273.84,97383682.33,121200994.91,31189256.7,1740793541.43,88421438.08,87486974.85,2025-10-29
2955,002370,亚太药业,-3459530.47,-374.48,306835789.08,1.6490086799,211419192.11,44107484.18,40838470.04,16410975.56,327680456.45,-3202585.73,-3302654.22,2025-10-29
2956,002354,天娱数科,-8581740.56,-163.25,1200332105.98,-11.5307412027,938005806.04,85144947.53,119230481.0,-1493212.69,1182417843.83,-153019828.45,17415333.24,2025-10-29
2957,002350,北京科锐,1910201.89,105.87,1259483961.06,-2.4741727024,1002307767.04,103217029.73,101260932.52,2612993.25,1269483665.09,8059619.18,7544115.8,2025-10-29
2958,002348,高乐股份,-34241772.45,-41.35,205237005.65,-5.1097891051,159545444.15,18920997.44,33680638.57,8207890.92,234769485.04,-34081300.09,-34321300.14,2025-10-29
2959,002339,积成电子,-90950267.62,-30.31,1427993298.77,10.9576815567,1064378722.49,127289474.57,167262116.91,15177614.96,1543136413.96,-75437825.12,-74858209.41,2025-10-29
2960,002337,赛象科技,46172812.25,-22.76,607297454.51,34.2710163623,428722754.39,18503100.55,49486467.54,-1754878.89,547329051.11,50089292.31,50468447.07,2025-10-29
2961,002331,皖通科技,-19316244.3,74.97,488781109.11,3.2952047032,356313833.41,46528863.44,54893471.13,6417371.5,498348031.37,-22104229.73,-21941878.24,2025-10-29
2962,002329,皇氏集团,-14655497.39,-108.38,1509957508.93,-32.6953995043,1141336526.2,171216046.98,95663265.82,78563668.75,1553548987.29,-14088292.6,-11925291.02,2025-10-29
2963,002328,新朋股份,146379141.39,-22.9,3893133772.26,-10.0190673501,3464125671.4,3420271.11,104976167.28,-12261055.25,3637758924.15,293980695.43,293364407.06,2025-10-29
2964,002326,永太科技,-89858428.78,9.57,3338764469.83,7.2950867382,2750572856.12,77104459.42,431759375.09,103464182.64,3476214865.44,-101985237.31,-95125581.18,2025-10-29
2965,002301,齐心集团,158566060.75,6.89,8395943897.8,8.1988307731,7663633672.37,382422530.57,123028132.76,-47506180.55,8183134406.64,190200125.34,183873715.8,2025-10-29
2966,002298,中电鑫龙,-375954001.39,-228.05,1347257990.03,-10.9790243187,1018779045.33,109701602.43,117141108.8,18388289.1,1323136820.11,-410393059.93,-409565607.36,2025-10-29
2967,002295,精艺股份,29622115.29,5.19,2621869555.59,27.8430605358,2532061486.41,4989907.83,27463267.9,14539662.04,2601014143.22,31906549.35,34246531.11,2025-10-29
2968,002290,禾盛新材,85816826.71,1.29,1836659393.57,7.8289258488,1641699691.93,7713989.8,35021391.97,726101.32,1751431918.98,97912761.22,97829891.56,2025-10-29
2969,002286,保龄宝,101071865.67,119.78,1833445310.86,-6.6956467663,1617054259.57,28298635.28,53136286.77,4194770.55,1722839175.98,120527813.35,120190405.95,2025-10-29
2970,002279,久其软件,-227923932.55,-182.535428852371,2721240088.52,46.8575031892,2313615064.26,77573807.27,365213519.19,-2079955.71,2978859365.77,-247202823.6,-246790930.01,2025-10-29
2971,002272,川润股份,-30998320.3,-25.79,1200902286.32,-2.7123689713,970244662.52,46942216.31,108964522.51,27525832.14,1207986214.21,-19767164.31,-20595533.93,2025-10-29
2972,002265,建设工业,183206205.22,-4.04,2926239070.31,-7.4391759852,2475243051.03,15200423.3,187679931.03,1954267.85,2853599044.59,171433985.8,214770446.48,2025-10-29
2973,002249,大洋电机,670591159.04,25.97,8843854607.93,4.0942282228,6910754486.23,201714738.72,613422168.82,-41351480.25,8158631854.52,830880510.65,830115907.04,2025-10-29
2974,002246,北化股份,-46536160.51,-498.32,1300589458.44,-12.1978102414,1085807242.31,62264344.92,162355350.67,-15721199.91,1382467883.08,-66118662.75,-57023289.18,2025-10-29
2975,002235,安妮股份,24685747.11,341.02,248872976.99,-8.8317442256,199748514.6,16453058.6,25451784.03,-4811507.21,249344057.87,26363936.53,26328627.8,2025-10-29
2976,002222,福晶科技,167996506.27,2.66,665113725.13,11.642638199,292684896.28,13243027.85,70185405.26,-2708122.01,447544071.89,210357570.57,209978641.28,2025-10-29
2977,002221,东华能源,131266972.48,12.65,23732567802.79,16.6265175191,22656391615.73,60093233.0,109895883.98,776026203.02,23696390696.65,187524821.74,190882678.99,2025-10-29
2978,002218,拓日新能,30970658.22,-48.44,1116754035.8,40.5406149802,842495631.31,9386566.33,101460533.17,68688382.4,1056722700.82,89437615.42,46405601.01,2025-10-29
2979,002215,诺普信,487611264.86,74.07,3894198236.81,27.3024375938,2568875759.61,354702177.91,300181640.52,88863115.65,3434737081.79,477419137.74,476130656.31,2025-10-29
2980,002211,ST宏达,-18055971.93,-16.64,222251485.82,25.5750171448,206699083.87,7220700.51,12370115.29,-1186711.14,231495613.76,-9699761.16,-18055971.93,2025-10-29
2981,002210,飞马国际,33564505.3,167.35,215938653.71,-24.0777909098,163741267.56,538209.37,28627824.8,23166556.79,218047277.73,9305205.03,39464433.92,2025-10-29
2982,002201,九鼎新材,26971820.11,6.88,897262910.39,-27.5685242378,653265280.62,32616403.46,71709868.47,23862266.64,844575479.36,50598102.37,52683857.74,2025-10-29
2983,002198,嘉应制药,2873345.95,-88.46,259604624.04,-31.1816034876,110541535.59,103992488.16,32779996.48,-1158277.13,256532928.46,4713787.41,4807334.18,2025-10-29
2984,002195,岩山科技,42348450.04,-87.13,482962078.43,12.1275180648,278202828.23,18133555.69,180669431.61,-39004548.58,606053497.56,-59273047.2,-44153425.61,2025-10-29
2985,002187,广百股份,52529332.73,73.58,4074021053.45,-5.7578798669,3163236823.15,684922207.74,109720433.72,39705438.63,4053990153.77,49726545.51,42685846.95,2025-10-29
2986,002169,智光电气,-141118945.96,-492.06,1899101949.12,-0.4316386043,1625888228.56,97870191.35,136237204.42,73571418.07,2051661631.66,-160123437.41,-159456712.79,2025-10-29
2987,002159,三特索道,155433951.57,16.13,553431481.15,-4.4384917614,210678794.12,19917500.59,84377330.78,622182.9,321240594.4,241033024.05,228364151.99,2025-10-29
2988,002157,正邦科技,300670820.02,110.67,5837407151.0,0.894594521,5104858890.8,97789909.78,769150810.99,132244860.51,6131547910.46,531248963.47,300116765.34,2025-10-29
2989,002153,石基信息,15883351.4,10.16,2015571746.1,8.4587607824,1068740424.16,216693642.61,549301739.67,-117767418.63,1969387126.54,51070301.5,51098694.95,2025-10-29
2990,002132,恒星科技,18611208.03,-64.67,3689119287.89,12.0995795005,3321403760.76,49126900.75,99247364.1,52347885.68,3674216124.74,27101712.6,17329934.09,2025-10-29
2991,002129,TCL中环,-6061284348.01,-197.95,22582277516.85,-53.5860375774,24437252608.9,314939771.44,1040805345.52,899786870.72,27442904370.73,-6668737797.7,-6493994486.25,2025-10-29
2992,002126,银轮股份,604187628.27,36.2,9205171828.18,15.1753085883,7357406795.81,124349312.0,493504823.23,44748646.06,8508115856.94,767382283.71,756718522.19,2025-10-29
2993,002125,湘潭电化,244172107.23,2.32,1383423042.5,-13.2003031192,953519385.99,9577693.27,95450877.64,24027125.26,1146370062.64,276725589.1,276454486.27,2025-10-29
2994,002123,梦网科技,30438132.91,491.98,3304847615.83,-0.7581487147,3008322703.73,111747289.46,69401255.78,34653297.15,3298538559.35,39237501.23,40157521.88,2025-10-29
2995,002120,韵达股份,1407888218.76,20.93,35508924913.89,8.1424942093,32005185527.69,188421982.39,941252563.08,194931794.94,33668475179.6,2102239278.76,2041703060.5,2025-10-29
2996,002110,三钢闽光,-1329039828.35,-124.65,33177041878.12,-3.4650546042,32138940044.3,38827301.59,484683869.82,265923896.62,34214662610.05,-1002597598.8,-1765160926.03,2025-10-29
2997,002099,海翔药业,11979756.66,131.05,1444477964.62,-13.8463639515,1049648513.54,22610881.65,211600191.98,-25483564.08,1375713221.67,1715558.06,3086801.44,2025-10-29
2998,002094,青岛金王,64821656.86,52.71,1361448838.9,-41.3151024343,1076172877.19,79195470.34,76546056.81,59713392.31,1327254745.46,78879524.12,80533353.78,2025-10-29
2999,002090,金智科技,36558594.66,56.79,1069500874.38,-8.5137307733,794452394.87,94192000.84,63966552.2,-6817654.1,1054624298.09,42137430.91,41370442.12,2025-10-29
3000,002088,鲁阳节能,341737329.04,-6.04,2539970677.47,-0.7339003469,1787759258.86,168725866.99,110444089.99,-4595888.15,2122516426.1,419604530.55,418998317.73,2025-10-29
3001,002065,东华软件,489898407.99,-8.95,8186454166.06,10.1307167584,6295791934.75,222111947.44,553889253.23,128058438.86,7979766285.58,411716732.55,409548056.16,2025-10-29
3002,002053,云南能投,568931193.57,71.66,2582296461.09,31.6556581143,1524701812.41,170240725.49,201783877.0,86637010.32,2026570566.55,590793328.09,591043986.49,2025-10-29
3003,002048,宁波华翔,720459253.81,-14.62,18156551979.97,10.5546084532,15447617160.68,170110400.09,861469645.15,94531137.77,17248064942.17,1198049763.43,1190331704.97,2025-10-29
3004,002046,国机精工,204524344.39,-15.11,1805262579.94,-11.6353554653,1141422688.17,75902163.28,183041994.58,12665917.26,1592561012.2,236360142.32,237818514.65,2025-10-29
3005,002043,兔宝宝,482436452.22,5.55,6463827713.13,12.7854732959,5344748123.54,239224349.29,166452750.19,-28142666.53,5794842235.37,626025667.94,638632985.75,2025-10-29
3006,002041,登海种业,58583351.87,-38.57,578243392.83,-11.5460958529,420314837.23,48117427.45,72913542.96,-22881972.77,585683425.53,58494122.89,61009099.39,2025-10-29
3007,002017,东信和平,118918649.91,14.49,1064778085.14,1.8936700429,726743038.02,54288829.73,35728154.66,-12640289.5,919207633.86,140350740.14,140342592.0,2025-10-29
3008,002016,世荣兆业,23928361.25,-90.2,721064683.54,-41.6138482185,443747113.04,18334500.2,101465668.31,-1958611.92,652347724.39,61605585.96,62307758.04,2025-10-29
3009,002004,华邦健康,451977453.17,-10.49,8909836679.88,0.6411939416,5629798504.13,896944174.99,953561648.45,233673192.78,8114670346.58,784087500.3,768445164.18,2025-10-29
3010,002003,伟星股份,623627482.1,17.15,3580132361.05,23.2637624004,2051326717.26,292987153.53,353404129.17,3177929.64,2876282930.09,754268558.1,755828245.91,2025-10-29
3011,002001,新和成,3989518788.01,89.87,15781739446.23,43.3116422027,9542295372.45,134660406.09,448966347.67,131972489.02,11168127903.08,4775809021.33,4773693181.03,2025-10-29
3012,001896,豫能控股,-89323476.92,84.53,9389475892.28,6.918914427,8686956103.02,12674355.5,131506834.4,575454436.39,9482752034.83,-34718160.82,-23217425.22,2025-10-29
3013,001387,雪祺电气,54569249.53,-43.55,1404775160.83,-17.0497446669,1238087228.5,15472307.68,39782258.12,-2679844.3,1349084309.82,67420958.23,65888913.35,2025-10-29
3014,001378,德冠新材,72358444.3,-28.55,1132908149.77,29.4490637278,978314938.51,8205889.84,50338882.31,-13120828.36,1065484428.19,79492577.35,78426194.65,2025-10-29
3015,001358,兴欣新材,62211853.36,-51.66,331809994.02,-33.9225088361,226751714.82,3208744.61,31587855.75,-8764732.45,269827277.23,70439133.25,70314143.05,2025-10-29
3016,001319,铭科精技,76521749.2,7.98,671454074.91,7.8627066806,481565713.15,8568528.88,57306653.77,449302.07,588801649.52,85381901.64,86877572.14,2025-10-29
3017,001314,亿道信息,21004609.63,-77.9,2294583235.07,22.5843368455,1949053829.24,77980702.66,79042218.83,-4026798.83,2272761065.45,5107156.71,5569406.88,2025-10-29
3018,001311,多利科技,341762052.88,-11.68,2487491997.56,-9.4158445081,1937271999.54,6071175.34,87960224.98,-7865085.02,2110457247.46,404497009.64,404703707.01,2025-10-29
3019,001308,康冠科技,558203541.76,-35.45,11391478350.4,33.0531579961,9887602801.06,339564487.48,260338415.74,3431072.07,11013451695.96,541077087.69,544763417.23,2025-10-29
3020,001286,陕西能源,2497362917.93,13.77,16835322836.42,18.6011496756,10451482852.74,47725540.25,764343352.28,581215067.03,12545357574.82,4509707865.64,4534487570.82,2025-10-29
3021,001282,三联锻造,103028903.22,22.31,1114302051.89,28.8488862056,891779195.1,6459220.92,35784916.42,1404025.05,1006051389.28,109647795.98,109136499.11,2025-10-29
3022,001278,一彬科技,43673960.62,-32.64,1566682485.33,10.2950376531,1248457819.88,24270432.8,109676169.4,7461505.03,1517482410.52,51780453.81,50689980.82,2025-10-29
3023,001267,汇绿生态,26258429.07,5.7,353185925.24,-9.1672507992,266847455.43,2007859.0,45638597.58,9665464.56,329548682.21,32098431.2,31897809.92,2025-10-29
3024,001236,弘业期货,16419986.6,1702.66,1987514255.44,82.17,,,224675320.95,,1968292877.76,19221377.68,21756815.18,2025-10-29
3025,001231,农心科技,35128459.23,1.51,476838392.55,6.2836855991,319261249.37,56738083.07,30807951.01,-5207261.79,437353014.15,40417710.98,39504140.54,2025-10-29
3026,001228,永泰运,90487073.15,-36.19,2983121544.95,88.1134420071,2681341406.49,40594573.34,71210574.0,5086550.04,2814000082.34,131977621.35,132757020.38,2025-10-29
3027,001212,中旗新材,37632067.17,-44.24,397280102.75,-24.5438151467,322506528.54,10942538.18,16364746.71,-7438590.47,359993174.43,42955538.82,42068987.35,2025-10-29
3028,000997,新大陆,818755381.88,0.07,5573189426.32,-5.27,3221585143.18,280831373.49,354201776.95,-74734582.9,4307011308.01,995648675.83,991513983.01,2025-10-29
3029,000993,闽东电力,114435810.58,-64.39,450172159.35,-67.739150081,217467389.5,1721446.6,91823974.98,17463456.46,334864550.12,136194231.68,135113632.55,2025-10-29
3030,000981,山子高科,-1363695643.9,32.74,3301208946.17,-22.2279326668,2546286783.06,80908382.29,624902757.82,251535016.69,3718953329.68,-1404042824.74,-1424912916.7,2025-10-29
3031,000958,电投产融,763060349.04,6.48,3952965579.81,-7.7,2354757188.66,106075855.59,250638510.28,264095719.69,3038643085.76,1096046697.2,1077865925.98,2025-10-29
3032,000921,海信家电,2792990784.53,15.13,70579088517.87,8.7511358465,56081364054.88,6745898644.83,1777652687.8,-13945383.96,67376868599.99,4569943546.24,4785814848.05,2025-10-29
3033,000920,沃顿科技,151182115.14,9.62,1154223317.15,-1.2482060967,715253591.72,121368786.78,90996058.64,-9510054.84,1002397935.48,169587158.05,170405216.09,2025-10-29
3034,000908,*ST景峰,-48818728.73,-199.79,294702061.41,-46.7887190261,118099740.49,101229751.88,78596017.75,26082561.81,335761259.43,-29034759.73,-49466968.24,2025-10-29
3035,000897,津滨发展,371359466.84,-25.22,1654851312.07,-24.2185899632,1108854000.2,26663132.87,23644553.34,-6584364.03,1337310724.94,449824103.18,449229730.89,2025-10-29
3036,000895,双汇发展,3804459384.15,-12.08,44112196339.2,-4.8179408109,35979245465.94,1440336696.77,965516749.41,109088891.46,38931259136.43,5122597420.49,5123404566.0,2025-10-29
3037,000886,海南高速,39986837.54,-14.28,134340048.54,121.1976799046,114486744.71,10848871.26,73233816.56,-9583911.89,197621244.02,59433644.94,58255088.92,2025-10-29
3038,000880,潍柴重机,126491530.98,7.23,2929668353.75,0.3699225586,2574959682.71,55286569.62,85434234.01,-30574953.78,2882860548.29,121889556.62,124269803.51,2025-10-29
3039,000839,国安股份,149849057.13,412.84,2501600638.56,17.7900804596,2131310395.99,42502779.67,118787370.4,76758327.02,2472983400.65,206472821.85,220124664.01,2025-10-29
3040,000823,超声电子,147379312.03,13.36,4214224225.18,3.4736295612,3489697915.03,99348342.78,199904773.43,19290876.02,4047272250.1,186816506.74,187717996.51,2025-10-29
3041,000819,岳阳兴长,72471045.77,-1.52,2918958361.82,29.5873709465,2407693344.64,27290876.05,84280817.17,426019.4,2843621240.04,88630410.94,87272584.11,2025-10-29
3042,000777,中核科技,115707671.37,-11.19,1025090350.53,-8.2470374414,801523315.93,41779304.17,99511294.06,4534437.27,986482902.63,108265287.18,113724857.17,2025-10-29
3043,000762,西藏矿业,152218143.63,34.62,587181704.08,5.0587777198,295308094.15,6238214.68,77016592.82,13564151.13,428361319.87,184091158.46,181761806.51,2025-10-29
3044,000761,本钢板材,-3192607074.11,-157.32,40214610054.66,-7.6645415674,42399247663.38,108019990.87,494830793.7,212597327.42,43421772425.32,-3073915399.47,-3083656389.19,2025-10-29
3045,000759,中百集团,-331555272.32,-309.35,8130447883.52,-11.5040130503,6370685637.61,1544130768.76,383137856.07,81431888.27,8446839934.27,-281753865.5,-315315525.64,2025-10-29
3046,000758,中色股份,336654831.62,7.19,6945412888.2,12.0514565771,5928177637.3,31042602.35,391590272.31,94612504.71,6591125600.26,611371929.84,616382498.52,2025-10-29
3047,000738,航发控制,628885156.96,5.48,4209699408.91,2.6690572119,2988579372.58,11714882.31,329275335.45,-35281031.47,3447101225.71,728414452.43,732685103.64,2025-10-29
3048,000735,罗牛山,326639324.38,303.83,2577873979.7,-12.110226432,2044303632.32,46409130.04,167686293.58,41405029.13,2442921185.01,385662526.53,371140689.97,2025-10-29
3049,000727,冠捷科技,79972260.14,8.08,41064911842.59,3.8690907685,36131947460.61,2053632372.19,965502038.71,425292405.01,40649474971.78,494908930.14,459233772.73,2025-10-29
3050,000713,国投丰乐,-71051334.79,-181.02,1720484635.61,-10.3193619577,1543344774.47,102469624.76,91138195.41,1864919.63,1815673127.4,-81905132.75,-82007321.04,2025-10-29
3051,000711,ST京蓝,-65434624.73,91.41,80696056.99,-30.4457538167,62952502.41,4503965.6,56732702.57,487615.08,137415256.9,-78567494.61,-79809710.78,2025-10-29
3052,000709,河钢股份,568692711.23,-29.34,89346199055.34,-6.5928096844,81728252657.6,74647723.43,2053483398.9,4063390408.28,89746469440.21,456722886.76,820177215.0,2025-10-29
3053,000695,滨海能源,1806147.54,117.49,366327107.91,145.7005497121,321852730.04,1662585.49,16676399.06,10034820.72,363389875.88,-651107.13,-19192.14,2025-10-29
3054,000692,惠天热电,-454706084.04,13.63,1228509833.16,11.8862025609,1513687547.03,7955845.03,59476134.65,121401971.46,1715836932.46,-477930739.82,-482264029.04,2025-10-29
3055,000691,*ST亚太,-21023115.97,75.33,348445947.37,26.5421356175,318261311.03,2895773.25,34935644.72,10627803.46,380065459.34,-28637780.1,-28609829.85,2025-10-29
3056,000690,宝新能源,592233326.91,-8.19,6105715132.78,-20.705808263,5176793109.68,5460897.41,156386791.76,34078266.93,5416453771.37,771008105.61,765430199.2,2025-10-29
3057,000688,国城矿业,52020046.71,1998.73,1379057218.54,68.4192586786,920396513.26,5650057.11,211584495.47,46939975.88,1265065028.75,124914084.17,113792420.11,2025-10-29
3058,000686,东北证券,473620226.66,-17.78,2781368056.38,-6.43,,,2142360711.1,,2156781646.89,624586409.49,628706944.28,2025-10-29
3059,000659,珠海中富,-28944267.86,-184.67,831052831.12,-22.7398039138,685282662.16,7810021.14,70491450.04,68014853.33,845888533.54,-13621389.7,-19111188.77,2025-10-29
3060,000636,风华高科,265495862.4,138.17,3572376490.83,10.2522608686,2869359913.42,67531455.44,214105286.69,-57582813.06,3286999850.25,331382355.06,313519472.76,2025-10-29
3061,000619,海螺新材,-26412465.06,-907.46,4087624638.17,-4.3948948613,3748740652.34,119954321.93,175857899.86,22259664.5,4137562087.78,-17471799.83,-16853570.94,2025-10-29
3062,000615,*ST美谷,-82712262.55,-72.59,794330790.93,-23.7800346306,580566268.67,116157619.24,115033693.04,49898231.11,880845193.94,-77950007.48,-78953724.22,2025-10-29
3063,000598,兴蓉环境,1626084682.93,9.14,6212609988.95,9.1715910862,3432006454.52,92911148.47,324255451.64,260743367.94,4197160472.88,1948095632.97,1951432221.85,2025-10-29
3064,000565,渝三峡A,15034367.24,193.26,267994120.17,-28.9057902649,204151594.68,10877670.6,60233658.98,1507268.54,291853790.94,15915860.55,15728665.85,2025-10-29
3065,000558,天府文旅,-8842147.44,6.59,133641391.7,-37.1714991224,92055404.53,6091918.62,36760737.31,2855098.33,141461378.79,-5535308.69,-2869178.6,2025-10-29
3066,000532,华金资本,36253117.44,-19.42,300262800.28,8.7133359024,174583897.05,4446178.95,42988741.4,14669333.67,248260120.78,40490334.22,40074651.68,2025-10-29
3067,000529,广弘控股,85094076.75,-46.05,1882029805.74,-8.765428878,1801630487.97,29592617.12,65615291.72,-14089873.01,1889164299.48,84148200.53,98052246.11,2025-10-29
3068,000525,红太阳,26747545.77,14.04,2702538124.55,1.8723205917,2014102297.76,35261771.77,320082584.27,218904108.85,2721031706.25,30007361.07,22302267.29,2025-10-29
3069,000514,渝开发,-45555782.34,-793.6,295031640.02,20.2317846081,225555925.09,26303786.97,37367876.76,40447820.88,342318083.8,-71163478.9,-83353187.28,2025-10-29
3070,000507,珠海港,238789218.98,4.81,4033586724.11,-0.5655943302,3006167038.01,132973983.49,267009316.06,228062810.38,3710544118.05,505828499.01,509399682.52,2025-10-29
3071,000429,粤高速A,1356400701.34,0.01,3502315797.54,-5.0303992368,1112366834.79,,127366585.1,84910040.27,1339950703.84,2361120370.13,2361348641.85,2025-10-29
3072,000428,华天酒店,-111581145.65,-16.59,455069614.52,-10.6118587021,351278219.72,14355416.48,138411134.41,81332012.7,613297685.21,-148583430.34,-148287242.57,2025-10-29
3073,000411,英特集团,354994660.79,-2.9,24777058456.77,3.5915892963,23124169957.22,633631292.08,309355256.32,102571755.57,24233134050.72,573536043.04,556053500.04,2025-10-29
3074,000403,派林生物,542732944.36,66.38,1890265336.27,37.4925104049,935384603.19,188685182.04,131080445.38,-36946315.96,1279639389.94,638752175.75,619546468.66,2025-10-29
3075,000401,金隅冀东,-296767662.01,3.84,18557200512.65,-16.9492305621,15193263184.54,377752485.14,2670170181.61,424529097.55,19215917591.73,-256963830.96,-212953654.59,2025-10-29
3076,000158,常山北明,-299046576.84,-118.43,4946195586.8,5.5982842486,4464667623.1,183895559.91,277929742.94,177341359.43,5298825191.96,-339520308.71,-333767635.95,2025-10-29
3077,000063,中兴通讯,7906403000.0,0.831980855908,90044542000.0,0.7283520784,53668312000.0,6347939000.0,3231927000.0,-165895000.0,82571536000.0,8548503000.0,8524357000.0,2025-10-29
3078,000062,深圳华强,266248705.44,-35.14,16280214213.4,13.6278577966,14937313682.56,302135721.23,241050138.89,228872385.1,15828812359.93,394546562.79,395812521.27,2025-10-29
3079,000060,中金岭南,799497983.83,11.66,43383674219.05,-13.4835994872,40663320047.14,103487526.15,495691385.37,419215788.45,42342834183.9,1213569534.61,1210741639.33,2025-10-29
3080,000059,华锦股份,-1889259166.97,-381.94,24500031616.35,-25.6916566022,22262530183.52,208522868.76,1101285610.95,142223468.16,26149610176.3,-1976277606.35,-1943465378.81,2025-10-29
3081,000055,方大集团,149711190.7,-43.81,3206555034.28,-0.3052515879,2627832378.78,38688535.66,128017285.59,52844172.84,3005791720.57,170536289.61,170974879.38,2025-10-29
3082,000049,德赛电池,221154307.14,-39.0,14956933287.69,7.7601104575,13525062009.8,102479461.96,262904791.82,60008854.24,14630319603.17,98369384.84,100217510.14,2025-10-29
3083,000048,京基智农,601798618.36,-52.16,4595020573.04,-53.7157133786,3242702782.37,63724787.58,229597385.29,89050596.72,3781835394.47,702664435.24,675564081.34,2025-10-29
3084,000032,深桑达A,-126614513.38,53.07,48421683221.42,25.2133057646,44053766250.62,696578085.05,1334587361.66,266359122.63,48040591277.93,331361817.36,339585603.15,2025-10-29
3085,000030,富奥股份,443930262.2,16.15,11509589500.67,4.8331470907,10204491616.01,146080534.89,571997046.85,8091190.97,11385219085.49,616282864.81,617731739.79,2025-10-29
3086,000012,南玻A,786449734.0,-46.38,11836882741.0,-12.188861844,9579246755.0,218271462.0,604663531.0,131678721.0,11129310130.0,807808282.0,805822258.0,2025-10-29
3087,688798,艾为电子,177914341.5,264.679512672292,2366112613.27,32.7066058011,1663655967.73,87501427.87,109839741.23,5238795.91,2259238403.75,178128846.34,178218161.26,2025-10-28
3088,688788,科思科技,-191709412.31,-7.02,187203297.3,19.6269948155,94902810.79,17412446.28,41364772.87,-7015714.62,343658278.64,-214467010.36,-214461294.7,2025-10-28
3089,688775,影石创新,841795102.55,29.535097398865,3954448081.54,48.1577376652,1827651771.35,557947917.46,163997824.3,-4731087.88,3058009163.45,921951818.44,921312644.87,2025-10-28
3090,688758,赛分科技,54487866.48,63.039676569423,218532533.42,25.6990156205,57196551.96,27111277.07,38474236.53,-11068969.77,148359203.8,65356259.75,65091381.11,2025-10-28
3091,688708,佳驰科技,320332488.16,-17.307320695174,588761283.37,-16.8590260991,133959828.04,6312030.38,27757711.37,-6592860.42,228909685.76,368492115.66,368489516.68,2025-10-28
3092,688692,达梦数据,174360678.33,47.48,629467857.08,40.9559798945,86481768.56,210953698.04,64250018.33,-15125537.47,495177788.98,173212448.3,176731977.73,2025-10-28
3093,688686,奥普特,131938173.2,-35.58,733258570.43,-13.3215083517,262262444.83,173048702.3,24635751.54,-8686816.34,614608320.01,133231735.59,132782066.75,2025-10-28
3094,688683,莱尔科技,27607229.13,15.23,365622507.04,12.3023385424,278786130.44,15699505.97,29061950.97,-2199875.53,347192453.78,33290101.91,30363086.86,2025-10-28
3095,688682,霍莱沃,10350359.23,-44.09,188075120.76,-16.5423299269,119063552.06,9916424.67,21362108.51,-932920.92,180424521.2,11278765.9,11280183.02,2025-10-28
3096,688678,福立旺,65158901.04,29.89,899573426.31,28.581487466,653015494.22,15271256.96,54878281.12,26652703.04,849399679.44,60650419.84,60558183.44,2025-10-28
3097,688676,金盘科技,403789511.66,21.17,4798550556.02,0.5349428567,3636994696.59,191502364.01,249406263.57,46284019.31,4370490088.82,439490798.72,442032182.39,2025-10-28
3098,688639,华恒生物,169893703.83,-46.9,1539034126.35,12.8190756587,1106078300.23,46968066.1,110141858.91,19426386.99,1382619720.33,182479304.25,184110755.53,2025-10-28
3099,688629,华丰科技,-48653148.38,-222.55,749161345.33,21.0084727133,623935267.94,29208971.93,99934085.22,-1541485.99,838100803.37,-54629624.52,-54519104.06,2025-10-28
3100,688620,安凯微,-22380448.69,-262.83,370145006.68,0.0188741283,301700562.42,7761241.12,25061309.03,-17458889.74,420389891.58,-42858337.09,-43017768.41,2025-10-28
3101,688619,罗普特,-96158955.03,-1946.44040552019,111953520.97,-65.4374103727,99744674.01,18875460.36,38831889.24,7749292.07,189985677.52,-112830279.14,-113096644.26,2025-10-28
3102,688616,西力科技,74944699.72,51.77,469531281.51,32.7061906813,336961064.43,12623061.17,23497482.53,-4026712.9,394050305.46,87063584.69,86769773.48,2025-10-28
3103,688612,威迈斯,296130733.5,2.81,4359989416.48,21.3473004894,3568161024.23,52486640.27,120910932.02,2448996.92,4039500523.79,364821193.3,364581895.72,2025-10-28
3104,688597,煜邦电力,58003979.01,260.2,542179908.54,43.6728956528,332973917.22,35020574.41,53689000.53,11292279.75,491466931.07,56096709.01,58962329.2,2025-10-28
3105,688591,泰凌微,64271330.24,71.01,587272870.34,23.344736715,305994898.72,46859009.68,37982076.93,-20310195.37,525894888.59,62524715.39,62397036.66,2025-10-28
3106,688589,力合微,50349120.7,-38.12,378013595.05,-15.680064717,217057814.22,33900899.78,19370620.89,1649704.78,323753546.4,56265937.91,56225437.66,2025-10-28
3107,688581,安杰思,197452784.89,37.91,427255735.56,23.5264813899,119065955.7,41923488.07,36745759.01,-38625924.65,205704406.82,230234063.11,230234444.81,2025-10-28
3108,688543,国科军工,149242611.24,61.2,763957394.14,12.6980213908,479348514.9,12189298.38,56556918.98,-15008112.02,601639274.31,175253863.14,175241171.62,2025-10-28
3109,688522,纳睿雷达,26008690.89,-21.75,136204551.59,19.9956285221,32586265.58,18905039.4,19563744.26,-24275375.37,102253626.26,29028176.64,22321614.33,2025-10-28
3110,688521,芯原股份,-395858494.37,-194.935378989121,1649971464.11,-6.4985172168,948396251.26,98127551.96,87808677.02,20619946.38,2039426765.96,-388914460.11,-387855829.71,2025-10-28
3111,688517,金冠电气,66228859.07,37.05,469169810.18,30.7080879438,306763817.9,17605114.37,34767195.0,139721.73,391245061.75,77842549.14,76407550.91,2025-10-28
3112,688513,苑东生物,217023597.92,12.03,1039937156.56,22.3772122993,233451947.3,353893867.87,73056791.44,-5488984.32,858787446.13,231552226.33,231369210.18,2025-10-28
3113,688503,聚和材料,421088409.93,-4.47,9826222165.03,32.8018241989,8949350708.78,33184518.78,68736067.38,76537160.43,9388073313.95,471679128.8,470770043.79,2025-10-28
3114,688484,南芯科技,271783940.4,50.82,1899099249.84,57.4897073387,1123176737.27,66941287.48,166888761.31,-50430006.51,1612756853.65,271929087.31,271911373.88,2025-10-28
3115,688469,芯联集成,-684175637.03,-49.73,4547418766.97,18.6836274471,4567034907.45,29682743.15,102882308.43,226256356.35,6309094941.16,-1649464570.68,-1648196230.22,2025-10-28
3116,688432,有研硅,194681391.43,-12.38,773102420.66,-2.1789081578,490354379.96,10614388.53,24816124.56,-13756254.44,575839139.06,253223512.66,253262295.55,2025-10-28
3117,688419,耐科装备,57750152.85,80.66,197443986.61,44.9357879534,117910816.4,7526365.9,7584600.62,-6720599.08,142225148.56,62598265.98,65537272.24,2025-10-28
3118,688408,中信博,427277660.07,171.48,5982203145.77,76.3042583485,4823270493.95,135141118.15,214635540.93,46919471.96,5369497236.01,513538910.71,512289690.99,2025-10-28
3119,688398,赛特新材,65144125.32,-17.74,668235738.94,12.9365127785,459013302.48,36491829.0,40492498.12,15174317.07,593538636.23,75730465.3,75151032.74,2025-10-28
3120,688393,安必平,29630792.13,-21.18,352677214.95,-0.5159972059,111358253.9,134652242.4,65260491.09,-6076587.77,338422449.53,21452631.25,19905577.5,2025-10-28
3121,688373,盟科药业,-291296145.99,-19.159695437386,97562309.83,42.9017153081,17337542.92,81584801.56,43878114.42,7599740.69,394736146.75,-285121099.87,-285134839.3,2025-10-28
3122,688367,工大高科,18701948.09,78.23,211388923.82,66.1597223747,156107113.55,12384410.69,11615932.84,-833358.57,199344800.63,19370151.45,19365807.46,2025-10-28
3123,688362,甬矽电子,42401236.32,135.349629201864,2551612645.7,56.4344532823,2105630215.44,27694631.57,197983245.58,153634250.45,2644146602.93,12924570.7,12617429.32,2025-10-28
3124,688359,三孚新科,-16954200.8,47.492948037099,429927059.27,29.3966780735,257614787.6,38360391.13,83189195.88,9307014.29,446563640.07,-8192176.55,-8330510.38,2025-10-28
3125,688351,微电生理,41726652.8,262.22,290866132.55,23.2110733921,119862505.9,80636977.44,29905134.19,-1678306.1,287957417.1,43955481.15,41741739.56,2025-10-28
3126,688345,博力威,-22390888.87,-180.98,1275704907.36,-27.9795006692,1070602870.3,43296326.3,70368650.1,7166496.09,1301736754.18,-44619488.18,-44809172.77,2025-10-28
3127,688337,普源精电,60134726.07,-11.65,534892452.03,13.1441960855,222295562.8,74556225.19,75543435.9,8576667.93,534508850.57,49916076.64,49305787.34,2025-10-28
3128,688329,艾隆科技,-27895868.88,-162.0,223792957.86,-15.238777904,120860738.69,48727424.58,41870386.68,3523635.91,260887271.04,-30139574.46,-30104982.12,2025-10-28
3129,688314,康拓医疗,76713229.82,19.22,240117907.83,16.2228371074,47224844.11,44862221.3,38710491.97,-2715368.9,148313124.73,91974599.66,92332439.71,2025-10-28
3130,688312,燕麦科技,68833066.34,52.41,360435425.68,73.1855219683,180844646.88,8334658.02,35721724.54,-8920271.81,302697627.19,68290584.0,68150808.84,2025-10-28
3131,688311,盟升电子,-127605295.32,-1204.14,87005718.07,-68.2764642422,47487587.56,9283546.67,76102589.33,9630752.16,201365706.13,-166620679.24,-166485759.28,2025-10-28
3132,688310,迈得医疗,7629882.29,-89.37,219574032.71,-33.4462981497,116625367.43,17318116.43,70982904.91,-2278681.59,236252326.53,5295471.14,4603951.64,2025-10-28
3133,688305,科德数控,72258614.69,11.53,381341431.2,30.3192387544,221714698.18,32029931.4,22898738.06,-1976312.57,298943318.98,81543296.73,81754828.03,2025-10-28
3134,688303,大全能源,-1099172599.27,-121.49,6004718320.39,-53.3725216731,5753641052.38,14833702.61,260630618.2,-116131051.49,5994627331.75,-1248613024.1,-1249344659.68,2025-10-28
3135,688291,金橙子,27481610.97,-16.18,159887461.29,3.7440126972,67376742.53,20353730.57,17791824.85,-2109295.53,148567028.47,24408943.72,24388306.5,2025-10-28
3136,688257,新锐股份,134807512.0,5.89,1353828070.14,16.8448693865,924422043.93,75498726.49,111387989.46,10493729.43,1182985507.01,185907432.14,185694328.9,2025-10-28
3137,688238,和元生物,-189766756.86,-166.902817300758,183867467.02,34.2154215814,224217415.61,36955485.19,57187290.42,278976.37,362113906.26,-188736381.74,-188853339.47,2025-10-28
3138,688234,天岳先进,143032051.19,309.560352493368,1281219949.92,55.3406973628,950906723.9,15200394.49,123666950.99,-8282090.46,1185481448.81,143289976.92,143754194.85,2025-10-28
3139,688227,品高股份,-46666412.42,-5.562032907345,197543927.65,0.8739381957,125170419.16,31824553.74,53917293.57,-1048240.14,258113065.85,-63828626.36,-63534592.05,2025-10-28
3140,688215,瑞晟智能,6801086.83,-10.28,247902047.91,-0.5815779934,179971850.19,22504579.59,16667306.13,526527.46,241089617.15,9300300.28,9351433.08,2025-10-28
3141,688203,海正生材,33453681.6,-10.29,659261678.73,19.8548366329,573435553.41,3643855.1,20446058.49,-4898528.66,618176467.87,42629301.52,42439460.58,2025-10-28
3142,688191,智洋创新,36763157.08,10.92,675988981.81,20.079668555,464508914.85,56147723.36,46500133.04,-602584.21,645973318.12,43460902.91,43555646.89,2025-10-28
3143,688188,柏楚电子,725743279.53,26.84,1300790203.14,31.194471654,248302397.62,56285200.99,76737177.54,-24363687.29,531077901.98,859825822.49,858554310.6,2025-10-28
3144,688185,康希诺,-222409418.57,77.421043360398,567077966.63,222.8788675814,146284212.1,196042071.6,117431688.85,-3114084.19,735777697.55,-222830476.31,-225704715.75,2025-10-28
3145,688168,安博通,-81533262.44,-16.698272658419,297412515.59,7.9915928055,116894219.21,66913678.38,75756661.7,6509547.66,375010620.69,-92365668.91,-92465668.91,2025-10-28
3146,688163,赛伦生物,62947540.75,23.92,173291573.09,4.3084337026,36680661.47,39321198.92,15836303.0,-1421692.63,107900485.01,74286736.61,73631451.78,2025-10-28
3147,688153,唯捷创芯,-32121968.96,-156.600759435773,1491862858.49,-7.3743507868,1126235690.64,22239992.81,97125972.11,-46363942.13,1527511358.21,-27038381.21,-23964162.45,2025-10-28
3148,688135,利扬芯片,-12198625.14,-142.05,360037765.37,-4.167204022,271806384.2,13673789.69,37921078.42,22955372.95,407082408.76,-23925790.76,-24022520.53,2025-10-28
3149,688129,东来技术,65035625.83,127.53,438892003.71,22.0819640061,267156259.61,43139591.86,29413494.55,11441334.71,377135874.73,73064979.67,73137195.78,2025-10-28
3150,688128,中国电研,321429030.59,11.89,3159513785.45,6.9935137081,2086671190.05,225262570.06,238099516.49,-16662131.93,2818998456.31,365491267.71,364947657.5,2025-10-28
3151,688117,圣诺生物,56946626.77,63.66,337836114.63,16.0046618318,138539550.35,49354000.33,45280270.26,7094114.53,272013119.71,64382185.89,63920994.88,2025-10-28
3152,688111,金山办公,1039877046.95,16.41,3626818036.47,10.8995115585,540259806.05,686578093.16,313798227.92,-17325855.13,2813471344.35,1093303761.86,1100554805.89,2025-10-28
3153,688089,嘉必优,83890213.15,38.86,387147915.48,19.1853373067,233130131.15,21751150.73,24118840.73,-603830.35,316712651.05,83310097.55,94285770.18,2025-10-28
3154,688085,三友医疗,8570582.96,-87.07,332733558.44,-7.2977493355,100892751.12,104871178.13,39868862.29,-5618233.55,308284008.89,15262038.49,16407540.33,2025-10-28
3155,688080,映翰通,83367837.81,21.0,408252822.36,15.9750708367,192593844.88,57660562.45,25077161.09,-6922175.41,312330039.23,105274503.46,105485840.76,2025-10-28
3156,688078,龙软科技,49050483.24,-23.1,214572140.02,-14.8157638685,89019273.12,17996599.17,18322161.62,-335504.36,167362245.41,53720890.37,52436671.25,2025-10-28
3157,688077,大地熊,28436586.31,182.763483654118,972132973.88,-6.1789459707,830763306.53,29194888.62,40582628.57,5329173.23,965169422.69,22629257.67,21452939.34,2025-10-28
3158,688070,纵横股份,-53441970.66,-126.01,205318388.7,14.0305692813,109517885.29,61314259.53,37702011.39,4372906.63,245858497.54,-51351298.87,-52659526.79,2025-10-28
3159,688069,德林海,28197272.09,249.245779648539,300195213.52,97.4091223211,182123499.38,4354572.54,34788570.35,-4364713.94,230903891.39,31223085.99,31089401.6,2025-10-28
3160,688056,莱伯泰科,35096522.16,31.64,311093406.06,3.7151661791,171520297.57,49646390.5,21312370.48,-2063938.75,280542073.94,37844573.32,37858875.85,2025-10-28
3161,688029,南微医学,451093598.62,16.7,2012446160.41,15.3049676857,651175548.98,465159798.73,249161760.14,-32708543.84,1467685015.45,540081506.91,542246606.61,2025-10-28
3162,688023,安恒信息,-335995216.58,37.25878443259,1144552683.73,-5.2023013436,506035627.93,530677155.54,108916422.13,26936154.8,1540971105.72,-337174537.12,-340071043.01,2025-10-28
3163,688018,乐鑫科技,251114791.88,188.08,1460014787.31,42.1690636657,835049539.28,44584870.85,50398878.14,-4610330.84,1267021886.94,248378762.17,243819873.07,2025-10-28
3164,688006,杭可科技,375851313.76,-47.34,2671009275.97,-19.2710594545,1870669249.77,74765079.59,125601880.82,-30091734.71,2249666872.5,389198929.34,394623614.1,2025-10-28
3165,688002,睿创微纳,483395052.72,24.94,3149845592.26,18.3147756913,1539424165.98,151318243.57,268490029.39,35514316.23,2617219919.15,408378243.29,398024873.56,2025-10-28
3166,605567,春雪食品,2384517.25,-88.64,1804351889.34,-13.9271988801,1675394817.59,46906913.65,52046213.27,2044147.0,1793278724.2,11382595.0,11350183.19,2025-10-28
3167,605500,森林包装,135415705.22,43.79,1692762038.21,0.7028560858,1459902965.53,21330813.59,50734506.72,-7151.37,1611127035.69,131434587.02,140189980.66,2025-10-28
3168,605376,博迁新材,85079003.45,562.41,726920978.54,47.9573237085,573976985.23,4514155.58,31950396.4,-701801.05,655007969.03,91280015.65,91394100.6,2025-10-28
3169,605365,立达信,278877682.09,11.13,4940283052.66,-2.4053947435,3523853240.38,381219317.55,462532302.15,-1156473.96,4696214046.56,287911667.02,286306256.78,2025-10-28
3170,605333,沪光股份,438418542.06,2030.18,5531961659.67,133.7104898792,4582091049.85,22316019.33,152336811.52,44191825.35,5021219624.51,489610362.29,489754859.39,2025-10-28
3171,605296,神农集团,480257988.85,321.2,4077830826.09,42.1102171159,3277390029.78,49662620.69,228601884.16,21724733.56,3597382842.45,502622888.3,482808848.53,2025-10-28
3172,605208,永茂泰,35946551.75,27.34,2763796592.09,10.1671971483,2600899035.63,3815658.12,58582614.0,21155412.01,2770396945.45,33924287.43,32031147.22,2025-10-28
3173,605166,聚合顺,233625960.74,55.58,5332990010.47,21.8254400392,4885260036.52,6438503.54,28093245.64,-37558436.22,5045102481.16,317005496.51,316024270.55,2025-10-28
3174,605162,新中港,89587819.45,5.79,648610254.87,-5.0524953651,468240463.61,928606.2,28767141.76,10081011.87,535687419.31,118061802.38,117239083.9,2025-10-28
3175,605138,盛泰集团,39791219.16,-68.81,2655851089.14,-26.1986278467,2243921390.06,55649416.18,196654809.15,93175846.52,2625898750.84,23679856.55,24548935.15,2025-10-28
3176,605111,新洁能,332206566.5,54.59,1355682156.8,22.767985309,859759922.76,14996666.02,34160071.28,-25787628.48,955659098.85,376788793.86,374573069.54,2025-10-28
3177,605090,九丰能源,1534608257.28,35.69,17048141214.19,-12.7499543422,15323780023.68,169867728.73,194774249.49,55200506.12,15774797336.0,1725191835.55,1726014489.95,2025-10-28
3178,605060,联德股份,146274905.66,-28.47,851341102.57,-8.2906155043,542180673.84,9376676.7,71540706.23,-10913658.3,673442867.42,167552002.35,167290366.12,2025-10-28
3179,605018,长华集团,89976162.47,57.66,1658460837.11,3.6255670965,1444147489.24,8628184.87,72930801.44,640108.01,1604649970.33,93988947.48,93666995.47,2025-10-28
3180,605009,豪悦护理,294449917.92,-5.06,2041141698.02,-1.617564997,1463163403.28,139605953.34,61429806.28,-27812818.37,1723158469.4,337032339.54,335364722.69,2025-10-28
3181,605005,合兴股份,196540897.25,23.5,1214804794.09,4.31262099,802479832.6,26455284.94,89649034.26,930737.61,1001012717.87,221782166.82,220202492.13,2025-10-28
3182,603995,甬金股份,583908333.15,85.12,30941062304.04,12.1841947475,29164466208.42,56654504.08,148268884.84,88912407.42,30144023106.12,907039682.68,906022480.83,2025-10-28
3183,603987,康德莱,165038407.93,-11.6,1705098451.3,-9.0474215799,1171477315.83,159989995.83,117261163.56,10896916.02,1544382784.95,197873407.42,197502944.78,2025-10-28
3184,603979,金诚信,1093133679.07,53.96,6970609088.44,31.2346884874,4703495781.43,23535834.13,376127094.37,166884571.04,5529114508.57,1442947475.92,1439737401.1,2025-10-28
3185,603967,中创物流,200471242.03,7.96,9151657324.04,69.8501134468,8691180141.66,100983301.35,44386463.02,19807739.86,8869047659.13,315232263.65,318020214.72,2025-10-28
3186,603958,哈森股份,-41434668.79,-8406.0558818774,567611811.98,-0.9223909414,264427009.19,278208565.82,29221813.27,-51144.67,577618848.02,-20778642.39,-20807495.55,2025-10-28
3187,603949,雪龙集团,44574417.25,-15.97,268083733.07,-4.4387171691,181281328.83,13280861.77,21142253.76,-650760.42,235052532.64,50378567.53,50931980.68,2025-10-28
3188,603926,铁流股份,77768203.6,-1.99,1756726691.09,8.9710796299,1442214054.65,77464497.54,93791517.25,2109155.23,1668949863.78,84587121.17,84799994.39,2025-10-28
3189,603893,瑞芯微,351709019.93,354.9,2159606597.14,48.4738861633,1371027299.22,41955878.53,68201195.12,-28866415.97,1866184665.65,354908792.89,354996752.13,2025-10-28
3190,603889,新澳股份,370081223.34,5.41,3871374868.1,10.2754104213,3120919088.38,70235533.83,107992261.82,28196996.4,3436072939.1,447596730.38,447553691.1,2025-10-28
3191,603888,新华网,155821797.25,6.1,1210380527.98,-0.9742248873,770526970.95,151976367.57,71827968.34,-41304878.26,1030846889.68,184577828.73,188370411.59,2025-10-28
3192,603871,嘉友国际,1088602719.78,44.23,6544252179.84,28.2968141846,5121528048.66,9247460.29,133269597.8,-6284352.06,5291122712.04,1288604728.94,1288559819.26,2025-10-28
3193,603868,飞科电器,464596971.58,-43.82,3321008578.93,-16.8505861241,1461114848.91,1164356448.98,132082735.68,-4828099.8,2851134345.6,492150838.26,563244690.9,2025-10-28
3194,603859,能科科技,117621059.17,-28.89,1036256584.47,-4.4781898459,532557951.43,77346565.35,71287961.83,6835414.59,846394564.52,184435908.42,181486691.51,2025-10-28
3195,603836,海程邦达,82067099.93,-3.56,7568952956.83,68.4769894853,7097629959.36,147548261.43,173418920.56,34957668.57,7459179174.65,119695363.08,116252366.31,2025-10-28
3196,603816,顾家家居,1358639495.4,-9.49,13801422776.45,-2.365461326,9426320924.66,2175611365.84,297545056.93,20213094.53,12267039853.08,1567981703.39,1734032466.15,2025-10-28
3197,603813,*ST原尚,-28801800.29,-124.474439347322,241918837.06,-33.5775281542,198764944.85,6968485.59,34901298.97,16428918.89,268495155.86,-25921206.36,-26839492.69,2025-10-28
3198,603811,诚意药业,117073573.87,2.74,520542330.59,13.2875861666,161290949.46,132692285.97,88823175.31,6216206.62,437021620.72,130203765.91,130289881.42,2025-10-28
3199,603786,科博达,565891432.24,33.24,4290786909.91,33.7873274107,3039209665.16,97258586.82,182671691.74,12946058.31,3723801204.33,647642054.3,651219731.54,2025-10-28
3200,603703,盛洋科技,6721043.07,-17.93,567570236.89,10.3438839988,427240575.13,14198817.36,75764646.99,12709093.34,566906751.77,4664333.36,4482095.9,2025-10-28
3201,603679,华体科技,-31200328.74,-153.832586950827,288685329.54,-42.1927075653,216218169.29,20984235.6,31708302.86,6618470.62,300490147.34,-39319013.13,-39217609.08,2025-10-28
3202,603667,五洲新春,98232963.18,-19.98,2472924038.44,-1.7554469241,2049455100.32,63402619.76,139777361.95,15272494.55,2374696610.91,116742299.35,116236328.28,2025-10-28
3203,603659,璞泰来,1238510973.21,-23.97,9840019484.79,-15.8075187744,6977387050.54,135529902.96,398100477.96,44785885.05,8221745951.97,1549176371.01,1545917264.99,2025-10-28
3204,603655,朗博科技,19257832.97,68.21,164009843.29,20.2109480252,107228005.03,3341374.07,26322831.2,-573385.26,145743287.29,22195800.49,22196857.5,2025-10-28
3205,603650,彤程新材,438576763.63,25.31,2424952336.85,10.4490386687,1808040218.02,81082715.49,149714736.01,65235393.36,2263126070.71,372130207.56,466622719.23,2025-10-28
3206,603607,京华激光,71400699.26,22.64,630492812.77,29.6893515555,451988273.88,21086783.63,28211524.35,-1654945.07,568556870.42,72988439.75,72582921.72,2025-10-28
3207,603600,永艺股份,224830855.09,6.46,3389890021.11,35.5825337496,2620942447.24,222807310.83,163307568.72,-350714.59,3141833490.93,243674043.63,242666043.38,2025-10-28
3208,603599,广信股份,574181253.05,-56.61,3489513084.25,-31.4566785126,2407320809.8,33024841.33,330896086.84,-137237187.79,2867446769.41,650100136.04,645911185.87,2025-10-28
3209,603569,长久物流,61172591.56,-31.89,2910197257.49,1.7931842315,2576220350.58,71556958.03,174027483.96,44462093.13,2892716008.15,59900986.18,74866867.97,2025-10-28
3210,603567,珍宝岛,397733293.18,83.22,2029396710.78,-1.0870727584,950734675.89,195180411.22,220815744.54,93332279.68,1516630249.21,439581368.37,438688072.87,2025-10-28
3211,603558,健盛集团,263195019.77,31.22,1923555680.63,15.9704482275,1370817585.51,55693003.83,144128521.19,1591305.71,1621752891.16,310900665.11,309085176.63,2025-10-28
3212,603556,海兴电力,791436965.87,18.34,3409583709.51,18.6902394677,1842290585.53,291716070.25,134547716.23,-42170205.45,2481060124.54,930849111.68,938696313.72,2025-10-28
3213,603551,奥普科技,186455838.68,-8.72,1288519607.5,-6.0250254009,705613253.35,236414437.2,87084658.95,-20426002.29,1094982736.6,219018958.78,220172101.9,2025-10-28
3214,603538,美诺华,63250382.67,15.97,949078888.15,2.2126541757,646538559.23,37913423.95,124939165.85,9319275.96,895078452.62,83992699.96,82499810.66,2025-10-28
3215,603527,众源新材,91670516.92,2.83,6647588756.68,20.3121312124,6430366253.75,17359036.21,32200746.89,19243821.25,6569875521.09,104581510.48,104630989.28,2025-10-28
3216,603519,立霸股份,110352748.28,-82.06,1227659051.37,15.5624042744,1065412471.88,3851290.96,9207862.93,-14785396.7,1104368381.76,138510744.07,138195258.53,2025-10-28
3217,603496,恒为科技,78278193.45,145.87,880937648.29,76.764795946,600062926.28,31637623.35,46050366.1,2805092.57,774971558.11,95198292.45,84411707.49,2025-10-28
3218,603466,风语筑,-117122453.45,-156.06,958320544.84,-47.9436521629,748195503.71,64641166.87,75171369.03,4156627.15,945438597.15,-140183563.06,-140860352.98,2025-10-28
3219,603439,三力制药,194132141.59,22.89,1447114245.43,49.2631743965,444608908.8,598349957.01,118018741.58,11350866.36,1218067856.0,234380412.46,233267825.05,2025-10-28
3220,603421,鼎信通讯,-28436940.22,-152.84,2254289197.03,3.5244885181,1374219195.61,305134966.45,129769929.35,17936573.18,2204064932.8,-31946863.4,-32818244.51,2025-10-28
3221,603409,汇通控股,121375162.12,11.847025836053,715953013.01,41.7928933352,497088254.55,13266685.53,35962626.06,1586432.84,584460531.97,139119867.49,139113294.0,2025-10-28
3222,603400,华之杰,101840013.55,,841021683.32,,615753469.38,27440647.88,45863450.67,-2024827.31,731992785.77,112350181.69,111863808.94,2025-10-28
3223,603396,金辰股份,68269354.91,-8.5,1899136664.93,9.9129669371,1398247434.14,45456856.91,114629558.33,2511748.65,1725319645.64,114196511.4,106191756.64,2025-10-28
3224,603395,红四方,111852181.6,-15.88,2665734815.31,-11.4116999528,2337253420.45,56555370.65,86093184.25,5473747.0,2550566855.65,128700443.23,129232400.68,2025-10-28
3225,603383,顶点软件,101235176.89,-15.6,420634823.55,-7.9992141644,123745506.07,45419073.67,70750502.08,-11344232.05,348939102.4,96602988.92,96493626.84,2025-10-28
3226,603381,永臻股份,178411655.89,-29.35,5734511212.84,47.0710251748,5436167885.4,20567490.8,52695150.43,60897307.39,5668608992.74,142156395.02,142086834.73,2025-10-28
3227,603379,三美股份,560872602.87,135.63,3039417670.19,16.4994669664,2179957076.29,37208575.68,119342908.32,-66749114.78,2343197837.96,710627184.94,707421597.92,2025-10-28
3228,603375,盛景微,19022574.79,-84.1,343633410.69,-36.4235656144,222136167.69,29951488.44,25876578.9,-2000737.66,340619841.66,13563350.41,13338718.68,2025-10-28
3229,603370,华新精科,111161845.86,,986514255.77,,778167490.66,7437700.94,35222577.97,-3540409.88,853021933.61,126891890.3,126756478.05,2025-10-28
3230,603366,日出东方,67264172.37,-60.4,3269424899.75,-6.2830946759,2361439862.49,611993951.9,176198001.84,-4048508.61,3281203304.81,74219125.19,72259147.77,2025-10-28
3231,603363,傲农生物,-818989156.63,36.50695298742,6925141428.12,-54.3697800325,6645341290.52,195473482.22,628568295.14,335485311.53,7864324564.66,-842841306.91,-919619480.22,2025-10-28
3232,603350,安乃达,84965951.4,-20.23,1190992767.64,2.8968047848,980352895.79,24707435.53,47780744.38,-14987314.13,1088161168.95,92685202.76,92963023.6,2025-10-28
3233,603339,四方科技,184473073.95,-25.69,1438154787.67,-12.1445052607,1087749369.43,27957577.5,52541911.64,-2637381.11,1244439673.93,213867169.75,214091142.08,2025-10-28
3234,603337,杰克科技,619390072.05,50.2,4706210014.05,14.7873568617,3189946786.57,281176203.84,261361854.24,-13268632.14,4080415774.79,699913786.78,697396490.25,2025-10-28
3235,603335,迪生力,-69277741.18,22.799615598373,814172698.28,-41.4825720857,707002629.67,101358119.84,52113643.37,24407715.46,904117581.97,-106908383.24,-108570869.64,2025-10-28
3236,603332,苏州龙杰,58145591.29,520.049890785683,1258793290.23,15.2211752435,1141775204.95,5596582.59,22634518.0,-4368701.92,1209638147.52,62712233.61,62700762.96,2025-10-28
3237,603325,博隆技术,169371069.44,-4.45,581326469.9,-23.5158496752,381901351.58,9868381.59,25893192.94,-32240193.37,421343482.01,191493553.34,192026061.66,2025-10-28
3238,603299,苏盐井神,655448034.58,20.58,4046811763.72,-3.3049172766,2552866983.89,281973986.13,194053790.35,1402988.14,3300014279.7,791848896.79,791575205.81,2025-10-28
3239,603296,华勤技术,2049748902.21,3.31,76009921642.9,17.1458114304,68618838309.4,150469014.45,1644891763.49,-316994767.68,74080154903.08,2118491503.49,2123153107.62,2025-10-28
3240,603289,泰瑞机器,43887764.27,-47.01,861987720.81,10.9960468363,607357363.73,85749699.36,51257943.43,5996856.56,810901468.81,52867520.12,52279560.58,2025-10-28
3241,603281,江瀚新材,457215472.04,-14.46,1704194354.8,-2.6936925067,1122680802.81,15011099.9,51525648.86,-54457279.6,1197872364.3,530656173.65,530297836.62,2025-10-28
3242,603275,众辰科技,161033434.67,7.78,493718703.15,5.4150961056,290215484.32,25535744.7,15780111.13,-10553989.47,347581382.45,183530101.71,184112646.7,2025-10-28
3243,603273,天元智能,26121936.73,-42.46,445119376.45,-27.1255078081,384565499.25,12785047.89,22029221.01,-6147463.73,426688240.02,28595822.35,30199204.79,2025-10-28
3244,603268,*ST松发,74171143.58,4.966331603428,3486802437.13,16.4441641601,3043689177.16,23492284.93,148852568.11,75302791.18,3386290982.36,125936434.8,123789875.56,2025-10-28
3245,603221,爱丽家居,93562114.61,196.83,933245014.81,18.2847393545,716097141.42,12013515.37,71137968.73,2784172.89,833752523.38,94959581.65,94897610.54,2025-10-28
3246,603219,富佳股份,144923975.97,-25.62,1858473291.71,-2.2269088748,1541327127.09,11641156.56,72601471.42,-16522591.84,1696781821.59,155279840.22,154837255.05,2025-10-28
3247,603214,爱婴室,47888969.19,2.04,2468120054.5,1.9451783963,1824786953.91,499387352.14,78551093.79,22444452.06,2434521891.4,66490318.86,69334441.23,2025-10-28
3248,603196,日播时尚,-40536042.42,-295.2,624826509.51,-10.5984395597,259778775.2,252544346.62,92521992.97,7966131.85,638734538.82,-45407491.72,-45316574.56,2025-10-28
3249,603183,建研院,24673743.18,-20.1,576005251.02,6.8473364181,304164001.53,31828427.57,139906262.32,-1141276.66,528375541.08,39328198.26,38822382.15,2025-10-28
3250,603182,嘉华股份,76465591.07,-10.91,1106258704.92,-11.9318464563,970193820.77,8759844.48,18812269.62,-5660287.59,1008556413.89,100382357.69,100315740.31,2025-10-28
3251,603153,上海建科,78121318.72,9.27,3005233177.12,2.661199382,2147003883.77,108791534.71,443296065.76,-12210833.51,2895184314.77,108961383.62,108944551.28,2025-10-28
3252,603151,邦基科技,42696436.01,-37.09,1624395865.36,41.2246817603,1471970004.35,23246184.82,45646138.63,3477964.36,1561538318.05,45201969.43,45103808.0,2025-10-28
3253,603130,云中马,67212133.63,-26.05,1842410569.22,7.7448636018,1660549776.49,10217659.65,39641173.31,9172763.0,1767749375.88,77466853.22,76288451.86,2025-10-28
3254,603120,肯特催化,54840513.87,,426955039.33,,315054779.73,10052114.96,28359655.93,-1401934.95,369987484.98,67207910.69,67154061.53,2025-10-28
3255,603112,华翔股份,341183564.48,21.18,2787302989.69,18.4461919578,2169381202.8,32135074.84,100299004.4,47052545.84,2481523661.66,371292173.02,365270701.67,2025-10-28
3256,603095,越剑智能,72261969.9,6.81,903314814.66,62.0785337154,778109803.5,6814762.81,27865798.59,-27249201.31,820680368.94,82146962.16,81598078.44,2025-10-28
3257,603082,北自科技,121776610.46,1.8,1452606246.55,5.6233663497,1196636963.96,30075991.85,30433755.03,-3840441.12,1302359722.01,137633288.18,137661761.21,2025-10-28
3258,603073,彩蝶实业,65995645.24,-20.14,557067802.97,8.0151268349,407624564.07,19779269.46,27218406.02,-9354360.27,473835639.43,74594493.94,73781392.69,2025-10-28
3259,603067,振华股份,363871841.94,25.97,2993587430.81,8.7537434755,2231057289.67,27435517.12,196308053.12,25620546.21,2585924129.5,420387548.13,417818706.37,2025-10-28
3260,603063,禾望电气,253317192.62,-36.91,2311541742.13,-11.6074844285,1445289780.33,215999637.02,106762470.76,23215995.55,2046832966.8,298652438.08,295902460.58,2025-10-28
3261,603059,倍加洁,41752356.09,-29.35,942426304.08,23.0881129811,709391508.77,68150149.28,41618189.41,8931484.08,870642957.36,56027660.06,56162005.36,2025-10-28
3262,603040,新坐标,161705527.19,19.92,496632773.16,17.5667716115,236144075.77,6344352.88,51632211.54,-6295093.32,317491242.96,190727681.11,190685641.41,2025-10-28
3263,603035,常熟汽饰,385449478.0,0.35,3735714533.77,21.4805467308,3075592180.51,36057889.67,218380278.77,39467743.86,3555731630.72,400521768.92,402653455.43,2025-10-28
3264,603017,中衡设计,66867951.68,-28.82,919028962.23,-21.2046028898,676888194.73,,86946694.83,4719767.8,835876755.28,73420904.57,80748255.87,2025-10-28
3265,603015,弘讯科技,49440893.93,47.88,645273903.0,22.7994690994,420804987.82,32566442.14,79692344.25,304392.73,590007120.27,72901865.66,59030519.19,2025-10-28
3266,603005,晶方科技,184463097.19,66.68,829692948.58,21.7071573565,467935330.56,6568686.74,69868832.91,-50930681.05,609500772.92,216213626.0,216074673.01,2025-10-28
3267,601975,招商南油,1655863570.78,37.62,5008074591.48,7.7627867701,3276328437.91,27132794.89,69618083.54,-16288495.99,3376339063.82,1918615747.12,1920185859.11,2025-10-28
3268,601966,玲珑轮胎,1711795168.0,78.39,15948891839.0,9.7653833259,12064938858.0,425423625.0,463114855.0,115429125.0,13814946303.0,1980590507.0,1981678814.0,2025-10-28
3269,601965,中国汽研,658609499.49,18.77,3059250552.55,18.1222737062,1783854217.15,92215611.3,210561938.35,-3555027.39,2287743040.16,836817396.76,834926598.06,2025-10-28
3270,601921,浙版传媒,433489320.54,-49.58,7093706809.8,-8.8507959237,5285939666.77,931688606.19,546852854.07,-197489599.29,6629953344.26,619243188.63,618810934.04,2025-10-28
3271,601898,中煤能源,14614069000.0,-12.4,140412180000.0,-10.1123386911,105055477000.0,681312000.0,3492619000.0,1879800000.0,117524721000.0,24522382000.0,24526360000.0,2025-10-28
3272,601890,亚星锚链,193167524.92,9.9,1466058421.22,-1.6199714696,1049414678.6,75683981.57,88703750.33,-5600646.22,1300486959.96,229891544.24,229519463.67,2025-10-28
3273,601865,福莱特,1295646909.93,-34.18,14603886927.79,-8.063502774,11826559614.14,49888059.83,237827378.78,342168832.66,13092855274.09,1454087944.39,1453994822.81,2025-10-28
3274,601789,宁波建工,219573213.14,-7.32,14393943582.97,-5.0526085557,13019346766.35,3485049.26,386547083.37,162915488.84,13986650708.95,297199728.22,302334036.71,2025-10-28
3275,601717,中创智领,3058686770.04,23.97,27856493759.81,2.1856220491,21151019558.25,692092400.96,880858768.17,160647806.69,24203871319.81,3992444021.61,4004398419.87,2025-10-28
3276,601702,华峰铝业,867626179.9,30.81,7678166641.27,14.7019857953,6407079260.47,54393074.06,104375277.53,16833809.92,6766625910.22,983441182.32,983249805.06,2025-10-28
3277,601600,中国铝业,9011452000.0,68.46,173779231000.0,-7.7634001172,147312203000.0,305421000.0,3429123000.0,2106391000.0,157849455000.0,17403610000.0,17535686000.0,2025-10-28
3278,601598,中国外运,2825229326.0,-10.41,85872282099.44,17.9301253504,81685055094.55,719325761.57,2297856342.97,249250114.56,85304886031.14,3581405208.83,3643181462.98,2025-10-28
3279,601568,北元集团,239835917.55,-44.24,7505223405.77,-10.2397113551,6544404369.44,38220996.79,343004944.7,-95695683.02,6935882735.66,256225917.46,267453947.26,2025-10-28
3280,601388,怡球资源,77267934.21,-37.73,5040495649.71,-1.8579989612,4746590075.01,17342201.42,165569969.52,1739282.56,4944093966.82,98106393.88,100477570.99,2025-10-28
3281,601101,昊华能源,1119287048.27,10.74,6843621874.98,11.8206398994,3557850191.37,112758277.85,444863925.88,171808330.69,4881097200.58,1996126545.15,1992533741.95,2025-10-28
3282,601100,恒立液压,1791436542.03,2.16,6935751382.64,9.3214687202,4060398113.12,143977174.19,378353104.64,-166330112.19,5019842154.87,2011570105.11,2024047056.58,2025-10-28
3283,601096,宏盛华源,178507445.26,100.58,7577878901.43,15.1731790413,6887394767.41,158855323.46,136699709.54,4670525.45,7341216292.64,222601122.06,231390335.01,2025-10-28
3284,601061,中信金属,1716854523.25,9.17,95056545245.02,0.2923975499,94207541354.52,224620110.46,173579890.19,848737804.53,95509435083.85,1872883419.75,1881343159.79,2025-10-28
3285,601009,南京银行,16662639000.0,9.02,38558036000.0,8.0294362708,,,9761592000.0,,18126226000.0,20431810000.0,20403475000.0,2025-10-28
3286,601001,晋控煤业,2150943335.81,-0.62,11233627002.63,-0.1901789808,6065642351.87,78235847.23,369884868.89,47369794.53,7701937032.78,3929301390.52,3919411689.57,2025-10-28
3287,600998,九州通,1696187348.23,-6.99,113429051065.03,-0.8177459578,104395774540.04,3286488615.04,2082584362.54,893234426.67,111066924524.24,2302868331.41,2285103067.12,2025-10-28
3288,600967,内蒙一机,363693396.48,-38.12,7107313267.9,-9.3765209559,6285734461.86,17470809.12,279148684.31,-28044260.98,6833113255.09,419250925.99,420026960.62,2025-10-28
3289,600965,福成股份,28937063.49,-78.76,708098129.24,-15.4682319223,524475444.1,97729072.0,36104116.45,2084890.28,665339793.33,39949580.73,40523451.13,2025-10-28
3290,600961,株冶集团,581723840.54,9.55,14388254230.7,-2.8235422726,13077980635.23,14646266.4,341866993.38,62279931.81,13718666489.58,710947186.46,712393568.09,2025-10-28
3291,600903,贵州燃气,123516669.29,-28.04,4855606264.9,8.8872986405,4080508465.17,110417379.09,242104768.35,139802997.47,4607773637.15,240831691.77,238883979.53,2025-10-28
3292,600867,通化东宝,-66372427.8,-108.73,1447720331.65,-30.7805914922,369637068.97,788404796.79,123582522.45,2856897.49,1368736419.93,136892789.3,-115162628.72,2025-10-28
3293,600866,星湖科技,677220376.32,38.38,12789582475.03,0.4787773883,10779239226.79,241030290.63,519552232.16,58393538.39,11809416444.53,882791217.51,879884602.39,2025-10-28
3294,600853,龙建股份,234513504.42,37.19,11169121393.94,4.4558988156,9692731229.49,61395299.38,310692665.4,262487349.42,10827915277.66,303051356.3,300358173.18,2025-10-28
3295,600845,宝信软件,1930289552.93,3.16,9756533663.8,10.6401480171,6238626753.75,159705944.94,269067186.43,-6372695.32,7633330961.38,2139340872.38,2144475172.95,2025-10-28
3296,600838,上海九百,27622099.33,-38.65,66090905.12,2.9666350254,53568300.56,11568141.81,24892444.6,-3011925.98,88807889.18,28069774.88,27622099.33,2025-10-28
3297,600828,茂业商业,153885214.51,-17.31,2125841260.06,-12.7546076865,757378116.55,689008281.12,170044426.8,253235411.05,1952726933.39,187986517.69,187306810.6,2025-10-28
3298,600826,兰生股份,202384932.38,-16.53,931590876.5,-3.2931077254,640646665.74,44199486.42,121186950.04,2468558.8,816243331.02,260977621.94,260880186.44,2025-10-28
3299,600824,益民集团,35839293.54,-52.71,711502067.25,-15.3173041671,430921051.75,137703932.92,71054220.56,-6608355.76,658333402.38,53703482.57,51771816.96,2025-10-28
3300,600818,中路股份,2876730.09,-69.53,791110826.2,8.1414031671,668606464.65,39737963.25,58174348.17,1559029.17,788489454.58,4962044.25,610949.78,2025-10-28
3301,600802,福建水泥,-167665011.9,26.33,1117177219.53,-25.2639781335,1183773813.53,11723361.5,93251440.0,47845275.24,1369406967.98,-216138230.67,-213047923.21,2025-10-28
3302,600795,国电电力,9190803578.88,63.41,133862463550.04,-2.7939201802,114075458690.84,11975124.65,1733983933.53,4727739819.42,122288479982.47,17321222290.84,17329123544.66,2025-10-28
3303,600794,保税科技,183659166.84,-7.73,714502339.18,-40.4352590833,388800946.83,10217664.84,77287792.9,6608414.67,505355829.62,247778708.73,247112123.23,2025-10-28
3304,600792,云煤能源,-310957484.4,-232.52,5142322611.19,-6.5438168043,5150879356.44,5711260.15,135760495.07,108770826.88,5430647414.96,-310421181.65,-308851420.1,2025-10-28
3305,600769,祥龙电业,11542174.87,12.78,58667767.06,13.9636436569,40883977.57,,4453663.19,-1201853.14,44248408.93,15570697.5,15640285.21,2025-10-28
3306,600768,宁波富邦,4046854.51,-767.96,768819912.85,29.5139155295,705918040.92,2667319.53,16598293.52,4876600.08,746571985.65,23716399.59,25975376.65,2025-10-28
3307,600763,通策医疗,497775111.17,-2.63,2233126548.77,2.2099499464,1299312591.18,25708384.75,200832028.45,35908517.61,1606947717.89,669559933.97,667395112.81,2025-10-28
3308,600761,安徽合力,1178647457.55,11.63,13461491838.73,2.1067321014,10326595915.26,613141028.17,396623951.34,1853942.42,12217101358.17,1492714222.07,1500364990.27,2025-10-28
3309,600753,*ST海钦,-72038780.14,-121.681447460275,235043371.99,-48.9196110061,234770959.31,12216762.48,34113896.93,2189345.2,283585355.65,-72882458.36,-78789790.86,2025-10-28
3310,600749,西藏旅游,20043944.52,-18.3,169800140.56,-3.2216388105,108291151.72,9227534.48,38695992.44,2878653.3,159778847.77,18973761.16,20382981.81,2025-10-28
3311,600746,江苏索普,207128798.2,239.71125932801,4944551794.64,26.2296039953,4406649945.72,8363651.49,126831182.82,-20867053.86,4718083124.02,241874648.08,241110894.3,2025-10-28
3312,600740,山西焦化,252694310.29,-80.27,5452120243.13,-16.339389085,6487250563.32,35908871.14,213779147.44,219970542.95,7047206651.21,228432461.4,244168998.77,2025-10-28
3313,600734,实达集团,36546429.36,98.3,63494371.28,-69.4479311052,34392130.08,5038093.26,40595243.72,5255307.11,109042696.95,33773594.4,30566256.74,2025-10-28
3314,600721,百花医药,23953244.2,35.39,290630947.61,9.3774089025,155589054.18,9209043.11,46193235.34,-970460.72,236012856.12,27141956.0,27052552.43,2025-10-28
3315,600704,物产中大,2331672236.45,-14.54,441971740529.55,0.7653371468,432458671024.45,2185279778.66,2465106188.23,1322021255.17,439779771041.35,4687405599.9,4731782206.34,2025-10-28
3316,600696,*ST岩石,-75559559.64,-162.98,230576792.38,-82.9676477524,79761390.63,96126458.09,71542256.45,13468053.11,268991606.02,-54988724.02,-54262672.52,2025-10-28
3317,600679,上海凤凰,50164349.14,52.15,1832713237.27,42.9627183542,1571813342.57,62537588.69,114073235.94,-3165750.36,1770122352.25,70774336.58,63462487.49,2025-10-28
3318,600673,东阳光,312457382.21,241.04,8878636431.44,9.512507852,7635091036.03,117122490.88,302414212.01,219991784.19,8640739687.39,362750865.75,349716160.27,2025-10-28
3319,600633,浙数文化,474705874.56,-31.38,2169072562.55,-5.2017265205,874523347.09,351747791.89,296676210.2,-13157360.03,1771275556.37,530576285.04,529907151.45,2025-10-28
3320,600618,氯碱化工,606554810.19,36.06,6008730831.74,13.9487780683,4949581872.64,120694441.97,71093941.33,13905334.16,5373890839.11,755362039.37,755248137.95,2025-10-28
3321,600610,中毅达,-15082072.63,70.007528026486,810869933.65,-10.2745747744,744570947.45,9773804.07,25061905.9,30554348.54,827147970.65,-9960889.7,-10743247.85,2025-10-28
3322,600600,青岛啤酒,4989889602.0,1.67,28959288497.0,-6.5167416858,16865280465.0,3420705236.0,938915487.0,-433974719.0,22850123111.0,6727652943.0,6730927958.0,2025-10-28
3323,600595,中孚实业,727279535.07,-8.37,16732989259.85,22.6533073724,14883414292.69,33444196.21,265313627.17,188383158.77,15787457929.5,994826770.83,972273945.01,2025-10-28
3324,600592,龙溪股份,165606840.89,-0.27,1371357770.21,-2.8281139599,1028469189.5,21730414.0,61586577.85,2493378.0,1215345818.58,176097761.23,176251112.86,2025-10-28
3325,600579,中化装备,-1078753426.24,13.434224440672,6980056153.34,-15.1154339373,5706028180.67,992483861.16,509328953.64,119668684.35,7573823488.54,-1053580173.75,-1101131270.64,2025-10-28
3326,600566,济川药业,1902829554.86,-2.13,5805134511.2,-11.192546295,1204122608.31,2190344923.91,301233712.0,-205391094.76,3879965357.38,2119657580.92,2233497637.2,2025-10-28
3327,600561,江西长运,-1451602.75,105.791450174392,1100827652.81,-3.4564623121,1153195002.43,5320201.76,188649802.65,59029984.02,1427641813.58,3624836.96,15250142.92,2025-10-28
3328,600560,金自天正,38227263.7,1.58,482628022.22,-27.7318324982,360345541.43,16509093.61,30806733.44,-2580388.83,446290616.91,43790960.17,42482854.96,2025-10-28
3329,600550,保变电气,84398754.98,216.023630846841,3172980176.29,54.851796387,2658452721.96,123795218.08,139463778.44,60605569.73,3073240068.93,103155165.47,104510601.46,2025-10-28
3330,600522,中天科技,2310874703.63,-13.12,34318802266.97,4.7781558549,28890134645.86,837363226.86,562420206.04,24623059.51,31882810595.87,2669636341.08,2657482679.1,2025-10-28
3331,600508,上海能源,625678804.35,-52.9,7233532303.02,-14.8792639896,5575313178.58,22800667.71,491764041.27,52771855.95,6433047778.13,820555069.86,821102213.6,2025-10-28
3332,600505,西昌电力,4950432.45,115.21,1052025338.35,1.8673546687,848092968.5,27514514.48,85194281.61,72634135.33,1045349425.35,9378590.21,9521668.57,2025-10-28
3333,600490,鹏欣资源,-117039791.26,-169.07509663049,3255854380.73,-21.7566318213,3139313338.32,78606289.96,227190624.32,36825180.38,3484327057.96,-240138122.31,-185100396.24,2025-10-28
3334,600487,亨通光电,2314805476.78,28.32,42399340197.21,20.7908654279,35976759540.6,943471585.57,1060689049.8,235384115.59,40025912134.62,2709404804.3,2710127103.03,2025-10-28
3335,600486,扬农化工,1025830055.54,-24.61,8015697859.55,-13.5651423279,6090146535.89,165905205.02,381850106.33,-33241376.85,6882904567.55,1187082282.62,1184128367.08,2025-10-28
3336,600480,凌云股份,500775272.53,13.23,13347813225.4,-0.4232538929,11020609854.25,249457626.4,688330867.94,112783565.45,12677089283.07,832194325.58,827690462.85,2025-10-28
3337,600461,洪城环境,921821380.3,3.82,5642894776.23,-1.2249142939,3729765518.12,156499996.29,244340627.53,146698544.49,4407021495.64,1273472118.3,1265784059.81,2025-10-28
3338,600456,宝钛股份,516567746.33,-5.97,5508546734.64,-1.8301857026,4327073400.18,47310641.22,176067241.49,25885551.5,4756359268.62,688620382.26,690209713.87,2025-10-28
3339,600395,盘江股份,35185949.97,-95.45,6448710436.17,-15.3602939825,4813623118.07,16158615.96,969222380.3,231703448.68,6549636800.61,24774850.6,103145609.96,2025-10-28
3340,600389,江山股份,171516414.72,-33.14,4292934648.2,19.165306218,3709043408.61,81115199.03,191381723.01,-27611965.92,4105675539.82,223406081.1,221859432.51,2025-10-28
3341,600368,五洲交通,566420261.78,2.99,1215577940.29,3.1219899072,466705099.77,69496687.4,65343895.86,73913908.18,684613632.21,652968327.88,653529326.51,2025-10-28
3342,600361,创新新材,790614316.56,10.06,59535616189.19,11.3378943355,57369018284.82,81403202.87,337021738.68,274555923.39,58470359942.1,1013744732.66,1013886730.96,2025-10-28
3343,600346,恒力石化,5104620569.38,-10.45,177856562954.6,2.7111763616,159348046504.21,318856120.49,1607880865.26,4285467827.1,171984369340.73,6617444424.7,6628046289.86,2025-10-28
3344,600338,西藏珠峰,219218277.11,195.41,1179949187.01,-10.0524910982,633818249.29,11077248.33,137307835.31,45487650.41,945686492.31,277663719.23,277759068.7,2025-10-28
3345,600330,天通股份,124211663.69,-55.5,2560752956.64,-11.3429167978,2030077226.73,93245557.95,188465034.88,-19145505.17,2489405277.01,137133680.35,130951449.15,2025-10-28
3346,600327,大东方,83219172.82,-23.08,2762037575.38,2.8726152637,2350310950.35,76000354.97,234928536.27,37575349.44,2721059241.16,126179600.49,123394091.75,2025-10-28
3347,600315,上海家化,162702785.5,-58.72,4476514757.22,-12.0743057598,1816818207.07,2019805891.02,382914870.89,31728641.62,4387218887.06,155513842.06,179217119.85,2025-10-28
3348,600288,大恒科技,-6413842.21,-107.51,1146185212.03,-26.3630885286,731512621.46,124213254.56,204049817.58,1112284.4,1190507440.95,74253969.63,-5571383.63,2025-10-28
3349,600276,恒瑞医药,4619575874.29,32.98,20189303845.1,18.6654539013,2833182677.7,6109287761.42,1874111722.11,-447888259.71,15089979241.8,5345290528.73,5086740155.23,2025-10-28
3350,600269,赣粤高速,1152044499.42,6.25,4560464993.63,-12.6895327541,2668502943.09,52924198.07,191295726.05,262483080.36,3225951300.15,1680438651.61,1696092034.85,2025-10-28
3351,600267,海正药业,515312975.68,16.49,7874540640.41,-9.4973531558,4632200445.07,1583085460.85,667223152.78,101395767.99,7323584992.31,606424781.72,605520255.63,2025-10-28
3352,600262,北方股份,108352486.05,15.99,1903861664.59,8.4049210627,1506915411.11,26037812.73,62232099.74,-2749021.9,1680565170.04,159247391.43,159731929.14,2025-10-28
3353,600241,时代万恒,18805193.72,-57.67,298239254.62,-41.9741633603,205990493.79,4873857.35,46421344.33,-6107086.11,275393096.13,20256285.46,20322044.69,2025-10-28
3354,600239,云南城投,17969059.71,-85.73,1376788708.07,12.6451699346,915036404.87,119715514.95,139665381.77,180946896.66,1414003657.49,-69913111.69,-12350253.38,2025-10-28
3355,600226,亨通股份,187381739.25,15.56,908204370.68,106.6958484715,756998330.64,16917028.61,43651747.06,5553121.02,857374181.67,183143469.32,194158728.84,2025-10-28
3356,600223,福瑞达,171162082.87,-28.09,2802563091.3,-17.4468980216,1349432644.62,1022189286.63,119208610.66,-14847974.11,2608194798.21,242009090.78,243643687.55,2025-10-28
3357,600216,浙江医药,849651818.01,181.96,7112804346.3,21.0377268467,4263783893.03,849542121.05,378004987.39,-2869470.8,6103341032.99,937076246.21,930805265.38,2025-10-28
3358,600203,福日电子,-134059159.04,-0.114038409019,7841600746.97,2.0633515596,7391682994.43,75330604.46,192011999.85,87027663.65,7949250325.22,-153464336.2,-121694413.12,2025-10-28
3359,600201,生物股份,169540956.58,-41.19,970804600.73,-20.3598704481,425238182.58,194238768.85,92752560.71,-37891551.52,775774038.75,193865576.94,193586177.7,2025-10-28
3360,600197,伊力特,241051735.98,5.27,1653805440.81,0.6423583808,788110313.48,189523490.27,72230331.04,5563116.5,1317617412.18,328930489.6,329886798.87,2025-10-28
3361,600195,中牧股份,81802420.73,-79.39,4178404928.63,0.4671104789,3458266737.3,298701505.68,234423965.3,14237080.17,4125409573.52,109355838.71,113869267.77,2025-10-28
3362,600193,*ST创兴,-19645053.42,21.272524129548,45788388.93,-78.5316289494,25961801.38,7424316.47,15039615.26,1809888.43,54182505.11,-18785843.74,-18350544.06,2025-10-28
3363,600178,东安动力,-1597929.37,-105.33,2992116328.1,-22.2402273821,2872032899.88,23147889.0,139694213.25,-16691302.82,3077603509.13,-3863039.77,4477908.75,2025-10-28
3364,600156,华升股份,-21839743.4,1.338616828125,495105293.74,1.4484749437,463471125.11,14051989.84,39169665.11,4112577.98,536196466.23,-26091900.04,-24950308.45,2025-10-28
3365,600143,金发科技,683032580.16,41.02,40464582417.02,18.0050206636,35519773789.76,574870267.89,1159113277.62,915530299.54,39941268022.52,728872782.63,713371762.66,2025-10-28
3366,600141,兴发集团,1314304085.14,37.85,22049996154.75,0.0403718078,18090116582.04,333715608.63,350653862.41,274510887.61,20313137759.28,1756665150.82,1724346129.16,2025-10-28
3367,600127,金健米业,-5834604.24,-97.09,3242228862.89,-18.2677719849,3060293522.2,98844840.44,62229764.18,9668984.48,3264228106.35,-2554153.49,-1446965.17,2025-10-28
3368,600116,三峡水利,383213692.68,13.57,8101850617.85,-3.4452794913,7197207641.88,18309242.64,280530752.76,180336087.42,7709057588.45,459299461.65,462419937.98,2025-10-28
3369,600114,东睦股份,276660689.63,158.7,3610637462.85,29.8029080961,2755513427.45,46409706.51,162547816.25,75673539.04,3307934443.82,321534163.95,320153887.59,2025-10-28
3370,600111,北方稀土,405324657.44,-70.64,21559694501.42,-13.4952502101,19610530086.51,32367735.3,723794009.55,149811349.75,20760672571.6,1003496084.04,1003973492.6,2025-10-28
3371,600103,青山纸业,86736018.64,-4.51,2006389054.16,5.2148018376,1627320228.56,55481499.53,193721418.42,10786559.99,1932682604.46,115333300.31,115079903.4,2025-10-28
3372,600099,林海股份,12230415.98,5.22,761884459.07,44.3553234099,667604680.44,17140624.42,30158525.09,-10935613.36,741677267.57,13706923.1,14042717.34,2025-10-28
3373,600094,大名城,232736665.04,-63.95,3810903850.37,-62.7411748994,3214866618.58,166009572.36,114827769.32,85365805.6,3422820027.08,358106701.84,359565759.2,2025-10-28
3374,600078,澄星股份,-67978515.32,39.37,2433952778.16,0.1834508808,2258790846.77,15869663.18,126946733.85,82556964.36,2522419702.13,-37711221.04,-43898885.89,2025-10-28
3375,600076,康欣新材,-125486713.75,5.169769152139,493737450.23,395.7769279271,508180064.25,4451172.39,37841952.02,59586537.18,618166634.03,-125132583.03,-125152528.6,2025-10-28
3376,600071,凤凰光学,-19970025.62,42.585178004245,1216519600.18,-7.5468044803,1035469475.48,30678981.63,71847904.16,17367630.37,1266488620.96,-22115453.29,-21621566.39,2025-10-28
3377,600056,中国医药,476872254.62,-24.74,26810148143.13,-12.4075119021,23953843347.87,846946806.2,801458262.19,139764459.88,25901262137.31,878017293.29,870230590.72,2025-10-28
3378,600051,宁波联合,55040899.19,1.43,1011665555.88,-22.7865690895,869945447.98,13905287.0,59885817.12,33297907.27,988949930.67,21336557.88,21656343.14,2025-10-28
3379,600029,南方航空,1965000000.0,48.86,134661000000.0,12.6955168172,120738000000.0,5173000000.0,3018000000.0,4288000000.0,134048000000.0,2731000000.0,4955000000.0,2025-10-28
3380,600020,中原高速,823090350.19,-9.76,4705412258.51,22.1338089641,2838737421.88,10055824.72,96470790.05,679976797.98,3661640647.76,1091929484.34,1091115921.16,2025-10-28
3381,600010,包钢股份,-516439883.45,-208.75,49865338798.82,-6.9372622953,45937380584.41,170259921.95,1079429842.39,1570656514.28,50236809703.75,-676711598.49,-684678117.1,2025-10-28
3382,301628,强达电路,79664595.05,19.36,585017429.82,10.2982855518,402089950.12,28579284.18,36050455.14,-1975320.3,504975258.57,87280417.49,88259512.89,2025-10-28
3383,301622,英思特,137523165.46,29.66,848877513.33,28.11,597405658.2,17391286.73,28645165.96,-1608716.5,692723909.14,157301205.95,156464897.21,2025-10-28
3384,301609,山大电力,81155153.01,8.489237341846,416436095.78,7.1584360451,227279105.86,59390369.48,22112746.74,-3643055.79,341944214.83,91287545.89,91914704.18,2025-10-28
3385,301603,乔锋智能,150719041.76,24.97,1193784347.32,13.7234598272,836884821.9,62600781.06,54957328.37,-1461456.63,1020409592.67,167376660.18,167532551.6,2025-10-28
3386,301591,肯特股份,59214129.72,0.07,325047062.82,9.9176384775,198349200.59,15674333.25,21696338.18,-2830456.87,253772199.13,68072937.66,68346064.2,2025-10-28
3387,301584,建发致新,158499162.85,,13487182811.91,,12483076641.3,384332724.8,135895178.56,116111060.22,13152802450.09,271061483.53,269433030.8,2025-10-28
3388,301556,托普云农,76596036.41,14.84,335505732.96,10.9854923182,156525537.16,46276229.46,26231585.21,-11587547.14,254910985.64,83973818.75,83277359.71,2025-10-28
3389,301552,科力装备,114974638.52,21.29,443942597.69,30.2859039202,263586858.96,6451020.41,16266536.55,-3682334.59,306262340.46,139340608.58,138624900.42,2025-10-28
3390,301538,骏鼎达,115473912.27,30.47,589503402.43,34.6009170919,332790669.54,44512968.35,43118189.16,-1535575.11,453925074.22,137441692.09,136819367.64,2025-10-28
3391,301529,福赛科技,52033947.95,-13.53,940625753.98,46.6128945709,713647460.82,10476500.4,89039532.26,30432742.17,895225805.63,59371423.83,59142370.19,2025-10-28
3392,301525,儒竞科技,148787758.93,-25.71,1011516879.41,-15.9201853969,765764531.53,16113370.7,23527023.88,-15340742.17,880801981.04,166461896.25,166515442.3,2025-10-28
3393,301522,上大股份,124716697.91,5.26,1882687374.85,24.6003127826,1614462766.56,18821783.26,33978865.47,21846176.92,1773082455.57,136029532.91,135687810.69,2025-10-28
3394,301516,中远通,-25592364.62,-142.11,618135758.3,-31.8722905622,513973452.26,12469905.73,29529176.2,-3729613.62,636581977.17,-26672598.58,-27087984.58,2025-10-28
3395,301508,中机认检,95827806.3,-14.38,566004319.76,4.4103838014,325459291.41,13528666.33,71396276.29,-1845380.0,452955653.58,119115380.95,118711851.68,2025-10-28
3396,301503,智迪科技,67930043.9,38.36,961330293.12,51.1952499882,788552350.28,11767938.05,31523485.01,-4828294.01,873804403.02,74311316.14,74393574.27,2025-10-28
3397,301486,致尚科技,59707601.77,4.98,725686055.82,95.5121780279,471562164.85,26524940.96,70536301.96,-8024320.72,617279396.4,116278428.42,114015070.27,2025-10-28
3398,301418,协昌科技,37950028.17,-49.5,277593857.27,-27.8858654247,218797467.68,7372253.56,14096216.58,-10275080.73,247815817.75,49069084.32,49028931.55,2025-10-28
3399,301397,溯联股份,108576286.31,-2.0,838525253.91,23.6339773975,640720617.46,18025846.4,33922670.88,-14798506.39,726117517.9,119673716.77,119747947.36,2025-10-28
3400,301390,经纬股份,26537466.09,6.8,364129012.84,20.9187787297,273390316.2,31411288.33,18776820.04,-9003713.58,334373850.53,31490955.68,31452460.51,2025-10-28
3401,301388,欣灵电气,10636488.93,-69.83,331455101.03,3.6899854391,265414299.03,15474983.82,25911777.61,-8477437.33,323560506.21,8318987.71,7398778.67,2025-10-28
3402,301380,挖金客,34869007.95,-13.28,678546167.93,20.4937501775,586702189.44,12203002.39,15383525.71,292184.77,637066899.0,40141238.29,41736413.26,2025-10-28
3403,301376,致欧科技,277534049.49,-3.11,5727825735.94,38.4859801027,3717279237.08,1413078759.5,208074499.37,30022040.02,5427674806.7,345518915.0,345753907.81,2025-10-28
3404,301367,瑞迈特,125120531.82,-53.74,602082982.76,-36.3079096157,295381661.78,76424804.25,43290909.85,-5501004.74,507037954.75,146566817.14,144918783.71,2025-10-28
3405,301365,矩阵股份,44710966.67,-0.35,382696247.11,6.6368038737,240418289.48,18060676.05,65588009.53,-21751322.84,323681034.02,52838066.62,52767823.74,2025-10-28
3406,301359,东南电子,33371393.06,16.42,223849875.84,24.122809935,159985054.66,6159725.57,14870644.66,-7225094.3,188076159.38,37500449.42,37434570.43,2025-10-28
3407,301358,湖南裕能,490598452.29,-68.18,15879155826.0,-53.7432074764,14627855419.43,33644832.3,272464159.18,111461972.87,15313744604.26,602338698.99,595210697.18,2025-10-28
3408,301353,普莱得,55405288.24,-11.24,646577411.18,26.2498795376,458862799.81,56071103.68,57320470.31,-7146124.97,592654305.35,62183509.98,61939657.54,2025-10-28
3409,301332,德尔玛,103960614.26,4.1,2399395735.58,5.6629041635,1635991187.63,454703501.08,101626713.78,-16827230.1,2317044979.62,115801395.01,112971207.54,2025-10-28
3410,301316,慧博云通,38179773.96,-24.7,1206608987.09,24.7963572794,914226236.06,30232532.53,122428536.79,1953417.54,1153176316.31,44759207.95,44306584.6,2025-10-28
3411,301315,威士顿,29967965.58,14.96,179631015.28,-6.2747598195,116223012.75,9539576.6,22386193.54,-2179062.55,165558675.53,29691621.49,31245909.17,2025-10-28
3412,301313,凡拓数创,-127148212.99,-455.61,243534589.06,-22.6429140287,170832028.05,80732964.4,61890985.0,511739.19,342051160.29,-133193366.99,-133278082.04,2025-10-28
3413,301310,鑫宏业,95551654.68,-20.26,1735993627.41,18.8681100237,1540813728.9,15501565.61,25520388.49,-3872067.17,1635631366.23,107158298.22,107179259.31,2025-10-28
3414,301303,真兰仪表,232589959.62,21.78,1029899157.47,0.3946373732,610375131.64,100158903.72,54596690.3,5836067.2,858536038.66,260638082.76,260887953.05,2025-10-28
3415,301301,川宁生物,1075918531.82,68.07,4456265553.38,24.4303479336,2859990249.26,19570247.05,120907167.54,42463279.96,3154494351.3,1294715549.77,1277922127.14,2025-10-28
3416,301293,三博脑科,104552597.72,42.93,1058734248.15,9.8271637317,794375486.9,16538384.69,120145213.89,-3327854.79,928791909.72,139920460.91,149190034.41,2025-10-28
3417,301272,英华特,54679303.19,-13.88,431071808.24,6.602201371,321410347.62,14383548.29,16123786.74,-3858893.37,382785035.86,61161544.47,59497734.87,2025-10-28
3418,301261,恒工精密,96136506.0,18.12,747059667.94,18.5014354901,561139600.99,21568367.65,40268245.03,16310205.92,670716254.65,110417593.25,109671083.82,2025-10-28
3419,301239,普瑞眼科,15841198.32,-95.01,2136699863.8,-1.3584487012,1292699357.3,380124297.57,313459703.55,61638478.21,2058379113.42,98274767.37,73681617.87,2025-10-28
3420,301237,和顺科技,-22445967.22,-211.9,366257518.96,17.709172168,336113220.2,3251819.29,26530217.36,70286.52,385168547.62,-28752961.6,-28940642.48,2025-10-28
3421,301233,盛帮股份,67595450.43,42.41,291068410.36,20.7963394714,173042101.76,8786531.6,14009747.42,-559537.41,219387625.62,78969129.58,78445254.48,2025-10-28
3422,301228,实朴检测,-37730072.76,45.09,307081521.91,22.9198577904,219643074.19,38503999.03,34661400.22,916695.55,318267329.92,-45983595.37,-45823047.54,2025-10-28
3423,301223,中荣股份,110458362.03,-29.44,1925696811.08,4.8426670642,1567463606.88,74954079.25,97088448.27,-7995526.05,1824288196.06,116023017.03,115574337.97,2025-10-28
3424,301219,腾远钴业,617451411.41,156.09,4889154064.91,23.1125175551,3724769188.93,6657855.32,169656183.24,-29324688.16,4086673107.32,779063851.23,782075467.11,2025-10-28
3425,301211,亨迪药业,74661546.28,-48.34,333993687.09,-38.4281857854,233021231.04,16568821.74,29226852.36,-44105422.65,263843342.98,82958023.66,82580556.83,2025-10-28
3426,301201,诚达药业,40392784.63,-33.98,243768662.64,-6.3356893789,137620876.91,3337089.69,65621516.21,-3231008.41,235403173.38,44704496.87,42436915.2,2025-10-28
3427,301199,迈赫股份,67006598.96,150.88,899668202.11,13.7082324901,728729179.91,16627582.98,38501925.71,-905145.07,831875404.09,71611881.24,72064627.95,2025-10-28
3428,301198,喜悦智行,6123134.42,-84.08,255522027.67,-19.0521308704,209087029.73,16255426.99,18250240.31,3321825.62,256715615.8,7533568.47,7562838.5,2025-10-28
3429,301190,善水科技,67287226.15,753.95,372756838.23,2.5498512682,264720212.31,1065639.91,25061359.36,-18315009.8,293778741.58,81236113.65,79777958.32,2025-10-28
3430,301188,力诺药包,70471346.82,31.37,830872973.77,20.1939782611,667398936.98,33890836.56,22514537.48,12679722.49,764080029.44,79344825.75,78701986.2,2025-10-28
3431,301187,欧圣电气,184579806.71,47.96,1306289772.75,56.1419072275,852260489.55,148758725.75,51636963.61,-10779117.43,1096242607.4,217550084.74,217055050.59,2025-10-28
3432,301181,标榜股份,88793792.68,-20.54,359435772.28,-12.6443385119,242486777.43,5042984.54,17860306.23,-1071927.56,286843466.78,101199825.04,101061120.09,2025-10-28
3433,301171,易点天下,194979938.87,7.85,1753731209.62,10.7497427537,1377093255.54,30856924.23,89455473.56,-23883039.03,1540991158.49,178890444.64,178836004.12,2025-10-28
3434,301170,锡南科技,77412789.87,9.19,799650383.2,7.4164264636,649695038.03,13379524.25,32010410.09,-3593878.29,733639430.2,85981761.92,84974980.56,2025-10-28
3435,301162,国能日新,53214291.77,2.69,364781559.92,18.1528483008,119340234.92,97559610.19,31818952.43,-2809428.28,312962848.48,62096863.43,62138878.78,2025-10-28
3436,301161,唯万密封,50375266.75,60.84,516603343.7,93.7957605951,313478341.8,45302276.94,42594862.17,1603795.19,435814385.71,76840408.92,76982978.86,2025-10-28
3437,301156,美农生物,31611622.21,-36.49,340192520.78,-9.1949063032,242926229.13,26940262.53,23251976.06,-2289772.03,307311369.47,34737007.8,36180454.66,2025-10-28
3438,301155,海力风电,86801638.07,33.44,1060840474.21,-31.7587961085,997094268.77,7716504.67,79104320.55,11749793.35,1128930307.66,44594729.26,44110275.55,2025-10-28
3439,301149,隆华新材,136760861.65,-22.18,4328386965.3,25.1505176474,4158028755.02,25942923.21,27882285.28,-29013.2,4231906142.28,154289547.59,157063089.94,2025-10-28
3440,301135,瑞德智能,21696361.13,-19.22,900549100.35,20.1202533489,731178760.32,22370110.32,85211947.45,-6829414.07,901885937.99,12266458.35,11787649.33,2025-10-28
3441,301133,金钟股份,66290081.19,7.58,808975917.32,25.1974916123,608235895.72,29590871.75,34454126.28,3617851.83,724785929.91,70831943.85,70363679.45,2025-10-28
3442,301130,西点药业,34066532.24,-17.5,192581520.03,12.9537371852,42667316.81,84092570.97,21723083.66,-2196373.17,160706213.91,39674046.11,38969429.13,2025-10-28
3443,301126,达嘉维康,36450377.67,53.04,3983256757.99,43.4314952401,3219420094.76,461107211.61,137274987.34,76507577.93,3920235368.08,63888494.51,64360201.74,2025-10-28
3444,301119,正强股份,66251312.96,-12.53,300513011.34,-1.4350495029,201008197.75,7183440.23,14486046.27,-9556015.51,230778407.68,74539525.53,74549579.92,2025-10-28
3445,301112,信邦智能,8614692.34,-79.92,433459592.64,17.0021601279,354136867.29,14948554.43,30740323.1,-888809.07,419790404.94,10575907.2,10029339.87,2025-10-28
3446,301092,争光股份,77339124.49,-8.5,417251762.3,6.4754134184,293032508.2,18082273.3,19552095.51,-10751127.76,344968189.92,89732293.54,89583178.0,2025-10-28
3447,301086,鸿富瀚,110026654.44,8.01,602525848.35,30.5316594444,378855304.95,20966014.09,47770482.2,1445439.77,488445327.36,124452911.96,124087748.42,2025-10-28
3448,301081,严牌股份,42019097.59,-3.19,557456940.82,3.8995894929,393635178.17,28753544.64,46391740.94,3131074.53,500280823.49,53107521.99,52259501.96,2025-10-28
3449,301078,孩子王,131288345.78,12.24,6798010420.68,7.1028146503,4792702121.27,1374618281.96,344815636.46,102383818.72,6669803591.66,185888886.34,182977255.74,2025-10-28
3450,301065,本立科技,50405163.73,5.34,538725929.0,2.7354901267,438918124.85,1386830.53,28084437.79,-7625928.22,484871468.91,57501974.25,57354972.21,2025-10-28
3451,301060,兰卫医学,-40583766.31,-4511.4,1320029736.34,3.9494808402,1042867677.7,57780785.6,142639218.64,4952607.75,1298282175.55,-60868844.81,-64673245.08,2025-10-28
3452,301052,果麦文化,21236907.04,-46.7,392884443.18,13.4849956542,204498327.7,54535957.24,95433150.18,-1139612.63,361123317.86,21283726.26,23508712.49,2025-10-28
3453,301047,义翘神州,99315298.46,-51.6,464949715.92,-2.3341491647,118948044.77,117659931.8,110408626.11,-5822706.63,412226046.8,117988946.36,117988946.36,2025-10-28
3454,301041,金百泽,21418904.94,-20.68,499183488.75,7.1443300191,369130420.09,29273615.12,42533877.88,2055057.6,486202830.32,19783700.05,19691311.64,2025-10-28
3455,301031,中熔电气,119980060.05,40.4,965772451.61,27.4562584521,592648727.72,58116090.29,68093798.0,4807650.43,829932728.27,132561131.67,134250775.02,2025-10-28
3456,301028,鼎熔岩,183070853.44,39.23,896123568.65,21.4401335069,605971285.99,24409045.61,30295364.33,-1903992.72,706055247.02,211432847.84,209865335.1,2025-10-28
3457,301023,奕帆传动,72069851.19,87.59,202264397.23,57.4192503781,112631049.79,2212794.95,12732418.28,-8115123.55,130096336.17,81374883.03,81340021.33,2025-10-28
3458,301012,扬电科技,53601360.79,1829.06,893069884.44,193.1578329745,768406801.92,16725612.59,21530381.92,-1055619.05,827427099.94,62252235.64,62236031.26,2025-10-28
3459,301009,可靠股份,22071042.96,-18.87,789105083.96,-2.1893696499,619285443.16,94602314.55,26286567.02,-11692424.52,766566227.0,22741285.66,24939053.25,2025-10-28
3460,301005,超捷股份,25491958.6,26.74,447888426.96,33.2127127585,347655304.62,11850973.62,37676380.56,3402392.74,430378342.97,25990454.37,25940474.12,2025-10-28
3461,301003,江苏博云,100605007.51,20.38,478264973.7,31.3480082195,325929374.12,11184494.9,14661229.83,-2334129.3,368636175.0,116545529.66,116396576.74,2025-10-28
3462,300994,久祺股份,82590912.55,-13.61,1788634888.9,15.1428549918,1544801170.11,119904415.99,23268074.16,-15287997.81,1696122659.74,96094082.47,98019093.95,2025-10-28
3463,300992,泰福泵业,19571083.02,-48.85,515080052.15,5.4626381557,389020161.43,27084899.95,26814521.09,18345083.72,494045640.53,17526204.3,19527469.29,2025-10-28
3464,300975,商络电子,53484429.17,61.76,4660716693.85,15.6803163292,4097834842.07,258628778.65,67437633.43,23667632.33,4469498119.03,67541799.21,75664591.9,2025-10-28
3465,300966,共同药业,-14162211.34,-162.16,365389573.73,-5.1029803741,313408736.73,4678374.09,43359989.46,13470914.01,407868913.77,-27240577.48,-26329041.44,2025-10-28
3466,300965,恒宇信通,19245332.91,517.35,118894766.9,-16.1622046182,68702987.19,6627869.94,14656964.5,-664777.25,104917366.68,19315169.87,19273307.91,2025-10-28
3467,300964,本川智能,21170809.32,43.41,428737794.6,11.0560039029,347961370.26,22400928.5,20217625.74,-2549559.96,413459774.84,22571489.03,22562721.33,2025-10-28
3468,300963,中洲特材,72793726.49,-5.96,807141733.63,1.3061941883,644739739.06,14328118.14,21173686.43,2330382.14,721941245.55,85567163.84,85436631.1,2025-10-28
3469,300962,中金辐照,95891712.03,-0.64,271524383.77,4.9456696351,95314342.27,8671608.72,34909747.64,-2229797.74,160012864.68,114250562.94,113811796.57,2025-10-28
3470,300960,通业科技,31516329.03,97.12,262337274.4,20.8734681187,150328444.48,17603679.91,31276859.42,-557238.38,235635938.68,33289820.54,33408062.84,2025-10-28
3471,300957,贝泰妮,414768732.22,-28.39,4017760019.31,17.0852272339,1055538266.19,2009988137.89,339559239.61,-2693413.82,3633039744.4,473774647.88,463256179.95,2025-10-28
3472,300953,震裕科技,172412927.42,214.39,5015014136.75,17.2977603418,4355049622.14,26516490.92,150412651.61,114094509.5,4857424361.09,171941306.09,173356510.81,2025-10-28
3473,300943,春晖智控,39475645.04,-31.56,381238082.81,14.6595372773,281937379.66,11345393.82,36440671.96,-8620208.69,344745544.22,43468175.93,43769240.68,2025-10-28
3474,300942,易瑞生物,3896966.64,103.93,158047893.25,-4.271001238,53588701.95,33407800.88,36254699.8,6292498.53,158868141.37,5067489.74,4719186.18,2025-10-28
3475,300936,中英科技,28006767.34,-79.37,200718117.29,2.656385031,150438472.39,3783523.24,17771948.27,-1994949.87,183805916.7,30001913.25,30005591.61,2025-10-28
3476,300935,盈建科,-37669684.9,-36.81,74847202.93,-23.2119337436,5863381.38,56078910.09,16469352.56,-1349057.37,135281484.66,-46460059.43,-46505306.97,2025-10-28
3477,300925,法本信息,109915879.31,30.15,3169103356.06,13.0119572551,2550183501.95,71094637.88,266603061.29,-4178705.53,3037671644.67,122395145.26,120817123.39,2025-10-28
3478,300922,天秦装备,27254849.58,49.97,150460378.26,72.9038598983,93907958.07,1822283.55,16483301.09,-6008583.59,113563300.11,31063444.01,31059843.57,2025-10-28
3479,300917,特发服务,81903294.86,-2.38,2083120828.24,14.318232732,1852109829.69,15326464.41,93372681.45,-7471073.68,1965851429.29,122110818.1,121964768.16,2025-10-28
3480,300910,瑞丰新材,500088858.05,10.91,2300648255.4,6.8869150701,1470480693.38,52699331.61,125815931.37,-10114290.16,1744849902.1,585245739.53,579177923.66,2025-10-28
3481,300909,汇创达,75574709.13,31.99,1017687278.9,15.0203607298,749125404.34,18218904.74,91675664.29,3332464.42,932328346.47,81726667.45,80581063.01,2025-10-28
3482,300902,国安达,-7627808.64,-156.6,196023171.85,-11.9922937057,129286526.3,31014384.26,38673878.17,-637861.87,216679144.57,-11203420.79,-10638141.42,2025-10-28
3483,300899,*ST凯鑫,7121718.93,-6.79,78298256.78,11.8050180148,54216196.9,3892281.8,11907429.82,-698981.92,80045085.12,7225155.03,6996902.31,2025-10-28
3484,300898,熊猫乳品,78084024.19,-4.48,568664765.21,-19.8335652441,409071137.04,28007188.8,33372607.21,-1493756.35,486803183.3,92817189.2,92764434.5,2025-10-28
3485,300892,品渥食品,-5727727.56,91.85,638462638.81,-26.0121539336,534948374.9,90098835.35,21522199.68,1688362.84,651686403.94,-7056850.2,-5717502.33,2025-10-28
3486,300888,稳健医疗,552966991.14,-74.25,6070042979.07,0.9916152081,3147921084.71,1575884258.32,467737889.63,-45405827.08,5429693699.0,683467046.73,682585628.36,2025-10-28
3487,300883,龙利得,5172937.74,-28.19,570563737.72,11.6107626074,492421557.37,8170294.51,37338928.5,14226404.69,583132991.85,2607604.74,2564681.69,2025-10-28
3488,300882,万胜智能,107884346.76,-43.93,709916436.77,-15.4158143662,470691834.57,43705610.14,41315273.02,-11954322.52,602404334.68,120093683.54,119616665.46,2025-10-28
3489,300871,回盛生物,-47658306.03,-420.34,792553431.27,14.6325129516,662167979.36,44509417.85,52357035.94,32813572.34,838141263.93,-61134868.34,-61203620.59,2025-10-28
3490,300848,美瑞新材,50638354.47,-27.12,1232673823.58,10.3730410624,1076690038.82,13775425.15,28399082.36,-8585434.72,1179530284.08,55054374.24,54865499.09,2025-10-28
3491,300845,捷安高科,8889708.13,50.88,153669464.95,-0.3125599668,78870379.81,28846798.36,26174433.84,-4822098.9,155826045.02,10272661.14,10472378.53,2025-10-28
3492,300840,酷特智能,155866735.26,65.25,536645356.1,-2.7605118529,314621909.65,54480580.43,36766692.43,-712996.45,436874629.35,208805609.12,208948312.04,2025-10-28
3493,300839,博汇股份,-160912241.02,-221.4,1519644740.6,-20.5201719629,1171225567.01,3518464.7,42698202.31,33741974.55,1672594635.74,-159298039.66,-159250889.68,2025-10-28
3494,300838,浙江力诺,23866249.4,-70.13,712144675.5,-10.8797570168,580523651.17,37857344.68,27792896.84,1199762.07,682561535.89,24703566.99,23981741.51,2025-10-28
3495,300836,佰奥智能,18213850.6,330.12,343738136.34,5.4309454106,261532548.67,11247059.43,27522967.15,1924381.62,334252871.66,19845446.75,18454136.26,2025-10-28
3496,300830,金现代,-39118305.64,19.6,179680715.9,-19.4442389392,110407771.74,34432403.17,50310278.98,5930621.05,262084745.02,-65557312.73,-63630115.69,2025-10-28
3497,300829,金丹科技,101557482.6,7.1,1110402957.63,4.1665033807,890029108.31,18178989.24,44700572.72,19490013.25,1026205531.88,106442272.73,106048103.44,2025-10-28
3498,300826,测绘股份,15699755.43,-11.99,355926400.49,-4.6119707047,235953504.03,20894357.36,46349898.73,5595568.19,337967505.23,15126306.47,15103496.69,2025-10-28
3499,300823,建科智能,31118598.26,-22.73,321984131.42,-3.5954909768,186935571.13,24516563.71,31740946.7,-3749371.59,280373246.85,37890573.49,38400762.08,2025-10-28
3500,300820,英杰电气,303024385.97,8.27,1329073404.64,17.3602698642,770734728.41,57180562.58,41692552.08,-3624188.6,973646158.3,370697575.8,371960136.14,2025-10-28
3501,300812,易天股份,-13942507.72,-147.11,341043675.3,-25.1689486454,232120263.7,43670601.36,26712330.69,167861.2,345081366.05,-25739592.76,-25569485.5,2025-10-28
3502,300809,华辰装备,58058694.43,-39.57,292728079.4,-16.2339273773,205007786.35,13439944.46,16402240.68,-6319383.1,258165774.27,63563175.66,63200324.86,2025-10-28
3503,300796,贝斯美,2295138.56,-97.09,971457317.58,108.3119202386,831587575.24,36139279.91,69531273.13,11301477.77,986195622.31,-6560268.54,-6661693.11,2025-10-28
3504,300795,米奥会展,68141750.98,-16.62,424892548.22,-9.4406424657,213621842.0,103081568.34,32404754.12,-8022581.87,352780484.2,84635167.03,84381395.1,2025-10-28
3505,300784,利安科技,45208793.39,-6.81,378230401.14,10.8312376748,272140902.85,3175206.33,34769990.79,-185373.46,333448732.85,46024467.86,50483284.32,2025-10-28
3506,300783,三只松鼠,341204595.3,101.15,7169130106.63,56.4581214927,5345094742.76,1294066272.6,151589475.13,6282547.79,6844168904.96,407376899.28,451331596.03,2025-10-28
3507,300774,倍杰特,154384186.11,21.42,653114837.04,13.885533132,435556219.46,8117883.73,38929431.7,-6679882.96,499448414.53,177686320.57,178162706.05,2025-10-28
3508,300771,智莱科技,33075974.18,348.87,297741458.36,30.5557167482,211303916.91,34870511.97,28447804.5,-26784646.14,298942598.52,39328185.41,40259495.14,2025-10-28
3509,300765,新诺威,139329413.32,-63.5,1478923011.81,-23.6568919888,843096731.05,107924429.63,57256543.75,-29363442.88,1460363336.66,19508981.92,19124966.13,2025-10-28
3510,300761,立华股份,1160797230.41,507.71,12683822047.95,13.6473812253,10640845869.15,177701769.9,611608207.81,64876548.6,11588422713.92,1170264360.9,1158006439.6,2025-10-28
3511,300753,爱朋医疗,3807308.09,-43.99,274753514.1,-7.1197526789,85112978.52,100705131.68,57431028.93,897772.04,271029178.03,12974498.0,10498702.96,2025-10-28
3512,300745,欣锐科技,-71757001.91,-291.97,1306071102.05,19.3428503569,1167392187.87,34137136.01,66440244.96,14776916.99,1407435944.86,-79572008.98,-76885834.78,2025-10-28
3513,300741,华宝股份,179129687.0,-44.32,1073247346.0,-0.3932011889,513005652.0,87541388.0,195303857.0,-8622662.0,906684271.0,234564150.0,233296609.0,2025-10-28
3514,300736,百邦科技,-15848881.56,-6.26,393935656.11,-26.3366102483,373965665.65,7149091.08,29033245.24,1317264.64,416813577.5,-20012526.13,-18595429.96,2025-10-28
3515,300732,设研院,-148371784.81,-245.93,963998355.4,-33.9116820189,772514368.3,29974145.62,95949929.92,37416048.67,1018538124.99,-155873239.33,-157893797.89,2025-10-28
3516,300726,宏达电子,261635348.91,-32.17,1181992836.8,-4.5047517338,455605487.17,110975255.85,106371508.81,-5418575.11,784575550.66,409858938.73,407820663.96,2025-10-28
3517,300724,捷佳伟创,2022769815.99,65.45,12344026663.78,92.7188329751,9058824264.97,126224379.81,146596717.22,-63051225.25,9750848994.45,2320494260.15,2323101285.82,2025-10-28
3518,300718,长盛轴承,169172978.87,-5.29,835390059.66,1.9477383327,544537804.2,16387772.8,51194414.28,-12593874.0,643895778.74,201971318.1,201733948.61,2025-10-28
3519,300713,英可瑞,-49813644.39,-144.91,169364931.75,-14.1054605036,130005043.91,16285451.45,30983361.31,2509753.8,228297784.75,-56221903.98,-56229241.05,2025-10-28
3520,300699,光威复材,615050458.44,-1.0,1902351290.48,8.8963967059,1012818641.26,12990317.77,89660673.89,6043520.58,1243606846.32,680429613.34,681804136.67,2025-10-28
3521,300692,中赋科技,74313025.1,-29.74,699993066.19,14.0435951669,422352137.55,2088638.5,35615807.42,114031543.84,601225233.56,82414844.65,82328970.81,2025-10-28
3522,300687,赛意信息,94659084.59,-26.31,1705166445.09,1.3690685569,1154012847.14,106831720.83,94506158.42,7966343.85,1619932737.05,90736014.7,90706812.66,2025-10-28
3523,300677,英科医疗,687466463.0,107.79,7098445816.0,40.7864065215,5506101002.0,202654119.0,378905763.0,-35137801.0,6392765528.0,785852668.0,779835153.0,2025-10-28
3524,300673,佩蒂股份,154794417.69,630.85,1322865112.95,44.3400163298,952310794.66,75778823.64,79185415.23,6652189.34,1139438961.42,181177177.67,180628187.57,2025-10-28
3525,300672,国科微,70021437.83,-10.47,1202074793.53,-62.3190135358,930288609.08,16676630.45,75073758.72,10166431.1,1412412876.73,1637644.93,1637644.93,2025-10-28
3526,300668,杰恩设计,10472873.73,-79.09,414541361.94,-21.1995647274,305517710.48,8500822.15,42494805.84,-247474.17,375450376.94,21638375.84,20945921.28,2025-10-28
3527,300666,江丰电子,286826408.35,48.51,2625193193.55,41.7665141178,1838762729.14,77996115.45,168126239.59,24087226.53,2288105407.17,287978443.42,286468154.52,2025-10-28
3528,300654,世纪天鸿,31482118.74,0.3,388272180.22,5.2609897996,244859726.71,59724674.93,38228068.34,-3790345.46,343537829.96,45302489.62,44920327.69,2025-10-28
3529,300652,雷迪克,93001223.63,0.04,514581835.96,11.2385570768,352843838.5,6766553.16,37531962.67,-2915722.99,419376618.27,107031541.17,106437991.16,2025-10-28
3530,300650,太龙股份,34922272.71,27.18,1945232169.9,6.7614738634,1784011322.39,31702765.6,53658134.48,6679406.14,1902680646.05,43760824.94,43611587.25,2025-10-28
3531,300644,南京聚隆,56193884.93,5.44,1612173948.31,29.472075608,1373440251.79,30524124.04,68453835.37,22345330.36,1561028965.35,63366907.41,63283540.83,2025-10-28
3532,300643,万通智控,84714582.8,0.15,801807675.3,-2.8614432173,532557836.73,40642925.49,95229715.39,-5013238.73,702012971.69,105758289.66,105487898.42,2025-10-28
3533,300641,正丹股份,824867980.53,2949.37,2595761797.97,130.2829617559,1592875547.97,5002891.18,23647136.7,-6661838.98,1642670219.82,970858520.22,970207241.97,2025-10-28
3534,300619,金银河,-9817324.03,-109.03,1277398247.42,-32.4994904017,1046667789.54,26678227.56,91381217.75,48774138.31,1283887727.3,-7347089.59,-7118925.15,2025-10-28
3535,300608,思特奇,-154813909.08,-130.22,322700534.78,-19.547883133,283886457.07,80046649.47,47257717.3,18168500.33,484670041.17,-157526249.35,-157851858.02,2025-10-28
3536,300607,拓斯达,9023671.5,-92.99,2235113522.5,-30.9600093519,1807883639.69,133063418.76,142075935.33,32870952.56,2211322950.95,-2758065.12,-3754366.09,2025-10-28
3537,300601,康泰生物,351095608.08,-49.63,2018201664.48,-18.1079120307,334020470.6,671404158.08,244620221.51,18294027.92,1597573808.72,341131333.85,334461343.35,2025-10-28
3538,300588,熙菱信息,-25528443.53,23.66,114108732.7,2.6961628031,72891394.0,35644655.38,39853333.09,-1029608.55,161077435.97,-29829528.82,-30353380.5,2025-10-28
3539,300585,奥联电子,-2449750.35,-132.25,320067792.39,-8.5859877427,249111561.25,13626009.88,40520943.75,307880.34,338213071.26,-10312664.24,-11250132.14,2025-10-28
3540,300576,容大感光,105243039.56,32.74,686880606.14,18.8278458695,426801981.98,58112703.54,40816841.17,-1687554.81,569961432.25,120004197.05,120155951.78,2025-10-28
3541,300570,太辰光,145805824.51,39.09,915874381.5,46.9991414199,606479637.04,15163119.05,50085239.67,-7197053.75,732917347.72,162657949.61,166091021.61,2025-10-28
3542,300562,乐心医疗,50527301.98,232.83,756340201.33,24.3892661904,482104867.66,80693000.0,62741488.19,-7745659.6,698416206.35,49553013.12,49854226.67,2025-10-28
3543,300558,贝达药业,416225901.42,36.61,2344643009.24,14.7337399268,379678886.5,870560375.36,294428944.09,34548891.65,1978236019.16,438271814.06,431823507.59,2025-10-28
3544,300545,联得装备,195038633.41,52.69,1004018678.26,13.3736242517,610443707.42,29483049.22,46798585.3,9018380.96,786965021.91,234494455.86,234453069.52,2025-10-28
3545,300543,朗科智能,45826968.53,-5.33,1175669464.83,16.9600126403,957411197.26,18031328.52,68930154.93,-1552096.3,1124182521.38,48326868.94,48535953.73,2025-10-28
3546,300536,农尚环境,-52574164.02,-41042.15,106154851.15,30.89937327,88016870.91,1590087.03,26133238.89,961598.98,122797523.15,-58044653.62,-58015812.8,2025-10-28
3547,300533,冰川网络,-466913044.86,-315.18,1982819274.82,-6.1892750005,145992069.99,1911207466.99,81465186.69,-808626.08,2465986075.67,-454431829.97,-455333719.02,2025-10-28
3548,300532,今天国际,271248069.52,-16.9,2039342978.15,-11.7809305345,1454849814.22,58160823.09,105349906.37,-2580825.98,1723760513.49,307482604.69,307018610.09,2025-10-28
3549,300531,优博讯,17461210.73,-78.9,935304312.0,1.5969668012,699346766.31,62824789.03,54792728.59,2051631.68,920016886.19,29268619.19,29199144.74,2025-10-28
3550,300530,领湃科技,-142701790.39,-20.86,88221601.95,-33.8760855941,76424548.96,4428892.81,71451930.27,27668222.56,200147178.96,-143195199.52,-143474961.59,2025-10-28
3551,300519,新光药业,37782359.75,-35.63,216211460.22,0.0451274142,140364926.08,16940449.67,11724886.84,-4312714.84,177847718.97,43333037.11,42627311.11,2025-10-28
3552,300518,新迅达,-83918831.35,-1022.64,100437556.11,-53.5076854392,82749682.49,30162976.09,41040274.98,627446.72,156408524.19,-100595918.75,-100878249.36,2025-10-28
3553,300517,海波重科,17715399.44,184.52,308593163.71,-4.0720944365,255369990.32,2680312.97,23214149.84,6306739.7,298200358.26,6354641.8,19871427.69,2025-10-28
3554,300507,苏奥传感,109886293.93,21.15,863685729.57,15.9317223872,654120231.57,5142607.38,72109622.54,8578377.1,778910035.75,157898542.39,159285500.45,2025-10-28
3555,300506,ST名家汇,-34233653.3,68.35,100757060.3,47.9732250263,51984299.0,18029590.14,45997759.25,16268595.88,139905536.9,-38940844.91,-34283017.99,2025-10-28
3556,300497,富祥药业,-62074959.23,23.96,976875468.35,-24.0636102945,880028133.92,12646119.93,94661815.6,22690659.57,1077531750.26,-62830876.86,-63170361.1,2025-10-28
3557,300493,润欣科技,37133715.07,15.66,1922293362.7,23.9730837877,1745336036.98,56413600.19,29119307.71,3868291.05,1867788585.92,41242229.37,41094376.5,2025-10-28
3558,300490,华自科技,-141169243.06,-699.83,1427655598.34,-31.2406397042,1189433862.38,108743323.45,153318896.21,36974312.92,1624086613.02,-174252656.68,-173202538.81,2025-10-28
3559,300488,恒锋工具,96643264.61,0.08,437765447.65,10.6483985066,239612587.0,23582107.74,34737981.35,16312272.42,345285169.4,111255240.42,111189369.86,2025-10-28
3560,300477,ST合纵,-180581141.85,-1.8,2162567593.6,3.6720999487,1981820705.97,105785899.03,194676342.05,107057420.26,2491139019.23,-285553210.05,-287482014.52,2025-10-28
3561,300476,胜宏科技,764612164.03,30.54,7697738194.52,34.0184521344,6038665246.36,135381596.46,282385199.98,70314889.88,6898480068.75,847087989.0,838191239.81,2025-10-28
3562,300471,厚普股份,-27616686.09,-148.04,325684019.72,-44.0997947668,231677867.29,38135465.97,63782011.04,5021403.09,369769748.08,-31441045.87,-34680696.21,2025-10-28
3563,300464,星徽股份,-43372764.3,12.66,1186037683.31,-5.1222224534,930592540.21,121411236.45,89579658.68,9909092.72,1175772917.02,29532397.2,-26981994.53,2025-10-28
3564,300458,全志科技,150991324.68,834.56,1685306140.24,50.3561728679,1142951459.44,41332886.86,41913907.05,-32815937.46,1602494744.7,150327084.75,151183623.98,2025-10-28
3565,300456,赛微电子,-117769995.23,-1060.89,825225215.6,-9.2603956543,573334524.97,20269336.57,101306026.51,13250585.87,986792838.94,-171604666.28,-171610646.98,2025-10-28
3566,300454,深信服,-579661952.1,-6.25,4633572262.79,-3.6317718748,1825417400.4,1901453505.35,287481908.64,-138681551.77,5539730907.01,-580641790.07,-582665685.37,2025-10-28
3567,300441,鲍斯股份,703014486.66,303.09,1768618580.91,6.7370468766,1168637253.73,74909894.24,89614102.01,8301568.45,1446934041.49,995163055.11,994810901.73,2025-10-28
3568,300440,运达科技,39537476.42,15.97,453268896.4,-15.5048321697,263039081.26,41975754.52,82944168.79,1187652.58,454687629.62,46257238.78,46180846.05,2025-10-28
3569,300435,中泰股份,189483439.06,-26.99,2011924213.08,-10.6695770129,1629072988.63,26588910.95,89481524.05,-16547849.93,1788710921.22,231109532.19,233066316.46,2025-10-28
3570,300428,立中集团,493344866.07,19.09,19369141598.82,13.0889118726,17482575975.84,238517346.43,393356786.44,265484309.8,19114474197.4,591168306.21,590657193.88,2025-10-28
3571,300425,中建环能,23412623.29,-48.3,911791951.03,5.7398496926,641256678.41,100989295.7,81865685.25,17333774.36,877842149.25,32726734.4,34782465.51,2025-10-28
3572,300417,南华仪器,18508556.12,500.95,67208290.12,-20.9525905919,40593651.59,15654290.54,14966554.94,-875048.45,77965766.9,17715093.14,17750508.45,2025-10-28
3573,300414,中光防雷,3868909.95,-93.62,311475870.51,-26.6308242111,239299524.45,26414523.7,21785511.18,-3914400.68,316557507.24,4139981.37,4185771.94,2025-10-28
3574,300405,科隆股份,-20171247.65,14.62,468918113.17,10.3707331382,432666815.5,13585995.41,25350899.06,21115197.38,503932114.59,-26972150.68,-17824571.98,2025-10-28
3575,300403,汉宇集团,178336096.64,0.45,817625491.4,2.36429813,540660832.01,23299048.89,29585979.28,-16254165.27,616594621.11,203340941.51,203315333.97,2025-10-28
3576,300396,迪瑞医疗,192577440.82,-17.8,1175445053.92,12.0962244389,665191024.53,177180126.68,34301565.3,4812393.94,986818603.55,214106161.38,213617050.17,2025-10-28
3577,300385,雪浪环境,-151300281.63,-13797.33,395169408.71,-55.9122832454,356474616.88,54856292.02,57491800.93,31311419.62,538438874.76,-152247468.25,-152926543.17,2025-10-28
3578,300384,三联虹普,260736824.68,23.44,938811565.51,1.596455719,534976902.06,11511675.91,54565483.35,-1276044.49,661522342.22,310088384.66,308567970.58,2025-10-28
3579,300377,赢时胜,-13905172.49,-258.88,987694139.07,-9.5528453632,550810335.98,21101724.01,95039788.39,-892642.82,998007748.56,-25807970.77,-27243275.04,2025-10-28
3580,300376,易事特,206031762.26,-64.39,2310744601.38,-37.7446386532,1555079740.12,183447245.76,98899772.69,51662066.32,2079468526.55,281023634.72,279240607.53,2025-10-28
3581,300375,鹏翎股份,77366636.09,69.12,1683896672.11,27.2922405805,1341854862.63,48634980.32,128937647.29,-10261980.31,1622954145.38,66289849.21,69780322.35,2025-10-28
3582,300371,汇中股份,54636421.7,-28.67,263232631.03,-18.9899949614,126494161.61,36555079.31,26298781.03,21662.86,218665259.26,66039392.91,65939582.65,2025-10-28
3583,300358,楚天科技,-187253063.9,-165.18,4171292806.22,-18.7485456309,3089156481.24,447517527.96,359904509.47,45578728.63,4438426922.85,-264313767.93,-271808360.04,2025-10-28
3584,300333,兆日科技,-3215448.81,92.59,109253992.61,4.4771684325,45561627.21,14708950.53,20690861.42,160707.46,102089556.68,8320057.68,8324604.65,2025-10-28
3585,300310,宜通世纪,24321526.11,219.65,1784246221.2,-5.0618198262,1602452111.22,29064701.11,85008846.72,-4416682.59,1798053518.51,40628899.36,33848120.96,2025-10-28
3586,300304,云意电气,307258248.91,31.27,1556374721.37,31.765152491,1049893348.61,13374959.66,50225338.86,-12143273.08,1216103650.63,373411761.37,372200700.06,2025-10-28
3587,300301,ST长方,-37447922.75,53.89,378302353.21,-16.1456695973,279741393.78,24535736.88,46582555.05,20209735.08,413913156.67,-38389077.25,-38429633.05,2025-10-28
3588,300294,博雅生物,412703629.27,-11.07,1245107779.6,-43.1561165899,415047987.13,273785234.14,127759054.31,-23493115.68,853438255.57,480304669.9,480425274.87,2025-10-28
3589,300290,荣科科技,-6618349.05,-181.06,475017586.97,-8.5521280759,288927136.41,75247708.75,78421924.69,-1065610.84,494769709.53,819540.31,990196.14,2025-10-28
3590,300285,国瓷材料,482234096.93,9.38,2966224206.5,6.4233898196,1790215415.27,170988933.17,191978462.61,9868291.63,2398011921.85,613744020.83,614170535.37,2025-10-28
3591,300284,苏交科,153157011.34,-32.98,2914359029.72,-6.4942453622,1992190897.92,71375185.74,345732367.09,16252201.26,2603227170.79,190233375.04,177447598.37,2025-10-28
3592,300277,海联讯,4519070.93,-35.35,130897692.36,36.1676792504,100992179.96,9365890.23,15636625.41,-104281.16,131552686.76,7931187.16,7951819.58,2025-10-28
3593,300275,梅安森,46303886.76,30.72,351926904.02,19.0013950617,200453759.31,49279061.07,18881659.46,4582579.37,309341620.32,51815799.07,51667860.62,2025-10-28
3594,300271,华宇软件,-263417760.41,1.05,942060870.03,0.2597326506,628749969.8,161137265.96,185396797.81,-21922927.76,1244188422.77,-297509454.92,-310234329.35,2025-10-28
3595,300257,开山股份,220255702.47,-36.55,3109933951.43,-0.4665628083,2103140883.25,126702990.39,278015026.6,190710184.48,2831765145.0,265143509.2,263358259.95,2025-10-28
3596,300256,星星科技,-127641159.33,43.98,858133305.07,41.2439362064,768821346.66,35022638.62,127098506.25,-9971117.45,970794857.86,-125831037.36,-123223643.16,2025-10-28
3597,300253,卫宁健康,154630806.68,1.51,1913315732.46,0.6500901728,1130332405.05,238374207.49,140458898.95,42401537.94,1775372358.9,124405758.13,123892730.81,2025-10-28
3598,300235,方直科技,18732018.31,-30.83,73726631.27,7.358245077,13116988.28,21487473.43,8876409.09,-2669937.29,56886315.34,21521804.18,22263826.42,2025-10-28
3599,300228,富瑞特装,126359094.16,222.42,2566048429.7,21.4316694545,2057284795.97,55355041.73,132072143.88,3077993.85,2356331856.36,204689008.51,205445739.31,2025-10-28
3600,300226,上海钢联,127138005.88,-23.84,64146102506.99,-3.6071712422,63250155651.01,319339772.69,110781626.09,-2760875.08,63884198700.96,272191966.65,271469811.27,2025-10-28
3601,300222,科大智能,30255505.38,168.88,1914013395.45,-9.2631861972,1422193813.62,192273277.76,129125423.44,7210579.64,1914579014.82,27947763.11,29351336.55,2025-10-28
3602,300219,鸿利智汇,91364721.04,-52.22,3045734420.66,14.9150592232,2470206709.23,86585241.57,149822789.0,-2041742.82,2890752908.75,110558843.31,111783148.79,2025-10-28
3603,300218,安利股份,150262472.31,260.94,1801760048.57,25.8893192874,1345688673.55,77130998.59,73484303.68,5547901.7,1629147321.29,163912452.74,162462727.16,2025-10-28
3604,300212,易华录,-612928954.99,-13.6,431664468.06,-38.5686341611,428522042.37,73602812.97,121286096.96,190088287.53,834310517.74,-602219108.96,-602169932.8,2025-10-28
3605,300206,理邦仪器,171899407.52,-27.41,1382134895.62,-9.2865888497,578546059.45,323111329.06,85597754.01,-8532605.1,1237349433.56,173511035.28,175130231.28,2025-10-28
3606,300194,福安药业,301606802.14,19.76,1995281936.35,0.6200357293,938496920.59,492031678.93,189140117.54,-4956140.39,1733508475.64,347214721.29,342706464.18,2025-10-28
3607,300185,通裕重工,54683600.21,-78.2,4276149262.1,-2.5042893952,3728960201.1,40428261.7,134883024.65,109994129.21,4167557266.75,79554789.83,80411705.21,2025-10-28
3608,300181,佐力药业,421480135.5,46.93,2044879347.76,39.5872453274,785107058.96,684123230.33,77419474.48,-6911270.8,1611761923.04,503943533.36,494787012.0,2025-10-28
3609,300173,ST福能,6769314.44,-82.49,475275054.57,-53.4585565364,364163382.46,14615312.93,57474614.78,25880611.49,499522569.57,7358661.27,4877807.84,2025-10-28
3610,300164,通源石油,48119318.02,-46.96,866674111.76,9.6768533434,615001924.55,77997756.06,101672081.24,1280133.88,805383988.13,65903663.57,65804061.2,2025-10-28
3611,300157,新锦动力,-109166799.39,-18.65,390795413.06,-27.7299265131,291430228.29,17506207.92,83175023.41,41048513.63,462179627.71,-80920445.82,-108831457.92,2025-10-28
3612,300154,瑞凌股份,143044104.9,42.33,824180144.42,-7.5149228749,646093422.95,40771620.5,44763578.55,-11370251.14,752459218.3,174139266.36,173952765.5,2025-10-28
3613,300152,ST新动力,-1904911.23,92.22,189099266.49,33.2004828945,144001506.5,10389652.17,35663365.86,2378056.23,201629747.42,-1709319.71,-1898599.31,2025-10-28
3614,300148,天舟文化,20962190.5,242.29,241774161.46,-0.6302380101,150471937.5,32006693.72,46981224.79,-6991500.5,230639633.72,21389027.9,22597462.18,2025-10-28
3615,300147,ST香雪,-217797921.89,-49.1,1533560038.6,-11.2616340354,1056628015.56,209877172.55,212144884.06,180759212.88,1731819678.15,-156288445.64,-187838251.78,2025-10-28
3616,300145,南方泵业,251883731.22,16.63,3585294891.81,-3.9954687797,2337867748.6,396657522.01,340524882.51,6532481.03,3275964528.76,316077220.34,316684470.26,2025-10-28
3617,300144,宋城演艺,1007811683.44,28.04,2013441144.08,24.460958777,566440792.99,98013302.44,129284269.2,-31701120.59,819696983.37,1238263589.85,1230758124.76,2025-10-28
3618,300143,盈康生命,82544665.51,-12.24,1227709136.74,11.2645748243,909292663.84,41375702.93,128320176.19,2604814.86,1121158642.67,114205889.59,111214668.76,2025-10-28
3619,300130,新国都,297258477.12,-46.18,2444991728.97,-15.5308428288,1418234394.88,136518422.49,163420497.22,-16968819.45,1932411696.8,573072524.81,265869112.34,2025-10-28
3620,300129,泰胜风能,149265673.74,-36.78,2949678158.9,-0.9449299902,2468173375.39,13802270.72,136961620.86,26602640.69,2762749165.82,183439466.74,184810591.76,2025-10-28
3621,300127,银河磁体,113902316.46,-21.98,590316693.32,-6.3237439776,393987184.62,6644613.22,28516969.98,-10529033.88,466969243.97,127114899.28,126963370.64,2025-10-28
3622,300118,东方日升,-1559516499.41,-221.9,14903307325.55,-46.8056430819,13620759524.02,329738678.33,1087179427.57,411001934.46,15988423267.14,-1888812687.25,-1900122034.76,2025-10-28
3623,300112,万讯自控,16111916.13,-62.98,739562738.01,-1.7035708622,399774865.45,165181402.91,78103265.94,7592065.19,728641011.08,19651454.87,20219203.86,2025-10-28
3624,300111,向日葵,2785154.52,-88.36,226976257.3,-3.4749855835,172714568.46,21381716.54,24803053.76,-12374077.33,223885787.93,4953599.81,5014793.34,2025-10-28
3625,300109,新开源,311243169.86,-23.13,1110998865.19,-7.9178705192,532120326.54,39448443.9,107866645.31,-9790265.77,723049435.36,365444704.9,361362351.81,2025-10-28
3626,300107,建新股份,13693610.77,28.45,449009834.16,-4.2346782764,398534719.77,2357446.38,22775404.02,-11878544.35,443049967.39,9269862.52,9206379.56,2025-10-28
3627,300099,尤洛卡,56958026.18,-23.14,402446980.96,2.4676051148,208118518.58,55031142.93,37520870.09,-4258880.21,339950363.56,73454233.64,57500671.33,2025-10-28
3628,300074,华平股份,-59143512.58,-399.64,198755257.3,-37.7466937737,113874324.57,44734036.15,57727855.07,2833984.5,264222909.53,-74141924.32,-73566610.67,2025-10-28
3629,300070,碧水源,-42944604.71,-110.8,4749763026.85,-11.8775665883,3430937401.65,105389611.96,357069609.47,182313785.56,4304552035.95,86652447.08,111636355.33,2025-10-28
3630,300067,安诺其,12273958.91,234.09,744981248.93,26.2428640141,612699860.7,16140713.28,55717746.14,8241775.03,719257116.13,24138396.3,23759107.69,2025-10-28
3631,300061,旗天科技,-20031423.66,36.34,514610992.03,-26.1543472375,356065987.54,74802371.82,66473289.91,16317586.99,530895822.62,-17414519.42,-17468233.63,2025-10-28
3632,300054,鼎龙股份,376322650.86,113.51,2425738703.28,29.5440529075,1298963587.84,97843113.67,190066705.32,17726949.95,1958501709.57,531061117.28,530866777.08,2025-10-28
3633,300041,回天新材,163102707.01,-44.86,3028302815.86,-1.910044848,2474384906.27,114767701.58,138827447.31,40758836.43,2905039077.76,185661703.1,185301144.91,2025-10-28
3634,300040,九洲集团,73192369.72,0.33,973546819.53,21.0473238137,665393154.38,36839797.72,92183420.01,106149241.2,927865493.72,104023128.18,103729187.61,2025-10-28
3635,300036,超图软件,26306976.27,-80.58,948513094.55,-25.346530713,356189862.02,186902945.03,204100758.32,-3927208.12,923564183.78,33978895.8,33583037.06,2025-10-28
3636,300030,阳普医疗,-42517592.38,-1434.95,421468424.66,-10.781054309,252701132.63,57981219.67,65667453.05,7736403.11,413928591.21,-40877811.39,-41339058.29,2025-10-28
3637,300025,华星创业,-40469132.17,-129.66,502310567.57,-3.1635012104,449420000.07,12957931.72,55412707.11,3768632.42,548662201.92,-45009913.19,-44530362.37,2025-10-28
3638,300021,大禹节水,29870035.47,-17.66,1883437504.58,2.1682206696,1450553179.5,115224712.48,189093793.96,85988157.9,1915510756.45,20672858.23,16007350.88,2025-10-28
3639,300015,爱尔眼科,3451768879.59,8.5,16301500342.75,1.5848738659,7984744713.2,1640037750.51,2225346478.18,140818347.0,12268216804.7,4443827988.45,4347827794.97,2025-10-28
3640,300009,安科生物,589719954.61,-9.89,1921280101.12,-4.9522482004,427566812.85,569872415.82,127501408.32,-1458643.12,1268341322.03,699364367.0,698275336.46,2025-10-28
3641,300008,天海防务,76652518.92,-14.17,2340567346.03,-1.9439841597,1966013327.19,28267250.28,159965881.15,20042835.55,2229322447.65,100570209.94,101761449.11,2025-10-28
3642,300004,南风股份,41966162.57,451.35,420701915.71,63.8439808548,288281479.49,26153587.53,36044907.95,-3741637.75,366931853.01,45876520.01,45608491.74,2025-10-28
3643,003040,楚天龙,-28285227.02,-138.55,695353730.5,-27.0156821074,494677636.47,88300885.39,61457177.21,-5937198.35,717541218.0,-28282613.33,-29026329.02,2025-10-28
3644,003036,泰坦股份,80906300.99,-32.13,1230630345.46,10.8071164454,1029517632.54,22448914.15,53960631.92,8352044.29,1154216063.14,94177706.71,95486219.39,2025-10-28
3645,003035,南网能源,152103236.53,-56.15,2278625117.76,3.7820341077,1471246800.61,29958532.65,124096597.01,203931319.8,1838110696.84,223941248.44,232106006.41,2025-10-28
3646,003029,吉大正元,-71290576.24,14.32,281346196.59,-13.0243485313,121834521.27,119403232.48,47829211.97,-709618.72,345994418.97,-67445814.16,-65967659.3,2025-10-28
3647,003019,宸展光电,163125923.88,44.11,1865922053.03,50.2949172986,1431407227.57,60954770.13,101458154.45,-12503379.62,1656221611.97,203156432.53,202715287.39,2025-10-28
3648,003013,地铁设计,296488518.32,3.61,1916575850.73,3.0522660284,1224875189.65,42361420.66,137924963.08,2568830.51,1502434414.3,340377334.93,339216520.62,2025-10-28
3649,003012,东鹏控股,308578682.68,-50.95,4683602002.67,-18.2740313047,3220782167.43,543994497.9,267088678.54,-30200020.78,4220655387.22,370815048.9,365622119.6,2025-10-28
3650,003007,直真科技,-40714644.82,13.7,187255813.45,-5.4921494668,66774818.27,26944134.7,32159594.08,35848.1,242854545.7,-41101984.92,-41199164.08,2025-10-28
3651,003005,竞业达,24339148.41,1377.71,301778424.71,22.0150787942,150312808.28,55964428.88,39692907.25,-4485044.56,277140463.71,24164319.47,23658016.85,2025-10-28
3652,003002,壶化股份,103573859.61,-32.91,777993832.36,-18.8765230651,464488153.41,36347617.41,132565191.11,-859077.38,681545061.96,126532312.23,123921512.04,2025-10-28
3653,002993,奥海科技,300531862.05,-13.77,4545714320.33,27.3966249926,3645223948.94,139871189.09,214683092.64,-207107.79,4287036597.36,335109998.11,334183082.9,2025-10-28
3654,002986,宇新股份,262460029.56,-31.33,5690760125.53,21.9638802139,4595437291.85,34995415.04,56424483.13,15285132.59,5412342773.3,316634803.44,315091410.06,2025-10-28
3655,002980,华盛昌,109881970.69,20.71,560818902.54,14.2954628273,297871187.49,48963115.25,31237016.51,-155409.31,438206698.09,122133633.18,121877489.83,2025-10-28
3656,002979,雷赛智能,144280371.32,56.36,1155171097.37,9.6214679493,708822789.46,90620791.01,52654867.79,3337947.78,1015229143.02,170288540.38,170725710.75,2025-10-28
3657,002976,瑞玛精密,-5636309.25,-109.69,1201231001.11,0.6396749772,950936582.69,25192205.35,124735360.16,12120039.88,1198685754.4,-24476579.45,-21315766.62,2025-10-28
3658,002961,瑞达期货,271400367.0,51.15,1669187782.73,104.66,,,270990156.29,,1312435117.8,356752664.93,363085987.05,2025-10-28
3659,002953,日丰股份,125899473.53,14.71,3061164446.99,6.4384079121,2696987623.15,40930745.08,86795301.38,8823225.56,2939442498.72,131819373.27,132261511.29,2025-10-28
3660,002939,长城证券,1097993394.15,-9.46,2849729229.3,-9.45,,,1609736263.53,,1602520784.81,1247208444.49,1248915533.88,2025-10-28
3661,002921,联诚精密,-24461680.94,-394.96,811367826.19,-4.4498383193,697079011.59,8247160.45,76663511.93,34349854.83,844487210.12,-23557618.15,-24098004.44,2025-10-28
3662,002920,德赛西威,1406806972.61,46.49,18974765447.01,31.128208736,15141958005.01,144620178.9,365804347.04,87854412.4,17453097289.28,1471429151.96,1470820061.69,2025-10-28
3663,002915,中欣氟材,-42994733.16,-13.73,1028100032.3,12.0484098263,931439655.12,14234701.8,75486470.93,25545973.29,1081364036.12,-57607291.73,-58260254.06,2025-10-28
3664,002913,奥士康,278808252.52,-36.71,3307667795.44,2.6009375588,2524210803.04,125609474.47,168383168.23,10546578.71,3017757406.44,307906678.85,307576893.38,2025-10-28
3665,002906,华阳集团,464680881.91,56.2,6841122978.54,42.6150430384,5416422727.99,178561507.62,147447230.29,19032956.13,6324048120.22,496518112.67,494334173.83,2025-10-28
3666,002893,京能热力,42662403.72,22.92,670416505.42,0.0296478697,546435733.54,4604281.78,38379124.25,7819596.47,604267866.22,52716591.9,53157284.08,2025-10-28
3667,002881,美格智能,91356360.57,33.05,2182028242.59,39.9007379124,1827413292.39,42955199.49,44500481.33,20059878.99,2088289594.56,95965866.51,94539588.89,2025-10-28
3668,002877,智能自控,33681909.0,-57.13,784583718.49,2.658529116,566061026.31,64194010.17,49335572.09,22026032.03,740483666.64,37910507.11,37700507.11,2025-10-28
3669,002871,伟隆股份,89406724.63,-5.65,391897994.23,-1.803850531,230620866.43,24670010.6,25292236.32,-2943945.01,296927138.29,101599247.36,101583188.56,2025-10-28
3670,002865,钧达股份,-416853306.7,-125.45,8201899511.06,-42.9635572981,8177947469.2,41806163.29,194415129.19,150999358.0,8768213883.61,-555649159.92,-555657782.86,2025-10-28
3671,002864,盘龙药业,89571690.67,6.5,716922919.85,0.0963743981,274057046.13,285227399.41,48012252.21,-17925359.08,621571912.66,98036174.42,101576071.2,2025-10-28
3672,002863,今飞凯达,60570167.06,5.05,3355058860.89,5.7423364997,2885457613.51,33116052.79,133579033.71,114771056.33,3334212247.63,50264806.66,48097569.9,2025-10-28
3673,002862,实丰文化,4522670.98,142.53,310048873.03,39.9223846479,203660280.4,58095937.68,22866640.95,5666432.31,298911679.92,4553508.18,4418521.15,2025-10-28
3674,002858,力盛体育,14108572.24,346.93,332622442.97,20.67855511,250908386.64,8733169.14,29719307.14,2862869.07,302484660.56,33777825.86,34146841.68,2025-10-28
3675,002855,捷荣技术,-176856620.71,-229.94,982636220.59,-28.7520665387,879837463.41,21174058.39,146648138.25,13771889.4,1115026172.21,-188903558.44,-188911623.93,2025-10-28
3676,002852,道道全,111469533.29,-39.84,4203149640.54,-20.0004406784,3828731807.11,110599137.82,63824724.35,55547437.95,4076173256.81,151526266.21,152659175.89,2025-10-28
3677,002849,威星智能,66243801.24,4.93,978156266.02,0.078675572,633264127.54,140683165.03,49377121.69,-605941.36,884368908.07,91729159.2,90922184.93,2025-10-28
3678,002847,盐津铺子,493034072.61,24.55,3860690589.15,28.4922806653,2631604525.76,496265299.32,154539158.05,9125424.15,3379069004.6,570623499.53,565841441.29,2025-10-28
3679,002840,华统股份,53422789.37,114.91,6485017011.58,5.2076882721,6094986806.35,69718864.81,152333748.8,159364972.33,6529343167.25,63797633.39,57862965.89,2025-10-28
3680,002836,新宏泽,45771072.06,348.13,264438359.09,138.1948933994,179919168.99,4992441.74,17408039.81,-381244.93,212564624.75,53634442.41,53624800.83,2025-10-28
3681,002831,裕同科技,1114030215.39,13.05,12258627268.07,13.4367196516,9171032947.7,358238967.96,768198230.24,-13368346.78,10897747938.75,1373193853.29,1350088002.24,2025-10-28
3682,002825,纳尔股份,107542851.47,87.67,1421648925.55,32.666916337,1175138725.44,35736746.07,69652659.95,-15236325.2,1341991408.14,112200890.42,112886877.67,2025-10-28
3683,002818,富森美,546128566.66,-11.37,1079070147.5,-6.8090314916,343769452.24,3678607.28,47647611.49,-572670.85,466867691.55,651219039.29,651256857.83,2025-10-28
3684,002816,*ST和科,-30457409.12,-73.8,5542852.26,-91.6643398331,7401467.94,3386762.06,24643492.19,686416.24,38335330.55,-36214924.71,-35722711.02,2025-10-28
3685,002809,红墙股份,39925584.33,-39.37,474482265.41,-16.9818055383,336980144.8,34420466.93,33640059.7,-1648293.89,430757465.18,47720689.81,48548123.7,2025-10-28
3686,002803,吉宏股份,134673298.73,-58.01,3897087378.79,-20.9615126106,2225935942.37,1234329204.15,183875347.14,2705602.58,3754598851.44,157897576.83,157661730.09,2025-10-28
3687,002800,天顺股份,18095371.24,10.93,1011207009.73,29.5478960482,952985895.23,9027426.85,17253804.53,4440694.86,986554731.03,25759224.27,22666622.57,2025-10-28
3688,002799,环球印务,27464044.45,-36.86,1107145601.58,-9.8922110351,956059747.79,24727209.49,35137707.48,5239493.19,1065390106.9,33038944.96,33031826.49,2025-10-28
3689,002796,世嘉科技,28083944.14,259.48,705453399.48,-7.069576281,620553516.98,6542277.54,39398539.16,1533274.24,710693232.72,24105542.13,23560561.91,2025-10-28
3690,002793,罗欣药业,-265370489.03,-15.62,1880916973.62,2.9790089705,1075790076.81,766646346.9,213643590.05,43773183.43,2162836623.58,-298559928.78,-291333640.53,2025-10-28
3691,002786,银宝山新,-128245944.61,10.42,1677954951.1,-2.5181689031,1480893163.24,18158585.38,142547000.63,67876213.29,1829798098.31,-128750880.33,-127363813.95,2025-10-28
3692,002772,众兴菌业,88650673.21,-49.49,1416478603.36,-2.4780764278,1136336122.19,116111192.76,49142484.27,31287581.84,1346770543.0,85679349.14,87553243.07,2025-10-28
3693,002766,索菱股份,44065809.08,127.38,1032361361.76,41.4500630532,804146496.89,36742636.45,86760102.79,-12420909.39,994371390.24,45065178.46,45010306.95,2025-10-28
3694,002758,浙农股份,160437318.84,-32.99,30730673434.38,5.1678057793,29269870500.43,559749106.88,459012403.25,35110432.05,30385592462.01,392170195.21,393933239.91,2025-10-28
3695,002753,永东股份,82114551.53,38.43,3165587230.93,-5.5351707981,3000040332.33,11998154.88,30974204.71,15185132.86,3096733853.02,97618063.02,93313411.23,2025-10-28
3696,002746,仙坛股份,111968551.38,-58.04,3807379705.68,-12.1722663195,3665966625.2,13092847.69,61126450.59,-35871448.93,3722342278.11,142544783.06,139500157.28,2025-10-28
3697,002738,中矿资源,545754118.4,-73.64,3569349314.96,-28.6913882209,2303639354.01,26452510.95,281954278.85,248675784.45,3093935248.78,598314933.48,638334773.12,2025-10-28
3698,002737,葵花药业,586835406.5,-31.06,2966906461.88,-29.9464119996,1417182527.64,540060782.14,300622453.51,-21732226.5,2354275676.31,741194644.94,744366072.02,2025-10-28
3699,002731,ST萃华,116704170.44,26.26,3324538456.04,0.904220231,2902465664.39,51680643.37,51254407.52,73780317.45,3093125751.13,121733069.67,120945976.02,2025-10-28
3700,002724,海洋王,52267603.42,-41.28,1093711616.4,-4.1974687884,408474220.33,444305634.52,116409302.47,-2093646.99,1062446160.27,13755028.88,13809718.75,2025-10-28
3701,002723,小崧股份,-39380034.61,-450.26,1186346906.83,-3.5403294536,1018395492.41,49490431.88,69791468.92,39302836.9,1213150838.0,-28977640.95,-29160990.05,2025-10-28
3702,002718,友邦吊顶,-35733468.88,-150.47,480118519.45,-32.6623164032,362672035.86,64772884.87,47906609.56,-5681701.77,494561161.87,-13384619.58,-22816824.03,2025-10-28
3703,002715,登云股份,11253572.35,-4.31,376602374.58,-6.0294741473,263096785.99,19630669.54,42577446.26,12244317.13,353148323.03,17743923.0,16151884.0,2025-10-28
3704,002703,浙江世宝,111982671.15,174.96,1817567758.66,54.4864514723,1459492084.01,35239243.39,93977219.15,1082875.2,1701232030.19,121604986.59,120548244.05,2025-10-28
3705,002700,万憬能源,82113488.61,-9.12,492137332.94,3.4849456946,359264357.97,21013210.6,21101965.24,-6229064.49,397066622.19,90407035.57,95489522.19,2025-10-28
3706,002682,龙洲股份,-72203663.09,39.47,2486068703.2,-12.0343488451,2401514756.61,33753126.59,132970280.92,98049499.93,2708400245.84,-90100650.43,-88590466.39,2025-10-28
3707,002669,康达新材,-76477138.03,-336.84,2178859546.56,9.7619912384,1814311140.99,69306193.24,176017449.35,73237056.68,2284205268.19,-101086799.28,-101936729.36,2025-10-28
3708,002659,凯文教育,-22186091.55,13.43,225424130.42,17.9752405732,158691540.88,3833871.32,37037127.71,26229718.71,239035185.97,-13241709.19,-13241709.19,2025-10-28
3709,002658,雪迪龙,75854090.72,-37.97,835346354.45,-11.8094725187,501755288.9,135488050.23,90594673.2,-11637084.85,791878496.88,83826580.63,84410019.75,2025-10-28
3710,002657,中科金财,-78337884.98,-99.97,533286154.08,-19.7043922973,422348247.91,26170354.5,66137996.34,-6426218.53,634641348.89,-73942143.75,-78316341.02,2025-10-28
3711,002650,ST加加,-67651382.23,-166.58,1036437138.27,-14.9189988835,782236350.91,185986138.18,103307645.82,4613827.79,1109629096.27,-72071238.64,-71539253.43,2025-10-28
3712,002649,博彦科技,178409792.61,-20.39,5098151293.03,4.6420011812,3855252130.24,158819785.6,584951156.06,-5542178.11,4894100276.14,202060021.94,201975267.09,2025-10-28
3713,002641,公元股份,147744393.59,-46.92,4768140776.7,-13.6329404885,3840976201.13,277724306.42,327679000.46,-26443424.68,4636523504.41,170385703.1,170653619.04,2025-10-28
3714,002627,三峡旅游,111939263.17,7.21,556416952.75,-56.5848223758,368884364.35,5960202.91,78822470.26,-16040725.87,449248138.29,147648602.84,151602769.05,2025-10-28
3715,002613,北玻股份,93381730.06,3.21,1225718015.79,-3.6533913802,882884938.64,61983776.89,80482962.51,-802592.5,1129666292.86,108827831.39,108904570.54,2025-10-28
3716,002603,以岭药业,554776843.41,-68.46,6365441001.17,-25.7646670417,2966689927.87,1672009793.12,395046421.77,25657133.42,5723859252.05,703133763.23,672108390.61,2025-10-28
3717,002601,龙佰集团,2563655212.73,19.68,20884897227.84,2.9666570726,15243770289.34,384644638.51,732588803.0,301727724.5,17793833020.94,3135042159.06,3138913296.92,2025-10-28
3718,002593,日上集团,31027712.09,-45.7,2208037389.7,-24.2303766681,2010951275.66,51830998.06,61737875.11,22390792.65,2200417039.14,41387347.55,40765579.25,2025-10-28
3719,002591,恒大高新,14214174.45,279.54,295260294.2,8.595278612,251596961.58,9870089.56,36550896.93,2680645.21,316749912.55,18076328.74,17397483.0,2025-10-28
3720,002584,西陇科学,64186108.0,117.61,5990745531.23,11.4768265866,5582506412.78,82865643.98,90074803.6,53625327.98,5902009909.86,79446834.56,77270550.91,2025-10-28
3721,002577,雷柏科技,34177407.59,14.05,328543167.42,7.5599071146,226789936.68,41918882.5,6998622.48,-6125246.0,291899737.65,41968111.05,41647071.14,2025-10-28
3722,002575,群兴玩具,-10314671.59,-181.24,229489343.34,577.6697272318,213153046.84,2105567.97,28941509.29,-114884.35,245709558.85,-12234326.36,-12229663.91,2025-10-28
3723,002573,清新环境,59438351.39,-77.34,5884956835.5,-1.5884373769,4823492876.6,46541128.24,361287961.97,311640640.47,5854296222.86,166855549.13,178983138.68,2025-10-28
3724,002572,索菲亚,921596114.99,-3.24,7655534559.64,-6.6449652433,4915349210.36,735268058.19,529991143.86,-6143773.75,6540334956.42,1159069490.15,1156354567.99,2025-10-28
3725,002568,百润股份,574271676.9,-13.67,2386195034.85,-2.8784396717,713235214.26,574905545.79,146944464.42,19254013.25,1652646388.94,748558306.02,748665927.93,2025-10-28
3726,002565,顺灏股份,55963010.31,117.8,1131725903.55,15.9382972665,848139749.5,35260602.03,113320830.7,-2371887.02,1044781458.79,100334169.25,96645179.73,2025-10-28
3727,002559,亚威股份,101870107.22,1.29,1491103684.04,-1.7481061975,1133379372.64,99884110.98,72800464.96,-1751854.49,1415178755.0,84698262.44,84540620.52,2025-10-28
3728,002551,尚荣医疗,14727598.37,8.97,1002639030.84,9.125117748,843830113.81,11448990.8,107863929.34,-16651883.99,990946064.65,11014699.56,20555103.14,2025-10-28
3729,002543,万和电气,453934662.0,-18.83,5234039388.34,18.6134643739,3717583135.35,615143467.99,140702456.39,-67372683.33,4648977401.64,538108148.41,538738020.37,2025-10-28
3730,002540,亚太科技,350370405.55,-11.76,5489383101.78,12.2080217432,4790431488.57,29937414.83,122751140.56,22227275.41,5169812094.0,379119409.21,373863876.65,2025-10-28
3731,002539,云图控股,669116968.46,-6.36,15696624559.92,-2.7826790652,14025911257.82,216511937.15,416793382.08,125377484.54,15088824581.51,777482446.98,782107514.9,2025-10-28
3732,002533,金杯电工,426764729.85,18.89,12740578749.86,15.9878017908,11399679707.39,246450157.84,150044990.8,30220724.53,12288064689.54,515290748.74,536369579.24,2025-10-28
3733,002526,山东矿机,109570504.94,-47.21,1708455372.22,-20.9346338704,1348276459.78,103758782.34,78847331.57,2386332.89,1601593554.03,145762715.31,145378814.62,2025-10-28
3734,002515,金字火腿,29848472.53,9.33,258408438.71,10.5711836889,200571665.28,22510501.31,17088615.01,-19054465.6,229613086.67,34571617.87,34597059.73,2025-10-28
3735,002514,宝馨科技,-165268860.5,-332.3,226974223.85,-53.9871572759,215566204.51,19249629.82,69971493.46,27324058.74,358035977.16,-178038968.27,-186836987.05,2025-10-28
3736,002511,中顺洁柔,53582265.37,-67.61,5955223653.32,-12.721726136,4108089050.27,1277244162.2,325938822.87,14116110.46,5940743093.76,71039869.17,68192842.76,2025-10-28
3737,002496,*ST辉丰,1304298.96,101.28,153558410.52,-4.5776117277,119437660.7,25021993.36,61756309.82,14221216.11,226222601.9,-196321.84,703681.9,2025-10-28
3738,002495,佳隆股份,15898477.99,156.5,185786800.46,-8.7387929111,126192755.34,9528056.11,20337301.33,-2358268.4,167517744.75,16859625.95,17573967.42,2025-10-28
3739,002487,大金重工,282004183.93,-30.88,2306360294.98,-30.807843825,1679262744.85,67353477.25,147887749.29,20650605.91,1994309050.15,293810160.86,302624167.98,2025-10-28
3740,002476,宝莫股份,23367306.31,10035.25,385872584.58,24.2731137926,317771212.31,10829579.64,26252743.2,-2698405.15,367968939.84,21218996.75,25247615.02,2025-10-28
3741,002468,申通快递,652464362.99,195.18,33490920381.55,14.1619750141,31540215003.11,123728856.03,665378524.58,174755874.7,32699063655.81,835712958.56,809099537.35,2025-10-28
3742,002458,益生股份,300540531.72,-56.04,2153706856.96,-18.9825641032,1557032771.51,24890028.31,107114961.14,24643267.37,1808321787.77,308549137.74,304654643.58,2025-10-28
3743,002414,高德红外,50212286.28,-82.42,1812411716.3,12.3753115264,862455271.02,83660796.95,208951845.93,8506387.75,1711378904.04,123160523.06,120421325.72,2025-10-28
3744,002412,汉森制药,130753045.98,19.15,693981713.71,1.4382829529,172562813.76,294411101.54,45119863.61,1211250.99,554722346.7,149715008.47,149555272.66,2025-10-28
3745,002398,垒知集团,95919631.97,-42.66,1848946001.24,-17.3144396086,1439744334.54,128350084.95,101373269.51,10213336.16,1791202267.62,97457227.17,100350265.09,2025-10-28
3746,002394,联发股份,130535409.35,-8.87,3593350060.52,8.2234635193,3060440938.23,113551114.14,152936169.29,28238752.46,3411330506.93,155588703.5,155768710.18,2025-10-28
3747,002383,合众思壮,-63727152.73,-2298.02,905383145.36,-33.8654558275,546133315.2,113214715.28,214280221.5,26433700.24,990233469.92,-58410477.91,-57896298.63,2025-10-28
3748,002381,双箭股份,139616162.92,-13.77,1934243188.17,4.3225939686,1576771094.15,67670603.06,74745598.18,5256359.35,1796315802.4,168790081.06,167059894.15,2025-10-28
3749,002378,章源钨业,146580374.36,33.0,2823080001.43,12.0985180684,2363510008.83,50698440.57,115942090.91,58989001.45,2656041800.16,178067860.42,171126102.58,2025-10-28
3750,002372,伟星新材,623910809.42,-28.64,3772679833.05,0.7122735098,2169640119.91,554545054.14,215347550.84,-41710036.75,3056621376.55,749105501.86,748034335.91,2025-10-28
3751,002367,康力电梯,281708219.36,-19.6,2877072426.0,-17.927078599,2038314005.48,284810468.55,110578446.05,-16601796.0,2560500915.14,316596185.72,313888066.05,2025-10-28
3752,002366,融发核电,-13067060.4,-401.48,590077179.29,32.6971679907,468816036.6,6978623.08,52001782.18,3094035.38,565621674.36,-7076451.28,-20600629.36,2025-10-28
3753,002363,隆基机械,36750105.77,8.79,1704913267.4,5.4772130719,1550097366.5,16015658.12,33351312.17,-11193204.43,1655377737.29,39805188.96,39564385.32,2025-10-28
3754,002360,同德化工,39306640.48,-73.82,416584306.71,-43.0849746952,262758026.68,7223318.46,68208088.24,7934542.43,362410865.54,56661243.55,57120867.85,2025-10-28
3755,002358,森源电气,130601471.77,50.94,1925751004.62,5.4801154614,1387755629.72,56714378.61,133787176.59,84263605.52,1752129388.83,145688373.72,141875824.34,2025-10-28
3756,002342,巨力索具,-3723565.5,-133.86,1540072684.0,-10.1565119691,1216191480.59,159729033.93,98303837.1,41411136.29,1549638197.96,-6525091.15,-6235627.49,2025-10-28
3757,002332,仙琚制药,530180818.31,12.42,3237007358.82,-0.0139718923,1468589836.32,726212046.7,226132174.54,-23330290.17,2606344910.38,630727222.82,627710393.41,2025-10-28
3758,002330,得利斯,6630111.72,-76.51,2081720145.42,-10.0118726552,1894430264.0,76580032.72,66653160.79,10583053.62,2068057314.14,2829045.93,3044605.35,2025-10-28
3759,002324,普利特,209151538.01,-47.99,5737942631.18,-11.6885099463,4938716717.66,96960301.7,160042920.03,76494363.18,5622728636.64,210748952.39,207254656.91,2025-10-28
3760,002320,海峡股份,280561082.09,-31.24,3943037435.63,6.7631507177,2391939399.37,35633614.58,370195866.94,32774382.99,2853335044.01,1159845959.25,1159983707.97,2025-10-28
3761,002318,久立特材,1044958715.2,-5.68,7143204732.22,16.073042104,5219725742.89,287432892.75,256568325.77,-75376241.5,6013727971.37,1232241731.18,1230240621.83,2025-10-28
3762,002316,亚联发展,10810899.32,272.25,424819963.69,-1.3489603599,359914616.04,15778321.1,18672589.69,99687.59,403187941.7,25167378.61,25867663.37,2025-10-28
3763,002315,焦点科技,357714192.07,20.17,1212180457.04,7.7792874623,240258163.41,417055457.19,108871564.09,-34107311.28,853471937.44,387859603.11,386337667.23,2025-10-28
3764,002310,东方新能,-2279514437.27,-16.71,684531004.24,-61.0940295087,1229429878.55,20425179.73,313614258.14,799228490.74,2433473278.9,-2286885235.03,-2325736621.01,2025-10-28
3765,002309,中利集团,-454010793.24,-52.65,1819272744.55,-47.7724904674,1431966380.24,116046233.23,410264448.35,205238450.52,2253561176.72,-453984787.13,-451915074.97,2025-10-28
3766,002303,美盈森,218736676.43,35.23,2943632194.5,12.947493735,2126519744.84,208624662.01,204966655.66,-9227354.92,2659827879.69,260264168.86,259720490.74,2025-10-28
3767,002300,太阳电缆,95269836.65,-40.09,10199014854.08,5.1050877989,9806518922.77,86904819.21,73755532.23,39302751.04,10065403838.67,140726961.99,139655817.46,2025-10-28
3768,002294,信立泰,509714167.7,6.37,3001062877.67,22.1780370742,838278365.62,1099724784.3,196644932.98,-22901561.95,2456761617.69,581771770.4,574289522.43,2025-10-28
3769,002293,罗莱生活,261540982.44,-37.14,3201188250.42,-14.7441466174,1732338688.64,808956050.91,201363475.85,-23558891.36,2836016751.55,314356883.34,309927766.23,2025-10-28
3770,002292,奥飞娱乐,71243790.14,-12.5,2010746241.73,-0.4467965588,1153826011.56,252559034.67,293943207.22,10666433.71,1857910391.15,83594147.3,86894767.8,2025-10-28
3771,002287,奇正藏药,393375922.95,3.38,1471754788.04,18.0959211174,270919592.45,667009311.27,116005635.93,42428987.54,1166221882.87,450569888.17,441437082.85,2025-10-28
3772,002285,世联行,-20967718.02,-43.67,1741272508.96,-32.9333626199,1654847312.11,,139879105.6,-12940074.96,1809895960.08,-35544072.99,-35688279.92,2025-10-28
3773,002284,亚太股份,157057473.75,61.45,3004679930.26,10.6321945743,2473437682.52,54846098.35,141253440.94,-43586144.34,2869578416.27,163509719.82,163688500.59,2025-10-28
3774,002282,博深股份,164751227.26,86.8,1247673841.78,7.3762819034,907171877.72,39447760.95,57556697.78,7094817.7,1071190812.19,189305249.58,189161728.08,2025-10-28
3775,002274,华昌化工,529990815.21,12.9,6274030501.72,4.6305364042,5266179962.39,114326767.64,187538822.45,2421125.24,5665967807.65,690916752.75,681969095.76,2025-10-28
3776,002273,水晶光电,861536709.9,96.77,4709724778.54,32.6883989085,3222649424.08,48449217.2,235660861.98,-52817821.1,3754669280.76,983767594.34,978366974.45,2025-10-28
3777,002271,东方雨虹,1277265621.53,-45.73,21698721761.17,-14.4380616015,15377897674.74,2235141417.01,1225310808.96,148743171.65,19598157647.6,1705906096.86,1705336348.44,2025-10-28
3778,002268,电科网安,-213221395.36,-380.49,992623175.2,-42.3333709975,606137054.57,298102741.48,137622895.83,-12183200.47,1358595100.49,-320585988.11,-320640189.31,2025-10-28
3779,002255,海陆重工,240962327.36,2.85,1778592381.69,0.3260006374,1324011734.99,34958556.99,72166745.94,-9188753.58,1525163145.53,276964139.42,268709067.9,2025-10-28
3780,002252,上海莱士,1837807056.93,2.81,6314412912.62,6.3861606008,3748549615.57,250651431.51,315184267.1,-61897410.82,4484053132.47,2261253944.01,2163660666.79,2025-10-28
3781,002251,步步高,2019539587.7,409.89,2530990987.09,5.1619334365,1583967309.64,882797717.19,198922674.7,129899128.52,2895694114.34,2143207380.46,2099237319.29,2025-10-28
3782,002250,联化科技,32503844.03,143.13,4358811013.1,-13.1409621385,3369136420.19,22356580.56,521403383.98,53917828.9,4219382879.9,142719921.73,136860989.43,2025-10-28
3783,002247,聚力文化,220531041.02,164.38,628417928.47,-8.9708675198,498827983.62,23359527.87,58649176.47,-3399991.31,613369636.77,26669534.62,223178753.69,2025-10-28
3784,002245,蔚蓝锂芯,281859628.52,173.21,4838452180.65,30.9208304469,4041791730.32,40569915.92,93887605.2,22340988.9,4533247303.82,379436042.23,373402697.12,2025-10-28
3785,002243,力合科创,135454492.99,-53.33,1594374990.89,-9.3063361523,1274101425.58,67194107.83,170186971.12,102105990.83,1729685950.78,84992716.93,83478796.3,2025-10-28
3786,002242,九阳股份,98063944.12,-73.02,6182055590.3,-8.835005539,4653849830.58,966173114.76,246077944.68,-68132974.31,6095146683.64,81419539.4,77923790.73,2025-10-28
3787,002239,奥特佳,91962958.68,45.74,5633823867.21,13.2708813762,4966434879.97,80564480.59,246333014.87,45460787.3,5530127973.47,117860977.02,121020033.45,2025-10-28
3788,002233,塔牌集团,381075061.09,-37.98,2930081005.21,-28.8142492393,2252876196.16,57768639.4,267696032.06,-28243123.71,2621822871.03,523355382.8,511038396.62,2025-10-28
3789,002227,奥特迅,-23413432.88,17.34,221524664.7,19.2000254851,163340937.38,25972816.57,23942317.15,16495280.52,254860655.29,-27177437.85,-25766054.07,2025-10-28
3790,002216,三全食品,394250644.85,-28.61,5124963675.4,-5.3549026056,3842245900.57,688446701.66,144336427.01,-498420.74,4749178143.53,481996369.21,509218020.02,2025-10-28
3791,002209,达意隆,41938930.64,-12.19,960577515.57,5.5889550052,721806787.91,58587566.16,73670910.91,-5107871.74,906521884.96,59574564.52,43123867.96,2025-10-28
3792,002205,国统股份,-30780024.56,74.69,380083128.92,64.4773950346,271382286.58,4072928.97,60708866.64,68878632.36,420454903.13,-33023565.33,-33241132.85,2025-10-28
3793,002200,*ST交投,-29645175.83,-38.0,308266408.81,30.3531112449,264474559.43,985411.52,33482987.95,1610260.41,303283534.41,-47927529.8,-48955517.2,2025-10-28
3794,002196,方正电机,8978.29,-99.99,1822214790.01,11.9841165341,1576975950.11,19480470.87,89752866.48,23991993.19,1840351851.29,8471760.91,2535377.43,2025-10-28
3795,002194,武汉凡谷,46566865.65,-47.95,1068720671.23,-15.4406871362,797603550.95,9263390.98,43903653.32,-18113680.59,955442478.68,45609103.78,45563591.1,2025-10-28
3796,002188,中天服务,3025987.19,-84.55,264373800.89,6.0111465324,204764032.7,3171835.49,26057360.68,-647470.1,235587847.28,26736046.62,9076849.78,2025-10-28
3797,002185,华天科技,357041387.7,330.83,10531227276.55,30.5239808687,9237194712.93,98716585.53,478603666.31,108391567.37,10654607299.51,408394858.17,412261992.25,2025-10-28
3798,002182,宝武镁业,153760115.77,-25.88,6346601066.66,14.0857625091,5617921802.23,22333103.94,138442739.65,79080271.71,6200086736.74,171555104.88,170497853.89,2025-10-28
3799,002166,莱茵生物,101621708.59,148.46,1169965060.76,31.607963707,840516661.85,42410232.17,97158131.75,24834630.88,1055454984.4,134122668.56,127743388.86,2025-10-28
3800,002156,通富微电,552515103.62,967.827250842936,17081280328.6,7.384252095,14633936665.79,51292751.94,366073126.01,375475540.25,16420655881.35,743470798.94,742307840.18,2025-10-28
3801,002155,湖南黄金,666826170.54,73.56,20989478458.12,11.9266093854,19391410086.09,8133392.28,475961630.43,996031.72,20165314750.48,787793484.04,779673073.71,2025-10-28
3802,002154,报喜鸟,415267019.16,-25.19,3535785553.91,-3.5896727267,1210690714.94,1450588424.15,270227302.14,-25584056.49,3003830028.31,547884000.82,548936767.16,2025-10-28
3803,002151,北斗星通,-63663519.18,-361.92,1062688466.89,-66.1696590376,669152229.94,126580080.24,248838593.68,-5549495.2,1241992760.95,-101981643.54,-101437388.47,2025-10-28
3804,002145,钛能化学,447678905.28,33.98,5149125328.4,43.2567977563,4195388864.05,35660770.54,306772155.7,-77618675.36,4661088670.27,557193728.93,556756581.84,2025-10-28
3805,002142,宁波银行,20707000000.0,7.02,50753000000.0,7.4478670477,,,16969000000.0,,27096000000.0,23657000000.0,23543000000.0,2025-10-28
3806,002139,拓邦股份,552221632.8,46.71,7699609718.19,21.0377667419,5874061400.71,271230402.99,277299621.83,18705452.1,7067472879.38,618015298.92,608961067.56,2025-10-28
3807,002138,顺络电子,624077365.35,30.71,4195164400.47,14.1254254335,2629962795.87,76172164.22,224988252.76,72355245.93,3405379696.76,831585447.55,824459013.18,2025-10-28
3808,002131,利欧股份,-159548963.86,-107.58,15848008474.27,1.0809493896,14468012095.9,560483845.05,376384922.88,-20490766.67,15557274376.42,-261110752.64,-259484399.8,2025-10-28
3809,002122,ST汇洲,68687033.22,-45.17,694092801.62,10.43444783,551407590.01,31453186.62,110325678.61,80757.92,727717922.88,59673660.83,59601174.17,2025-10-28
3810,002119,康强电子,79419476.53,32.92,1487018940.36,13.5523465106,1296979400.43,8432269.89,60745411.87,10175588.11,1431921135.94,84932351.49,84832465.25,2025-10-28
3811,002116,中国海诚,213488510.86,8.12,4292207612.48,2.0525947782,3649948632.51,22424152.49,229968669.89,-46321049.26,4039693393.23,236347741.51,235175112.57,2025-10-28
3812,002115,三维通信,-24625225.5,-125.89,8521235454.13,-14.2916478375,8128775102.46,88865805.68,118702555.2,13253221.69,8470933178.42,32378945.67,26841118.29,2025-10-28
3813,002108,沧州明珠,138401451.5,-43.02,1962414906.17,-1.5390733453,1728338152.52,47238080.61,51974142.16,22215960.44,1900250578.33,144214134.68,144011416.88,2025-10-28
3814,002102,能特科技,120238331.99,-63.53,9288099165.0,17.0008539573,9084101292.78,9724531.24,65254325.33,22919261.47,9237542005.95,154441414.77,133284735.7,2025-10-28
3815,002098,浔兴股份,171732337.7,69.17,1866773726.77,29.7037851372,1232546958.74,221855134.09,112349741.54,4357154.5,1665014035.73,202849694.16,197965625.59,2025-10-28
3816,002078,太阳纸业,2458768787.62,15.08,30975042729.97,6.0697260133,25909525726.15,132399270.49,728031036.86,514018606.59,28054667107.42,2790051829.13,2799084129.45,2025-10-28
3817,002077,大港股份,39688757.23,-65.55,239718577.78,-28.5287201838,216892080.14,6181604.93,31649965.53,20849349.78,292291130.59,50350217.69,50304859.79,2025-10-28
3818,002073,软控股份,343376105.52,63.8,4878545456.35,32.6653812332,3711481216.22,100441233.93,348352002.94,36303171.81,4505478795.28,440617285.34,441882834.97,2025-10-28
3819,002068,黑猫股份,-55000017.96,79.11,7299635347.07,7.4527486669,7004975037.19,60337242.07,151458232.32,67059392.32,7375238553.93,-44477127.27,-45152332.88,2025-10-28
3820,002059,云南旅游,136436615.78,226.69,447734534.04,21.0054579027,431724759.57,12786151.65,109542666.12,16679465.59,599474329.81,-163929867.16,127639651.69,2025-10-28
3821,002049,紫光国微,1009951371.09,-50.27,4262985693.96,-24.5577353913,1846236844.87,149012114.35,238094932.16,-35974764.43,3189158113.51,1070400733.67,1070600096.23,2025-10-28
3822,002045,国光电器,244129896.34,-21.79,5698560721.12,31.7779058307,4912907059.23,69048716.52,206749225.01,-19230186.26,5483782116.13,240984043.24,243177366.18,2025-10-28
3823,002040,南京港,124268539.31,7.91,727111638.35,7.3179200768,395547107.55,,117365521.15,13906112.92,550956037.72,202264268.6,204113783.39,2025-10-28
3824,002039,黔源电力,265338033.6,-3.88,1465729934.08,-5.5776273665,648090228.72,,67938234.04,207575475.35,939767940.42,522433783.63,517619014.02,2025-10-28
3825,002036,联创电子,-46181314.22,85.94,7743356750.61,9.2217255772,7005541921.61,30436255.57,337546045.49,243023345.77,7974639972.94,-86337680.96,-86217484.69,2025-10-28
3826,002035,华帝股份,403791138.21,12.28,4575581449.41,3.2652601656,2722684207.17,1106100027.68,191902151.09,-11992729.73,4231827707.73,445444663.7,451814047.74,2025-10-28
3827,002026,山东威达,199435160.88,91.89,1614804686.24,-4.3165043085,1223835145.14,28004946.3,93864894.05,-7664959.53,1437268546.83,224821658.86,225710426.78,2025-10-28
3828,002015,协鑫能科,605936898.9,-36.43,7552252949.6,-15.6951860926,5585017064.58,84212011.19,513226168.21,572780163.97,6835627330.86,939371055.21,932916656.3,2025-10-28
3829,002010,传化智联,237368361.23,-52.75,19385258823.92,-24.7555020725,16600016061.38,606800825.31,637155834.63,380522085.71,18855952886.41,659508004.26,495212231.1,2025-10-28
3830,002005,ST德豪,-50734076.38,75.12,546137612.5,-7.5279532963,446009504.77,21067148.26,110024883.12,-2440474.57,601908923.74,-41914507.36,-46111618.73,2025-10-28
3831,001391,国货航,1104573579.0,71.067699222091,14228619820.0,44.8144733098,12338308326.0,277136992.0,271532102.0,-41577644.0,12912718392.0,1456575517.0,1462878279.0,2025-10-28
3832,001389,广合科技,492495287.9,69.92,2680659839.63,36.6883729472,1787982810.5,76638127.37,72421164.55,-3364133.57,2083434547.35,559045846.28,556000772.12,2025-10-28
3833,001388,信通电子,75688987.68,-4.957987478245,641863289.01,-1.9685772901,426934468.04,60254358.26,16570071.75,313029.79,557974775.81,82529278.64,82311119.82,2025-10-28
3834,001382,新亚电缆,90339882.35,-28.930462857197,2051131498.9,-7.7710561232,1855714941.28,41337446.71,20367357.24,2113043.57,1933220617.19,120083126.14,119664359.23,2025-10-28
3835,001380,华纬科技,153491350.71,39.92,1234143777.97,45.8576558409,925504740.98,37459693.87,34961178.68,-2732521.6,1061553338.88,174882596.81,174613844.11,2025-10-28
3836,001373,翔腾新材,11142564.08,-65.56,505283388.49,-6.2331558318,440378979.49,13919376.1,20570199.81,-4211422.53,485024774.39,17532539.44,17192745.48,2025-10-28
3837,001337,四川黄金,197009597.35,25.38,527677592.87,5.7711587091,245673817.24,2086246.18,40522728.05,6932074.19,311695736.21,222628741.99,232576388.98,2025-10-28
3838,001336,楚环科技,21604474.22,-18.0,271875214.84,-3.7586409502,178830049.9,19649590.13,29621252.39,-777646.93,245190890.46,24746899.8,24599459.19,2025-10-28
3839,001335,信凯科技,72189616.95,8.57129965935,1054258792.16,32.9184203536,908107890.67,40040678.31,25519829.48,-1177083.17,980349429.27,85185997.09,85197002.14,2025-10-28
3840,001318,阳光乳业,85481951.91,-9.81,385489971.92,-8.7174861191,243036232.25,28926981.44,17492372.75,-12958062.24,292531698.8,95178512.6,88713956.06,2025-10-28
3841,001317,三羊马,11610888.55,-34.48,810644205.31,16.8872649242,749065682.72,3743821.03,28147042.27,14677093.59,800797604.67,14064623.26,13972571.05,2025-10-28
3842,001301,尚太科技,577819312.4,1.72,3619977243.98,14.1618605298,2707670823.14,6499220.14,54494461.8,40761379.5,2948343557.28,714828345.11,714561689.06,2025-10-28
3843,001300,三柏硕,20680616.69,70.85,399844406.71,37.6576485646,304769056.23,21625807.39,43686385.0,-1576653.52,390838660.4,17432886.28,17873606.21,2025-10-28
3844,001288,运机集团,84228864.52,20.56,867861201.65,35.2170191028,613935920.89,29616066.33,57464505.79,15056408.93,749809234.0,95809442.86,96227904.86,2025-10-28
3845,001285,瑞立科密,175056844.18,3.060856234366,1361750778.42,6.527155745,989343554.62,38562722.33,55462855.12,5547486.43,1178928809.43,196892516.65,196462097.87,2025-10-28
3846,001268,联合精密,50216735.02,8.99,541256336.26,7.9383794842,425379533.4,5619344.89,25046582.95,1124244.48,481320090.01,57540567.52,56979649.69,2025-10-28
3847,001255,博菲电气,12403578.67,-72.01,251841486.63,-0.7479018374,187494408.17,6633442.63,24156309.06,918790.27,238736413.76,9542860.37,12922846.71,2025-10-28
3848,001239,永达股份,45159471.51,-26.82,427616825.93,-28.4764505092,342547329.63,1403131.89,27605977.79,6296982.17,386692716.38,54328013.19,58351967.03,2025-10-28
3849,001229,魅视科技,52133089.84,-13.33,117395931.55,-15.9876468472,28147235.01,27492611.08,4649471.69,-8193762.61,66655230.08,59299891.08,61312033.42,2025-10-28
3850,001221,悍高集团,350167870.13,71.691834427221,2009270409.09,32.603288449,1295969364.07,157375995.88,74650498.5,-8022254.7,1614944674.23,405955729.49,406416338.98,2025-10-28
3851,001215,千味央厨,81554647.58,-13.49,1363927622.46,2.6989650486,1033133477.66,72361224.22,127241722.38,-1726212.3,1260985345.32,103947419.93,103927975.22,2025-10-28
3852,000995,皇台酒业,22625643.48,545.36,113469516.06,0.5714332161,38688051.08,27820005.25,18293413.06,4790356.69,109707276.06,23520075.25,23185549.1,2025-10-28
3853,000972,*ST中基,-43544332.71,-201.24,297820015.92,-13.1871520861,256221131.28,6504388.12,22702853.62,20471854.93,311484738.21,-33715255.98,-42761128.5,2025-10-28
3854,000968,蓝焰控股,301680645.25,-28.52,1795759493.15,1.9872157695,1192237410.95,3302820.43,144537738.27,82541263.96,1550440131.11,361431823.89,355997873.4,2025-10-28
3855,000963,华东医药,2562326688.45,17.05,31477654750.5,3.5635498323,21231803408.72,4727512478.83,1179023165.24,38017752.08,28288811654.13,3215352175.02,3133883552.06,2025-10-28
3856,000957,中通客车,195274612.78,164.94,4233662626.68,51.8763213462,3524953955.61,198937300.17,102550461.98,-22239409.75,3969832198.94,216107858.48,215572574.25,2025-10-28
3857,000955,欣龙控股,-13866467.71,-23.86,393341196.37,-3.8540463808,360723603.93,15896700.23,23383287.14,2311000.64,412042019.61,-14933140.95,-15400943.53,2025-10-28
3858,000953,河化股份,79288717.79,2171.86,166695111.85,10.1649233527,143337180.72,524210.01,13515918.43,1312073.07,164651565.9,89842208.04,89631947.93,2025-10-28
3859,000950,重药控股,292225609.0,-43.54,59692657955.53,2.2419215419,55254372237.51,1708321550.29,1131475000.09,813810366.43,59058434322.35,548069471.03,547081361.52,2025-10-28
3860,000932,华菱钢铁,1770988335.91,-56.86,111666353286.81,-7.1548192148,103484780245.76,336417044.44,1184977346.08,180935454.74,110253555504.84,3337358524.89,3333264297.82,2025-10-28
3861,000922,佳电股份,206418912.18,-33.31,3568377162.15,-3.2321202008,2812875686.14,141055873.44,131382919.88,25626591.01,3256430415.55,287348214.73,290280136.47,2025-10-28
3862,000919,金陵药业,76756455.53,-26.88,2530594944.66,5.5135082052,2035369690.05,67467572.06,270019576.62,-13392415.62,2438874082.54,111521051.17,110300874.33,2025-10-28
3863,000892,欢瑞世纪,-53942905.35,-19.08,153376811.84,-48.6464516976,45309254.02,40925817.67,42330096.04,1680158.32,133300421.47,-77766501.19,-78468210.74,2025-10-28
3864,000885,城发环境,864223019.65,-1.54,4718714148.6,-1.8656759225,2695590333.75,22716389.41,279756499.17,427468337.44,3556785791.17,1200976627.47,1202257429.17,2025-10-28
3865,000875,电投绿能,1413489829.05,30.2,10166149394.36,-7.7652729136,6946625803.08,,96034632.8,1085627902.87,8236329814.99,2089871521.4,2170681045.63,2025-10-28
3866,000863,三湘印象,65272820.83,96.02,979793473.29,10.1767822882,468444056.74,138867285.33,114587038.35,12983360.19,867680136.2,110911862.39,115717662.74,2025-10-28
3867,000838,财信发展,-6034122.61,-110.73,748317534.24,-77.4343771123,683731947.91,22973662.01,50008432.46,2521368.75,752558555.43,3634289.78,2454782.72,2025-10-28
3868,000833,粤桂股份,224756149.8,363.15,2020614889.76,-28.8618121917,1472864923.43,13973042.68,150686413.81,24660420.91,1742988667.56,285412225.07,278253082.09,2025-10-28
3869,000820,*ST节能,-15063588.38,35.57,119085720.96,36.4543137742,99213039.87,1699482.09,25804582.85,371307.88,129853017.13,-18172943.24,-18177916.25,2025-10-28
3870,000812,陕西金叶,58906696.3,39.61,1058767096.1,17.2877312155,762890440.17,29744848.81,87753303.03,69104970.71,986262965.56,74888254.37,74552136.29,2025-10-28
3871,000796,凯撒旅业,-18159126.44,92.3,507528524.34,5.0792717462,395690029.9,47793889.66,73763380.36,-1794123.48,518358369.1,-3745254.88,-11638588.0,2025-10-28
3872,000778,新兴铸管,483470768.39,-55.61,27080229944.77,-25.4438284509,25566277302.65,258708657.57,432571253.37,211697574.33,26941984681.36,606380824.57,540048249.13,2025-10-28
3873,000757,浩物股份,-23892003.01,53.1,2629530572.18,-3.1787781819,2354847903.22,46941650.57,177197314.37,9619954.97,2617822235.99,-17516086.21,-18684303.73,2025-10-28
3874,000755,山西高速,382250623.13,-1.48,1186097788.33,-7.1746210613,487440436.6,,32668719.99,153324737.14,679364713.43,507604155.74,509238260.01,2025-10-28
3875,000752,ST西发,23991867.47,144.96,299459605.0,21.7905979492,184002011.68,10023050.29,37769758.87,-350601.02,233926774.9,60794429.3,67721646.58,2025-10-28
3876,000731,四川美丰,189380792.48,-41.94,2868472643.82,-10.4519938074,2354180161.4,63988957.05,187401130.28,-1161340.68,2648769351.19,263934755.93,265226810.9,2025-10-28
3877,000728,国元证券,1569930551.73,10.07,3939229702.34,2.46,,,1980285705.48,,2112982056.43,1826247645.91,1827858460.8,2025-10-28
3878,000718,苏宁环球,354000615.23,-7.52,1738023035.4,18.6306107414,700538563.76,118313057.39,166403436.21,53383984.43,1264936539.35,474414753.02,481117295.51,2025-10-28
3879,000707,双环科技,339427152.32,-27.8,2040941165.48,-22.2446496784,1468912140.91,39928989.64,42348462.02,20011723.06,1679131197.15,374165804.93,378774019.3,2025-10-28
3880,000702,正虹科技,-22240880.35,58.0,784720264.1,-15.876379616,744423545.71,12433246.38,35746016.78,7233796.28,808305012.83,-16652391.73,-16982141.73,2025-10-28
3881,000683,博源化工,1804579955.32,19.84,10372288708.04,29.0419546913,5950492151.63,262767416.38,716755400.5,296826818.28,7535150842.93,3131998264.14,3133606425.66,2025-10-28
3882,000672,上峰水泥,404407085.06,-42.27,3815489988.55,-21.7706441491,2796341842.15,97343721.06,422885648.84,39150562.15,3502090607.11,477239554.09,470332840.47,2025-10-28
3883,000630,铜陵有色,2729926180.49,5.97,106307900321.94,3.6193286839,98256064077.82,66854231.4,1134523427.54,338154828.7,101205174541.79,5056687134.36,5055035381.77,2025-10-28
3884,000605,渤海股份,12092223.92,20.52,1202847148.3,1.0588298841,900994917.87,8597026.11,110218620.28,92456127.38,1194382201.21,27794616.22,27191757.95,2025-10-28
3885,000603,盛达资源,199198185.44,48.73,1396930504.38,-7.0848601587,789641487.97,907918.11,178957266.38,63772943.04,1128733252.45,316842076.74,311316695.2,2025-10-28
3886,000597,东北制药,207968558.91,-5.37,6133512515.79,-4.2227248575,4015426869.88,1047384162.17,619708039.04,-6237558.5,5783158351.88,336363111.12,349037740.24,2025-10-28
3887,000589,贵州轮胎,560493100.73,-10.76,7842853831.55,11.4498518073,6385369591.23,322336650.48,235999830.8,32680209.73,7270314420.23,595683890.53,594147278.53,2025-10-28
3888,000582,北部湾港,915943906.8,8.06,4902091246.8,0.1309014198,3377984633.85,,372932316.03,228909648.85,4039215089.4,1196626699.8,1201249048.67,2025-10-28
3889,000581,威孚高科,1277399421.53,-3.38,8217398122.23,-1.4960594371,6813737277.87,122738249.37,518705964.44,6543551.1,7962527481.53,1365466820.16,1364241511.91,2025-10-28
3890,000572,海马汽车,56104547.33,137.53,1083994015.1,-44.1074625625,960486813.63,32813163.7,188201639.22,12657534.89,1355002565.83,-10732115.73,8193698.41,2025-10-28
3891,000571,新大洲A,-78056799.68,-27.35,571706702.52,-30.1861263775,381960864.26,12396696.47,127344437.73,33526885.15,637680090.01,-73742522.8,-75166019.29,2025-10-28
3892,000563,陕国投A,934382745.46,12.28,2016284164.67,5.154400561,,,604775176.92,,782298668.15,1233985496.52,1232960359.37,2025-10-28
3893,000559,万向钱潮,716564819.95,18.22,9384913597.42,-15.3301465519,7677767679.84,118657530.56,355800589.66,49464494.91,8619338934.28,779700412.47,780444856.24,2025-10-28
3894,000547,航天发展,-557891374.57,-6.48,1190189186.44,-23.8965505124,1065270004.65,97250700.24,328375815.22,6032258.45,1728073012.01,-662957560.88,-671216148.77,2025-10-28
3895,000546,金圆股份,116385619.17,253.53,4491423849.09,191.5940260202,4462669925.23,16865401.32,136335003.0,-16109692.02,4630154325.25,92714821.08,94250272.26,2025-10-28
3896,000526,学大教育,175728017.03,50.16,2246816944.46,25.285340437,1460926741.54,135831979.05,366471674.74,40036256.06,2038698797.09,225340989.97,223397791.38,2025-10-28
3897,000519,中兵红箭,-60202805.2,-129.31,2718750588.77,-9.6015059625,2105774397.26,28889370.28,320234093.0,-62597565.37,2703682165.23,-31551212.97,-30820052.77,2025-10-28
3898,000517,荣安地产,318054859.56,-68.86,17166218004.93,26.9445132298,16030044684.8,434214517.52,103621806.63,82649988.21,16726838547.42,440028422.59,440433110.67,2025-10-28
3899,000421,南京公用,-14415775.85,-163.4,3637986041.51,9.1341773789,3149588022.66,338278488.09,144947402.83,49558203.68,3714086852.84,13350083.09,10111992.09,2025-10-28
3900,000407,胜利股份,109727926.91,7.62,3204633579.56,-1.6879919012,2700137072.89,170024692.66,83468995.63,66704153.81,3055500257.59,165824798.83,170800876.05,2025-10-28
3901,000400,许继电气,894693268.75,10.41,9586051242.34,-11.4859928239,7482769824.97,367877400.68,321575978.95,-43629565.24,8618112662.12,1106092621.98,1122806615.89,2025-10-28
3902,000155,川能动力,629801178.08,11.69,2277074667.79,-7.0161717672,1048871236.01,4229143.75,209834324.34,129470701.76,1435980798.61,747116723.17,742932498.97,2025-10-28
3903,000090,天健集团,328490389.81,-68.01,9239136891.75,-47.6058422366,7739884811.42,120217806.32,305554341.73,134249455.28,8798041458.6,450036566.77,450872745.24,2025-10-28
3904,000061,农产品,315262037.92,7.31,3818959594.6,-7.9286689313,2699449366.17,123784201.45,341370453.59,104360624.04,3317441101.78,640408470.66,650374207.79,2025-10-28
3905,000042,中洲控股,-518648358.32,-388.99,3862522827.46,-11.1513279054,2632517213.92,237076632.76,149730725.53,502805641.89,3795034677.11,-361582242.32,-466252928.43,2025-10-28
3906,000037,深南电A,-45628230.07,-58.66,371008976.9,-18.2991069107,347115833.39,2419675.17,57127620.24,7127968.01,438675510.79,-50075712.87,-50078429.98,2025-10-28
3907,000025,特力A,108084248.41,46.64,2067381333.76,69.3756398496,1884098705.25,15201497.92,37651430.3,4521545.73,1953380523.66,139931532.91,139163309.47,2025-10-28
3908,000019,深粮控股,244254341.57,-10.82,3801884388.21,-15.1200088306,3138519536.94,111687172.36,118599958.98,24213281.05,3422522593.67,306506037.04,306205907.51,2025-10-28
3909,000010,美丽生态,-59430761.15,63.17,353804130.74,44.104381842,295178865.85,,68897186.6,43049685.09,408902694.04,-86447461.48,-93392214.44,2025-10-28
3910,688506,百利天恒,4065367515.1,889.229665059954,5662560246.21,1399.2223188213,175794616.6,156046425.23,117348064.0,-23992754.64,1364783569.65,4349785140.92,4349691055.78,2025-10-27
3911,688372,伟测科技,62017815.03,-30.81,740393153.61,43.620477651,485839282.7,25498063.76,52906624.88,23270506.4,690996950.11,55833402.17,55945156.02,2025-10-27
3912,688353,华盛锂电,-131696649.35,-613.54,331847093.12,-16.4435637139,400507743.79,3535885.77,65628691.85,-2487339.4,503854616.06,-162974689.17,-165158720.28,2025-10-27
3913,688116,天奈科技,182614619.97,13.06,1040352431.83,-1.6908574419,668546461.03,9507745.24,61559042.27,14797827.1,847351471.5,207756618.6,206827407.7,2025-10-27
3914,688098,申联生物,-14124681.4,-138.05,248302819.25,3.7075364645,96550396.54,77225498.63,44995343.8,-584799.81,259262501.74,-18962951.36,-19205170.53,2025-10-27
3915,603259,药明康德,6532934698.28,-19.11,27702002254.76,-6.2262739002,16440256129.17,546582318.74,1869468114.84,-61969592.04,19967164047.62,7890869263.36,7854296089.21,2025-10-27
3916,603136,天目湖,85424503.25,-28.84,404649241.93,-14.7740877676,190849542.77,25361382.93,56984717.06,-5875519.5,275144340.35,132995534.15,132934192.11,2025-10-27
3917,603083,剑桥科技,151738028.0,26.15,2763850892.26,18.599974979,2168506177.21,64313894.12,138617226.66,33372133.54,2638213334.17,158839563.75,152419860.33,2025-10-27
3918,601137,博威合金,1097542782.68,38.81,14588763717.3,16.4836371526,12293175346.48,197534824.2,383036691.69,116026266.12,13387505269.67,1235915189.96,1231056308.88,2025-10-27
3919,600969,郴电国际,60455574.46,257.79,3316610519.37,9.7686473746,2845640422.32,10939066.32,176878432.27,228298673.0,3290824116.37,168450790.72,160643939.35,2025-10-27
3920,600908,无锡银行,1765957000.0,5.37,3625287000.0,3.822900459,,,987731000.0,,1685318000.0,1939969000.0,1939384000.0,2025-10-27
3921,600581,八一钢铁,-1445416890.68,-95.569877194097,14822222330.47,-16.6376709949,15180785403.62,53965542.72,205673450.35,445625095.26,16416559278.14,-1397765827.95,-1410769035.7,2025-10-27
3922,301678,新恒汇,135744252.06,,592644378.03,,376057189.92,7787057.08,25668223.21,-4267402.89,445989509.8,149206829.7,152702424.19,2025-10-27
3923,301665,泰禾股份,166611224.46,-43.569965659925,3023021314.11,0.0261032209,2395354239.71,53980357.66,189901704.28,42924404.67,2799563659.95,201229664.98,201342042.72,2025-10-27
3924,301613,新铝时代,154885433.01,0.75,1377237248.49,-0.5082578476,1035190760.43,7740971.56,45130064.78,23437487.04,1159669266.33,181113062.87,180609993.86,2025-10-27
3925,301601,惠通科技,88641340.08,26.97,507331067.62,31.4650253384,355609605.88,8001660.35,37634572.65,-3025004.99,421493148.53,97787777.56,98036194.12,2025-10-27
3926,301596,瑞迪智驱,73406437.51,4.22,442673990.26,3.2742750825,298834895.02,11164421.18,25203952.47,129784.57,360054846.91,84596755.9,84684454.0,2025-10-27
3927,301586,佳力奇,78599133.78,-12.87,436062017.42,24.1958353611,293335437.55,8260048.49,20231653.38,-1152338.36,352865423.4,88532892.0,88780085.76,2025-10-27
3928,301560,众捷汽车,67755682.4,,724425247.22,,549644812.87,15009736.44,42364280.14,2606251.3,639630518.94,78206221.57,78080148.99,2025-10-27
3929,301512,智信精密,-32898234.93,-192.13,193195906.64,-39.6945475893,123207929.45,31936443.41,29077369.82,-5291888.72,249778814.78,-49405799.42,-48877619.07,2025-10-27
3930,301505,苏州规划,16629422.35,-34.16,189264132.29,-12.2649331202,119081420.01,5769609.98,32176260.6,-3548301.09,169656718.83,18673455.46,18702112.18,2025-10-27
3931,301491,汉桑科技,191566845.63,,1158777265.67,,776317417.9,27374614.45,63998833.75,-11370992.25,921394083.66,220171845.32,220682431.17,2025-10-27
3932,301469,恒达新材,53140859.58,-24.3,747514679.99,21.8802569056,639511406.09,3832114.71,24905277.16,-2259134.09,698117338.18,58435672.73,57470988.6,2025-10-27
3933,301446,福事特,51389590.15,-20.97,320795662.91,2.3113129539,204177400.08,17528896.45,36727109.75,-8259885.81,266890949.15,59931740.4,59961021.24,2025-10-27
3934,301399,英特科技,42139679.13,-42.48,354718376.06,-12.6347814574,271110889.11,6017153.78,20072895.98,-12268631.1,305161630.24,47322074.86,46393228.47,2025-10-27
3935,301391,卡莱特,11702533.35,-89.35,425824763.37,-24.9880287222,238540731.21,96992022.92,33965179.86,-48717.0,474770930.42,5978551.13,3784793.9,2025-10-27
3936,301362,民爆光电,187100531.48,0.48,1230923667.58,8.0962885548,849011814.07,66870704.16,47607734.97,-18600655.47,1042072767.46,207658193.11,204009914.13,2025-10-27
3937,301349,信德新材,-21013924.17,-140.38,565458812.48,-19.3980464354,547632978.52,2548124.36,36316289.36,2025016.93,608015943.41,-17259720.22,-19990826.76,2025-10-27
3938,301348,蓝箭电子,94209.59,-99.81,505042975.27,-4.6369974254,470396586.22,7121582.87,18348153.1,-11774036.18,507530179.06,-2968453.11,-2908515.01,2025-10-27
3939,301323,新莱福,106846757.8,1.98,652529212.83,15.7549882215,408541980.53,29540625.54,57351686.85,-22638514.27,532509016.87,119681650.59,119461200.45,2025-10-27
3940,301321,翰博高新,-99092324.96,-229.47,1682679304.35,4.9532803849,1503154053.74,13218274.31,117008171.72,41456386.27,1783012049.23,-133640429.15,-132167926.63,2025-10-27
3941,301317,鑫磊股份,35689862.14,-0.67,660123891.28,55.2333045431,504232004.91,40385824.84,34010819.01,-7165267.24,621444149.78,34476486.54,33174801.79,2025-10-27
3942,301288,*ST清研,-13010479.09,-202.18,52311443.5,-46.5979093852,27590408.36,9274398.21,20270867.68,-6772200.97,59402208.13,-11698052.46,-13951957.65,2025-10-27
3943,301287,康力源,42822703.35,-50.57,471480233.52,6.5479781835,316253884.41,76507676.37,17410857.84,-10480000.67,417347585.29,55258876.3,53905225.32,2025-10-27
3944,301283,聚胶股份,66998386.75,-15.65,1447646729.79,24.3632562223,1261967703.66,39565905.14,43809669.03,-7493186.65,1375619275.4,72062194.95,72142787.48,2025-10-27
3945,301280,珠城科技,135087631.7,25.73,1136261977.53,26.6203006595,856428113.57,28735512.0,41135047.35,-16188602.77,963286101.05,170585034.48,170140020.84,2025-10-27
3946,301265,华新环保,40483783.63,-50.5,444769137.92,-17.3905228983,351308723.92,3256032.21,37529433.42,-2660525.59,405911581.01,39601203.74,39718001.84,2025-10-27
3947,301248,杰创智能,-58448012.92,-3239.22,458279341.87,-24.242135228,391554142.32,26658538.81,52930576.77,-5168961.34,516534303.11,-62973625.8,-63151249.24,2025-10-27
3948,301231,荣信文化,-24982366.66,-403.6,197217845.6,-4.5678559138,123542844.08,65954610.66,23862633.47,-2947126.45,212417126.84,-29851582.7,-30342175.84,2025-10-27
3949,301226,祥明智能,20339530.45,-50.45,377181244.89,-18.6124923562,305910090.71,8167730.43,31824099.01,-1831519.05,365782982.48,20692928.83,21210210.01,2025-10-27
3950,301217,铜冠铜箔,-100370331.46,-1817.14,3218047067.97,15.8940336463,3229962774.12,5061532.31,17404855.27,12570621.14,3322768318.06,-135809339.3,-137078190.52,2025-10-27
3951,301206,三元生物,81007173.94,94.39,514923140.19,46.6212808469,461905205.46,4612233.07,14802242.4,-6539200.68,512885968.89,85493929.39,85743382.31,2025-10-27
3952,301150,中一科技,-68471997.89,-373.96,3512815460.58,42.0632444335,3399606987.12,8723178.64,40485894.58,21675164.81,3606570693.46,-76476611.04,-76497948.18,2025-10-27
3953,301123,奕东电子,17032972.12,52.59,1229400011.82,13.1281587454,1039804095.94,23139984.76,91607683.38,-16013224.88,1228783042.32,5218318.84,4718792.72,2025-10-27
3954,301121,紫建电子,53961502.03,1463.55,814139659.81,24.1809920975,582486426.75,28007926.99,44476874.75,1747541.51,745189507.78,50175497.65,47864248.09,2025-10-27
3955,301110,青木科技,72233100.49,169.76,807959235.52,23.5201075382,395283556.03,207248200.8,112996114.32,-4065585.99,749406442.15,86327939.28,86295872.78,2025-10-27
3956,301106,骏成科技,78118008.23,34.95,602796994.16,45.5686158721,454875617.71,17207647.11,21277041.69,-11858230.51,512930599.84,88509971.77,88674718.6,2025-10-27
3957,301101,明月镜片,137007833.3,11.91,583282748.51,3.6118626682,237410140.62,110413909.02,64655835.53,209800.95,442542952.4,168143725.89,168712396.85,2025-10-27
3958,301097,天益医疗,6342584.65,-89.61,311778533.86,13.2628640252,202962437.5,11077896.04,57978609.62,-170381.66,314441721.66,4894074.52,4924471.01,2025-10-27
3959,301090,华润材料,-253078098.7,-156.98,13681123033.72,0.0994406512,13744547779.93,37766580.34,165318387.92,-54252132.28,13960218490.65,-238375197.36,-237270520.44,2025-10-27
3960,301083,百胜智能,26258989.8,-19.06,278365367.71,0.5623285206,214308269.0,13236107.06,16036545.26,-3136358.59,256675517.06,28236321.14,28654762.89,2025-10-27
3961,301030,仕净科技,143864531.6,-13.5,3214746894.6,46.9837802132,2608366281.09,34922491.67,158664232.62,71357889.05,3036687177.31,131416908.64,130835626.99,2025-10-27
3962,301024,霍普股份,-58758811.64,-144.44,79229542.22,-42.9120878829,71596838.51,12637777.27,29384481.91,1810511.39,126763356.71,-54312997.92,-57801839.09,2025-10-27
3963,300997,欢乐家,83761598.15,-52.34,1339977484.77,2.6077316901,881444796.81,226068862.34,97982228.16,1175460.97,1224094894.37,115045476.55,113115083.22,2025-10-27
3964,300991,创益通,-4262154.39,56.267876012481,466408088.71,26.5176087964,359532808.23,6976906.61,50005322.52,12475969.75,468009694.96,-5465150.7,-5222193.83,2025-10-27
3965,300988,津荣天宇,60838378.87,-7.15,1353096682.93,21.0771512476,1068814390.25,20021304.95,77341009.82,9218676.32,1243282887.32,71074274.47,70188750.48,2025-10-27
3966,300926,博俊科技,367681498.31,102.47,2862217914.96,68.3024888767,2106507843.81,7501513.56,98348420.7,48660625.16,2372400954.06,438716523.74,437974002.54,2025-10-27
3967,300923,研奥股份,18805505.69,-10.27,280254773.64,4.3782723782,210229050.23,10113195.83,23032503.2,-662525.31,261600982.66,20490294.54,20531331.19,2025-10-27
3968,300904,威力传动,16009818.33,-35.42,327305135.98,-21.316153842,278296806.82,8840818.79,38696982.14,7176315.59,373462256.71,13048979.02,13306269.13,2025-10-27
3969,300900,广联航空,51302832.17,-46.52,662903795.7,21.6468997984,394809200.45,7905805.89,89159316.45,55667217.66,599800709.01,53707777.75,52733757.24,2025-10-27
3970,300875,捷强装备,-9419391.96,45.55,156206480.29,-23.4171560839,93255890.44,25056477.89,39334814.46,-834241.36,181977638.06,-8934856.8,-9242113.02,2025-10-27
3971,300863,卡倍亿,130959825.26,3.51,2568760342.73,2.9938566347,2233398046.65,13630553.8,50627383.04,43914672.24,2425724195.37,144191907.38,146216100.52,2025-10-27
3972,300862,蓝盾光电,-6362877.03,-133.21,346075562.4,-18.4350265621,259600378.32,34254040.54,32553770.74,-6533586.78,351392080.09,-7269241.62,-7643785.46,2025-10-27
3973,300852,四会富仕,122774128.82,-21.81,1038037016.93,6.9023020262,781641771.5,23835371.51,34850897.62,10655394.6,898892449.6,140839219.95,138605115.75,2025-10-27
3974,300835,龙磁科技,99415761.1,52.4,841238372.24,7.9501074224,583266860.97,36644307.04,61976704.41,12547696.64,751124647.08,106904740.9,106375021.88,2025-10-27
3975,300822,贝仕达克,59653584.38,54.4,650776474.84,-6.9103160298,485949733.26,24562440.69,52054860.18,-1132078.41,601582664.94,51721444.97,51762434.43,2025-10-27
3976,300813,泰林生物,11314672.2,-46.91,242467278.88,19.3728539482,129113975.74,28890582.94,22817792.06,3361208.48,236221850.45,12850755.64,12595272.15,2025-10-27
3977,300810,中科海讯,-91873979.77,-103.26,145634721.38,3.3840949752,89189750.66,4598499.44,31334338.95,1913263.29,144455604.9,-107717733.35,-107721419.53,2025-10-27
3978,300806,斯迪克,53770759.73,-36.24,2006681224.55,33.1264098253,1539781038.12,61818298.78,124669153.84,85010829.27,2011509281.19,23467924.61,23301200.73,2025-10-27
3979,300747,锐科激光,120007774.64,-30.33,2349025506.46,-9.0599077697,1813735947.92,48041417.27,67898710.5,-475017.65,2198717066.22,124573398.66,125208465.56,2025-10-27
3980,300743,天地数码,74088420.78,85.49,555073156.93,19.8678966352,361194064.55,46216571.73,30791422.4,7664332.77,467571379.58,86246575.75,86167997.04,2025-10-27
3981,300733,西菱动力,37149108.35,417.61,1179509245.39,13.1584053542,1001721531.17,12161216.52,43623434.05,10684553.25,1118777228.16,54577861.76,54096073.77,2025-10-27
3982,300710,万隆光电,13269856.86,276.75,262958759.6,3.9870048339,185577577.91,7601760.1,27938296.57,2820825.38,242841370.91,20484520.21,21112746.81,2025-10-27
3983,300696,爱乐达,-18639640.53,-118.28,199052221.48,-29.1148902277,189896701.77,2817690.41,14885614.01,-8739292.75,226612547.5,-18382527.7,-18420790.7,2025-10-27
3984,300691,联合光电,35763278.86,-27.27,1328680030.27,5.9170063182,1012371723.35,26890121.8,101551860.21,-2776215.19,1311228367.31,23540956.32,21745022.19,2025-10-27
3985,300667,必创科技,-3764184.76,-124.61,518627788.64,-8.2196918695,345447562.42,61336093.9,53933397.9,550014.49,526929223.8,-817251.47,-1557061.73,2025-10-27
3986,300640,德艺文创,11290293.47,-49.01,665066307.49,21.1611431413,552987695.09,48615398.28,25568466.45,-439217.3,645425210.57,11877885.18,12602932.65,2025-10-27
3987,300631,久吾高科,20299748.99,75.91,300613690.12,-37.8514118011,197755360.42,31445478.22,43464922.57,417713.83,314896462.65,17241649.27,16891458.46,2025-10-27
3988,300628,亿联网络,2064633892.69,27.91,4109744219.82,27.4865586438,1405128682.05,186675168.81,90412778.29,-26641384.91,2008821134.96,2260697963.35,2261450243.01,2025-10-27
3989,300617,安靠智电,135992867.48,-15.52,669025284.92,-1.5118189316,396394309.24,34474001.35,37089758.13,1131091.33,516387167.76,160078697.76,159884743.28,2025-10-27
3990,300612,宣亚国际,-22436452.26,-805.83,428843553.73,-34.4301126748,336134989.82,58338869.4,31443263.89,3280774.94,434990614.42,-17956788.33,-19055580.69,2025-10-27
3991,300591,万里马,-65170461.8,-1124.03,433695008.93,0.8404375106,389630835.79,49593513.3,29540924.5,9506710.13,505529694.86,-66495685.59,-67304045.31,2025-10-27
3992,300568,星源材质,349373039.38,-47.66,2605329841.96,17.8590540631,1817935073.99,24348279.92,203670053.39,53664032.69,2298491170.37,400832803.17,401767660.23,2025-10-27
3993,300540,蜀道装备,23186290.82,67.17,496695139.84,43.1488052685,375749853.35,4621481.52,61703638.94,-4140872.91,464283851.59,26200709.81,22298914.36,2025-10-27
3994,300538,同益股份,6255069.98,-71.45,2282165634.13,1.2057642489,2156063512.33,33592940.81,49515166.92,12910314.16,2269162219.11,11805473.4,11959959.16,2025-10-27
3995,300535,达威股份,30179650.33,-9.78,539573189.3,4.2635073294,348468423.92,43413020.79,53735638.47,6327551.8,492458662.33,19384983.84,19995760.78,2025-10-27
3996,300486,东杰智能,-76996212.54,-997.86,552168361.53,-3.0084399875,491884040.83,19562175.44,63978732.95,20044174.22,630265504.82,-79347761.27,-77419096.86,2025-10-27
3997,300482,万孚生物,435935866.11,9.04,2181361474.64,8.8274206178,797669919.04,472005966.72,153220061.93,14400140.44,1715728355.95,498107917.74,492835920.6,2025-10-27
3998,300468,四方精创,52522316.35,-16.02,530014466.94,2.3845272966,355123394.69,11688407.44,69873075.43,-17709277.78,469486615.54,57279246.24,57605016.49,2025-10-27
3999,300459,汤姆猫,83512594.72,-58.33,868484360.77,-15.5040700653,91797642.09,241148530.18,177233314.45,88631406.21,741972999.61,127559148.6,129676860.29,2025-10-27
4000,300416,苏试试验,146389420.78,-33.56,1406012492.86,-7.8814882916,787219636.11,108733042.07,180745692.08,24898063.63,1224313964.37,185066673.97,184989032.62,2025-10-27
4001,300391,*ST长药,-180970726.99,-56.21,101004271.66,-90.1157179312,96028186.66,13041596.22,52775025.94,63064422.22,230247560.76,-276629071.48,-280098649.53,2025-10-27
4002,300388,节能国祯,258299173.02,2.21,2729566570.54,-1.7507556498,1928743471.06,50850925.79,123099245.66,171416294.49,2313911632.19,348197257.41,347195614.43,2025-10-27
4003,300387,富邦科技,91954245.54,49.75,930830162.71,24.0370905055,655325197.68,37269234.67,71698688.38,5790380.17,814092871.81,117145405.78,117275199.43,2025-10-27
4004,300341,麦克奥迪,122278244.68,2.21,996169384.9,-3.135881853,576377120.28,94460890.18,132322667.58,-19871259.68,848493055.33,145768698.71,147006656.29,2025-10-27
4005,300338,ST开元,-36107536.31,-10.08,139839060.91,-52.2099092534,53453664.2,54552463.59,57217933.91,8037150.08,186313219.77,-35956441.73,-39126696.81,2025-10-27
4006,300283,温州宏丰,-12535513.07,-126.88,2209594759.64,0.3127569886,1997004411.5,11811202.19,87218170.66,65395595.6,2237020562.52,-25221473.94,-27153013.1,2025-10-27
4007,300279,和晶科技,52879435.38,28.13,1567095348.6,4.881961671,1299731211.84,22813870.94,63441788.29,17463552.09,1483172727.5,73957000.1,73656975.01,2025-10-27
4008,300269,联建光电,-6890154.75,-116.06,469595165.8,-36.0069572145,336778261.65,69918224.29,27973284.73,5044078.98,468866285.07,-9664135.71,-7127431.4,2025-10-27
4009,300247,融捷健康,36436656.27,41.84,475799143.25,27.1606811259,329079603.45,39532241.97,48035007.49,-8054209.21,421217244.54,65646506.91,65863402.65,2025-10-27
4010,300245,天玑科技,-14408048.57,65.33,226462435.45,1.1933713092,167647894.99,28863346.09,58047907.65,-2942765.52,278192976.42,-16563492.64,-16624874.09,2025-10-27
4011,300233,金城医药,151053816.96,14.02,2515318391.16,-2.0801643181,1505877666.08,389547908.92,284393309.03,1558021.75,2333206417.21,195266352.27,196941619.51,2025-10-27
4012,300224,正海磁材,189231119.08,-48.53,3809718285.94,-17.6653022121,3194467214.83,41620172.23,82953134.03,40617347.2,3615478876.86,210029721.87,208410002.99,2025-10-27
4013,300192,科德教育,106239432.17,6.71,578458818.9,3.1481561763,376474636.86,20618551.14,38084125.46,636176.6,450913111.67,126365137.85,126491232.77,2025-10-27
4014,300182,捷成股份,362024132.17,-16.21,2113237583.54,5.2657003996,1486123287.04,53921047.3,109264096.86,43397533.04,1729671695.55,359712739.16,356515231.55,2025-10-27
4015,300180,华峰超纤,123801506.95,593.46,3479662941.12,4.9839913275,2900048100.06,62891090.38,172909201.53,36751532.03,3369733186.74,124428386.01,125007131.11,2025-10-27
4016,300170,汉得信息,135791908.11,238.03,2352648180.71,4.4989759729,1581203898.17,178630677.5,242263125.17,-19884389.42,2200806540.32,134512527.58,135340620.61,2025-10-27
4017,300163,先锋新材,-5533473.69,-71.85,190319387.09,0.4236346892,160358153.69,3978716.94,24629146.67,-2510563.27,197744428.37,-7444356.07,-5223402.79,2025-10-27
4018,300100,双林股份,366452692.36,274.0,3236440976.78,12.2460687976,2606382384.32,26787777.09,207432371.75,21015656.41,3011893899.42,386020460.19,386534911.6,2025-10-27
4019,300096,ST易联众,-67993078.91,-153.1,335235123.2,-29.7174843228,179738583.07,56894481.96,130185181.98,-641743.67,411934663.7,-79321717.51,-80017441.69,2025-10-27
4020,300091,*ST金灵,-140394102.85,-34.65,1051815455.62,1.1699333531,900176451.66,60783568.19,128761609.8,57604699.75,1216922101.39,-169501063.82,-171920898.04,2025-10-27
4021,300086,康芝药业,-122730788.69,-500.08,363813064.07,-19.4602345056,169332084.33,209495211.71,96524579.43,14914879.84,522876726.08,-140561696.09,-141911509.13,2025-10-27
4022,300083,创世纪,201628183.32,24.35,3275701938.01,17.5850717479,2565071092.81,131145284.11,148358610.25,32495982.95,2978488273.71,317179885.94,316058901.69,2025-10-27
4023,300082,奥克股份,-133519799.23,31.07,3009996964.65,0.6907906261,2961066504.53,14627906.0,113539686.46,26811244.67,3162826694.58,-146081613.56,-147562909.31,2025-10-27
4024,300072,海新能科,-633321329.46,-107.84,1838612058.45,-65.5467460508,1852566341.86,54170927.13,185796429.71,100059984.53,2293376749.61,-632020892.25,-692217814.88,2025-10-27
4025,300071,福石控股,-29892753.04,-80.28,1045277814.96,8.8446723696,788580621.14,162461262.48,121020696.47,5670385.98,1085669881.39,-44295539.63,-38301832.35,2025-10-27
4026,300057,万顺新材,-36204033.42,-337.4,4747946661.2,23.1931429457,4505014627.76,41732285.52,116792486.16,65644347.95,4809154348.98,-53830859.61,-51810767.85,2025-10-27
4027,300044,ST赛为,-17565020.25,-201.43,162747995.03,-50.0988673732,105096006.25,10284490.96,32992661.63,18359240.41,198377682.59,-19283534.02,-19874629.49,2025-10-27
4028,300024,机器人,-99721015.19,-25.32,2430793337.03,0.7509978637,2080760330.75,90820232.32,226202081.42,29706250.44,2580448733.4,-123344024.51,-123663370.86,2025-10-27
4029,300022,吉峰科技,-24079319.64,-530.33,2149660078.11,4.0732056881,1885577411.89,146818014.53,86009393.55,9804951.4,2140468993.1,12627488.64,12639838.22,2025-10-27
4030,300017,网宿科技,429057655.55,0.79,3609798538.24,2.6361977481,2510581602.26,276500832.76,206597263.08,-72056310.66,3267677433.33,482788911.26,485329024.74,2025-10-27
4031,300012,华测检测,746699599.55,0.79,4395998421.67,7.706596052,2159503317.28,725082824.35,245931035.83,13450763.6,3557258178.98,836331484.1,834144042.05,2025-10-27
4032,300010,豆神教育,110873000.71,209.82,557021461.0,-12.9294371994,304200935.27,116042253.94,89459533.01,-36214220.87,492030012.37,129914712.01,129680488.98,2025-10-27
4033,003039,顺控发展,204601198.41,11.12,1334313710.31,24.3136112138,743537899.43,33647031.57,103255301.99,36169949.12,959789913.59,375450928.16,377314205.98,2025-10-27
4034,003038,鑫铂股份,136052090.47,-35.65,6185506694.76,31.234278844,5724745378.35,20737668.27,105757056.35,76571717.94,6187207606.93,87674156.0,118547139.97,2025-10-27
4035,002998,优彩资源,97004213.34,-12.71,1614066205.07,-13.9536679542,1430373908.45,13801609.62,24288743.48,1470783.79,1541004970.78,102419843.77,102065153.8,2025-10-27
4036,002997,瑞鹄模具,252574900.9,63.66,1725949365.37,32.9934048659,1306804797.19,18073677.88,89039296.22,-5707644.89,1508129394.62,310642614.23,316224382.44,2025-10-27
4037,002985,北摩高科,83252743.69,-76.1,483199031.4,-38.2428935265,205172154.89,26001370.68,51334011.63,6543618.65,360184421.58,114893130.26,117605974.11,2025-10-27
4038,002972,科安达,68827170.73,34.98,200349517.18,19.4123134371,69828134.24,19166081.45,22450609.19,2137060.78,144816171.11,76791368.69,76709043.56,2025-10-27
4039,002971,和远气体,58797670.21,-3.82,1192409561.58,7.5678028255,968013665.63,36380652.79,55311429.08,43750540.28,1145513891.96,67417296.54,67975939.63,2025-10-27
4040,002969,嘉美包装,74243533.85,26.11,2079508874.68,-5.8053044903,1806637097.62,17144286.26,104637193.16,38026350.81,1991102819.55,102960110.31,97981594.65,2025-10-27
4041,002951,金时科技,-45856178.68,-103.31,61918818.82,86.7753935005,50350256.44,9513416.36,41839203.29,-10802957.7,108278321.32,-35615900.68,-56193724.25,2025-10-27
4042,002943,宇晶股份,31824990.3,-65.73,944296945.91,3.0984226727,722294646.9,38502574.32,59383264.86,17964141.7,899284267.44,30817140.19,29912397.28,2025-10-27
4043,002941,新疆交建,181358946.11,-15.6,4152588871.49,-23.5257541,3610373610.26,7767005.21,169907587.88,41350974.02,3907398692.22,257361276.57,245979432.69,2025-10-27
4044,002909,集泰股份,14430642.94,-14.52,944454026.84,-5.6405522725,704081820.26,91431898.22,54637239.65,20675901.91,922484091.1,14316539.98,14061440.71,2025-10-27
4045,002903,宇环数控,13356002.75,-64.87,322801198.08,7.6249149918,197294844.43,39969634.64,48082614.07,-611799.41,319067498.37,10773863.19,11035044.17,2025-10-27
4046,002879,长缆科技,55618562.89,69.08,779764326.77,11.1323983307,460664467.87,123145618.45,87906191.95,-3121869.18,736218679.42,63395504.98,63219194.43,2025-10-27
4047,002876,三利谱,64739027.18,10.88,1873332523.05,21.72435609,1574724982.9,12326734.55,61978333.04,24827342.82,1804021802.62,71901215.79,64859570.92,2025-10-27
4048,002848,*ST高斯,-69233153.4,-217.66,132168334.24,-41.3734610317,127863015.63,12258857.67,22790077.46,6488405.09,185788012.47,-69235922.11,-69465323.57,2025-10-27
4049,002828,贝肯能源,24337852.57,-30.57,605315229.8,-9.861304649,472311147.28,5801278.75,60352133.07,13541386.01,572251064.11,30397559.68,29540123.13,2025-10-27
4050,002802,洪汇新材,44198134.25,16.41,343209622.21,27.2733414812,241468051.68,7395596.21,29101003.0,-1009249.33,298626995.65,50733194.54,50635953.16,2025-10-27
4051,002788,鹭燕医药,257346811.41,-1.77,15413532406.63,4.320550882,14281433662.95,341694741.81,234673637.54,155391497.42,15050903211.4,337192816.91,333804424.32,2025-10-27
4052,002782,可立克,152332832.34,11.86,3287344008.96,-4.9433527241,2844309089.4,40109222.9,128216344.39,1038407.07,3126974804.24,172969785.72,173084690.91,2025-10-27
4053,002777,久远银海,17002587.78,-83.53,668146681.12,-16.8355086324,413435664.91,88644540.25,77424421.75,-2692591.35,660994849.28,15408673.9,14960823.66,2025-10-27
4054,002762,*ST金比,-9952506.66,-339.92,138571489.45,-7.6325011306,67544199.0,34963305.02,28325998.45,-263435.58,141239906.38,-9152012.74,-10273419.74,2025-10-27
4055,002760,凤形股份,14283092.79,180.41,436446300.36,-16.0586452852,358715987.69,26281621.17,40764898.56,-1754343.69,447081026.13,14281374.47,14205121.11,2025-10-27
4056,002733,雄韬股份,118735382.16,-32.2,2626434228.58,-11.8566588386,2123548771.85,61502214.28,119478662.28,20324052.61,2429438815.92,165768015.27,163703378.84,2025-10-27
4057,002719,麦趣尔,-86969566.9,-36.85,476441743.89,-11.3414679184,402137365.75,81939824.8,49063894.1,5265036.49,546533901.97,-85695387.25,-85668560.29,2025-10-27
4058,002691,冀凯股份,-13582716.67,43.67,192934247.13,-11.2389873896,143981539.43,21945630.71,46822922.69,1349694.52,232287705.78,-4446095.75,-4568108.73,2025-10-27
4059,002670,国盛证券,83118636.59,74.4,1263853475.89,-7.77,0.0,,966211872.81,73046779.11,1448754045.59,113162265.56,113465650.61,2025-10-27
4060,002667,威领股份,-112828816.61,-52.15,461882081.69,-55.4773708113,429404263.41,2001028.19,102612875.44,18654203.94,579410886.25,-182376452.27,-182758998.42,2025-10-27
4061,002646,天佑德酒,57448351.92,-45.8,986894326.04,4.8890187398,401101728.45,229611278.96,130225731.57,-2329505.02,916795745.75,83036722.16,81375323.47,2025-10-27
4062,002628,成都路桥,-20707105.51,-235.74,536364413.81,-37.2599755517,521185139.51,,62082074.28,69569528.81,658346489.92,-21324126.57,-20294880.12,2025-10-27
4063,002623,亚玛顿,-26632643.02,-131.5,2447138253.69,-9.2737448402,2327298635.63,5393557.55,45508035.55,16291351.39,2485520919.96,-21969804.38,-21283902.54,2025-10-27
4064,002590,万安科技,144500506.27,-27.51,3037079744.87,10.2577339654,2546509455.65,73525675.72,130641252.47,6204730.94,2894832047.53,152279193.29,152310878.71,2025-10-27
4065,002585,双星新材,-227699334.34,-597.52,4333407441.24,10.7039581071,4331110787.64,14932731.79,108317469.64,17477146.2,4670211570.16,-288193197.52,-288127001.37,2025-10-27
4066,002569,*ST步森,-12918882.19,59.56,101691679.17,2.683494256,66953626.22,21890580.33,16580784.8,628526.23,107674443.85,-12433937.74,-14273856.7,2025-10-27
4067,002566,益盛药业,35864778.97,-38.66,505560683.83,-22.3586644179,127426515.18,250447895.37,79161265.71,4351479.19,487965647.77,40242682.82,38379347.03,2025-10-27
4068,002541,鸿路钢构,655499132.7,-26.29,15887282312.52,-6.3704935494,14269530200.58,89736097.45,219685215.37,244263194.77,15496324354.89,730836933.21,731841560.71,2025-10-27
4069,002538,司尔特,250031636.36,98.48,3063601584.86,0.9439922971,2436821299.81,48683276.97,139364418.83,-17642057.15,2762220951.51,318664037.2,313586851.36,2025-10-27
4070,002518,科士达,356859177.77,-48.41,2911742727.22,-28.4297750249,2008483438.3,218339138.94,91649380.04,-61446935.18,2489434269.82,403876165.99,403688435.12,2025-10-27
4071,002494,华斯股份,2769451.44,168.95,344202553.89,42.0793448391,253956465.09,38535378.77,27515758.07,4776393.81,344248256.08,4236984.86,4009163.51,2025-10-27
4072,002480,新筑股份,-254555303.89,-20.22,1676714540.5,38.6033179009,1228383331.46,36724490.06,146271094.83,251154103.97,1734490345.77,-189391999.84,-182460472.64,2025-10-27
4073,002469,三维化学,145950068.88,-26.44,1693272147.93,-15.0146346858,1358909111.27,16502678.6,97601272.87,-4230516.6,1554672915.64,170917581.89,171185083.92,2025-10-27
4074,002462,嘉事堂,230974246.88,-2.49,18490033063.83,-15.1352839566,17327145599.21,396772451.73,211701391.2,89670694.82,18065450650.91,534661196.01,530678726.15,2025-10-27
4075,002451,摩恩电气,11750542.72,22.31,966721989.9,18.0987068246,879543872.4,15111402.91,21588791.85,15439182.23,960315562.61,8040583.63,10623982.65,2025-10-27
4076,002449,国星光电,66710559.49,-17.67,2688255834.65,1.3814832843,2373092420.31,38946830.78,104663971.47,-15545942.53,2657594053.66,53630770.74,64809218.22,2025-10-27
4077,002438,江苏神通,227831866.18,13.03,1633888376.52,5.8691376937,1108158490.9,78748217.89,87205012.81,18808791.68,1383265715.04,248591326.15,247896029.76,2025-10-27
4078,002404,嘉欣丝绸,151864857.93,-9.76,3609138467.22,10.8626215279,3159420817.01,97350281.38,113219592.13,-11498943.08,3425288947.9,204415377.97,204351797.1,2025-10-27
4079,002386,天原股份,-97141927.03,-476.53,9974756461.02,-35.9954340284,9608267388.62,52329952.31,352015003.33,94339425.01,10223101762.02,-89146531.02,-99966610.18,2025-10-27
4080,002374,中锐股份,-82668285.28,-102.92,459308016.69,-4.1867075824,386054677.61,27751436.13,58420645.82,5160264.15,485542390.74,-85700091.94,-88144533.11,2025-10-27
4081,002338,奥普光电,45397028.88,-42.38,522490035.07,1.4054985553,331961947.42,14342145.75,61471212.22,4804286.57,471678608.56,86208911.69,86250512.5,2025-10-27
4082,002319,乐通股份,-23202845.78,-1169.74,315672646.74,7.0104662611,263990504.81,7569576.72,35433418.94,11042901.22,336053673.83,-22861500.34,-23169798.26,2025-10-27
4083,002313,日海智能,-79421263.31,54.5,2312791813.54,11.9913463574,1891253182.67,77191046.6,141787398.04,77218008.71,2390134705.67,-42753930.25,-77123153.48,2025-10-27
4084,002307,北新路桥,5020588.41,-76.9,5435164852.67,-13.1972860306,4369329123.2,6910116.39,331952885.46,680871984.84,5416859725.52,11853122.63,13946212.9,2025-10-27
4085,002283,天润工业,268956913.26,-13.47,2766215139.86,-6.1353070561,2155791475.04,21137295.17,141571627.44,-19574332.5,2498476671.6,295157297.49,293824671.53,2025-10-27
4086,002270,华明装备,493804631.22,7.52,1698633531.66,16.7758359803,851268814.27,129463896.6,92689200.69,-3022803.21,1141603284.55,568765952.25,593182409.33,2025-10-27
4087,002256,兆新股份,-89190002.83,44.28,239604975.34,-1.2982344312,167814909.63,11481909.05,51912682.46,19954203.11,260698852.06,-85519633.3,-75188203.87,2025-10-27
4088,002225,濮耐股份,122902858.16,-40.81,4002631631.15,-1.1925583423,3256944466.37,188314662.3,210799589.73,58111687.24,3897456648.58,132643166.92,136498819.02,2025-10-27
4089,002219,新里程,56716413.08,57.98,2945297925.57,6.9273544444,2099693883.74,192215915.77,434485004.47,95064050.97,2845163279.9,83693091.17,73457466.9,2025-10-27
4090,002163,海南发展,-232882421.53,-258.18,2780558809.88,-3.0044141421,2588524922.24,36500911.22,147295317.02,12561025.31,2885516819.78,-282673647.91,-282616509.88,2025-10-27
4091,002114,罗平锌电,-70417219.31,38.35,983014771.49,-14.5390078205,892572963.96,4003269.86,57642263.3,21910436.84,990814934.24,24922607.14,-64459529.15,2025-10-27
4092,002060,广东建工,644404606.74,-32.06,41209088008.68,-19.3940692956,37017288054.13,4345300.42,1407685005.96,547072229.38,40297578560.04,914785628.63,893769219.84,2025-10-27
4093,002057,中钢天源,157275798.0,-36.14,1959192962.44,-5.4269560645,1519820668.52,49717545.48,106790181.95,-3884527.69,1784014720.52,206206278.31,205541571.16,2025-10-27
4094,002056,横店东磁,926320805.7,-43.89,13581468385.01,-13.8478631119,11515096221.29,174144339.14,446001111.29,-164714360.27,12619251152.26,1012638485.28,1013878665.14,2025-10-27
4095,002038,双鹭药业,-16735581.13,-105.27,540562431.05,-30.3963636573,170782084.55,91222553.23,101968231.45,-6025073.47,461951501.39,-32315344.24,-37166807.13,2025-10-27
4096,002023,海特高新,61897284.87,85.85,911331004.08,24.6511771596,600580217.23,14547197.43,123544869.98,69943602.56,851012110.11,76293137.63,76594542.07,2025-10-27
4097,001965,招商公路,4160475750.39,-4.63,9076817183.98,38.0430628797,5631253569.18,59506908.13,439889178.77,1316669470.11,7612590134.85,5047966809.52,5090454045.52,2025-10-27
4098,001395,亚联机械,125757292.21,92.52,617541098.95,43.7707993279,424216639.73,7376116.69,26154318.93,-970763.37,492604195.65,138102226.17,141853445.98,2025-10-27
4099,001390,古麒绒材,137263893.58,58.444793586666,760684419.75,26.8023141521,569135053.56,1032744.99,12713057.59,10770552.77,621391159.19,137349125.37,137263893.58,2025-10-27
4100,001359,平安电工,163723463.0,32.17,776845802.2,14.7512416523,496809401.69,20191002.5,44471191.46,-86300.01,601665886.33,190235806.84,189074409.56,2025-10-27
4101,001338,永顺泰,219728140.7,75.47,3312088895.04,-11.7858755562,2934119200.15,9696643.05,98343268.66,21533308.89,3092891323.99,223305041.54,223487717.72,2025-10-27
4102,001333,光华股份,95802003.21,4.45,1252696556.85,12.944011992,1073376988.28,10695235.56,25096980.12,-5509632.89,1150938866.3,103187366.67,103075879.63,2025-10-27
4103,001332,锡装股份,207799568.93,61.69,1171941832.26,49.446964507,798747727.89,14694744.25,56668952.37,-18270166.85,900500539.61,246443059.65,244470081.1,2025-10-27
4104,001277,速达股份,112263076.69,14.63,846657269.28,0.2631830073,635050144.98,21871133.55,33991817.47,1125546.18,714152195.09,141677814.83,139771653.79,2025-10-27
4105,001258,立新能源,129563362.15,-34.68,813495792.58,1.8390501963,360056219.73,0.0,22305437.87,144388415.38,540951030.84,156282742.74,155195897.96,2025-10-27
4106,001234,泰慕士,65021577.19,22.89,665159879.9,10.3012448764,528870928.47,3478634.75,38382713.17,-224174.03,605662060.7,71504207.28,71374277.77,2025-10-27
4107,001217,华尔泰,80271943.02,-19.51,1207151094.81,-8.1562271324,1035049590.03,5514570.68,44403648.27,-1102410.04,1129143690.61,87323142.38,89625047.39,2025-10-27
4108,001216,华瓷股份,168505185.03,13.45,982415096.24,9.335525116,648999862.33,57537546.38,52633635.21,-5235378.14,814731688.35,194617716.32,194195753.16,2025-10-27
4109,001206,依依股份,150931677.71,72.72,1315617523.62,33.4339174617,1058200180.64,21040561.07,34904480.32,-2551242.11,1136716346.26,200593050.85,199847526.17,2025-10-27
4110,000960,锡业股份,1283405204.11,17.18,29212892756.01,-13.2065964868,25815815518.32,50271839.58,728513244.47,263228222.49,27479521605.24,1873193422.02,1626092409.03,2025-10-27
4111,000952,广济药业,-158575596.68,-136.76,462193617.06,-11.5409061763,355863712.34,28388827.8,150503843.52,38907966.77,628443566.8,-170517779.03,-170999370.4,2025-10-27
4112,000913,钱江摩托,466822764.16,13.82,4923760605.7,20.1406563246,3591973710.48,171968678.53,192464323.52,-107717915.87,4412247708.96,492090681.59,497166914.97,2025-10-27
4113,000912,泸天化,86072889.77,-47.04,4114161200.98,-21.1875728613,3594627097.76,47237988.17,407834244.25,-32967092.01,4078507940.27,66220391.06,107257903.57,2025-10-27
4114,000902,新洋丰,1112777338.47,12.37,12366966289.94,4.0521392813,10375881424.7,356519970.07,148833096.28,26445419.84,11057729185.3,1360961316.6,1360073673.4,2025-10-27
4115,000815,美利云,-9940847.93,38.65,732147073.32,-4.8253595947,646225542.9,7105264.96,44136426.57,9166483.9,731731086.9,2454218.68,-335630.6,2025-10-27
4116,000809,和展能源,-78430367.57,6.39,85006098.19,447.6129199602,80569679.43,430463.56,49053976.59,38195703.85,175111496.33,-93008311.58,-93008561.14,2025-10-27
4117,000766,通化金马,23923749.83,53.84,968589176.59,-7.2447665511,238383760.4,525253917.92,88191843.06,57359240.02,944525450.04,26092510.43,25796106.39,2025-10-27
4118,000668,*ST荣控,-34330080.52,-4.67,38738035.51,-4.344702237,39389172.26,2811731.59,27193438.24,11880540.2,84250857.6,-33009960.17,-34031230.5,2025-10-27
4119,000657,中钨高新,715206796.11,-34.66,11248704161.25,7.1284078444,8887171691.46,323394585.14,519106748.9,69821323.78,10445913608.66,862547511.86,879416917.05,2025-10-27
4120,000635,英力特,-257915905.72,45.89,1375988786.01,11.3645120147,1513412138.87,2729398.48,56944381.17,7914772.56,1597092601.75,-249552105.91,-246865936.82,2025-10-27
4121,000629,钒钛股份,183231688.14,-78.92,10473638780.51,-6.1193142067,9752154171.39,88633709.69,122300292.9,-46857321.41,10290225240.85,231500922.11,219296353.99,2025-10-27
4122,000626,远大控股,-76073820.0,-131.42,66602868581.8,2.1608264579,66164760043.93,254797074.08,141891588.39,26663667.11,66653721778.64,-6546408.97,-15506884.2,2025-10-27
4123,000537,绿发电力,915520534.82,13.31,2924084445.02,3.3483907481,1192272721.15,,156975590.08,352467773.94,1732842852.39,1206422317.89,1206449704.96,2025-10-27
4124,000534,万泽股份,138781914.63,13.36,777326655.5,6.9068879679,179761760.9,198565546.22,104788327.1,27337287.19,629548216.13,175143737.49,176258957.74,2025-10-27
4125,000520,凤凰航运,-22082884.1,-33.07,755498546.74,1.8364222831,758186997.26,3129738.83,21125211.58,1584370.59,785224655.76,-27199885.28,-21778149.0,2025-10-27
4126,000504,*ST生物,-8410757.01,-1828.05,92417062.87,-11.7819850831,29542541.68,22806187.92,35380862.61,-234498.39,95167473.49,-7456617.55,-7475250.54,2025-10-27
4127,000409,云鼎科技,80795615.51,115.79,829897224.78,18.0735426193,556740229.99,31808297.49,99254286.76,-10516847.04,742809768.12,101425292.07,101714173.49,2025-10-27
4128,000070,特发信息,4423945.33,122.95,3538939093.69,0.4147415344,3039442741.07,93315363.59,107434908.86,87231909.41,3552564657.01,71014599.81,66594243.07,2025-10-27
4129,000045,深纺织A,78901606.37,18.5,2522092622.22,8.8335465118,2110543072.25,30484839.71,90698458.82,26931169.96,2346746345.7,140210246.12,136498137.76,2025-10-27
4130,000029,深深房A,5018645.08,113.78,208232198.0,-41.2299403918,167778707.67,8652895.76,38834113.71,-4350214.67,221606819.35,1646655.63,4028342.21,2025-10-27
4131,000008,神州高铁,-179856296.77,-23.69,1089637827.6,-16.7088210015,775609742.98,99948244.02,199446925.31,122760371.92,1307065609.5,-225104522.38,-193893580.62,2025-10-27
4132,689009,九号公司,969670382.86,155.95,10905353800.6,44.9017930017,7830678586.07,842038449.76,589374297.74,-67149380.27,9799283630.27,1162782928.78,1163838491.41,2025-10-25
4133,688778,厦钨新能,390155595.95,-10.89,10061282938.9,-24.6911570056,9065105152.12,31049279.58,149911365.97,21095342.2,9614601632.21,412900114.55,411139015.62,2025-10-25
4134,688777,中控技术,716716699.88,3.36,6336966452.06,11.5831665167,4255167575.07,521708428.62,287889278.48,-66009241.61,5709692056.18,762497707.46,761536277.3,2025-10-25
4135,688720,艾森股份,23830214.24,28.56,312285701.48,25.9564987484,230211555.35,19321303.02,15465968.31,-5991289.36,294789954.36,21967963.81,23697427.21,2025-10-25
4136,688707,振华新材,-331261643.8,-981.19,1459327650.68,-72.3663408207,1631880389.96,4226850.06,53039589.26,23648333.48,1796288458.46,-390249872.73,-393780528.36,2025-10-25
4137,688693,锴威特,-37809461.12,-273.47,92494786.38,-43.3730347256,51788121.1,12424672.29,23501569.91,-4631838.58,122093824.33,-41948897.76,-41947750.12,2025-10-25
4138,688677,海泰新光,97396030.69,-17.6,318670736.92,-15.3024215516,109174625.43,15654337.67,37788512.56,-4373197.75,208938667.91,109808622.54,109592916.65,2025-10-25
4139,688670,金迪克,-53461400.63,-382.629416549219,38899225.52,-67.8103047569,13473771.86,29749453.8,46772914.13,300572.95,108063624.61,-63221022.43,-63692496.04,2025-10-25
4140,688665,四方光电,61560417.43,-39.22,540435518.26,19.588361976,316411565.47,48853199.06,43516561.12,213044.57,491084202.65,63418163.52,64983451.31,2025-10-25
4141,688663,新风光,124941630.8,0.26,1303249495.64,11.1349570375,984509870.14,94858054.06,46705779.52,-7363295.69,1195334707.13,147334058.51,147172691.3,2025-10-25
4142,688662,富信科技,33288705.53,388.368828156335,392360183.71,24.9724023912,287640188.54,12502817.71,29049779.65,-3968376.77,353003081.62,34752441.93,34624971.28,2025-10-25
4143,688655,迅捷兴,1421979.97,-86.39,347298840.97,2.8674841231,283207130.77,14700922.09,24915242.28,3142800.56,352404308.81,23984.15,119277.23,2025-10-25
4144,688617,惠泰医疗,528146736.78,30.97,1524828925.89,25.6337574988,416428949.37,270401595.52,67592585.98,-5123461.73,970562004.58,589309852.67,586766450.36,2025-10-25
4145,688593,新相微,3422924.97,-89.35,343109515.74,-2.2263593136,289502981.78,11424796.55,17028952.36,-15635668.78,346217912.76,-2736216.13,-2736253.86,2025-10-25
4146,688584,上海合晶,78874871.54,-63.13,844645501.99,-21.3094758483,601823143.95,6428109.93,71170590.9,1043568.14,759918472.45,85718340.76,85502215.81,2025-10-25
4147,688571,杭华股份,101246207.27,22.16,922078655.61,7.1576618833,680980574.45,44302732.37,46080448.96,-4848340.06,814309359.5,115334435.92,115095626.02,2025-10-25
4148,688545,兴福电子,132661291.58,26.754167129274,839189274.23,32.3585186113,606338237.06,20521614.52,27618226.75,501513.97,711325386.15,144886937.5,146822411.33,2025-10-25
4149,688508,芯朋微,77239031.23,28.68,707229964.16,21.9458173707,446362167.55,15676799.48,25536025.08,-5698403.17,647465081.72,68639605.03,66333891.48,2025-10-25
4150,688399,硕世生物,27114657.29,115.4,268088026.64,-3.0185731524,92059556.32,98044768.7,57461952.57,-17309983.62,308029355.8,33048345.37,32237455.29,2025-10-25
4151,688395,正弦电气,30668019.78,-31.68,278585078.18,-5.21496256,178079079.94,28475976.68,14700364.07,-577163.25,252651966.5,32061367.6,32439664.08,2025-10-25
4152,688387,信科移动,-169826955.67,16.187021303197,4145959879.45,-21.4987965537,3176124843.61,225124685.55,111047480.41,7579860.14,4366125228.49,-202048338.01,-198239186.74,2025-10-25
4153,688371,菲沃泰,27221499.8,181.418559099437,346215263.52,63.1827492731,164981967.86,18319819.67,71604305.08,-2030067.84,321129107.44,35499578.68,33939214.05,2025-10-25
4154,688366,昊海生科,340889084.77,4.31,2074811249.42,4.6938281425,613788582.06,594490949.81,325236112.34,-34083940.28,1699560309.6,387531070.68,386440439.43,2025-10-25
4155,688365,光云科技,-55740379.77,39.328139295572,352628961.26,0.2644049154,123183650.12,132515116.11,64401353.24,3958385.09,410277597.89,-60049520.77,-60124601.19,2025-10-25
4156,688328,深科达,-35604901.81,40.34,404318735.36,-14.519946896,288037786.37,38307497.11,52677986.79,5218465.17,441055956.07,-40009681.24,-39627065.45,2025-10-25
4157,688322,奥比中光,-60306520.28,68.580266221097,350864553.18,35.2739927164,196524862.15,51033287.92,78801820.66,-33118462.92,448143227.25,-58221860.72,-59377777.47,2025-10-25
4158,688306,均普智能,-48766970.48,45.081381512125,1572717927.33,4.1422940143,1273850588.63,114842066.43,149586386.02,62063670.93,1648652345.79,-68705011.31,-67691901.49,2025-10-25
4159,688259,创耀科技,46886221.79,17.15,427640629.04,-5.8670025805,304479729.35,2625009.13,15140252.15,-21384974.29,398197049.19,50854060.48,51465117.23,2025-10-25
4160,688237,超卓航科,19994993.83,-42.25,268678117.11,50.4790712825,191406203.26,9548763.91,30953185.89,-5761942.63,246483253.29,21627148.25,20527642.89,2025-10-25
4161,688233,神工股份,27485960.68,166.70557479672,214109500.58,79.6522057404,144254328.15,3544336.37,24839331.81,-12624361.84,180177088.46,37468574.43,37514899.67,2025-10-25
4162,688232,新点软件,-13888713.52,84.380967070683,1257956947.39,-8.7127969725,491339619.5,376881735.38,119580751.18,-4564551.52,1337312412.47,-18126330.42,-15767759.73,2025-10-25
4163,688208,道通科技,541283483.1,103.08,2804152959.79,28.0675434302,1240379039.15,369872512.27,199844308.83,41317468.93,2305845578.27,565591617.92,564632318.83,2025-10-25
4164,688199,久日新材,-24129570.82,57.783992179911,1124063386.66,26.0049401939,972070106.42,19774456.1,56166590.27,13186496.26,1129880745.92,-18718260.74,-17400649.07,2025-10-25
4165,688175,高凌信息,-33079325.89,-280.88,117963791.21,-38.0543476766,73393569.67,31414795.41,29287461.16,-3058093.51,190354485.82,-46996187.14,-47039162.02,2025-10-25
4166,688146,中船特气,236090665.22,-6.0,1398835548.27,15.2902251353,973133314.32,99668457.74,60630203.72,-32514451.86,1205265232.76,271178803.1,271140656.94,2025-10-25
4167,688127,蓝特光学,161578539.1,75.99,786306603.44,60.4056752338,484701767.68,8479386.68,37579110.04,-1098266.39,612816757.59,181306947.73,181168473.12,2025-10-25
4168,688109,品茗科技,13181277.13,189.973929910795,277155640.03,7.2789407947,74585830.04,89100808.63,38021795.14,-2201808.91,278427488.35,12904886.75,12397809.71,2025-10-25
4169,688088,虹软科技,88290720.45,8.12,573681641.46,14.0942722652,54576922.88,95688747.16,67166985.15,-41363915.87,484813154.99,105109843.84,105196767.4,2025-10-25
4170,688083,中望软件,10768244.12,159.69,512305768.0,10.1095808949,13569132.82,270415315.35,84517842.09,-1047878.99,680099670.56,-10644609.84,-12435594.99,2025-10-25
4171,688048,长光华芯,-63386438.59,-183.408210786797,202721135.17,-7.5799933732,147191459.48,8133756.04,30955478.87,-8185515.21,275174107.79,-90243886.04,-87965829.63,2025-10-25
4172,688035,德邦科技,60446098.33,-28.03,784027638.02,20.4825255341,575236239.92,44198414.85,68170090.39,-7514586.82,728139256.8,68852309.49,69226485.52,2025-10-25
4173,688021,奥福科技,-27813282.22,-356.88,194009193.19,-22.8820045302,161375885.21,6802955.36,29205345.55,7311687.94,226153304.21,-29544406.7,-30273443.45,2025-10-25
4174,605499,东鹏饮料,2707392407.44,63.53,12558281502.26,45.335133197,6900766355.51,2061924530.45,306345239.95,-134913701.0,9307865993.7,3367945613.93,3353973518.89,2025-10-25
4175,605258,协和电子,46590730.55,77.24,640115099.49,22.9473353123,515454896.84,17106353.9,33052162.4,-607841.12,595588372.59,51485836.97,51079769.04,2025-10-25
4176,605183,确成股份,379350458.91,24.34,1634403758.72,23.5652824387,1092018385.78,9421522.59,52240740.5,-17359266.21,1207389916.87,437546335.9,441455476.35,2025-10-25
4177,605155,西大门,86922540.44,14.6,589647111.25,30.6192391473,339549810.43,97697708.75,29117625.92,-8199686.45,489675451.77,98714349.27,98688339.63,2025-10-25
4178,605088,冠盛股份,220610493.83,2.13,2889037629.92,26.3836871066,2152408093.3,139510631.51,182112613.14,8984300.72,2591259036.07,250872610.86,248118583.33,2025-10-25
4179,605007,五洲特纸,326982523.24,205.87,5465724208.29,17.179633784,4833103088.54,10793834.04,75314611.88,91103676.43,5121646095.31,389010114.07,388194947.29,2025-10-25
4180,603993,洛阳钼业,8272917557.72,238.62,154754604829.36,17.5212400164,127476334514.65,72363021.02,1740684745.49,2563677379.25,135157459448.52,16761661167.17,16729305917.13,2025-10-25
4181,603976,正川股份,51940638.81,45.45,609660932.22,-8.716633746,475195711.03,10951150.92,34139417.86,11021149.91,554399869.87,60857251.86,58412122.05,2025-10-25
4182,603956,威派格,-156119049.22,-165.643074472114,752221558.52,-2.4562431727,400316038.63,247608067.18,139842607.15,23970898.68,919398712.81,-203290247.73,-194289157.0,2025-10-25
4183,603948,建业股份,166311164.41,-30.72,1777526785.02,-8.0201691141,1511451544.03,12281378.99,65510017.21,-6017921.63,1609695666.38,192024383.14,201769656.75,2025-10-25
4184,603936,博敏电子,50963765.17,-10.05,2338143584.02,2.5066721259,2031810228.24,47067288.46,87069120.08,33485479.46,2310731691.35,54331725.71,52825426.82,2025-10-25
4185,603931,格林达,110937766.3,-9.37,510836210.94,-1.4204212677,332693114.69,9425445.79,27554648.31,-10852139.1,387009846.07,130415484.51,130359500.33,2025-10-25
4186,603919,金徽酒,333046055.0,22.17,2328198243.51,15.3141869595,834975422.05,474378262.17,245397272.19,-15785477.24,1918576051.36,422520006.56,401513701.63,2025-10-25
4187,603909,建发合诚,63352908.5,114.59,4710184649.92,132.1124090123,4454539065.52,14437164.4,82788450.13,-1351538.57,4589512131.83,106502583.75,103848700.01,2025-10-25
4188,603886,元祖股份,253398374.01,-15.99,1902042603.7,-11.8401522501,678541247.55,768914707.65,73576321.65,8127407.63,1564068877.14,342552975.08,322450182.74,2025-10-25
4189,603881,数据港,105088653.4,3.39,1182587538.46,6.0338403439,867411114.44,3294394.55,42603710.57,75209564.1,1051888218.64,145444605.25,146166669.76,2025-10-25
4190,603826,坤彩科技,60388564.9,-7.18,793607978.93,21.8276118095,536476512.83,33161218.93,57752921.49,58111030.94,725627156.34,72053880.97,70994167.74,2025-10-25
4191,603798,康普顿,57513177.73,19.54,844461428.37,-6.3052070849,678781247.26,41886908.34,34768390.55,-1617926.69,784858964.78,74016842.62,74396454.61,2025-10-25
4192,603790,雅运股份,65181642.3,18.43,661037814.36,11.5018631881,449921685.23,42470512.57,53990384.07,4376533.52,588998702.07,75132578.24,75364478.23,2025-10-25
4193,603787,新日股份,82970321.77,-19.28,2830475007.87,-14.5771452762,2390101161.48,202236442.12,98758875.56,-11615606.27,2771602356.13,85195570.16,89782127.12,2025-10-25
4194,603722,阿科力,-6784991.59,-131.690986059028,364520175.93,-11.8502702752,332551878.18,2840155.11,26446841.5,-5645536.95,368365927.17,-7136718.87,-7058975.96,2025-10-25
4195,603708,家家悦,187952163.16,-12.03,14126915303.11,1.7835071877,10841320328.92,2542131911.34,268786035.19,191686527.63,13922390186.79,259887666.57,249316651.4,2025-10-25
4196,603707,健友股份,605784328.32,-27.82,3088009007.42,-1.7157990262,1809321643.8,193699183.03,121228785.66,72868430.33,2430007182.2,709243601.07,706947448.07,2025-10-25
4197,603699,纽威股份,827837914.68,40.69,4455314241.74,5.0890835343,2832340909.6,298892898.84,167379056.4,614814.93,3424972615.81,990079985.01,990134397.59,2025-10-25
4198,603696,安记食品,21309296.2,-25.35,453783813.56,-7.2766279325,388982756.65,21553027.7,14998461.65,-1792971.33,433189538.95,24479882.21,24775123.48,2025-10-25
4199,603688,石英股份,312909762.64,-92.56,996966605.51,-83.1017307419,495156127.76,10755383.31,82113746.72,-13263376.98,675223923.06,358957812.89,354589325.61,2025-10-25
4200,603677,奇精机械,51734720.07,-17.98,1466253543.76,14.272745857,1280852928.68,16553605.87,55451974.92,9219270.66,1417857327.11,55113177.89,54630662.65,2025-10-25
4201,603656,泰禾智能,19673644.8,-15.89,402605461.58,11.9130125604,245123625.81,75008386.88,40863781.94,-4671676.6,406374899.65,18096885.24,20206071.14,2025-10-25
4202,603615,茶花股份,-14780011.35,-556.108276034492,415380493.31,-15.337851745,327494913.58,48972807.93,44085740.97,-9992689.74,424667745.7,-18793145.89,-17549115.82,2025-10-25
4203,603610,麒盛科技,151134047.47,-19.02,2222028743.66,-6.8697353992,1479562921.97,214171008.84,210766411.03,-29727564.09,1995873150.64,179061703.58,181458709.08,2025-10-25
4204,603606,东方电缆,932116936.42,13.41,6698764812.22,25.2222563192,5214481149.24,139630608.39,91580960.76,-5512687.17,5719335636.25,1086502343.06,1084651248.64,2025-10-25
4205,603568,伟明环保,2110861973.36,34.37,6045717631.15,30.82561887,3170219405.97,13795192.75,181202362.31,200598025.22,3693473228.4,2423922404.3,2439728116.74,2025-10-25
4206,603486,科沃斯,615014236.47,1.88,10225968610.92,-2.9013216853,5529921692.3,2960060075.28,381999173.88,-31652227.38,9570703983.93,668686854.67,679000418.95,2025-10-25
4207,603477,巨星农牧,259481410.57,175.7,3955352817.53,31.5879465417,3249552605.07,26904480.67,192919594.52,151815223.36,3659028308.33,245306020.29,266043212.66,2025-10-25
4208,603320,迪贝电气,56620264.53,136.92,779504699.67,16.0976603837,657218150.29,2188101.62,17085127.63,4344969.87,721853313.98,65575647.58,64575635.16,2025-10-25
4209,603303,得邦照明,258269170.18,-7.01,3290696988.59,-9.6640299465,2632762436.89,129941647.42,152160979.53,-50990633.16,3006647372.56,272127565.92,295486029.14,2025-10-25
4210,603261,*ST立航,-33960139.3,-1913.37,148771603.76,15.0774924529,129962518.37,5387961.15,34175363.98,1193422.36,177887665.36,-37169035.86,-37287546.74,2025-10-25
4211,603209,兴通股份,277960361.84,52.65,1162142984.04,28.1798212621,733267212.67,9451292.47,46301579.23,25407075.17,819459229.5,360334678.1,357963229.71,2025-10-25
4212,603207,小方制药,161669487.31,-4.07,367213945.74,0.0544199546,125382134.24,30176932.37,12391414.28,-2063227.76,179224454.99,189081288.34,188771211.23,2025-10-25
4213,603186,华正新材,-6645031.82,78.225166972823,2823748210.89,13.0779271391,2526880704.62,65224858.83,81954887.32,59113860.96,2885737903.22,-22431990.97,-22336777.45,2025-10-25
4214,603167,渤海轮渡,257193670.56,20.64,1412957896.72,3.1402898846,994052074.03,28343157.6,68237159.0,6579526.34,1103748211.64,402435199.2,405472651.23,2025-10-25
4215,603156,养元饮品,1229027718.96,-4.69,4228538068.56,-7.8115473199,2260927601.1,527564584.46,73828832.59,-48137593.84,2889161468.46,1569133094.34,1569701413.41,2025-10-25
4216,603132,金徽股份,344793143.48,43.15,1102327099.66,30.6371449477,427815561.2,710109.59,136095733.39,66744625.7,707453634.98,396052817.7,387112754.96,2025-10-25
4217,603105,芯能科技,186012182.64,0.04,565882041.6,4.110347312,218897872.24,2228991.82,42532653.13,69499099.07,351763594.71,220062136.54,220232116.75,2025-10-25
4218,603080,新疆火炬,130852963.62,4.65,1032254051.86,40.0673571136,752976031.99,63970867.6,53417391.46,2299273.45,879136342.18,159390162.49,158922780.1,2025-10-25
4219,603078,江化微,86256173.6,-12.45,820283011.52,6.3284094442,608096156.85,12980019.16,78483713.81,-5022288.03,741561020.04,80859972.53,80314966.12,2025-10-25
4220,603066,音飞储存,106106099.38,13.25,902089284.57,-6.8800391575,687632911.65,32580934.98,35528367.79,1371666.48,804798476.59,116830710.36,116699720.41,2025-10-25
4221,603058,永吉股份,128179557.47,111.77,610012463.54,17.5379051991,356990412.32,15489717.87,58917095.59,6128999.96,474884923.0,156782790.29,157114258.26,2025-10-25
4222,603057,紫燕食品,348968898.55,2.19,2686508231.2,-4.5978155979,1982190728.61,135938642.98,137778913.2,4140963.28,2296052585.1,441808874.38,444856803.48,2025-10-25
4223,603042,华脉科技,-8197050.63,81.643543611493,608169087.26,-13.1616052903,492984452.81,45382470.3,53906074.04,5889748.01,637685463.25,-15631114.32,-15525058.48,2025-10-25
4224,601996,丰林集团,-24856677.98,-131.57,1512531558.29,-14.4662696239,1457453649.91,8404015.25,59445353.48,281239.51,1556684010.45,-25320068.23,-24848511.59,2025-10-25
4225,601963,重庆银行,4428072000.0,3.7,10634474000.0,3.7756593984,,,2556883000.0,,5411152000.0,5223322000.0,5218140000.0,2025-10-25
4226,601956,东贝集团,103388732.21,-23.37,4559453677.17,4.0405393367,4003534647.76,74009553.78,137764338.2,5687458.34,4444375090.85,131683913.87,124388320.97,2025-10-25
4227,601918,新集能源,1824316664.73,-5.01,9189117051.83,-5.1863104,5334416063.58,41660266.31,521406328.08,377839722.19,6597299955.16,2716111858.44,2737371047.17,2025-10-25
4228,601900,南方传媒,529230859.72,-22.24,6478122223.13,0.4855853905,4276381244.77,628536556.66,700386067.13,-44951022.54,5594695354.03,822062451.84,819301692.97,2025-10-25
4229,601677,明泰铝业,1411266378.41,21.58,23655375689.92,21.5850084374,20972080065.96,72527864.73,198229047.36,-71777694.59,22562887069.99,1587211982.28,1567824850.22,2025-10-25
4230,601633,长城汽车,10399269305.52,108.78,142252336280.94,19.04,113854432611.77,5110451571.69,3020230462.7,239262242.59,133579958855.74,11820062669.78,12001088010.57,2025-10-25
4231,601606,长城军工,-76108912.06,-913.74,971677645.93,3.2296419359,832476691.81,11069108.99,117884879.27,5719092.83,1079407004.94,-89002251.11,-89220666.8,2025-10-25
4232,601399,国机重装,414375757.65,18.69,8950933037.34,10.1107997296,7499191745.33,145802236.31,466492515.25,-83162777.12,8425654800.34,493179227.23,495171238.0,2025-10-25
4233,601369,陕鼓动力,666173265.33,-8.25,7289344227.71,0.2752954017,5630834867.72,168769067.22,380752596.65,-181118830.11,6320269092.16,929355734.31,934294690.51,2025-10-25
4234,601311,骆驼股份,487472681.47,21.62,11332818769.73,9.9032534742,9634213285.94,519517109.84,321115548.43,-26811933.56,11091723970.87,543685843.57,538775605.95,2025-10-25
4235,601238,广汽集团,120062416.0,-97.34,74740864914.0,-23.8751899273,70016683066.0,3949348445.0,3211483350.0,293146545.0,80531225036.0,-994325310.0,-894331586.0,2025-10-25
4236,601168,西部矿业,2732391322.0,24.33,36725264915.0,13.9348108516,28487932575.0,25119653.0,625213166.0,518370500.0,30793310271.0,5450013675.0,5306693036.0,2025-10-25
4237,601121,宝地矿业,170582084.66,-0.55,974532905.47,78.6983534894,507827053.29,2295412.46,79932739.64,3413862.65,655731840.28,341394634.84,342707963.16,2025-10-25
4238,601088,中国神华,43382000000.0,-4.5,255475000000.0,0.5672028424,169573000000.0,384000000.0,7318000000.0,328000000.0,192918000000.0,65699000000.0,63558000000.0,2025-10-25
4239,601011,宝泰隆,-273023877.16,-1125.28,1128038354.38,-56.0519640419,1196370694.1,6601956.84,147578372.92,75341475.04,1457919974.87,-357955439.43,-361391473.44,2025-10-25
4240,600988,赤峰黄金,1105165741.37,112.59,6222830630.43,22.9251442638,3611571936.6,316600.87,321462853.54,125143712.72,4436824835.69,1838611570.75,1837278654.02,2025-10-25
4241,600980,北矿科技,78786274.2,9.97,737577510.78,11.011047217,533263397.85,21237322.63,51407099.85,-3881067.29,654603327.47,89507792.55,90261334.04,2025-10-25
4242,600975,新五丰,1228917.24,100.163985744908,5270785067.08,36.0530297215,4976712161.0,20212653.47,121367637.35,204465291.31,5346916763.82,33773167.07,17306956.63,2025-10-25
4243,600963,岳阳林纸,236584527.72,-181.83,6918761672.44,-22.1341854667,6127179714.36,88152885.75,160087926.4,86782499.09,6733485575.7,265505864.47,266488148.65,2025-10-25
4244,600929,雪天盐业,338736667.17,-32.39,4158019658.36,-5.974608834,3026129159.27,266263982.58,297849206.31,1215501.16,3866866025.87,380962595.3,385191827.22,2025-10-25
4245,600917,重庆燃气,264582648.76,-3.46,7170749623.76,0.0635334817,6503822700.86,155234538.61,236502032.75,10526440.78,6938727718.4,328503647.47,330469833.4,2025-10-25
4246,600901,江苏金租,2226983822.08,9.12,3959265769.31,8.7573003502,,,378920046.31,,993530649.42,2965735119.89,2966160959.17,2025-10-25
4247,600894,广日股份,545227191.11,8.96,4943763948.09,-7.8231161015,4208457656.46,174462666.27,400448455.61,-78774882.02,4916235867.61,539649377.57,541307723.08,2025-10-25
4248,600874,创业环保,677560235.0,2.47,3389425323.36,3.907301416,2126591872.69,7785666.44,145091127.23,258216375.23,2598844667.98,854349554.17,858870236.02,2025-10-25
4249,600872,中炬高新,576207270.58,145.282159092923,3946069588.97,-0.1736981463,2471655035.74,365917908.94,275411998.82,1667058.02,3275872184.1,747006536.19,738434751.58,2025-10-25
4250,600864,哈投股份,265935236.92,641.02,1756348940.46,-4.37,971238722.99,2682815.02,591928190.11,44101584.42,2054921445.76,262946330.73,259999596.56,2025-10-25
4251,600862,中航高科,911969183.59,8.0,3821116880.91,5.4808022623,2349104044.44,20049975.23,254545957.78,-19179088.93,2749507379.15,1074383175.62,1074325914.76,2025-10-25
4252,600839,四川长虹,344565656.63,-28.03,77298112761.97,10.3318327126,69898199429.36,2712522462.76,1328170828.47,76737198.07,75984678788.98,1403843693.19,1403141400.76,2025-10-25
4253,600812,华北制药,102463641.21,266.29,7560235670.39,-5.1970156247,5272198266.78,1052291747.95,415243846.33,326812035.91,7395586299.65,223095087.57,222975932.83,2025-10-25
4254,600805,悦达投资,25178569.59,-71.89,2383281686.45,7.3124564511,2241391417.09,91592173.85,155503556.75,47495628.41,2567202939.29,-5113067.9,2560781.41,2025-10-25
4255,600801,华新建材,1138427807.0,-39.26,24719092748.0,2.2934768994,18780378191.0,1196240511.0,1363917038.0,706322833.0,22746306525.0,2113231271.0,2090898200.0,2025-10-25
4256,600797,浙大网新,-49589952.8,-1090.63,2299854131.81,-6.2212404982,1812311664.28,98809402.66,267146598.16,23310339.04,2381103203.63,-68684960.82,-67267113.94,2025-10-25
4257,600771,广誉远,70964209.71,-22.49,893525764.69,-7.9286238886,232523130.3,444142086.35,68435825.35,5279563.43,796296947.47,97146390.73,89630557.73,2025-10-25
4258,600750,华润江中,647565753.39,7.09,3129708148.79,-8.187966842,1078131765.68,1067558515.85,142120369.94,-60404433.94,2357174380.69,822775990.62,823628461.33,2025-10-25
4259,600745,闻泰科技,414535011.72,-80.26,53160725356.37,19.6995069962,47837587707.88,677030239.31,1396439893.33,550233691.42,52773070519.61,757361674.32,747982324.96,2025-10-25
4260,600733,北汽蓝谷,-4491475852.96,-38.136175853072,9818378183.97,5.4851575846,10727744744.54,1270829793.6,688686557.53,286346829.21,14113091285.84,-4432483844.07,-4434678540.99,2025-10-25
4261,600719,大连热电,-116386956.88,-183.96,405955899.28,0.6375922896,428539203.85,1625789.53,18706860.54,61721776.68,512160140.65,-116039525.9,-116455178.0,2025-10-25
4262,600693,东百集团,85451813.37,-16.66,1327927577.44,-5.7528834545,560586417.01,196058203.38,81994181.31,211304065.06,1123651042.51,190122089.7,196687065.58,2025-10-25
4263,600664,哈药股份,508286408.86,74.97,12256440508.95,6.6347535266,8796789715.71,1965792933.38,595629906.67,25954708.68,11561514820.89,721625048.93,710692712.92,2025-10-25
4264,600662,外服控股,501750133.61,5.37,15915817052.08,14.0216797487,14320504194.86,539556770.75,373441610.54,-71684187.29,15347174433.52,765915966.71,772990929.68,2025-10-25
4265,600621,华鑫股份,303892229.7,-26.82,1482184203.34,-1.68,9170857.13,25680.63,1139561608.72,1054225.17,1169308812.82,312875390.52,309223762.53,2025-10-25
4266,600604,市北高新,-97732105.11,-68.240447603006,751364424.85,-4.4640449921,519552088.45,,38484296.99,221642920.27,852148641.32,-113999373.32,-116892458.46,2025-10-25
4267,600603,广汇物流,422033520.95,-32.95,2566630937.81,-31.8591717161,1537121924.38,58732351.48,150967276.27,336413488.8,2135700287.32,541752049.14,539123152.74,2025-10-25
4268,600601,方正科技,209932830.29,76.81,2449469212.11,7.600444884,1923932176.78,50437458.99,144324282.65,-2221565.64,2271008670.96,224976332.49,224763025.58,2025-10-25
4269,600583,海油工程,1744576400.0,27.11,20426013000.0,-2.5631764296,18021975100.0,14664700.0,229467400.0,-61755800.0,18934825000.0,2001694500.0,2027017300.0,2025-10-25
4270,600578,京能电力,1404762491.41,70.79,26032159242.83,5.7335700324,23188760103.64,9492726.41,666343824.32,1007904371.87,25183029780.07,1900234631.64,1871236366.82,2025-10-25
4271,600576,祥源文旅,110181722.84,-16.22,623537022.51,8.641479236,317774737.29,49219002.96,69374238.29,11589476.72,464019682.06,150721934.34,154806370.81,2025-10-25
4272,600562,国睿科技,368295556.65,-6.45,1985134690.57,-6.5714748753,1196080600.31,44490953.39,91558765.75,-1272564.04,1465657413.12,418634350.05,418396517.23,2025-10-25
4273,600549,厦门钨业,1402388931.27,20.78,26369085913.45,-10.6985984212,21507434929.07,283889865.51,717155710.42,245391903.83,24013126006.51,2608089148.75,2594341693.78,2025-10-25
4274,600539,狮头股份,-7108941.34,58.421283693632,319404164.41,-0.2536440655,244331207.7,50168952.79,28938830.26,2714739.89,326806722.65,-3172566.62,-2528810.72,2025-10-25
4275,600535,天士力,842201236.32,-18.41,6462559794.57,-1.6561528325,2145614304.75,2209020849.25,242971258.61,-11737585.61,5240806790.44,1000145908.28,996569342.53,2025-10-25
4276,600531,豫光金铅,554156879.15,13.64,29017114456.66,13.3564028422,26834264529.93,43140428.0,170847805.99,332043408.85,27726529326.04,698985300.61,694939091.37,2025-10-25
4277,600513,联环药业,92699157.34,4.34,1644578576.25,10.8650869251,824022908.65,459172224.37,106058391.31,18234020.33,1516612393.88,122482789.54,121979496.65,2025-10-25
4278,600510,黑牡丹,79366150.76,-79.93,1812348476.73,-69.5201257658,1391785377.24,55889944.26,200221430.99,-107420728.17,1568605854.71,166853408.27,167510129.03,2025-10-25
4279,600497,驰宏锌锗,1473840870.92,-15.79,14651922034.57,-11.1923541606,11791382877.23,33303551.48,723753240.08,76965749.18,12994589833.04,1752033503.54,1731632168.79,2025-10-25
4280,600438,通威股份,-3973257095.91,-124.37,68272477303.36,-38.7254086844,63125270489.96,1478112237.63,3489621205.38,1319115219.28,70787349412.58,-5200074332.23,-5262572840.28,2025-10-25
4281,600422,昆药集团,444612166.9,0.36,5800042553.98,-2.7341403224,3258523937.84,1564157591.71,248712151.36,13395921.98,5212861411.01,620526292.7,630859181.98,2025-10-25
4282,600390,五矿资本,1217637581.25,-38.03,5894683430.01,-8.5,597043446.05,21052977.89,1870333784.16,264521569.84,4437216451.83,1974517162.11,1945474564.09,2025-10-25
4283,600380,健康元,1111560063.92,2.58,11898828905.02,-5.9474600701,4393919087.41,2951059287.9,708729617.84,-105969421.63,9121682123.61,2832383097.69,2819314868.18,2025-10-25
4284,600367,红星发展,57486141.05,209.87,1611620983.0,2.7987012221,1317977151.17,22156899.38,136698918.77,-6674106.3,1535924427.84,78938048.05,75709795.52,2025-10-25
4285,600351,亚宝药业,234933135.46,9.88,2121509818.79,-3.5433707193,1023628071.91,514819616.99,200458781.73,-445929.44,1854942934.53,288373771.98,284011333.98,2025-10-25
4286,600309,万华化学,11093324150.25,-12.67,147604150411.45,11.3538583605,124901190205.34,1166417933.06,2186692166.24,1694190648.06,133992551312.18,14556542569.55,14358547933.61,2025-10-25
4287,600282,南钢股份,1753517272.52,5.31,49291087788.11,-12.5499760613,43618222303.4,343397801.87,1070110423.83,433711140.03,47597178229.28,2061331029.25,2060010210.38,2025-10-25
4288,600235,民丰特纸,60976579.35,123.43,1163400044.01,-2.0174467333,985027586.32,6899047.69,78812848.4,8375517.57,1121922421.83,60880160.96,60978274.23,2025-10-25
4289,600231,凌钢股份,-1363363785.59,-577.684663328838,13884505960.68,-10.5468187512,14785096120.34,109205615.54,234096844.72,31068016.04,15231667897.38,-1494153981.15,-1791850220.42,2025-10-25
4290,600179,安通控股,161226010.88,-59.33,5329469740.97,-1.3263401863,4997564949.89,29449087.83,193310436.93,31683028.88,5268591539.77,242111219.25,250518030.27,2025-10-25
4291,600161,天坛生物,1051719466.85,18.52,4073361821.56,1.2769589401,1819624391.19,119806910.51,348454781.96,-30251796.97,2397917802.96,1726594718.67,1724433459.02,2025-10-25
4292,600158,中体产业,23162677.16,159.131723530261,1553940066.62,56.5667705342,1117914838.89,47060384.18,198523716.11,-12714214.25,1450962443.13,138664086.11,137386762.04,2025-10-25
4293,600129,太极集团,545074718.99,-28.1,10433818061.19,-14.3557470468,6020120463.66,2882949492.55,522220629.56,92990696.98,9822423663.75,662969555.86,665781678.4,2025-10-25
4294,600126,杭钢股份,-446728279.91,-621.99,48260263804.22,22.2724975225,48199875673.89,13380344.34,371167565.41,-197340178.41,48880411962.99,-372239099.7,-374455291.49,2025-10-25
4295,600075,新疆天业,10090109.81,101.29,7798277322.31,-9.6035982135,6778178445.67,140998987.91,325175214.44,187745596.72,7829460533.88,48670027.79,50413885.85,2025-10-25
4296,600063,皖维高新,200218523.03,-50.71,5947142348.61,-11.209377087,5165054355.22,27296479.76,226704057.23,-6084584.49,5795644920.23,237836872.01,241350057.06,2025-10-25
4297,600062,华润双鹤,1397067248.19,1.07,8548241751.78,1.1816808507,3550595902.19,2294291628.15,748515586.02,-25226510.52,7150481177.18,1586967886.42,1617348103.86,2025-10-25
4298,600055,万东医疗,115733364.5,-3.7,1093084824.41,18.0705064962,680721901.69,156722078.95,57193782.68,-45506682.69,973078073.01,139197632.62,139140405.87,2025-10-25
4299,600030,中信证券,16798864246.61,2.35,42059830771.98,0.7311065167,,,20137649255.66,,20045422320.21,22014408451.77,21925234743.42,2025-10-25
4300,600022,山东钢铁,-1450858104.99,-327.716416308087,64333650830.0,-5.9198473599,63281300361.66,223229764.17,639798894.13,207864622.71,65997226791.57,-1561941002.3,-1563706772.16,2025-10-25
4301,301633,港迪技术,58033713.99,89.46,372929282.18,8.3,211023414.09,30408951.12,30274415.4,628941.69,306327139.58,64806311.66,64552813.81,2025-10-25
4302,301606,绿联科技,321773024.12,28.94,4305562320.83,28.4659850085,2681267224.36,846016863.08,186680920.38,-8765667.47,3934743037.37,353334360.67,358016464.33,2025-10-25
4303,301598,博科测试,65198956.27,83.48,322154559.44,14.3328330498,177848666.53,18544400.86,33594797.32,-11587191.87,249174934.6,73119503.96,73083308.27,2025-10-25
4304,301577,美信科技,15117038.72,-62.65,302492685.26,-7.1330577037,240931374.77,7175506.44,24146071.86,-1991293.86,289782566.93,15214498.6,15091839.1,2025-10-25
4305,301539,宏鑫科技,32630756.24,-35.09,737736284.13,5.9471730562,624418742.95,18857195.72,30053734.63,1248127.73,704454704.08,34754782.99,34794629.73,2025-10-25
4306,301509,金凯生科,39290561.22,-73.13,387196007.94,-33.9335768739,235749233.69,22964746.7,73219929.34,-3299492.89,358288292.32,45981613.25,46330147.23,2025-10-25
4307,301459,丰茂股份,117553460.81,1.65,670348543.16,10.8793817939,458776335.16,28309669.67,24104390.61,-4860419.31,543302925.77,130335755.94,132584088.01,2025-10-25
4308,301408,华人健康,107929607.48,22.62,3269282916.66,22.0657396116,2209430174.0,728529767.28,141170914.53,17911911.51,3133754849.95,149102870.9,148217065.8,2025-10-25
4309,301387,光大同创,7412645.05,-91.51,841355951.24,19.316953431,638419368.65,27842209.44,100281206.66,7317437.69,834093694.03,-1466558.72,-6670852.64,2025-10-25
4310,301369,联动科技,15185628.35,6.84,224922938.46,33.6011663904,90810569.52,39806685.67,27225098.4,-16112673.05,226318210.72,6571458.01,6660408.7,2025-10-25
4311,301356,天振股份,-42392562.03,39.13,533302081.54,93.6309181243,509646902.55,52072275.08,46334722.24,-24737330.66,605463828.02,-57059265.22,-50954077.11,2025-10-25
4312,301335,天元宠物,54474901.35,4.34,2034779549.7,33.0980696115,1693449467.65,176950390.44,60555257.7,9395852.96,1969470160.27,67804108.68,67751398.03,2025-10-25
4313,301328,维峰电子,68029756.08,-32.84,384464903.2,4.5762803931,228207691.09,16036830.22,27824145.87,-12707741.49,307307272.97,76261879.54,76187320.31,2025-10-25
4314,301305,朗坤科技,193355282.62,29.66,1384108531.12,7.9836983195,950877860.73,15705593.34,106324850.75,22064568.08,1179523092.21,213175037.6,210538238.21,2025-10-25
4315,301292,海科新源,-213595387.31,-438.25,2551767893.0,1.6788827165,2554064015.16,12145790.36,108799994.99,41925997.3,2821482932.79,-256190324.22,-254452169.66,2025-10-25
4316,301285,鸿日达,29567068.56,21.01,644309454.81,27.5727500391,488623796.72,18495289.65,50989734.48,7572816.62,628455227.6,24182567.69,23997289.33,2025-10-25
4317,301282,金禄电子,56940022.7,85.35,1164272756.52,22.5124244117,1001909242.1,20079163.88,41405743.63,-2915599.89,1121075930.59,57783396.63,57274974.6,2025-10-25
4318,301235,华康洁净,19635357.61,-67.31,1079614618.16,-5.7192268881,701188698.7,118286373.47,124539534.29,15620339.91,1010799535.25,21609135.36,21575783.19,2025-10-25
4319,301209,联合化学,44083285.92,82.76,392716199.55,27.3691711266,315613690.99,4394837.66,9598380.65,-6489310.66,343839146.04,52069952.48,49958283.98,2025-10-25
4320,301203,国泰环保,101215268.8,-10.24,240481663.91,1.9245816096,106539995.55,1541730.14,16851356.99,-17070608.57,122813738.96,119316113.67,119281793.22,2025-10-25
4321,301175,中科环保,263672220.05,27.55,1199505130.13,12.6022180044,703220053.09,6352835.31,78853863.41,49279027.09,878076903.73,329300208.67,326493534.77,2025-10-25
4322,301169,零点有数,-67153986.75,-149.29,144673637.59,-13.9088637574,112361003.2,24268460.5,28120130.92,-4679070.84,215981269.66,-78532749.78,-78619363.79,2025-10-25
4323,301122,采纳股份,57452021.66,-38.02,292116185.53,-0.5011238185,177362674.86,6566879.26,24217504.25,-3610131.39,225981547.94,62292887.26,62210513.74,2025-10-25
4324,301102,兆讯传媒,67216243.7,-44.23,504956879.13,16.5937832401,335665796.67,89023073.17,14075228.5,-13155041.95,435561620.24,58875287.13,69492060.52,2025-10-25
4325,301096,百诚医药,141656133.34,-29.69,721478652.99,1.0748509163,280152584.31,11341706.52,45403661.43,1332801.13,580693571.16,130833977.21,130715405.62,2025-10-25
4326,301077,星华新材,105925064.52,66.92,591455308.26,14.7097783219,400111466.08,18539561.21,26533783.55,-10198577.84,476555312.9,120136793.37,120030235.19,2025-10-25
4327,301073,君亭酒店,18313183.55,-23.59,503016707.35,31.844266522,347924594.66,36670972.99,56815586.0,35876936.09,478268370.74,26977088.92,28839787.87,2025-10-25
4328,301072,中捷精工,-4924395.97,-127.76,552009127.98,2.1513159281,482316571.67,11292342.17,29495360.0,318427.06,556647081.88,-10058844.88,-10513748.44,2025-10-25
4329,301050,雷电微力,373800096.54,41.44,1171842517.04,61.6080392154,683861952.19,12227488.32,56820628.52,-21056725.58,798245384.01,436900208.17,436726477.81,2025-10-25
4330,301039,中集车辆,842606221.45,-63.0,15823449879.27,-19.1370248007,13327313766.87,424763416.86,671356387.09,-95401661.11,14681966394.4,1123784735.88,1127765627.93,2025-10-25
4331,301002,崧盛股份,18611444.59,-2.07,651825797.19,16.5439187702,482392819.0,38552524.39,44241193.72,10519870.05,658394755.02,8764681.69,8624365.37,2025-10-25
4332,300983,尤安设计,-43766380.34,-60.25,160548165.08,-26.788934321,118951065.2,2886148.69,37233802.43,-21111130.31,151394880.13,-53712358.53,-54052732.58,2025-10-25
4333,300958,建工修复,8524809.09,-85.1,669195319.21,-22.9886084701,524053072.93,23349489.97,58573356.66,815033.94,629036980.63,5502752.51,6595233.23,2025-10-25
4334,300951,博硕科技,161598104.77,-22.85,948857154.85,2.3276099579,601872606.08,37081611.23,82369398.57,-7081688.81,793777201.06,179629057.5,179159594.22,2025-10-25
4335,300930,屹通新材,39937754.98,-7.78,347591866.18,15.4415977009,278561503.61,1332454.43,7820585.64,770180.48,305128081.57,44215656.88,44215656.88,2025-10-25
4336,300912,凯龙高科,-116228904.13,-990.83,463853489.4,-41.5123260748,424661367.55,36970723.82,60918518.29,6323607.9,583690688.01,-122987756.72,-122286825.93,2025-10-25
4337,300907,康平科技,67857504.48,67.07,869169178.61,20.5407360995,699566560.65,13420604.88,40527175.01,1455423.19,786022361.55,74512409.8,74373658.94,2025-10-25
4338,300897,山科智能,64309258.15,6.18,490436030.53,7.7406122168,292064249.97,58496847.15,28955338.18,-815208.03,426944765.81,69516046.5,69805234.89,2025-10-25
4339,300893,松原安全,190712663.57,62.87,1310089983.09,60.7979221678,921400588.06,23186722.39,53477029.66,10156929.94,1086083761.15,215389053.91,214681004.87,2025-10-25
4340,300889,爱克股份,-70700518.91,-1288.49,634119181.33,-13.3695096156,500038902.2,90802208.94,61991754.9,3029706.19,703146417.9,-90488942.09,-91259854.57,2025-10-25
4341,300887,谱尼测试,-234142690.89,-322.2,1123414813.3,-36.1057114378,806113088.9,227822757.64,182058383.14,3770154.06,1347738178.51,-236967567.47,-238334522.17,2025-10-25
4342,300880,迦南智能,172322806.69,62.13,783035402.89,29.4359911347,527464869.71,18042003.9,33500761.97,-4321948.42,610436414.13,197319496.43,196874493.75,2025-10-25
4343,300877,金春股份,12630840.18,-28.68,772123217.43,17.2706118408,705033704.55,6124959.92,15628983.14,3009797.95,763847323.59,8186872.97,8303320.47,2025-10-25
4344,300865,大宏立,18841272.55,330.37,302013472.86,12.4682395779,213676043.76,39406581.03,23074098.51,-3312240.98,287011691.85,19305447.06,21159309.42,2025-10-25
4345,300825,阿尔特,1241783.74,-96.25,616744984.06,2.1940687969,415754332.94,23736652.19,83965226.91,15810365.85,575636063.74,-11478242.39,-12522631.45,2025-10-25
4346,300807,天迈科技,-52871904.95,-6.58,55822399.2,-45.0580293368,35539371.6,13205328.19,28207710.97,1106780.64,112779719.11,-59493587.44,-59700784.44,2025-10-25
4347,300803,指南针,-109951616.0,-171.18,776360511.0,13.61,108719505.0,479398319.0,294035686.0,11274910.0,1008744804.0,-130848670.0,-132454561.0,2025-10-25
4348,300770,新媒股份,427562732.76,-14.38,1174291698.78,5.9351216711,595234065.17,25959896.25,37189409.98,-29965184.75,672611276.93,498597271.38,498429397.42,2025-10-25
4349,300737,科顺股份,126205499.01,53.94,5136038704.94,-17.7016632955,3952753438.74,426077547.25,235583496.88,69842761.71,4905352316.82,123040858.79,143661211.58,2025-10-25
4350,300721,怡达股份,14426402.31,129.35,1330711783.62,-2.4356181821,1177557316.73,27405017.99,68702985.94,32041278.17,1328741282.33,6650561.81,5308170.86,2025-10-25
4351,300698,万马科技,31224507.45,-22.69,385478244.7,7.8388056118,241648935.2,51369808.9,27653150.72,2359683.79,361843539.27,32607050.14,32580824.97,2025-10-25
4352,300693,盛弘股份,270574181.03,-0.93,2095105643.1,20.9121937869,1253506896.65,266496822.96,85907550.54,1828165.96,1809075458.12,309398039.89,310258406.94,2025-10-25
4353,300689,澄天伟业,410591.34,-96.75,249166190.82,-18.3300183598,210120648.63,1177517.62,32992585.19,-1986795.68,254243560.87,1251125.21,1025377.18,2025-10-25
4354,300685,艾德生物,227270537.49,30.82,847967831.38,19.8386051512,129440425.59,252002610.11,58257058.21,-11169024.4,596597050.32,253203509.67,251106645.91,2025-10-25
4355,300671,富满微,-64806517.98,51.82,495770101.99,-5.1225656225,406936853.16,15178516.29,29099947.06,6014391.66,569333866.84,-58035370.94,-56766761.32,2025-10-25
4356,300661,圣邦股份,284901627.51,100.57,2444835135.79,29.9632686252,1169435582.71,180703873.92,79663199.44,-21006587.19,2066278552.58,332120565.87,331935547.53,2025-10-25
4357,300653,正海生物,125055698.08,-15.69,291348252.99,-9.4577444547,36098323.13,79889700.9,20533766.07,-317902.56,167592844.19,143286089.85,143368675.11,2025-10-25
4358,300651,金陵体育,21781637.92,-41.96,256464247.49,-19.8905954748,175076813.63,15421075.96,37958202.65,1830513.24,247087373.44,25105242.18,24698353.72,2025-10-25
4359,300636,同和药业,95736461.6,21.72,569933408.38,1.8353114952,378090930.9,18674206.69,26858732.18,-13031592.68,455177777.45,106011166.69,105498257.33,2025-10-25
4360,300634,彩讯股份,195174408.46,-36.36,1210470656.38,10.7204453914,721484078.93,26350122.47,43714916.93,-14271095.14,1025161044.07,187920895.36,187891473.46,2025-10-25
4361,300621,维业股份,13312817.23,-40.98,9538669611.9,-18.6406114517,9038599713.53,15879699.0,144487293.94,85820139.13,9367986663.92,78588736.96,69682100.68,2025-10-25
4362,300615,欣天科技,-17669498.27,-122.59,178600311.18,-68.1677360524,142268699.25,6142696.12,34980159.0,1631463.14,204113807.27,-17799753.55,-17256443.76,2025-10-25
4363,300603,立昂技术,5525748.42,426.18,526102865.61,-0.9109537815,448739485.01,15642610.87,56787626.88,-4955830.82,533998388.03,5429749.88,5086209.93,2025-10-25
4364,300595,欧普康视,522578309.16,-2.87,1430989125.43,8.4444943901,360482857.94,339942747.67,71250297.63,4920438.08,818680422.69,675163995.82,666497243.78,2025-10-25
4365,300586,美联新材,36522859.04,-63.78,1268731075.94,-9.1003755756,1092381208.16,15016002.07,52257412.22,7881857.57,1225578935.09,50552627.81,41516117.63,2025-10-25
4366,300572,安车检测,-26330742.5,-186.86,326882485.99,-16.5834166224,226618263.42,29403941.54,85890044.55,-2528385.1,375246575.33,-36869674.43,-37795221.29,2025-10-25
4367,300563,神宇股份,67362193.75,67.85,642507899.39,18.7670791278,542258958.95,14639383.13,45027942.4,-3202914.09,619581356.49,76493524.77,76504812.05,2025-10-25
4368,300559,佳发教育,50255913.21,-56.62,338034725.57,-22.470399509,148094144.86,52740037.0,64315948.54,-10905646.14,291383960.88,51574616.97,51393096.35,2025-10-25
4369,300556,丝路视觉,-216349368.19,-4882.78,441853931.96,-53.5402594299,468522982.01,56500212.14,77082180.6,12253116.23,664547770.27,-255681727.25,-255502332.38,2025-10-25
4370,300550,和仁科技,929244.29,-92.92,264317028.74,-6.4195575842,152244158.25,13154209.45,33776417.07,-4025806.35,237758264.14,1005851.08,1016537.41,2025-10-25
4371,300534,陇神戎发,25001897.51,-47.11,771707421.15,-0.7502936194,195794622.78,450502306.24,32962886.4,-2607528.1,706276206.26,73317114.18,71058055.6,2025-10-25
4372,300499,高澜股份,-17649122.73,-256.0,361673863.07,-10.3547819518,263198993.36,38106112.4,76795076.45,-83647.97,414587668.84,-30494772.87,-31396647.5,2025-10-25
4373,300481,濮阳惠成,149963952.84,-25.03,1083951749.07,5.8010367436,836994301.26,6915984.66,30537773.83,-11003405.04,929166661.12,167286734.85,167089142.91,2025-10-25
4374,300463,迈克生物,281372336.41,4.72,1947615476.64,-7.917655574,833709893.93,437353017.09,117401811.32,14533011.15,1641999626.83,318543422.7,311283761.28,2025-10-25
4375,300457,赢合科技,495791773.46,-2.93,6478286042.09,-13.590129527,4470627114.2,145395971.27,176834078.54,-51676728.7,5183519022.97,1081999252.82,1072126111.26,2025-10-25
4376,300447,全信股份,58694783.44,-53.67,781747083.68,-4.1248983658,487712708.45,26284606.37,86649928.26,313066.94,669252930.89,61741646.14,62695183.19,2025-10-25
4377,300437,清水源,-54867408.67,-552.81,835772082.74,-3.6938964536,754636690.82,13737331.16,47216582.76,7516688.48,839688877.51,-58300620.99,-61052822.94,2025-10-25
4378,300421,力星股份,50719039.39,-11.09,776732392.43,3.5645717932,635016598.12,3159511.74,34054354.32,3765099.09,725592567.81,55104837.91,54923853.98,2025-10-25
4379,300420,五洋自控,-12257503.17,-132.76,679310563.86,-28.5811291797,491033497.66,56178051.69,59694423.17,583420.92,660111652.02,-18396737.43,-18624750.68,2025-10-25
4380,300413,芒果超媒,1444347079.5,-18.96,10277740561.91,-0.8480900115,7282092095.29,1219603003.7,257347828.49,-182477394.73,8759425154.3,1691679582.27,1702340808.07,2025-10-25
4381,300412,迦南科技,15070713.65,-34.05,850476104.61,11.101052053,635860249.25,64407164.72,66816778.4,8888651.76,844357025.1,11511644.84,11953686.96,2025-10-25
4382,300411,金盾股份,20675614.17,-5.3,307704540.64,-3.5280848475,240454708.05,22122489.64,22026566.13,-1412086.75,298802099.07,20496903.3,20293646.09,2025-10-25
4383,300410,正业科技,-114117871.61,-60.35,511076439.96,-22.2197522332,374167183.42,78509197.95,81403653.78,25539399.29,607292189.51,-116004120.32,-116384781.71,2025-10-25
4384,300402,宝色股份,58265103.75,11.15,1310581205.18,1.5829637966,1074029159.18,16001433.64,70703415.51,-40043.73,1230278461.13,55561184.09,55429901.53,2025-10-25
4385,300399,天利科技,-7838143.25,-32.03,378292363.95,8.4505710741,366159485.78,1618.4,24691204.32,-4052885.37,393331581.81,-7303199.83,-7245369.9,2025-10-25
4386,300393,中来股份,-303702618.79,-162.81,4543898204.15,-53.3515898949,4098392148.6,148150040.86,334424538.93,17638934.75,4822547152.1,-313287155.7,-313464615.21,2025-10-25
4387,300390,天华新能,923317664.79,-49.31,5452775594.77,-38.804652086,4437472805.2,35300790.49,284566521.27,-54789608.24,4799974089.13,1319335360.19,1321721990.57,2025-10-25
4388,300368,汇金股份,-29112536.48,45.6,160218994.61,-36.5446197924,98475776.94,21410195.66,32294193.56,53231841.06,218001747.12,-30710999.74,-30674813.38,2025-10-25
4389,300363,博腾股份,-206429638.26,-145.68,2125237714.06,-30.021875877,1630462267.88,112961741.11,331789172.48,40956371.92,2401335857.07,-294224410.86,-298171060.98,2025-10-25
4390,300360,炬华科技,541683634.28,22.47,1546171660.26,23.8530113366,804697447.96,41078005.94,45476047.28,-43802364.99,925820518.99,630905065.2,629257341.34,2025-10-25
4391,300348,长亮科技,3981632.74,142.75,1035418783.86,-12.0506423081,684197779.53,80602562.39,162368889.46,-2863615.87,1019368503.96,11888977.01,11509927.8,2025-10-25
4392,300343,ST联创,-16781396.81,-155.28,660650718.2,-8.8226449436,599980863.73,13376821.93,44302366.43,-2594093.65,693845489.9,-17938036.63,-18078469.6,2025-10-25
4393,300331,苏大维格,39368836.0,204.97,1395491895.06,11.2460983904,1117956072.96,36789300.62,81336020.96,7590347.15,1353926069.47,35674667.95,43151569.14,2025-10-25
4394,300322,硕贝德,3646284.18,102.34,1324341010.27,8.3900159984,995840841.74,29949173.61,137322963.55,29337541.48,1326048123.45,-1552593.95,-1892112.16,2025-10-25
4395,300317,珈伟新能,-75318910.83,-487.95,340351510.76,-34.2189325897,250048589.9,75655583.78,83537760.68,30013524.42,455455275.55,-90962312.68,-92470574.41,2025-10-25
4396,300316,晶盛机电,2959908456.67,-15.76,14477951766.54,7.5478961552,9327758818.09,64959955.24,382724896.11,-14489024.62,10697399621.49,3713177274.52,3709726826.22,2025-10-25
4397,300313,*ST天山,-41630442.04,-219.31,106287698.79,11.2302502883,108709134.81,3050721.06,15055183.92,8102668.71,135898039.38,-35615837.42,-37830775.21,2025-10-25
4398,300311,ST任子行,-88730514.35,17.05,248697975.42,-10.7680996796,119393315.81,50916296.7,64487146.01,160102.07,346784204.72,-90397723.12,-90160746.98,2025-10-25
4399,300306,远方信息,54380972.15,2.7,298103313.31,2.9830430773,106280335.51,39219339.61,46339239.53,-3833443.49,263293720.04,55017742.32,55455561.84,2025-10-25
4400,300303,聚飞光电,228469603.17,25.83,2208346304.28,19.4373583504,1659742145.76,52882573.3,115309016.26,9521354.58,1988216691.54,250335840.57,250747296.03,2025-10-25
4401,300295,三六五网,-8453553.89,-200.11,97257566.13,-30.8018478552,27865831.46,23098684.03,35817635.12,-2089037.08,99818147.69,-2961521.57,-2153307.18,2025-10-25
4402,300268,*ST佳沃,-651828582.99,0.03,2626347781.78,-24.4244752445,2875880428.98,108208989.12,194893855.11,425134513.53,3615917828.78,-974282996.84,-960285576.46,2025-10-25
4403,300260,新莱应材,198031501.01,17.63,2161486987.46,9.3547083437,1621086214.72,124576873.79,86559234.77,32635986.11,1951765920.35,224524482.94,223391395.6,2025-10-25
4404,300246,宝莱特,-13640452.35,-121.22,807507985.27,-15.1528398956,588009101.02,100330957.28,75511647.99,10531664.71,836471528.51,-4802219.77,-8696470.58,2025-10-25
4405,300243,瑞丰高材,36569784.64,-44.62,1470006975.82,11.6587743548,1249995561.19,62825990.76,72021320.19,27231163.65,1425322105.96,44693555.98,44912119.93,2025-10-25
4406,300234,开尔新材,39501481.81,8.79,301342514.25,-6.8709058745,228598494.85,12309209.28,34006014.29,-3703226.12,287484351.9,47573621.22,47081830.12,2025-10-25
4407,300213,佳讯飞鸿,36752498.77,11.36,736329174.63,9.022542164,429214171.02,87036925.79,81784564.89,5067040.4,702481771.28,37025228.28,37015172.66,2025-10-25
4408,300193,佳士科技,180281976.92,8.37,944127161.04,10.2451329452,662428977.28,28232067.24,36272923.53,-38020102.41,741612073.33,204339307.34,204232815.11,2025-10-25
4409,300188,国投智能,-241827886.85,39.1,897375269.22,19.5723004225,531897664.97,255972675.4,243278985.32,-3724863.95,1298146350.58,-258993074.66,-260572348.51,2025-10-25
4410,300184,力源信息,100265882.01,32.78,5606668747.53,29.4855713937,5094603546.81,192539488.86,89903779.6,44757818.14,5477723537.63,120522690.05,120885397.49,2025-10-25
4411,300183,东软载波,84023329.18,27.26,787564503.28,23.2774623208,473225033.77,50910013.33,78324034.71,-20066672.54,713120863.83,98989033.83,99489406.39,2025-10-25
4412,300177,中海达,-25771923.77,-25.61,738616803.96,-16.6637827538,429776243.33,146060474.57,137291107.31,10866549.6,827385122.27,-47996683.62,-48127936.83,2025-10-25
4413,300174,元力股份,211969432.25,20.53,1396423018.22,-5.5289123877,1046686350.47,33359147.0,108122055.83,-30256823.52,1224437995.21,236131524.19,236093092.08,2025-10-25
4414,300165,ST天瑞,-6841309.11,-160.54,588862093.8,-8.2739229659,359004025.0,123313923.42,69130704.97,-41439049.14,571822154.4,5033691.81,3794411.13,2025-10-25
4415,300155,安居宝,-21253978.42,-293.28,154370367.79,-42.1033281267,88639504.51,35351935.97,31089778.29,-5551722.46,180201908.71,-30155420.86,-30183732.88,2025-10-25
4416,300138,晨光生物,62605888.08,-84.28,5225428968.08,1.0829942015,4840074864.79,33687842.99,113593225.02,53928133.24,5127064914.93,60260728.27,74352639.96,2025-10-25
4417,300133,华策影视,166225621.06,-49.21,892536779.81,-39.0538695756,552473168.7,89907168.82,110231726.37,-37007745.07,734035205.56,215164369.78,213396164.11,2025-10-25
4418,300119,瑞普生物,248766437.96,-10.58,2241619984.6,10.0582870213,1305986602.57,326899827.95,140986232.41,19633447.08,1946069997.22,316434076.01,314584204.67,2025-10-25
4419,300103,达刚控股,-27626860.73,17.31,123091342.44,-28.625036018,100882610.43,9418048.34,23295568.29,4553609.99,147529441.01,-28648027.98,-28213151.6,2025-10-25
4420,300073,当升科技,464282441.42,-68.87,5525269718.72,-55.9511519743,4799683439.36,27315225.03,129659337.95,-74947982.42,5216952589.22,507150830.5,512514496.14,2025-10-25
4421,300066,三川智慧,71501241.49,-55.96,1111588163.47,-26.7450833785,948817285.92,74091445.47,46929326.09,3697972.37,1126599944.0,36890780.87,35246382.59,2025-10-25
4422,300059,东方财富,6041773745.62,-2.69,7303599002.2,-13.96,364994461.29,216183986.41,1706038029.89,-121778316.41,3087477267.18,6991431604.9,6990072319.11,2025-10-25
4423,300048,合康新能,10811740.61,130.62,3112440983.02,213.6371229664,2676086136.03,107829351.55,63995299.42,-8780023.9,3075914412.7,43744434.51,44285590.1,2025-10-25
4424,300003,乐普医疗,802655886.18,-40.7,4785471627.57,-23.5453358976,1780228328.8,973676025.69,476245778.76,34722124.74,3880756982.24,910744107.89,902907309.95,2025-10-25
4425,003041,真爱美家,56136694.45,-32.4,623412187.33,-10.9709683707,501068604.22,7329650.51,25565125.55,-3873754.16,585790204.61,54234657.96,54175451.16,2025-10-25
4426,003009,中天火箭,17185267.78,-56.77,643394183.4,-4.4761513499,529182733.32,15356514.89,39982912.58,2105451.3,645246699.83,16211561.68,14887258.8,2025-10-25
4427,002978,安宁股份,682982354.63,-4.04,1359306546.55,-1.2640464095,449579197.15,2011459.68,73015440.67,-18858346.89,592389051.6,799900439.85,798105832.19,2025-10-25
4428,002963,豪尔赛,6206637.42,-50.42,377439174.71,-12.326215773,265347525.44,29504744.25,50313588.35,1122598.35,368086770.2,10712792.55,9665763.09,2025-10-25
4429,002947,恒铭达,310809170.49,59.3,1699069780.31,41.0460257834,1141999592.04,36439918.29,66053263.66,-2634183.55,1330869757.39,353330727.27,353318655.2,2025-10-25
4430,002940,昂利康,49933403.78,-54.52,1121560480.84,-5.5115833425,671891306.32,121883005.08,70555047.26,-7211782.0,1032281743.19,107625884.38,106456852.63,2025-10-25
4431,002935,天奥电子,15941537.44,-32.02,576906845.25,-10.2023610984,433764089.35,29379759.5,55520509.28,-3080948.97,549050572.75,14727068.71,14977208.28,2025-10-25
4432,002918,蒙娜丽莎,140518458.8,-57.85,3572173750.32,-21.4058570718,2586752467.25,220743377.64,341403858.64,59345969.42,3387159287.65,186997905.6,187475620.54,2025-10-25
4433,002902,铭普光磁,-139464297.96,-283.33,1228720658.87,-19.088356913,1073862550.81,81246228.43,86838830.82,18026983.65,1368612106.02,-140340846.74,-140522881.32,2025-10-25
4434,002900,哈三联,40582838.5,-32.5,838525846.47,-9.0988208442,410015754.29,207007752.29,126607743.23,-369950.56,827688068.77,40689710.67,39741330.8,2025-10-25
4435,002896,中大力德,56937320.91,-0.68,741539190.08,-9.7890065373,557227373.0,28890241.34,43292896.54,4791142.48,690476308.93,59420912.38,59381467.13,2025-10-25
4436,002889,东方嘉盛,179494396.66,16.61,2576196650.71,25.073806749,2249830368.75,46710444.06,88223726.95,7800281.79,2402558876.53,226948417.74,227861852.18,2025-10-25
4437,002887,绿茵生态,51646226.97,-32.77,243650950.74,-0.8328135636,157316699.13,,31197221.94,24618990.22,227020678.93,64187976.46,63683738.45,2025-10-25
4438,002882,金龙羽,126504476.56,-27.58,2641473681.73,-5.0028157235,2293577186.77,60673760.65,50649966.85,6444531.83,2447994898.48,161362726.63,161130958.76,2025-10-25
4439,002857,三晖电气,-21301989.9,-148.06,159138038.53,-1.5890415433,108442682.71,35633577.1,26763909.88,-878815.18,190559856.02,-25896837.2,-25403231.81,2025-10-25
4440,002819,东方中科,-83896825.05,22.45,1948929860.89,-9.2426488735,1546905405.0,193380398.44,157883120.5,-125813.81,2084439407.23,-132002545.78,-132073041.68,2025-10-25
4441,002808,*ST恒久,-17047972.74,36.12,115670826.51,9.4648600308,97980685.81,5064089.43,15304119.03,-2309768.14,128743468.8,-20533946.57,-16291868.84,2025-10-25
4442,002787,华源控股,58669362.46,148.87,1879109746.88,4.9931437918,1615713420.45,23872562.03,84815432.49,26061593.42,1822172694.81,63774774.59,62831590.69,2025-10-25
4443,002785,万里石,2435811.16,-21.75,911253133.24,3.345413448,797272103.42,49925917.44,57465782.72,8251301.03,915105074.5,-9015371.04,-7996371.8,2025-10-25
4444,002783,凯龙股份,111972636.86,-34.02,2569565793.86,-5.3184495129,1804905363.57,78415148.01,310319822.62,88068460.7,2381293164.75,275125229.76,229721209.7,2025-10-25
4445,002749,国光股份,270013720.25,21.18,1435552256.07,6.4564927027,781051478.64,179841646.63,106983958.86,-11936360.17,1110466702.83,332149224.58,331768237.23,2025-10-25
4446,002748,世龙实业,23489543.63,263.97,1442480483.45,-6.6751998003,1260812251.71,6531262.79,84160008.02,6362428.55,1411210755.24,37153665.46,29811249.58,2025-10-25
4447,002706,良信股份,310638956.72,-25.04,3124456077.09,-9.5764079617,2145764567.71,276739641.54,175942312.79,-1130824.86,2837489548.27,315800965.94,351514942.16,2025-10-25
4448,002690,美亚光电,450027599.57,-20.09,1577978094.31,-4.7776134591,781942978.69,186732590.47,71773544.1,-31371633.99,1116502973.94,517303505.58,517869801.37,2025-10-25
4449,002686,亿利达,46462723.1,-14.67,1117066202.41,-2.9577261236,840612441.49,45255068.51,112699204.64,6505272.7,1069437904.33,57681456.83,58861676.88,2025-10-25
4450,002678,珠江钢琴,-137949485.53,-2230.45,526957545.04,-41.5994275771,459672260.61,42853464.33,117671913.11,-11329652.46,657021858.69,-140964638.6,-146237020.89,2025-10-25
4451,002676,顺威股份,42684110.64,40.12,2039313789.32,21.9544168631,1673742156.52,59341499.61,156665930.99,22442275.94,1973960959.67,61733552.34,59624854.28,2025-10-25
4452,002648,卫星化学,3692743139.89,7.64,32275294358.73,0.7065211373,25143856977.27,90492850.56,363232814.03,854770196.56,27869764293.19,4233300494.51,4239350627.15,2025-10-25
4453,002639,雪人集团,33579761.84,88.96,1312838959.67,-8.5750774502,982297768.02,89286705.05,117324301.03,33378734.73,1295353281.43,41922100.66,43910180.19,2025-10-25
4454,002626,金达威,220740540.59,-9.35,2342754762.46,0.950463824,1451771125.0,240011154.57,290365917.11,7080404.9,2052347262.47,302117780.71,287927027.34,2025-10-25
4455,002609,捷顺科技,43008855.77,-48.81,983488823.73,-4.9662227801,594070466.17,210660311.71,77178026.89,-8755811.94,959433652.93,54961285.14,55958556.2,2025-10-25
4456,002608,江苏国信,2920614699.26,48.47,27983726112.79,11.87,24169249350.71,41791984.41,596918153.0,656387716.37,25726388094.47,4248559966.28,4514666950.95,2025-10-25
4457,002595,豪迈科技,1416978365.08,21.23,6365106563.43,20.053737003,4166393004.55,58324191.33,179709423.15,19882295.41,4814345447.51,1617998784.34,1617663215.48,2025-10-25
4458,002578,闽发铝业,28454077.09,-2.64,1611185202.93,-18.121951697,1513204532.83,15443655.78,39330703.26,349357.12,1602122819.84,35771532.75,34837107.54,2025-10-25
4459,002571,德力股份,-32760694.49,40.03,1334754832.07,39.5966981777,1159197513.04,23027137.79,108544266.77,28750997.14,1344488190.1,-29706685.0,-29383258.33,2025-10-25
4460,002560,通达股份,71997095.5,-34.52,4308450268.41,9.2254230141,3953543553.53,59337881.12,59873554.4,32828439.68,4224383277.23,92241133.02,91374432.93,2025-10-25
4461,002554,惠博普,-76687258.62,-171.95,1610881335.38,-32.083657768,1428600833.49,79221738.31,125694926.3,53264251.93,1743419980.12,-106530935.31,-106408373.87,2025-10-25
4462,002532,天山铝业,3083994035.79,88.36,20795599700.97,-6.9278151872,16207173594.82,13795663.46,285162640.64,551556079.87,17560716511.69,3640008424.94,3639938442.41,2025-10-25
4463,002530,金财互联,3199518.59,106.85,907156824.3,5.2916043532,656324086.48,38691011.06,115564410.8,6603098.36,893157219.2,25412522.38,27705962.93,2025-10-25
4464,002519,银河电子,141948702.47,11.93,813080544.55,-3.4625876437,573050409.9,16419104.62,69722937.91,-23285522.09,758019549.56,142137383.89,141739753.48,2025-10-25
4465,002513,蓝丰生化,-185030513.69,-36.08,1426638363.1,86.9736465166,1441191157.64,32725354.49,65910801.92,33063300.79,1643457446.3,-271157962.73,-302172203.08,2025-10-25
4466,002507,涪陵榨菜,670769824.91,1.74,1962460141.64,0.5561313607,929533733.15,271979927.4,61815118.57,-77740168.1,1218363956.11,792223905.48,793032326.72,2025-10-25
4467,002488,金固股份,32370472.3,1693.86,2886051747.38,14.0763024708,2648315378.95,30451715.59,93279174.62,31018480.23,2855487468.51,36310524.0,36472747.64,2025-10-25
4468,002482,广田集团,-178133197.56,78.36,281218702.47,-60.9662118657,263463521.86,44441122.39,113589591.59,20449325.64,455759177.17,-179790171.5,-181618252.16,2025-10-25
4469,002479,富春环保,259039783.72,99.72,3534869930.99,10.774359512,2922997704.18,7128962.86,172896987.5,62973401.88,3315033012.08,370519983.27,395171167.69,2025-10-25
4470,002478,常宝股份,411340330.89,-33.82,4224507623.37,-17.4113525244,3526817883.27,32771665.25,89508622.73,-59893668.0,3760371881.5,497840100.84,500034677.35,2025-10-25
4471,002445,中南文化,35599522.96,-72.29,649514002.28,19.3078387031,489864999.81,33761372.99,26711975.03,579886.03,579826076.58,39008526.48,42746840.85,2025-10-25
4472,002443,金洲管道,122949602.11,-46.03,3408263291.79,-21.6319156744,3034820518.52,31369513.84,91861744.43,-14464237.56,3284343347.81,163234847.1,163311417.91,2025-10-25
4473,002434,万里扬,256982685.8,-20.05,4293408391.57,4.7481802576,3589483395.53,71198994.93,107043574.4,48593951.86,4072891338.68,302311896.95,298538264.81,2025-10-25
4474,002432,九安医疗,1368641707.61,52.63,2092059399.68,-23.787952088,592476733.3,312563420.61,316308436.82,9513935.5,1411084823.28,1817568543.94,1817131659.23,2025-10-25
4475,002424,ST百灵,88216031.08,-37.2,2775408246.24,-1.2217163556,1147621786.94,1202122755.4,164406544.91,64906804.14,2634183691.65,128553017.39,153834134.2,2025-10-25
4476,002416,爱施德,524991320.92,1.57,57458388237.18,-17.356714051,55246437623.34,1108944074.05,211277670.13,85200355.22,56741747446.0,809307663.29,809614692.54,2025-10-25
4477,002406,远东传动,86214528.72,38.98,955777579.57,2.7916550843,747523430.46,8703295.96,65705360.9,-7546268.57,881163025.98,109000300.56,108331611.46,2025-10-25
4478,002395,双象股份,82391027.95,75.54,1604237119.58,45.5420049005,1414173225.92,5495531.82,39974992.54,-261830.0,1521117746.44,93421641.08,93165366.83,2025-10-25
4479,002391,长青股份,43843484.44,-79.62,2666490942.22,-4.4140523061,2341805559.59,35034942.41,97249345.63,48980578.5,2660155743.74,41963339.78,31580428.06,2025-10-25
4480,002389,航天彩虹,6165211.81,-95.65,1290217593.78,-24.8233446086,983965647.89,27175091.42,181247491.47,-1322223.05,1296357841.79,16401387.23,19139102.35,2025-10-25
4481,002364,中恒电气,85981023.58,183.38,1178974725.99,20.5302384738,868313814.68,74210328.09,67805615.62,-8019277.36,1113408209.52,89995030.85,89356356.51,2025-10-25
4482,002355,兴民智通,135003103.68,175.7,602334380.57,-2.6997645623,590371313.48,11954962.03,57075196.52,23175297.33,699733913.04,219955213.36,219294154.48,2025-10-25
4483,002347,泰尔股份,-15777897.19,-252.38,737713320.79,-8.410969524,586014551.73,39850273.58,76871324.03,296790.06,758425945.31,-7208335.57,-2271393.17,2025-10-25
4484,002344,海宁皮城,72121900.87,-46.27,754575091.24,-8.7422923017,485071832.85,58639300.0,69556852.77,9984218.86,671011066.68,147660680.14,146863915.76,2025-10-25
4485,002327,富安娜,293191359.13,-15.33,1886995982.7,-1.9558603946,846025603.54,562660153.79,81613392.4,-12908386.34,1554455544.84,367437715.86,371165586.48,2025-10-25
4486,002306,*ST云网,-38582565.47,64.6,111422552.36,-23.0590375797,97340120.48,17302337.47,47518872.54,2641070.35,165021267.22,-50311101.77,-50464120.98,2025-10-25
4487,002297,博云新材,-16844081.51,-182.89,447515368.24,-2.2025858839,377521388.85,11720535.79,43129158.41,2354994.33,471015224.23,2669179.26,-13899369.73,2025-10-25
4488,002281,光迅科技,464003874.57,12.26,5377786127.88,24.2891526723,4102853871.58,136035792.08,108238069.44,-72418938.09,4795279061.39,497233999.49,501299240.31,2025-10-25
4489,002264,新华都,190333531.46,19.55,2774834398.79,41.1524809547,2111951537.23,381671348.14,84774331.73,-5340539.15,2587802791.8,208700516.34,208136014.63,2025-10-25
4490,002262,恩华药业,1020107123.07,15.18,4145463113.62,13.3884003999,1088072577.17,1251569944.16,178668886.12,-12166581.96,2995908599.95,1171393445.37,1152398257.88,2025-10-25
4491,002258,利尔化学,131899456.21,-76.44,5188164330.49,-13.6230542219,4340285598.57,96562011.25,297495886.22,42889731.31,5001977331.98,217336335.85,216987356.45,2025-10-25
4492,002254,泰和新材,149537975.05,-45.75,2922517559.02,0.4337808276,2425576094.12,69348020.19,204699422.39,-7040020.96,2878316365.36,114346277.49,114841902.66,2025-10-25
4493,002241,歌尔股份,2345214642.14,162.88,69645866228.04,-5.8175629731,61675009250.1,451721648.1,1484851000.08,106966409.77,67266555187.01,2521256259.63,2466341628.11,2025-10-25
4494,002240,盛新锂能,-461654377.82,-142.17,3498040469.65,-47.2272002222,3391368035.22,9428738.2,274674264.28,255436541.32,3966059331.22,-466761155.77,-473024945.93,2025-10-25
4495,002236,大华股份,2545010271.97,-1.74,22450081877.91,0.7702401722,13384476816.95,3422402593.82,791951815.79,-241516249.89,20479553255.38,2568473334.97,2574849150.72,2025-10-25
4496,002234,民和股份,-217227090.73,-84.02,1576208084.91,-3.4369509207,1488447565.64,106074362.17,93239319.61,24782642.1,1737894734.37,-219985544.51,-219864414.49,2025-10-25
4497,002232,启明信息,-33495007.46,-151.59,452854778.33,-43.1976276152,351004961.51,7136562.87,89729409.03,-8749436.85,472111495.2,-34542840.61,-31321092.18,2025-10-25
4498,002226,江南化工,749733780.78,7.1,6698667871.25,3.4757027041,4570436214.83,107917284.09,576943734.41,95890122.54,5618197240.01,1175281732.49,1175282761.59,2025-10-25
4499,002223,鱼跃医疗,1531593657.16,-30.09,6027852090.96,-9.5321444689,3010807659.37,925653930.09,310225370.77,-131385735.67,4578931808.83,1753251085.08,1755145119.9,2025-10-25
4500,002202,金风科技,1792112154.82,42.14,35839176952.76,22.2378650499,29949327647.52,1253561230.29,1342077506.3,676924385.54,34872225540.46,2373619313.26,2363917456.64,2025-10-25
4501,002192,融捷股份,182770573.02,-48.94,403757846.2,-51.8354606226,218134054.95,2740014.0,63788629.3,2181224.49,314606581.91,197789110.45,193555434.24,2025-10-25
4502,002190,成飞集成,-25726202.03,-188.7,1565439670.35,11.5893277318,1405767186.34,4187162.12,33974401.28,10348911.86,1532513879.36,36475982.67,35255355.36,2025-10-25
4503,002173,创新医疗,-27844147.16,-95.88,610403522.18,0.5331553269,549235540.15,7847677.8,76443328.95,-5558792.68,636374560.84,-28154976.79,-29006505.08,2025-10-25
4504,002171,楚江新材,16221597.19,-95.3,39006802010.08,15.1528690434,38047033309.51,90474618.96,246949172.49,173767944.26,39445148180.88,28556872.97,27416884.58,2025-10-25
4505,002167,东方锆业,-41298297.25,-446.95,1233787757.04,16.5541102423,1110920003.22,5973151.66,92566019.39,7397435.82,1282859675.25,-57806204.16,-57959273.28,2025-10-25
4506,002165,红宝丽,46093503.54,4.69,1899661465.95,2.3330033009,1608331479.67,27552407.26,129041031.67,48817568.25,1886637381.53,37431989.93,36375288.89,2025-10-25
4507,002162,悦心健康,-33072851.16,-130.38,888897808.68,-5.2674824017,700788490.68,125399345.99,56358628.21,14790189.03,912768563.09,-31000906.45,-30323759.81,2025-10-25
4508,002150,正泰电源,107434395.97,151.47,2440496411.23,45.4106916163,1711689537.85,202822336.62,172817516.24,9288196.49,2218434694.58,213174133.16,215615869.56,2025-10-25
4509,002121,科陆电子,-153446854.45,-97.53,2905428192.01,-13.1485110902,1994636933.16,257159961.63,271732930.54,207283356.84,3010394667.86,-204686188.63,-183768746.81,2025-10-25
4510,002117,东港股份,80220987.0,-40.61,775803120.19,-12.0654851193,527531115.53,35143305.3,69811275.45,734788.08,684457667.21,94184161.29,93876083.29,2025-10-25
4511,002105,信隆健康,837649.51,-96.22,818126774.64,10.6824087402,686847027.3,25925254.39,63910837.7,3269143.47,817159759.69,1671738.63,2240501.56,2025-10-25
4512,002097,山河智能,34818745.23,-25.59,5164681698.6,-1.8463635568,3740996804.61,428240035.07,451001330.56,281604306.24,5123536826.17,18959317.01,18247284.48,2025-10-25
4513,002093,国脉科技,148111972.58,66.99,365167817.16,14.9136208862,170203358.18,7450515.77,46942606.76,5390045.51,253178430.73,189612302.94,186489914.36,2025-10-25
4514,002085,万丰奥威,563525206.15,5.07,11370268122.28,-1.9701769779,9380583263.53,139235041.19,556572581.88,103913791.43,10548051658.03,921268035.67,935537189.67,2025-10-25
4515,002074,国轩高科,412341982.84,41.11,25174850704.11,15.5950121887,20935077627.72,260232165.2,1143293587.42,762203193.45,24647549448.22,433350150.54,421415457.81,2025-10-25
4516,002064,华峰化学,2014617736.84,4.46,20372576369.44,3.5090919303,17195152458.59,144762149.78,296183250.14,-122178740.39,18309593055.4,2327328350.77,2287260871.37,2025-10-25
4517,002063,远光软件,110370793.89,-27.21,1538975398.63,-1.4361986488,661867331.11,126745412.28,152600333.18,393110.3,1449424343.01,107454614.51,107538743.3,2025-10-25
4518,002033,丽江股份,192276433.52,-9.22,635646072.63,-0.9615216752,249411382.67,22166146.24,99346799.3,-1007613.99,384740978.76,262981866.09,260810570.65,2025-10-25
4519,002011,盾安环境,648767826.59,20.1,9335758850.23,10.5422197816,7651162061.96,236058032.92,272616261.34,7003204.0,8556200121.51,751335542.68,749695459.0,2025-10-25
4520,002009,天奇股份,-58025787.8,83.14,2086585758.19,-24.2104674976,1807609963.36,43012095.51,163325038.7,58036196.44,2166592520.3,-47937657.97,-48405392.45,2025-10-25
4521,001400,江顺科技,109354302.26,3.400990246555,826069543.2,8.2074241859,536517843.28,40215458.08,78272858.36,2579800.39,704416040.73,128359959.03,128331382.22,2025-10-25
4522,001328,登康口腔,117937732.55,9.54,1052921002.65,4.1209073309,534308338.4,329301359.45,44084291.7,-8041405.7,944834595.53,137124904.12,137271125.39,2025-10-25
4523,001299,美能能源,54594497.74,10.25,438946024.39,18.2459651706,360241071.61,7803807.25,27045983.66,-6280401.43,390975362.77,64279987.03,64418053.64,2025-10-25
4524,001260,坤泰股份,41061418.98,11.51,453246424.28,32.6465475497,329146853.26,9302267.57,39269540.43,3083106.2,400696010.15,51440437.31,48203384.9,2025-10-25
4525,001219,青岛食品,86600287.21,15.66,395264847.29,4.9616468418,247397020.57,21562071.42,21316631.07,-2125660.92,294464756.75,114715344.33,114728287.14,2025-10-25
4526,001210,金房能源,62953989.43,0.53,629991821.56,18.6458044549,485037087.12,9970629.94,35116968.15,-3898783.84,546821701.66,71421644.12,71339065.97,2025-10-25
4527,001205,盛航股份,134737885.22,15.61,1130772950.61,28.8200554553,818568737.71,4999161.91,56850144.54,64863466.95,976604528.94,181255902.74,181908857.38,2025-10-25
4528,001203,大中矿业,661891029.84,-19.79,2977710115.45,4.892423033,1467703605.9,2581257.94,299682568.94,207921440.41,2209666638.34,792888536.32,779378763.33,2025-10-25
4529,000999,华润三九,2959832869.41,23.19,19740286995.36,6.0849133647,9341054994.24,4751161552.64,1073534964.41,-13326452.64,15866273120.81,3886842011.03,3984603385.71,2025-10-25
4530,000990,诚志股份,218451236.39,67.12,8237562153.58,-17.7626775886,6944245029.81,76849310.93,356638951.28,106375760.35,7744903559.52,423827439.5,422709695.85,2025-10-25
4531,000965,天保基建,890093.28,100.81,1567701442.0,2.98488622,1330453764.49,48446614.26,23456021.71,86635859.33,1466493697.81,38553082.08,38936184.77,2025-10-25
4532,000962,东方钽业,156087404.86,6.58,895123942.66,14.6278228754,722202372.97,4412723.47,50669650.67,808512.7,812203123.02,156014878.06,157157661.47,2025-10-25
4533,000917,电广传媒,60989348.04,-23.52,2742471328.86,-6.2267250567,1988147004.08,212713766.6,350159028.24,80555391.08,2731806693.02,252869416.36,258278949.93,2025-10-25
4534,000915,华特达因,365422491.85,-20.7,1377987328.97,-19.8263911034,219969542.33,249967125.01,59315569.94,-21225201.75,596096670.43,820579736.08,822344901.43,2025-10-25
4535,000909,ST数源,48193111.5,53.25,235409972.0,-60.0143581447,111489242.8,6674472.91,52439444.15,41576219.45,247386968.58,68530996.95,68779525.19,2025-10-25
4536,000906,浙商中拓,362004251.63,-30.7,147210446987.45,-3.0285740927,145583108086.05,323285113.9,384837849.14,484772665.96,146982234629.68,618620074.04,614448825.28,2025-10-25
4537,000905,厦门港务,189894501.11,-13.87,17992514131.13,5.7351096008,17524275017.7,13021037.7,201294076.68,105529119.13,17882158531.86,333836731.65,345527701.04,2025-10-25
4538,000899,赣能股份,639061642.16,56.68,5105949178.8,-5.1691352202,4252535845.28,253169.27,102111091.03,145640402.8,4587635349.87,610654200.24,638077451.23,2025-10-25
4539,000878,云南铜业,1522363517.93,0.3,129055549380.31,16.7343804564,124646801116.09,167244612.86,896680751.46,452273644.66,126774514000.73,2597476385.11,2567455737.9,2025-10-25
4540,000869,张裕A,223954132.0,-47.25,2197300790.0,-21.5592912206,900158317.0,640763707.0,199964997.0,1808317.0,1924329373.0,316534976.0,317293129.0,2025-10-25
4541,000868,安凯客车,-5359003.28,90.49,1694235739.09,20.0751698116,1538797379.95,103239938.1,61186219.83,-5029375.23,1788290642.62,-12356556.22,-12410535.28,2025-10-25
4542,000862,银星能源,190529592.4,-5.65,930122640.36,-11.0774041696,595293639.86,50126.5,45040038.84,103645598.34,759616985.19,204160885.41,222932266.53,2025-10-25
4543,000822,山东海化,171778407.27,-74.19,4818657162.07,-23.6133155814,4117754510.7,54108000.1,223360105.55,-1615877.1,4538584922.11,220872871.59,223636241.89,2025-10-25
4544,000821,ST京机,432954694.64,45.08,6659357970.87,34.4290630698,5392772260.29,202754301.02,242713269.5,-9313570.06,6175506742.15,534353290.42,534594637.64,2025-10-25
4545,000816,智慧农业,31206115.54,127.57,1122349140.7,1.6073192396,895639382.76,55782506.51,69323196.76,648055.44,1050836354.35,88478021.03,84414939.93,2025-10-25
4546,000813,德展健康,8089554.12,-86.82,354472693.3,5.7673786477,136624067.32,61587510.18,141503107.32,-50719319.45,333494551.73,9633.25,-962035.15,2025-10-25
4547,000810,创维数字,236477079.44,-47.19,6618372618.52,-13.2371816252,5704396830.64,334173449.66,128584556.63,-40496438.19,6525375756.84,218342456.5,223387483.78,2025-10-25
4548,000807,云铝股份,3819929223.11,52.49,39185564066.54,31.668301049,33444877059.58,27631341.5,473758142.95,22904238.23,34326539063.48,5260833867.84,5264591030.1,2025-10-25
4549,000802,北京文化,-39910578.88,70.41,99366662.49,-28.0592193488,75901396.6,,59292698.25,15112391.07,150984562.21,-41535470.8,-38300591.62,2025-10-25
4550,000792,盐湖股份,3141250657.48,-43.91,10448582090.68,-33.8277920947,4758156250.55,67800733.85,847173048.47,-234068772.04,6524817775.2,4101528649.12,3950240821.41,2025-10-25
4551,000786,北新建材,3145095726.69,14.12,20363617126.41,19.4403931728,14121475649.37,1009037610.03,825975658.6,63755980.39,17065812894.14,3495336998.06,3464290676.03,2025-10-25
4552,000779,甘咨询,180325032.63,-3.06,1370363905.88,-19.3188488052,817056895.93,,230322390.52,-25357106.42,1089035715.35,214596660.19,216351127.17,2025-10-25
4553,000756,新华制药,344079950.67,-12.22,6734166240.75,3.6418644355,5151913375.72,504223794.96,292405195.99,10214383.71,6337089365.67,398270352.14,392917627.43,2025-10-25
4554,000753,漳州发展,49276512.04,4.07,2086749826.41,-7.2868350182,1766615405.04,99085762.17,104021396.07,-100165094.54,1879893812.78,112724173.44,116548394.03,2025-10-25
4555,000751,锌业股份,4248735.65,-91.25,11485315866.77,-14.4722908606,11139119876.23,4940575.36,133963183.74,141517695.33,11494001623.06,9993456.03,16244310.43,2025-10-25
4556,000737,北方铜业,546686451.86,5.18,18229702941.69,160.4952798648,16868016002.94,48047604.58,134709373.86,227982130.79,17429591509.86,715501844.8,715241938.27,2025-10-25
4557,000733,振华科技,644538581.18,-68.69,3739583312.29,-37.9730236054,1884978097.37,216440994.97,530591019.3,8763395.14,2945983519.61,748306340.84,749114984.97,2025-10-25
4558,000721,西安饮食,-88630978.66,-35.66,512027839.18,-12.5625079107,499883831.93,25026943.6,52242227.44,22711207.66,604853756.64,-89612276.43,-90185244.07,2025-10-25
4559,000715,中兴商业,55258800.79,-30.89,566352460.98,-7.8536944609,248484672.55,42401243.78,209954292.94,-14258718.33,507657890.95,71180794.87,73593142.35,2025-10-25
4560,000708,中信特钢,3836118926.59,-12.3,83503839526.13,-3.3674235705,73174006178.55,501014962.86,1530221217.45,649882546.57,79784771786.45,4491173529.77,4487671091.74,2025-10-25
4561,000701,厦门信达,-141788798.97,-46.95,34285751916.83,-38.7304432811,33495554825.86,338836505.96,318434826.6,235197874.64,34489176249.85,-176615280.02,-147840542.92,2025-10-25
4562,000698,ST沈化,-187012806.79,39.41,3605609576.19,-2.1642947466,3329970398.1,15659129.95,188750912.09,26063367.48,3680143119.45,-183482749.66,-174437688.3,2025-10-25
4563,000682,东方电子,421187396.33,22.26,4630797259.92,12.9571247442,3112757998.81,508300739.47,240175362.75,-56066417.39,4273366339.58,436043383.28,436840320.51,2025-10-25
4564,000670,盈方微,-36520562.23,-3.91,2927026071.41,24.1585965553,2778984089.18,28640011.24,61982478.71,36773720.74,2913215718.36,7826383.63,7824417.21,2025-10-25
4565,000652,泰达股份,137436797.8,1.0,14365728792.72,9.9322234762,13856279582.86,19908208.51,124819162.89,423089458.04,14496817971.8,112060873.43,108545922.36,2025-10-25
4566,000639,西王食品,62588438.35,894.16,3813846352.46,-7.9165912052,2909411994.95,535148179.24,130235940.42,98847595.51,3721186169.44,93425704.09,73571954.49,2025-10-25
4567,000637,茂化实华,-114508466.25,-127.62,2852495462.23,-29.4846911758,2710584082.68,25983476.03,144394685.98,28934362.2,2946187976.75,-95537135.55,-91433653.01,2025-10-25
4568,000625,长安汽车,3579846932.75,-63.78,110959596291.71,2.5444695591,94999292984.17,4707208168.75,3529356603.75,-741376824.3,109876124615.37,2809791983.9,2888533476.53,2025-10-25
4569,000610,西安旅游,-86840133.09,-34.56,435197355.43,-18.3519564399,411161362.41,41189598.31,38400938.45,32567937.34,529276579.06,-94179752.76,-94112214.31,2025-10-25
4570,000599,青岛双星,-181057604.61,1.97,3321827833.28,-4.3122462431,3001939758.8,115672610.75,177175953.82,125570356.66,3605228745.24,-205883424.46,-205048212.72,2025-10-25
4571,000595,*ST宝实,-29358482.15,-18.74,467824397.99,4.0905326309,360089465.68,11153002.83,37768753.24,73870020.72,494030457.71,-22719737.08,-20325152.19,2025-10-25
4572,000576,甘化科工,20028378.09,-57.3,278380642.97,0.1353397212,126409979.09,24518987.64,40346314.57,-241315.42,262527969.16,15195933.56,17439803.49,2025-10-25
4573,000543,皖能电力,1582646082.38,21.29,22540532328.13,11.5241706545,19774055155.54,15782112.64,128924390.26,641920209.56,20838594033.82,2629078875.9,2605181460.62,2025-10-25
4574,000528,柳工,1320624799.94,59.82,22855931683.88,8.249614126,17783342668.34,1653094414.97,601050116.38,119612607.97,21039331518.94,1544946006.37,1572761207.37,2025-10-25
4575,000518,*ST四环,-14617155.78,66.26,155994341.01,-13.3054654161,48586241.13,56857787.86,42952796.62,1586720.19,171712575.42,-15605304.74,-15532421.6,2025-10-25
4576,000505,京粮控股,27854428.81,-64.6,9493366801.12,18.0696441459,9098909635.02,106660404.09,139199799.64,35109894.91,9413875873.25,48914611.24,54739017.88,2025-10-25
4577,000430,ST张家界,-64725053.27,-53.36,310205673.94,-5.0784448792,254347319.62,11367544.09,43390762.08,45237336.78,368301093.36,-50401823.43,-50962086.68,2025-10-25
4578,000423,东阿阿胶,1152430681.58,47.0,4565150465.64,26.2798266417,1353191828.0,1635214721.95,275960550.81,-76727918.53,3333590680.7,1343003637.94,1349136063.62,2025-10-25
4579,000422,湖北宜化,1066362887.28,94.92,19810952887.41,-1.3393513119,15251524442.09,112005571.82,616036572.58,357575058.97,17488470705.37,1879985173.75,2101529045.69,2025-10-25
4580,000419,通程控股,146181673.66,23.76,1395117759.41,-10.3487284083,957614592.6,124948510.0,173066467.23,15213090.17,1289892135.33,202259998.67,207988982.82,2025-10-25
4581,000151,中成股份,-142846372.77,-1095.68,914906842.24,-59.3501530524,919007050.17,24798564.16,128317794.29,14933240.95,1129042282.41,-240755870.6,-240687544.87,2025-10-25
4582,000089,深圳机场,326870150.31,99.38,3465307094.68,13.9202320575,2736738645.09,11627857.21,106460976.34,250954640.4,3161416363.99,409925679.13,408213379.11,2025-10-25
4583,000056,皇庭国际,-261575350.07,48.84,522735624.23,-48.4123637638,209721332.49,7049166.68,69155130.44,500952345.41,805640650.72,-268490031.44,-266367461.59,2025-10-25
4584,000026,飞亚达,197622948.56,-25.58,3039766900.13,-13.8203304062,1910085181.05,673760699.02,127780770.41,14165204.14,2789227954.27,258696896.2,259893448.62,2025-10-25
4585,000020,深华发A,14243050.41,14.45,606267906.59,0.7449295481,533563290.0,18665947.32,26382339.46,-908109.37,589697107.23,17564985.89,17852389.56,2025-10-25
4586,000001,平安银行,39729000000.0,0.2,111582000000.0,-12.5765861761,,,30576000000.0,,63713000000.0,47869000000.0,47744000000.0,2025-10-25
4587,688783,西安奕材,-589057395.49,,1433786124.37,,1370130169.76,46974166.62,150653907.93,119259628.94,1885987918.78,-589547964.61,-589057395.49,2025-10-24
4588,688779,五矿新能,-172465635.37,-338.75,3773132152.18,-54.8962812144,3576949069.04,14535659.35,74110142.98,81257736.66,3948590969.94,-82092840.65,-88665562.95,2025-10-24
4589,688765,禾元生物,-111830677.01,,21490043.37,,7437600.69,3340119.9,41697895.64,1729712.82,144540755.34,-111830677.01,-111830677.01,2025-10-24
4590,688721,龙图光罩,71568858.96,14.41,186963269.46,15.8950326329,78714369.7,5972304.33,8735415.56,-1950501.59,110175927.37,79354884.29,79364620.47,2025-10-24
4591,688719,爱科赛博,35193351.82,-61.15,594468381.97,15.0742355924,369679718.26,50222652.45,49284596.68,-11929714.47,562710210.89,32963980.2,31334897.15,2025-10-24
4592,688700,东威科技,68401354.32,-54.12,579677291.04,-20.6796931247,371645515.67,28798372.81,43994862.84,-1936259.43,511226791.97,72270275.35,72091484.68,2025-10-24
4593,688698,伟创电气,210449321.02,34.09,1156979008.95,22.3686975508,692193422.23,83348465.04,52217609.46,-18217132.28,957948057.99,213854126.3,214816530.53,2025-10-24
4594,688687,凯因科技,108066919.87,19.74,1010593187.53,0.8245504459,182488566.82,492772014.69,86790354.47,-11645865.76,862798315.43,158925869.79,145235487.27,2025-10-24
4595,688636,智明达,-9156750.75,-114.85,208663030.83,-47.7103273819,105909219.01,19244963.76,27282499.68,2453358.28,234219844.8,-16100785.54,-16124816.24,2025-10-24
4596,688600,皖仪科技,-26683108.65,-248.09,455704274.66,-9.7748751633,244878952.26,102673470.09,38158807.89,772546.38,508083082.92,-25580180.2,-25757726.92,2025-10-24
4597,688336,三生国健,233048900.0,42.18,939404600.0,28.5791227892,231295900.0,188190600.0,56539900.0,-43383700.0,693919000.0,261655700.0,244767100.0,2025-10-24
4598,688315,诺禾致源,134455987.69,7.33,1519180271.23,6.3049609121,872095218.22,298100193.95,119519378.37,-6944425.92,1363364801.99,159221371.4,158093518.26,2025-10-24
4599,688308,欧科亿,89832640.34,-43.7,894969111.33,11.2231401901,663777072.73,29948161.68,32356362.2,12369878.51,804809001.82,100382768.33,100216212.11,2025-10-24
4600,688285,高铁电气,23541977.22,-59.65,621540753.06,-18.4138989392,497397235.1,23887677.54,26488263.33,-205292.47,592957848.25,30979157.52,30726497.73,2025-10-24
4601,688258,卓易信息,20088361.63,-62.84,243383695.98,4.5261653041,128707967.67,6649527.62,39251980.24,4139775.43,239092098.48,25226532.83,24964416.42,2025-10-24
4602,688186,广大特材,79314074.62,-27.7,2959333446.65,0.1298531497,2499845729.87,14504428.72,114286924.81,115624907.21,2900428738.24,105415802.32,106414505.01,2025-10-24
4603,688150,莱特光电,129753161.26,131.7,356191786.76,79.9052166774,119727471.61,8561875.83,38592027.22,498242.3,216714634.79,147708100.95,147442128.76,2025-10-24
4604,688114,华大智造,-463354782.9,-134.28300787594,1869062681.62,-15.1897766467,763899672.36,588020231.52,399672941.15,-22137827.01,2295399468.98,-418871267.21,-417184144.85,2025-10-24
4605,688068,热景生物,-40638579.96,-174.73,386162937.71,-5.1002652986,183673367.75,129084145.72,70854336.71,-20065323.07,444863278.09,-38292614.03,-37851457.3,2025-10-24
4606,688063,派能科技,37370530.86,-94.29,1412167194.31,-53.6879294974,944918844.0,59142539.35,77447116.86,-49589449.93,1333706114.41,69879471.43,69193478.63,2025-10-24
4607,688038,中科通达,1758408.15,109.137175278863,225229885.52,41.6963819228,169578198.96,20090909.89,20230292.23,2405133.06,239298511.41,-1714881.83,-1713098.18,2025-10-24
4608,688013,天臣医疗,42751708.14,29.11,202085550.04,11.2191005551,84471120.69,28349936.77,24266542.24,-3095065.54,160735601.42,46091890.31,46220798.46,2025-10-24
4609,688004,博汇科技,-34851980.27,-6.609737705429,110224969.81,-9.4684402197,66758745.53,39203819.4,11751307.44,-325985.58,152644579.71,-33884449.16,-34400191.62,2025-10-24
4610,605389,长龄液压,91652383.76,19.12,678689370.54,17.8843659008,494584680.25,15253490.47,29235181.99,-7628882.63,566761801.87,116130890.86,116044511.66,2025-10-24
4611,605377,华旺科技,408524463.9,2.94,2851105671.98,-4.451441682,2360273545.95,19525733.82,39434387.94,-15582226.75,2498118819.6,418082246.21,417256423.99,2025-10-24
4612,605259,绿田机械,138787937.45,-7.2,1569393293.95,27.349815641,1283902728.22,42793100.7,38215128.0,-27451420.15,1399788914.64,154068695.82,154091260.26,2025-10-24
4613,603998,方盛制药,228138496.75,60.66,1347963171.04,10.9514259624,365894825.75,547605801.46,103654774.8,6714761.25,1150514693.55,249015829.13,249980029.93,2025-10-24
4614,603977,国泰集团,218522441.63,-3.16,1703760472.46,-5.9151830965,1114148454.74,58839867.37,191143343.69,2832118.48,1476382570.06,282716385.22,282210238.1,2025-10-24
4615,603938,三孚股份,50532169.33,-71.04,1343704991.37,-18.2050649734,1133885551.56,25156559.87,56927526.73,7720966.83,1289795621.41,58583900.9,58635381.79,2025-10-24
4616,603900,莱绅通灵,-46387685.85,-140.570705297413,882451131.27,55.7848551051,558339814.12,272701634.77,77733148.1,542214.1,932348622.62,-55029078.86,-54307674.03,2025-10-24
4617,603877,太平鸟,107814015.25,-48.55,4541599747.01,-13.0531400438,2048607945.05,1837144986.6,363529654.95,43456757.59,4457551426.29,144128559.86,148435909.46,2025-10-24
4618,603637,镇海股份,56183223.54,-1.59,327687182.35,-8.4698544462,262756932.07,1957408.02,20036510.33,-18811536.68,281615886.31,64865233.3,64873034.46,2025-10-24
4619,603529,爱玛科技,1553576880.88,-0.25,17464143553.63,0.0489187506,14422317078.73,616098597.28,447966210.15,-216074933.02,15816927765.61,1809210925.16,1826212045.69,2025-10-24
4620,603236,移远通信,356658200.8,2078.72639252968,13245900486.06,32.9002920502,10871075433.98,358865304.33,302472289.06,80210778.39,12851410096.47,353914254.05,349804700.05,2025-10-24
4621,603208,江山欧派,163570200.28,-43.86,2257083847.73,-16.558462461,1770232195.61,135348634.36,62061850.81,14705611.99,2077584465.46,177786186.77,182852466.94,2025-10-24
4622,603160,汇顶科技,448114129.63,3499.3,3222596255.55,0.8189487986,1877641882.25,118578708.94,126068902.55,-74347793.0,2792434115.51,523196698.09,521311465.83,2025-10-24
4623,603093,南华期货,358330786.81,20.07,1025308704.77,-7.9875451174,,,521734516.18,,611033027.6,414275677.17,414949356.42,2025-10-24
4624,603088,宁波精达,118694897.52,1.66,582211385.42,14.8139248745,329952976.27,56783221.11,26514009.66,-7053572.64,441869198.13,139071628.42,138587844.91,2025-10-24
4625,603062,麦加芯彩,140015770.98,-9.84,1394316782.1,80.4960786212,1108259037.04,40970231.03,32689218.54,-3436810.82,1226300478.8,163284022.57,161758546.74,2025-10-24
4626,603050,科林电气,148955076.64,-17.07,2601003365.79,12.2119761281,2008970230.99,167424854.11,85375513.59,28910824.31,2435202050.19,166571886.6,166989258.79,2025-10-24
4627,603025,大豪科技,492148163.45,68.93,1913405778.86,35.6293345449,1104826968.56,52746700.08,74049814.03,1910569.52,1384142609.76,581899498.18,585947522.82,2025-10-24
4628,603023,威帝股份,3548316.41,93.17,46210614.87,2.7465558584,32928556.58,3003136.09,5519385.76,-6008374.74,45092435.37,3672358.98,3654323.9,2025-10-24
4629,601929,吉视传媒,-309589808.61,-60.46,1426608035.55,3.4478092082,1222423671.26,147759616.94,225426965.3,127093982.48,1787513081.38,-321034342.01,-307560739.07,2025-10-24
4630,601686,友发集团,100454098.24,-77.07,40070364989.55,-13.3676914599,39195447940.02,139709699.21,239773559.3,67926117.75,39849880406.24,219112892.83,209573675.96,2025-10-24
4631,601208,东材科技,236188002.94,-22.77,3245352849.69,14.8454122678,2771548434.87,40686265.27,58101048.48,65012009.69,3102564310.2,245891024.0,248197452.0,2025-10-24
4632,601065,江盐集团,356914767.07,0.49,2008067088.41,-9.0153618764,1277712780.61,93820528.14,120338077.64,-4458194.71,1611629411.38,426047969.06,429046027.79,2025-10-24
4633,600989,宝丰能源,4536790404.8,16.6,24274564004.33,18.9889320866,16079884475.43,83353998.56,652816153.02,560171735.12,18536292375.05,5781395561.93,5318092282.26,2025-10-24
4634,600987,航民股份,475305297.38,5.23,8677934625.56,18.3360857082,7359438024.4,111128590.71,163942928.83,14746111.38,7828294426.91,663339393.39,665947075.83,2025-10-24
4635,600971,恒源煤电,944773052.1,-42.15,5407956808.86,-9.3718003047,3310810600.86,47235540.71,528477488.74,20525972.18,4395199688.05,1105142183.17,1089349425.12,2025-10-24
4636,600970,中材国际,2059824699.63,2.9,31731128090.45,0.7027455911,25745426832.74,363614589.22,1515854029.42,278679639.82,29192776228.0,2531612798.36,2544967483.81,2025-10-24
4637,600959,江苏有线,222265754.76,-15.38,5645227922.2,4.4639823035,4316790469.41,478925577.14,955323449.84,-17621773.16,5816700002.32,39452474.66,340154080.61,2025-10-24
4638,600724,宁波富达,160014290.76,-0.85,1242392251.19,-50.8291927647,940966821.34,34355151.64,60413854.37,-8433851.99,1072111238.09,199501708.26,203364696.09,2025-10-24
4639,600711,盛屯矿业,1700631412.18,623.39,17657863751.36,-3.8220574358,13856026641.16,21994942.17,560583364.73,485225354.68,15507917570.34,2002869813.71,1970868937.36,2025-10-24
4640,600710,苏美达,1003079824.34,12.03,86972787432.13,-9.4952986732,81303873187.3,1166164412.12,708546803.55,144028553.26,83864195628.78,3082555768.04,3200714884.41,2025-10-24
4641,600584,长电科技,1076362902.49,10.55,24977909038.59,22.2618774489,21747982792.31,186536780.08,532611310.1,108459452.08,23862992580.86,1174419694.65,1172207390.76,2025-10-24
4642,600481,双良节能,-1339479226.0,-195.47,10346604131.14,-44.9293423836,10386608819.91,182900549.15,259287186.73,315907185.08,11434187255.83,-1604861415.84,-1608187329.12,2025-10-24
4643,600435,北方导航,-73750858.14,-139.88,796196861.45,-66.7974690153,547435157.93,37900229.8,166190707.09,-15791580.24,911082919.88,-102986944.0,-98662315.56,2025-10-24
4644,600428,中远海特,1202226020.81,31.38,12043213983.84,32.9990221915,9555092056.93,47910914.93,739883251.75,315452199.26,10723910588.54,1551154080.31,1598074928.1,2025-10-24
4645,600419,天润乳业,22269347.41,-84.37,2155770757.83,3.4999643596,1764557241.0,131775024.51,78460601.83,29181475.8,2032451744.73,93593197.76,1190735.39,2025-10-24
4646,600310,广西能源,449605015.91,1987.94,2917403933.68,-80.2674844306,2088964100.8,719607.3,101613617.67,317106319.84,2539576192.1,652846993.35,661947744.16,2025-10-24
4647,600293,三峡新材,14068472.75,-44.99,1234012327.64,-18.45488504,1130991556.08,2804788.52,28669824.02,12341834.38,1244552387.02,17850610.66,17105793.14,2025-10-24
4648,600173,卧龙新能,132190063.28,-54.56,3062423315.0,-44.0107755317,2507927464.02,57333561.45,101731651.29,20857702.34,2754602645.98,248266198.24,245707226.69,2025-10-24
4649,600160,巨化股份,1248221706.37,68.4,17906425123.36,11.826687892,14871848606.82,123447514.76,616805988.97,60538622.07,16578977701.11,1545175673.31,1552282728.35,2025-10-24
4650,600015,华夏银行,18511000000.0,3.1,71135000000.0,0.0365635855,,,21453000000.0,,46100000000.0,25035000000.0,25045000000.0,2025-10-24
4651,301656,联合动力,572299564.28,,10718120102.49,,8971825649.47,64348981.15,253003099.83,-3250197.58,9953847969.35,589331612.94,590203172.82,2025-10-24
4652,301631,壹连科技,183670479.01,3.74,2719660658.39,32.2628557438,2275557283.02,27666079.78,77635126.34,8137995.19,2503314387.06,225547616.59,225075518.35,2025-10-24
4653,301626,苏州天脉,140400458.46,29.63,691112868.28,1.7321947276,410990299.38,20372688.3,51382043.29,-696368.7,539057883.57,157910950.97,158889919.85,2025-10-24
4654,301617,博苑股份,170721927.11,19.09,1007011836.03,34.9105318196,749586886.26,7961951.61,21249831.84,-1121327.68,815679320.44,195312087.36,195302327.44,2025-10-24
4655,301616,浙江华业,74280535.0,46.477503983341,665389387.5,21.1822652921,496807616.42,19599926.31,30019335.26,6823694.63,579078637.31,86026030.64,85985850.64,2025-10-24
4656,301608,博实结,134734939.35,0.17,1045488501.8,23.5982698565,803560368.69,18877854.64,22063734.01,-6840910.48,904535193.45,150697347.39,150401040.43,2025-10-24
4657,301581,黄山谷捷,90331709.23,-17.36,482017194.56,-13.8002840192,361573404.05,1666171.35,7318912.36,-1677491.72,386460436.24,108076302.98,108054222.89,2025-10-24
4658,301559,中集环科,180128350.74,-62.98,2354149463.26,-38.6289906995,1958742415.53,16614126.44,84277999.45,-30731057.96,2145382549.2,205063551.98,206442377.66,2025-10-24
4659,301551,无线传媒,189008224.01,-14.14,458032155.82,-7.0756461214,215285572.09,24442336.69,11899470.46,-23562009.04,244384716.65,216742424.57,216661909.52,2025-10-24
4660,301548,崇德科技,85273462.28,5.19,370383832.16,-4.5939689967,230417274.77,18431686.69,23406516.25,-2097731.11,288952397.77,98755236.09,98724792.12,2025-10-24
4661,301448,开创电气,54790678.98,37.33,562850543.01,32.2138140801,426237500.8,30399431.54,35818809.55,-7056438.64,503405908.37,62480136.4,62480040.61,2025-10-24
4662,301429,森泰股份,54847736.24,48.27,638370818.65,46.0680804712,459170314.64,86942086.65,34410896.19,-804030.18,605111369.16,50681993.76,49191008.9,2025-10-24
4663,301419,阿莱德,27640601.26,-51.74,252950335.41,-18.6471758146,157949522.03,9710195.02,32991687.29,-5362825.03,223048933.71,30279450.44,29723590.44,2025-10-24
4664,301413,安培龙,62396441.63,2.37,661788869.92,20.8865237379,453787353.6,16099229.57,62805587.99,10049192.66,589976683.27,71151772.96,68034541.3,2025-10-24
4665,301398,星源卓镁,56080118.37,-3.72,287994213.24,13.5362901111,190893473.64,6908678.15,17704280.44,-3594997.38,229512617.3,63495980.41,63457227.94,2025-10-24
4666,301377,鼎泰高科,172207181.62,1.75,1128573047.08,21.7170703232,727009142.68,48283764.13,73962667.28,6106643.92,944309710.22,195407261.4,195084524.62,2025-10-24
4667,301371,敷尔佳,513721618.43,-4.2,1466382190.25,9.4743543871,269123285.93,492187132.73,63127137.27,-68540753.63,810701627.08,686373362.92,687854296.82,2025-10-24
4668,301297,富乐德,184297405.01,18.07,1933262020.92,24.9612751519,1320100405.95,62089416.91,119037040.49,-6238822.57,1649643758.03,312165650.94,312201901.49,2025-10-24
4669,301281,科源制药,39683076.25,-40.38,330879995.68,-2.8766190557,200947386.28,49859949.6,27956440.65,-2954617.31,303707035.89,45779440.84,42917141.46,2025-10-24
4670,301258,富士莱,13844196.55,-87.08,312486696.86,-19.5918034241,248442511.96,3826901.94,30757195.94,-4536501.63,313804479.9,16880307.23,15176483.04,2025-10-24
4671,301234,五洲医疗,34335329.36,-36.47,342595211.54,-17.3778238425,283091808.79,7858474.67,12286929.05,-5118936.73,308997749.91,40874703.36,40217722.97,2025-10-24
4672,301208,中亦科技,54133397.86,-32.75,678384523.01,-17.6074070213,474391265.82,65620095.55,50095184.85,-13869907.32,616752948.42,59572940.88,59435662.44,2025-10-24
4673,301195,北路智控,140345868.15,-14.18,813310793.53,14.6541309341,477137761.5,68246712.47,48251873.85,-10467854.33,694774626.37,150416753.83,154307050.53,2025-10-24
4674,301158,德石股份,63754013.5,27.07,396396743.58,23.5991669597,254633416.86,35257821.64,23392012.17,-2353968.19,326838304.13,73372841.56,73247570.38,2025-10-24
4675,301148,嘉戎技术,52501740.72,-8.3,391976449.28,-6.8604424984,232925833.57,36893679.34,37966200.01,-120658.15,342057285.06,53361582.28,53096834.37,2025-10-24
4676,301137,哈焊华通,16954130.81,-45.16,1090485088.64,-4.256661577,982040118.41,17547741.79,36749019.47,1255751.15,1082638251.46,14673232.1,16877188.78,2025-10-24
4677,301108,洁雅股份,34683652.88,-62.94,407968136.92,-8.7872558898,328674467.16,7580126.25,37776906.73,-6352733.48,385579447.74,38885796.64,39512150.47,2025-10-24
4678,301100,风光股份,-41471765.46,-199.87,717110442.29,35.0465414223,674846728.23,22420784.6,45897153.66,-8508121.03,762859385.23,-39746545.6,-40082221.31,2025-10-24
4679,301075,多瑞医药,-62666665.21,-188.44,240628115.62,-18.5727341104,138565119.17,80880724.88,54164144.37,3223420.48,315957682.01,-85763172.25,-85771349.46,2025-10-24
4680,301040,中环海陆,-67229867.31,-1868.33,440331824.25,-9.2637551384,451697714.74,5320421.8,21224096.47,16106218.89,508906992.89,-69524539.72,-70272954.3,2025-10-24
4681,301035,润丰股份,341563969.19,-52.67,9785195972.58,14.8646290189,7792500818.76,423513169.91,347669755.5,523064338.76,9252287316.15,530939246.59,524778885.73,2025-10-24
4682,301033,迈普医学,52802976.34,107.68,190940750.31,30.9798722124,41588231.59,33292798.19,44848008.18,-423898.75,139545635.69,63015737.41,62687733.84,2025-10-24
4683,301032,新柴股份,46762847.58,924.18,1734627393.11,-5.2163014962,1570023133.03,22784310.2,36423906.09,-4653920.03,1683992108.51,45567905.28,45517905.28,2025-10-24
4684,301025,读客文化,15066506.27,-12.43,292744702.54,-9.751368355,186946165.3,30400982.52,42833206.37,20906.61,260502208.02,12196988.11,17256999.22,2025-10-24
4685,301022,海泰科,30716694.05,-0.64,508996026.49,21.4710235324,407243826.06,14970159.54,17946280.47,20283770.63,485223372.47,30748755.79,30730200.84,2025-10-24
4686,301019,宁波色母,71668582.16,-4.7,366395458.81,7.7660878929,249014478.94,19206041.46,11075241.11,-2582455.19,293079189.35,83436731.42,83400371.17,2025-10-24
4687,301013,利和兴,15323672.78,431.59,359274811.92,23.147249702,286310823.29,20750958.0,27505325.2,6363484.1,369137441.57,11001025.43,10598750.89,2025-10-24
4688,300990,同飞股份,69916628.21,-50.37,1373555026.59,3.5471820901,1078113254.3,46569293.54,106254796.02,-3525583.7,1308617988.96,75934745.11,75954477.8,2025-10-24
4689,300970,华绿生物,-35089857.04,-146.31,735466949.07,-2.0681900243,698625329.08,8024933.44,51480419.0,2055286.82,772482385.4,-33862682.3,-33919459.77,2025-10-24
4690,300967,晓鸣股份,-8538562.94,89.3,644164797.44,1.1549717552,582127067.99,21647074.34,27045727.5,27667785.73,681674689.03,-16342174.87,-8538562.94,2025-10-24
4691,300956,英力股份,6163098.26,122.16,1257875010.27,19.2496345107,1101546501.03,15602868.37,43769730.89,16915193.81,1232103505.76,6407671.96,5406827.85,2025-10-24
4692,300941,创识科技,28298179.15,-16.41,135353877.29,-2.9005023321,76563931.3,16094857.74,16411851.44,101074.6,143598302.14,29009771.95,29031717.68,2025-10-24
4693,300938,信测标准,143071222.36,7.43,551250576.88,7.9470496314,223043039.07,74591735.94,39706262.77,2182439.84,387750065.1,170835292.64,170659596.52,2025-10-24
4694,300937,药易购,13931460.39,-72.22,3235469610.27,0.7194720652,2956968916.08,180912080.87,48263363.14,6578010.67,3211095776.4,10234621.4,10381092.83,2025-10-24
4695,300932,三友联众,51452006.05,66.16,1600608561.62,17.3210680921,1303143841.6,53981146.81,91040289.48,6028634.23,1546415818.22,56515979.67,56333007.34,2025-10-24
4696,300918,南山智尚,124572259.87,3.83,1163087186.04,3.5210348183,773997695.84,86251588.7,45561612.35,26051147.44,986628730.63,138285738.08,136863556.48,2025-10-24
4697,300916,朗特智能,104119587.83,70.69,1223188560.54,104.5594704022,1020103106.74,12410199.73,26119478.53,-11066786.66,1103754274.83,115367019.66,114768101.98,2025-10-24
4698,300905,宝丽迪,80869522.45,8.96,1011468711.5,22.630304098,831535347.17,10783525.66,46832085.09,-2793466.65,929457810.04,95731485.43,95730548.96,2025-10-24
4699,300901,中胤时尚,-24685984.85,-198.24,288368541.27,-27.661922253,241628592.24,14521368.98,41295960.41,-2260803.22,302725887.06,-27533307.39,-27560204.75,2025-10-24
4700,300885,海昌新材,45726078.1,63.19,217171878.29,36.0809314407,143519906.4,3124620.28,12009347.84,-7266352.97,164369258.52,54407217.13,53702384.72,2025-10-24
4701,300846,首都在线,-146433956.98,0.29,1053345321.1,22.1306816725,961150266.13,43655268.51,116162044.97,15863631.25,1191072986.56,-136303245.36,-135201273.43,2025-10-24
4702,300824,北鼎股份,38881777.14,-25.74,506290506.96,7.1923732365,274378984.9,137559205.35,44132215.01,-998878.99,487693566.68,40528974.17,40378512.83,2025-10-24
4703,300818,耐普矿机,120357426.49,48.78,921022255.26,41.7093985452,576890905.56,51746837.4,100743407.67,10686434.81,773047484.85,144884793.5,144056707.54,2025-10-24
4704,300817,双飞集团,49095819.01,4.89,609324028.83,10.9121601942,453143213.17,21497438.75,44433077.5,883017.32,563548204.89,51197597.21,50823731.56,2025-10-24
4705,300808,久量股份,-15671377.34,-137.85,317102951.37,-17.7205056637,275064110.95,21018630.57,23789254.21,1909322.22,340911200.29,-19948193.36,-20695477.84,2025-10-24
4706,300804,广康生化,23691057.28,18.08,484361918.38,36.0118439413,374610885.23,8363405.86,47692670.55,8434601.38,468169647.03,17684170.02,25370269.31,2025-10-24
4707,300797,钢研纳克,86628350.31,5.89,721958727.6,15.7122761519,390213622.54,94246871.11,101832021.81,4964780.28,681691073.17,70623949.67,70678523.06,2025-10-24
4708,300785,值得买,3804567.55,-72.94,1012201008.13,5.5416213848,544946791.42,178205586.49,134606600.26,-2131957.23,1000910015.13,17385453.52,7152787.85,2025-10-24
4709,300778,新城市,-131976668.68,-865.11,167328558.36,-29.5458641541,100637396.56,4927826.91,33604083.03,-15461538.71,135917275.37,-120078894.0,-122884769.46,2025-10-24
4710,300775,三角防务,298838537.57,-51.51,1362599108.81,-30.0548939709,923607585.13,6034134.39,41140761.67,-44838702.9,996732005.34,346240941.79,344299313.95,2025-10-24
4711,300768,迪普科技,92382140.96,37.73,819302651.14,13.7756819381,268502431.03,308589916.75,32898799.82,-30135271.22,792497246.46,90449327.92,90579100.18,2025-10-24
4712,300749,顶固集创,-9581244.07,-128.52,795859429.19,-12.5768635668,612105013.7,80113754.52,68537981.13,1865950.19,798421543.25,-8353598.83,-9184425.88,2025-10-24
4713,300729,乐歌股份,265412252.44,-48.64,3975061381.27,48.0278888418,2788892990.46,621870806.5,177572649.9,65951159.9,3807329413.98,335677307.83,334345001.94,2025-10-24
4714,300727,润禾材料,69892765.56,14.58,993651923.06,16.2959079036,752578274.72,68834036.14,42010648.55,5381458.46,916989814.91,85117216.25,82142334.48,2025-10-24
4715,300722,新余国科,65752934.87,5.98,318541834.47,18.0791583273,180163508.39,6795270.11,31205877.91,-1439444.93,245128349.96,72551995.77,72559284.91,2025-10-24
4716,300715,凯伦股份,-32148627.32,-142.82,1811354736.62,-12.9226410487,1385036826.81,133776631.95,126324443.49,50856737.71,1816471379.66,-53521486.6,-54331965.15,2025-10-24
4717,300711,广哈通信,20957257.87,24.41,233978664.32,15.4141531613,94948354.84,47645172.34,27456915.29,-2053022.16,215268633.52,17729548.59,22126340.14,2025-10-24
4718,300694,蠡湖股份,42303382.25,-29.18,1164564020.07,-3.0454985477,982422879.14,7852967.61,55927550.25,3085148.38,1107177970.84,40345301.21,39219724.48,2025-10-24
4719,300676,华大基因,-124166136.95,-276.49,2825935926.99,-10.1008770106,1548174697.1,663331251.16,257380577.5,-59121050.91,2820539450.5,-119699288.76,-127022456.69,2025-10-24
4720,300669,沪宁股份,26065445.46,-31.2,237684924.77,-16.5919011985,177447126.99,4968232.72,21427410.19,-4508950.52,215250448.4,29721698.4,29702805.43,2025-10-24
4721,300664,鹏鹞环保,209478489.69,-32.79,1312912588.89,-7.3737390048,908629580.71,17417301.98,110304717.74,64810070.44,1133127831.66,268943777.14,271426920.52,2025-10-24
4722,300655,晶瑞电材,665030.32,-97.04,1060421046.86,10.5626944248,850242841.68,25238419.75,87675686.68,28733235.69,1080745625.01,-1349305.83,-1283632.22,2025-10-24
4723,300623,捷捷微电,332626482.73,133.37,2006006681.84,40.6287819551,1239408550.62,55428353.01,137392225.97,20822485.27,1667391713.83,408696021.57,408229373.38,2025-10-24
4724,300592,华凯易佰,189283469.79,-36.74,6115213894.62,28.7480059814,3967203452.94,1473844058.21,363578936.54,-372358.38,5862874197.57,227580522.88,222448711.89,2025-10-24
4725,300589,江龙船艇,24220100.01,53.55,1241907129.28,81.747403819,1127820164.91,10489751.32,43319727.79,-5050049.96,1216249128.46,24491256.06,23372836.26,2025-10-24
4726,300575,中旗股份,26517616.08,-86.93,1779062759.26,-10.1402346074,1501728109.72,34708455.57,131194959.11,4191429.49,1737054857.01,24936076.91,24876157.43,2025-10-24
4727,300569,天能重工,5761253.02,-97.19,1826982684.57,-30.4641900497,1520605128.21,9899919.94,123675920.65,142396155.83,1824429813.0,5487150.69,2399396.66,2025-10-24
4728,300565,科信技术,-130129163.41,-19.98,345919880.9,-14.6702681289,292521083.09,41385147.04,61304416.39,27210735.0,483576942.33,-153234107.36,-153454317.39,2025-10-24
4729,300555,ST路通,-36726320.85,-81.89,85817835.29,-35.0623008486,73808445.74,10289911.54,20402738.57,-3154627.5,116460753.16,-47353216.48,-46544242.32,2025-10-24
4730,300515,三德科技,78053726.61,48.15,338658255.77,5.9926381754,140091967.42,51826206.64,25599512.46,-1001592.67,270335192.05,86416029.16,85953016.32,2025-10-24
4731,300509,新美星,27228460.2,21.56,750399666.62,10.6164805063,589148288.06,40604256.11,51706754.79,-4421089.78,721251466.04,24917595.06,26621313.33,2025-10-24
4732,300508,维宏股份,83075030.63,64.9,345595556.94,6.3361763463,138653506.26,33949375.78,47379597.1,154973.73,308848567.48,83285914.15,83243758.01,2025-10-24
4733,300504,天邑股份,38474237.91,-68.88,1449704102.49,-27.5949935228,1224780092.69,49244784.87,38485620.13,6068857.14,1395613417.62,50678501.56,42466550.74,2025-10-24
4734,300489,光智科技,-25304804.26,81.15,954889684.48,32.4492410103,726820522.22,24900396.79,82355509.28,87670907.58,1032639416.47,-32024954.3,-31533617.69,2025-10-24
4735,300487,蓝晓科技,596424431.04,15.1,1891735231.69,19.9881628472,971351527.28,55558226.89,64448653.23,14368571.49,1232074036.08,669645489.13,670126879.85,2025-10-24
4736,300485,赛升药业,-98198160.93,-149.97,322881323.81,-18.0137376898,110215987.39,112604115.62,38394297.75,-1573588.2,304126046.59,-121265586.49,-121501723.85,2025-10-24
4737,300465,高伟达,24041625.86,13.32,762903910.52,-13.8388051059,599169641.69,48489531.23,52286082.71,9438857.22,749448396.12,20008274.57,25057936.02,2025-10-24
4738,300445,康斯特,89415238.53,27.45,358212299.33,8.069946042,126548331.68,59433460.43,38130410.52,-1873091.64,275775543.71,97028167.33,96759303.96,2025-10-24
4739,300434,金石亚药,58129095.96,-58.11,756645811.15,-8.5142321069,337593894.03,172290852.34,118903992.75,-1993022.47,670119991.15,89032917.43,82697515.64,2025-10-24
4740,300395,菲利华,234645204.36,-42.82,1313558989.73,-12.1141081152,757105937.64,21297777.78,113569195.65,1779373.34,1103139423.67,267044786.75,265332172.92,2025-10-24
4741,300386,飞天诚信,-22542793.01,79.41,503954565.16,-2.5737005824,311243760.53,68869953.09,105980514.94,-18129951.88,540138280.91,-29618395.14,-21779801.63,2025-10-24
4742,300374,中铁装配,-66894260.57,21.93,1198592525.5,20.8866129584,1090761069.21,15618818.62,82805252.57,30366050.86,1266275058.69,-67843907.67,-67757216.34,2025-10-24
4743,300364,中文在线,-188116165.41,-7820.37,808049275.54,-20.7568450773,563702272.65,340961108.16,72244753.64,7690987.18,1023918267.24,-185027744.24,-184754546.81,2025-10-24
4744,300357,我武生物,272253993.52,0.78,730238304.07,8.3775909836,34634787.12,270793761.25,52758384.8,-23135347.71,427571052.51,316179068.63,313524164.66,2025-10-24
4745,300353,东土科技,-150276498.26,3.39,567609639.62,-12.4835359299,325693910.75,119562133.06,108876626.77,18054131.3,749216805.04,-157729107.41,-158753014.75,2025-10-24
4746,300349,金卡智能,297805292.44,-0.03,2231642422.35,-2.1567818946,1316868234.6,370457629.64,97755994.46,2789862.02,1977493602.29,350641175.79,349626114.21,2025-10-24
4747,300344,*ST立方,-51585877.51,13.62,204239094.88,75.668700507,183096094.63,10999044.46,46111620.66,-37981.96,245359749.97,-50918465.17,-51097807.59,2025-10-24
4748,300332,天壕能源,131589663.83,-57.17,3035354440.17,-4.7018298723,2652686434.95,14115476.12,122306085.69,50337324.8,2864788574.28,168526098.44,167458739.91,2025-10-24
4749,300328,宜安科技,2452628.73,-52.31,1184620918.68,-3.3421298149,1034594487.69,31222463.85,72549612.36,13146615.83,1229155015.43,-22779492.31,-23154004.45,2025-10-24
4750,300327,中颖电子,89965617.4,-9.64,977619534.41,5.9507956328,646960208.04,12746495.29,39813278.39,-6763257.52,925227523.05,57384079.25,54631801.28,2025-10-24
4751,300320,海达股份,116546061.92,20.97,2351583746.91,23.0947534868,1926029503.06,84993143.29,60977486.97,8132655.21,2187908395.82,148738580.97,148122547.92,2025-10-24
4752,300298,三诺生物,255342147.59,-19.71,3182048562.89,4.8338078004,1458608832.82,808344534.73,326824721.7,19164610.7,2922130369.96,321159830.3,318593473.26,2025-10-24
4753,300270,中威电子,-50367637.11,8.78,108509976.2,-2.8060223771,80018985.95,15675329.42,28806304.94,-4129697.02,142379452.17,-54963223.72,-54076571.36,2025-10-24
4754,300250,初灵信息,-30213027.65,-263.29,188646880.89,-21.9816499842,85576823.15,45964056.72,32460287.48,-2872989.19,234549468.03,-32426269.45,-32437962.24,2025-10-24
4755,300244,迪安诊断,130856888.98,-75.35,9258110867.57,-10.047264653,6661093418.77,876607622.37,547061712.54,151790774.2,8491254006.48,435847285.8,424171620.41,2025-10-24
4756,300229,拓尔思,44435749.94,94.35,619136632.77,2.9534141876,230728758.05,98281059.71,156278892.76,-1910880.88,598900772.0,37954855.59,41376381.81,2025-10-24
4757,300211,*ST亿通,-29696249.17,-955.81,56644549.14,-61.4864686172,38442432.27,1665877.82,13131819.54,-5005478.05,88001025.46,-30894078.33,-30477561.38,2025-10-24
4758,300201,海伦哲,133076587.84,0.1,1001964237.94,-6.7482097124,662759967.9,83828619.85,52534365.4,3054511.36,849423665.41,153337120.22,152556881.72,2025-10-24
4759,300198,ST纳川,-81289606.68,-47.46,130797376.98,-56.1716797904,110960965.94,5821730.75,32766509.97,-7357176.47,152949520.65,-59900139.11,-85731960.14,2025-10-24
4760,300191,潜能恒信,-41841912.31,57.15,360670594.38,5.839427337,245772227.1,,79865427.3,22413467.51,401651592.77,-39116276.15,-39124833.41,2025-10-24
4761,300187,永清环保,83706098.87,25.98,508942782.17,2.2144300418,366218676.85,11941418.18,60179786.64,43131321.72,506824658.01,88959851.07,89434510.08,2025-10-24
4762,300160,秀强股份,181764672.86,2.63,1132796023.38,6.7517438853,792494088.3,28798519.41,72382284.22,-2235507.68,946196704.23,207686555.32,207199075.35,2025-10-24
4763,300150,世纪瑞尔,32728155.52,52.59,485670025.45,9.4929023266,276619743.03,79453363.91,40014960.95,1840707.25,461172017.07,36649456.48,37156949.97,2025-10-24
4764,300126,锐奇股份,-15635967.62,-358.06,320334767.48,-20.3055221567,277449425.06,24303402.38,24651641.82,1914453.79,353916843.85,-13312670.43,-14141024.39,2025-10-24
4765,300124,汇川技术,3353827529.06,1.04,25397421789.27,26.2221767722,17707293435.85,1156731959.32,1075086584.69,-22611106.16,22278166879.08,3652439470.38,3652593024.54,2025-10-24
4766,300105,龙源技术,23316612.3,37.24,573909894.35,-6.5735890669,468436995.37,31742590.58,44061660.09,-11553584.8,567789436.13,27904267.65,28429634.91,2025-10-24
4767,300095,华伍股份,24120313.08,-69.1,853225262.18,-10.0113791799,657944598.76,50086253.98,69283403.74,19835168.45,834351468.67,27830734.55,26025410.67,2025-10-24
4768,300079,数码视讯,22313938.42,-36.9,373568877.49,-29.2636944378,138860206.31,57492829.58,138807218.55,-53797587.44,366329807.88,28346909.0,26585309.31,2025-10-24
4769,300065,海兰信,10192050.28,16.54,253724316.47,-48.0243517015,159489364.16,43143964.83,42643795.38,2316527.86,291904931.51,5846528.59,5939686.71,2025-10-24
4770,300034,钢研高纳,234894621.41,-0.17,2533186106.69,4.7374902403,1736921565.44,62316985.71,183194950.78,15103218.41,2153556857.74,379290577.14,379187190.7,2025-10-24
4771,300014,亿纬锂能,3188651049.63,-6.88,34049276929.36,-4.1643933775,28249638189.39,389145521.87,735031545.27,333705279.72,32031805282.36,3499531369.09,3460750293.25,2025-10-24
4772,003030,祖名股份,-12057097.84,-136.42,1205489688.99,13.4645012458,919773493.09,202696034.77,60050708.66,21645995.82,1221797358.56,-11566225.3,-12921451.03,2025-10-24
4773,003023,彩虹集团,71424569.01,18.02,793497486.66,7.52556877,457607520.89,156251528.05,75031096.16,-13958115.43,709078357.66,88795731.19,88532099.04,2025-10-24
4774,003000,劲仔食品,214703467.87,61.2,1772030198.14,18.6537015631,1235463583.49,220735373.46,62923746.68,-12910561.93,1550234268.12,254941271.54,251211163.47,2025-10-24
4775,002977,天箭科技,7217967.52,-84.11,135283376.18,-5.9309616925,64795712.38,505172.41,10669487.24,-5859154.35,80106833.53,8493731.9,8491726.5,2025-10-24
4776,002973,侨银股份,242491834.29,-10.01,2938055786.14,-1.22305283,2135051826.82,49296855.45,183212376.16,149058550.7,2567144086.73,332606519.53,316530864.43,2025-10-24
4777,002868,*ST绿康,-156982192.18,-82.37,472003448.49,18.6913550328,482764149.67,11130840.35,34671203.19,50788079.5,614888371.22,-187414889.06,-187341894.2,2025-10-24
4778,002846,英联股份,2115057.17,-45.64,1488784006.59,12.6878561696,1328783667.78,20331332.96,55516742.2,30384553.85,1484216514.8,4158998.92,3352992.44,2025-10-24
4779,002838,道恩股份,98222412.87,0.36,3768771322.58,12.0466265899,3346580796.41,36269464.82,87390857.96,32662041.77,3678978057.3,116456547.11,117069973.76,2025-10-24
4780,002823,凯中精密,115934867.13,171.72,2329550634.31,4.1489234692,1931582058.46,53758729.11,88864289.75,55618250.64,2206112107.11,132943103.87,132457428.59,2025-10-24
4781,002728,特一药业,6009800.32,-96.81,455597193.06,-38.8700143182,278658076.92,94632382.96,50293988.49,-1274560.37,461048868.25,2841304.22,2194772.2,2025-10-24
4782,002683,广东宏大,649854662.34,30.83,9332588574.14,16.7522772162,7350969155.25,47302458.44,518793040.26,67035952.9,8320416165.11,1022915272.25,1014472122.46,2025-10-24
4783,002655,共达电声,54602601.11,72.9,869776602.11,20.6221720236,632435068.92,19180539.42,63548003.26,6714022.13,777314223.79,69404142.78,65291429.2,2025-10-24
4784,002632,道明光学,143985661.71,7.59,1027961156.26,5.9243625718,684531698.43,40255986.72,66854200.95,8696318.68,862305960.79,169203996.19,171226344.04,2025-10-24
4785,002587,奥拓电子,-19820515.19,-457.41,464842651.66,-5.2472698312,295456499.64,89222294.7,54621975.98,-4027935.16,491065847.28,-37734256.07,-37193236.5,2025-10-24
4786,002579,中京电子,-93662715.4,15.28,2074615484.16,7.718765606,1844449704.77,47394858.38,105777216.89,54999177.28,2182470221.39,-101016668.35,-101110647.48,2025-10-24
4787,002576,通达动力,44191978.21,-39.92,1260271551.57,-6.7042832895,1108023388.17,11415427.83,46063786.36,-1417124.39,1203926630.66,50984805.28,50777491.65,2025-10-24
4788,002557,洽洽食品,626214353.84,23.79,4757630667.36,6.2369984038,3318563785.44,479036642.77,224053189.89,-43616941.61,4070208322.08,725785372.42,795049317.19,2025-10-24
4789,002524,光正眼科,-20808633.35,-299.4,698778682.45,-15.4874683843,440914261.56,143713024.94,103513659.62,28664877.23,722117114.93,-10787070.56,-15339365.58,2025-10-24
4790,002481,双塔食品,62940237.94,1060.85,1692520399.13,6.4294564077,1401506994.85,61922072.41,83821565.17,12785322.0,1624959469.83,50878835.33,52395346.61,2025-10-24
4791,002461,珠江啤酒,806538091.36,25.35,4886863556.88,7.3735563922,2476670753.06,718695002.23,314137249.5,-106402360.63,3952894799.75,972017419.52,973483839.46,2025-10-24
4792,002454,松芝股份,141697061.75,32.08,3591047124.3,-2.4025090911,3010543826.15,98223799.92,146750665.88,-3276191.39,3462720712.78,171436051.15,171346731.35,2025-10-24
4793,002410,广联达,213259598.84,-18.47,4396144312.5,-8.0304494968,601975126.82,1164260744.1,1006751168.83,-13953050.96,4064017590.54,302116044.66,292622977.09,2025-10-24
4794,002393,力生制药,169252412.9,-50.61,1023773647.92,12.3085307902,458502190.82,284786816.83,88826340.16,-40662040.13,903119117.83,201408039.28,202028475.21,2025-10-24
4795,002356,赫美集团,-31891505.87,-230.24,157138214.05,25.3090683239,119533584.04,34350968.64,41204353.38,-2945019.23,192943642.81,-29360804.18,-36579473.87,2025-10-24
4796,002353,杰瑞股份,1598437346.41,2.21,8046761536.6,-8.0998269703,5252695771.42,355258478.79,335158575.57,48622414.61,6356731815.21,1909713593.16,1931922677.43,2025-10-24
4797,002333,罗普斯金,44773146.55,-14.45,1202974662.73,2.8828586018,1035595607.57,19014761.38,44791662.0,12063727.12,1151574051.32,48557500.95,48318322.78,2025-10-24
4798,002322,理工能科,186572815.16,39.41,613096991.32,0.2099343063,189946371.86,101185000.4,69539084.68,-9896768.81,455418917.37,210046955.99,208946610.7,2025-10-24
4799,002312,川发龙蟒,424864044.83,30.73,6051911890.96,11.0609283869,5096727304.6,78563487.67,241933039.9,53529221.73,5649851674.91,501095201.24,502373231.14,2025-10-24
4800,002276,万马股份,254821061.37,-46.71,13020511631.81,10.8719168034,11535067318.27,475094392.92,275750860.06,65976979.12,12891325888.64,270180969.52,268610860.17,2025-10-24
4801,002261,拓维信息,11013222.69,-84.85,2944950911.46,57.258776712,2475402225.81,99385957.14,162426117.69,28276011.99,2912719437.51,8662943.14,6237208.56,2025-10-24
4802,002237,恒邦股份,464528185.17,13.23,58160596488.82,14.7275205114,56602377159.77,26170642.08,371953382.87,182586472.02,57510751769.95,509033148.8,506376070.95,2025-10-24
4803,002213,大为股份,-26479276.33,23.77,800124893.38,53.5512198667,770071915.35,8971019.32,31263973.45,-960643.66,818014728.99,-25624742.35,-26417295.37,2025-10-24
4804,002189,中光学,-22314856.25,81.43,1521525920.35,-8.4652817545,1303027611.97,35746162.72,105209762.42,21439558.07,1571514040.67,-25258636.97,-25666980.01,2025-10-24
4805,002176,江特电机,-82230589.94,13.97,1249470111.55,-50.4322964404,1193875103.5,28316867.34,126390835.4,11676288.71,1435562585.92,-51298647.62,-59206267.11,2025-10-24
4806,002158,汉钟精机,721403525.26,6.11,2856544059.07,-1.7078059606,1722560570.54,105566363.78,109731040.72,-34319033.4,2049896457.44,855562728.72,854987468.26,2025-10-24
4807,002128,电投能源,4399653791.11,22.73,21809510749.24,10.5381278374,13859849078.88,45622958.48,537659080.03,183947041.01,15987296806.24,5936365396.33,5929083387.69,2025-10-24
4808,002092,中泰化学,-348072501.71,69.7,22493111043.98,-25.7360817426,18769328650.88,1464582950.24,1073895002.2,806772480.1,22959930129.73,-359180965.23,-371920526.11,2025-10-24
4809,002083,孚日股份,336537853.53,36.94,4019918894.41,0.7262004711,3256321701.61,84776516.1,141303709.84,52373331.12,3616481761.66,427896439.11,427786252.04,2025-10-24
4810,002054,德美化工,52834993.57,45.39,2275476308.36,-3.1384049276,1749397103.39,135923500.82,121047242.4,63584082.61,2247910986.68,26770528.16,26619421.18,2025-10-24
4811,002032,苏泊尔,1432852351.73,5.19,16512360853.44,7.4526109199,12577340093.1,1562141701.08,294296631.77,-48440982.66,14813697932.05,1783969690.47,1782120242.57,2025-10-24
4812,002014,永新股份,304842923.07,4.02,2539455326.41,2.4421893108,1956287801.82,41569109.25,90900537.58,5761263.46,2223659729.87,359819625.4,360631163.13,2025-10-24
4813,001379,腾达科技,57578246.3,-22.92,1338355655.4,-1.7291780044,1237224999.1,13239477.54,17110871.28,-5661354.26,1282773313.16,59485941.79,74227840.36,2025-10-24
4814,001360,南矿集团,64162896.13,-22.19,604025021.19,-11.3364371504,403473540.23,47726351.69,41595576.16,-5707973.5,515758315.34,76143701.62,76080163.44,2025-10-24
4815,001306,夏厦精密,47731996.19,-15.65,460958532.96,21.2504163343,349645614.96,8372289.31,21415598.79,1832995.74,413378167.73,51075301.36,50974622.29,2025-10-24
4816,001218,丽臣实业,75904860.26,-29.17,2575992488.03,8.5235175541,2281763879.98,48798417.39,83393415.14,-14275095.43,2511100551.26,79019360.46,77652980.3,2025-10-24
4817,001208,华菱线缆,86253228.39,38.15,3106696539.35,20.6954966225,2746070899.35,123865169.36,37204860.86,17185197.57,3031015986.56,97652336.0,98017064.02,2025-10-24
4818,000988,华工科技,937600593.43,15.19,9001703896.11,23.4221737131,7113059184.64,401425404.72,215386549.72,-54451161.67,8246335122.18,1027724185.27,1035275221.7,2025-10-24
4819,000980,众泰汽车,-332930290.42,26.71,384805441.06,-27.6330924024,324108790.78,20559557.97,285592911.07,88262107.27,758308342.97,-228759745.33,-316664464.23,2025-10-24
4820,000975,山金国际,1727381567.52,54.46,12071290485.67,70.1372337038,8942593418.32,3909558.05,240028864.89,812063.73,9487808727.51,2496897955.88,2491832701.09,2025-10-24
4821,000930,中粮科技,9604998.75,102.89,15123940057.61,2.735862444,13998404651.11,140253828.88,443194794.39,78435327.62,14839035498.26,93223622.41,122307292.13,2025-10-24
4822,000877,天山股份,-3747392146.56,-7471.1,61478897601.72,-23.5454944801,53256417804.18,1088352104.85,5490212385.8,2709138559.23,65642451195.82,-3925517535.21,-3962830534.63,2025-10-24
4823,000798,中水渔业,16180413.58,26.57,3248601459.24,16.8238912649,3134462240.92,71860347.44,120852176.3,69729354.25,3442113509.33,53466365.37,52510952.52,2025-10-24
4824,000677,恒天海龙,39254651.25,-1.45,821526680.13,6.4850307505,654678719.17,17741892.79,32908200.88,-5988988.92,708260252.2,109100778.81,109467913.42,2025-10-24
4825,000609,ST中迪,-106517843.6,-47.89,284425694.17,5540.2608203725,281737463.05,16552229.72,13479747.54,67988668.28,381129555.81,-98682200.77,-106515329.26,2025-10-24
4826,000586,汇源通信,-2611560.24,-113.476240481653,276864155.7,-20.1747108915,191403701.32,37858897.73,33053757.78,771924.9,281653562.33,356368.59,189217.36,2025-10-24
4827,000513,丽珠集团,1672733989.63,4.44,9081603788.36,-5.9368316442,3104994916.67,2456192166.74,472580469.22,-54930249.12,6818283456.07,2315421100.65,2302858391.45,2025-10-24
4828,000153,丰原药业,147302850.89,3.4,3261422843.25,1.1585952367,2525865523.95,384733267.46,114105171.23,21518073.7,3112687590.78,183197651.08,185882970.71,2025-10-24
4829,688607,康众医疗,12586307.98,281.65,195501808.26,7.7707108195,111618458.75,25087036.19,18711493.31,478307.26,187959296.34,14105786.87,14383118.64,2025-10-23
4830,688580,伟思医疗,78166276.35,-23.13,291757867.37,-12.0611691355,98476383.21,63983247.59,33635402.69,-8166149.77,231830532.26,84360240.81,84475523.16,2025-10-23
4831,688549,中巨芯,29734839.79,5.31,749009940.42,15.4654525925,643503545.28,17096637.6,34926688.03,-27239075.34,717321897.09,35438919.15,35966758.93,2025-10-23
4832,688295,中复神鹰,-8338793.32,-102.84,1118686435.48,-30.455729419,903188227.46,20111468.54,144773621.25,21237417.94,1196740567.34,-9979363.63,-10180109.23,2025-10-23
4833,688278,特宝生物,554149217.81,50.21,1954701664.76,33.9028714302,129931313.61,777951300.68,190145563.47,-1860348.82,1299117116.43,672945906.02,645751942.41,2025-10-23
4834,688273,麦澜德,96070603.1,13.37,330578105.74,13.8135429989,91402583.66,66278645.53,38262728.75,-7328917.62,232302290.97,113370138.56,113059976.33,2025-10-23
4835,688100,威胜信息,422474720.89,21.95,1941228185.42,16.7907074436,1181679418.27,79781641.71,39288919.07,-16886621.09,1473364208.61,498296846.49,496955839.47,2025-10-23
4836,688076,ST诺泰,350247058.35,281.9,1252252784.74,76.5062890694,384214016.79,46441615.96,205971512.31,15851187.5,832401194.11,389429394.38,385239321.13,2025-10-23
4837,688046,药康生物,98214378.6,-16.57,509718216.98,12.1333151001,185294724.73,72776952.72,97657073.04,-6270012.67,414793749.59,99210739.46,99198919.01,2025-10-23
4838,605098,行动教育,194598903.35,21.12,562861743.01,22.0688214123,135613771.44,140607109.38,66254026.33,-18039220.43,342453292.03,232510211.1,232763868.25,2025-10-23
4839,605086,龙高股份,96281078.9,4.57,232090587.75,-0.238813371,83921753.35,11207238.96,22490999.55,-2610060.51,132816436.64,111718566.93,111317663.9,2025-10-23
4840,605003,众望布艺,67581455.94,18.87,385149499.81,14.987090732,248336293.02,18604906.15,40243455.61,-15473171.46,308987586.77,80508654.38,79169754.34,2025-10-23
4841,603499,翔港科技,33359002.13,298.18,586813545.95,18.8197702174,456966964.36,17484825.67,48533700.47,9042474.97,557619096.69,48060862.21,48227864.79,2025-10-23
4842,603310,巍华新材,183845612.98,-57.14,778153731.96,-34.710437018,522056784.08,3786627.79,39580863.55,-24411598.25,580633555.47,216487613.78,209856783.09,2025-10-23
4843,603298,杭叉集团,1576021875.39,21.2,12854274681.62,1.5534528758,9896232182.47,520294737.58,310955620.81,-15481387.9,11420116052.95,1848888095.05,1847740712.82,2025-10-23
4844,603239,浙江仙通,129193285.56,33.24,841506267.56,14.6082284569,585816138.14,38213633.68,37250817.85,498011.5,704859206.04,142103421.18,143171231.08,2025-10-23
4845,603175,超颖电子,240858789.9,,3050730822.56,,2312791000.82,93611862.14,184582102.22,57181331.42,2769786776.19,281609818.39,284878158.07,2025-10-23
4846,603166,福达股份,120842374.32,88.56,1110029772.55,16.920624618,852105249.36,15409585.46,50592218.72,16688154.33,1011041741.34,129010702.25,128751587.0,2025-10-23
4847,603103,横店影视,17387014.92,-92.63,1615792707.63,-17.2743140266,1496569988.26,13695236.73,53737877.76,62889308.78,1691027622.36,9551807.59,26342478.43,2025-10-23
4848,600688,上海石化,34539000.0,104.800777264729,65995285000.0,-5.5310051428,55022698000.0,189485000.0,1196301000.0,-125314000.0,65835579000.0,93067000.0,56785000.0,2025-10-23
4849,600110,诺德股份,-217483323.65,-734.1,3709361323.87,7.1431146938,3459613636.58,26054671.23,133728148.91,188646304.29,3969035361.8,-226465061.11,-224784705.77,2025-10-23
4850,600050,中国联通,8338223947.0,10.0,290122946680.0,2.9927476628,214646146403.0,26596723031.0,16326780764.0,-157189118.0,264059261639.0,21950481850.0,23418484562.0,2025-10-23
4851,301636,泽润新能,99538524.11,,644968551.93,,485534988.13,7967282.0,30424820.25,-8998147.83,539136038.1,113150974.51,113153562.07,2025-10-23
4852,301632,广东建科,-16886043.73,,743521888.35,,440483922.98,45816629.89,164752480.65,-8225678.36,699789078.95,-22975083.11,-22937550.84,2025-10-23
4853,301588,美新科技,41470283.88,-28.68,644144300.78,7.5117984737,432018540.3,42334830.48,69382596.28,26890456.78,591104087.16,46301164.47,45195652.44,2025-10-23
4854,301575,艾芬达,86297648.9,,745563079.33,,550773967.03,25862873.27,33603986.9,3846785.48,645100558.21,98393261.07,98109462.38,2025-10-23
4855,301550,斯菱智驱,136838663.95,28.13,556767021.58,5.05867116,375309341.87,8046032.99,22479852.64,-27139994.93,410081319.95,148883872.76,156475380.73,2025-10-23
4856,301536,星宸科技,196238173.98,4.51,1812727641.15,22.9547987419,1160307069.98,14220544.15,78103754.7,133991.2,1693286566.45,209527909.6,209430163.29,2025-10-23
4857,301520,万邦医药,77797479.73,0.63,293304171.94,21.8781425888,166749224.26,4310502.16,18945660.65,-2680657.58,231528566.18,81466520.54,84055703.22,2025-10-23
4858,301517,陕西华达,34118072.44,-44.79,487873589.68,-26.3206225703,299434274.14,21196745.76,79360673.76,3388253.18,444260297.82,39818703.8,39782492.51,2025-10-23
4859,301511,德福科技,-204100262.96,-374.13,5341122408.02,7.9925452004,5254511055.02,17112518.24,88858491.16,149651644.97,5663717187.24,-271497911.41,-271706521.23,2025-10-23
4860,301501,恒鑫生活,162008133.85,1.361238397221,1158407734.38,9.7058021331,846241085.72,25821198.48,47084809.32,3455785.98,969648332.64,192505921.92,192336572.24,2025-10-23
4861,301498,乖宝宠物,470420815.92,49.64,3671474874.34,17.9647422254,2130234326.94,694511192.88,212101453.49,-17510167.44,3093785319.69,594382557.09,597291903.43,2025-10-23
4862,301458,钧崴电子,91142829.16,43.11,485944544.14,19.0045637463,251355360.66,30792625.12,75088712.21,-2789790.65,378639010.88,104828497.88,104936660.78,2025-10-23
4863,301386,未来电器,64476334.23,-12.52,382885880.88,-10.3492692502,278694200.99,10813998.05,18605952.66,-7971346.0,320345945.34,71767211.99,76042773.46,2025-10-23
4864,301373,凌玮科技,95430350.55,6.47,345041116.79,-1.7490798961,190460202.89,17424797.92,17936738.15,-8427272.86,240088393.07,114539851.38,114384040.46,2025-10-23
4865,301360,荣旗科技,18426521.48,79.97,228609192.24,2.1269762529,126481752.37,34057904.19,15249051.85,-10635808.67,215238525.82,17152619.16,17167387.8,2025-10-23
4866,301357,北方长龙,-10401797.5,-256.83,46999431.04,-27.1044943996,23472311.39,1027600.91,16760004.68,-3011034.23,52832357.95,-14414218.88,-14468325.06,2025-10-23
4867,301345,涛涛车业,301360645.31,47.4,2220207073.66,64.8682653817,1413896947.6,236325394.33,92117173.97,5220194.41,1835212781.93,386213690.6,385281743.66,2025-10-23
4868,301307,美利信,-47934908.91,-134.16,2588790928.35,9.6307552488,2310929496.6,19398212.07,142757854.12,22498143.07,2633697693.92,-70932665.1,-70667110.68,2025-10-23
4869,301289,国缆检测,54020095.74,5.53,218306068.59,12.5837132614,85288994.67,6971001.86,36789433.26,-2667664.79,152323039.75,67342023.97,67267007.24,2025-10-23
4870,301286,侨源股份,128688397.69,-16.32,732456691.45,-2.2163554631,504410864.66,21352152.26,39834326.97,1491343.14,572514285.35,162493208.92,163731014.29,2025-10-23
4871,301278,快可电子,88995439.61,-39.27,743997914.11,-24.8582321194,600942950.71,5417071.38,19450681.02,-5714801.66,653849328.58,99093716.82,98073714.48,2025-10-23
4872,301270,汉仪股份,5066531.44,-86.26,137813733.01,-13.529212923,27937909.64,59865150.98,24206875.86,-1206128.21,145774638.15,3049030.59,3141242.19,2025-10-23
4873,301252,同星科技,100812768.7,2.85,836531012.71,11.0876671335,654503134.1,14388463.21,35792321.72,-8248447.07,731133411.48,117504323.23,117327085.09,2025-10-23
4874,301251,威尔高,47124203.41,-38.71,738690877.26,22.8364372598,589555814.42,17570282.53,47881340.85,-17131176.93,674080249.07,55712037.85,54038197.06,2025-10-23
4875,301246,宏源药业,36142245.31,-62.47,1322234413.75,-15.1715058846,1156434332.78,26484405.67,34686204.44,-547104.7,1265739711.39,45679264.51,45366860.75,2025-10-23
4876,301229,纽泰格,46472123.82,-10.9,703267200.5,11.1688441214,534369250.87,15030225.78,45108878.7,12909453.46,656877740.15,49905680.17,49552655.35,2025-10-23
4877,301227,森鹰窗业,-32438649.14,-126.91,377093373.89,-44.4049669305,292017531.51,43697032.61,33339728.64,-9361322.87,388941305.52,-34535070.09,-36481228.17,2025-10-23
4878,301210,金杨精密,36601781.44,-27.54,979471545.34,18.9447058114,857252862.38,5753512.1,32197009.97,-11555634.22,927408723.18,52057970.94,51993605.79,2025-10-23
4879,301183,东田微,40175444.65,379.18,413588358.86,83.9075912306,317165770.01,3509760.7,18824645.92,-5155595.61,361205418.54,42194828.85,42273757.0,2025-10-23
4880,301180,万祥科技,21507671.2,-34.08,801500818.29,23.6470249066,659231252.07,16160930.4,52078047.41,-1206472.38,788209127.52,24356230.86,26792491.47,2025-10-23
4881,301179,泽宇智能,131585162.86,-3.42,713170008.28,28.063436848,482323151.11,37886723.35,53145081.82,-1647201.59,620790708.34,142398016.25,142262080.19,2025-10-23
4882,301176,逸豪新材,-14193586.39,5.96,1029824012.63,8.0694023406,1000052225.06,7565937.54,11407582.74,6350274.38,1053735680.29,-20963084.03,-20898802.81,2025-10-23
4883,301118,恒光股份,-53746708.66,-290.98,858005296.62,31.1074840128,802973756.11,3814687.25,58306343.43,9638092.33,912296311.95,-57525413.29,-54366726.15,2025-10-23
4884,301113,雅艺科技,5593131.26,-74.98,195797424.72,74.9418997689,141476495.2,13851077.74,19965819.01,-4202703.0,187312484.3,9618050.23,9388175.49,2025-10-23
4885,301093,华兰股份,52237840.44,-41.51,422796240.46,-6.8226994559,257265441.98,36230694.69,56062616.96,-3391011.68,380153962.71,63562673.76,60606106.75,2025-10-23
4886,301069,凯盛新材,52244600.58,-60.9,695989904.34,-4.3737368318,529874964.37,9582701.27,49040787.53,18284070.98,653215521.28,61217575.59,61133308.55,2025-10-23
4887,301049,超越科技,-35262377.28,38.85,226524213.53,21.9418402273,203783347.15,13388086.38,20638840.6,8513524.28,263795444.21,-37079501.42,-37059098.48,2025-10-23
4888,301016,雷尔伟,46160344.97,20.77,238456918.22,0.3768528088,139212261.57,4309748.02,32703501.71,356325.56,194153355.58,53194235.87,53555171.03,2025-10-23
4889,300987,川网传媒,10376076.16,-44.75,168132024.14,7.645702376,112124151.94,17375294.96,34017616.14,-8350353.11,156261715.5,12759660.3,12397234.15,2025-10-23
4890,300971,博亚精工,36150634.0,-9.78,262687376.8,-11.5888962227,146428019.91,18218495.13,36874144.27,-1036487.99,236693357.1,38826413.5,37628003.72,2025-10-23
4891,300952,恒辉安防,94066677.1,0.83,871619511.92,25.3386428154,654844976.45,25071812.81,39431610.68,2109283.27,771023523.05,118459132.07,118193109.31,2025-10-23
4892,300950,德固特,98172253.44,160.15,420940907.85,84.0083765802,253552914.24,7794073.03,27359713.46,-5912501.98,302630152.74,115035363.26,114480589.05,2025-10-23
4893,300931,通用电梯,8365853.37,56.84,403326331.23,26.3529438834,287978834.0,37862559.44,32008399.49,-2206443.17,376701410.06,6623189.18,7353335.96,2025-10-23
4894,300929,华骐环保,-12273044.01,-172.32,162215284.32,-41.7691555547,111596748.73,6213779.68,33698429.01,16508134.23,177325340.49,-17278518.59,-17391754.69,2025-10-23
4895,300927,江天化学,33988850.08,-37.0,521841290.11,-1.4678449301,441424650.94,8914763.96,23395768.18,-1203240.12,479542632.17,44233825.02,44302884.26,2025-10-23
4896,300908,仲景食品,149110621.4,6.57,838620459.45,14.2081402037,480094057.18,131126448.51,36441508.29,-10483553.0,671165415.43,172452061.54,172760035.52,2025-10-23
4897,300886,华业香料,17815562.39,2432.89,257091918.27,31.0395594221,202528734.75,2674125.38,23743780.5,-1412602.91,241642282.8,19161460.53,19004661.88,2025-10-23
4898,300873,海晨股份,218142710.92,-11.25,1245988764.01,-8.0528040738,913267488.87,28872120.94,77227261.51,-27948200.87,1025807429.12,296567331.17,274890171.59,2025-10-23
4899,300856,科思股份,514173097.1,-4.11,1857623486.27,4.6919281549,1016365023.67,23968130.79,139006551.52,1640372.93,1289536890.14,620913623.17,614301097.99,2025-10-23
4900,300847,中船汉光,95112707.9,31.32,871088786.25,14.4405356933,697470520.47,10249466.74,24309356.89,-2778552.82,775301329.87,107412246.54,107919459.49,2025-10-23
4901,300821,东岳硅材,88590219.26,131.06,4022454638.35,11.4728317077,3759080809.91,14232798.58,35112342.54,-12298360.79,3931176862.87,100419331.82,88329222.44,2025-10-23
4902,300800,力合科技,21520566.39,-42.09,530526334.78,23.1751889613,356462060.83,75931436.83,29221848.24,-6577358.3,525936852.31,17891077.78,16542910.53,2025-10-23
4903,300792,壹网壹创,94728269.69,-16.65,881225154.89,-1.4316932559,640242121.47,98039411.82,51861662.01,-19413817.59,790426373.33,109217265.87,107862979.39,2025-10-23
4904,300773,拉卡拉,512842837.72,-17.49,4391904307.33,-0.8104394282,3020762894.82,350520710.53,191181043.63,-13864376.93,3751766481.66,625724690.24,617291132.1,2025-10-23
4905,300716,ST泉为,-69443636.36,35.69,205558287.58,-76.918202418,226639927.49,11299876.97,67779258.54,18050967.76,338024828.75,-138467051.08,-138733211.57,2025-10-23
4906,300686,智动力,-80527730.8,55.16,1129215017.1,13.987149819,1043872887.9,23781986.27,71240959.33,5659900.64,1200861253.91,-70043443.82,-69550021.45,2025-10-23
4907,300683,海特生物,-39743567.68,-50.32,450991038.16,2.8651838989,246970069.68,100159910.11,95133805.88,-3135713.45,533194046.61,-49306511.94,-51538690.13,2025-10-23
4908,300658,延江股份,33217460.29,8.71,1053011521.44,9.6844429883,863029463.78,16484711.97,72853532.11,31546221.05,1017982035.19,35518944.15,36700155.65,2025-10-23
4909,300642,透景生命,24392882.81,-43.16,320918983.86,-20.006746029,112516196.45,98234190.04,25769232.43,-2162872.4,287293766.22,23569341.63,22531669.75,2025-10-23
4910,300627,华测导航,389692869.38,37.84,2267526865.28,24.2247164487,925589401.82,431720625.37,170928742.22,7660979.86,1929592388.16,406327365.55,410766357.45,2025-10-23
4911,300620,光库科技,55808805.54,19.53,738946754.08,41.0027742925,473803020.83,14328253.03,79075639.36,3279967.89,686311137.5,55033024.31,55551382.42,2025-10-23
4912,300618,寒锐钴业,167165304.66,28.09,4181210672.84,12.4846697409,3482976542.72,16983678.23,164498030.74,47069187.34,3885409192.21,247557099.77,241321047.6,2025-10-23
4913,300584,海辰药业,28116806.63,25.4,360497824.16,-4.6171755612,60911488.02,150433501.51,63620585.66,6854002.71,324027907.82,31361096.6,30210135.98,2025-10-23
4914,300579,数字认证,-27136941.35,-37.74,676990291.1,14.6212910175,342918313.95,131698442.62,95160710.07,396473.8,728376109.86,-31437794.29,-31437794.29,2025-10-23
4915,300578,会畅科技,22996847.41,552.2,341071224.38,0.2865219015,227139430.48,32970972.17,32346030.5,-4387888.79,332577869.56,22957600.16,22729296.79,2025-10-23
4916,300557,理工光科,26844610.15,50.28,412368651.24,2.5695152448,279721551.37,31534934.08,20527559.83,-5193610.57,364237033.72,31808146.61,31733135.6,2025-10-23
4917,300547,川环科技,147522409.45,35.69,936348950.0,25.5127858598,699906107.48,21069731.08,27087648.19,-1967789.3,787088344.16,164884002.4,164851395.23,2025-10-23
4918,300546,雄帝科技,10741473.95,204.47,319920349.6,14.7251795957,183018968.83,31511964.03,39554458.6,-4528279.01,322943587.44,10631501.88,10716968.42,2025-10-23
4919,300475,香农芯创,364307726.97,68.06,16510174509.38,116.2571520208,15652736895.05,43708126.28,110072564.79,180898069.49,16005269794.39,431357551.75,431530024.5,2025-10-23
4920,300466,赛摩智能,-19588661.67,-290.33,360991157.45,-27.2789812147,221033145.68,53650425.72,48278135.43,6066932.84,370428053.62,-13482120.16,-13573685.24,2025-10-23
4921,300455,航天智装,27587416.54,-14.67,714948285.33,-17.5864046698,544434807.35,22850424.89,53571242.37,4474860.74,673288189.0,33461519.76,33508193.29,2025-10-23
4922,300407,凯发电气,66484347.09,-4.36,1421451718.79,12.6468064136,1094165933.2,69263585.21,161023529.6,-1814294.88,1399516871.28,73021249.38,73221811.45,2025-10-23
4923,300383,光环新网,361099214.8,1.93,5825993740.82,-1.8078370414,4862891166.55,29475290.15,194201536.35,62840841.08,5400504999.3,428210804.15,429032344.55,2025-10-23
4924,300345,华民股份,-187503066.47,-61.87,759648370.76,-11.9002464736,853182286.3,7615115.42,57184354.7,35329224.62,993035475.15,-253845650.35,-254202088.36,2025-10-23
4925,300334,津膜科技,-11883735.6,17.71,168931536.64,31.222878704,121395696.06,12357953.87,34465868.0,4964453.12,195194696.1,-15454327.11,-11781408.3,2025-10-23
4926,300326,ST凯利,56065801.33,-56.59,750227553.19,1.8580109048,382228414.11,116162775.81,129010140.48,-2719393.3,671500723.56,84293845.7,83799243.16,2025-10-23
4927,300324,旋极信息,-143908836.05,-8.44,1374785391.46,-18.7840660537,1045848794.55,119235090.74,177357469.61,1810342.13,1474636596.54,-152656992.16,-152352455.79,2025-10-23
4928,300321,同大股份,11464131.61,665.45,276782336.74,15.561812352,237772679.03,3910274.82,14841371.41,-3976393.57,266970810.13,11558231.41,11495114.46,2025-10-23
4929,300319,麦捷科技,241367603.55,31.14,2384875545.98,6.1098169473,1888237302.1,30968768.87,73188693.05,-22530249.0,2091306177.14,281373057.92,282307670.48,2025-10-23
4930,300314,戴维医疗,63307872.06,-48.44,402925721.56,-12.209279603,174144094.74,78471072.93,45909038.37,-5509800.36,335740052.47,71916121.27,71886109.85,2025-10-23
4931,300293,蓝英装备,-2486726.32,44.68,968855890.08,-10.8401995696,695949117.12,130523954.09,88192118.51,18169115.05,967193607.93,-740567.66,-1948664.53,2025-10-23
4932,300286,安科瑞,158462723.11,-8.86,815754589.12,-6.8070245093,438558520.73,101076671.97,46686854.94,-912544.05,679913347.57,170045214.8,169316319.44,2025-10-23
4933,300258,精锻科技,116079664.79,-38.28,1467241293.63,-2.5440594018,1103911139.21,7660659.87,104339920.74,41260876.0,1365208438.8,131477407.44,131723541.3,2025-10-23
4934,300214,日科化学,-52331549.94,-163.55,2414682357.16,26.7679086504,2309964442.2,24908679.34,62197098.08,21952481.2,2454490785.67,-44739027.18,-45978454.36,2025-10-23
4935,300210,森远股份,-38249484.07,-7.88,97629984.36,-18.5218928139,74702358.85,21950221.87,29867957.33,11190506.84,150283146.88,-38307638.0,-38308203.55,2025-10-23
4936,300190,维尔利,13354437.15,-37.14,1456788913.12,-8.5583742805,1164444315.69,118588736.59,151117246.96,97466844.6,1583064133.93,23468693.96,22318026.5,2025-10-23
4937,300179,四方达,93972196.29,-14.3,398924438.62,-1.9022915391,185652355.64,33414461.42,52221511.97,-4677905.35,319934256.21,85380794.35,85987247.59,2025-10-23
4938,300175,ST朗源,-29693302.01,-74.39,161752877.04,13.79168982,141602589.01,3827694.42,23456876.55,1883605.4,173380527.82,-25981541.14,-25597673.01,2025-10-23
4939,300158,振东制药,40123303.12,4689.69,2269424815.15,-18.4758498835,1115030240.58,837111655.22,174976018.01,-783546.15,2295486580.37,57057425.5,51768819.39,2025-10-23
4940,300121,阳谷华泰,184963181.13,-28.67,2535060712.4,-3.5017020136,2053076949.93,61171226.16,117928033.35,18032045.13,2329815983.18,237402973.42,235780372.72,2025-10-23
4941,300102,乾照光电,48816012.74,155.95,1879023920.1,2.2624717111,1587519274.49,21339089.74,117211348.87,40118409.11,1893538264.18,31051014.72,38313655.95,2025-10-23
4942,300092,科新机电,143114624.57,5.07,1051813335.68,-9.9531572186,759562980.49,14417381.05,44271348.37,-1113987.06,856373863.01,165326084.89,161786102.91,2025-10-23
4943,300080,易成新能,-591733938.26,-693.34,2668960173.34,-63.2206005394,2546082670.48,12001130.57,282700789.26,201874478.13,3193794601.15,-751714334.64,-748452433.63,2025-10-23
4944,300075,数字政通,20504107.75,-88.76,697670458.81,-34.4463219183,442966952.56,91069783.02,77499904.36,-12616216.84,679171062.61,17208227.34,17399219.4,2025-10-23
4945,300069,金利华电,16098637.08,3908.45,163695503.54,39.2278788897,114535885.86,8656475.2,19656929.17,1446558.3,150724824.9,14720861.17,15861524.05,2025-10-23
4946,300062,中能电气,-4154715.02,-114.83,1000323439.09,-11.5866384663,807795013.08,90029981.29,68235974.28,15907686.57,1015261454.39,-2536744.23,-3134973.0,2025-10-23
4947,300056,中创环保,-10975140.59,84.77,269120483.11,-18.0436748942,224185822.76,19797730.22,53187524.09,9905202.41,322232403.17,-27313744.43,-28441431.25,2025-10-23
4948,300046,台基股份,18550035.05,-50.18,256397499.35,4.3488219851,177859184.55,5385081.23,18917205.71,-7946266.52,205077788.71,19873310.88,20049946.76,2025-10-23
4949,300045,华力创通,-28794618.66,-533.29,446483578.81,6.8620773711,286186555.99,20062901.46,114506967.22,278555.19,483236829.65,-32739003.22,-32378423.08,2025-10-23
4950,300033,同花顺,650963893.65,-15.53,2334720341.07,-1.5881992716,334166318.79,397220623.78,175394532.88,-167315644.81,1662362311.53,709354271.68,708817224.84,2025-10-23
4951,300018,中元股份,66498879.47,43.97,350065171.1,23.1992118205,187499699.37,35031772.97,28438034.52,-9584744.72,286928022.69,73376080.88,74484599.25,2025-10-23
4952,003027,同兴科技,19496918.65,-30.63,405683917.12,-23.9345204064,328078112.5,12460135.85,32140067.39,-3194460.7,401283455.66,23296186.72,23270525.72,2025-10-23
4953,002987,京北方,225553546.61,-9.34,3436354876.49,10.047531125,2659309197.38,58135050.2,125719625.16,-2770634.63,3179277176.5,221176684.17,219316930.8,2025-10-23
4954,002970,锐明技术,220300402.27,170.8,1918038587.81,55.1686660352,1193510830.46,137536893.03,168323631.47,-17513722.09,1713407940.6,217237428.85,216732976.88,2025-10-23
4955,002942,新农股份,74391859.36,236.47,755294006.3,14.1838348588,533341492.02,46057102.37,63190796.48,-737092.96,689356369.02,81381950.78,83706676.03,2025-10-23
4956,002827,高争民爆,110873515.44,33.47,1172167117.41,1.3742267061,856759061.89,34292600.08,112079989.97,15800201.33,1050739150.42,128006436.41,128257714.62,2025-10-23
4957,002771,真视通,-23062619.7,63.06,243016110.06,10.0058301348,210783536.93,19961603.71,46051476.34,-248354.55,304606287.93,-24474808.8,-24639257.29,2025-10-23
4958,002652,扬子新材,12104295.81,171.72,267571174.61,-19.8209722937,250231035.14,3372411.22,14206242.8,7787358.5,279405921.89,10456463.42,10456463.42,2025-10-23
4959,002625,光启技术,537050107.71,20.05,1269218700.51,3.6745001487,588667610.03,3568743.15,58677642.6,-131252873.38,605673812.48,623205620.74,621772478.87,2025-10-23
4960,002611,东方精工,330043615.16,21.4,3305840317.6,-0.6139651224,2290348983.01,138837074.8,253919063.09,-15444740.77,2755956437.59,486644740.53,487554465.96,2025-10-23
4961,002484,江海股份,494371636.79,-9.71,3538905541.67,-6.3334782794,2652492550.14,62605511.45,126554106.82,-13926836.28,3048469817.99,576173230.06,574327810.22,2025-10-23
4962,002429,兆驰股份,1372694231.78,7.93,16162431171.52,27.3921807058,13524666078.45,178309603.49,166029384.89,47138719.2,14611113929.55,1683707494.45,1666876155.34,2025-10-23
4963,002407,多氟多,15372847.38,-94.6,6919059815.89,-21.7326144958,6354550383.37,47602022.92,334688419.07,-2283334.92,7049919397.36,84445488.18,107825859.85,2025-10-23
4964,002402,和而泰,355365706.04,6.29,7040064327.96,28.2993193379,5765095170.98,140979341.25,269028693.6,32861378.7,6649212429.22,352057143.86,352093844.25,2025-10-23
4965,002385,大北农,133465797.35,114.69,20141943119.96,-15.8347529308,17304515997.42,846926272.78,1079940386.52,396932227.59,20149152033.92,297052712.75,294964890.98,2025-10-23
4966,002373,千方科技,15758481.54,-95.13,5408268340.89,2.9845487022,3742833794.72,766969550.98,239755506.75,-29734897.37,5494030409.12,-54559627.11,-55848877.33,2025-10-23
4967,002208,合肥城建,88109089.99,-67.11,5433199028.2,30.0846800401,4367028991.09,122217272.81,129506679.36,107416378.99,4781335118.31,429182523.94,431038142.08,2025-10-23
4968,002112,三变科技,78489015.39,132.18,1490630424.25,54.0328230234,1205805451.45,78337902.47,36784346.53,24716966.41,1399987433.03,79437279.45,79372005.51,2025-10-23
4969,002008,大族激光,1426090149.23,124.21,10128953807.4,7.8997875418,6854234381.34,818142635.43,817334568.28,-4825129.06,9837833237.6,1462964046.91,1471746808.26,2025-10-23
4970,001296,长江材料,92671733.28,0.79,712738669.34,8.8746369681,529625412.98,14465507.57,49070968.9,-2136897.55,610468070.97,112189429.77,111529851.41,2025-10-23
4971,001270,*ST铖昌,-31532277.6,-160.19,100432357.94,-41.216628442,48171022.94,8764816.92,23749693.13,-3969068.74,137634130.17,-42790312.92,-42904522.52,2025-10-23
4972,000852,石化机械,84505316.35,-3.81,5643816267.23,-7.8811952954,4763110458.68,216516767.34,238398446.89,64122090.38,5558147871.17,101760146.89,107744719.46,2025-10-23
4973,000848,承德露露,419082618.57,-5.49,2159223342.98,6.0955393621,1262618836.65,325149619.18,36156775.51,-37880519.68,1616204786.38,544628415.47,544852704.91,2025-10-23
4974,000837,秦川机床,56176420.74,-34.31,2885868287.49,2.0075807617,2418062996.4,97809070.59,232963482.68,-1740675.19,2917518286.97,93114715.35,92721250.39,2025-10-23
4975,000554,泰山石油,53312587.87,127.91,2537147488.16,-5.7867329129,2254640801.59,148156517.57,38519873.6,3655535.68,2461958726.53,75196467.93,73167915.68,2025-10-23
4976,000530,冰山冷热,94574665.85,31.57,3714576184.29,3.1222812671,3083066536.66,177733416.52,192041104.19,18786825.77,3619395880.14,119703145.68,119564236.66,2025-10-23
4977,000521,长虹美菱,532042735.95,6.35,22775149971.76,18.8209851929,20419014001.14,1141620519.32,274049028.44,-124166532.38,22239485808.43,618120818.53,618828949.33,2025-10-23
4978,000506,招金黄金,-90084379.45,-277.8,154881863.1,-29.1185488219,143334658.6,,57942930.92,36413659.22,242866685.27,-81618294.12,-95262192.45,2025-10-23
4979,000404,长虹华意,375936414.2,36.68,9686981934.75,-9.6885121454,8510051872.93,77770369.04,272135634.69,-45163939.09,9153073739.23,596416797.55,599975049.19,2025-10-23
4980,688334,西高院,162857549.03,11.11,565786465.77,5.4985148153,273758214.39,12235052.61,60542850.75,-6285116.49,406547399.77,209443030.21,210476511.09,2025-10-22
4981,688182,灿勤科技,50041906.7,68.23,269064546.32,2.4288150473,185675476.17,3323921.8,27918547.87,-8168069.73,237230822.81,52617372.56,52854188.19,2025-10-22
4982,605218,伟时电子,31378859.62,-52.31,1470094082.41,30.8054169546,1279268886.84,18312119.3,55756693.6,-3526784.36,1445962073.79,24798615.79,24640555.39,2025-10-22
4983,603848,好太太,190433116.88,-20.1,1068910245.37,-4.2196963643,516720388.27,250661954.52,65807034.32,-9517423.57,873713049.53,218618894.46,218599138.02,2025-10-22
4984,603223,恒通股份,98654548.12,0.39,1729635845.37,-41.6674907528,1557987128.78,4714186.95,57067044.23,-8120082.99,1617706918.4,117631201.03,119017678.51,2025-10-22
4985,603138,海量数据,-43589790.77,48.929481512199,266873810.04,63.2611739595,164114281.54,74189240.46,30895412.74,-3048199.62,329976367.84,-49340131.71,-49499034.12,2025-10-22
4986,601798,蓝科高新,-20697939.6,60.725890386083,498978392.0,-38.8942055429,422810698.64,18143731.93,46980314.24,10718198.43,546212517.22,-15916474.84,-19043918.11,2025-10-22
4987,601728,中国电信,29298664914.98,8.1,391968018864.41,2.8510588697,274412834016.93,39434773542.52,26884439505.26,517863530.53,351450852687.13,39031260337.1,37712338277.92,2025-10-22
4988,601179,中国西电,786758641.76,45.33,15245043482.06,6.2062384598,12057131550.36,536160539.45,962401655.23,-59015543.45,14182335913.53,1145324210.36,1145449388.69,2025-10-22
4989,600976,健民集团,321615639.73,-22.53,2881317090.47,-7.579569126,1642416746.1,918789285.72,124362569.93,8212035.5,2770674778.9,352785660.72,347845193.7,2025-10-22
4990,600968,海油发展,2688392123.51,25.31,33674122916.23,6.5858543798,28753565659.96,182621134.24,1073760248.85,9532400.46,30782041187.15,3348249578.54,3407832249.91,2025-10-22
4991,600623,华谊集团,689022667.07,-9.07,37935916407.43,9.9029164873,34315164217.4,475286488.51,801907424.48,328106393.31,37030792724.26,1344776574.83,1352732062.25,2025-10-22
4992,600511,国药股份,1481271832.85,1.3,38028539709.49,4.1031661724,35359757294.67,582151421.92,309744686.29,-73667134.28,36311068962.03,1989261474.35,1965833872.95,2025-10-22
4993,600386,北巴传媒,25029176.84,106.18,3108359705.61,-5.68632031,2570114290.92,171317827.4,202884840.52,40913062.99,3017045236.2,66513392.61,67784420.16,2025-10-22
4994,600312,平高电气,857002769.04,55.13,7885452176.8,5.8822061129,5982646558.98,297186662.42,261694164.05,-36115133.69,6870468403.7,1054812206.35,1059300089.4,2025-10-22
4995,600228,*ST返利,-3283561.43,74.179914357978,192749476.07,-0.0718904371,99688202.92,46295927.94,27185546.89,-3508197.87,192676186.7,-3523659.65,-3523959.65,2025-10-22
4996,600176,中国巨石,1533153975.48,-42.66,11632158703.43,1.8089158003,8870998923.29,138046716.24,503270500.9,194982361.02,10262956661.98,1874581657.57,1866732589.25,2025-10-22
4997,600048,保利发展,7812547489.31,-41.23,182774387215.01,-5.0793677273,153684567613.25,4356113995.54,3310018057.47,2900589949.78,168088929922.96,16314125445.88,16635751459.1,2025-10-22
4998,301567,贝隆精密,26018544.71,-39.02,297379063.64,10.3864405783,224553931.86,6072769.48,18597181.03,-100636.21,272440002.63,27550788.65,27474242.5,2025-10-22
4999,301535,浙江华远,61060773.09,4.023755129994,455947969.31,20.7121132536,313402156.61,12509871.54,32953738.58,-5366796.2,378234746.18,70746052.34,70128798.02,2025-10-22
5000,301488,豪恩汽电,68683038.13,1.32,954120069.04,13.5348926942,756814709.5,15246224.52,27987415.67,-2205753.59,900312694.98,65902921.82,65856673.72,2025-10-22
5001,301479,弘景光电,126186798.01,40.267247061805,789662698.0,33.5466313186,543651171.35,15116665.03,28336474.02,4498617.05,642687686.45,139964014.3,139441724.67,2025-10-22
5002,301363,美好医疗,257849211.82,-14.07,1156571221.99,10.8571519073,673298597.6,30315989.59,74753349.52,-13472201.29,878898846.47,289321100.53,289225864.68,2025-10-22
5003,301277,新天地,141810203.87,3.75,537242463.75,9.61992722,316907490.95,3655469.93,27954449.84,-2085321.79,388846969.09,161117204.08,160013869.68,2025-10-22
5004,301256,华融化学,63989534.39,-38.65,823245113.03,9.8532328574,682785794.15,6879776.34,41201506.52,4325437.28,775387095.92,80321928.23,80488153.37,2025-10-22
5005,301232,飞沃科技,-72699616.37,-228.11,1205238830.67,-0.5560755096,1105992995.45,15865241.99,53539050.19,18473069.12,1243356851.86,-77859489.69,-78955836.36,2025-10-22
5006,301165,锐捷网络,411739866.16,47.73,8376873948.6,5.3575028542,5422825378.61,1155842220.25,420379143.55,-5519289.92,8216472325.65,318770766.04,335270687.16,2025-10-22
5007,301138,华研精机,53984918.58,7.94,387344459.6,22.8184314291,234887625.09,33304028.84,31951449.6,-3950256.39,318349156.11,70440164.76,70569170.31,2025-10-22
5008,301051,信濠光电,-206709342.24,-863.84,1234293774.53,1.1093562877,1097829197.06,59768629.4,125226691.97,19630170.72,1490786039.42,-280557761.15,-281129362.19,2025-10-22
5009,301036,双乐股份,97039268.2,332.61,1167650779.35,10.6281766883,971202128.41,10137308.31,31149481.38,3353216.87,1073915050.32,105262269.28,105985351.94,2025-10-22
5010,301020,密封科技,66215751.51,23.25,393250462.07,7.1610528314,282130802.03,12170314.08,19045741.02,-10097169.13,324344379.42,73079620.43,73324335.21,2025-10-22
5011,300972,万辰集团,84065218.45,248.64,20613100328.64,320.6337012135,18464599524.44,894916332.8,622179158.47,28863058.47,20052037551.11,582939532.78,574322826.28,2025-10-22
5012,300876,蒙泰高新,-29514654.86,-214.47,342698202.2,4.0987954989,311427927.31,2490495.99,30729721.41,14467322.76,378045641.87,-32045008.92,-33258186.26,2025-10-22
5013,300859,西域旅游,115314040.08,-7.53,269777513.85,0.4594456594,93829498.82,1597152.15,38730054.18,-1209597.19,136511357.75,140398648.98,140072082.95,2025-10-22
5014,300858,科拓生物,71190924.7,-1.13,218714979.06,0.8149930544,100297002.12,24751458.36,20497814.45,-19801366.75,152721092.56,79783496.67,79682965.58,2025-10-22
5015,300850,新强联,-36088189.41,-110.63,1965170314.27,-6.05973035,1642596741.6,7459328.26,57357401.53,77592062.49,1873562730.14,-40651263.87,-42173347.33,2025-10-22
5016,300828,锐新科技,37831324.88,-36.65,435848345.84,-13.7730349562,354996959.54,3399738.05,20653375.11,78712.4,401044437.23,41901438.65,41867894.19,2025-10-22
5017,300811,铂科新材,286481577.29,51.69,1226822596.89,43.6346472718,728304832.92,17434207.22,49935203.6,9435410.41,884859699.84,339160384.73,337790512.47,2025-10-22
5018,300758,七彩化学,120229218.98,3199.62,1154203999.59,29.7837113982,785986229.24,25736263.84,95774197.09,27000189.09,1013262059.54,141565900.56,140224055.14,2025-10-22
5019,300717,华信新材,34425892.09,15.06,228083890.39,-3.5490914773,155621316.44,3477905.46,18158910.67,-5657131.3,187199370.93,39408978.85,39496523.85,2025-10-22
5020,300688,创业黑马,-43160468.37,-189.25,158857960.46,-11.3344576822,73927354.91,72791569.58,47058903.37,-3795210.73,200008147.13,-42387513.01,-42641270.93,2025-10-22
5021,300681,英搏尔,51136387.77,18.74,1607186712.77,27.5110583481,1366932372.19,26389828.55,63616522.7,4280565.27,1608807104.35,42614236.17,39693058.89,2025-10-22
5022,300679,电连技术,458591163.49,85.36,3332731161.62,51.1641870966,2207450977.45,87050879.52,234247047.25,-8106877.07,2859872143.24,511649431.57,506366604.08,2025-10-22
5023,300600,国瑞科技,-23709323.33,18.35,180746834.88,27.5324674301,132864839.72,6847976.72,39882454.4,-1010539.69,196657933.9,-24366531.79,-26419562.0,2025-10-22
5024,300580,贝斯特,224817004.64,7.08,1042262348.48,3.5197664945,678258301.0,5997437.51,90852177.87,-4940752.64,826052670.65,254306016.09,254335436.35,2025-10-22
5025,300498,温氏股份,6432470582.03,241.47,75849412675.08,16.5615914633,63325231968.87,673443756.52,3718307468.81,747097964.55,69063285855.32,6812229910.62,6727390147.53,2025-10-22
5026,300389,艾比森,117703339.34,-46.36,2717981154.19,7.1146858167,1976457916.5,410519039.2,156638860.36,-21287401.44,2666237961.51,97770425.39,99345249.87,2025-10-22
5027,300354,东华测试,99044982.63,20.3,354181217.45,15.8838204619,118477784.26,45469845.75,39071074.7,134320.98,252189652.36,106700959.95,106272705.37,2025-10-22
5028,300342,天银机电,55281221.88,29.0,751493916.1,5.4641643402,560108992.73,19107843.73,48005628.27,2892058.33,692856842.98,63133003.35,62584890.23,2025-10-22
5029,300200,高盟新材,110517014.42,9.63,898436522.71,15.8682473069,646063795.58,42004094.63,41324067.39,-11550296.62,780552443.01,126940122.03,127872466.69,2025-10-22
5030,300135,宝利国际,6974636.74,175.72,1677567963.47,11.9608878977,1632951470.34,7503389.19,42955728.87,12779851.52,1713180232.7,2421668.8,2664636.06,2025-10-22
5031,300029,*ST天龙,-5102276.13,34.23,123047398.29,-43.2162666787,106373523.74,,19229101.03,536049.02,126327119.23,-4217690.64,-5239134.22,2025-10-22
5032,300019,硅宝科技,158365912.29,-29.15,2132592720.65,11.5104463047,1692487755.59,99237910.24,83853843.72,-5488802.32,1961552373.92,183812534.53,182212996.18,2025-10-22
5033,300006,莱美药业,-26416692.1,51.541276172521,605644339.58,-6.0661265767,221662241.7,299437003.09,94248180.74,-13987341.92,659835849.32,-40806835.85,-10698259.94,2025-10-22
5034,003008,开普检测,55977557.53,19.6,162525803.28,23.3971538168,50582744.71,8029194.02,24273322.57,-809696.99,93136819.12,79297835.1,78977064.47,2025-10-22
5035,003006,百亚股份,238520684.0,30.77,2324984062.0,57.5060815767,1049058913.0,869702551.0,79061488.0,-2580893.0,2067288456.0,279091662.0,280540327.0,2025-10-22
5036,002967,广电计量,188769630.0,42.18,2159731675.47,10.0146136607,1197798625.47,342395658.23,159212104.64,12158617.18,1970882474.7,185698533.16,187854417.68,2025-10-22
5037,002588,史丹利,664253205.01,14.61,7878606590.93,3.6426389578,6444488814.18,300017148.85,277503622.12,-25533219.19,7319443279.08,748081506.34,752803858.0,2025-10-22
5038,002546,新联电子,102593198.73,-8.87,552297619.67,22.5555278654,353470154.98,17730894.24,23462172.38,-260375.39,435737428.92,109519512.99,110438282.13,2025-10-22
5039,002536,飞龙股份,266643444.19,18.74,3495614625.81,14.045747776,2755274191.2,78452511.55,176967991.42,-20003856.87,3229833437.17,282527229.6,275840011.59,2025-10-22
5040,002420,毅昌科技,71635165.39,277.91,1842416546.78,4.7259049146,1625210109.85,16620850.33,75823919.59,12351526.39,1816870506.83,76265013.6,79899176.6,2025-10-22
5041,002396,星网锐捷,262782172.4,-13.22,11886684325.37,7.5492505282,8062303367.71,1450531819.66,566121380.08,-7954248.96,11650091618.37,412139666.0,426170345.31,2025-10-22
5042,002384,东山精密,1067354218.05,-19.91,26466296272.31,17.6245631477,22852417764.3,306029550.33,736588141.01,96645338.96,25079263814.2,1279643332.02,1272402785.34,2025-10-22
5043,002343,慈文传媒,11408919.0,-52.54,52565145.85,-88.1293200422,24537499.06,2915142.22,15023361.11,1544192.78,44432424.71,16394392.73,16802304.77,2025-10-22
5044,002334,英威腾,152828001.41,-49.2,3143166566.56,-4.8140202537,2184207224.31,286170204.68,162384143.7,9020031.34,3024719005.08,172991212.4,165572011.01,2025-10-22
5045,002302,西部建设,9688923.09,-97.27,15016589547.2,-8.1088726126,13747398944.49,165163735.36,318363972.36,81915906.99,14774258600.54,69707660.33,79407928.73,2025-10-22
5046,002299,圣农发展,382714503.74,-48.25,13762170767.34,-1.1822267316,12343050651.7,467020593.72,293047243.41,131484551.48,13337012831.12,437855876.45,412697876.95,2025-10-22
5047,002204,大连重工,395077061.12,25.33,10155484256.44,10.0605055486,8373479493.21,185069975.01,564550628.22,347998.81,9830860151.6,434724001.14,452948300.31,2025-10-22
5048,002186,全聚德,70451607.46,-1.8,1084374327.94,-0.5177614837,866796604.1,44529113.21,111626775.05,7208404.68,1043506494.67,74024919.71,73028998.7,2025-10-22
5049,002148,北纬科技,13561383.65,-2.41,205908189.11,6.4316675308,121212051.81,26626694.11,21380409.14,-1149080.94,195899131.16,16775891.61,16818161.03,2025-10-22
5050,002137,实益达,26972368.19,-21.91,452088323.16,0.4140872918,352295447.61,12533969.24,25310713.43,-1509005.31,415210264.84,45131514.13,46401085.03,2025-10-22
5051,002136,安纳达,40827076.02,-54.68,1394167436.6,-14.8472295885,1316391182.14,9913012.23,21145302.57,-8681517.38,1388080235.59,16781462.92,15909612.87,2025-10-22
5052,002080,中材科技,608365138.09,-64.36,16810682779.21,-8.2003744529,13816526607.46,262658762.42,981241122.93,283912435.7,16357966404.66,897560990.8,910743998.97,2025-10-22
5053,001367,海森药业,86950138.58,20.89,320044589.93,13.0214011659,187645243.67,8665871.18,18198366.58,-14694784.41,220992411.05,101629819.97,100257493.83,2025-10-22
5054,001339,智微智能,82200965.84,162.37,2781257744.22,0.06407955,2289985629.36,62918855.33,65392387.6,22699926.41,2587629956.53,167473410.61,167236082.89,2025-10-22
5055,000795,英洛华,207325270.37,150.93,3025625713.42,1.8771782161,2435955560.86,61667343.21,152668412.02,-16411340.9,2798784620.49,248411412.53,248784337.14,2025-10-22
5056,000739,普洛药业,869652417.71,2.15,9290220207.76,9.2956085674,7039196715.18,399845866.0,364405634.04,-14045020.76,8295069270.45,1023122464.97,1019844330.67,2025-10-22
5057,000550,江铃汽车,1166091015.0,15.52,27730616481.0,17.9617374338,23887027088.0,969535546.0,647793534.0,-139955455.0,27317394616.0,849123808.0,843471497.0,2025-10-22
5058,688668,鼎通科技,78340997.88,47.72,703064325.83,43.2409465269,503491604.83,9471671.0,52157380.2,-896720.59,633737557.38,84293624.44,81703786.85,2025-10-21
5059,688499,利元亨,-519884603.18,-3328.84,2322561194.21,-45.1658096937,1833563329.41,120799636.06,361747693.18,78459434.97,2718971872.11,-554300881.84,-589131221.12,2025-10-21
5060,688458,美芯晟,-32249296.24,-637.48,287829328.38,-8.0760781262,220912873.26,19435215.6,26722973.55,-3140631.04,371790049.57,-54556520.46,-54679517.56,2025-10-21
5061,688152,麒麟信安,-22935516.31,39.485864199478,149935526.0,82.0706583686,45406495.24,55912240.17,27795431.42,1065509.13,188739213.35,-34505537.25,-34688306.07,2025-10-21
5062,688148,芳源股份,-118684730.59,-43.217626598669,1415347195.01,-25.5134821618,1361312766.5,2784420.97,51728988.62,72875123.36,1562918430.12,-167755753.28,-143497945.67,2025-10-21
5063,605020,永和股份,146462270.14,-9.63,3378729174.79,4.6385353585,2811282971.09,52406086.83,191813529.7,57689085.27,3206018040.57,170814207.3,170776443.2,2025-10-21
5064,603950,长源东谷,155072995.34,-22.24,1269935101.4,19.6972695729,982800835.98,8336488.03,50352760.34,13456947.31,1132898209.95,167584239.79,167741961.73,2025-10-21
5065,603897,长城科技,188871550.28,73.0,9507302460.12,16.007380669,9109658806.12,13600122.9,32711030.45,31529728.58,9275941517.3,253346085.67,251287067.45,2025-10-21
5066,603530,神马电力,215600963.58,125.03,895405866.7,33.1030834034,497577313.8,50241320.39,59487721.87,-6013015.89,646919950.42,253999986.43,253402044.2,2025-10-21
5067,603429,集友股份,-53934460.47,-144.01,406615982.4,-19.6167645255,257811309.31,4977242.98,36635186.6,-11084589.73,311874403.56,101059140.16,-40000945.07,2025-10-21
5068,603309,维力医疗,166726371.77,15.85,1060429057.46,8.5262373513,585377707.53,108203581.92,97387037.62,5765575.68,874790564.58,200748192.53,199180393.78,2025-10-21
5069,603227,雪峰科技,601857694.51,-18.33,4560351769.09,-15.3877951548,3404246090.07,30237096.42,249575969.92,10107145.4,3749943309.97,815199774.91,811005640.8,2025-10-21
5070,603206,嘉环科技,75329113.27,-31.96,3103009364.1,12.8384230779,2696150157.79,30865557.06,142843624.04,20969902.02,3014961544.83,81271792.78,80148286.14,2025-10-21
5071,603193,润本股份,260884103.81,44.35,1037514293.85,25.9845295986,432283238.1,282898111.64,21449066.6,-30735902.67,741942471.37,298569624.18,303535006.72,2025-10-21
5072,603071,物产环能,532982105.32,-35.72,30953828498.62,-5.5200902306,29538061304.44,99431366.66,135475557.66,8264495.31,29915609879.74,801617138.87,800703914.64,2025-10-21
5073,603049,中策橡胶,3214252462.47,33.827250436986,29293309151.18,9.3852149449,23030243704.69,1040296956.57,731205580.15,305197512.19,26350712575.89,3339463209.63,3336387165.62,2025-10-21
5074,600941,中国移动,110881000000.0,5.1,791458000000.0,2.0498736397,547590000000.0,42083000000.0,41593000000.0,-1751000000.0,670632000000.0,141479000000.0,142527000000.0,2025-10-21
5075,600829,人民同泰,206004258.18,-14.36,7678084114.44,-1.8771283187,6996974428.72,295298616.51,64331581.99,16717988.17,7399719919.24,270007563.5,270306131.53,2025-10-21
5076,600674,川投能源,4421925308.59,15.1,1086553082.31,6.4837036974,514492278.66,13169673.85,116120277.84,343794508.9,1044255346.0,4558423999.34,4560034745.64,2025-10-21
5077,600509,天富能源,493878747.35,20.9,6744841673.91,5.9505051294,5442945770.86,122607031.51,207786526.41,299659614.01,6193417886.99,463302075.93,518772519.12,2025-10-21
5078,600495,晋西车轴,6008907.32,173.73,872962348.02,7.6015833332,790250230.31,17594676.17,58737551.72,-8454161.35,916689370.13,5065149.34,6563795.23,2025-10-21
5079,600449,宁夏建材,170836448.59,-41.41,6772632934.84,-9.5543528181,6328195867.28,41118447.83,169891158.61,4694284.12,6637233060.78,204965010.51,199027167.66,2025-10-21
5080,600381,*ST春天,-90451751.65,-28.608234611174,198034675.41,23.2228268323,116871312.79,112194743.74,41121843.33,-42705.52,284070496.53,-81608379.34,-84951647.81,2025-10-21
5081,600105,永鼎股份,57303638.41,-34.14,2972593105.99,0.9207628813,2438707720.66,58898974.06,161286988.99,69792894.18,2898851721.07,126310431.26,124833522.07,2025-10-21
5082,301200,大族数控,203028974.15,27.35,2343584618.67,105.5453275269,1713154634.81,133910607.8,129030328.82,-560647.52,2156267712.17,211919910.73,212122621.69,2025-10-21
5083,301076,新瀚新材,41781840.06,-40.41,305498137.52,-7.4676062464,230303162.79,6914709.43,22176941.16,-7677169.43,266049147.72,47066895.38,47056259.78,2025-10-21
5084,301070,开勒股份,8345584.07,-80.25,278309459.19,-8.3817639879,178216819.49,42624589.04,37071910.34,1135485.9,282114056.93,6770723.53,6158580.96,2025-10-21
5085,301026,浩通科技,98966507.1,-4.0,2376394795.94,32.3003048555,2229858814.41,8713730.48,22122400.67,8387169.85,2281915427.66,95458479.54,95458479.52,2025-10-21
5086,300980,祥源新材,20901876.2,-36.59,332419026.59,24.1496235173,226500861.32,12975066.34,49823649.81,2231137.46,317351240.44,25041919.96,24390696.77,2025-10-21
5087,300946,恒而达,79006329.29,9.53,441094240.64,8.4963871229,302792361.29,10911219.79,17911265.11,1401101.14,351849939.13,91063931.3,90363190.42,2025-10-21
5088,300802,矩子科技,61645483.98,-5.5,506939198.87,10.9742791686,352834581.99,14119359.25,29190991.65,-1971461.48,444148627.82,71223205.27,71288683.95,2025-10-21
5089,300801,泰和科技,83749098.13,-27.61,1658613818.56,1.2526316454,1425824360.19,18526609.03,62285679.69,-3118145.45,1559863689.48,101408870.11,100735852.14,2025-10-21
5090,300750,宁德时代,36001074000.0,15.59,259044749000.0,-12.0920437283,194352589000.0,2608019000.0,6774456000.0,-2894209000.0,215471465000.0,46125750000.0,45720486000.0,2025-10-21
5091,300748,金力永磁,196883689.13,-60.17,5014084259.25,-0.7190164227,4511179590.73,33216516.2,117087881.61,-24248215.26,4887233074.25,220314294.24,218636460.04,2025-10-21
5092,300690,双一科技,64166948.7,-7.54,632444701.97,21.907451483,478316749.78,12477708.59,39803192.02,-4547293.05,551843850.38,72458357.91,73058559.33,2025-10-21
5093,300680,隆盛科技,153602822.02,58.22,1643176200.63,38.4702577793,1347471247.87,8641187.99,50468549.63,21363118.35,1497565847.77,170627877.85,172598580.63,2025-10-21
5094,300596,利安隆,313951598.45,10.95,4265122404.12,10.574681714,3363730004.01,122020951.82,175519389.53,32949357.04,3908187899.04,376214940.8,371461032.63,2025-10-21
5095,300505,川金诺,110452127.31,202.18,2200104823.51,14.9011741202,1937140517.24,18345001.03,74176210.2,4542453.48,2076759682.95,132866660.84,134144857.85,2025-10-21
5096,300452,山河药辅,122425859.03,-0.89,644353357.35,0.6243942502,436937578.94,22244761.78,23325121.62,8843960.43,526758558.87,139528691.42,139862695.02,2025-10-21
5097,300240,飞力达,22261977.04,-46.6,4999829074.24,41.7361788657,4677353794.05,66545234.42,183951553.5,44652392.5,5001016434.88,48905350.19,45969420.43,2025-10-21
5098,300221,银禧科技,39148494.69,46.66,1415545968.59,17.2524666042,1179312706.1,37033673.14,63788660.48,8776570.56,1371467934.18,42146701.45,40103971.44,2025-10-21
5099,300205,*ST天喻,-113004302.27,-409.83,778394726.18,-39.0776643804,585111064.19,87555746.81,86008341.59,151915.68,869473501.85,-117521998.55,-118428218.95,2025-10-21
5100,300172,中电环保,84525478.37,-16.61,601150250.15,-22.2508815773,434474737.49,14501495.69,46578432.31,1133181.23,529246145.05,99063520.43,99124225.26,2025-10-21
5101,003017,大洋生物,51265777.4,27.6,671793437.23,-6.008950367,543822330.86,6320965.07,50424929.96,-81332.2,627413288.28,54398797.61,54176231.05,2025-10-21
5102,003015,日久光电,56327910.94,1448.11,443455779.09,24.7519416283,323962180.2,15371195.78,18810235.22,503158.66,385536399.21,62953960.94,63221107.37,2025-10-21
5103,002962,五方光电,64256547.49,43.97,868433679.95,36.9672059185,728455169.73,4675671.72,36960224.8,-21311999.1,801942424.22,69325332.62,69338003.16,2025-10-21
5104,002890,弘宇股份,13779672.27,-11.69,255937794.46,-9.9674637438,213996261.26,3613947.46,15285389.05,-115859.85,244507497.7,14943768.61,14777003.79,2025-10-21
5105,002841,视源股份,930514536.21,-12.33,17152358938.64,11.499278862,13463541315.49,854956058.87,847237345.44,-65227345.22,16234901969.22,1016839013.68,1013473092.78,2025-10-21
5106,002722,物产金轮,113372345.17,26.82,1953307962.68,-3.6924936387,1614914063.55,75176809.53,63229949.14,6247870.92,1803386176.33,141957633.61,142242359.95,2025-10-21
5107,002695,煌上煌,78564643.04,-22.12,1452362234.25,-8.1138477483,963794885.34,221914363.04,132106896.97,-8029323.41,1377083234.79,91715027.94,95616564.08,2025-10-21
5108,002380,科远智慧,158602448.6,75.34,1162248951.37,16.160728067,687771607.75,135183925.32,61194466.56,174839.06,1019551158.74,175932292.2,174834294.27,2025-10-21
5109,002230,科大讯飞,-343704233.43,-445.91,14849536928.14,17.7250420783,8842160204.14,2553070937.15,898255794.69,109784684.19,15516979127.24,-475466528.04,-540764760.84,2025-10-21
5110,002217,合力泰,-1228362783.05,62.7,1017006404.2,-75.4686274867,1365723612.41,43386099.29,268324395.01,635343999.74,2354612662.81,-1278430212.79,-1291750168.3,2025-10-21
5111,000948,南天信息,55927418.62,6.43,5816780129.41,2.4365910174,5073618132.71,186886508.39,141378270.26,21963935.23,5769005020.28,37484466.77,37237090.07,2025-10-21
5112,000933,神火股份,3538384965.61,-13.75,28314038952.89,-1.1018127187,21366313544.12,240675228.5,588001423.09,153699405.85,23401461786.61,5374161089.72,5251392336.1,2025-10-21
5113,000729,燕京啤酒,1288087871.55,34.73,12846139630.27,3.466890872,7053421697.75,1539536863.83,1441905532.11,-163124704.59,11156822981.26,1759490007.32,1765020298.26,2025-10-21
5114,000665,湖北广电,-349669724.69,2.0,1309955968.18,-10.8801028252,1266421774.39,123856979.28,179522158.5,60978581.92,1678203818.02,-371759869.25,-356520150.11,2025-10-21
5115,000633,合金投资,3227695.49,-35.19,148639196.74,-17.1337241183,129306537.04,3387741.39,8605697.57,-536455.72,141978121.03,6593007.05,6585941.08,2025-10-21
5116,000536,华映科技,-848494201.97,22.59,1316190090.93,62.7568488599,1678692585.75,10967063.33,115773936.27,172428668.96,2122360141.95,-852071796.1,-849168828.84,2025-10-21
5117,688358,祥生医疗,98408552.7,-30.42,362245220.14,-9.8463189244,147964861.72,39476204.72,27172040.53,-14069555.24,265916746.04,107891165.79,107652724.48,2025-10-20
5118,603178,圣龙股份,6861995.71,-80.57,1136210800.66,8.0567404731,1028541534.74,16075037.67,59464434.16,3773615.59,1198392287.36,7918187.3,7519646.75,2025-10-20
5119,600573,惠泉啤酒,79673029.53,24.47,591056788.54,0.0369309207,387047820.56,30859966.0,31306344.45,-25861244.09,505259483.32,87298572.93,92237792.37,2025-10-20
5120,300976,达瑞电子,182144364.34,281.25,1771844933.56,91.5376056642,1334942528.01,62403850.49,97714839.49,-10734236.31,1570599773.03,204353012.43,205170591.14,2025-10-20
5121,300890,翔丰华,56408870.97,-37.19,1045557807.43,-21.0690440682,831805590.33,30440693.89,45834129.98,49789506.64,1004000996.25,60882029.11,61379321.42,2025-10-20
5122,300373,扬杰科技,669110085.54,8.28,4423617833.34,9.4773235077,3051244125.07,180682467.74,213317436.36,-54227167.22,3727516232.46,781170261.27,782034783.85,2025-10-20
5123,300302,同有科技,31350079.95,141.73,303762208.84,22.4029559924,158171783.02,25386916.68,35442388.25,6104293.24,285192749.73,35424565.53,35609578.55,2025-10-20
5124,688551,科威尔,51644122.01,-31.45,377239212.77,6.2640310565,202156690.0,46605649.95,37100666.8,-9505177.79,339998695.18,50195790.79,50408966.93,2025-10-18
5125,688475,萤石网络,374776500.83,-6.69,3962645501.38,12.9271830268,2275422841.54,600565870.4,141112228.95,-66572646.64,3589458644.91,411677157.51,411652865.94,2025-10-18
5126,688449,联芸科技,73184367.45,7633.19355416571,825245015.56,20.3133887138,428621375.11,18974855.7,39843442.08,5695247.08,812088169.87,73111151.18,73184367.45,2025-10-18
5127,688256,寒武纪,-724491743.66,10.305662431938,185306577.18,27.0870115322,82963144.64,40822710.15,270307421.65,-25067129.43,1029072771.42,-727912046.15,-728262087.22,2025-10-18
5128,688195,腾景科技,55481375.97,77.9,331848898.44,34.5905439831,204666867.73,10106249.13,24030586.19,1927987.67,277533414.75,59130905.16,57296077.64,2025-10-18
5129,688027,国盾量子,-55117508.36,30.33466919404,99714812.21,36.1021806508,46903148.76,18839760.91,63140755.23,-8652245.98,174984735.96,-56882071.04,-56845091.25,2025-10-18
5130,688005,容百科技,116394791.9,-81.1,11323274729.76,-39.0377214232,10291932173.8,29790387.04,329101110.58,88545532.52,11093997397.1,217546799.51,213954674.56,2025-10-18
5131,605228,神通科技,16557784.87,-27.52,966915381.98,-8.0989873619,775578126.1,15624569.28,99411471.87,-498091.03,961789954.76,15936214.93,15507651.83,2025-10-18
5132,603822,ST嘉澳,-139873908.22,-463.51,1038335495.45,-52.4751509417,1064179465.6,7308417.29,80570637.13,57247616.48,1250859897.39,-192412039.88,-192692136.66,2025-10-18
5133,603799,华友钴业,3020370672.11,0.24,45488186407.32,-10.9665083248,37512340364.03,92143878.9,1339759878.45,1945431747.86,42265889315.46,4003254803.68,3955700625.77,2025-10-18
5134,603737,三棵树,410336003.21,-26.0,9145606838.66,-2.8134161304,6524715400.88,1380609037.07,496387616.79,124900888.77,8787257217.59,414237013.56,411986464.13,2025-10-18
5135,603595,ST东尼,-42606664.38,85.34,1435837759.8,5.648709966,1120956613.87,2753376.08,76023897.55,102844272.63,1486047390.67,-165205299.03,-123647784.25,2025-10-18
5136,603333,尚纬股份,18997581.53,-37.32,1197547176.14,-25.3407793684,967682067.99,70127776.32,62102174.55,14395951.37,1178747514.48,21214291.5,20807391.35,2025-10-18
5137,603163,圣晖集成,74092912.6,-35.08,1446730283.61,0.0705951563,1268022773.25,6574816.57,45608377.51,-5989151.13,1344456057.72,103866098.95,103701640.57,2025-10-18
5138,603162,海通发展,410493327.38,171.12,2586952266.4,127.6429365745,2120636208.05,39879645.57,36941560.39,11544805.48,2211095811.63,408456845.55,411177087.65,2025-10-18
5139,601899,紫金矿业,24357458921.0,50.68,230396480019.0,2.3949035091,185396466695.0,522650777.0,5145847431.0,2255077623.0,198666621948.0,35847843290.0,35325171289.0,2025-10-18
5140,601609,金田股份,287945880.74,-24.95,91844238681.98,11.775383696,89782263581.59,285752028.57,437431265.47,600506201.85,91664447195.11,342910630.08,346447269.65,2025-10-18
5141,600602,云赛智联,158324493.88,1.22,4058350551.3,8.2547685671,3255138299.55,199107991.96,193139987.69,-59012016.84,3894020781.31,184479556.93,186064675.76,2025-10-18
5142,600444,国机通用,29547077.3,77.38,559031343.95,37.4467615578,481605042.59,6168090.4,25912531.84,-4821803.04,535418700.35,32489066.73,32509758.43,2025-10-18
5143,600436,片仔癀,2686684743.25,11.73,8450322100.75,11.1902516327,4610195351.01,332200579.41,227172648.69,-2005294.0,5371488662.17,3189835029.76,3188030535.7,2025-10-18
5144,600388,龙净环保,647445508.65,0.91,6654268804.54,-11.6414484006,5033828538.19,183208189.64,368076850.09,104827451.41,6069949148.5,772594294.65,764809958.38,2025-10-18
5145,600318,新力金融,33574956.06,-12.21,247102867.25,-6.6002647998,44481519.9,763178.64,52946619.96,32484585.04,142078435.18,125869512.99,125869272.99,2025-10-18
5146,301587,中瑞股份,54083920.93,-49.57,483429460.26,-6.9683278297,339865665.32,6394922.53,37561504.45,-5605040.36,422494430.43,57842614.74,57765949.37,2025-10-18
5147,301221,光庭信息,10960003.25,224.03,341756491.46,-12.6789929222,216750857.95,22517022.58,49330723.32,-11865851.14,317088083.74,10587622.64,10461820.39,2025-10-18
5148,300855,图南股份,258105933.28,-1.0,1079703317.53,1.334908779,692793922.36,6982894.48,33327340.41,-510565.21,792739814.93,292417096.24,292528231.41,2025-10-18
5149,300632,光莆股份,71705906.75,-35.53,639789327.88,-15.5082659234,441945464.36,69937516.35,39768396.99,-7121704.83,598486949.23,80332389.65,79738363.83,2025-10-18
5150,300610,晨化股份,66679663.27,70.61,685490131.37,-4.5526263394,548615637.33,18314537.65,47171841.6,-865735.05,646829409.66,71245589.46,69978527.07,2025-10-18
5151,300401,花园生物,241469851.67,62.13,937594175.86,4.4346494971,392198511.26,155333590.49,75536883.45,18907532.05,715840066.86,272097634.36,273258348.4,2025-10-18
5152,002912,中新赛克,-46962003.32,-163.36,362344580.17,-21.2400528456,90069447.51,127219726.45,53026917.77,-26666319.5,413810754.55,-47012986.44,-46962003.32,2025-10-18
5153,002415,海康威视,8107748494.46,-8.4,64991467788.45,6.0634730315,36045818382.36,8543958715.48,2261849315.3,-132864387.63,55973716430.0,10118197589.95,10150195104.01,2025-10-18
5154,002311,海大集团,3623823222.79,60.95,84860629741.81,-2.3764261997,75245141419.19,2025069719.57,2339491128.41,307216638.84,80673814740.6,4298731490.41,4263720881.01,2025-10-18
5155,002107,沃华医药,22909628.29,-60.09,576678675.17,-19.502405187,159899955.56,302748648.37,56290696.75,-3870821.15,554004849.28,26435003.77,25171154.91,2025-10-18
5156,002028,思源电气,1491370179.34,29.88,10407267185.3,21.2841454371,7136797105.38,487796917.76,258761158.37,28118487.74,8705514181.2,1744703846.31,1742722234.31,2025-10-18
5157,688313,仕佳光子,36209033.27,231.0,729306738.13,34.7726559548,540868266.97,20782080.51,52108368.47,-3527103.06,695945802.76,43178431.75,41379443.98,2025-10-17
5158,605507,国邦医药,578884934.79,18.36,4418147150.19,8.9964828799,3262008778.71,50467194.59,228092919.66,-8334127.17,3724615529.84,673947665.53,664632411.33,2025-10-17
5159,603725,天安新材,80297445.75,7.11,2197183861.08,-1.3976233051,1710378181.96,140970607.41,120861123.25,22581307.39,2085444993.75,118898320.29,122878374.23,2025-10-17
5160,603129,春风动力,1081313321.87,34.87,11450034191.43,21.9846874341,7962206398.27,941691575.91,497488396.96,-118059798.87,10240728115.07,1224449368.16,1228791627.29,2025-10-17
5161,600660,福耀玻璃,5478784237.0,32.79,28313511824.0,18.8352099745,18014926133.0,808087278.0,2083475218.0,-451389919.0,21874454960.0,6495145618.0,6464179868.0,2025-10-17
5162,300841,康华生物,405902226.46,10.02,1060378720.25,7.1030091082,59802499.58,343880587.47,81125872.87,-6633466.96,577201604.21,462651015.19,462436864.13,2025-10-17
5163,300422,博世科,-57234781.55,24.74,1189879735.24,-13.7995580284,972616588.87,17233885.02,103168092.22,158026761.68,1337523158.19,-69676697.25,-70307075.46,2025-10-17
5164,300125,*ST聆达,-569638827.73,-6898.73,48560271.15,-93.6722030771,81952108.31,1960640.96,83361039.4,35677612.31,207717398.12,-479899161.21,-570203625.82,2025-10-17
5165,002911,佛燃能源,462265146.33,6.23,22301386750.9,26.1074345451,20921773993.1,81270677.7,304274285.04,77796044.38,21671663987.16,824474683.41,820680738.61,2025-10-17
5166,002660,茂硕电源,38025015.76,-36.27,918122527.63,-10.0342479502,687578148.66,53019262.44,78644131.25,2475021.67,908260372.88,23887933.59,23213013.23,2025-10-17
5167,002248,华东数控,9183334.96,-5.69,257085699.44,13.5233319925,208784138.92,14252768.43,10003815.76,4069828.96,246167314.52,9191965.18,9128248.22,2025-10-17
5168,000408,藏格矿业,1867944077.75,-37.08,2323639964.17,-44.5325006405,1273851858.03,32890807.28,167508790.53,-9029510.85,1763135471.41,2087739735.16,1951920657.37,2025-10-17
5169,688528,秦川物联,-41925664.82,5.654887489639,261577847.09,17.4401024925,194840172.37,38953254.99,35669210.94,2630670.9,322376781.31,-57421385.39,-57340365.45,2025-10-16
5170,688041,海光信息,1525718345.3,69.22,6136539009.22,55.6421559969,2108893578.41,120365099.76,102069632.08,-132833431.87,4078581439.52,2158855889.44,2158562739.36,2025-10-16
5171,605188,国光连锁,8182738.53,-30.26,2047355746.71,12.7435122326,1591890340.53,364092265.97,56250675.5,20847379.34,2045383671.08,11292327.18,12439489.91,2025-10-16
5172,603588,高能环境,560963138.0,-14.69,11450874193.36,52.8756282927,9853028687.89,71221704.0,361281831.74,323102903.38,10927933086.65,700246703.48,697459129.01,2025-10-16
5173,603456,九洲药业,630876705.82,-34.74,3965261223.17,-13.3581028392,2587368120.12,72344977.48,300560133.5,-49713325.78,3190787304.91,747100077.02,746709777.94,2025-10-16
5174,601026,道生天合,97834100.19,-6.690033534099,2125502033.6,-13.089273133,1848677040.52,38856960.76,44338659.92,13955448.34,2014508804.9,110337364.06,108091983.4,2025-10-16
5175,600770,综艺股份,72146769.44,165.870033275668,251543563.31,-7.7856036397,171852148.15,11035625.49,90672758.12,-1852737.78,282532691.76,80035515.14,80019369.47,2025-10-16
5176,301107,瑜欣电子,45812596.56,-17.94,405839507.96,-0.1170279704,299499876.4,5702350.07,22171177.03,-9640769.8,355688258.89,48042144.67,49010414.28,2025-10-16
5177,300511,雪榕生物,-163809859.67,-27.96,1641052971.34,-15.5613387979,1603496917.96,22120937.77,96570903.9,71281468.03,1812691932.39,-155204345.16,-155325550.77,2025-10-16
5178,300078,思创智联,-283640006.17,-154.07,564563042.63,-29.5431396326,471373535.14,52290919.15,82581715.07,40006082.67,747741398.44,-283283593.21,-282852044.95,2025-10-16
5179,002741,光华科技,6777623.27,102.42,1833463943.97,-8.2583062635,1650512372.52,55858701.35,88488540.8,20172037.51,1894948760.55,4821892.5,1818433.31,2025-10-16
5180,002664,信质集团,87105841.39,-48.42,4475917806.45,36.3754005854,4084221603.24,16467419.75,102862475.52,533279.1,4354489319.81,93019547.74,90596784.07,2025-10-16
5181,002392,北京利尔,309812943.21,3.05,4988559927.16,21.1256414568,4234038254.7,103346167.27,137854254.73,9065466.53,4714475663.98,336171532.04,337139516.81,2025-10-16
5182,001207,联科科技,199756460.34,75.89,1645449247.62,15.5931766212,1328396794.63,12056187.79,23903346.1,-13820700.79,1418742903.5,232455854.46,232066174.55,2025-10-16
5183,603326,我乐家居,80550407.23,-47.63,1032615945.62,-16.5322094738,551012014.54,266280952.69,80630820.72,9151467.73,968591943.67,106807852.88,106622546.09,2025-10-15
5184,600415,小商品城,2328871481.65,0.53,10613050746.39,34.247012629,7217192527.29,129773067.27,337969215.81,79873521.87,7917758136.6,2958943036.19,2976381691.57,2025-10-15
5185,300763,锦浪科技,668875122.29,-11.0,5161509166.5,11.2062042383,3423803403.0,339056601.86,183001326.25,246041271.1,4494941968.74,695718509.19,696162518.54,2025-10-15
5186,300708,聚灿光电,159572116.36,107.02,2022421825.83,10.6084919185,1737177335.65,12949964.08,27710391.42,-31736115.29,1844599701.18,175486572.06,175045818.98,2025-10-15
5187,300707,威唐工业,29748647.19,102.53,671112833.82,13.7188919911,526434826.44,7028798.82,55467365.71,10607688.74,630523488.34,34105342.87,35067824.76,2025-10-15
5188,003022,联泓新科,178335057.78,-55.9,4966719393.01,0.6232731659,4205075842.88,26888059.73,291335157.02,69762254.98,4923319963.38,218751825.33,197719514.86,2025-10-15
5189,002521,齐峰新材,106433466.54,-32.38,2551491546.16,-5.9704047923,2263123251.69,12920224.66,54730488.62,6558501.34,2437953547.35,125316670.64,125184111.44,2025-10-15
5190,002891,中宠股份,281959622.61,59.54,3188643213.93,17.5608513354,2310072576.1,333184003.02,132884550.54,17028131.66,2854487684.06,378348825.15,378355901.42,2025-10-14
5191,002837,英维克,352755913.7,67.79,2871742557.75,38.6053688497,2034210395.25,114915224.16,126261034.23,835902.75,2518205367.71,388843307.09,393785892.21,2025-10-14
5192,300409,道氏技术,147089019.57,633.87,6110238436.31,14.1113819609,5016922507.58,74517658.35,326568117.64,99857123.61,5858965874.91,253691255.79,241406663.9,2025-10-11
5193,000655,金岭矿业,149884326.43,-15.21,1104036326.17,2.3455330154,911856663.11,1251350.16,101464373.15,-36351124.32,1013562401.4,181420934.25,182429872.01,2025-10-11
