序号,股票代码,股票简称,净利润,净利润同比,营业总收入,营业总收入同比,营业总支出-营业支出,营业总支出-销售费用,营业总支出-管理费用,营业总支出-财务费用,营业总支出-营业总支出,营业利润,利润总额,公告日期
1,002396,星网锐捷,-19108431.9,88.93,796251383.89,11.618686775,519176701.48,190949686.77,206116767.36,-578005.28,919802376.21,-121334274.35,-53165626.16,2022-09-24
2,603042,华脉科技,27104211.19,,284111152.79,,197162955.53,23296403.1,19595147.18,1195799.52,251506363.74,32604789.05,32754592.72,2021-04-13
3,002323,雅博股份,13188261.22,15.790294826551,155799164.53,68.9635825191,103067219.91,7797695.17,22601506.34,5961936.11,139740128.37,16059036.16,17419226.89,2020-12-12
4,301418,协昌科技,6445770.38,,65440983.55,,50216035.76,1394154.37,4739710.73,270969.41,56846154.41,8009786.41,8022371.32,2020-11-16
5,688579,地纬智能,225329.96,,26352705.1,,9619657.17,3335701.39,14506982.48,-346959.65,29061094.92,-2708389.82,301172.46,2019-12-05
6,600671,天目药业,-3093781.7,37.433859292848,23720706.06,-5.271492553,14055121.04,3209853.92,7640948.94,1682946.43,27072893.85,-3352187.79,-2773427.18,2019-08-28
7,300270,中威电子,18610180.7,10.939784892707,64430953.6,9.8840546011,22524594.38,7834882.66,15368004.07,-561699.3,44785589.33,19645364.27,23346205.83,2019-06-25
8,600712,南宁百货,-180758.02,-124.417647717242,526793255.73,-9.4961366273,444266080.38,21468597.73,51752389.85,2587038.3,526528703.59,280790.45,1130114.46,2019-06-14
9,300183,东软载波,47657544.56,-18.116804838918,137211201.91,-9.3131246694,54272522.66,13038812.76,41131938.67,-9669528.39,95611522.51,57510300.87,57515061.27,2019-05-30
10,300786,国林科技,1004044.25,,31193168.87,,18689686.67,2781025.58,5932220.08,462665.99,30919481.28,273687.59,846949.54,2019-05-06
11,605589,圣泉集团,96873989.81,,986131245.08,,670480491.52,77537502.9,88636637.19,12649073.75,871440753.94,118611543.0,119009688.52,2019-04-30
12,002967,广电计量,-30884876.56,,85444072.42,,65598227.38,25673737.61,33963983.09,2401228.1,127427222.09,-42222988.99,-40468196.99,2019-04-30
13,002207,准油股份,62618437.74,398.138759276207,20806886.76,-46.7771077985,30726280.56,10396.01,8116448.89,997106.73,48737732.56,62879638.59,62833144.23,2019-04-25
14,002200,*ST交投,-17095743.19,-1805.42787809144,109491106.23,0.1191042834,80955051.71,9634563.4,17716243.66,17836281.01,124280689.94,-14758630.9,-14686994.74,2019-04-25
15,002775,文科股份,10722991.69,44.207600368016,288988074.83,60.6023285048,241803694.66,,31823678.56,3766538.85,276602365.95,12385708.88,12419398.94,2019-04-23
16,300301,ST长方,2133169.37,-85.356098582051,394352792.48,28.3088465913,314066271.83,7827679.72,43468455.66,8106815.79,390506181.23,6570027.65,13360336.64,2019-04-08
17,600316,洪都航空,-28771634.02,-8.442223894613,421318848.4,-25.0525597867,397186675.87,4379843.88,37613964.39,10699403.7,451054018.1,-29113396.09,-28705075.6,2019-03-21
18,601609,金田股份,80200693.53,,10176569100.57,,9876708321.77,47757900.1,144921757.62,23634591.11,10119107867.23,109773051.78,109158855.73,2019-03-15
19,300152,ST新动力,26291171.21,265.395383241931,204850121.33,64.2753480987,151839904.85,9437414.77,25486712.84,1868724.15,195862863.3,8987258.03,38876153.39,2018-11-12
20,000923,河钢资源,173469936.22,-476.138101669386,1289612239.32,1.0477411455,384717279.57,379496063.37,78484983.11,55380195.14,906957797.59,383647683.73,384233061.63,2018-11-08
21,000048,京基智农,-18481014.45,-346.532607494913,304054735.62,-4.6871329181,263237447.42,17351102.35,40513817.44,488289.03,322364580.17,-18471353.13,-24079845.71,2018-10-31
22,600172,黄河旋风,30090364.03,-70.161686224847,505119998.2,-4.7732093776,320794912.73,16125683.21,60257693.19,42425343.46,468223193.31,38288084.83,40295268.07,2018-09-26
23,300063,天龙集团,29570486.29,4.722620818971,1352323126.43,33.5971498135,1227115943.31,33200165.86,44961432.07,6883694.31,1319534716.1,32799683.52,34181558.63,2018-09-01
24,601825,沪农商行,1659224565.76,-20.42156374827,3704586101.1,-1.9480376384,,,1161902742.84,,1773260790.09,1931325311.01,1946709808.86,2018-08-31
25,600610,中毅达,638367.42,109.967197440773,112936995.34,2492.7198905523,95163707.77,1050.0,9615789.47,918615.64,106224539.69,6154078.12,6150682.32,2018-08-30
26,002122,ST汇洲,16600743.21,39.501348267648,604797136.55,16.3724888026,482491829.95,20271672.45,63901312.22,5217530.09,592997023.92,11800112.63,35615594.9,2018-08-29
27,000803,山高环能,-13643635.93,-76.647843609911,9703978.68,-59.5756563004,9797619.83,942182.24,4594874.55,7689195.73,23260316.25,-13556139.55,-13643635.93,2018-08-29
28,600171,上海贝岭,14949713.24,39.960333001585,113240353.89,-0.8468958527,80832760.83,5785119.06,22089256.7,-8063074.54,102027689.68,14520628.3,15173082.85,2018-08-28
29,000568,泸州老窖,797468049.82,34.537355725318,2670359546.2,20.3379421322,794321420.15,442424014.38,139928281.55,-14455905.88,1589363525.87,1102378461.19,1102271385.53,2018-08-28
30,600352,浙江龙盛,501188247.98,62.36853527012,3939284058.49,32.1628545336,2446381034.63,297620920.77,355434660.37,87408788.93,3251132567.28,699138943.97,704088474.63,2018-08-25
31,600580,卧龙电驱,34204636.13,-51.964988015183,2231442544.62,13.0493529202,1728918337.47,148251962.34,239561168.67,63271161.68,2191235980.71,43167638.76,53319036.54,2018-08-22
32,600366,宁波韵升,80387515.98,-87.271240286491,378619864.31,9.8296733232,265067232.54,2942341.09,59643094.38,3281950.65,335277233.36,62409150.91,99054127.42,2018-08-22
33,300272,开能健康,11405067.24,16.096115408301,135496575.77,27.3403392165,85665283.82,15093282.44,30787180.09,4198840.14,132252730.96,6061634.5,6585615.63,2018-08-21
34,600888,新疆众和,33996072.0,248.266665795216,956397914.23,-33.9329089313,812949036.07,29851127.07,26927820.96,58156454.38,939068917.48,29071599.32,35113993.85,2018-08-11
35,000063,中兴通讯,1213607000.0,27.814030394625,25744612000.0,17.7784449982,17384211000.0,2767742000.0,701954000.0,-15686000.0,24657359000.0,1678148000.0,1731938000.0,2018-07-28
36,300866,安克创新,76166868.21,,720440365.18,,331373069.54,248056435.84,50465953.75,5675170.95,637025580.54,84278951.03,88553055.65,2018-07-26
37,603192,汇得科技,34168800.0,,305830200.0,,,,,,,41180100.0,41117800.0,2018-07-25
38,300724,捷佳伟创,68993641.08,,380840401.93,,232266667.36,22512982.04,22871247.49,5184188.44,303386740.8,81819044.14,81732556.77,2018-07-23
39,601869,长飞光纤,221191200.0,,1822819787.0,,1306855636.0,50962917.0,198954443.0,9070664.0,1595387644.0,252060834.0,250785807.0,2018-07-19
40,002356,赫美集团,15520193.62,-23.361848152511,781304558.46,110.3685148687,557228551.45,25930589.51,96989109.54,17262046.25,739379838.09,48159164.62,42646333.68,2018-07-14
41,603657,春光科技,10706748.61,,74220763.06,,47394813.49,1960383.06,12396904.57,1370246.82,62080238.27,12348598.74,12452293.15,2018-07-10
42,002175,东方智造,13563306.66,320.341585408998,152462362.79,36.7168466875,86212472.57,7676939.36,23307961.2,11366566.53,131867571.8,16228977.73,16281429.25,2018-07-07
43,603706,东方环宇,-1559000.0,,123429500.0,,,,,,,1848700.0,1760000.0,2018-07-06
44,002188,中天服务,-6734429.2,-180.263606929788,177237886.37,69.8534596526,118485748.05,35422828.51,23127913.77,526456.64,183675925.96,-6340117.99,-6089253.17,2018-07-04
45,603713,密尔克卫,14363838.74,,266299072.77,,212046867.62,6942153.87,25556578.88,750417.53,246706521.85,19927291.67,21088723.82,2018-07-03
46,002439,启明星辰,-6710205.96,-26.935331445237,286708225.23,24.419289682,90102908.18,116481338.76,125490115.15,-1028338.85,338035282.77,-50314895.6,-10894338.71,2018-07-03
47,300475,香农芯创,12655884.35,-58.581108640783,96349139.63,-9.9857156883,68582903.46,4300825.03,13553344.73,-2165545.85,83787377.55,15599737.1,15689359.2,2018-06-30
48,603105,芯能科技,-13810747.16,,92720100.0,,79610268.59,292071.03,25354870.2,416290.73,108043792.53,-14495777.85,-14495817.85,2018-06-26
49,600399,抚顺特钢,31460520.85,-35.79597369817,1389423388.63,20.317377372,1176372937.06,25101456.95,43059299.68,90326308.72,1352869304.25,35632552.42,36970195.15,2018-06-26
50,000409,云鼎科技,-28972927.81,-626.288448901954,348025321.29,-39.4167252877,298867057.35,12478112.84,31594052.63,31744524.24,374963754.06,-26938432.77,-26793407.01,2018-06-22
51,601066,中信建投,1005390715.67,,2604898792.19,,,,1253792361.48,,1270579015.58,1334319776.61,1353875972.89,2018-06-19
52,002160,常铝股份,22131170.97,310.905168671221,857170404.0,46.9471513999,714790358.23,49330490.83,52333473.19,16451410.14,837820280.99,19532108.55,26234776.06,2018-06-16
53,601615,明阳智能,-38577787.88,-139.983452319171,1353529669.79,-14.4367659246,1014563266.51,117282573.56,136905326.31,12014077.3,1420036219.05,-54805362.03,-49534856.35,2018-06-15
54,603650,彤程新材,74219200.0,,454703900.0,,,,,,,93263600.0,93269700.0,2018-06-13
55,600900,长江电力,2708003431.57,23.479758705954,7854916027.23,0.2553588678,4223007251.15,1967779.97,129037320.2,1452932213.5,5996028911.14,2693975849.12,3219023418.68,2018-06-13
56,603693,江苏新能,100210165.14,,363450850.01,,198343344.09,,17997038.37,30377365.33,252322392.83,103915005.71,115660171.24,2018-06-12
57,601990,南京证券,135950700.0,,368395500.0,,,,,,,181424300.0,180907700.0,2018-06-12
58,002668,TCL智家,48195875.45,15.271456694707,1235324415.9,13.5296507544,885552688.94,116355076.74,131088070.94,5104748.08,1168856813.17,66128833.51,68916798.37,2018-06-09
59,601330,绿色动力,57832014.85,,176384595.02,,67227702.8,,19298653.34,29561266.68,121604382.91,72392627.55,72448547.77,2018-06-08
60,601138,工业富联,2538188000.0,,64862238000.0,,58624292000.0,375205000.0,2252159000.0,209752000.0,61696892000.0,3143970000.0,3158114000.0,2018-06-07
61,002646,天佑德酒,102039129.11,-29.614520484737,452548826.8,-11.7091172064,153474567.25,73265011.48,32645785.58,1790778.97,334305871.68,129077262.16,129690072.41,2018-06-06
62,000428,华天酒店,-64512234.05,-11.842752637351,228649605.45,0.1311670059,93660284.43,6097456.29,150279433.21,64623775.12,325562640.15,-86740280.89,-91720308.29,2018-06-06
63,300747,锐科激光,55958800.0,,183779700.0,,,,,,,61870700.0,61873700.0,2018-06-05
64,603587,地素时尚,144343641.65,,483643133.37,,124745239.98,128872286.46,30358885.25,-2484910.39,292474871.71,191172683.82,192425096.78,2018-06-04
65,002742,*ST三圣,25886044.22,0.622845760668,322756683.94,4.7868251015,238409347.87,6490919.72,33151046.52,11749952.27,292400770.26,32839913.68,33054418.42,2018-06-01
66,002456,欧菲光,190558863.99,52.831206558418,6192542919.3,47.0940570736,5450489058.35,36664375.94,405340740.61,91341187.43,6019058051.21,174641132.8,222535288.55,2018-06-01
67,603666,亿嘉和,-10160893.31,,2818803.42,,1148643.35,3781985.21,12631292.15,-170504.26,16966217.52,-10388892.35,-9917835.91,2018-05-29
68,000909,ST数源,5150628.02,48.14570198079,241744071.26,-19.9342873469,212849240.84,6529846.71,13454303.32,8205367.23,237912074.19,7152612.94,8469767.78,2018-05-26
69,000719,中原传媒,90666215.84,-6.064356064252,1556050049.3,16.7699195052,1081706623.86,187305881.12,196868368.47,-7893444.44,1469625797.51,86424251.79,96564300.3,2018-05-25
70,603007,*ST花王,28689805.27,486.631222272605,127952003.52,132.057142989,84023010.23,231856.15,13930770.3,1297323.89,95994794.11,33037304.62,33054578.49,2018-05-24
71,300750,宁德时代,-11687915.1,,1454385691.84,,905259335.22,74633237.11,538433567.86,29237196.09,1551974320.73,-12738473.39,30370418.69,2018-05-22
72,002569,*ST步森,-8509309.69,-573.779858896201,80925096.5,-22.0060307887,47848170.49,15975339.11,12351620.87,-101072.43,88707280.45,-8030984.66,-7981466.61,2018-05-22
73,002287,奇正藏药,69313018.33,6.647785533612,193891574.92,1.4379291743,26955142.51,77442498.31,11528536.6,-1050396.11,117792027.05,75128674.08,75241372.15,2018-05-22
74,002074,国轩高科,202011555.65,-34.020673887104,1107643873.3,-5.6781883893,685080208.77,65682079.4,134488782.88,11318519.76,955503492.57,151165153.91,218816124.49,2018-05-19
75,002420,毅昌科技,-26328641.56,-139.480455482364,1343760620.51,20.1115979232,1280989379.7,17992327.44,63512433.58,12120839.69,1380236838.83,-36070869.7,-23148380.04,2018-05-18
76,002427,尤夫股份,41396481.32,94.962732195101,859626443.03,96.5183809669,637774829.39,20230643.08,80434018.95,40867174.24,790576966.35,73909657.05,74410524.1,2018-05-17
77,603045,福达合金,4667211.02,,232683376.08,,202974675.32,2091776.57,16269364.55,4534972.88,228215269.39,5232399.35,5232299.35,2018-05-16
78,002333,罗普斯金,-10794235.86,-141.042513827603,214577478.66,7.8420716182,199713350.06,17830274.71,13775539.8,-2966956.08,228005517.4,-14067454.2,-9742784.21,2018-05-16
79,603486,科沃斯,70778200.0,,946239500.0,,,,,,,89029300.0,89933000.0,2018-05-15
80,002647,*ST仁东,-11546655.6,55.984232724334,28307395.44,-98.3540741822,22115179.93,2587497.74,11009688.97,4301352.85,40259775.97,-11952380.53,-11975746.1,2018-05-15
81,002593,日上集团,7828841.75,23.348173237287,346068721.81,33.4282463693,292714984.72,15846122.67,11473491.02,11678468.72,337327671.21,10342784.39,10542901.08,2018-05-15
82,002573,清新环境,95129107.01,11.597687656562,672467292.43,115.6381226453,449762964.27,17588488.01,57376783.69,48526074.4,577638487.7,93294705.31,113900890.36,2018-05-15
83,600862,中航高科,65463789.26,685.965280759705,723012592.22,163.8711838785,529846908.63,12272008.37,65385359.43,1375603.19,641087963.83,83139082.38,92135541.14,2018-05-12
84,002755,奥赛康,-3967171.22,25.091637985086,32158666.04,-2.0449204382,23868629.15,1503876.63,11038189.35,-381973.82,36136814.84,-3978148.8,-3967171.22,2018-05-12
85,002591,恒大高新,-12842122.43,-421.368112372123,21826294.0,-27.703069175,14538325.99,3974365.3,18175225.61,257363.92,41604573.52,-20201963.34,-17842072.01,2018-05-12
86,002472,双环传动,45998171.54,35.353857489499,532733745.7,42.5829085186,416831636.52,18573663.91,36575555.2,4678578.81,484367350.77,53693075.5,55247463.15,2018-05-12
87,002057,中钢天源,38613064.65,623.423476089661,289642189.84,52.0466828489,210087185.63,10627341.33,20152634.0,1670744.0,245806224.85,43993388.48,44657321.4,2018-05-12
88,600438,通威股份,265670916.75,91.588022681524,4209189722.07,44.4696167179,3399137409.1,145610542.23,276561811.87,48319497.6,3907930870.6,292961921.52,323984302.08,2018-05-11
89,600180,瑞茂通,268698474.94,87.802672442891,5232988268.27,128.4239360399,4667387634.72,186600974.2,57931177.41,116192530.77,4995028572.77,377776318.77,374430228.49,2018-05-11
90,300261,雅本化学,17291006.73,67.465318963847,243916532.89,103.8451558877,179950074.93,3708476.89,35168408.24,5085091.39,222478745.95,21437786.94,21764876.43,2018-05-11
91,002765,蓝黛科技,27400390.09,-1.895455466771,292869410.83,12.2794581639,218117724.34,17773060.15,26040765.51,3031879.71,266361542.54,30018537.24,32898110.21,2018-05-11
92,002315,焦点科技,11149232.62,192.109135129806,215937860.38,61.5484901976,84815756.23,75116689.77,46148408.6,-402130.01,206310913.0,14589579.82,14883226.27,2018-05-11
93,002255,海陆重工,20658946.8,48.123501702974,190435539.56,-2.4104708368,139111120.7,6376153.14,21586837.35,-236981.42,170165379.04,21521411.41,27136463.73,2018-05-11
94,002774,快意电梯,17629428.94,74.895798286386,166524689.01,17.1230091808,106255556.28,25246895.53,15005612.33,-1152154.52,148399621.76,19639806.98,20998443.2,2018-05-10
95,002696,百洋股份,-880291.06,-223.470010726137,392436853.3,20.2432927383,355323275.73,11435564.86,20958358.17,6754260.85,392923378.33,-2743265.54,84150.31,2018-05-10
96,002549,凯美特气,5246497.32,71.871290158846,75410812.33,35.3607507357,43043798.3,9512970.11,18651082.72,702438.05,73090194.89,5320164.6,5558162.66,2018-05-10
97,002482,广田集团,56534619.89,23.68772242443,1863075183.44,17.9431154618,1628300519.51,49841372.91,72581900.59,32927767.94,1813163687.13,49270444.95,54173795.92,2018-05-10
98,002206,海利得,79214363.5,15.519503592895,675379218.2,18.8852647849,530883586.64,22206357.67,49589622.29,3849742.28,609241974.05,67496437.6,91346744.18,2018-05-10
99,002173,创新医疗,24086310.44,-16.925822792256,188268673.43,-4.6514595924,121898637.75,2583128.81,25602313.99,5737188.87,152706437.91,35562235.52,35562009.29,2018-05-10
100,002171,楚江新材,82221777.51,265.595713076617,2176711156.25,38.820445875,2010736476.97,28019615.21,34225967.63,841525.88,2097221586.49,101545455.87,100761983.24,2018-05-10
101,002656,*ST摩登,97262219.04,1017.53761766519,260935117.44,17.501985027,150931267.88,82182091.48,22011365.52,-3446107.53,272170284.14,86198114.28,93101521.15,2018-05-09
102,002479,富春环保,80977011.93,83.671551799828,793214357.28,20.0115627214,635178086.78,1483503.17,37087087.25,13467554.46,689207399.71,105112122.34,115081799.3,2018-05-09
103,002182,宝武镁业,61022782.37,195.789669182527,1140768444.44,40.3878976108,990800676.04,25020599.26,61616574.43,18098506.31,1106478194.28,34092472.41,68032142.71,2018-05-09
104,002136,安纳达,31957172.68,310.846607259197,251312681.99,46.6427405362,196890413.94,8693107.21,8358004.11,2761946.79,220537569.48,30775112.51,32504313.34,2018-05-09
105,603013,亚普股份,39261234.32,,1347329619.91,,1146412138.76,21769911.25,110667010.56,12275505.49,1296458736.35,57112947.05,57572105.73,2018-05-08
106,300746,汉嘉数智,7350277.03,,106272788.27,,77872298.38,4494690.32,12859007.05,-140020.69,97409933.92,10137901.57,10132664.73,2018-05-08
107,002896,中大力德,10373274.92,,91942665.2,,61953699.31,5385370.44,8579163.14,1916485.74,79919639.1,12023026.1,12035303.08,2018-05-08
108,688199,久日新材,8715202.37,,134789171.75,,98768968.33,6273418.86,14801151.04,4004402.38,124548499.12,10240672.63,10509752.63,2018-05-07
109,603259,药明康德,336869064.86,,1768190096.85,,996234978.2,67709753.93,263605228.13,18106156.66,1355103966.36,443091224.02,447718785.52,2018-05-07
110,002697,红旗连锁,39257148.38,-18.262585992371,1736340789.4,9.3909041886,1267953947.48,384893554.68,22924600.81,4715409.09,1686875648.95,46659113.05,50335923.47,2018-05-05
111,600022,山东钢铁,452564966.82,236.505913745227,12946446862.39,55.5362812392,12116952156.71,69239348.61,395634966.24,164650763.24,12788486181.65,264905571.81,467856940.08,2018-05-04
112,600756,浪潮软件,22408687.22,31.567277904182,291342901.0,72.1184996394,169574136.86,43593359.31,79827341.39,-303281.92,291455867.76,25959957.61,25957607.94,2018-05-03
113,002853,皮阿诺,8208160.76,304.457307688011,105402210.68,51.2310825651,70155232.07,18225606.37,10580629.59,-1748547.91,98085566.0,7316644.68,9872738.48,2018-05-03
114,002822,ST中装,22066552.29,-0.051124612986,601180706.47,6.992083459,504639614.13,6595370.33,22011594.6,9152386.42,570999454.23,30181252.24,30193448.2,2018-05-02
115,002124,天邦食品,52723203.38,-23.629813859664,558342967.52,35.0771518903,402383102.03,26628797.41,63864043.03,5711381.29,502216420.19,55662392.6,54717801.61,2018-05-02
116,601868,中国能建,690273337.18,14.186550765517,47261986394.2,16.142098076,42048689104.93,417513936.37,2571847923.75,550176932.77,45962685684.48,1642707268.54,1681247187.18,2018-04-30
117,688223,晶科能源,150435528.54,-69.757626051358,5349914512.89,-8.7139153867,4801702841.54,314590241.58,167180943.25,38559601.96,5248111955.62,101802557.27,168422821.27,2018-04-28
118,603999,读者传媒,14270825.95,20.666251610059,103504259.18,-2.4335256707,67569239.76,4925188.56,16856611.4,-2273786.72,91992368.42,12482657.43,13375986.47,2018-04-28
119,603998,方盛制药,17819703.11,12.88689318852,133023641.19,32.942024784,60496500.85,20034219.17,22867715.49,242240.86,107414404.74,22072627.87,22654121.72,2018-04-28
120,603993,洛阳钼业,597220400.0,323.284922720235,5782530300.0,399.6428987582,3589532200.0,49706700.0,210954300.0,409915000.0,4317828000.0,1493356400.0,1493077000.0,2018-04-28
121,603990,麦迪科技,-3165002.47,-77.002117200924,33076790.86,13.3753410646,6768976.47,15307029.82,18639111.19,953095.8,42465415.97,-8992207.3,-3038439.7,2018-04-28
122,603989,艾华集团,76387192.92,39.495644759999,376646238.79,21.5813443377,244371205.76,30860310.59,27294875.64,562024.0,306608244.37,77634404.87,89873693.85,2018-04-28
123,603988,中电电机,8948270.82,-19.675015559353,72080987.81,21.6837383016,49958620.33,3516913.49,7991098.27,218951.13,61084434.03,12031027.76,11931027.76,2018-04-28
124,603987,康德莱,23910388.15,16.555215139149,267561983.34,16.3778916143,177793105.64,21071730.16,29856574.16,1591439.94,233907744.93,34233920.28,34668907.62,2018-04-28
125,603986,兆易创新,69488966.78,94.200614045425,452370256.22,46.6093643573,317751584.54,14131409.49,37587802.27,1865451.28,376675939.01,75351049.07,79459483.86,2018-04-28
126,603980,吉华集团,100039179.4,109.367141395137,649168714.51,19.6804596213,462756320.8,11750339.6,37404357.13,1091175.16,528220716.98,123115466.47,133200741.83,2018-04-28
127,603968,醋化股份,46960523.91,146.520337120317,422482077.34,45.7415006066,328571947.22,10731949.02,20887959.02,1809120.15,372325868.63,50526751.96,54932987.0,2018-04-28
128,603960,克来机电,12478548.6,151.239338383546,53771326.5,149.4536857814,33668553.5,670646.97,6251782.34,105506.94,40867475.76,12889343.02,14846833.33,2018-04-28
129,603958,哈森股份,37891315.2,13.410914059991,412551069.75,-11.366352396,195783614.23,151715582.84,24814826.96,-105831.64,387932186.12,41429541.9,41271059.05,2018-04-28
130,603939,益丰药房,69353792.68,32.669665525672,1078254442.24,29.3579035228,650238773.13,291574126.87,43246051.3,-9411837.45,984400737.73,94798785.58,95693105.72,2018-04-28
131,603938,三孚股份,35707916.48,53.625534878013,263239771.12,62.1609394665,181963559.49,24444905.03,6169946.2,202392.1,216449857.14,46914913.99,46914004.99,2018-04-28
132,603926,铁流股份,27424788.0,18.669989954016,192793759.3,28.9853774388,133784869.2,11525700.72,14936642.6,286849.0,161388082.38,31478120.81,32653806.3,2018-04-28
133,603922,金鸿顺,30206134.93,,249039734.52,,180690607.13,9158249.24,16682952.07,5980884.52,219016517.81,35295548.24,35222694.51,2018-04-28
134,603918,金桥信息,-3745957.93,29.994246849139,85013204.47,38.3755292399,61578335.14,15916564.73,11322613.86,158634.77,88734215.79,-4047007.53,-4046568.78,2018-04-28
135,603917,合力科技,8905358.16,,88273859.47,,60203237.93,4145034.97,11582757.02,1597874.16,78103631.01,10170228.46,10281038.99,2018-04-28
136,603912,佳力图,21843888.78,87.157134741419,94843461.77,31.4036320091,48633393.69,13550940.55,6770591.93,-179302.33,70225284.17,25551040.78,25794859.38,2018-04-28
137,603908,牧高笛,24393675.48,27.780765485778,136132662.58,7.8446587264,88851857.74,8703816.13,9215714.43,302594.12,107779400.54,29511431.34,32466761.16,2018-04-28
138,603901,永创智能,17131657.17,9.785931931543,248121489.17,29.9496195126,172629880.0,26275685.55,25789308.94,3499096.83,230723058.77,19585210.53,19754566.19,2018-04-28
139,603898,好莱客,25665851.65,86.090277294597,263216174.87,35.1899842591,162495525.6,52523574.74,22899538.59,-450147.1,239925224.21,27783544.36,29789445.16,2018-04-28
140,603890,春秋电子,30694052.44,,353902399.81,,281927774.05,7026435.94,20018914.15,3637340.41,314728736.21,41103663.6,41440834.82,2018-04-28
141,603888,新华网,20942803.0,9.296622248776,206560034.19,22.2821940773,101962135.41,60446089.06,29232599.73,-4097701.94,192126744.72,21791623.36,21743853.88,2018-04-28
142,603881,数据港,23998606.79,26.721282380194,114641418.62,27.6043539021,66415741.7,450075.95,9999479.8,5798882.59,82830733.26,31830360.77,31860494.72,2018-04-28
143,603876,鼎胜新材,45435492.53,,2001961365.86,,1820834439.06,45599138.82,31895963.48,47364536.48,1958753278.43,54235835.81,59141630.05,2018-04-28
144,603869,ST智知,9050043.27,134.036045050766,333127444.68,398.5579862223,194606928.38,56962462.15,61434621.52,5638353.21,319906400.44,14439302.13,16979503.61,2018-04-28
145,603861,白云电器,25750918.02,-2.923936048067,322795662.26,-8.2693031444,224415492.34,30755807.99,37015897.43,643864.95,296792971.98,27179441.14,30546095.4,2018-04-28
146,603860,中公高科,1760736.89,0.769510498908,23164834.35,22.200533833,9777506.43,1603908.08,10207524.36,189913.15,22344976.97,816285.39,1777945.33,2018-04-28
147,603858,步长制药,222382462.71,15.303408931462,2428574126.42,21.3296513007,451243487.99,1418426522.25,227614624.16,16783119.76,2162093586.48,262953233.9,287503156.09,2018-04-28
148,603848,好太太,30996331.29,105.33200152483,198127786.53,66.4075506473,123101586.23,29494298.73,12456406.55,-253072.17,166899696.15,35354348.19,36290608.82,2018-04-28
149,603819,神力股份,10894166.57,-11.69827217551,145434789.96,10.5178858207,120956581.42,3496410.62,6567765.5,-88063.01,132408912.76,13025877.2,13127406.13,2018-04-28
150,603816,顾家家居,187848743.4,34.089330069385,1380053186.45,53.5677607164,857265336.87,290287937.17,48819842.66,439799.41,1212081860.65,180636835.26,234592940.04,2018-04-28
151,603811,诚意药业,14175244.38,23.753256370023,82311022.42,16.4785892964,44467961.53,8645579.66,10590511.56,153529.47,67199494.77,15813817.51,16850156.33,2018-04-28
152,603809,豪能股份,35671087.89,,172471377.37,,106450251.99,4903224.51,16400170.08,728543.51,130122229.38,41451114.23,43722024.92,2018-04-28
153,603806,福斯特,100314599.86,-37.194016984067,1001512237.24,11.6823534097,798752095.99,16441200.1,57907515.67,4390542.01,899705382.17,116148627.34,117241628.88,2018-04-28
154,603800,洪田股份,7279040.02,136.265561849914,146501744.35,95.2690472896,120866369.8,9665492.41,13666671.33,1209746.91,145838315.25,5538166.61,6316915.52,2018-04-28
155,603799,华友钴业,251661353.99,820.970402852524,1747176309.12,66.0052693407,1204703684.55,19990533.98,73671835.71,74536071.78,1407532978.28,341297895.31,339643000.02,2018-04-28
156,603789,*ST星农,14470527.91,-23.427859784642,160997237.73,50.0775875102,127490179.62,2641838.54,15487362.33,-1302809.2,144853125.13,17604126.87,18067168.15,2018-04-28
157,603778,国晟科技,7017488.6,-43.610306103676,63582774.72,-12.4035262249,46771549.01,,10023676.89,-696547.77,56314027.04,8006247.68,8006234.36,2018-04-28
158,603777,来伊份,74660917.88,39.931250271655,1065698827.36,3.8462714882,576837390.56,286918307.6,93954094.81,-1397930.14,965581467.96,103833464.53,105526574.98,2018-04-28
159,603776,永安行,26839286.67,7.09967905156,193466497.98,20.5416015183,135210632.01,5377130.02,13131062.16,2000763.34,158539803.63,34926694.35,35370226.24,2018-04-28
160,603768,常青股份,35267164.34,-13.137984996257,501541057.6,53.0856202553,393601749.48,11893844.79,30979173.31,5182591.21,458307948.01,43872239.77,43874826.66,2018-04-28
161,603729,龙韵股份,-469431.59,89.011571331199,131402074.86,-49.7214403031,118781902.13,2231938.76,13515449.87,-1093779.33,130199589.37,1198515.49,1208515.49,2018-04-28
162,603728,鸣志电器,23479038.79,31.308811083053,376404699.57,26.5873617587,238065889.16,35982753.78,68239648.55,2537153.02,352351371.62,28751211.91,28743835.17,2018-04-28
163,603717,天域生物,23302338.95,167.784452734288,204618837.01,332.7820379927,145430302.24,2863311.43,17520350.69,8003162.64,175466006.74,30495416.5,30503615.9,2018-04-28
164,603716,塞力医疗,14630848.58,32.864338523364,162757371.48,17.7572662382,110597184.73,15726744.54,14448954.65,1482682.71,147989683.65,17546933.76,17831219.38,2018-04-28
165,603711,香飘飘,20957649.17,,308582903.72,,168365723.06,108459823.95,25024905.33,-1741455.25,301568591.72,9442569.39,26888845.15,2018-04-28
166,603703,盛洋科技,18049129.3,153.287831990213,216847766.97,124.2178428602,170539718.63,4116937.07,16393267.79,3450796.8,197973204.78,22037934.27,22074461.35,2018-04-28
167,603699,纽威股份,52023692.93,-22.218464101414,521579606.13,4.2634208005,354429560.82,58315774.5,47059893.34,2129261.32,467889590.18,56698053.21,58918519.09,2018-04-28
168,603696,安记食品,9935353.02,9.122398548417,57506276.6,0.6753634021,37332585.07,3247081.89,6052950.36,-1117858.19,46567858.49,11459353.76,12000942.83,2018-04-28
169,603690,至纯科技,7805796.07,-31.54627010734,49156532.78,38.5534377335,34353560.73,865354.13,7456498.7,2391990.64,46137548.09,3018984.69,9240655.67,2018-04-28
170,603683,晶华新材,8954307.41,,151520276.42,,115031217.1,6572730.6,16632998.11,1916356.4,140950825.94,10569450.48,10774534.55,2018-04-28
171,603669,灵康药业,28255063.18,7.291329482995,121373673.99,18.0422773546,42950924.01,29251039.62,20531786.28,-448866.98,93859584.91,31569777.85,32055822.65,2018-04-28
172,603665,康隆达,16176174.54,15.99431624231,175574769.29,16.644894127,120016860.28,10901685.05,20045355.66,4835820.27,155747178.0,19827591.29,19878007.99,2018-04-28
173,603661,恒林股份,53838224.79,,417922098.33,,288723653.97,21844489.89,34002639.98,3465536.25,355386064.41,64091193.85,64062523.46,2018-04-28
174,603660,苏州科达,31059803.33,3884.28638232736,328762006.93,23.8017162669,100069450.83,86941947.46,128819902.57,158678.72,328473984.26,1220014.36,30365508.96,2018-04-28
175,603656,泰禾智能,12396547.15,2.379485512177,77043746.37,0.7257263842,35876596.46,13931814.81,12048182.47,-398129.53,62796440.92,14247305.45,15975589.3,2018-04-28
176,603655,朗博科技,7507190.86,,44961413.28,,24524594.85,1919338.05,8385600.88,-1078.88,35979789.0,8981624.28,8957072.5,2018-04-28
177,603633,徕木股份,8740341.24,39.205043806412,83298878.67,30.7065888494,55099445.31,3114487.63,10562291.33,3541099.27,73168743.42,10130135.25,10406759.39,2018-04-28
178,603630,拉芳家化,34063254.41,14.35545003389,234852005.06,1.7033899548,92447112.98,80972295.76,18551777.06,-1387567.94,196090485.02,39015646.45,39272646.45,2018-04-28
179,603626,科森科技,20240813.68,-10.334849720788,307977461.37,17.6445825899,219882121.65,8463872.8,56825535.22,5297308.98,289497568.68,18479892.69,18979823.7,2018-04-28
180,603618,杭电股份,34801160.36,-4.252230269127,846166147.78,3.2039821636,694769866.21,44212325.42,47848269.25,6315773.66,798955992.07,51985441.79,53439749.45,2018-04-28
181,603616,韩建河山,921576.18,105.05116284408,91465583.54,137.53168698,67136249.98,6056419.73,26133159.25,6008206.03,97699315.17,-6273234.25,1618665.16,2018-04-28
182,603607,京华激光,24157441.32,,135575853.85,,91985291.73,4972713.18,13139521.7,-97644.15,110031871.41,25558930.15,25578405.15,2018-04-28
183,603602,纵横通信,862675.95,,65992217.39,,55050003.51,1679281.2,11385812.85,614281.8,68234982.95,1576670.58,1735278.85,2018-04-28
184,603598,引力传媒,12653672.88,2.711737237759,613328054.45,53.9909151876,570051827.96,8066892.54,15502785.43,-644807.92,597297801.37,16824665.66,16823895.64,2018-04-28
185,603586,金麒麟,45974973.97,11.659343546102,351580121.48,34.7862623288,237275426.49,23626967.72,26879543.9,6169050.0,298450017.2,55660454.85,56119468.52,2018-04-28
186,603569,长久物流,45443155.82,-39.202891673357,1175926942.48,27.6401148852,1076345784.39,20041403.25,40619946.56,-907871.81,1138036603.51,40442884.61,47666777.61,2018-04-28
187,603568,伟明环保,120619211.31,45.691152517737,211110939.98,28.0630981875,68102628.04,1815231.1,14637882.11,12984538.72,104480478.56,135699970.52,135519797.58,2018-04-28
188,603567,珍宝岛,117395328.46,75.088962229829,549536239.74,34.1634454865,223686778.71,88939121.95,79577168.97,4865431.53,406761572.19,144519304.41,147009477.31,2018-04-28
189,603566,普莱柯,33371956.54,-23.722284906292,132228870.11,13.4566007146,37535611.66,31554730.89,27021441.57,-1175640.02,98145682.88,38319122.94,38460737.68,2018-04-28
190,603533,掌阅科技,35689666.37,,378586364.44,,261069566.14,49201728.49,31420767.4,-4951185.24,338817882.0,40043481.21,41232198.21,2018-04-28
191,603520,司太立,28058578.49,11.439958922532,196271884.6,14.7762221356,121059453.19,2379553.68,25518955.09,8121117.93,162399140.52,35610162.98,37065424.75,2018-04-28
192,603519,立霸股份,21080573.99,15.286640907173,280180047.86,54.750076045,238730953.58,6758014.03,9130904.29,2769.85,255778226.24,24875181.22,24869989.58,2018-04-28
193,603501,豪威集团,35966747.94,26.77540284246,398244287.84,-13.868269962,321669578.79,15497388.78,39662933.57,9567213.05,375917288.06,23446999.78,36310543.48,2018-04-28
194,603477,巨星农牧,11103083.43,,121128627.18,,99261436.99,2004054.56,3714883.63,3426126.52,108362295.11,12766332.07,12765369.35,2018-04-28
195,603416,信捷电气,24920290.54,40.188358572875,90357756.87,39.1413835326,50601999.27,5955541.89,11325797.02,-717541.18,69103959.71,26022217.24,28737217.24,2018-04-28
196,603399,永杉锂业,1442552.22,102.891438570483,468838287.04,27.8369667317,424568590.51,3322703.89,20703874.93,12995217.95,465669970.01,3168317.03,6065560.75,2018-04-28
197,603385,惠达卫浴,39931220.03,45.972961982757,572708655.21,26.7539306256,443827989.91,31765803.21,44780986.91,8220170.81,537317166.79,48326472.33,50980640.7,2018-04-28
198,603383,顶点软件,1322004.96,115.268429627624,27543978.21,62.772508277,4275870.83,7811388.82,18973398.89,-1643666.05,30240857.49,-2696879.28,1280160.13,2018-04-28
199,603378,亚士创能,5149258.61,,160436720.18,,100557306.8,34923103.08,20795281.19,-358288.45,158212718.54,2232148.05,6300233.14,2018-04-28
200,603363,傲农生物,23543913.65,,1121673541.07,,897931601.04,108702908.74,64953059.3,8908618.93,1092798615.93,31838019.98,33385317.63,2018-04-28
201,603358,华达科技,77620140.93,48.030938879204,580578688.75,13.6931873086,427051950.91,23602707.45,42641291.32,-1463990.53,488380419.87,92418268.88,93800823.73,2018-04-28
202,603357,设计总院,68985733.49,29.500542502763,292676276.86,19.3729632128,169486623.64,6906396.47,22900893.36,63998.07,209708154.6,83157096.55,83363968.94,2018-04-28
203,603348,文灿股份,33869487.25,,307835752.49,,219305486.94,14034616.83,25104368.28,6634892.2,268036740.72,40527918.26,40525925.85,2018-04-28
204,603339,四方科技,40206801.56,43.017684566343,205976024.63,33.3843447898,139328883.28,6085182.08,16824074.3,-673892.79,162643169.72,46483604.91,46486392.91,2018-04-28
205,603338,浙江鼎力,67165252.14,133.059082967497,253129312.28,103.3934905779,143308423.26,10251752.92,15121864.71,1225530.42,174635478.48,79595765.64,79620565.64,2018-04-28
206,603337,杰克科技,81380877.82,53.461511542529,718342971.04,37.5021400558,501466933.99,29541529.72,74939976.88,1623059.61,634355855.98,84972573.62,92844842.38,2018-04-28
207,603336,宏辉果蔬,18924776.02,29.994603102852,159533219.76,27.7330257935,130727206.07,8142183.52,3483543.25,833606.1,142667458.23,17986567.14,18936567.14,2018-04-28
208,603335,迪生力,14788474.04,,224316120.22,,150676739.32,31381972.02,13572622.27,4716825.13,202329869.52,22241753.51,22274271.03,2018-04-28
209,603333,尚纬股份,3893324.06,319.443271807324,172849803.28,29.6156135918,143260513.29,9023090.79,11899512.26,1667812.88,170995385.55,3376770.08,3500313.36,2018-04-28
210,603322,超讯通信,-7705255.73,-1054.80814767692,163366690.82,21.3587382738,143251454.33,3452892.23,20778949.59,1304703.2,171525397.05,-8078164.23,-8078504.15,2018-04-28
211,603318,水发燃气,2423234.11,120.644843181092,68578851.53,14.9348902669,44138003.77,1561715.43,12850964.71,5358727.2,64616380.31,3337823.99,3600329.91,2018-04-28
212,603313,梦百合,67354852.37,31.153883267774,481467924.05,30.2014006977,324206761.67,45669800.98,43863456.81,971314.02,419069044.41,80604847.03,80479070.08,2018-04-28
213,603309,维力医疗,14853030.29,5.102871421008,116062732.46,15.6840339956,73869611.77,9743780.8,16888674.96,349086.86,101904865.9,16721058.1,17229276.22,2018-04-28
214,603306,华懋科技,72286607.93,5.270963114461,237807721.99,5.859116795,131302072.79,6685005.29,18395175.49,-1104146.57,153646975.07,84390573.75,85043068.15,2018-04-28
215,603301,振德医疗,22027608.53,,292668887.74,,211605425.67,21362604.79,30544337.36,8271781.89,275379510.32,26211295.78,26322852.27,2018-04-28
216,603266,天龙股份,20874981.11,10.854383802865,217036238.01,17.1722309967,158016763.4,8666648.21,23306872.95,453828.0,191449177.66,26882235.78,26912669.73,2018-04-28
217,603258,电魂网络,58451308.68,-28.074547191083,119393628.18,-14.5371930825,8153916.18,16149771.66,37294318.92,-11114037.41,53158525.42,64742602.76,64829119.96,2018-04-28
218,603232,格尔软件,4388673.13,185.060551080734,47833021.03,83.3849154251,16868652.5,3668515.57,24619399.98,-381872.37,45494988.29,3409702.46,5883660.2,2018-04-28
219,603229,奥翔药业,12033645.03,5.112677816629,38951321.23,-5.236675259,16444679.08,430030.27,9646893.45,1509170.94,26988979.16,11753387.22,13806688.48,2018-04-28
220,603228,景旺电子,151141600.89,46.412010281435,904634323.36,33.0113724144,610061840.54,27638521.47,76388097.55,2209142.12,721739982.31,187089194.98,186412863.17,2018-04-28
221,603223,恒通股份,16051886.31,37.88192300487,702286658.95,86.1177421578,647446091.99,2179177.95,23517861.34,860101.3,678488854.8,25455679.33,26898006.73,2018-04-28
222,603214,爱婴室,10200551.92,,424741113.67,,320387188.02,70018201.0,16918314.19,1368563.51,409559920.57,15560990.48,16163828.71,2018-04-28
223,603203,快克智能,26568272.92,36.568000795055,76017421.4,35.9058711411,31454341.81,5264268.87,8592855.6,-828130.84,45455856.74,31184595.09,31493388.25,2018-04-28
224,603181,皇马科技,31182655.51,28.556462359829,353366674.59,24.2234160337,281733331.97,8757186.94,20740374.37,8649036.3,319771067.42,33595607.17,34885285.22,2018-04-28
225,603178,圣龙股份,25107311.44,11.853594459304,361289928.69,13.4019748716,285078185.78,9946169.8,37501377.3,6460468.0,341601551.43,30458766.21,30377269.3,2018-04-28
226,603177,德创环保,-7147115.25,14.358144619769,133441911.94,47.1519690273,105984270.06,7279635.99,21532578.79,1608653.39,142239413.44,-8101852.92,-7668495.04,2018-04-28
227,603127,昭衍新药,-6917344.11,,18934728.57,,9868019.36,842947.53,17885314.48,-212231.61,28820247.79,-8850513.9,-8360916.83,2018-04-28
228,603126,中材节能,15960242.67,-18.874373602969,331083715.4,18.5838663963,261984797.06,9625974.3,43732299.24,-465349.06,317379282.99,22128348.53,21857509.19,2018-04-28
229,603123,翠微股份,37911279.16,8.744189718046,1356423005.09,-6.2848250754,1093715881.82,150408667.81,41162641.64,1314092.22,1304280392.47,53222612.62,50479119.42,2018-04-28
230,603117,万林物流,19608140.82,11.441651576831,97418808.31,5.5457909156,41530287.14,2142166.97,15837301.95,12153320.12,72996792.45,26063621.83,27072504.12,2018-04-28
231,603106,恒银科技,28027267.72,,373312132.59,,243603908.86,68233129.74,23807493.24,2759304.32,342207153.62,31104978.97,32216783.36,2018-04-28
232,603101,汇嘉时代,33000984.56,55.511365277377,769693082.19,6.2438666525,641783968.06,43851288.42,25093297.3,4978864.89,728686303.67,41006771.05,39130544.44,2018-04-28
233,603100,川仪股份,23688716.94,-1.542169097802,593442075.37,-10.5440601048,408329673.46,65993164.49,75576419.96,9759332.35,568015428.12,28105725.88,28079233.65,2018-04-28
234,603098,森特股份,23203387.01,2.851438696662,227075676.85,28.5081064137,162649876.75,8581207.61,27606022.75,3200934.02,199552807.66,27698970.17,27702563.32,2018-04-28
235,603096,新经典,45753699.4,33.257194785143,197097893.51,5.7474517261,109440447.29,14271147.94,7914552.62,32601.75,136582315.04,61591175.04,61838797.75,2018-04-28
236,603080,新疆火炬,23047375.87,,92031058.89,,51564118.91,6961686.28,1899542.64,-47984.12,63742482.89,28313576.0,27373522.55,2018-04-28
237,603078,江化微,11659744.6,5.499667003727,79087175.1,13.1440114867,50056004.63,5418814.49,8932612.96,410800.38,65824161.2,13263013.9,13403011.9,2018-04-28
238,603077,和邦生物,171959328.29,220.814959810308,928147041.22,38.8436252358,627352218.59,61958385.37,50000405.94,1100725.07,747979490.57,203608851.85,204182417.6,2018-04-28
239,603076,乐惠国际,12377141.06,,148852592.26,,110084344.7,4306010.05,16265898.06,1801109.04,133092383.12,15843660.25,16786769.71,2018-04-28
240,603066,音飞储存,11568052.77,30.046003125319,90468968.51,27.1806921993,57658483.81,11638561.98,8250067.83,136218.0,77477484.38,14191706.71,14409041.45,2018-04-28
241,603043,广州酒家,26852755.25,71.822444363394,385016977.27,21.302936873,206352705.46,102751452.05,37149112.51,-2391443.21,349164744.39,36470686.93,36484781.25,2018-04-28
242,603032,德新科技,3304596.25,-35.898999014966,48577958.92,-18.1472375277,30803933.24,,14061617.73,-967599.0,44904583.02,3673375.9,3754861.74,2018-04-28
243,603020,爱普股份,36392547.69,-38.826464698002,585930140.8,0.9120155848,470796358.5,30432910.51,37925998.71,-4093184.79,537503716.48,51629323.78,51364149.4,2018-04-28
244,603015,弘讯科技,21962273.21,51.801183479752,176673152.51,73.0721633217,102905033.03,7272177.15,36551152.32,7739618.45,158689512.36,23134970.03,23492217.0,2018-04-28
245,603011,合锻智能,8871785.09,-8.770994173489,173424733.6,18.0790978948,124560401.92,16901508.06,16577032.74,351952.34,164887790.05,10437394.22,10437394.22,2018-04-28
246,603010,万盛股份,37164571.13,16.20367323659,333248963.86,25.9571914159,254075631.89,16408904.67,15027445.16,347332.16,289631008.45,42589955.41,45827888.59,2018-04-28
247,603009,北特科技,19314822.26,26.476825067133,246673929.06,27.8391860911,191092615.23,5903866.46,24866091.6,1245351.72,224535230.59,24488219.01,23242505.8,2018-04-28
248,603008,喜临门,43165632.83,51.845230273221,483780922.49,38.873529068,311450567.71,76869764.74,42402465.72,4478009.15,437600217.57,44802157.66,53730371.24,2018-04-28
249,603005,晶方科技,23283752.02,44.713610600806,132015188.41,7.7074953673,78237906.62,426774.0,33613099.11,-2207407.34,111180816.89,27366376.43,27366376.43,2018-04-28
250,603000,人民网,-45177892.59,-216.528999514636,270118516.75,-7.4294500336,198397997.5,83063047.35,56519381.75,-481879.94,339874273.62,-57584169.17,-57491199.34,2018-04-28
251,601997,贵阳银行,966925000.0,19.555298923795,2893182000.0,31.9798005602,,,766721000.0,,1780513000.0,1112669000.0,1117996000.0,2018-04-28
252,601996,丰林集团,22413369.7,652.063437714156,259095256.9,18.5919672224,208639182.37,20472804.81,13862714.97,423655.03,245120265.27,21835329.66,22459991.18,2018-04-28
253,601988,中国银行,46649000000.0,0.06435144469,129295000000.0,5.2727998111,,,31262000000.0,,64981000000.0,64314000000.0,64633000000.0,2018-04-28
254,601969,海南矿业,50143761.58,185.78987624029,488371497.35,289.7050739516,325065019.31,2293623.41,63033695.07,15434368.97,426859904.08,63945262.8,63832815.91,2018-04-28
255,601952,苏垦农发,137254685.86,22.266072874258,876900692.43,22.9497249607,669641701.9,29754720.99,54525312.13,283773.99,755252004.2,121648688.23,139375454.53,2018-04-28
256,601928,凤凰传媒,292076832.07,17.096135016614,2445265834.37,12.3936432508,1493907340.51,339389828.29,305977819.96,-9335681.87,2194766074.18,268365930.79,302010523.75,2018-04-28
257,601919,中远海控,270140451.23,106.05652138631,20101447987.02,48.1466367819,18555856176.91,12524505.31,966783081.81,371335472.96,19950820742.21,491245996.96,637066788.7,2018-04-28
258,601901,方正证券,404829106.98,-52.243071417371,1324513410.57,-31.1917235211,,,751950499.56,,776658476.57,547854934.0,545310534.98,2018-04-28
259,601898,中煤能源,1170967000.0,624.904295281556,17864765000.0,42.773336415,10628165000.0,2532946000.0,831673000.0,881859000.0,15690139000.0,2405723000.0,2415209000.0,2018-04-28
260,601888,中国中免,718248810.42,3.083575114292,5780953000.58,10.5360993404,4038601129.03,481230884.29,159985126.46,6955440.95,4779606245.62,1050450637.45,1051974214.1,2018-04-28
261,601866,中远海发,347518063.66,140.433752802093,3824238520.95,-29.0663139056,3003136366.31,6650393.41,156454380.69,664301274.68,3879391407.17,438597755.91,439229576.94,2018-04-28
262,601857,中国石油,5699000000.0,141.339039605397,493559000000.0,39.8857806876,391809000000.0,14583000000.0,18649000000.0,5760000000.0,478868000000.0,17038000000.0,15073000000.0,2018-04-28
263,601818,光大银行,8579000000.0,1.574709921857,23657000000.0,0.4970263381,,,6396000000.0,,12213000000.0,11444000000.0,11447000000.0,2018-04-28
264,601811,新华文轩,186644166.82,7.878741996772,1546520658.26,15.2420193362,960942021.68,171554406.08,228077746.49,-2966150.03,1384149456.01,186961006.59,184679375.44,2018-04-28
265,601808,中海油服,-557215767.0,41.207749799072,3058458617.0,-9.3998484073,3223239633.0,2553263.0,119704069.0,294144071.0,3642661616.0,-537616695.0,-518677163.0,2018-04-28
266,601801,皖新传媒,625056016.63,154.978366743817,1935152882.92,9.9969079979,1465360744.75,122656163.2,99670924.54,-17951859.28,1725065711.94,627509461.0,628266769.07,2018-04-28
267,601800,中国交建,3140634804.0,36.220073059516,82698843326.0,0.1515837801,71651502000.0,185237935.0,4600517547.0,2073304278.0,78758101259.0,4023103833.0,4080332118.0,2018-04-28
268,601799,星宇股份,99191490.42,31.862863571641,964819542.57,39.7534094697,761708023.85,28524020.35,77138238.03,1397946.74,869396896.99,113500972.78,115299655.19,2018-04-28
269,601727,上海电气,536458000.0,-3.806471675279,15344874000.0,-15.6706583084,11782584000.0,591821000.0,1763693000.0,144142000.0,14530508000.0,1034474000.0,1094725000.0,2018-04-28
270,601717,中创智领,74193396.07,279.948794116599,857636198.77,-12.5761304803,683914553.18,32804316.63,78646378.64,766802.75,786167214.62,82588226.22,82362364.03,2018-04-28
271,601700,风范股份,54320131.31,25.752004160892,497292509.61,-17.6435478242,377863287.96,12241771.22,22989459.19,11037926.03,432535978.85,64756530.76,64923518.7,2018-04-28
272,601677,明泰铝业,73273429.44,44.571553742341,2121965318.81,47.0233911456,1943412393.1,31977245.64,33901736.68,126552.8,2013776192.49,103205027.02,103912908.77,2018-04-28
273,601668,中国建筑,7083478000.0,11.025744071503,234827342000.0,9.6998527045,213841452000.0,706708000.0,5199305000.0,1361073000.0,223468966000.0,11882259000.0,11998438000.0,2018-04-28
274,601666,平煤股份,334674375.43,7962.82829011179,5443324516.57,102.9565708318,4403519661.43,45099102.2,166091802.56,247027147.62,5028978738.79,423045874.79,419440709.05,2018-04-28
275,601658,邮储银行,13796000000.0,,52450000000.0,,,,,,32035000000.0,,15845000000.0,2018-04-28
276,601619,嘉泽新能,28898288.85,922.260739679508,178498165.88,59.4281658249,83035559.09,,6658530.26,59291894.84,149188964.62,29309201.26,29358584.77,2018-04-28
277,601618,中国中冶,1441738000.0,5.613552637266,44180003000.0,3.7707853362,38889078000.0,403231000.0,2206195000.0,568562000.0,42432529000.0,1808618000.0,2006645000.0,2018-04-28
278,601616,广电电气,1465907.55,110.323023254694,140993156.96,-16.0823659423,106017168.37,16568174.54,37222492.41,-1337010.34,161320138.33,-3057227.46,1093943.14,2018-04-28
279,601608,中信重工,-2315846.83,-144.7670550443,1096760375.77,4.1425515676,878839858.72,29996935.58,159803478.13,23714345.25,1123223857.28,-2540495.62,14321651.65,2018-04-28
280,601607,上海医药,999386794.18,12.365534404431,33129488088.64,13.1640152371,29027649336.18,1761414591.7,920937867.17,175353758.49,31991062741.39,1371773033.13,1413105095.08,2018-04-28
281,601601,中国太保,2000000000.0,-9.049567985448,108402000000.0,29.9114365495,,,,,105552000000.0,2850000000.0,2844000000.0,2018-04-28
282,601555,东吴证券,310103296.33,-9.398128253419,977746103.49,-4.8694256326,,,403777777.8,,563139949.9,414606153.59,416411638.51,2018-04-28
283,601519,大智慧,-76523997.43,54.445391522694,144960029.89,22.7821968437,71120187.17,51496330.05,96318228.87,-787187.09,219214393.88,-73146536.15,-73255090.48,2018-04-28
284,601398,工商银行,75786000000.0,1.366968059494,189525000000.0,-2.2507723491,,,36608000000.0,,91122000000.0,98403000000.0,98796000000.0,2018-04-28
285,601390,中国中铁,2622583000.0,15.320801543249,134794785000.0,5.2342479686,122053559000.0,719618000.0,5417712000.0,1185464000.0,131125937000.0,3756092000.0,3793691000.0,2018-04-28
286,601377,兴业证券,681984801.92,35.390605487534,1964676175.48,12.8831065003,,,1087162743.88,,1111073309.5,853602865.98,967142489.66,2018-04-28
287,601369,陕鼓动力,57089941.98,-43.958054720353,786769874.19,-22.486013119,613121998.45,40453354.59,78611014.81,6899226.76,756919495.4,64601455.3,71891742.49,2018-04-28
288,601328,交通银行,19323000000.0,1.347949228994,54912000000.0,-2.0487926757,,,12741000000.0,,30907000000.0,24005000000.0,24012000000.0,2018-04-28
289,601288,农业银行,55710000000.0,1.868782913985,148388000000.0,7.4917056633,,,38409000000.0,,80600000000.0,67788000000.0,68944000000.0,2018-04-28
290,601231,环旭电子,286671471.17,239.719007492024,6469863661.88,31.9863231985,5730019008.08,54061487.97,352827833.61,18329224.11,6172004173.7,345068451.0,349999693.73,2018-04-28
291,601229,上海银行,3874419000.0,6.549324747241,8185017000.0,-11.8778232193,,,1685039000.0,,4057566000.0,4127451000.0,4154871000.0,2018-04-28
292,601228,广州港,162936688.89,29.951440062432,1833494471.56,32.2582051315,1368076359.56,8003606.3,162792437.48,60711256.53,1611791939.31,237284599.08,245765810.92,2018-04-28
293,601222,林洋能源,133197632.66,28.138766182635,654940310.27,-2.336898768,408508940.89,17623527.4,65017931.48,15598964.5,505527937.59,152854444.62,154762712.26,2018-04-28
294,601211,国泰海通,2563344817.0,7.936297889764,5586594903.0,-30.7109241932,,,2179492745.0,,2332630663.0,3253964240.0,3641340174.0,2018-04-28
295,601200,上海环境,154244464.81,42.42193519955,535396885.54,16.0737833495,291679355.81,,39141815.47,31753320.56,372940988.24,160694859.38,204652778.27,2018-04-28
296,601186,中国铁建,2878644000.0,11.931664636302,123065019000.0,3.6965730801,111718083000.0,973585000.0,4929365000.0,563297000.0,119228224000.0,3727936000.0,3845121000.0,2018-04-28
297,601179,中国西电,304440828.5,30.923263609757,2542526203.21,2.1367063971,1603218129.67,196040781.22,362985007.5,14101542.54,2221121070.31,346918707.74,344585924.47,2018-04-28
298,601155,新城控股,42271476.0,121.82349620801,2037184429.0,77.9519595621,1245369753.0,165635484.0,263745805.0,43864834.0,1909661244.0,70169118.0,79426828.0,2018-04-28
299,601139,深圳燃气,222117959.02,5.473606694776,2452753009.66,22.4432983318,1855805077.52,226889480.2,33182601.69,27329605.48,2153333079.7,301509098.46,301061924.39,2018-04-28
300,601137,博威合金,54946658.89,14.876051439448,1272101595.12,41.8757533923,1122112421.55,26054991.42,66135185.49,12191180.6,1223734750.85,51856412.33,55914878.68,2018-04-28
301,601127,赛力斯,201687966.92,70.818478097576,5874401470.84,84.0066357164,4647101904.82,340868073.52,240275917.33,3436998.03,5522314530.77,353779713.36,363017242.98,2018-04-28
302,601126,四方股份,-19154225.96,-292.508067376309,468525997.91,-6.3279004417,275188320.03,114914640.99,132718229.23,4159159.74,546093999.62,-34476919.34,-21025752.34,2018-04-28
303,601118,海南橡胶,14068451.82,116.184375160104,1504842277.67,29.1849042208,1436626250.84,27505153.49,135232206.81,36376961.88,1647542982.13,-65359673.88,19602809.93,2018-04-28
304,601108,财通证券,384916782.19,,987114612.68,,,,516764365.11,,518002598.55,469112014.13,472186132.9,2018-04-28
305,601107,四川成渝,278416174.17,-18.316379380863,1540463533.87,-6.3169486247,919074942.28,16765302.81,47404034.96,188927366.87,1182786963.15,372877766.59,376470883.0,2018-04-28
306,601099,太平洋,-94658809.06,-1374.2554114331,159281189.82,-14.1780038837,,,241055506.61,,233820680.45,-74539490.63,-73508588.89,2018-04-28
307,601098,中南传媒,352444425.06,7.043359755164,2135060236.65,13.1212427484,1166671569.03,306872543.47,252830198.2,-25092919.19,1765413033.67,373622618.9,377226868.97,2018-04-28
308,601088,中国神华,12235000000.0,165.574126329499,61062000000.0,54.9718288412,35502000000.0,154000000.0,4785000000.0,1028000000.0,43945000000.0,17580000000.0,17685000000.0,2018-04-28
309,601086,国芳集团,44739648.86,,789999124.04,,650757275.62,47240520.67,22915423.52,2857795.09,736783149.53,60745700.22,60851766.06,2018-04-28
310,601077,渝农商行,2428370000.0,,5674278000.0,,,,,,1818042000.0,,3277566000.0,2018-04-28
311,601058,赛轮轮胎,-50718408.55,-153.299181879334,3152400781.57,40.0113566412,2794395378.82,181469828.29,153037953.08,56326854.32,3201653749.11,-47905823.22,-47171446.84,2018-04-28
312,601021,春秋航空,303256022.0,-17.29752101208,2571109555.0,23.0946826882,2250309536.0,71027723.0,50548020.0,86531185.0,2458991877.0,119478460.0,400862754.0,2018-04-28
313,601019,山东出版,199986344.56,,1532898115.23,,981912979.82,128374618.03,190846634.75,-5320990.17,1349603916.42,194275250.19,200064114.97,2018-04-28
314,601018,宁波港,681854000.0,3.075388127164,3817723000.0,-21.0878716611,2677761000.0,1914000.0,297272000.0,98597000.0,3114191000.0,899481000.0,912813000.0,2018-04-28
315,601010,文峰股份,90511511.32,70.321186111372,2045361594.42,3.0822505225,1653923586.83,119587508.52,87897411.17,9733013.44,1909452855.86,135873265.43,134416494.49,2018-04-28
316,601007,金陵饭店,9162556.41,-4.496588942997,220692798.66,8.2878179529,92138273.84,47666282.88,55369777.38,2828474.25,206620932.0,14824796.44,17301595.0,2018-04-28
317,601006,大秦铁路,3161200616.0,53.869580046707,12451185731.0,12.0445317928,8769816428.0,45581153.0,117236521.0,181466699.0,9148370329.0,3993066694.0,3974906788.0,2018-04-28
318,601003,柳钢股份,202598382.85,1214.17451545108,9044651619.12,47.1489951297,8647350909.71,12215713.74,105817746.37,81970209.6,8848819269.69,197252671.71,202598382.85,2018-04-28
319,600992,贵绳股份,5074704.25,30.119239194546,358847062.02,35.4733724861,307950232.74,34287213.29,10196485.62,726988.82,355425569.11,5715554.85,5769087.17,2018-04-28
320,600990,四创电子,-33304545.75,-7.737879276964,358312982.42,44.7079600807,303204556.49,28462370.73,51596849.59,9034498.24,393836093.8,-35523111.38,-31301173.64,2018-04-28
321,600988,赤峰黄金,7691240.36,-51.598498248082,371866055.05,10.1766327964,291961205.43,475058.73,32697787.13,16440118.72,350979194.2,8324935.35,8797235.36,2018-04-28
322,600984,建设机械,-10174545.89,54.595613392327,253264246.16,13.1221387018,202401417.82,6542410.6,47141231.06,7590813.08,257969430.31,-4672765.98,-4463400.94,2018-04-28
323,600983,惠而浦,87226303.81,-24.292221630055,1919084744.78,10.6098038146,1389331459.52,339413663.39,62322490.67,7222357.79,1818094869.38,106551521.25,106595284.55,2018-04-28
324,600976,健民集团,17700964.16,-23.293844043737,579991133.04,-7.7095140065,416418985.76,109465831.08,37631633.35,921599.02,568313731.7,20240238.66,20242686.58,2018-04-28
325,600975,新五丰,33384920.2,-38.043695545983,432414433.61,17.7237791718,378588321.58,9593790.53,13892912.31,2739031.21,405032317.74,29542303.25,29103887.69,2018-04-28
326,600973,宝胜股份,30234544.91,-21.424494980501,3345692646.37,4.5194775928,3105687916.3,85959739.85,68242606.69,48234123.56,3314077541.49,39352590.98,39353512.99,2018-04-28
327,600971,恒源煤电,287630756.12,5891.20150577705,1592244331.95,63.156340409,1027693665.65,18781750.25,151584488.17,50717659.95,1297926685.21,294320749.3,291737496.7,2018-04-28
328,600970,中材国际,149933913.06,15.942617990871,3899199102.8,-8.5288439267,3320081148.69,69458676.87,288690467.11,42951963.12,3728908961.23,176025410.01,188117866.76,2018-04-28
329,600969,郴电国际,14957014.72,5.325632597102,585498989.55,1.2959137603,494684478.44,2378111.07,35554998.4,9285950.68,549703606.87,40295273.45,42158466.2,2018-04-28
330,600967,内蒙一机,69563152.86,14.285494779826,1529978939.39,-25.2508894654,1306190849.14,9670041.16,117419775.43,-4005544.4,1460841041.19,71137898.2,70793971.45,2018-04-28
331,600963,岳阳林纸,14767432.56,209.362946102463,1192176285.18,19.5246458857,937457675.1,57992409.38,106546753.75,58170430.79,1173458320.37,18832964.81,20763126.41,2018-04-28
332,600960,渤海汽车,62779988.09,278.499193391418,566431011.56,36.3762078966,451473372.96,25784792.83,37585049.12,9318942.53,531822309.79,68564556.9,66434502.12,2018-04-28
333,600959,江苏有线,205518219.96,-8.023397024916,1866157793.63,66.4975103677,1262091862.08,139833624.37,172148192.18,3753217.96,1598943875.82,271019382.02,295984727.99,2018-04-28
334,600939,重庆建工,48686441.72,-0.486635924497,10149572269.86,-1.4403776548,9622530965.68,4130848.54,217691247.09,168719744.44,10080001614.21,70651959.84,75330600.06,2018-04-28
335,600936,北投科技,61744787.41,-44.97812958356,510731719.48,-8.8329429978,378404131.82,38987617.02,48242220.68,1559329.38,469966427.51,49171145.97,61613307.87,2018-04-28
336,600933,爱柯迪,105640995.89,1.987366815567,485776848.06,17.6335221734,290354579.23,19954311.37,31862318.61,1602017.54,350323026.86,140502887.72,140527240.12,2018-04-28
337,600917,重庆燃气,95036279.36,0.12616180638,1411654713.6,-1.4984311826,1205594621.06,45884963.11,54004889.55,408469.87,1316359323.81,101719652.18,110924959.66,2018-04-28
338,600908,无锡银行,238059000.0,10.464112701153,673934000.0,13.529721926,,,196712000.0,,374438000.0,299496000.0,301027000.0,2018-04-28
339,600901,江苏金租,297702612.09,,573701368.17,,,,35231470.49,,176835374.4,396865993.77,397266676.52,2018-04-28
340,600895,张江高科,241945591.3,5.169136058274,289928487.91,-67.6706737923,119498063.16,7133062.89,7222134.49,70894266.53,208682420.83,281419403.64,281533693.83,2018-04-28
341,600894,广日股份,97009391.95,-12.447605332675,890603939.38,4.5658498779,712461246.89,31927754.67,102013214.8,-3474279.06,846003986.73,96796151.13,104663593.35,2018-04-28
342,600886,国投电力,930007096.71,-25.070408384089,7630739661.61,10.5894275923,4208437604.49,1360352.63,212660948.59,1192852335.33,5754551169.32,1950705983.86,2104517910.58,2018-04-28
343,600885,宏发股份,165754478.66,23.567080837259,1345884532.49,18.2641244925,775891015.49,70046502.32,202172412.27,5342670.02,1077451415.37,271122414.28,274936455.67,2018-04-28
344,600883,博闻科技,38557796.26,2658.79200515223,5572466.04,-2.5360438598,5196642.44,246567.17,4513588.58,-538064.91,9150348.19,35935500.48,35960536.52,2018-04-28
345,600880,博瑞传播,-14307458.25,-671.332492421561,193439887.29,-16.5125531054,138381988.04,15330170.75,55495101.71,-2584379.39,211078305.86,-17096355.32,-16354044.15,2018-04-28
346,600877,电科芯片,57182674.73,167.27032221057,132026517.08,-19.3616140033,128524054.85,4991751.94,31480376.65,19363169.53,185586984.97,53570239.25,53351452.04,2018-04-28
347,600876,凯盛新能,12309262.42,165.025283393825,271907622.96,10.2919262433,200877473.8,9628134.03,31107894.37,11678750.48,256110461.34,15797161.62,19262932.21,2018-04-28
348,600875,东方电气,152972471.4,3380.75196762214,5585978309.66,-39.85295332,4745203749.99,197892107.68,612611188.19,-49596668.03,5538624563.54,61145485.08,222544290.21,2018-04-28
349,600865,百大集团,15205744.41,-47.885258123756,278135919.56,1.389864206,206201493.18,13759890.29,22602943.64,841496.62,248160778.02,20885177.57,24502551.13,2018-04-28
350,600861,北京人力,32895735.08,16.53053764869,680354896.44,-10.8344380497,476949729.34,69077616.83,53796332.09,7816614.4,637509129.01,43053637.95,43723066.46,2018-04-28
351,600859,王府井,218661560.53,1.516710152212,6738371777.01,10.941618385,5347892757.53,694125437.58,229376656.73,48532443.96,6376267395.33,340372154.33,341490029.55,2018-04-28
352,600854,春兰股份,-7659055.94,-112.104468482107,48576885.18,23.2361681346,30703846.55,7206939.01,14447218.42,1246404.58,57119701.57,-8162491.48,-8455866.26,2018-04-28
353,600853,龙建股份,-6177752.67,48.113521201839,742143093.99,-1.4862593549,658979961.3,4697175.35,49855884.66,24764691.62,747540591.22,-5488142.62,-5469610.12,2018-04-28
354,600851,海欣股份,10183515.57,7.495141115687,185101988.16,-7.5024337861,136560669.93,21785602.75,48419416.08,196842.02,209744291.86,3118491.66,4134811.69,2018-04-28
355,600850,电科数字,75830320.67,21.645704772704,1320409319.5,11.3794881146,1081305592.87,41016751.24,94400965.12,1494652.45,1229488201.14,89983764.75,90242881.42,2018-04-28
356,600847,万里股份,-1103209.26,60.314777149649,68724414.27,101.0275087209,60421634.38,3542008.58,3575119.62,-139890.45,71348730.97,-1060001.63,-1040675.62,2018-04-28
357,600846,同济科技,30407708.56,16.639436593962,776375933.06,-20.1537374205,662435850.55,14917554.66,41744101.44,3546623.56,738807559.38,57631950.0,59242165.0,2018-04-28
358,600844,金煤科技,43519290.79,224.930079970133,310975841.96,96.9914880694,188296944.22,19195028.02,49135435.92,6819591.84,264046649.39,46929192.57,55734346.07,2018-04-28
359,600843,上工申贝,60369659.24,43.080536305556,725887035.25,14.4495422761,515068230.14,63595426.51,71773763.42,2235097.04,657113865.18,86525398.56,87454242.05,2018-04-28
360,600838,上海九百,22101513.23,23.735180514497,23929870.03,15.5842400596,11994367.17,5263538.54,12228748.41,-239390.86,29525997.15,22130945.21,22101604.4,2018-04-28
361,600834,申通地铁,24642495.64,31.709633608182,178401817.61,-0.7324272061,152038486.8,1385007.79,2302307.12,8159744.99,164640854.04,27562630.24,32886448.24,2018-04-28
362,600833,第一医药,14026908.93,5.995515956288,433995161.69,0.8606678124,368812007.26,28524593.06,19297492.97,-2222706.48,415676229.05,18435104.02,18437398.3,2018-04-28
363,600830,香溢融通,15993032.89,-2.692415617392,304863015.83,4.7787642331,240776928.79,6364837.71,24165130.11,7407455.49,284347023.69,19390318.12,22901828.21,2018-04-28
364,600828,茂业商业,206738625.89,12.958503083924,3260871917.23,75.5259950566,2422162194.73,322513890.23,70042410.1,89763875.69,2953971022.8,310406720.58,311718059.67,2018-04-28
365,600827,百联股份,360520558.04,-11.241698322805,13371740313.83,-5.4262229228,10609876872.41,1649275929.3,516359268.55,-54095427.17,12819970493.53,582927774.18,631378222.31,2018-04-28
366,600826,兰生股份,23508587.8,-96.475829074237,620207720.28,-2.1394975344,576663887.98,23392212.52,17624169.3,-2172042.88,616092058.2,32341153.02,32698286.52,2018-04-28
367,600825,新华传媒,7237325.24,-18.253279237772,302614885.82,-9.9044081334,188845066.94,96803582.66,15260727.69,-19577938.71,283851909.74,9492454.05,9693753.04,2018-04-28
368,600822,上海物贸,11546355.07,18.028507632549,1625107576.4,-80.5936506573,1543823023.74,27425999.01,43451257.28,3005705.59,1618804951.5,14821482.76,16152755.78,2018-04-28
369,600821,金开新能,-30668928.35,-1643.46275765235,74050064.48,-25.6864432647,57718748.31,2293181.66,30353149.94,12447263.12,104630118.08,-30369253.6,-30668928.35,2018-04-28
370,600820,隧道股份,353632352.03,10.419747215599,5292852072.61,5.1799016643,4732045078.85,5113553.38,363741685.65,123580411.01,5166053072.53,405273454.96,466471705.31,2018-04-28
371,600818,中路股份,25964082.62,371.617639268238,120272875.73,-10.6687724859,108077683.46,7782336.76,16789355.38,1157484.16,134253940.87,23338968.5,23329853.5,2018-04-28
372,600807,济高发展,6067308.63,189.059893959531,502059506.2,54.2230065328,295347987.31,4730047.82,33878123.95,85978509.41,456348379.62,32662719.15,33736904.9,2018-04-28
373,600805,悦达投资,8273234.85,-73.789053337738,338067592.81,-4.7678879818,272628239.51,13545952.7,80715773.23,24008183.6,395047921.55,16886512.04,15384858.69,2018-04-28
374,600797,浙大网新,9128957.48,162.914850249485,573207984.53,-15.6451696137,450049114.81,32209635.39,90403161.67,4782003.67,582988919.75,11602389.64,11840630.11,2018-04-28
375,600793,宜宾纸业,-49310086.68,-303.921105858715,226936867.59,88.6307343336,225185707.59,7701799.04,14569717.23,28041408.54,277410185.95,-50473318.36,-49300821.03,2018-04-28
376,600791,京能置业,6291103.46,383.987874175962,96300480.86,54.9556564502,42763470.59,8428300.26,9992639.45,2704250.81,82581335.59,13719145.27,13719145.27,2018-04-28
377,600787,中储股份,29766087.94,-87.014837718824,5570710261.28,88.3052121214,5435802427.81,52446333.93,106117141.88,15036244.97,5641066520.55,-72462561.83,40400208.65,2018-04-28
378,600784,鲁银投资,1327109.14,-98.146462152731,389433033.48,-23.8018471976,344524023.55,9144784.77,27726477.31,14990931.48,399859401.03,1870371.32,1935320.75,2018-04-28
379,600783,鲁信创投,16716161.47,-58.794910470356,43327341.32,21.6978524364,28042227.09,3609090.54,19040952.2,17059525.47,68910870.08,28200396.01,28426740.43,2018-04-28
380,600779,水井坊,92154009.63,17.681906499677,398617249.23,32.7811900627,90166093.08,102187206.48,44374839.28,-3032366.52,270801420.31,127781840.36,128010617.13,2018-04-28
381,600778,友好集团,-15864592.72,-947.712055925874,1501619339.5,-7.3117132969,1159282352.5,93045259.28,212341015.4,34578252.5,1515242415.88,-3896216.82,-2787330.07,2018-04-28
382,600773,西藏城投,11968136.95,22.042943503218,216926693.12,-37.0453767893,149713415.07,12562026.39,18734543.77,21846180.2,210751575.11,12649828.62,12609728.78,2018-04-28
383,600770,综艺股份,10297331.32,-42.935092126304,138964946.47,-53.7960272601,97768043.22,13264590.42,50207978.93,10219411.25,171734229.94,51353448.35,54759754.7,2018-04-28
384,600768,宁波富邦,-8374134.37,21.002285765108,173497452.03,23.1967012445,168888082.59,1075730.65,7275998.31,4594314.36,181979084.63,-8249769.31,-8226901.53,2018-04-28
385,600764,中国海防,2276021.8,189.558237732383,40234348.78,-7.7177601549,24139036.25,1408433.11,10468187.09,507214.71,38201256.78,2033092.0,2054527.85,2018-04-28
386,600760,中航沈飞,-187370893.38,60.556119671698,307162029.2,18.7604928483,263856728.66,8497404.37,203682641.98,-9505013.28,478708560.16,-190886267.76,-187528619.77,2018-04-28
387,600759,洲际油气,12637877.77,950.335673091288,732244156.43,203.2119397681,341106675.23,55375753.48,61058579.56,125277662.03,682886494.86,54340532.04,56522050.74,2018-04-28
388,600755,厦门国贸,427221411.72,13.186247190951,25908387361.07,52.8301416839,25133919753.55,372349387.47,50372294.66,153829417.77,26012560725.03,631076965.67,637506130.36,2018-04-28
389,600754,锦江酒店,199029023.65,20.933580927264,2839612661.9,62.4445846271,300760500.41,1771066396.1,747122856.43,99684876.19,2928909243.24,110033904.6,122187901.94,2018-04-28
390,600751,海航科技,-15794000.0,-199.270898805783,71727492000.0,11371.7549535948,67113557000.0,901249000.0,3156645000.0,452199000.0,71982963000.0,-283359000.0,-219012000.0,2018-04-28
391,600748,上实发展,117478253.92,17.608445320252,1053697807.79,15.8001524622,492281866.56,49624620.16,83170588.46,62629975.97,836708843.56,213823713.37,214878730.45,2018-04-28
392,600744,华银电力,-181759032.93,-997.480111449017,1933056518.58,37.5439331792,1942645242.09,2350302.65,31205063.99,115865293.94,2116709701.7,-181546898.27,-180415791.72,2018-04-28
393,600743,华远控股,81005555.49,113.095098231889,349255127.61,-44.194853323,255283405.29,44638031.46,44022508.02,2410764.93,348457377.49,100390244.85,97912642.88,2018-04-28
394,600741,华域汽车,1528658172.16,7.118603136045,34002152490.19,7.1368576777,29013498721.76,523936955.52,2737282965.13,-41640081.78,32403276629.9,2578249312.27,2639201301.8,2018-04-28
395,600739,辽宁成大,695354845.01,137.825686869201,3283419177.76,88.2525312718,2876323470.57,207533047.63,100097783.21,127850768.14,3391942863.08,713406495.62,703011999.08,2018-04-28
396,600738,丽尚国潮,45698229.56,-28.002579068059,387616547.21,-3.7273680455,260458822.55,13628945.29,21065646.33,18189459.71,324235443.31,63381103.9,63620704.45,2018-04-28
397,600737,中粮糖业,188845074.87,1090.67273878598,2925221646.57,79.8243095238,2380389766.29,91972784.7,109174280.65,102912568.55,2694698353.56,207587592.69,208271370.37,2018-04-28
398,600736,苏州高新,104138824.3,30.157560400272,769758362.24,-40.4225162132,617009325.04,26426291.16,36897747.9,65595618.24,777502714.0,190569763.19,190543180.38,2018-04-28
399,600735,ST新华锦,17952700.21,45.23632637585,300169989.65,-0.0214312831,220864844.59,32448751.5,9865447.2,147034.42,263908066.62,36351568.64,36333220.19,2018-04-28
400,600734,实达集团,1652871.17,-95.391609877709,1315418962.3,42384.8912675377,1217905112.15,8684521.6,64871497.85,14994493.57,1316222222.62,-780919.85,1459658.56,2018-04-28
401,600732,爱旭股份,26018866.89,448.761918812563,6566938.52,-71.8677508966,5002877.63,75797.5,4918788.66,-65405.55,-19538331.76,26105270.28,26105270.28,2018-04-28
402,600724,宁波富达,18308506.45,-92.033672640457,640311337.25,-59.8817254926,456436210.59,26380495.09,26567189.99,63246135.07,603119644.26,52665994.22,52762392.62,2018-04-28
403,600718,东软集团,27772418.0,3.630726129927,1214602389.0,-22.1918265789,806167776.0,125932641.0,280955680.0,11511737.0,1233683189.0,3112577.0,17599047.0,2018-04-28
404,600707,彩虹股份,-47107256.5,1.245594233343,88891783.5,28.8866147715,99347509.73,3483827.88,27669767.35,24136712.32,161523487.06,-53517839.95,-53539428.17,2018-04-28
405,600704,物产中大,393402747.7,39.769229593261,58254396063.13,62.4273476427,56333007891.61,436500152.34,363564984.11,349196496.98,57748235345.83,694946893.55,691726225.66,2018-04-28
406,600699,均胜电子,207904396.42,72.180905288748,6526275229.55,202.6995795142,5312928988.35,86945551.02,667248848.2,115212067.14,6203157416.93,353061312.28,378287084.02,2018-04-28
407,600697,欧亚集团,46358840.77,0.34816115294,3077939563.46,0.4514838707,2417066752.82,125025497.77,275169512.07,81371477.8,2940756414.22,136145636.74,141571204.51,2018-04-28
408,600694,大商股份,329282369.73,11.81812070754,7724188512.96,-9.5913022158,5966528162.23,519893515.4,700926833.99,-9976359.99,7269700787.7,468675517.51,479804166.69,2018-04-28
409,600693,东百集团,30242760.16,33.355621561759,854724194.63,102.3226224747,711101375.89,40200029.71,19710700.02,2241880.47,796933009.46,58101816.65,62443165.08,2018-04-28
410,600689,上海三毛,40774893.02,602.52221856519,282507640.64,-8.0748758698,259804725.48,11722760.64,12657275.08,41556.0,284936841.38,54334900.2,54313400.2,2018-04-28
411,600686,金龙汽车,-53221825.11,-194.544751896715,2317531362.98,-62.0120803806,2079901105.16,183719890.37,200284304.32,17125752.47,2447927832.17,-116370982.59,-106693247.43,2018-04-28
412,600685,中船防务,18410735.37,1677.10227990799,4081009544.05,-5.9142418385,3741115110.22,49431908.33,245123883.96,69936272.13,4121062708.42,-26583570.49,22821252.81,2018-04-28
413,600682,南京新百,-60406968.2,63.567845184744,3272397217.93,0.3555233388,2120116684.43,827200721.05,260464757.21,77368356.72,3281875853.54,-10045984.34,-9661758.82,2018-04-28
414,600678,四川金顶,-8476344.18,1.404477482193,23811716.04,65.0490382711,21541097.59,507237.12,4712631.94,4233757.87,32290952.52,-8479236.48,-8478973.12,2018-04-28
415,600674,川投能源,807209632.43,-12.30088361426,213378699.14,-2.3748303994,108781181.05,3051039.1,18134707.93,67901214.38,204230335.37,824237324.11,828039542.56,2018-04-28
416,600668,尖峰集团,112200485.23,339.842492042009,566846953.96,14.9654905967,402482820.33,47720339.04,32116746.5,9477053.47,495233336.76,132484664.37,137296374.66,2018-04-28
417,600666,奥瑞德,47382435.4,54.236867427501,226965995.91,49.6780947555,169063359.62,3417601.16,25118457.24,13940690.22,201520337.39,20505363.18,54660994.18,2018-04-28
418,600662,外服控股,19282776.56,-46.922032744116,898307588.29,-22.738284671,765964675.55,14174055.64,77331083.26,3316089.28,870869918.14,32253607.86,32559599.31,2018-04-28
419,600661,昂立教育,16053217.67,15.955066783546,349632707.19,20.9804935305,197411557.22,76535549.65,70759156.32,378945.18,348240563.4,9205787.91,11573328.95,2018-04-28
420,600655,豫园股份,196381446.11,473.525575519711,5479906826.39,3.5355932164,4724823585.63,161615234.44,228390433.13,54344449.56,5215128822.78,233245456.31,261209090.19,2018-04-28
421,600654,中安科,-34118696.99,-138.523395042059,624653126.97,-2.8452820338,462191927.13,19310594.26,121778714.28,64946335.45,668915179.57,-13605904.01,-12765711.58,2018-04-28
422,600653,申华控股,-82457199.39,5.812986112001,1088042170.72,-50.8854607606,1086109017.86,11262145.23,46861598.51,47668183.92,1194922465.79,-79134281.67,-79610215.86,2018-04-28
423,600651,飞乐音响,-58114760.52,-382.162614627802,1144908445.1,-27.9172711194,826746469.3,159302584.08,161000752.91,37427796.82,1187212644.84,-33250259.63,-30910936.71,2018-04-28
424,600650,锦江在线,73941564.01,49.758089597436,549884838.01,-7.6680179835,438175995.12,48542767.15,25585289.02,-2363770.3,513237005.81,92792426.51,95517305.25,2018-04-28
425,600649,城投控股,607192318.19,-15.790566527477,668938241.12,-64.8623825006,428636230.26,5279841.28,34757191.88,37835974.01,540975395.43,779374824.44,794647531.56,2018-04-28
426,600644,乐山电力,29527803.43,-7.80454764827,486222171.21,5.3049796719,377360082.17,12580049.96,54188561.96,3390218.8,451649646.78,34572524.43,36099031.19,2018-04-28
427,600643,爱建集团,128475651.16,11.452910714131,396547255.49,34.3508887838,54069120.51,1084543.43,65403443.34,27218212.92,233973601.33,200137973.36,200111424.04,2018-04-28
428,600642,申能股份,505934662.25,-13.1221118675,8633579850.08,15.6933110535,7997143594.57,1282246.2,113216666.97,76241896.57,8226112333.99,794149568.93,799784330.98,2018-04-28
429,600641,先导基电,117355164.16,72.134971940587,394557664.81,-10.8710427895,207717414.4,4001892.13,13928701.66,-10622050.71,240004152.05,157426932.4,157682757.92,2018-04-28
430,600640,国脉文化,62405215.91,90.548433959817,1254339759.28,8.5425424909,950356320.3,95432315.96,120462643.67,-8424542.6,1167699353.52,90879294.14,90325179.56,2018-04-28
431,600637,东方明珠,429684657.01,24.718321662786,3706443716.22,4.4878224605,2747722424.39,208859799.52,280378407.33,-14892043.26,3261992780.07,590960691.19,620859357.55,2018-04-28
432,600635,大众公用,126445187.15,-10.973660116407,1369543546.15,-0.1615231872,1202685775.77,42709482.91,60751114.08,32257037.94,1347951388.05,166442242.23,166495647.72,2018-04-28
433,600630,龙头股份,21329819.93,-5.116167221579,871516900.78,1.5784150244,603057131.0,185353947.01,61610678.06,1174851.26,851085904.71,20430996.07,26286204.98,2018-04-28
434,600629,华建集团,48110581.95,84.194137247794,917511064.85,9.785316439,676576625.77,10917369.0,173309596.84,-1281154.29,872145720.81,44970311.26,68408235.18,2018-04-28
435,600628,新世界,270141801.2,1853.28139252373,759439901.93,-5.8957700318,539820872.74,34429817.92,78364270.5,4677196.18,659852084.46,293809834.88,293027758.71,2018-04-28
436,600626,申达股份,38364560.79,-31.139441485487,2125276579.71,-1.3905165901,1885935137.06,88718391.11,105470173.05,15879510.05,2112850603.47,48875461.52,50902601.63,2018-04-28
437,600624,ST复华,9354425.83,29.852086438696,169172951.92,10.6234471531,105625932.91,12614030.75,32869876.72,1193526.74,155053357.33,13814273.98,14734686.87,2018-04-28
438,600623,华谊集团,250871382.93,68.544415579584,11489939231.62,10.4856184357,10586289682.05,244269998.13,324077322.5,57430963.18,11284150084.22,281445366.29,285700678.09,2018-04-28
439,600622,光大嘉宝,142578060.24,37.086654995561,624598279.63,-21.1875624424,353523326.19,3685127.07,40069871.71,3354513.01,431145597.1,208609257.52,209180915.23,2018-04-28
440,600617,国新能源,90562925.17,-50.104875711884,3035511968.86,33.2697231584,2630447297.39,141160399.14,51675870.58,96631632.55,2926021480.5,115787848.61,115445308.35,2018-04-28
441,600615,鑫源智造,1386229.04,-11.963761735948,24293633.61,2.1182957061,19088808.74,1040799.45,3692562.74,-34587.02,24493784.85,1765028.43,1776028.92,2018-04-28
442,600613,神奇制药,21406717.24,-43.293010308549,309204844.04,23.6806873329,141299015.16,106602379.32,22530187.18,2853380.39,282435568.06,26769275.98,26840991.65,2018-04-28
443,600612,老凤祥,310860931.07,28.8008486055,12962707491.31,14.160458053,12022194355.55,255972630.95,88933517.79,47388532.71,12463768015.18,506274474.45,542920094.75,2018-04-28
444,600611,大众交通,185183473.61,100.179013118647,534650086.82,-6.2023122599,366153669.68,15676624.37,56187575.47,9906030.02,462582094.65,240128542.85,237189013.82,2018-04-28
445,600609,金杯汽车,-53418554.67,-436.039278268146,1248651380.48,15.3525208257,1053484461.41,23383450.74,69123936.75,49931097.02,1223467500.92,26202813.69,34188906.39,2018-04-28
446,600608,*ST沪科,-6150307.16,17.357917685102,27809062.8,43.763670888,26197089.89,1960419.13,4600595.72,1346568.21,34004146.6,-6195083.8,-6245083.8,2018-04-28
447,600601,方正科技,-95354927.34,-73.183620691898,1104216616.06,-7.6897760858,951399317.34,93659416.33,117589464.18,39332988.76,1217378056.95,-113255419.35,-104826836.97,2018-04-28
448,600595,中孚实业,3603804.96,-96.798602935056,2831892655.88,-12.2465050319,2569136282.97,12037225.94,65463670.86,206923096.57,2865089798.85,-34319341.52,-24052473.01,2018-04-28
449,600594,益佰制药,100802093.94,22.274272151638,930947616.28,26.3717252953,250723225.2,433158839.67,88843238.04,19979470.38,809503414.21,121049325.7,129784426.71,2018-04-28
450,600588,用友网络,-167033654.0,22.917473130096,746662528.0,26.4793137969,288370548.0,224214743.0,453438971.0,31506220.0,1007060917.0,-169038207.0,-168736424.0,2018-04-28
451,600587,新华医疗,44079680.01,2.800027468889,2107709130.27,18.6898189003,1686539534.07,172081512.12,141206377.0,37823273.13,2039442613.99,66813116.87,83116875.1,2018-04-28
452,600586,金晶科技,47194609.99,532.998780798998,850316895.67,5.6750035228,625017736.93,20468636.62,50254819.9,62092318.06,777751129.06,66975368.25,70635546.24,2018-04-28
453,600584,长电科技,38297685.26,36.02702154912,5024584279.27,43.2935806461,4531567199.23,54427607.04,394874975.1,268117049.1,5259950791.09,-130732645.17,-67149069.51,2018-04-28
454,600582,天地科技,11555132.66,-46.058063992505,2029008554.53,11.915922334,1344037898.88,150819965.19,454238267.84,23464550.41,2029133477.91,32854521.92,37941006.96,2018-04-28
455,600581,八一钢铁,272693044.74,220.055025239197,2838450619.55,175.3955767292,2347252458.55,114916701.65,24795152.01,64430025.5,2567451998.18,270998621.37,272693044.74,2018-04-28
456,600571,信雅达,14893158.84,3.605434204773,262706676.38,0.504284556,117153483.84,17832890.86,127306042.13,551760.13,270688017.1,-4006190.13,7132997.11,2018-04-28
457,600568,ST中珠,62930149.06,106.287892005604,240009144.85,64.2459832537,139730850.94,3973705.99,22284252.7,-877619.68,171718619.19,70897632.46,71215385.97,2018-04-28
458,600561,江西长运,-6044148.54,-144.37919451784,720963604.35,0.9845990179,643375323.97,4196023.8,85513643.22,28251497.57,768664289.59,-49597085.75,16863451.0,2018-04-28
459,600559,老白干酒,41314935.48,35.275143076926,694976438.69,2.6521515341,301757480.12,185990372.68,51387847.65,-829592.12,639563646.44,56049477.09,57345591.52,2018-04-28
460,600556,天下秀,-1908930.24,26.569287726643,8728535.56,-38.8426476487,7732347.92,,2794573.38,8025.17,10580672.28,-1852136.72,-1907718.15,2018-04-28
461,600552,凯盛科技,11986504.26,15.820828056208,734308924.02,50.450368811,624656263.38,23134481.52,53448323.94,19160682.47,720476004.15,13832919.87,20116459.16,2018-04-28
462,600551,时代出版,115970987.45,2.743916909531,1825000103.94,19.4341212336,1638463261.56,41507883.24,56265921.51,-1215459.54,1741302385.01,85612999.26,117104925.81,2018-04-28
463,600546,山煤国际,23137057.18,146.344266259775,10667712062.39,35.0999431591,9870271012.46,66597545.61,211239983.36,212942234.32,10468372813.88,199339248.51,192727038.16,2018-04-28
464,600545,卓郎智能,108461000.0,39.102920904712,1775808000.0,-21.5476140983,1277116000.0,135722000.0,159401000.0,7394000.0,1589525000.0,185885000.0,186325000.0,2018-04-28
465,600543,莫高股份,13390524.31,-17.540680791439,67102389.93,-6.7154524666,27466051.77,16783019.9,9573153.8,753741.65,56632525.75,15340835.48,15435177.77,2018-04-28
466,600539,狮头股份,757426.64,113.205124602732,14972527.31,40.7519725541,11668464.25,310971.86,2060812.74,-804677.27,13329365.1,1643162.21,1667920.07,2018-04-28
467,600538,国发股份,-3116437.1,51.187788746053,107162669.92,5.1780358591,94589840.27,5947127.54,9108338.92,730011.81,111787979.27,-4199747.19,-3913072.12,2018-04-28
468,600530,交大昂立,33687491.57,9.296511574053,80255172.89,-11.9545893949,25801360.69,17879185.69,16929716.95,6373620.15,69151132.52,44865004.7,45010307.38,2018-04-28
469,600527,江南高纤,15043729.91,572.838785710819,234017273.1,1.2218402155,195874264.09,1553781.81,17282749.8,-1218964.97,214812975.21,17704331.72,17966566.68,2018-04-28
470,600521,华海药业,140069587.43,15.008068211286,1129537585.37,16.6867749737,553130126.59,213047698.62,220329040.14,12920916.32,1021786826.54,143076871.58,140439046.62,2018-04-28
471,600519,贵州茅台,6123119324.13,25.235818971297,13913411369.3,35.7291102993,1176997676.07,852434090.09,1122230514.33,-29494286.28,5123258606.74,8790152762.56,8755040427.95,2018-04-28
472,600518,康美药业,1067762644.11,7.959602102131,7154664663.12,21.559712193,5038479360.65,138540794.26,284332205.63,221411275.96,5736393457.1,1433302423.65,1444891956.47,2018-04-28
473,600516,方大炭素,73521676.17,566.342019976324,692743375.54,46.3558394267,462222773.08,41943043.87,82664531.69,4600213.25,613565777.73,90943573.35,95149494.87,2018-04-28
474,600515,海南机场,23383965.64,-84.962315950536,1344231988.64,-30.4831052609,858853765.0,53886636.29,167116615.69,395763128.98,1552882311.56,-112575009.56,39874235.35,2018-04-28
475,600512,腾达建设,35449322.27,6509.88242183488,667238330.25,-3.4634320258,589667366.57,2209393.32,20763072.09,7173764.08,614239780.07,51490038.59,49998778.51,2018-04-28
476,600509,天富能源,134361663.58,70.244484211278,1027372124.83,17.1195221089,674108727.67,17247880.03,57111599.07,111699350.04,869099889.81,169217500.37,167070348.54,2018-04-28
477,600508,上海能源,166084793.55,4382.00203476696,1407415016.39,24.7813487511,973919521.57,36805306.06,142706099.45,1433828.11,1190374290.78,217040725.61,217099489.77,2018-04-28
478,600506,统一股份,100102.41,108.284094295418,9164089.54,27.093574036,8647020.7,271983.91,1639765.05,-41954.66,10159811.36,191251.24,191251.24,2018-04-28
479,600503,华丽家族,86683548.3,755.458037386089,682727608.48,361.4408814638,572354309.67,3306242.97,19004013.08,4880298.53,636357189.86,98001069.11,101069975.75,2018-04-28
480,600502,安徽建工,84197357.99,-11.805355049428,6672613661.34,-17.8091353562,6111009981.61,25382503.65,249540061.65,89014621.05,6549981810.73,123704573.59,123219463.14,2018-04-28
481,600501,航天晨光,-420171.75,97.626223571232,422907179.06,-8.5165025562,317856662.24,38115019.76,72654853.57,5744905.53,437605343.25,-2273512.2,1555277.03,2018-04-28
482,600500,中化国际,325977723.18,288.990523468286,17080272820.88,55.8904524925,15332056125.57,360941267.74,547512213.47,176717155.4,16606380656.08,676852478.69,739355558.15,2018-04-28
483,600499,科达制造,176258100.48,30.076878919213,1469073010.76,28.6361974179,1131900823.87,57426459.89,81097800.31,10574433.52,1293647000.65,179718459.51,204601123.56,2018-04-28
484,600496,精工钢构,21685313.19,-35.532598686281,1362643760.74,-2.0335361892,1197993964.61,26441082.81,90224827.93,30664966.62,1353571145.54,25010572.91,25597159.53,2018-04-28
485,600495,晋西车轴,-10919128.85,-380.187817333689,184146030.43,11.0840447391,156456470.49,4566441.26,36669918.1,1446813.98,200878684.88,-11826830.66,-10740743.63,2018-04-28
486,600491,龙元建设,119486616.76,73.486895971489,3966124948.2,-2.8813821517,3623466559.19,935800.14,108630859.41,28144825.81,3809592889.45,158598168.23,159937144.25,2018-04-28
487,600487,亨通光电,277691962.21,141.936601427438,4577148468.51,37.5649142676,3579675676.83,215669053.94,352881765.44,82089626.51,4295030801.57,303352321.82,401336751.98,2018-04-28
488,600483,福能股份,199520700.79,35.936563220025,1119308487.6,3.2248558614,877680179.93,8924162.32,25290841.69,60968568.62,989614709.24,205447452.96,223139737.22,2018-04-28
489,600481,双良节能,-12050717.86,-132.616577241264,316803102.79,-34.2986461001,219549187.62,44413838.36,45417685.51,11463295.96,333513653.57,-14244442.72,-13574863.51,2018-04-28
490,600476,湘邮科技,654553.49,112.459484264085,44796972.13,16.5157843758,35496280.28,2683447.7,4521506.84,1138035.75,44391541.77,405430.36,654430.32,2018-04-28
491,600475,华光环能,145808328.49,451.748553022738,945594714.24,39.8357013325,762159689.42,11629067.04,111620710.46,-1661743.4,890254146.53,166236604.1,174968635.44,2018-04-28
492,600470,六国化工,-20814016.52,38.925535432795,879572559.94,2.5316433649,787489276.15,46908737.58,45024250.96,28230053.57,915177726.17,-36359504.63,-34503475.08,2018-04-28
493,600469,风神股份,-118968513.44,-508.905980565116,1924347410.54,18.0402406869,1780326199.31,87133888.69,110288410.99,26481962.64,2039955527.21,-124729866.17,-119561588.53,2018-04-28
494,600468,百利电气,16308787.64,61.727307580787,266984122.82,45.6493427493,192448344.99,14837783.66,42386681.71,-56609.76,251807168.03,22195725.7,22434598.38,2018-04-28
495,600467,好当家,10029386.13,24.412404501774,221516664.91,27.8820469259,154533032.45,33294203.5,17044816.49,22045382.03,228992952.66,3243244.15,9877467.59,2018-04-28
496,600460,士兰微,32810177.69,1487.62462404747,588891550.36,36.3505073722,430529320.66,17654452.33,94210605.46,13496344.58,568846246.25,21017285.5,33968719.94,2018-04-28
497,600455,博通股份,-2758832.76,20.603908944206,40539719.94,4.8773708834,21096359.42,4612785.17,15147816.09,2079293.45,42942328.33,-2402537.88,-2501305.19,2018-04-28
498,600449,宁夏建材,-58255134.11,36.181801607918,529260677.37,98.136560873,454376375.01,52129868.44,51581867.99,22226132.19,586872943.37,-57573098.49,-55417306.42,2018-04-28
499,600448,华纺股份,2227000.41,-26.02439190932,589953105.31,27.0949764313,547606693.55,11518597.93,12083546.14,12308949.07,587786148.07,2166957.24,2228924.3,2018-04-28
500,600446,金证股份,-25837229.18,-189.555024341028,839476771.39,12.015586584,668452635.89,29569122.59,150079262.79,-6797067.32,852192497.47,-10607016.71,-9941738.76,2018-04-28
501,600433,冠豪高新,16235596.76,47.137180838039,422157699.31,12.9974514567,346155996.17,23618906.74,22675950.58,10060712.58,404517574.71,17640124.6,18525091.37,2018-04-28
502,600429,三元股份,13104994.73,-92.777457031282,1383096824.42,-0.1813837325,961459858.88,395508304.71,65688031.02,-558962.97,1435208871.86,335717.3,21155092.57,2018-04-28
503,600428,中远海特,11057155.09,1103.90501480542,1603415034.04,17.8510561875,1387234610.69,11838214.53,104084869.47,69421025.04,1581350199.63,33703589.88,12197200.92,2018-04-28
504,600425,青松建化,-153835020.85,1.184697309533,107520800.99,3.3822135028,150944117.49,5861038.18,65366542.05,61690836.68,297293191.3,-189888025.7,-189642843.35,2018-04-28
505,600423,柳化股份,40686338.82,146.024060225396,394688683.03,-25.5561972482,400202568.86,28160248.3,50401109.66,33559935.98,514437863.04,-118689509.0,40686338.82,2018-04-28
506,600421,*ST华嵘,-422936.4,5.24822101427,8213914.13,56.0921657063,7074486.22,433262.78,1104103.63,-68.68,8642023.85,-428109.72,-428071.58,2018-04-28
507,600416,湘电股份,-38254258.71,-812.340847191326,1649604781.23,-35.7748861396,1437655310.74,50708549.08,142305603.76,65834964.75,1701476144.55,-47123512.17,-41072385.81,2018-04-28
508,600410,华胜天成,-8875287.37,-263.03183729405,957972506.28,2.4046768188,825756966.83,64333497.68,87249982.45,19104242.15,995555883.33,-8689793.84,-10284867.14,2018-04-28
509,600406,国电南瑞,67970875.33,31.829785453633,3206908310.81,1.2856533146,2510398941.09,255179059.98,361454155.31,7599850.28,3204406168.1,111266173.9,111914318.71,2018-04-28
510,600398,海澜之家,1010003238.18,5.470275556718,5158947914.17,0.5536090627,3143799607.15,361303593.92,254453058.05,-63331482.3,3813938308.49,1348371822.56,1356276081.86,2018-04-28
511,600390,五矿资本,435525318.16,-25.252951705097,2643423393.37,-6.9417862696,1889650155.26,9886481.72,224850531.69,33963981.53,2215670747.61,648437133.26,656017489.57,2018-04-28
512,600389,江山股份,38991107.88,441.982451562786,900938041.16,-26.9504030423,771193411.43,18803943.85,49519198.69,8538839.9,863395506.4,42809792.21,48049987.78,2018-04-28
513,600388,龙净环保,84088660.19,9.922088260911,1143068050.34,0.2520180147,878802648.04,33820816.33,126252191.54,9322080.03,1051909591.18,91132607.38,102215705.16,2018-04-28
514,600383,金地集团,870786524.14,160.205153350873,5840714299.87,-13.0658845521,3724347222.86,134177824.15,343354854.53,8865833.11,4742168407.8,1324893743.93,1327820942.97,2018-04-28
515,600382,广东明珠,64973749.49,249.46773595292,128739958.78,82.1476701992,24781517.94,,4197210.53,3178306.35,33144945.75,96267021.3,96271461.1,2018-04-28
516,600377,宁沪高速,878672948.0,13.569081052156,2295677347.0,12.1616390448,1044912645.0,1790400.0,41977339.0,101442322.0,1213370672.0,1177161707.0,1172992906.0,2018-04-28
517,600376,首开股份,160211380.11,-71.534747553108,4203973756.73,-12.9166849594,2913325613.15,131391535.16,149159128.78,219282932.94,3893710435.18,278320456.57,284379992.13,2018-04-28
518,600375,汉马科技,8687513.24,156.196182332354,1379654854.91,106.956644857,1182700408.78,58574760.64,77037011.7,18423259.83,1383870807.24,13327435.46,13664309.91,2018-04-28
519,600370,三房巷,15231647.3,8.816832311112,243696907.47,16.147609249,211972559.03,2291541.36,6798956.07,-2672060.63,217872017.44,25824890.03,26286453.14,2018-04-28
520,600369,西南证券,23885995.69,-93.052750924746,507100953.09,-30.2867394133,,,481372865.41,,486964418.37,20136534.72,20424337.2,2018-04-28
521,600363,联创光电,48520964.63,53.964990895657,600524640.13,2.5283812071,500994721.06,20204665.62,60609737.38,9357401.06,602153389.53,53886478.23,55148391.69,2018-04-28
522,600362,江西铜业,541250886.0,168.782039014902,44684133049.0,15.0175811938,42846438029.0,155114738.0,371640254.0,-24923881.0,43873220625.0,837738934.0,860120769.0,2018-04-28
523,600361,创新新材,3226628.15,106.650095512168,3514278592.8,-5.9955636267,2775962564.53,617563407.93,84303608.32,29706728.09,3517727161.99,10267613.97,5380290.64,2018-04-28
524,600360,*ST华微,12612302.97,44.864513044687,351764935.0,27.5956507336,274781035.71,11765511.15,33771276.82,14528217.18,340394118.67,12207657.1,15269409.54,2018-04-28
525,600359,新农开发,3393549.33,119.96431897705,464408863.65,119.0261585129,435755542.56,14596829.32,25608059.17,13015853.43,498473431.45,-34195774.65,2726857.05,2018-04-28
526,600358,ST联合,-5936126.62,48.677255946608,30998637.15,-1.3688476256,6259640.22,14280055.21,11913513.16,3250330.63,37206725.72,-5630775.47,-5615722.73,2018-04-28
527,600356,恒丰纸业,27440043.28,11.624943210137,351624578.09,7.0717959728,252327400.37,26997485.58,20692134.54,4868187.19,315570097.04,36054481.05,36590481.05,2018-04-28
528,600355,*ST精伦,-6291680.53,-498.898116070588,78837399.27,-22.6475871884,55410801.78,4614701.88,19310910.39,208802.53,82613652.57,-7507677.9,-6033606.92,2018-04-28
529,600353,旭光电子,12403329.61,38.49326734933,260249323.35,3.0940928443,214783603.89,6063924.98,14245737.73,341268.35,239272294.26,21348179.78,21876614.34,2018-04-28
530,600351,亚宝药业,40624960.38,-41.738331936978,560494172.82,0.877510642,274468910.2,141023510.96,85884762.13,11254106.71,523119098.01,36560497.03,37643847.24,2018-04-28
531,600350,山东高速,574438727.82,10.08519131745,1594227099.42,16.5861777443,662034516.84,2067671.63,67448477.94,134256555.58,883521793.24,770481167.74,777826610.17,2018-04-28
532,600348,华阳股份,424627134.89,3805.06471808113,7590797666.43,92.5912287953,6201756020.65,55631093.46,405085670.03,104697971.0,7063471756.04,556842910.44,550883788.32,2018-04-28
533,600346,恒力石化,654974365.78,124.744676683344,8712069557.39,-7.9318402971,7449447170.76,115797009.92,215027809.68,376003738.63,8113118836.91,707988237.95,711269126.44,2018-04-28
534,600345,长江通信,64867447.78,408.198249160336,74916114.5,-23.9582678285,69866259.17,3390966.73,17627595.63,457558.08,91596026.41,62782530.57,62848554.02,2018-04-28
535,600343,航天动力,5462826.67,3.156762227554,363761639.97,42.2376976384,321153716.58,14181449.09,24284083.79,-653469.77,360721733.29,6069159.46,6246131.3,2018-04-28
536,600340,华夏幸福,1754699740.38,35.059873032292,7807659394.53,57.7106657477,2936312274.45,345661094.13,1329981143.38,156592749.99,5210674554.69,2770831853.2,2749908371.43,2018-04-28
537,600339,中油工程,218580402.84,544.619196937654,7073779499.81,14.1980063939,6186213740.95,10852246.83,521331697.65,4909558.16,6740641533.74,333261116.82,334689870.0,2018-04-28
538,600333,长春燃气,18436932.47,-16.716922167576,383977259.3,10.7952800025,234256067.75,76517860.98,45653753.97,15628472.31,378288501.08,17268723.92,17507471.59,2018-04-28
539,600329,达仁堂,133753519.7,11.84655838462,1481831933.56,-10.9223683829,909703826.18,379272867.9,77615525.2,2978521.65,1384842299.25,149942382.28,151043754.69,2018-04-28
540,600327,大东方,99981887.71,15.561517094734,2251211788.53,-3.1909125352,1903121689.26,86045229.66,103009381.3,6879751.95,2116664258.59,142603191.76,143658293.38,2018-04-28
541,600325,华发股份,420697238.19,1135.14728782639,4208463000.85,367.1863837163,2857064281.21,108549907.0,94012321.29,-29037057.18,3522638731.46,686529385.95,687953407.66,2018-04-28
542,600320,振华重工,66367907.0,23.687520247551,4223173077.0,-8.8965882846,3461340632.0,24457150.0,384209879.0,255961744.0,4188141225.0,48642595.0,63268929.0,2018-04-28
543,600319,亚星化学,207314.13,100.620709162243,469190375.05,50.8568853456,425244656.82,16699974.91,11689215.71,10032771.64,467011191.06,3051459.88,207314.13,2018-04-28
544,600318,新力金融,19601713.73,-74.856389034102,160846464.52,-38.8398061637,33607826.08,,20634612.43,18607394.97,90906396.39,70507695.17,71944048.66,2018-04-28
545,600308,华泰股份,123909653.44,349.274712258874,3137908354.68,45.2382554471,2719988001.05,128321127.49,95762466.89,68922181.66,3023784479.13,110357496.57,139160967.17,2018-04-28
546,600305,恒顺醋业,44570043.62,22.675914053343,369351401.58,2.8541315054,217854576.76,58182481.69,37188106.46,1574353.33,321668545.22,47611434.92,53995634.23,2018-04-28
547,600303,曙光股份,446822763.43,366.161073303934,884109712.39,9.2430201975,738056722.06,47671228.83,89157602.65,26788341.46,943941054.44,488742781.83,495730129.26,2018-04-28
548,600302,标准股份,14808771.22,217.99404246533,194465007.57,32.3718602955,156276542.72,14968937.48,27459067.12,-228986.96,202547207.47,-6727380.34,16938831.24,2018-04-28
549,600300,维维股份,91516192.41,185.851401156203,1389643045.09,32.2688145611,978704134.08,125514438.49,95595705.4,37996169.0,1266310902.17,125016718.74,126951182.28,2018-04-28
550,600281,华阳新材,-13262592.41,-172.372937323593,126364047.42,37.5479047239,120880656.1,820288.13,6003212.19,4230961.12,134411786.58,-8047739.16,-13157186.62,2018-04-28
551,600279,重庆港,24962523.11,22.634465680643,1278412977.27,395.0622651671,1164238418.11,1432624.29,44665057.62,20318270.91,1238819078.27,38207483.97,43738932.26,2018-04-28
552,600278,东方创业,43220503.47,16.654794700936,3623271134.88,9.9330077839,3414147638.78,115057010.11,59075369.93,6242038.07,3595954411.71,72753188.39,73674533.65,2018-04-28
553,600272,开开实业,5682764.73,29.145496456125,261426395.93,2.6338093028,202908763.46,21124979.13,32974366.48,1586008.23,259389768.17,2374324.36,8616503.71,2018-04-28
554,600271,航天信息,395612455.62,7.32794854663,5487146750.4,32.7075553303,4648175408.63,174306742.68,279197163.41,4540936.26,5141140999.66,638660586.42,642780684.61,2018-04-28
555,600266,城建发展,102998793.24,-40.636790634372,2251601169.17,110.6461125426,1763582487.0,52537262.93,82875041.08,37181569.1,2108280056.28,141268684.06,142940287.03,2018-04-28
556,600261,阳光照明,116382139.09,15.677934544355,1142329115.72,11.6214222553,842564951.24,48925673.33,101030250.12,2784877.3,1009566579.69,134108312.62,137709358.54,2018-04-28
557,600259,中稀有色,1718987.86,102.622618680987,1585270567.45,209.3492009529,1518709868.09,5198161.06,32827284.28,19995798.2,1581352380.7,4790161.07,10121048.81,2018-04-28
558,600258,首旅酒店,34810628.54,395.550385803566,1912579785.34,437.3515864915,97592767.23,1383094825.82,244240966.52,56626555.18,1796905227.33,106132808.85,102408248.84,2018-04-28
559,600257,大湖股份,6333984.51,11.299660080624,195143745.19,13.2382151614,151412963.0,11210152.69,23862986.12,451433.31,188999781.0,6168236.03,7364999.5,2018-04-28
560,600255,鑫科材料,14108352.3,135.63919061533,1224572463.29,15.2968219637,1159756519.71,12796979.63,28883547.6,11527197.7,1208081928.93,15600549.98,15715389.0,2018-04-28
561,600250,南京商旅,-46469692.97,-122.096126744611,143708260.75,-26.7099512043,136419930.42,2068515.44,9818151.78,17935673.46,166644067.61,-46826836.81,-46746872.14,2018-04-28
562,600246,万通发展,75580370.27,1502.70495298695,680927151.19,122.4425935644,338108167.01,11872654.69,26915689.04,38117415.7,556598314.64,120793637.66,121518094.82,2018-04-28
563,600243,*ST海华,53340937.02,341.722438211294,181776960.35,2.9113992896,148447938.67,14439836.02,37255734.18,8614946.67,210022116.22,53284750.81,57467675.0,2018-04-28
564,600241,时代万恒,-8473180.37,36.091252269938,236408791.61,-2.0171551692,177528977.72,15040987.37,39641343.36,11673582.38,245111635.56,-7163717.51,-7148577.05,2018-04-28
565,600238,*ST椰岛,-20457120.45,26.840703324954,160492531.9,34.9568074953,126035009.57,28174123.11,20762493.25,6530305.8,186130238.02,-20765411.9,-20179881.49,2018-04-28
566,600237,铜峰电子,4648062.24,188.929046118003,191379966.44,26.877316768,165581481.77,4472924.79,14867768.53,5894767.55,193809665.74,6437246.89,7041520.53,2018-04-28
567,600235,民丰特纸,7162202.38,184.369919220023,390267582.68,6.6378034091,327710936.51,12891476.25,28378827.98,8330013.0,382894893.42,6550892.55,6625855.1,2018-04-28
568,600234,科新发展,-5607534.33,-226.537054077076,3475483.65,12.6888644098,109887.41,,4199399.01,3026431.09,8012642.01,-4089252.01,-6283364.67,2018-04-28
569,600229,城市传媒,64923348.18,16.409898605331,456629341.07,19.2054068258,279904588.93,59072808.62,48877008.17,-1004856.52,400580682.01,64196795.37,64398593.81,2018-04-28
570,600228,*ST返利,-6747084.19,3.248689229325,115438291.16,22.4098701881,110301896.37,3168464.05,3799914.26,1919163.5,119688144.82,-4249853.66,-7682564.74,2018-04-28
571,600222,太龙药业,1600872.73,23.815758548831,236235362.18,6.919154197,163802929.44,20710023.14,33510766.07,12602647.35,233904572.93,11182025.63,1984294.86,2018-04-28
572,600221,海航控股,835140000.0,-42.046705994281,14537808000.0,44.1848351413,11982030000.0,552377000.0,321106000.0,717171000.0,13599180000.0,1126478000.0,1278529000.0,2018-04-28
573,600219,南山铝业,286527445.77,32.284539124782,3467843133.64,23.1957509524,2765073753.21,88759758.16,142211174.22,36623150.68,3148393771.69,336566268.73,345201478.35,2018-04-28
574,600218,全柴动力,39218534.38,39.158755476088,936696461.14,10.0515406932,808921386.89,15156504.41,45002461.85,-2940336.14,896815944.82,45681722.28,46143823.21,2018-04-28
575,600210,紫江企业,452301758.48,816.242553260763,2142940026.67,-2.2770331268,1745774626.22,83791215.57,171583382.11,45619637.09,2062364328.73,487309958.96,488226348.88,2018-04-28
576,600208,衢州发展,380489021.63,236.789130894624,1536487335.19,-20.6539454226,1281161721.23,51865645.31,174784513.8,358993357.54,1883998469.16,412914245.54,413700880.28,2018-04-28
577,600207,安彩高科,-17861883.02,-2544.01888548533,454938739.95,-12.4519250928,419114125.11,22348029.92,23843657.43,1511825.62,471501545.98,-15186033.25,-15148701.58,2018-04-28
578,600203,福日电子,14389301.06,-20.097495230772,2212536692.13,54.2170019559,2100255169.78,21107385.8,73347066.8,4586929.13,2202288895.93,20232592.07,20353857.51,2018-04-28
579,600201,生物股份,265983142.54,38.913805367431,460895231.81,34.5387580648,93858277.79,20300617.96,28898921.08,-4478444.11,151877203.1,310938051.16,311743382.2,2018-04-28
580,600198,大唐电信,-130936885.1,13.439333670205,1550095749.43,-18.6870503246,1324170948.01,50041307.09,236559605.05,70029375.65,1684568972.18,-124375758.03,-124230291.02,2018-04-28
581,600197,伊力特,111258976.56,26.757815562525,476723460.96,8.7344597402,242461631.13,15223173.05,9604856.11,-2769963.81,321297234.68,155426226.28,160650080.49,2018-04-28
582,600196,复星医药,737746682.61,16.321296520262,3880454791.54,20.2853641289,1733097970.44,1023285269.05,553116423.82,122677153.56,3489037156.53,955546069.3,953381057.36,2018-04-28
583,600195,中牧股份,74539962.14,-8.397250021276,781437499.58,-10.0179738129,509961490.94,104579184.1,83811538.58,11017280.94,715453186.13,99484509.39,100641684.5,2018-04-28
584,600193,*ST创兴,4024561.28,280.025219239674,24452375.85,232.0230670037,19956146.73,89405.1,697747.61,-66093.47,20751455.97,3910561.84,4024561.28,2018-04-28
585,600191,华资实业,8718553.62,333.283789813813,59912271.71,2332.1533283528,60768794.95,254868.85,10115968.1,1819159.59,74240380.83,8711741.7,8711741.7,2018-04-28
586,600189,泉阳泉,-72590927.74,-178.883462409358,105233458.2,-64.310851072,73049267.46,21158642.31,26444424.82,31659150.53,154552691.68,-71737731.81,-69887576.27,2018-04-28
587,600188,兖矿能源,1775105000.0,606.494571695239,39812986000.0,237.7363455911,34736908000.0,712580000.0,1033506000.0,577455000.0,37594244000.0,2383398000.0,2548394000.0,2018-04-28
588,600186,莲花控股,-40860535.83,-475.594479671873,431692360.84,-0.8108496553,392708733.1,36101647.76,41830038.82,10758710.95,482930082.59,-51457682.35,-47858876.8,2018-04-28
589,600185,珠免集团,262270781.92,69.209201658193,1137076979.68,13.4171800609,650543411.69,22881697.83,27614027.0,-1603085.53,787616404.76,349637340.91,350486635.71,2018-04-28
590,600182,S佳通,28032492.42,-23.399137857904,880432876.35,35.5900603318,742648481.57,18923595.39,33739640.27,5737369.2,808239798.0,72193078.35,72989100.74,2018-04-28
591,600177,雅戈尔,1261788998.21,-48.445009155445,3394465162.56,-38.9255510462,1807021683.04,402406190.21,221196322.91,271128883.99,2969312122.38,1564906559.04,1599467785.57,2018-04-28
592,600170,上海建工,504000541.59,1.161033824615,26687992098.24,-1.2732429735,23950296510.64,100674720.72,1709824856.74,240016499.74,25985495647.02,713279471.23,732192145.73,2018-04-28
593,600168,武汉控股,64213775.52,-17.091268204628,273833433.93,3.40435422,200380633.41,1976216.06,12161967.91,12220312.31,240372030.03,76087179.65,83116738.67,2018-04-28
594,600167,联美控股,451574556.66,41.564217183458,1046149379.35,23.3339031914,416032575.18,372573.94,32597344.73,-6486538.06,447406819.85,602954569.52,605099235.11,2018-04-28
595,600166,福田汽车,87147076.49,17.311227809744,10972565618.88,31.9216365978,9440145062.81,787233253.54,797861705.33,48193301.49,11326726725.97,-75584483.89,102319224.86,2018-04-28
596,600165,ST宁科,1583834.01,107.877338950016,236721837.66,-62.9718233052,165370231.73,30213440.72,14886602.85,27344685.99,241115530.55,1695003.84,5219664.24,2018-04-28
597,600162,香江控股,113064816.56,-8.380162847205,597841800.73,-26.3752829236,275285427.43,65130805.86,59671825.25,28406006.06,448778628.88,153341540.3,159061474.3,2018-04-28
598,600161,天坛生物,55292103.63,14829.8654317378,551741542.4,45.1735126498,266635922.81,36368064.98,92775888.08,24700772.76,432378259.84,119363282.56,123322961.04,2018-04-28
599,600158,中体产业,-12644037.6,-11.379434564197,103944684.93,-17.8364505019,83648640.17,12645582.45,29693531.87,-382222.61,127302291.26,-17873495.65,-17794023.57,2018-04-28
600,600157,永泰能源,106690483.85,111.355036509754,5316615063.86,203.8371192643,4069477479.23,1943889.22,163185276.98,818104159.31,5164847101.34,153981278.42,184903575.82,2018-04-28
601,600153,建发股份,422242639.16,32.759300445982,38988085755.9,69.6680704181,37058664808.74,1046159212.19,51432228.38,96609721.24,38485907475.7,652953987.79,653596739.67,2018-04-28
602,600152,维科技术,-11778149.52,-14.127344319261,377789298.82,-21.4407176809,319679443.77,13372680.69,37468995.83,5513326.49,387235316.61,-3585807.31,-3043786.25,2018-04-28
603,600151,航天机电,-125572932.51,-370.933105327007,1032279773.13,34.7917455124,902567546.53,45968676.73,159927520.0,34453408.85,1167579977.29,-133297362.08,-129497867.79,2018-04-28
604,600149,廊坊发展,-2320618.56,81.987607441081,,,,103912.85,2195693.43,-83441.9,2337987.66,-2337987.66,-2337987.66,2018-04-28
605,600137,浪莎股份,3459379.4,-2.804597158085,34801647.1,-11.1151132674,26671014.09,2212142.86,2890586.79,-226560.67,30868120.73,4153495.41,4148991.34,2018-04-28
606,600135,乐凯胶片,26676547.72,85.179764369016,455034186.83,34.4336202179,373447372.16,28302777.51,24885361.44,849749.56,429823129.77,25683036.11,29206442.22,2018-04-28
607,600133,东湖高新,686835561.9,5861.97771192884,1243726634.09,17.4140587767,1098962336.42,10277806.55,37515364.03,75962266.1,1211962758.16,708534281.56,708065449.78,2018-04-28
608,600132,重庆啤酒,48145449.3,90.9722246242,736418656.25,0.3260425322,470074430.44,90580913.63,58134252.48,3402990.3,687773218.93,61861726.91,63412082.09,2018-04-28
609,600129,太极集团,2313506.07,-99.7484486546,1868253622.58,9.972370811,1289682224.68,290041036.97,210233740.26,50560541.6,1860072731.46,4786700.21,6159469.9,2018-04-28
610,600128,苏豪弘业,-2976755.91,-265.708172644628,817628990.25,-19.0091155261,759971311.3,38189636.79,19092941.33,5845710.98,833914782.75,-143689.07,162260.08,2018-04-28
611,600127,金健米业,4194941.13,-37.393092186378,596519636.16,19.5756568641,529844275.69,35588475.06,20346187.88,8084370.15,596901931.02,-3493851.41,4288018.82,2018-04-28
612,600126,杭钢股份,206733780.62,86.162906138339,6325778781.76,45.3061723394,5849772541.3,3781256.68,163111187.56,31707193.48,6113953044.76,213602789.02,219501943.94,2018-04-28
613,600125,铁龙物流,88210879.32,65.145133011547,2032817761.5,46.6523454436,1868785123.69,11995935.38,24821623.99,5664931.66,1920388273.33,114625556.88,118831086.15,2018-04-28
614,600121,郑州煤电,227827510.61,287.985288112133,1468660117.49,-23.6025992338,904895976.29,22443465.48,98822736.47,72974137.58,1141809190.74,326850926.75,340851963.37,2018-04-28
615,600120,浙江东方,243869815.83,59.407070404044,1023513660.35,-39.0672814948,886063220.1,49939961.82,58941779.28,11470998.15,998294493.76,327891140.22,328299457.24,2018-04-28
616,600117,西宁特钢,10828168.26,104.252286723615,1161868772.0,-33.6302993155,879582578.56,49431328.24,76083789.44,140230587.96,1154114353.47,8688641.69,11048471.89,2018-04-28
617,600116,三峡水利,48859656.6,4.438781364081,247862674.14,3.4253547883,192459205.91,29022.82,12797329.69,11056380.34,217288802.5,53099171.97,54594471.07,2018-04-28
618,600113,浙江东日,14151971.65,-35.639109351746,63965936.25,-23.8161375965,33313785.27,1925958.29,5905598.19,2703796.54,45157196.3,19049334.15,19040288.1,2018-04-28
619,600111,北方稀土,74460155.4,1018.6976875269,1929028735.21,142.935638142,1604889945.2,16087690.33,130596626.27,38392426.83,1820688362.22,130097166.67,127570951.79,2018-04-28
620,600105,永鼎股份,55378008.37,23.219140710236,453727509.59,-16.1286114358,339975469.28,23667686.14,40777647.06,5242005.76,409363913.59,76440487.09,79700179.62,2018-04-28
621,600104,上汽集团,8261035088.91,4.112226625465,196281832220.32,6.0088405778,167703705106.63,12516160536.46,8101986203.48,37515639.16,191144911225.27,12715490997.81,12844677599.8,2018-04-28
622,600099,林海股份,553320.55,-56.883464783102,103278468.08,6.7594563113,90036346.44,1764221.21,10516801.09,-813370.94,102545570.51,732897.57,747097.57,2018-04-28
623,600098,广州发展,32030271.08,-80.818002974101,4669362694.76,-11.5198589608,4207611541.44,64844601.78,128489913.21,127453782.5,4562322395.62,77315555.71,82991096.42,2018-04-28
624,600095,湘财股份,-7843347.82,-225.81616268365,35860207.48,-32.5186362196,21147327.91,2042114.47,13164019.91,2683065.88,41879916.91,-7094192.32,-7145564.42,2018-04-28
625,600088,中视传媒,25572782.12,381.404296497774,155521005.69,70.3487386258,102449618.45,6870232.6,9348384.08,-1298471.6,120554758.74,34966246.95,35020027.49,2018-04-28
626,600085,同仁堂,293904008.95,12.010821297339,3667616763.05,11.8739079312,1979729425.01,732418423.68,312042463.8,3204883.45,3067975905.35,609620293.39,610192126.63,2018-04-28
627,600081,东风科技,38059623.53,22.514568713286,1322217455.39,2.906710146,1096755916.13,33232281.53,123455039.11,4592008.58,1265910711.09,74516801.45,81209690.55,2018-04-28
628,600079,ST人福,197647556.12,32.643090591328,3329530640.35,24.1583876885,2026114531.95,504323750.91,326572079.95,94852789.33,2999988216.5,336862667.34,341137393.44,2018-04-28
629,600078,澄星股份,11607590.84,3.934282729887,732715947.78,20.2323103486,599043886.75,20889571.45,22008470.94,63229804.21,711390266.31,22060737.71,21750498.18,2018-04-28
630,600076,康欣新材,111107692.31,0.469497164776,314452762.01,-9.4419644431,181172781.39,7814301.29,13608181.92,6662206.88,211696044.89,102756717.12,119054648.61,2018-04-28
631,600075,新疆天业,157093745.67,42.616445864059,966630439.89,-23.0913405088,629717381.99,56370832.47,48204990.49,28193469.7,782348566.47,184281873.42,187651125.99,2018-04-28
632,600072,中船科技,3201679.91,24.916222657984,654282871.07,-41.3742934653,579668297.4,6241516.24,45018121.02,26328355.52,664549472.11,-5073368.63,233112.72,2018-04-28
633,600064,南京高科,102828534.95,-61.935451367027,725125390.22,-65.0034571799,421657678.84,66507765.96,44345196.9,44551627.59,633017956.68,130516639.44,130895637.29,2018-04-28
634,600061,国投资本,567016381.49,-30.402309946162,2152318021.79,-22.1565770695,209601644.15,,876070809.61,38275333.32,1764160785.37,860946868.93,867533094.28,2018-04-28
635,600059,古越龙山,63292714.31,2.38200571866,590774265.04,2.2195014976,396413454.61,65749577.93,22364635.03,-2395962.85,506404895.03,85594010.17,85187753.25,2018-04-28
636,600057,厦门象屿,138023792.1,77.864918915829,40345762351.23,105.9288932114,39447066594.02,371071197.32,75745569.32,237601806.3,40359300383.67,228211648.56,248687048.65,2018-04-28
637,600056,中国医药,330140154.73,29.047340782932,6664237648.85,23.0482175451,5765027018.9,227042149.54,129732745.95,12648907.91,6171965035.05,492272613.8,493295702.6,2018-04-28
638,600055,万东医疗,2344079.95,126.300558806664,120821096.0,-4.1027392195,64542229.08,32519055.59,35748825.57,-1876158.53,131743388.99,-1404356.64,298703.67,2018-04-28
639,600054,黄山旅游,46734722.36,-19.137780102788,271687562.4,-9.8861992488,147516788.82,3503635.83,49885668.78,-217940.64,205542920.97,69550080.29,69653053.05,2018-04-28
640,600052,东望时代,19762175.05,372.418775564295,113015087.19,-44.1737141124,54204716.61,12781848.39,14613740.28,2394275.91,81850438.01,28134790.08,27651067.09,2018-04-28
641,600039,四川路桥,91394439.65,-17.478110701932,4147559253.33,-40.2117675317,3673004142.85,2352908.17,105664797.95,310976696.43,4021743148.49,122385262.64,124723506.64,2018-04-28
642,600037,歌华有线,177390484.63,-3.896082989823,553850693.94,-6.7606067198,378359228.11,28820799.92,28004863.5,-32440857.72,409306779.81,168018868.92,177391849.95,2018-04-28
643,600036,招商银行,19977000000.0,8.866485013624,57179000000.0,-2.0205314839,,,13544000000.0,,31751000000.0,25428000000.0,25502000000.0,2018-04-28
644,600033,福建高速,215022033.27,25.433260836031,597388412.27,-1.615470062,180410820.26,,15254487.66,64108107.85,262096182.76,360500643.31,363379838.83,2018-04-28
645,600030,中信证券,2300788701.58,40.179475307661,8614337886.88,13.3574438675,,,3867918512.02,,5215578093.65,3398759793.23,3240880649.34,2018-04-28
646,600029,南方航空,1550000000.0,-42.443371704419,30973000000.0,10.5798757409,26404000000.0,1593000000.0,742000000.0,577000000.0,29356000000.0,2171000000.0,2358000000.0,2018-04-28
647,600027,华电国际,11836000.0,-99.349246624863,19109043000.0,13.3773120103,17379156000.0,,358631000.0,1183980000.0,19114306000.0,225591000.0,234144000.0,2018-04-28
648,600026,中远海能,563114677.62,3.068716210862,2664732283.5,-38.7542844286,1828938055.3,10842527.69,96421782.78,156893185.69,2105988234.56,654678836.74,658247071.94,2018-04-28
649,600021,上海电力,127721472.12,-78.035572969608,4667250918.15,6.3269701113,3915913647.3,245041.25,204487646.89,336270169.2,4488615159.75,328982754.0,345619887.82,2018-04-28
650,600019,宝钢股份,3786154766.21,142.891631414935,72486966413.03,76.7684793352,62294178239.77,741191216.47,2321487667.83,840148988.59,67452996624.33,5475643199.66,5045460715.79,2018-04-28
651,600018,上港集团,1141577613.42,-6.398331874736,7992518197.87,12.4841112781,5734336046.9,15597913.4,685454464.73,160186214.61,6620867738.22,1787456232.03,1874000759.18,2018-04-28
652,600016,民生银行,14199000000.0,3.59696483292,36254000000.0,-9.7299048189,,,8962000000.0,,18666000000.0,17588000000.0,17582000000.0,2018-04-28
653,600015,华夏银行,4499000000.0,1.534642292936,16332000000.0,8.0164032013,,,5664000000.0,,10290000000.0,6042000000.0,6059000000.0,2018-04-28
654,600007,中国国贸,158656878.0,-10.023883157413,602178079.0,5.413209467,275191269.0,14384045.0,19766237.0,22938413.0,393040868.0,209892010.0,211490439.0,2018-04-28
655,600006,东风股份,70311379.32,-42.040091657424,3835732229.3,15.848663167,3392224693.81,196045463.49,265902234.96,-9549609.14,3964456791.44,-7085020.01,-2718056.95,2018-04-28
656,600000,浦发银行,14462000000.0,3.878753052722,42945000000.0,0.400559361,,,9541000000.0,,23963000000.0,18982000000.0,19017000000.0,2018-04-28
657,300482,万孚生物,35143207.03,34.437348294254,176752066.49,75.8436883466,61585524.07,38175061.82,38829118.86,3673835.92,143623075.96,34149326.43,41620236.79,2018-04-28
658,300381,溢多利,11031967.88,4.02317053848,306687565.4,17.3406105227,192857780.61,31157322.62,50166502.52,12917877.66,293029716.71,17117298.04,16982136.73,2018-04-28
659,300331,苏大维格,11698070.24,158.736002108024,191531794.68,92.174494122,134861140.82,9722613.96,25859543.41,2401752.35,180981494.31,10857399.69,13646767.76,2018-04-28
660,300323,华灿光电,80780064.13,681.126883582581,506414841.03,110.7065399674,338092065.57,4157896.59,43769329.71,23142600.25,438578697.13,54559649.78,104148376.21,2018-04-28
661,300269,联建光电,73235173.38,28.817963640883,703648566.71,90.3310578149,470892833.84,79586689.69,72509867.43,3226696.52,627973896.07,75674670.64,83828158.65,2018-04-28
662,300169,天晟新材,-7470624.26,19.91529882046,168334147.73,18.805840697,124508150.45,12153832.87,34312312.84,5833459.8,177758087.52,-9334176.69,-8703581.4,2018-04-28
663,300135,宝利国际,7004206.8,44.63989283979,404875863.3,103.3355455373,388524097.68,5766520.39,28157913.68,2611774.29,423904221.01,-13932286.04,10061617.83,2018-04-28
664,300072,海新能科,436715669.22,115.259812885932,5521807367.85,218.2005579926,4659448506.22,32789241.7,88943002.1,153432873.04,4993874295.32,527829182.9,531195118.2,2018-04-28
665,300049,福瑞医科,8483748.91,5.552089911742,154464955.0,24.8859767819,40505274.65,52015417.61,39584785.52,922205.39,135487340.34,21032931.05,20707009.64,2018-04-28
666,300043,星辉娱乐,117624599.67,-46.768273324466,633080050.03,112.2631492014,429556755.75,62265089.58,74016602.84,4199016.89,579736716.82,120666456.14,144869582.72,2018-04-28
667,002936,郑州银行,1051785000.0,23.418233960564,2442997000.0,22.5930598482,,,581932000.0,,1060995000.0,1382002000.0,1384955000.0,2018-04-28
668,002928,华夏航空,77421631.64,,732115502.28,,556380032.05,35273301.63,30523564.3,19273190.15,642078190.82,89620259.46,91841216.71,2018-04-28
669,002901,大博医疗,56465196.04,,128702974.45,,23308120.05,12708045.84,19723343.07,142660.34,61641142.51,68343896.72,69990441.39,2018-04-28
670,002884,凌霄泵业,37858516.81,22.20703318377,209895712.55,23.6471363528,150443310.39,7634371.81,10485339.56,405498.43,170992471.69,43655757.24,43730369.44,2018-04-28
671,002867,周大生,124696616.59,20.319486184238,802027673.1,17.9296986626,529871130.57,91854128.0,16647444.5,1377083.97,644518315.39,155050869.78,166335904.66,2018-04-28
672,002851,麦格米特,15156788.34,18.259314186098,259141418.65,27.4260774269,179898819.96,15025338.47,44512928.07,1115660.98,240424686.25,19763991.59,24276522.98,2018-04-28
673,002850,科达利,41930981.13,5.647957944351,341522283.55,4.9509214203,249172146.75,3388924.49,30131277.75,6580196.18,292571151.35,48951132.2,49414350.85,2018-04-28
674,002819,东方中科,-2461754.41,-234.892004479322,130726804.51,11.4973475259,114829899.44,8872680.79,9267939.69,-121517.93,133026490.63,-2149430.88,-2149430.88,2018-04-28
675,002808,*ST恒久,6464398.2,26.760069814691,64515620.08,41.8437947343,48480729.49,2014176.79,6452734.7,423751.2,57765197.66,7479690.8,7559690.8,2018-04-28
676,002806,华锋股份,3473340.42,12.311100605194,91889010.29,33.9145189041,75732165.61,2781180.3,9348534.45,927590.21,89071178.02,2817832.27,4007541.85,2018-04-28
677,002791,坚朗五金,2794286.84,315.867445161025,532810684.31,16.8555932646,333645506.17,128423888.44,61130495.11,-2923450.95,535629653.47,-1671692.98,2860769.79,2018-04-28
678,002790,瑞尔特,33855381.57,8.118880877632,192980081.69,12.8036287001,125501140.56,6657743.37,18068433.39,398844.33,153019301.76,39960779.93,40898356.97,2018-04-28
679,002785,万里石,3507535.97,33.156479930909,175247152.81,25.6323457182,135599426.92,15771541.43,10916038.79,4530106.5,165636526.52,9880274.49,9884318.28,2018-04-28
680,002780,三夫户外,-2957786.08,-617.527504473184,71777700.06,15.8701077034,41520150.0,21272148.42,12413266.45,1249053.09,76599526.03,-4406835.01,-4201791.47,2018-04-28
681,002762,*ST金比,17066513.7,17.164040232901,89013400.88,9.0942213257,42602789.75,15468609.63,9413704.3,-1069985.06,67558798.06,23399151.11,23090004.93,2018-04-28
682,002758,浙农股份,10160055.81,10.043529374367,325886388.7,6.1298518112,285626389.55,12677529.05,12457772.09,689809.74,313360116.62,12699235.98,13043409.54,2018-04-28
683,002749,国光股份,39132301.73,20.474469399664,141085574.17,15.5966295424,63176912.38,20868074.18,10822443.43,-505666.28,97362059.04,45462571.57,45579566.39,2018-04-28
684,002743,富煌钢构,7063839.25,10.003881088779,483518661.08,1.2496694076,435746678.16,6793294.2,21705442.42,20594105.07,475968613.65,7580177.9,10149937.89,2018-04-28
685,002739,万达电影,473912458.78,2.264077346294,3331385155.06,10.007290351,2224881267.86,168370109.42,249295711.67,25185414.38,2783348510.02,582152737.19,585600631.71,2018-04-28
686,002734,利民股份,50717207.31,74.248838674477,344315334.79,35.290114626,249403749.35,15325558.9,22094100.03,2806618.37,300913120.31,55351883.43,56345973.18,2018-04-28
687,002728,特一药业,18713758.91,-6.199451966972,151686751.48,-3.4522860687,82326986.31,25012540.65,17878072.2,3776408.74,130061569.34,21625182.14,21658420.25,2018-04-28
688,002726,龙大美食,77319674.83,39.930968414904,1476005324.37,22.9099933648,1331602159.65,36133124.05,28346210.38,-2198876.17,1397846605.77,81283900.86,81765387.82,2018-04-28
689,002725,跃岭股份,8110113.64,-35.5792104427,172986353.97,26.6864809095,140467433.34,4602124.77,13240290.84,1319008.44,163773046.19,9653523.06,9653525.2,2018-04-28
690,002723,小崧股份,3291928.08,-49.574201504741,276923846.77,40.4437449854,254597381.75,2976423.69,11405654.15,2223518.08,273951369.76,3781082.48,3781045.98,2018-04-28
691,002717,ST岭南,47830707.35,68.120266727678,517676876.57,28.3721208916,354326516.64,3240357.18,96051978.47,2969434.99,461571078.09,56125879.25,56311907.53,2018-04-28
692,002698,博实股份,14875215.38,37.392888692492,126422632.73,30.9616341153,80366922.39,13096662.85,22788149.44,111793.87,118677893.01,17685999.11,16711499.11,2018-04-28
693,002695,煌上煌,35269959.9,85.879362759813,336220837.3,13.1816852929,217957017.41,34707591.07,40627569.14,-338251.98,296401449.8,41520620.36,43339090.52,2018-04-28
694,002686,亿利达,16522003.81,-36.432529062528,215646732.89,36.6813920203,145829887.86,18123774.28,26585201.09,1990136.91,191950503.49,23679211.29,23756958.52,2018-04-28
695,002677,浙江美大,41214705.02,44.008583463576,143634159.05,51.8704713822,63216135.8,11044060.89,24352303.91,-844715.56,99856394.12,48450745.32,48449878.44,2018-04-28
696,002669,康达新材,23659193.01,-19.549664731667,119240261.53,-16.1942272922,72433533.31,10758146.7,10130244.61,-616665.76,94342712.89,24897548.64,25597268.73,2018-04-28
697,002664,信质集团,56956743.45,18.495191349565,506861929.1,35.7583476007,387857971.67,14145305.78,33779327.86,1572074.03,441049111.47,67723450.9,67764544.11,2018-04-28
698,002663,普邦股份,7270381.7,-22.284936411139,600738250.3,38.2123454033,494619551.56,3476483.14,67709896.98,11897036.76,577856074.94,21058911.06,22639470.21,2018-04-28
699,002654,万润科技,26365685.39,217.83707941257,466919192.3,147.5750859231,368547928.54,20112905.21,42218781.63,-31243.23,441372790.82,26850353.11,32621183.01,2018-04-28
700,002650,ST加加,59151511.44,7.589999924702,524345780.87,3.6268141274,375802444.98,43075312.27,24081931.54,2509643.46,451327821.1,73660381.83,74265354.47,2018-04-28
701,002640,跨境通,159378785.51,82.050643460984,2650279848.93,50.7188851817,1343528801.02,1012399116.99,48927798.88,17640921.86,2422350264.34,227183637.59,227680242.62,2018-04-28
702,002639,雪人集团,1311310.88,107.383287092961,180871652.24,115.4474732626,126097495.8,14535734.96,27404304.11,9187175.62,180902687.01,2293947.45,2102645.07,2018-04-28
703,002638,勤上股份,43877350.13,38.353571201483,306315848.2,14.786530404,201076627.0,26864280.71,26318108.21,-1975412.65,253926249.74,52733320.03,52626667.74,2018-04-28
704,002633,申科股份,-960099.74,80.306775316001,31272921.01,-4.9428969767,22817852.1,2402054.13,6321845.62,-40698.82,32298885.56,-884882.92,-960099.74,2018-04-28
705,002631,德尔未来,45459030.88,15.314892513824,276633881.85,36.9052589404,181018857.15,20803749.37,16466076.98,280589.97,221316191.74,57276492.21,57314048.21,2018-04-28
706,002630,ST华西,18208630.52,-48.009572299804,922639737.61,2.8512239532,755457807.13,11692423.28,66983621.64,58314561.36,912205193.76,26945958.61,26029739.99,2018-04-28
707,002616,长青集团,25421114.82,-23.788136585146,486574855.16,3.2608946498,389867827.01,18794536.0,40132889.51,5199621.92,466138351.12,19989405.2,34015321.01,2018-04-28
708,002612,朗姿股份,35128112.69,29.793555189382,536006887.14,101.2843886213,245737108.42,189377457.56,70033882.97,10185410.02,523133801.74,32199075.67,31329873.51,2018-04-28
709,002611,东方精工,6717325.78,-40.184597000057,262267377.42,-11.8895859696,186291311.08,19241565.09,37136399.35,3706439.67,248203775.19,16088275.02,17401706.88,2018-04-28
710,002608,江苏国信,373838057.08,-37.96842377571,3859149008.72,-0.5884665107,3264255786.71,278376.59,75590714.63,158638808.76,3539873887.11,586433471.37,586567475.73,2018-04-28
711,002607,中公教育,24736980.39,98.999939519641,1389622836.71,-2.1717051062,1286660512.07,39894473.58,17435141.33,10846012.94,1361654864.47,27967972.24,30749289.69,2018-04-28
712,002602,世纪华通,125127280.41,3.002881830638,858461043.73,2.7943534918,586000060.15,24399908.16,79614239.41,3736297.83,703312478.85,155340824.97,156184846.71,2018-04-28
713,002600,领益智造,303706739.56,679.128537466466,1398410620.62,115.2673135626,932556887.02,30066844.05,114548183.36,10254987.18,1071807085.08,326866344.61,368459408.23,2018-04-28
714,002599,盛通股份,2608196.31,43.003617872738,222531203.75,31.5124112794,181318606.41,15059998.9,23231095.6,995734.39,222841894.51,-310456.08,4118492.31,2018-04-28
715,002594,比亚迪,605795000.0,-28.789314312314,21046138000.0,3.7509575309,16625725000.0,1058996000.0,1556914000.0,379790000.0,20209107000.0,825616000.0,1021631000.0,2018-04-28
716,002586,ST围海,-1267345.8,-132.693190282685,338502077.49,-14.8345194748,304907585.71,,20435020.93,15344405.87,340250143.36,1439217.19,1360381.5,2018-04-28
717,002581,ST未名,77249472.83,-1.366450997575,270952367.18,5.1818243545,81836604.35,77154146.26,27946058.93,-2917354.06,189610553.33,91791169.62,92912870.97,2018-04-28
718,002577,雷柏科技,11355205.27,4.154920300706,149642239.19,7.0972959022,108342332.63,16364010.59,14256337.49,-3438792.74,140326461.46,9049905.91,11069554.77,2018-04-28
719,002564,天沃科技,32406428.23,447.3636780813,3014428097.13,803.8599399036,2796591830.21,23876632.57,65468613.23,86587916.1,2956619495.89,57808601.24,62686414.67,2018-04-28
720,002562,兄弟科技,65537540.18,96.920583833683,285864834.86,7.6329760955,151914148.1,12576464.58,42634290.64,413911.57,212494192.39,78226437.94,78673072.35,2018-04-28
721,002560,通达股份,4700880.18,-54.266169271616,283272718.96,16.2908068077,257297934.41,11102703.01,16129711.63,167406.35,285160334.92,5851955.01,5665374.84,2018-04-28
722,002558,巨人网络,338987221.24,128.474741798872,748222876.0,68.8127301542,136424200.29,97886952.09,188286541.33,-27936315.73,404416496.24,340041937.3,387221353.96,2018-04-28
723,002556,辉隆股份,41582100.86,55.420257241879,2845647756.13,55.8549036732,2666085513.66,76593073.07,36176843.44,30239792.05,2819880985.28,56170168.17,57338130.86,2018-04-28
724,002555,三七互娱,433033150.06,104.992686632703,1618738028.51,36.2834081846,536044997.05,486427144.27,154185974.1,1371621.92,1195358077.81,533819179.28,542166173.68,2018-04-28
725,002552,宝鼎科技,-9861243.24,23.152159712572,44050205.81,16.8032266514,41018019.93,1162649.6,11237006.01,2095314.64,56855211.99,-11530630.44,-10409254.47,2018-04-28
726,002551,尚荣医疗,53123233.28,12.896931943575,598160670.31,18.2695257519,455483143.04,14507096.68,33237307.79,5758076.39,536862613.67,62775685.6,65725671.52,2018-04-28
727,002541,鸿路钢构,47940992.82,42.226643495707,787070279.52,18.3421335152,688850725.15,32592744.39,41092273.17,10854913.81,779245736.93,72406341.85,69771184.74,2018-04-28
728,002538,司尔特,34364879.99,-27.992979362841,487431081.94,-25.1676092645,377306960.32,39197072.13,33506974.38,8689686.46,466243551.94,41160318.64,41009523.56,2018-04-28
729,002531,天顺风能,80091272.14,14.988578277212,534921826.44,37.6998871446,364055993.56,27399376.84,40714818.87,24928496.24,461288516.25,87913764.26,90739987.21,2018-04-28
730,002522,浙江众成,19109456.73,-5.704981401106,147149547.54,23.6178798407,97885272.63,4536067.88,25959354.87,1062539.31,132294684.35,18073283.14,18832926.81,2018-04-28
731,002513,蓝丰生化,20588356.08,-35.075874747852,385878541.86,14.9096380545,281549667.72,23585612.05,36421596.52,14534997.33,361432286.21,24446255.65,24001743.83,2018-04-28
732,002512,ST达华,-22032928.1,-474.137325627036,584856202.82,-7.0662275344,510751706.81,15934326.42,69815833.42,26111505.63,623680001.67,-15006734.13,-15125781.75,2018-04-28
733,002506,协鑫集成,-125503881.26,-223.060751291406,2476766356.3,-14.8756288042,2157014393.44,115773612.38,118266989.98,161823865.13,2585536931.38,-108407671.51,-105779304.46,2018-04-28
734,002501,利源股份,104830343.83,7.585131703104,649102851.9,36.4196711025,438535743.87,1710867.34,11434927.28,62772984.94,533420464.63,115682387.27,122063179.73,2018-04-28
735,002496,*ST辉丰,148245612.3,200.257516650301,957135981.69,312.3900976675,712887698.37,30698983.92,74873203.1,18300670.92,843530678.57,174514821.73,174207852.8,2018-04-28
736,002492,恒基达鑫,11469064.21,48.379604943797,51886801.99,8.1804574164,30369330.43,,6831320.26,5815404.25,43186735.68,12274429.81,12528241.69,2018-04-28
737,002489,浙江永强,244969228.75,41.876930406719,1849272513.12,12.6919546832,1283918097.86,115788148.39,76142526.19,21356765.51,1569583914.98,287959394.37,304855820.25,2018-04-28
738,002486,嘉麟杰,-25876491.34,-60.346286748941,142070655.23,-1.3512991015,121351628.0,22200289.16,28631960.51,10188845.07,181466437.42,-35514496.38,-34909493.51,2018-04-28
739,002483,润邦股份,20904090.69,-7.547671589785,432933651.06,-36.6637232988,310370498.98,10135944.12,60166739.7,12844878.5,396176716.09,48043998.92,53065073.49,2018-04-28
740,002468,申通快递,322480308.58,33.087161979602,2176993811.82,12.9200832352,1702829167.46,14395564.62,66085590.16,-14197620.99,1782208454.03,401072326.51,438502647.79,2018-04-28
741,002446,盛路通信,57948445.91,6.871194877464,266520506.78,0.5359658376,173747379.15,9013602.17,42916388.02,1174945.88,227733645.35,50406013.57,62944691.63,2018-04-28
742,002444,巨星科技,105884971.38,-0.600472692686,747265681.46,6.9374502689,492896875.75,50561396.46,67910093.29,4985322.12,621068580.02,139660654.58,141049433.56,2018-04-28
743,002440,闰土股份,159931932.93,175.489803465547,1453037353.25,59.678458143,1071430618.67,45897829.4,108453728.63,539286.62,1246401888.54,208738604.32,209157702.96,2018-04-28
744,002429,兆驰股份,142836767.51,36.817834785454,1794632777.39,12.1540672538,1542989671.37,83836646.28,70162928.9,13678398.63,1692668040.52,148314214.24,172747614.14,2018-04-28
745,002421,达实智能,40285574.29,22.812283854434,449648354.41,-1.6390623384,326790427.63,34034321.43,43847983.61,545831.17,404559453.08,44966055.93,47827096.99,2018-04-28
746,002416,爱施德,87323470.74,52.977432991576,11474402538.62,-11.1515965145,11152732509.9,108712589.61,64568965.1,25902172.56,11384649200.04,110750472.58,111972043.2,2018-04-28
747,002413,雷科防务,26794032.94,22.220194922205,117898838.99,56.2251956179,53129990.54,3459291.43,30549223.27,-1993159.39,87334244.11,30564594.88,33478747.74,2018-04-28
748,002406,远东传动,33659292.68,14.047392976011,299913194.89,68.513907788,206796898.94,16588319.18,33919634.1,-570079.4,260353317.3,39310160.56,39268344.12,2018-04-28
749,002399,海普瑞,-12081261.64,-106.16773277184,455637144.25,-32.1279858376,344526952.77,7836170.9,106345936.58,12330288.65,474282232.39,-21483395.15,-21451443.63,2018-04-28
750,002398,垒知集团,30817899.24,-21.065390985777,340185094.43,45.5075838474,255632959.68,26930196.92,24700157.41,200029.29,311284667.03,34909361.61,36254425.67,2018-04-28
751,002388,新亚制程,9577182.68,1573.09869682475,202777498.38,22.8550603834,158410938.05,9990819.75,14366022.14,7603245.28,191735207.76,11005644.61,11790438.67,2018-04-28
752,002387,维信诺,-30015963.8,-114.652931614293,5169300.0,-92.6415601412,3692606.25,,32498543.27,5602006.34,35199764.98,-30030464.98,-30015963.8,2018-04-28
753,002385,大北农,192239079.82,39.767240899271,3967597578.44,20.9604820983,2972912841.25,407760747.58,295601906.7,29634185.47,3751114648.8,258738024.17,255719953.49,2018-04-28
754,002384,东山精密,21463177.96,17.247970543665,2835896023.97,185.0137875354,2468878542.19,70355710.64,153293343.86,96997898.16,2804439096.8,16828419.85,21931200.51,2018-04-28
755,002378,章源钨业,3480606.8,115.77737963017,410717425.09,87.096234195,365038044.23,4797858.88,23928601.64,10056320.47,406534489.4,6211605.93,6154835.88,2018-04-28
756,002371,北方华创,1603982.59,126.525255324436,414526271.0,59.7142784498,276509285.97,25503671.6,198003073.09,7106880.6,511794277.01,-97268006.01,11935837.95,2018-04-28
757,002368,太极股份,16852018.49,2.753897560572,1292823088.79,9.5581202826,1098719975.16,20218172.94,149567810.17,8738310.22,1284534255.8,7787828.66,17982353.41,2018-04-28
758,002366,融发核电,161685631.95,44.193519605035,431788667.17,69.9822279448,178828709.15,3305511.56,16992478.23,24504693.23,232467797.75,199320869.42,200385680.38,2018-04-28
759,002360,同德化工,10938796.94,166.818332576919,127182124.75,154.5559260394,74873120.74,8257780.77,24791545.79,391364.48,109799497.37,17382627.38,18774702.86,2018-04-28
760,002354,天娱数科,236019489.96,118.12223635892,639633152.34,42.7781358013,243581348.91,33508005.43,101541708.88,30976633.94,407934577.53,282288660.66,280312529.41,2018-04-28
761,002339,积成电子,-51040091.75,-48.812225359736,102081731.33,-39.1607090748,53006753.66,34704103.18,64810806.33,7340119.52,163315994.53,-57241036.81,-56150761.6,2018-04-28
762,002335,科华数据,27036865.91,17.432477721278,319896796.82,10.4124030569,201762386.4,40118216.36,51371459.07,2589788.1,298040807.68,27878879.54,32913837.89,2018-04-28
763,002330,得利斯,7720070.33,-43.795221242268,399942563.59,-14.5510679728,345186446.06,34967369.59,12440736.09,-147648.62,396077007.84,3865555.75,8161630.66,2018-04-28
764,002329,皇氏集团,16682492.05,2.789949459207,454001110.14,-2.421769946,315022271.14,53942815.31,34601101.49,22216556.47,428423280.1,24068120.34,25657792.33,2018-04-28
765,002322,理工能科,45497698.12,459.124134011611,134351872.8,109.7281267657,37859374.78,12965465.42,35016921.6,-2807846.44,85678406.11,49081486.55,51753668.86,2018-04-28
766,002314,南山控股,-74836176.09,-126.790945683192,321206314.17,-84.4992439119,255060452.0,41633615.88,90646773.43,18099930.83,408927986.3,-86422838.27,-77661177.82,2018-04-28
767,002291,遥望科技,11542551.79,25.010284831848,395765689.53,7.5488205596,175785201.72,140226577.27,29213982.39,11460771.12,380461439.27,15211527.18,16434065.73,2018-04-28
768,002284,亚太股份,43528877.63,2.250530159883,1026916255.95,21.2671247088,843348953.57,26810206.73,90372757.29,998441.68,973556421.09,48721532.03,53727298.83,2018-04-28
769,002279,久其软件,5871669.39,190.246336804137,202567069.42,16.7127483816,80795272.99,17516073.94,99245149.35,-461019.46,200465967.35,867957.34,9390280.26,2018-04-28
770,002274,华昌化工,50019237.92,1135.82248063137,1351639951.62,55.3089777913,1173298243.13,49802330.12,38510449.66,17647686.21,1293424070.33,66663581.82,68051843.11,2018-04-28
771,002272,川润股份,3183195.27,336.716214338694,160968879.39,25.818987429,126584495.06,11262211.99,18214475.28,1683910.36,159339260.3,1666164.04,2896930.73,2018-04-28
772,002270,华明装备,32722690.88,8.128358856442,195981362.47,29.1773462052,90083804.79,29320544.97,31425245.76,59308.94,156815792.81,39289720.22,42693048.14,2018-04-28
773,002263,大东南,-2398844.25,77.62935567577,221956484.39,22.0061196832,200873097.17,3116565.85,13608562.8,13493820.83,231622758.31,-9653671.18,-1976391.47,2018-04-28
774,002259,升达林业,-8684365.49,22.876905461597,269621336.0,-3.5064253152,238555088.72,2035734.54,9446784.33,15660764.34,269759587.32,-468360.83,-493378.28,2018-04-28
775,002256,兆新股份,24401697.43,25.367069757825,130376997.94,17.3470553848,82600452.35,7235207.81,13461243.28,8959456.11,113918230.74,24313905.27,24381149.42,2018-04-28
776,002252,上海莱士,222228006.21,-28.846010524561,401762465.89,-17.4815040714,142865388.32,9549137.61,63015458.82,3551678.62,215758974.17,247974867.89,265355345.37,2018-04-28
777,002251,步步高,151756036.68,21.583578077242,4745756283.51,5.7182990488,3726057319.4,686792163.27,64462598.95,18029910.74,4530893010.8,214800920.26,205598792.09,2018-04-28
778,002229,鸿博股份,-11554379.7,-14.712984023419,137562895.24,-27.2229232075,112698611.91,15549923.58,24264687.82,1454590.76,157274629.3,-19203162.32,-14764570.48,2018-04-28
779,002227,奥特迅,-7482375.73,19.226517841439,44706405.25,-25.1291892703,24379539.56,10209554.29,16495566.8,-104405.4,53828122.83,-9123228.48,-9095084.6,2018-04-28
780,002217,合力泰,207004130.62,192.614621307351,2396763786.22,41.8119261123,1974685217.98,29508145.59,176872912.04,28432264.7,2231692080.19,164907774.67,238685821.25,2018-04-28
781,002212,天融信,-30414501.34,-344.936277125823,683223442.83,69.6680663449,566522609.07,67379836.7,92578284.84,2438277.19,731207823.7,-44649902.49,-24716863.68,2018-04-28
782,002210,飞马国际,71209770.3,2.226363013714,8954577809.57,19.54531196,8793420029.52,9953496.71,31911205.18,5145744.15,8842488638.02,90906679.49,91167718.33,2018-04-28
783,002209,达意隆,2774667.67,154.216890938016,208855869.24,-9.1177011826,152447145.51,20834353.42,23988451.03,4496176.79,207553732.08,42188.68,3809010.32,2018-04-28
784,002204,大连重工,3859061.0,-46.125459884317,1019770225.86,-13.4149504672,822553620.76,39566221.4,132476382.03,6384736.5,1025605418.79,-3155897.74,2858382.24,2018-04-28
785,002201,九鼎新材,1996163.2,8.286016818557,186548175.49,15.3848137776,139788773.02,11778874.74,17250614.77,13674429.76,185477283.96,1005157.7,2898704.42,2018-04-28
786,002199,*ST东晶,1006164.99,104.853583543168,48667338.36,-3.7052527028,42178219.7,246577.73,3827484.57,737225.01,47985313.76,1006164.99,1006164.99,2018-04-28
787,002191,劲嘉股份,175648254.55,-26.12257324994,752811746.04,19.2321954609,423640944.59,18814316.87,80776320.05,1974246.24,535794264.47,221296090.66,225456173.83,2018-04-28
788,002190,成飞集成,595940.9,-55.350039379438,230788909.98,11.4735293092,173603119.83,14554613.09,44794799.82,7615288.13,243091299.5,-533678.21,-140736.7,2018-04-28
789,002184,海得控制,-17417595.67,-290.390057387473,332536978.95,2.3166824126,276342912.91,27261265.87,41524033.7,2202824.87,352651151.55,-21303248.13,-14096173.93,2018-04-28
790,002183,怡亚通,185863287.0,13.335927626881,15552167309.0,15.2635409347,14432910774.0,160806267.0,474003475.0,210968460.0,15347360684.0,217672739.0,217706273.0,2018-04-28
791,002181,粤传媒,-30089935.93,42.388246597524,194285946.39,-16.5040757805,153050993.08,55793959.8,26649747.86,-537381.72,238051657.46,-26746339.85,-31256693.07,2018-04-28
792,002180,纳思达,-858583814.32,-819.880685473847,5226611663.9,675.7532457822,4839745898.73,1043842170.63,1097343980.02,360356229.33,7359510052.67,-2115033620.91,-2095448747.25,2018-04-28
793,002170,芭田股份,5497212.24,-69.44835801963,399353670.96,7.6653405077,324387157.7,15541087.75,38991064.2,17607543.14,397913096.11,382366.86,1909539.63,2018-04-28
794,002159,三特索道,-29501412.07,-76.316549014054,91969428.86,-0.0055410234,54229955.54,5148054.88,41119094.85,13987004.09,112864319.85,-23312765.58,-22747257.26,2018-04-28
795,002156,通富微电,36029129.69,15.975304966885,1445748035.45,144.4083802819,1247660105.68,4641656.82,138087035.74,23968517.56,1414012901.76,54557872.61,55295592.55,2018-04-28
796,002154,报喜鸟,14062924.97,48.145314686751,554057024.85,16.6206510716,212258134.79,192839311.8,75816892.46,9008911.41,530173844.26,26207292.67,26528183.56,2018-04-28
797,002148,北纬科技,29379524.5,749.864320060542,133835175.08,144.4952543775,73077628.09,9512336.43,19277557.4,-258495.29,102076794.72,35095893.69,34950754.33,2018-04-28
798,002142,宁波银行,2359215000.0,16.204035493428,6433416000.0,5.8850192343,,,1923869000.0,,3573258000.0,2860158000.0,2848704000.0,2018-04-28
799,002140,东华科技,20774451.21,19.847815352678,308510971.61,19.164527552,251080281.46,4439701.53,57892871.3,-3540563.04,286176197.26,24602606.62,24555279.02,2018-04-28
800,002135,东南网架,32429953.74,69.761920460225,1531103664.79,40.8992579062,1377026410.04,6609642.96,100947170.92,26843888.74,1494800686.25,38461918.89,39064811.29,2018-04-28
801,002134,天津普林,-5727341.36,64.388813872337,93761915.83,15.9290036292,89111523.76,2226080.86,7827259.02,17293.84,99847354.79,-5728029.23,-5727329.23,2018-04-28
802,002133,广宇集团,19922619.38,4420.90841065464,763467033.55,332.893606613,619476063.04,5074214.93,15354218.25,5220002.05,705648580.08,61292602.62,61038032.9,2018-04-28
803,002132,恒星科技,30915386.79,90.081403176238,648365748.36,66.0080111105,532852583.07,26298700.9,34398310.96,11777927.61,611368011.89,37323148.84,39423520.79,2018-04-28
804,002130,沃尔核材,13627452.34,-33.611385170426,480450801.88,41.1943541587,349130001.1,45520107.16,44056566.36,26843740.93,468725973.7,11919710.82,16198477.65,2018-04-28
805,002126,银轮股份,78660775.89,39.934109925756,930148986.26,38.8056019378,684068172.36,31646305.89,96674499.97,9759118.23,838849001.56,93203917.49,99659049.4,2018-04-28
806,002120,韵达股份,278867632.84,35.366721433542,1891779780.32,42.6146967723,1349419364.84,34822119.72,130217141.18,-786733.15,1528555239.93,379689613.27,375609286.8,2018-04-28
807,002115,三维通信,-9170968.12,38.39879933516,216944477.5,22.4481002775,173403302.87,17871716.25,34898090.86,4347770.08,233558536.07,-15108895.52,-12046269.14,2018-04-28
808,002111,威海广泰,40990853.17,-0.005299389276,332808650.38,8.1448930819,217903022.55,16481611.78,42111490.07,3446270.93,285799374.92,48399348.05,49538913.43,2018-04-28
809,002110,三钢闽光,407639926.67,843.883038374662,4781119285.41,75.9130674863,4141657311.89,18701295.94,38047671.28,22611975.27,4253040935.19,542083497.04,543174379.51,2018-04-28
810,002106,莱宝高科,35424884.53,427.664272772047,750464532.13,59.64318652,638038554.35,15485902.65,47362134.23,6644442.41,706984056.88,43860558.2,48302658.31,2018-04-28
811,002103,广博股份,24338113.46,98.622705103884,457583431.97,51.5111155727,367704371.44,34086448.94,21712748.18,5015814.41,435207942.9,25506805.07,27075996.31,2018-04-28
812,002093,国脉科技,47552863.59,43.534836054013,287565942.3,13.8052843573,168733439.03,15586549.22,42444421.77,8543842.9,251960030.75,47575493.79,53620126.85,2018-04-28
813,002084,海鸥住工,16468009.24,110.408287815797,463150075.27,18.6554127089,369449711.09,11991740.1,55429478.94,8703434.29,447358185.43,15214771.95,20420522.33,2018-04-28
814,002080,中材科技,137004433.83,82.111261512127,2032202046.03,33.0864973425,1471616808.39,94100029.36,201091706.15,65656899.02,1873025945.91,157331738.55,184771376.53,2018-04-28
815,002072,凯瑞德,-2808873.69,75.412019507372,22204565.18,433.847511763,15816933.56,378394.5,2286076.68,5007532.52,23439764.39,-1825585.37,-1825585.37,2018-04-28
816,002069,獐子岛,3685228.1,139.923496841268,671651530.48,6.0936509341,555694446.79,38573908.64,33514059.34,34006305.42,666320322.05,6900227.65,2979968.7,2018-04-28
817,002067,景兴纸业,129899299.73,-20.093617418765,974213354.0,28.7380854696,731200889.49,35071851.05,49756058.1,25456416.33,849816719.46,156268941.17,156370183.27,2018-04-28
818,002061,浙江交科,92293260.26,2026.1764924887,2675950900.27,27.7002276608,2365225617.57,20167183.79,125664326.45,50146405.48,2571456919.03,105070293.13,110557968.09,2018-04-28
819,002047,*ST宝鹰,63060805.26,17.096283355924,1296693583.31,-6.5263571807,1101887799.51,6852334.06,52396938.25,23343300.0,1210523471.26,81548375.61,81957069.43,2018-04-28
820,002046,国机精工,-6499843.54,22.644093694068,285222889.48,9.905022096,211093347.69,12538325.84,49914664.54,8404204.48,290355866.33,-1187484.29,3036716.73,2018-04-28
821,002031,巨轮智能,11841074.15,-12.521703731021,175329568.47,-9.9542264704,98250921.58,6323036.8,36528861.41,17107369.86,159836156.64,27913738.78,39562136.94,2018-04-28
822,002030,达安基因,26981788.92,0.850643822809,349817482.17,4.4556603869,188837819.03,64736853.51,57207099.13,8801082.69,324606909.55,37847659.49,38192347.18,2018-04-28
823,002024,ST易购,78252000.0,126.425951816506,37377272000.0,17.3796193256,31368603000.0,4493887000.0,1169466000.0,120727000.0,37474258000.0,80308000.0,116595000.0,2018-04-28
824,002022,科华生物,43760915.3,-21.679028727301,361540226.33,5.8230561192,240349378.76,46341732.0,28175711.77,-2259271.42,312588284.15,52690221.79,52807250.8,2018-04-28
825,002021,中捷资源,-18151954.44,7.955285472107,244511510.68,20.5893165313,207193391.52,12376216.83,26331904.05,11182820.58,262885046.08,-18719269.95,-18701345.58,2018-04-28
826,002019,亿帆医药,199368699.06,45.962150093588,866283094.95,5.275147799,381582259.58,132692600.63,71853106.2,16238579.63,619714054.79,246382703.24,266074517.74,2018-04-28
827,002016,世荣兆业,9716831.21,128.003849681185,131371642.74,199.9649252296,70293542.55,3657071.59,18896911.44,-4690273.11,107575825.43,17680568.45,17645922.92,2018-04-28
828,002004,华邦健康,145049990.77,-15.7720322707,2024574397.93,33.9180189704,1457973272.43,157555581.33,165861792.51,114966450.64,1907314858.59,183626954.64,190002684.28,2018-04-28
829,002001,新和成,231742243.62,48.861675912014,1227987835.37,13.0104614823,750286845.69,41105435.86,138723498.14,17650947.59,966702689.76,277304671.9,283097031.42,2018-04-28
830,001914,招商积余,-76529074.43,51.155807266158,1010355245.59,-14.1115677676,784856100.42,26853473.58,115745331.5,102041128.15,1065435677.79,-60475362.39,-58608708.59,2018-04-28
831,001896,豫能控股,-118879958.19,-183.214485335297,1702233903.6,21.8258215072,1749954005.93,963696.21,22431753.95,96474412.53,1880967877.97,-178554221.02,-155290375.08,2018-04-28
832,001696,宗申动力,77935041.44,-13.243470552694,1358051372.02,17.9682575703,1103909532.94,61584820.49,67154878.18,18597653.63,1263303670.22,108364732.95,109025552.77,2018-04-28
833,001289,龙源电力,1135076799.39,5.731754154166,6056053098.54,15.4803910763,3802708457.14,315.09,36905221.38,715040239.93,4618572963.92,1489176187.83,1598007469.12,2018-04-28
834,000999,华润三九,374692855.17,19.953084432228,2456863818.01,15.2405760198,941121918.65,882234163.75,168723749.43,6655977.42,2041134572.89,421658722.61,444954011.87,2018-04-28
835,000998,隆平高科,231372783.37,47.788623416497,819638164.32,24.8293189961,445115419.76,53288799.17,46792027.99,-2461722.11,550772316.82,266689519.26,272876192.62,2018-04-28
836,000997,新大陆,190578302.56,207.272381477922,1169120407.07,89.3576002421,739049375.04,33538636.25,129276230.11,308744.84,951289573.02,234166735.74,239723317.75,2018-04-28
837,000995,皇台酒业,-13398708.24,-257.112649772393,9788966.37,-67.8021413256,5407970.01,5414596.62,8016795.35,1930506.7,24162250.46,-13121269.97,-13398708.24,2018-04-28
838,000988,华工科技,54920167.65,22.330220908299,926883004.67,20.480532175,696395977.84,51665818.9,87281317.2,7379046.21,866055496.67,59748579.91,65602206.74,2018-04-28
839,000981,山子高科,184476507.06,4.30985515566,2273261485.52,-27.9075303106,1605516701.55,79409403.25,261883832.98,136009124.73,2027598474.35,264604547.34,268812924.46,2018-04-28
840,000978,桂林旅游,-1539884.36,85.818759274451,120923181.55,24.0508643316,68646217.15,3427425.2,47835223.91,11406453.67,134705077.64,-9320404.53,-2549201.0,2018-04-28
841,000977,浪潮信息,71072296.54,-40.542729829751,3871784015.18,61.6060598255,3439031198.27,143002094.42,194626006.95,28506784.75,3850016607.3,76147688.42,92167013.03,2018-04-28
842,000973,佛塑科技,21683748.31,32.389573276698,610582448.5,7.671912363,475458601.46,16186271.3,69966428.23,20402352.97,597823583.81,27361493.28,29939110.31,2018-04-28
843,000972,*ST中基,-20725628.91,7.6505603045,68892620.64,-38.5284515442,64119241.68,7828506.73,11160810.27,7549943.52,90430218.14,-21537597.5,-21338663.3,2018-04-28
844,000969,安泰科技,11983503.53,-23.542967417191,1014190159.22,8.5447887841,865884725.82,31277388.48,86358592.59,18479956.21,1005971706.3,12564278.81,12909244.57,2018-04-28
845,000957,中通客车,45163776.89,-66.666998490252,875885692.06,-49.1538283319,746662039.23,55980104.73,50986128.91,4716205.6,865244509.87,53729154.18,53827698.97,2018-04-28
846,000951,中国重汽,167809635.47,370.786636982395,7137389043.47,84.7239742114,6376694806.92,208988278.44,183705143.43,50052221.15,6877284769.11,262478441.51,265585498.37,2018-04-28
847,000936,华西股份,18810960.91,156.448525266522,743535283.18,80.5851442416,676029468.02,4685812.5,28513643.02,49932027.64,764739814.89,26167304.95,28993385.01,2018-04-28
848,000933,神火股份,291581525.23,-30.644989331772,4525944334.57,32.5055794171,3386488038.19,121739902.73,124935434.76,460278199.41,4173441740.06,416745856.77,415389739.41,2018-04-28
849,000932,华菱钢铁,307563651.59,137.723246730517,17995315822.62,83.2112504058,16546630210.05,213700195.72,359673743.01,392030186.64,17629061245.41,325839391.89,357969058.49,2018-04-28
850,000931,中关村,-31397023.93,-97.439818247092,251736338.42,-3.2336014966,119889977.63,103199597.18,34598928.56,16377042.1,280967143.55,-29289673.09,-27808617.62,2018-04-28
851,000927,中国铁物,-265829726.82,-59.288668079418,350022999.0,-37.4586136576,503393192.3,62264753.36,100876758.16,-926461.09,676354295.51,-265909417.98,-265795636.65,2018-04-28
852,000917,电广传媒,101093417.7,-20.993686470993,1776046465.42,-5.2118145224,1282448497.14,173996356.45,315142314.13,97692022.51,1823912857.76,199112764.68,199879858.53,2018-04-28
853,000915,华特达因,86531123.69,85.701749771898,448311308.58,35.3316041834,135781712.15,76898971.5,30962783.54,578185.94,255907129.39,192489640.91,192410419.86,2018-04-28
854,000913,钱江摩托,21755125.15,-49.911082125744,542931953.87,8.0960954419,433851597.69,18594462.3,55092368.87,4014062.13,512209607.53,28809633.21,28985102.67,2018-04-28
855,000912,泸天化,1801993.14,104.631968149115,810241561.37,22.8107620857,689378745.02,9992331.6,57152620.99,58438365.3,816379356.94,-6173009.87,1430994.02,2018-04-28
856,000903,ST云动,119191172.72,52.280868002521,1602495993.65,72.2722062715,1324848149.68,47760067.16,69838651.54,15996010.15,1469024099.59,133471894.06,139733643.74,2018-04-28
857,000901,航天科技,21396684.11,12.485615749327,1383495272.99,20.8038417995,1098285808.34,45457602.07,198940083.47,11264652.23,1356978890.14,26553012.85,31384771.18,2018-04-28
858,000899,赣能股份,72709667.24,-51.415778503899,668758587.64,20.5464782641,567119003.12,,11978649.72,22072791.5,607571094.93,87935357.0,88011069.29,2018-04-28
859,000893,亚钾国际,-4881040.78,-329.976278782925,274319702.18,-43.7809968375,251510118.98,1744051.51,15945120.33,-2123645.75,275154499.27,-1440047.17,-1392798.8,2018-04-28
860,000889,中嘉博创,45685374.42,-5.29727503292,394606438.67,-9.691029102,293023486.22,2648655.98,46285271.86,-1275454.16,341531104.44,53583480.84,53603636.38,2018-04-28
861,000887,中鼎股份,313315064.77,32.891584663113,2428393308.9,37.0552507342,1686315715.54,105539146.44,216263789.53,20238977.49,2045605417.84,392640586.65,397508942.46,2018-04-28
862,000882,华联股份,10191175.14,-44.987470354614,228553186.42,-15.9826445989,148504594.31,82710842.14,19718576.97,51534481.26,309634299.56,20464542.68,21981131.59,2018-04-28
863,000881,中广核技,37863250.6,-20.653144871649,1143366643.91,111.7649553268,947476385.27,29657218.9,92989124.35,36059105.38,1106741894.7,54715673.43,54259397.89,2018-04-28
864,000880,潍柴重机,3763182.43,-43.509395598359,392009806.86,1.5828414225,340632835.08,19743351.9,37898278.68,-1120865.94,404467791.18,-402547.65,4561294.02,2018-04-28
865,000876,新希望,638932010.85,-3.120057375138,14614442590.06,19.4123677402,13409433274.51,358508991.17,451770538.9,53876363.17,14367164230.85,875436236.2,863341960.72,2018-04-28
866,000860,顺鑫农业,187956551.78,7.216099715395,3843313242.97,5.7687597667,2374645832.98,514791397.02,270785422.63,44607833.79,3597076371.9,246336366.14,246248990.46,2018-04-28
867,000858,五粮液,3593112440.79,23.767605561168,10158807519.1,15.1066070495,2993353291.31,1096463607.3,583795810.88,-216710540.4,5219248648.67,4950423445.97,4953232381.15,2018-04-28
868,000850,华茂股份,10930118.38,-22.035323236872,453492089.04,31.2552763751,420797266.16,10466071.72,29715925.37,31167878.3,496589835.27,-5763115.96,7526246.55,2018-04-28
869,000838,财信发展,6065925.64,-64.793606715809,84245241.74,-58.6144830029,49886539.36,8069368.84,12723489.79,1721207.47,74946120.8,11325976.93,11663009.63,2018-04-28
870,000837,秦川机床,4839870.55,116.260937102324,741871526.67,29.4513014867,623646751.97,40006242.5,71867576.84,18834770.17,761502807.58,2319030.64,13404341.24,2018-04-28
871,000833,粤桂股份,14615644.8,290.102055969251,365836542.48,-5.7513800623,297347737.57,15357397.72,32519392.1,4251756.31,359281691.96,18040504.5,18341183.81,2018-04-28
872,000823,超声电子,56489340.74,283.993009073154,949854250.48,15.3942483676,739403747.5,30157544.75,84438598.96,9306263.84,867428803.41,81945743.22,83596715.79,2018-04-28
873,000821,ST京机,12421254.75,1238.9775218517,259551663.81,11.9196315574,193720296.13,12070847.24,31705646.8,7146560.57,248023295.8,18063728.97,18378741.42,2018-04-28
874,000820,*ST节能,73139837.71,68.318307865168,150425883.42,0.7607930397,52198782.05,2944318.68,20146232.42,-12571579.67,62876736.44,87549146.98,86570839.6,2018-04-28
875,000816,智慧农业,5339980.75,-47.086867753802,517693607.6,4.2836728736,447990432.2,21012938.52,45679982.92,12633732.55,533930228.9,-4708369.03,-3585847.95,2018-04-28
876,000815,美利云,-9882784.74,57.022857390844,176308535.04,56.0234508535,161258206.3,6096607.06,20080275.9,-61778.38,188749591.5,-7992918.7,-9866222.97,2018-04-28
877,000802,北京文化,5009867.16,120.020181301439,53725123.64,19.6216854995,4887818.01,1398477.55,43735516.15,-4218153.41,47821024.96,5817865.39,5840051.1,2018-04-28
878,000800,一汽解放,161728898.81,138.220655911364,7073122522.85,65.6452061836,5267871340.63,590102323.8,498235449.58,11005121.38,6834592991.09,344817199.29,344854330.68,2018-04-28
879,000796,凯撒旅业,23222085.78,43.447888986733,1620115079.24,31.7844470515,1344821594.63,131681115.37,68661805.55,22346988.24,1570661528.39,48724173.14,48450611.06,2018-04-28
880,000793,*ST华闻,25140169.76,-85.640944989392,769399605.02,2.3056142997,464085351.81,91261346.54,106959002.6,13196145.02,686396701.76,68577132.71,68880837.44,2018-04-28
881,000783,长江证券,432248359.53,-13.954678789667,1203788277.04,0.607122107,,,679463713.44,,702688263.65,501100013.39,507304659.1,2018-04-28
882,000766,通化金马,59642863.91,17.399441803049,197130208.73,52.8098944839,56207362.3,59260320.23,28784220.61,5682839.75,157246552.88,65320584.73,68152380.46,2018-04-28
883,000759,中百集团,107439260.19,2674.04852275464,4294547114.78,-6.087262632,3394531934.68,827638803.98,135362912.55,18954270.68,4402304747.0,143825510.93,116488334.73,2018-04-28
884,000758,中色股份,91262498.13,39.722533118973,3295498819.2,34.053396457,2772466546.1,37724294.56,133473818.89,83378244.1,3068642278.92,232122637.6,237094271.89,2018-04-28
885,000757,浩物股份,12937916.36,78.126472430365,167990093.51,11.1624957618,123120067.52,6285712.14,20498626.95,699481.06,152483698.77,15176790.62,15376482.15,2018-04-28
886,000755,山西高速,-139352679.17,1.976998824813,607401844.68,-24.6782190178,622822923.56,7118955.06,81115137.55,45410041.78,748687744.87,-141285900.19,-142070674.12,2018-04-28
887,000750,国海证券,219525808.63,-33.531321196062,769240518.95,-20.2398089061,,,408437987.24,,462370507.57,306870011.38,306873591.26,2018-04-28
888,000736,*ST中地,-43020673.65,-337.29112500759,339324532.1,24.6199540278,296910164.3,33715057.31,40365784.25,19962809.77,396385493.93,-58035780.43,-57599509.52,2018-04-28
889,000735,罗牛山,86105285.11,1593.76595575654,544099793.37,222.5770209944,349226390.5,5962608.6,46727870.11,2604335.49,446047573.01,112578319.65,113380941.61,2018-04-28
890,000729,燕京啤酒,53710104.63,13.854415766084,3173460013.37,2.1183746972,2138610026.59,303178484.2,334074755.44,4351993.04,3086555651.51,87339868.71,115070037.21,2018-04-28
891,000727,冠捷科技,-249547893.9,-993.798035871483,1252838689.63,498.9180963947,1462402018.61,16615894.92,124079427.17,73337891.49,1677759242.48,-414761119.82,-413211521.93,2018-04-28
892,000716,黑芝麻,23467593.21,4.981897394788,469221632.37,7.1310743693,340623140.67,66332349.15,25074996.64,11363019.05,453430226.81,19024012.12,18843772.94,2018-04-28
893,000711,ST京蓝,-31274356.71,-427.968548269187,11710226.83,-55.8138676415,10961507.99,8828084.1,22990305.94,-303248.67,43949696.69,-32134264.38,-31862874.78,2018-04-28
894,000707,双环科技,32162930.38,540.227436715865,872984113.9,13.2740135895,669496777.22,41370186.57,47757892.09,58999049.49,835431536.4,32394883.19,36733296.78,2018-04-28
895,000701,厦门信达,41209763.27,40.391316760464,9996149445.68,43.6530403244,9671396914.29,75477960.03,80681671.88,66062625.33,9912480007.36,71788943.84,84996654.89,2018-04-28
896,000700,模塑科技,79993647.44,-16.200375166763,1041757933.73,6.2785846333,792521094.18,31273567.38,115353243.33,14936327.93,965396490.56,97367815.47,97034917.59,2018-04-28
897,000692,惠天热电,51830613.04,-45.188720874568,911426387.79,10.652034857,775245386.38,8096940.84,28185262.65,20826446.18,849637903.21,61788484.58,73732887.58,2018-04-28
898,000690,宝新能源,26256865.49,-83.631244306519,646141021.52,-16.1219431092,509550162.22,1870122.53,61203160.25,54557938.04,636044080.8,38728052.77,36628052.77,2018-04-28
899,000680,山推股份,16838469.19,7.377041068089,1616734221.23,31.4964470758,1374879723.63,82145652.99,129501277.99,32360804.58,1637771815.26,11732596.29,17000030.81,2018-04-28
900,000679,大连友谊,11342073.22,-36.457702462287,653368573.0,27.9195195203,539245720.1,15408941.54,28287597.63,32155338.41,642487921.9,9914501.17,10024967.06,2018-04-28
901,000678,襄阳轴承,3050898.7,147.678336491332,386194339.85,21.9321791282,337027035.9,14282776.63,23708685.15,2896784.77,384474923.18,1773990.52,5369482.86,2018-04-28
902,000670,盈方微,5060473.97,-70.800597979133,82934994.42,-51.1574987679,47221164.27,1356140.13,29855861.07,992969.45,79410884.05,5046381.05,5086200.47,2018-04-28
903,000669,ST金鸿,84834169.56,0.730102085189,679863956.54,7.3775959634,458262697.48,14957560.91,45903452.94,46064373.18,569480863.91,135931499.59,137512799.38,2018-04-28
904,000659,珠海中富,-10873411.58,77.962270765932,376484318.89,-0.8339798677,294572755.97,10106409.47,42766963.58,26291417.09,378858617.14,-2360294.5,-8204366.32,2018-04-28
905,000655,金岭矿业,19817061.9,124.548846414983,228271664.04,64.2031258027,152666224.48,10442852.54,33201944.85,2644760.07,204223558.42,26352313.3,26276869.24,2018-04-28
906,000652,泰达股份,-27194851.75,-1239.68208584541,3282432240.35,37.4376130892,3202406980.08,9057942.38,54071294.91,66998528.94,3339882064.73,-50576284.71,-39161267.48,2018-04-28
907,000639,西王食品,75706334.21,25.30966755411,1493120711.19,136.8841549784,937676302.55,281994189.67,60912395.08,82021022.05,1362894289.35,130211892.62,130920866.79,2018-04-28
908,000638,*ST万方,-3955350.4,-143.948914729364,29330253.86,-46.6240356924,18414224.89,2139269.2,3975530.08,3856600.08,28452475.2,-651532.7,-553913.96,2018-04-28
909,000636,风华高科,27189062.79,-10.257957108932,623049000.32,12.5527901185,486112441.86,17403888.96,86488572.59,8184498.01,597928692.0,33611323.29,32321789.39,2018-04-28
910,000628,高新发展,2350544.01,-1.191654675196,128604472.17,-46.0930218905,95456216.57,27414652.13,11084079.13,-11585053.27,124413821.07,5104787.16,5201127.2,2018-04-28
911,000626,远大控股,95902499.99,-41.970062564606,23373929161.98,96.2392125353,23075869301.42,89552877.26,55625894.89,22783274.03,23309553346.02,84053781.62,115855695.16,2018-04-28
912,000610,西安旅游,-4634196.11,40.877949761826,119387918.06,-1.3820910454,108709086.34,8500903.43,7815280.09,4172762.92,130771250.19,-5525601.81,-5328107.37,2018-04-28
913,000608,*ST阳光,-33668000.0,21.50151550478,210346000.0,76.1455751323,133329000.0,9526000.0,30301000.0,66927000.0,249130000.0,1241000.0,1219000.0,2018-04-28
914,000599,青岛双星,24615736.41,1.310623716809,1093829950.83,1.1683272424,917552008.39,64764327.56,65654796.33,15289418.44,1066222263.25,28186986.68,29167688.08,2018-04-28
915,000598,兴蓉环境,200595253.75,-11.091464829037,781635794.02,8.6454314461,460057788.83,17470288.38,45554181.86,17839771.34,559447486.84,237784452.99,237678519.64,2018-04-28
916,000597,东北制药,10875440.21,360.210721621642,1450839471.51,16.1387711736,961142552.86,258968036.63,165637077.44,35156667.74,1438782454.68,12077800.39,15818049.04,2018-04-28
917,000596,古井贡酒,407764742.43,18.533531245936,2173056581.04,17.8780564121,485600237.86,741250390.67,120878754.27,-11133240.49,1698418322.96,551410117.49,558331822.9,2018-04-28
918,000595,*ST宝实,5160761.04,219.819855959602,124365774.37,114.1356917353,107116241.47,1785637.05,10181513.96,663961.43,120967461.49,3398312.88,5160761.04,2018-04-28
919,000593,德龙汇能,2082372.14,2.470874820531,110837780.33,7.0819689646,79979523.17,7580581.04,13499197.06,3894496.45,106360788.93,3707779.69,3701556.95,2018-04-28
920,000592,平潭发展,-12842559.48,-1234.27067832773,108307302.05,-30.5728946457,97947529.8,9471174.16,22124653.62,1545689.12,133350119.67,-24828307.81,-18359368.66,2018-04-28
921,000589,贵州轮胎,115235687.88,1862.78132671303,1093874193.98,10.5633729764,944015643.32,73554491.5,65673621.26,39518908.32,1133576582.28,137452339.46,137460939.46,2018-04-28
922,000573,粤宏远A,8086044.15,6.872217738391,70951814.15,-81.0723433161,51713840.29,2109264.97,11349654.15,667565.94,68439320.1,9114794.65,9614430.06,2018-04-28
923,000567,海德股份,18518138.97,760.495644931697,39882865.8,10678.5702934976,0.0,,7965957.29,11912453.94,20121963.95,21373689.77,21373949.77,2018-04-28
924,000566,海南海药,66143165.23,12.097831989332,406547813.82,5.6255821681,189497109.48,70662386.32,43409065.2,28280973.83,337661989.57,73357882.52,74480251.29,2018-04-28
925,000564,供销大集,184336248.53,516.350930841997,6061460906.81,53.0917463107,5158078625.41,293148532.55,265989531.68,47736647.0,5818520984.26,224695552.07,225167202.73,2018-04-28
926,000563,陕国投A,118165583.73,-18.370528102778,242102081.84,-30.2792319778,,,81572776.55,,84295043.11,157807038.73,157795769.78,2018-04-28
927,000561,烽火电子,-19521564.47,-246.776356655584,131491745.81,-11.5190111774,75411602.94,7861114.95,66399865.96,455618.75,148323058.98,-16775696.73,-17693437.84,2018-04-28
928,000560,我爱我家,14505086.39,-11.833755967656,337469156.05,-22.1306669501,236648752.7,36161333.94,21908446.79,19179687.46,320710449.92,15205393.78,14315500.0,2018-04-28
929,000558,天府文旅,9123506.96,-44.98031695332,622880467.18,16.0118304108,584856243.95,6204661.51,14331814.43,8612975.6,613417747.64,8812840.75,10810556.57,2018-04-28
930,000551,创元科技,16737901.36,37.707987727653,629141267.26,15.0236556143,467014334.1,32411720.29,86689214.55,5762634.28,599623606.69,29221208.62,37383285.57,2018-04-28
931,000548,湖南投资,2538017.8,99.408480654351,45060082.49,10.1420136577,20888599.03,3986156.51,20266390.84,-3077186.98,42470782.26,2058139.73,2181711.06,2018-04-28
932,000541,佛山照明,119874574.94,11.2247740796,1093649938.81,20.9374022526,830819079.3,38400329.73,55780837.5,-5743864.2,951661802.26,144660445.35,145070738.45,2018-04-28
933,000539,粤电力A,-115409510.0,-204.899398041597,5554665288.0,26.0722324147,5232107151.0,1128943.0,135333767.0,316302545.0,5731755826.0,-104811680.0,-92607234.0,2018-04-28
934,000538,云南白药,725141944.09,16.596520070013,5908715879.97,14.2781447772,4104524267.67,869938773.08,87947585.05,-2528577.59,5106201516.61,831442087.81,837746990.87,2018-04-28
935,000529,广弘控股,23114137.04,19.385447811106,553151561.91,8.4412212726,474328807.33,28432396.29,23694336.23,-375641.92,525613028.65,33021851.02,33155267.39,2018-04-28
936,000528,柳工,118990436.73,623.094978184468,2619395123.47,14.9090049226,2000607602.8,223429245.42,163752947.4,11995347.1,2484080615.38,137672279.15,147509992.28,2018-04-28
937,000526,学大教育,9154853.4,1601.90345317987,708212456.41,11201.854699241,505743527.67,66372702.24,94899310.13,17984384.37,688509345.35,24166301.96,22275790.4,2018-04-28
938,000525,红太阳,158021308.4,465.284724185254,1223882346.52,42.5165982032,908668823.0,41134944.19,68129634.92,29665377.78,1055533964.6,169681691.08,176008783.79,2018-04-28
939,000524,岭南控股,33855226.44,3.578490407418,1450762164.94,10.8779208315,1209192386.27,110949400.3,71199640.21,7602839.72,1406902596.2,47283608.19,47394444.11,2018-04-28
940,000523,红棉股份,7453367.18,45.27074639319,2162164050.05,26.2499750043,2105868251.4,20266055.88,21412710.87,7329873.13,2155838144.43,4316728.62,8189563.48,2018-04-28
941,000518,*ST四环,10705384.53,1220.72145718413,107067159.81,81.5680970862,38974292.28,15157568.36,33759616.2,573397.96,92980082.39,14382896.3,14382596.3,2018-04-28
942,000516,国际医学,66285000.2,22.862815738066,1080094509.29,1.2303680212,866258958.63,26581372.6,72319766.79,3178275.01,983474559.58,86439722.93,87849054.76,2018-04-28
943,000507,珠海港,15263230.79,-38.97141113541,393037947.12,10.1382878381,298851680.94,18229525.51,29277580.99,25719466.8,374247146.79,22069189.97,27496035.29,2018-04-28
944,000504,*ST生物,-4897168.18,-5.107923940886,2915302.55,106.6956345173,2292215.3,624533.4,4429794.85,1606118.33,8971892.79,-5906015.48,-5876015.48,2018-04-28
945,000501,武商集团,285836460.43,11.633247178782,4672154672.96,0.8145823992,3692432524.94,515151869.55,68754102.13,3111299.28,4293961127.59,379621272.65,382064692.22,2018-04-28
946,000426,兴业银锡,92670367.83,1686.26865825698,329297303.32,356.618069295,100775739.76,1761848.81,39969571.96,35547864.68,202469539.26,128082862.52,127020724.03,2018-04-28
947,000425,徐工机械,201818831.99,1809.98213631124,5997901569.33,72.4703622021,4933608582.48,352421362.01,379361052.19,83173058.49,5829004376.72,198700628.01,222233432.93,2018-04-28
948,000423,东阿阿胶,604566156.92,11.054976472149,1676337150.97,13.031269355,489566776.2,371615093.26,97394599.59,-2594576.37,982747733.07,713316999.88,716414611.1,2018-04-28
949,000422,湖北宜化,64014934.15,377.82056754165,3355790102.01,-24.4637092366,2590532729.83,196596384.24,133099787.0,248416223.34,3347925846.94,30634895.94,83351149.03,2018-04-28
950,000419,通程控股,31592327.86,-6.064888319119,1045021217.12,1.9636603035,815088542.35,68501593.64,109182193.48,-1387870.19,1000752250.09,47411523.68,48556670.06,2018-04-28
951,000411,英特集团,21252785.28,15.617590092838,4511510976.63,9.0383872834,4276996373.44,75114716.19,55162966.95,26444790.76,4446957884.95,64569348.36,66003080.78,2018-04-28
952,000408,藏格矿业,28979408.01,-29.578164297909,218117007.91,-13.207313316,73682684.63,60793900.0,23326928.76,3964087.63,183559269.41,34557738.5,35750378.32,2018-04-28
953,000403,派林生物,19510890.14,10.399557259465,132909500.94,-19.0471726889,44516279.27,9428066.95,40961970.46,9997517.38,105121235.55,27788245.3,27815535.38,2018-04-28
954,000402,金融街,538398054.73,-30.970329343449,5251372226.82,22.0789535131,3661583022.32,84447197.7,107015894.09,248566949.99,4501184107.05,756517360.22,758929414.15,2018-04-28
955,000338,潍柴动力,1179934074.18,158.375334059272,34988300954.88,84.1342173714,27769840882.02,2429464010.99,2104699187.97,185156566.73,33091925178.14,1856755529.86,1924025436.26,2018-04-28
956,000333,美的集团,4352587000.0,11.397652365396,59988619000.0,55.4129391465,44782859000.0,6820223000.0,3178001000.0,-183364000.0,55281140000.0,5509292000.0,5589833000.0,2018-04-28
957,000166,申万宏源,971823577.6,-7.153579612085,2825409700.69,-3.8799375243,,,1469252120.99,,1505685643.59,1319724057.1,1319151250.81,2018-04-28
958,000157,中联重科,84568429.35,112.807116709458,5274912307.44,74.4524783441,3871607399.67,409200297.53,407825876.33,350060336.7,5195703129.74,46295527.33,107390776.35,2018-04-28
959,000155,川能动力,64395987.0,173.702505350383,1089844229.59,1082.6936117449,977192152.89,390078.14,4690982.79,-84910.18,984052323.6,105923505.98,105891505.98,2018-04-28
960,000153,丰原药业,9368728.4,44.119651828147,526057989.33,23.3437838873,386020886.45,75097379.24,36849092.69,7252229.53,513589336.4,14557287.9,15029283.26,2018-04-28
961,000100,TCL科技,447819923.0,71.857305299094,25424179989.0,8.4141740275,20748653201.0,2175173339.0,2146326243.0,359594206.0,25618134856.0,230781194.0,926273838.0,2018-04-28
962,000089,深圳机场,144052306.69,7.993144472263,744408708.15,2.1053684091,538624260.45,1574384.38,21545495.76,-11387181.71,565456399.78,195600861.93,195822105.27,2018-04-28
963,000078,海王生物,91897651.05,133.530000928139,4189066159.18,33.9131584073,3674217319.85,146004695.64,132114320.18,37043904.74,4006834246.75,181749405.9,181800107.17,2018-04-28
964,000070,特发信息,43843727.42,25.54083695453,1100861426.2,6.7512516833,915057377.81,25989391.45,77269202.09,15090070.78,1039446152.78,60116998.1,61710809.44,2018-04-28
965,000066,中国长城,144116433.76,213.522670310253,2415537070.22,-85.5750484992,1896882716.05,74400506.04,247640955.24,6663360.87,2254783462.58,177986149.96,214582040.28,2018-04-28
966,000060,中金岭南,218788149.09,513.489592921115,4750176286.85,61.9365312032,4206097968.24,66055631.87,113321802.46,57246587.14,4489270349.62,286877038.61,290970264.58,2018-04-28
967,000058,深赛格,31609057.25,-65.388286461226,331231936.34,-27.0075373568,227713181.01,6575647.31,29451917.0,4747437.45,275166453.65,56610079.72,58303479.57,2018-04-28
968,000039,中集集团,509681000.0,24.177963376246,14675987000.0,40.9469905928,11985518000.0,555580000.0,966224000.0,279251000.0,13885149000.0,866335000.0,882052000.0,2018-04-28
969,000036,华联控股,758411389.83,715.077749730826,1783750883.04,3656.1099178728,509918819.81,10527421.7,21026817.96,2279492.72,995413334.14,799750936.55,799663091.84,2018-04-28
970,000034,神州数码,85262046.98,1540.47575423521,12224921603.66,13430.104385573,11542747542.51,337007460.09,70158808.07,72460113.3,12127459197.09,106883710.54,109127612.39,2018-04-28
971,000027,深圳能源,112265412.16,-45.000204652476,2563060353.47,26.9308208552,2003410715.73,25939009.93,121852939.01,314416556.04,2492915683.67,137590375.21,173635182.54,2018-04-28
972,000021,深科技,116724685.77,-22.711680806537,3455898732.14,-3.3397337115,3243773216.69,10461912.93,133647210.48,-10138477.01,3389660792.31,92547232.48,153574133.99,2018-04-28
973,000016,深康佳A,26245353.83,211.3494182796,4686318957.34,15.0776218903,4023149407.98,518071670.57,135856678.53,42775464.29,4733743173.5,-81777767.43,31027327.0,2018-04-28
974,000012,南玻A,170130942.0,-16.942634744011,2284820940.0,17.2050545316,1743968864.0,70248936.0,188384691.0,67305652.0,2101721182.0,183079313.0,208391523.0,2018-04-28
975,000009,中国宝安,33472004.72,11.058361486222,1274518068.0,-8.2352984792,846291155.02,114387355.1,153251763.13,90186805.1,1233785051.62,87666529.67,106043850.31,2018-04-28
976,000008,神州高铁,9341214.28,-19.420552432463,202465470.55,-4.7967604338,123065031.69,26740504.47,73783717.03,1315094.65,217554521.17,-5856895.28,12935524.41,2018-04-28
977,000007,全新好,276892.56,-96.387352841619,11647629.54,41.3200517055,2297661.43,,9190464.62,-15398.77,11033776.52,-5248030.05,-5388385.55,2018-04-28
978,000004,*ST国华,-1177968.65,50.763846317837,10868213.63,-19.3809309643,8999060.49,855252.34,2627790.62,-276998.6,12557909.75,-1689696.12,-1689946.12,2018-04-28
979,688800,瑞可达,7193496.55,,79427223.17,,55366798.62,3724385.25,11596650.13,510040.46,72542973.09,8163019.47,8183039.33,2018-04-27
980,688680,海优新材,1762853.27,,119647730.38,,104788644.06,2531063.5,7783822.8,1642979.39,117112991.35,1606665.23,1779138.63,2018-04-27
981,688677,海泰新光,11534465.89,,40002063.79,,18707079.3,640824.84,6123680.46,901646.45,27017650.66,12984413.13,12984413.13,2018-04-27
982,688539,高华科技,2217842.16,,20230714.28,,9660006.55,1013321.27,6518968.63,359042.88,18235235.05,2452716.83,2319556.87,2018-04-27
983,688518,联赢激光,19711161.76,12.283710265182,124424663.07,44.7781276534,68330856.18,14727739.71,25289513.51,1127070.98,110185612.14,14271327.65,22193439.19,2018-04-27
984,688479,友车科技,4393079.85,,60483213.83,,37849689.94,2275406.26,16115681.67,-141057.35,56334658.0,5203021.59,5203079.84,2018-04-27
985,688410,山外山,-1250947.83,,15649935.72,,9300828.23,4071516.32,4964539.06,135116.24,18643650.88,-2993715.16,-1250947.83,2018-04-27
986,688328,深科达,-6458381.54,,17193483.82,,11895714.15,4764061.33,11306371.1,637554.07,27124448.85,-7075323.67,-6961064.3,2018-04-27
987,688180,君实生物,-60844088.49,,3635923.86,,1954100.34,144501.65,62463218.98,-702136.22,64230823.02,-60785455.81,-60783274.32,2018-04-27
988,688156,路德科技,-783038.57,,33134149.9,,26476447.45,1067574.42,5933798.38,1029580.68,34381920.31,-1213251.27,-1215022.13,2018-04-27
989,688122,西部超导,45281639.52,,255257740.53,,153838324.39,2554026.33,37060859.73,7654367.55,210170377.63,51967727.46,53143873.96,2018-04-27
990,688106,金宏气体,3885840.0,,165679429.91,,103281131.11,32659985.85,19640003.92,4280284.75,161454525.88,5148579.8,5150120.81,2018-04-27
991,688096,京源环保,18965.45,,15964504.26,,10160384.03,650056.8,2589752.14,282132.53,15607527.86,356976.4,357576.4,2018-04-27
992,688076,ST诺泰,-2324097.58,,16788987.51,,6395972.6,165935.62,10217609.5,806776.18,18030987.21,-1241999.7,-1206869.89,2018-04-27
993,605368,蓝天燃气,57281331.07,,654884774.66,,541294662.43,999750.69,25974547.09,11044350.66,580931826.54,73952948.12,74011943.04,2018-04-27
994,605305,中际联合,8626155.25,,47810296.82,,21999451.02,10238516.24,6845726.48,132726.38,37584265.13,10706379.18,10859508.59,2018-04-27
995,605183,确成股份,26193679.16,,218404392.6,,146651422.91,14069167.57,16527198.62,5614746.72,186877752.91,32128332.99,32661850.69,2018-04-27
996,603997,继峰股份,73542890.15,23.713344973729,403450611.73,35.8365122233,262238987.66,9274090.07,39574256.02,-52069.19,308842797.63,94869593.1,95064221.36,2018-04-27
997,603985,恒润股份,30420718.35,25.593259783438,176703019.07,27.6816598752,110441999.61,15038968.36,9404606.29,4206645.03,141269983.98,35565035.09,35893732.35,2018-04-27
998,603978,深圳新星,21269356.58,6.40469881796,187459333.8,23.2972058327,147460186.32,4752644.18,11345213.32,1385612.82,165366749.21,22092584.59,24309077.86,2018-04-27
999,603976,正川股份,20712943.82,,132977333.62,,91620513.85,6682906.24,7939670.58,-82503.14,110211928.68,24111929.83,24041957.1,2018-04-27
1000,603970,中农立华,17432666.19,,940856959.3,,837671773.13,42945791.81,11710770.28,14353536.32,912764273.03,28478828.31,30129140.66,2018-04-27
1001,603927,中科软,4607474.94,,871131182.78,,674593559.84,70853205.19,110003588.74,-2492234.26,867923085.59,6091811.66,6107223.5,2018-04-27
1002,603916,苏博特,34319017.28,,263554110.01,,155436269.83,38902640.3,43540880.86,10208442.53,237205248.57,26348861.44,43377661.69,2018-04-27
1003,603906,龙蟠科技,33698952.51,69.540191962713,333818433.76,44.1691144854,221589470.52,45529806.98,25449703.92,2355835.35,298280580.87,35537852.89,39894999.79,2018-04-27
1004,603887,城地香江,15301135.21,-3.207293906954,170077658.39,-0.2048611994,148298862.32,597615.37,10823031.51,166483.19,149719322.45,20657642.75,20662310.85,2018-04-27
1005,603886,元祖股份,-18969289.19,34.907398143543,266248339.34,12.520062941,104873807.65,154378841.48,28384593.21,-456351.48,289565871.47,-21349564.7,-17433632.89,2018-04-27
1006,603877,太平鸟,57356296.54,-6.638381921356,1516920071.39,11.6560419434,692829529.87,552144020.94,106244633.81,6183183.02,1462110927.28,54809144.12,72847419.02,2018-04-27
1007,603871,嘉友国际,52131099.49,,541605178.77,,468179540.47,286392.68,10695884.84,123971.34,480218661.22,61455106.57,61453224.88,2018-04-27
1008,603863,松炀资源,10556462.56,,78615585.89,,56033777.96,1215510.51,6172185.89,1889671.07,66017787.38,12597798.51,13456709.75,2018-04-27
1009,603855,华荣股份,9038336.8,84.472829455712,178396967.69,14.5991025155,78516701.91,74197114.05,20007946.36,3512121.62,171779918.97,6617048.72,9967899.09,2018-04-27
1010,603839,安正时尚,70672077.82,16.499792634488,308442713.52,18.8877784485,91212424.1,95872008.44,42816526.01,-778003.59,227183846.69,81548102.57,82339433.85,2018-04-27
1011,603833,欧派家居,55520958.91,33.31104811448,1448753071.25,20.4887080432,999605942.95,195490539.77,170930744.06,510214.11,1379317851.76,69435219.49,71127060.26,2018-04-27
1012,603828,ST柯利达,25996038.44,39.632361277109,277084892.26,-3.7075054,234856028.57,3684344.78,20755334.75,3486074.11,246596962.37,32564944.04,31447378.51,2018-04-27
1013,603826,坤彩科技,26259409.5,47.227217497883,104060334.32,27.1935314781,54739492.32,7049387.99,10550983.76,3252461.58,76958187.48,30066347.87,30066347.87,2018-04-27
1014,603825,ST华扬,3274976.42,111.626254650535,1460283664.09,51.9383899314,1285952815.65,130262126.35,21020960.73,9963522.24,1447989859.44,8724848.52,8659367.86,2018-04-27
1015,603808,歌力思,60311870.05,153.154916682259,339550851.97,88.3665918926,92689452.35,111201566.0,37071889.53,-4016857.97,254134862.18,86849053.28,85813272.45,2018-04-27
1016,603801,志邦家居,20343375.63,51.032462211703,284713120.74,37.591706478,177967393.15,52539138.88,28682770.69,-17018.55,260613674.02,24099446.72,23547934.39,2018-04-27
1017,603738,泰晶科技,15378604.43,113.725325520702,91818252.89,45.5906029491,57314220.06,1712953.62,10150616.21,1689074.81,74471725.02,20987162.13,22893307.6,2018-04-27
1018,603733,仙鹤股份,78766513.08,,600067434.79,,485240555.29,28233805.68,33298676.48,9001042.59,549784073.89,84832875.01,86566824.66,2018-04-27
1019,603730,岱美股份,137883060.44,,733022207.68,,455284485.13,45674493.7,66316825.37,4809304.45,577563309.11,161090374.16,162454437.52,2018-04-27
1020,603727,博迈科,22844886.46,-56.136252626686,221502654.88,-64.6378975664,170816456.36,1364016.2,13918618.2,-9445166.06,205250988.04,24626040.97,24347291.43,2018-04-27
1021,603722,阿科力,8397538.48,,55701209.37,,38818861.29,1502573.63,5674498.92,35743.88,46852608.22,8848601.15,9882256.88,2018-04-27
1022,603721,*ST天择,13836505.56,,74457080.47,,47822301.99,3567971.75,9993292.14,-91958.9,61462496.28,13836495.56,13836505.56,2018-04-27
1023,603709,中源家居,10098341.71,,177804683.61,,126807454.78,22515158.34,13027557.25,484878.82,165837904.13,12432428.8,12349398.8,2018-04-27
1024,603698,航天工程,31792002.97,720.291923373502,156191961.85,12.9813682502,100332038.81,2929354.94,25099777.14,-7737763.06,120124825.11,36874685.8,36877951.8,2018-04-27
1025,603685,晨丰科技,25015961.02,,164143245.48,,120485318.8,4308416.95,9805802.72,677276.11,135371755.05,28821490.43,28919938.03,2018-04-27
1026,603680,今创集团,102650704.53,-8.478903828308,540960891.62,19.5663003077,327212230.84,19969225.69,67147183.81,11655107.26,434206944.42,114991675.33,119080383.54,2018-04-27
1027,603668,天马科技,11862102.75,26.251450812121,158609586.85,19.8593972367,123402132.09,5999214.46,14175795.12,1683142.49,147953470.63,10643720.75,13928542.2,2018-04-27
1028,603663,三祥新材,10095104.76,31.288039753913,86883409.88,35.1887115541,64493388.94,3712790.37,6790982.71,-335094.16,75750823.18,11770884.17,11768994.04,2018-04-27
1029,603648,畅联股份,55126429.6,,328949635.08,,224384012.96,5820827.5,25325383.71,-1743189.98,255496478.84,73737315.36,74608482.51,2018-04-27
1030,603619,中曼石油,106560411.21,55.657629341701,374784745.36,45.3624261464,179415392.82,8857386.95,37319044.53,3140497.14,232572231.79,142423402.03,142423390.75,2018-04-27
1031,603617,君禾股份,23913459.59,16.424463054384,183604332.5,13.4666917666,132974683.82,5911763.92,11823614.82,1799628.43,156024783.49,28142711.83,28240465.82,2018-04-27
1032,603613,国联股份,2790487.67,,379537569.35,,349144772.35,14706310.62,10221336.86,541280.09,375126869.13,4410700.22,4410700.22,2018-04-27
1033,603608,天创时尚,33257199.0,188.469202841982,368009959.0,3.9112737504,158166125.0,102353980.0,53772770.0,-701564.0,323737000.0,43805999.0,45379374.0,2018-04-27
1034,603600,永艺股份,24600967.72,-13.279481831361,355547282.51,25.1248564509,282992143.47,12549567.23,30363147.35,510941.48,327445922.6,28930687.68,28926548.66,2018-04-27
1035,603599,广信股份,71816839.51,30.568290512262,495255159.13,34.1525840093,348410024.11,9704967.48,45561641.75,574202.85,410074964.01,85200058.14,85997766.17,2018-04-27
1036,603589,口子窖,327025383.88,20.799577924993,1032785093.36,16.3320548776,280966972.7,104249546.85,38829363.26,-1007110.86,605421645.76,436047518.83,436493279.39,2018-04-27
1037,603579,荣泰健康,54903887.18,10.722661160209,365569348.3,30.2846201939,220713402.47,46208884.36,24266697.21,3659209.36,295633408.82,69999467.79,70526173.27,2018-04-27
1038,603556,海兴电力,136753397.36,17.723793218749,530249339.34,55.0800667536,277379954.29,39783856.03,58202839.27,2632605.39,390734645.32,160108908.58,160509336.86,2018-04-27
1039,603535,嘉诚国际,20721163.92,141.987690151701,171253033.48,50.8308394766,127834361.43,4791167.53,15872173.31,276063.56,149526319.44,25011973.45,25211973.45,2018-04-27
1040,603527,众源新材,15960497.93,,616002430.79,,565730873.69,5471503.61,21813877.91,2491874.68,599489273.55,16513157.24,19162663.81,2018-04-27
1041,603517,ST绝味,114704713.41,37.644760244842,876144241.78,18.6774726718,572414978.15,83712023.67,57864699.36,1109651.39,725391648.58,149408593.93,152816584.68,2018-04-27
1042,603507,振江股份,26780184.02,,152694871.76,,96826893.46,13141448.72,9774475.28,3252143.79,122192271.54,30502600.22,30470075.29,2018-04-27
1043,603506,南都物业,16830907.93,,175521265.8,,131344773.74,3188895.71,16753095.61,-907728.87,153124286.47,22396979.33,22836010.67,2018-04-27
1044,603496,恒为科技,17618887.49,10.800947190577,72917469.87,12.9905632,31704248.71,1785175.94,21130386.44,257626.42,56166810.82,16714176.42,20359914.31,2018-04-27
1045,603488,展鹏科技,10489516.12,-2.206595812124,51263291.49,11.7704459411,30776300.67,3045458.7,6665694.05,-81322.2,41144736.4,12257451.33,12426860.48,2018-04-27
1046,603398,*ST沐邦,11444632.55,-23.268737407628,66732926.32,1.5627030211,45514605.26,3673048.64,6732986.38,-555788.97,56163081.41,12819344.51,13244364.57,2018-04-27
1047,603396,金辰股份,16376248.82,,109507600.54,,61247033.36,9963545.76,16173301.63,925599.69,90260033.12,19247567.42,19671282.85,2018-04-27
1048,603390,通达电气,35943607.99,,181456597.73,,119771427.32,4865736.76,9403869.58,2679712.5,139186128.65,43717109.49,43686515.45,2018-04-27
1049,603389,*ST亚振,-2540882.49,3.541279190244,90442766.24,-7.520766415,40766960.64,29038739.36,22129891.74,-611556.05,93913086.11,-3470319.87,-3026701.4,2018-04-27
1050,603380,易德龙,14280565.75,-5.17552622842,177623319.47,22.8388929561,136074005.21,2150060.97,15492231.79,792210.69,162639004.54,14984314.93,16208424.5,2018-04-27
1051,603367,辰欣药业,51236792.95,,546926167.61,,282463798.93,138934514.92,46898204.72,529687.75,487107629.76,65960758.7,66579039.81,2018-04-27
1052,603366,日出东方,16820044.78,-62.232274869129,383300515.84,-23.9872194471,250095184.59,100759839.77,29589318.71,2705260.87,389869625.46,23432349.02,21395914.54,2018-04-27
1053,603360,百傲化学,27484750.63,47.694197552828,95749447.67,15.4967669702,49117186.85,4236313.84,11541820.34,649344.1,64398542.87,31350904.8,32722097.22,2018-04-27
1054,603359,东珠生态,44397648.29,208.218300882125,239138484.04,95.9119342003,176818615.27,,15109971.99,416263.4,186805343.85,52333140.19,52048333.8,2018-04-27
1055,603326,我乐家居,-1756928.14,72.111697654158,119699475.3,103.2791357562,82372633.83,23918406.41,13435986.52,27418.4,121243061.91,-1451052.52,-1161586.85,2018-04-27
1056,603320,迪贝电气,15055040.86,,149229750.72,,122747384.65,1434755.65,6399312.72,899984.23,132007833.24,17894913.22,17894913.22,2018-04-27
1057,603319,美湖股份,19384830.52,67.47649512933,177642018.6,47.7342194696,122937768.8,10534287.04,16004059.8,1850604.58,155709860.4,22063445.86,22223145.59,2018-04-27
1058,603316,诚邦股份,15829904.87,89.120504265437,127525757.8,28.3731789367,96208951.17,,14104983.31,1666558.74,109210435.69,18315322.11,18315322.11,2018-04-27
1059,603315,福鞍股份,2358214.58,-80.296574935912,57805205.2,-29.259254975,44062686.88,1150979.1,5001949.46,3778955.12,56609145.38,1063720.19,3169251.56,2018-04-27
1060,603308,应流股份,31365927.32,43.13406081923,353848872.14,2.1371004386,229601633.58,12287452.29,45499121.57,25567706.84,326330831.61,31060996.08,31060996.08,2018-04-27
1061,603286,日盈电子,7164976.8,12.691426983179,65597355.46,26.1227613114,42401293.59,2454872.12,11819424.67,813510.16,57778698.0,7818657.46,7968336.42,2018-04-27
1062,603268,*ST松发,6840048.89,-23.548478853448,95634248.43,73.3568814754,64288206.52,6791090.4,12954003.8,2051598.69,86485834.03,9495081.87,9614323.62,2018-04-27
1063,603238,诺邦股份,8002971.68,-34.496358759771,104077281.03,-10.7538504485,84413745.06,5130582.79,7896417.37,-467045.64,97156308.27,6920972.76,9540116.6,2018-04-27
1064,603233,大参林,117239096.51,,1736766766.3,,1063816807.14,416345711.0,75277653.26,6372424.44,1576918510.76,159264141.19,159219970.92,2018-04-27
1065,603225,新凤鸣,226198578.52,188.97577673473,4646325586.81,41.744760466,4189589291.12,13177030.88,81930051.83,47735288.8,4356175308.81,291150926.44,295909468.6,2018-04-27
1066,603222,济民健康,8666820.2,27.410264252106,133224729.02,29.9046642955,76435212.59,22393622.89,16304514.2,2749077.91,121727875.63,12080270.06,11668276.53,2018-04-27
1067,603218,日月股份,56124897.58,-7.182311850607,331574599.48,2.8524729635,243349151.88,7308514.65,26182883.96,860367.91,274868961.73,56705637.75,66355065.97,2018-04-27
1068,603208,江山欧派,19385900.08,76.39259493664,180597454.87,74.1744922254,125553137.67,16114890.68,15091281.29,70993.01,159131160.23,22244665.24,22257895.56,2018-04-27
1069,603191,望变电气,13049050.87,,100216909.73,,67509442.2,7025394.35,7883578.66,2591396.36,85750279.73,14466630.0,14617542.94,2018-04-27
1070,603183,建研院,11299925.38,,90577826.78,,46876399.07,11065135.87,19565196.32,-1094.55,76781638.45,13919008.89,14261724.29,2018-04-27
1071,603169,兰石重装,-55084235.85,-457.996014719654,165393027.29,-58.4394245672,150934459.36,11630054.56,30991056.98,28676853.42,223316846.6,-57918027.79,-55560873.21,2018-04-27
1072,603166,福达股份,35043102.37,213.618953715653,337377996.03,34.6169916346,247364285.52,18339015.39,29896984.52,5623753.91,304423375.66,40746960.88,40862532.78,2018-04-27
1073,603165,荣晟环保,96933324.56,236.682540355141,477434075.91,123.8644538541,340702985.52,12394835.08,21223446.02,1891866.63,381578392.61,97749661.91,112162342.21,2018-04-27
1074,603161,科华控股,29095122.27,,206867547.55,,136787336.85,5127524.44,25576254.05,5448327.06,174192623.8,32678574.84,34164544.85,2018-04-27
1075,603160,汇顶科技,175348037.22,150.035827098576,731459424.45,90.214412853,385045566.04,43268170.39,108022584.13,1207934.47,539480427.5,191978996.95,208527561.49,2018-04-27
1076,603159,上海亚虹,8466654.63,4.295493017472,132473266.3,29.8404682856,103979185.55,4847498.71,13551612.28,183773.85,122226539.26,10837536.27,10746496.66,2018-04-27
1077,603158,腾龙股份,31890831.01,10.759954665843,223236803.03,36.6827177122,145526907.83,7252755.74,27128898.43,-510549.48,182154455.18,41847009.81,42719580.32,2018-04-27
1078,603136,天目湖,13725937.5,,87683784.95,,36322812.8,10083568.73,14810515.25,5907354.16,68619146.41,19564638.54,19588248.7,2018-04-27
1079,603131,上海沪工,18157059.94,67.089283797335,149955711.19,55.8482732466,105454411.18,9430554.34,13436330.52,557546.65,129122279.01,20841432.18,21304717.92,2018-04-27
1080,603129,春风动力,29647670.48,88.229658369049,339140720.08,38.2205220899,218817472.47,38256740.15,46000031.84,1727585.68,313873792.21,25266927.87,32899178.35,2018-04-27
1081,603118,共进股份,100784764.28,11.24673900935,1847130412.96,6.8183707782,1603032385.65,27379570.67,115703350.54,-3306652.84,1767974138.06,95185939.29,116258249.08,2018-04-27
1082,603110,东方材料,7989799.07,,80710289.47,,52368725.64,8549970.94,9064365.51,922199.78,71276657.34,9433632.13,9666384.56,2018-04-27
1083,603088,宁波精达,6982622.98,271.781224895892,65533870.04,39.5766164434,43106620.22,5508008.33,7978952.66,101523.96,58332920.49,7315493.81,7897424.41,2018-04-27
1084,603081,大丰实业,36768498.78,4.84502879262,265164732.1,1.8078409759,181742951.77,23331418.11,32851444.17,51134.34,221109843.12,44079832.58,43994301.15,2018-04-27
1085,603069,海汽集团,15919682.73,-34.940622136381,323104701.67,-2.6232749792,255915610.74,2119564.48,42473769.91,-114740.5,303261428.87,22673264.48,23831556.41,2018-04-27
1086,603059,倍加洁,17840309.3,,151781903.95,,111415075.86,10357468.93,6073598.49,1163622.05,130710547.26,23071356.69,24276736.52,2018-04-27
1087,603058,永吉股份,24749480.0,17.565340491091,80772639.43,31.6224898657,46318094.32,1354426.08,5447686.72,-372563.43,54207181.14,29178523.85,29166853.58,2018-04-27
1088,603041,美思德,17446513.45,-8.463941867174,82857255.07,13.4392393017,51281598.79,3269837.42,6582138.06,154307.03,63291893.16,20284280.69,20284280.69,2018-04-27
1089,603039,泛微网络,11576642.17,38.500566760832,107222244.05,46.2218413845,7845106.98,77308031.58,22860521.96,-168247.42,109079223.61,12492971.42,12855768.12,2018-04-27
1090,603037,凯众股份,34745853.01,117.693519372782,116350462.69,99.9217742285,59930822.29,7073947.0,7302172.57,377010.71,75176760.4,41173702.29,41116840.3,2018-04-27
1091,603036,如通股份,5836490.12,-47.198575155775,42701013.23,-21.3011905044,27055563.35,2358348.99,7995807.38,-1597238.61,36070761.37,6630251.86,7271806.16,2018-04-27
1092,603035,常熟汽饰,57152322.92,12.592089466609,323762253.75,8.5562866848,248495708.47,11158526.1,42455556.92,3683497.89,307205693.79,62454381.53,64603094.18,2018-04-27
1093,603028,赛福天,8832365.76,-10.785563010996,112507435.71,12.501964537,88888704.94,4680304.76,12787656.83,637810.01,107701370.64,5130124.52,10730329.87,2018-04-27
1094,603026,石大胜华,44687899.13,11.838822843359,1121534849.27,29.1065082628,1014961190.74,16179815.41,13579766.08,3408999.86,1053632009.92,67902839.35,68107058.63,2018-04-27
1095,603018,华设集团,49056088.23,18.690186998245,443707398.14,29.4014150792,284288102.84,32759096.72,50306772.2,1205544.3,386560310.17,59581695.93,59762038.66,2018-04-27
1096,603002,宏昌电子,9515420.33,13.736419071468,250928813.24,21.6627899444,221468385.12,8464810.63,13046416.0,-1925897.14,241982858.06,8977483.95,11410083.95,2018-04-27
1097,601998,中信银行,11389000000.0,1.6875,37782000000.0,-6.6725956669,,,9769000000.0,,22967000000.0,14815000000.0,14810000000.0,2018-04-27
1098,601968,宝钢包装,-20055344.1,-16.084524869938,946405907.81,16.7447509789,843738579.08,47670414.91,44914095.27,26520845.8,966913868.14,-18232660.19,-14881156.87,2018-04-27
1099,601966,玲珑轮胎,255305843.0,-6.670085333505,3374391799.0,51.1859305519,2598430471.0,185334003.0,212620714.0,70334224.0,3095963298.0,278708318.0,286400118.0,2018-04-27
1100,601965,中国汽研,74150684.98,22.70150583035,374319309.78,69.7204231339,254496077.11,7925403.47,32538156.05,-6627434.19,296103432.63,81358342.91,87173528.34,2018-04-27
1101,601949,中国出版,-97811453.27,-2340.22403512711,627527792.96,34.9757905739,450859126.76,72889792.3,171043801.23,2247399.17,761595365.67,-114846880.94,-114075425.26,2018-04-27
1102,601939,建设银行,70012000000.0,3.031551683541,170798000000.0,-9.1229302345,,,33602000000.0,,83543000000.0,87255000000.0,87773000000.0,2018-04-27
1103,601929,吉视传媒,65795375.23,-37.086542361187,474081711.58,-5.9314698083,279961585.12,69934719.64,75708353.35,14280419.62,442615181.98,62673684.65,62737120.5,2018-04-27
1104,601918,新集能源,182289192.01,934.466369458449,1811991272.0,51.4727548377,1043804189.52,9111633.79,110979181.37,239028913.49,1488946739.61,318512745.2,336492666.26,2018-04-27
1105,601900,南方传媒,111160779.6,0.261467183707,1169241492.7,-7.8373235749,796587566.59,111671200.84,109716861.67,-781700.23,1053334365.28,134130522.74,134061000.8,2018-04-27
1106,601886,江河集团,79699092.45,5.268283429882,2662301065.36,-3.9808983814,2284293984.44,42476895.5,229449284.47,25042324.18,2589658769.82,76170519.58,112462117.73,2018-04-27
1107,601881,中国银河,1117341620.62,10.469772742928,2964431830.77,-10.2052674836,,,1485588691.33,,1709421736.54,1255010094.23,1256851360.37,2018-04-27
1108,601828,美凯龙,904190486.04,-2.043081516644,2304278307.36,5.7606109728,665344170.03,264508062.87,205769204.38,257234646.62,1479837223.87,1316993786.2,1305881490.01,2018-04-27
1109,601788,光大证券,587211411.32,-1.593042087461,1932409010.49,-6.1426707919,,,1169698066.18,,1182502419.94,749906590.55,755066511.73,2018-04-27
1110,601766,中国中车,1151431000.0,-42.046416675512,33592333000.0,-16.7083455541,26175385000.0,1076258000.0,4356619000.0,236318000.0,32128272000.0,1570595000.0,1932144000.0,2018-04-27
1111,601718,际华集团,278369871.47,38.784416545172,5924747228.13,6.4989389362,5448803734.47,121243359.72,278933733.08,41465698.88,5912531129.66,13547027.2,372057303.18,2018-04-27
1112,601699,潞安环能,509396216.43,2307.85281238529,4502728935.45,82.6614739953,2772855403.86,39094826.37,530800372.83,186027672.23,3852248052.15,665923684.22,666131595.29,2018-04-27
1113,601688,华泰证券,1330162690.23,6.714177790074,3784371119.64,11.6529744988,,,1920760887.81,,1976470163.44,1807900956.2,1806343475.73,2018-04-27
1114,601669,中国电建,1705935686.48,5.499856396416,53272609794.56,9.0098642326,46419033996.83,172129418.86,2704717726.8,1411139683.86,51151628869.96,2322577187.93,2360773957.51,2018-04-27
1115,601665,齐鲁银行,523172700.0,5.233265082621,1261933765.0,-0.5981980436,,,364798274.0,,632878383.0,629055382.0,630609439.0,2018-04-27
1116,601628,中国人寿,6149000000.0,17.1,271734000000.0,23.5233952023,,,,,264172000000.0,7562000000.0,7545000000.0,2018-04-27
1117,601611,中国核建,109902758.51,21.654015900633,8040182507.16,4.9958415424,7335936192.55,13964130.23,412486897.27,128607525.03,7841657949.91,198951502.66,210583779.19,2018-04-27
1118,601588,北辰实业,298309361.0,62.196097453818,3036147634.0,17.7468315628,2065417682.0,112317378.0,165614490.0,62656826.0,2636947468.0,394781530.0,398107035.0,2018-04-27
1119,601515,衢州东峰,201832891.34,0.23415881246,757293356.38,12.7778018605,428390044.1,22177994.31,69803079.38,9900611.27,550488862.76,230590093.93,232629035.75,2018-04-27
1120,601399,国机重装,34997712.11,133.998136563576,1378483727.01,-41.7007718864,1235820526.21,34227811.62,114418185.01,52166720.04,1338564060.65,39919666.36,45006383.99,2018-04-27
1121,601388,怡球资源,103519432.71,770.64352103305,1199645635.45,77.4151443173,1069982801.58,9230908.8,47969764.29,4897239.19,1137070104.69,118900183.23,119241926.61,2018-04-27
1122,601368,绿城水务,66202513.31,-1.317617239665,273921063.8,4.5909603828,146171342.76,5793037.24,14573970.08,33142366.07,205151989.93,68778997.16,77902521.15,2018-04-27
1123,601360,三六零,659870000.0,-56.341862018141,2438434000.0,-4.0376716014,727450000.0,427839000.0,728355000.0,11678000.0,1939688000.0,764645000.0,796031000.0,2018-04-27
1124,601336,新华保险,1837000000.0,-7.873620862588,44595000000.0,-19.3098955977,,,,,41829000000.0,2766000000.0,2684000000.0,2018-04-27
1125,601326,秦港股份,286683854.6,,1663595599.15,,1012183870.66,,182915914.31,86263103.83,1316419002.34,373861486.2,383977732.8,2018-04-27
1126,601318,中国平安,23053000000.0,11.367149758454,265755000000.0,27.1889378857,,,,,232984000000.0,32771000000.0,32728000000.0,2018-04-27
1127,601238,广汽集团,3828578391.0,98.682804090683,16884710478.0,66.444680691,12862270132.0,897079851.0,572236420.0,36593789.0,15026896998.0,4202800952.0,4205127617.0,2018-04-27
1128,601233,桐昆股份,321500314.02,105.631834987249,6145214552.36,26.4097507826,5503575481.61,22573057.47,166260049.14,48682324.24,5753942293.6,389565907.54,404661167.13,2018-04-27
1129,601218,吉鑫科技,16986663.41,-40.513606071892,328379071.32,-9.0306148573,252813772.45,10687673.69,25728125.23,5016721.33,304050976.69,23249552.4,24099161.98,2018-04-27
1130,601216,君正集团,534012856.69,85.705286184802,1847669848.73,48.8682532417,1101822332.28,58422553.37,119287567.09,36072758.69,1345046661.07,603565641.07,609598325.05,2018-04-27
1131,601212,白银有色,23519934.56,-45.353860922014,5592472091.93,17.3949744563,5144311443.45,49765734.23,154101960.05,201924076.2,5548247077.93,121495130.89,147650963.43,2018-04-27
1132,601208,东材科技,46410422.5,232.815612680148,432977099.6,17.3678307634,329985334.79,20431809.22,54762933.47,1985656.88,411888394.12,58640448.04,57928679.29,2018-04-27
1133,601199,江南水务,46644257.65,2.560306480447,218635383.91,13.4222248769,122008452.88,17987707.33,24704833.48,-4227973.19,163266277.1,62304752.17,62185851.31,2018-04-27
1134,601198,东兴证券,302451040.43,8.460321322915,720600045.29,6.790825685,,,349329453.28,,356507667.08,364092378.21,367076750.96,2018-04-27
1135,601188,龙江交通,75761376.68,2.311471069289,112391343.08,1.940180238,43446249.45,1889728.51,12711540.91,-1315999.57,58634643.94,89110807.54,89457264.79,2018-04-27
1136,601169,北京银行,5445000000.0,3.222748815166,13606000000.0,7.1169894505,,,2895000000.0,,6803000000.0,6803000000.0,6803000000.0,2018-04-27
1137,601158,重庆水务,559147807.57,83.664635295755,876980127.43,-9.5931578826,512341274.52,19103531.62,114784420.62,21189524.84,674535208.65,561125140.09,568916429.17,2018-04-27
1138,601128,常熟银行,316320000.0,11.512604745772,1145941000.0,15.3708922173,,,442283000.0,,733423000.0,412518000.0,430760000.0,2018-04-27
1139,601117,中国化学,310252491.64,-18.846463156686,10514555391.1,-4.8528973088,9131770043.73,59384349.38,730798041.49,99181487.33,10039014260.09,494575875.7,512870579.55,2018-04-27
1140,601116,三江购物,40296451.86,26.385310291463,1048906845.1,-13.3335320318,811354433.12,161328495.43,23964244.34,-5697533.04,996568255.48,52338589.62,53896709.7,2018-04-27
1141,601113,华鼎股份,38243479.71,281.446778999227,594923263.57,74.2432440536,492063675.7,9698043.45,40947360.44,8271008.34,561453080.41,47555902.3,47555902.3,2018-04-27
1142,601111,中国国航,1466400000.0,-39.785479611694,28968982000.0,9.7775189644,23435307000.0,1528115000.0,925965000.0,496915000.0,26455261000.0,2372211000.0,2419822000.0,2018-04-27
1143,601069,西部黄金,53622101.86,46.32020973078,325978900.56,-0.7601828663,210878994.45,567931.84,32819804.76,6126040.2,260283004.16,66290997.05,65517514.41,2018-04-27
1144,601016,节能风电,99532258.16,39.972140786999,431682802.14,13.7630143637,206173633.44,,20874925.53,84495126.15,314937262.24,130042299.84,136717615.02,2018-04-27
1145,601012,隆基绿能,439574919.84,65.041216980346,2687122744.74,21.6530506672,1845290638.97,120865492.2,132079797.96,41753539.94,2177600863.0,530315175.43,533206748.71,2018-04-27
1146,601002,晋亿实业,22335701.39,1415.00029039782,529058917.91,10.3660812963,389881066.35,22538050.91,37315889.79,6371759.13,482193895.02,48159890.0,46496978.15,2018-04-27
1147,601001,晋控煤业,18159676.95,-95.858523560825,2480088168.13,75.7240233434,1019546789.74,736627234.68,192907127.2,128466359.73,2223447958.68,278437878.57,276955743.73,2018-04-27
1148,601000,唐山港,352942481.77,22.710819845079,1695991035.03,3.7904659816,1154245147.48,5759657.02,76040658.93,14323107.17,1286244671.98,452743719.85,454017428.72,2018-04-27
1149,600999,招商证券,1374516223.93,36.231976287728,2824640336.41,17.5904335239,,,1169254476.73,,1204286007.51,1620354328.9,1621005273.52,2018-04-27
1150,600996,贵广网络,52054315.18,-68.564523518686,404735255.8,-20.7489606878,269125298.97,22299782.71,69117903.17,246075.25,361891177.05,42844078.75,51772862.07,2018-04-27
1151,600995,南网储能,94807710.99,11.411896102318,586487414.45,15.7339888446,417696803.06,17582091.79,22121433.33,6744992.35,469898692.2,111520593.78,112445804.12,2018-04-27
1152,600977,中国电影,288215658.46,-0.403538358607,1807867907.07,-10.377906344,1312574650.84,22943497.06,82220936.49,-24803761.47,1422022273.45,416755920.8,418134231.22,2018-04-27
1153,600962,国投中鲁,2232640.96,-59.000622534174,211176582.84,-25.9686977161,162087763.25,21039113.59,14547744.63,5822629.29,206256462.32,4997610.42,5358659.59,2018-04-27
1154,600958,东方证券,844297461.03,99.551125490987,2128920367.14,54.155702028,,,1267250795.71,,1311165400.15,817754966.99,1097113967.67,2018-04-27
1155,600927,永安期货,279385422.08,,1977090811.13,,,,225440185.14,,1652737042.2,324353768.93,351966358.63,2018-04-27
1156,600926,杭州银行,1310175000.0,7.755288350824,3255715000.0,-5.3998788928,,,738261000.0,,1719823000.0,1535892000.0,1534869000.0,2018-04-27
1157,600919,江苏银行,2988088000.0,11.190958521189,8565132000.0,6.1297703564,,,2306436000.0,,5006824000.0,3558308000.0,3562894000.0,2018-04-27
1158,600909,华安证券,165222461.12,11.784845230858,443183419.14,4.0269202895,,,224133697.76,,226762749.36,216420669.78,218481953.52,2018-04-27
1159,600903,贵州燃气,24461619.43,,639510519.65,,511517708.34,31648856.84,57082275.57,32073551.54,637500046.38,19292340.07,24006205.16,2018-04-27
1160,600897,厦门空港,101745616.62,-0.19807345508,387813692.54,5.2005291699,224380474.15,,10802611.84,-111381.24,249471314.03,141412614.95,142000443.29,2018-04-27
1161,600893,航发动力,-90197275.85,11.195270238228,2726150957.87,6.0095483854,2227263607.48,51761451.48,428191706.78,188340607.32,2887198888.4,-156452926.88,-80324829.03,2018-04-27
1162,600892,*ST大晟,7672530.58,-60.210249768417,31191249.57,-17.2520760995,2134351.96,15200118.13,11197308.32,969668.62,29809087.82,7253400.09,8691529.78,2018-04-27
1163,600889,南京化纤,20988101.17,213.653156249612,373154991.46,4.4647655168,309746867.39,3909013.66,28540632.84,2763135.78,348177036.24,27309721.38,28065841.98,2018-04-27
1164,600887,伊利股份,1733653346.7,11.579459636306,15790266896.47,3.028480044,9800693067.45,3359030160.88,578909861.09,-14094198.28,13870269396.72,2105194310.85,2048528713.44,2018-04-27
1165,600879,航天电子,90624202.41,36.620253650239,2443179792.61,18.0320735688,2012248570.75,53437147.2,219083212.29,39102992.33,2329761160.3,113369515.33,118755406.15,2018-04-27
1166,600873,梅花生物,341433631.67,53.976356672543,2739108531.41,3.6287467048,1948799189.3,238826069.15,109737216.37,58428592.48,2398947800.37,408736538.72,406225054.45,2018-04-27
1167,600868,梅雁吉祥,8890309.25,-63.828853711072,45671798.81,-39.9056557481,25672580.24,,11190385.13,1783117.55,40541263.16,5994244.05,9634143.08,2018-04-27
1168,600867,通化东宝,210294626.66,30.162504810821,565359858.96,25.2500685941,136829707.08,122472891.01,53311541.56,4692113.14,324414400.46,245335328.63,245361707.23,2018-04-27
1169,600863,华能蒙电,-126983955.53,-4537.30517166911,2100659529.27,17.1801188449,2028866092.95,,5841270.0,229486455.92,2348361546.91,-188190342.38,-173211085.77,2018-04-27
1170,600860,京城股份,-18848577.87,37.858381245361,270438514.09,17.9033488197,252685838.31,13500785.01,23539066.13,4681992.27,298146581.61,-27206536.43,-24802628.06,2018-04-27
1171,600858,银座股份,37314162.13,-25.313415035416,3702389508.29,-0.8040695997,3068412624.21,401931810.76,67997220.36,64751722.23,3647802097.08,53335173.47,56452964.7,2018-04-27
1172,600855,航天长峰,-14338166.27,-259.535157625865,144908785.32,-14.1943883348,110619130.74,9007778.6,41499994.77,-866777.82,160493874.48,-15585089.16,-11890300.35,2018-04-27
1173,600848,上海临港,55990095.52,1717.32555039639,349203507.93,157.2668276383,195248775.45,6451685.02,22864378.14,24836404.3,271645477.3,82393572.88,84343840.88,2018-04-27
1174,600835,上海机电,238991845.15,8.95167637836,3794547830.43,0.5082420953,2976584444.52,213695958.05,246324752.13,-47618347.41,3414258723.12,446887355.66,448796234.82,2018-04-27
1175,600831,广电网络,36460260.51,-27.07073584058,575283695.04,5.0739351944,379901488.29,60586176.87,88287184.69,12407454.49,543001326.26,33374682.08,34603529.2,2018-04-27
1176,600810,神马股份,46306493.66,322.826812808334,3159382547.74,61.0420912587,2927286423.42,42226876.56,80468052.46,44663515.11,3110258582.46,73347395.26,72296032.49,2018-04-27
1177,600809,山西汾酒,467710587.29,58.702324802718,2180892582.12,48.2851818307,621940394.81,409361755.08,106288921.8,-1904406.34,1433074376.63,747818205.49,744376493.3,2018-04-27
1178,600803,新奥股份,182707155.36,301.51862646746,1772497200.85,72.7916502122,1276370044.1,33646013.93,90595280.16,118273940.02,1564721911.83,246112969.68,249426751.32,2018-04-27
1179,600802,福建水泥,-43536662.61,45.042244738829,355320662.22,69.0630288374,329386409.44,10979868.92,45516069.17,20960689.09,415602584.96,-60281922.74,-57762522.64,2018-04-27
1180,600801,华新建材,94922593.0,169.589635222226,3876399209.0,61.1670462013,3043997546.0,276379668.0,266031095.0,182809935.0,3798211477.0,82969007.0,112900651.0,2018-04-27
1181,600798,宁波海运,23381838.55,1755.19672619864,347504199.04,58.4605214937,268034892.21,,11669848.44,32616185.73,314657673.6,32865032.69,33127247.23,2018-04-27
1182,600792,云煤能源,786949.75,102.773253775802,781620603.44,11.592343377,726015529.32,5049849.82,43862706.17,16886328.46,794970106.46,-4202671.4,3752120.82,2018-04-27
1183,600790,轻纺城,93306385.05,13.122703541839,228434891.01,5.555854286,76106751.84,3266365.74,13440077.12,-3091427.67,127891785.51,125969456.12,125860116.63,2018-04-27
1184,600782,新钢股份,272044783.92,396.266107500076,10068566666.93,77.7242340216,9408482451.58,61375833.64,111974493.94,105099675.98,9743698422.34,353665175.99,355195809.54,2018-04-27
1185,600777,*ST新潮,19890899.42,239.69391713376,58516574.72,17.7150004431,29812469.62,,19092888.07,5717780.08,56929376.67,19890899.42,19890899.42,2018-04-27
1186,600775,南京熊猫,10733614.87,-71.68611229911,858126674.18,23.8960908931,748568722.73,11593161.48,97003121.94,-1780563.36,863226465.19,20573445.43,26938052.0,2018-04-27
1187,600769,祥龙电业,1051204.85,-33.01010966587,24676809.08,331.705968848,23925154.56,,595856.45,-7087.05,24590617.97,987591.29,1051986.89,2018-04-27
1188,600757,长江传媒,139678651.94,0.637609569589,2718126808.87,-10.526174913,2330868177.25,106608585.52,129704073.26,-261170.12,2604148186.56,135832430.54,136450926.4,2018-04-27
1189,600750,华润江中,109206633.94,1.550344107666,429130889.71,-10.7129673256,134730611.63,128334940.33,20042412.33,-2275914.08,291884780.32,137288998.56,130809418.98,2018-04-27
1190,600749,西藏旅游,-26255130.55,9.355536738013,7565224.55,80.8873190477,13502031.61,2412814.09,13793939.59,4567765.86,34334229.3,-26769004.75,-26767144.33,2018-04-27
1191,600746,江苏索普,46985310.29,3669.64696697018,210562114.42,50.6479844343,154371426.65,4710483.46,10008678.1,-110995.94,170861675.53,62647700.93,62647080.39,2018-04-27
1192,600745,闻泰科技,137942750.32,2291.82885434915,4372284820.3,141.9341846724,4085544577.75,37432369.02,157822526.29,-1053786.52,4294051443.81,149439179.77,155768939.43,2018-04-27
1193,600729,重庆百货,364439689.41,14.036878789398,9176910639.24,-11.6454615844,7658035996.73,750137572.44,266458750.33,14209767.73,8753797326.65,432739264.61,440324668.43,2018-04-27
1194,600725,云维股份,485234.75,100.32915773799,69736743.42,-81.0001885099,66201922.47,,2149807.71,353607.32,69251490.75,485252.67,485234.75,2018-04-27
1195,600720,中交设计,-120641205.57,37.342833977716,575970500.69,43.4305464525,528598411.56,42571705.01,90639186.77,36895173.63,721654963.24,-139358286.95,-139571455.13,2018-04-27
1196,600717,天津港,265684020.65,-2.47133137976,3476722410.59,16.464358096,2688078649.02,0.0,304778083.88,78955902.89,3078819365.09,472016076.9,472621713.67,2018-04-27
1197,600691,潞化科技,21637816.61,80.575092815491,4853285293.17,14.1572121782,4308986372.99,65954563.41,182735566.42,237173447.45,4819181280.72,33346290.05,49658108.52,2018-04-27
1198,600688,上海石化,1928852000.0,68.423828430273,22571848000.0,36.263817994,16110849000.0,121012000.0,830823000.0,-44034000.0,20351059000.0,2499643000.0,2490547000.0,2018-04-27
1199,600676,交运股份,84368361.0,9.068846718952,1940788516.27,0.2155305517,1712069095.22,22773963.55,108260257.02,5923371.03,1852445661.79,118477188.84,118477188.84,2018-04-27
1200,600667,太极实业,42132249.58,-13.123961781871,2199126593.22,17.5724172604,1870397367.46,11681705.84,163303649.17,48687088.93,2139275612.1,67988227.05,70308449.87,2018-04-27
1201,600665,天地源,8633208.7,161.32822591693,958637003.52,82.2915544531,871804107.65,27768932.84,17008138.21,-558414.53,947405576.86,11320721.34,11425328.24,2018-04-27
1202,600663,陆家嘴,449854554.55,27.604377610089,2546232052.49,85.2681324453,1189158128.59,18589294.28,42036197.0,315481372.28,1813795997.5,755790386.39,761942415.18,2018-04-27
1203,600660,福耀玻璃,692879063.0,18.832648790973,4197598309.0,17.6773719712,2344169420.0,314753365.0,609978100.0,26025477.0,3343866027.0,859452873.0,862109816.0,2018-04-27
1204,600658,电子城,19629968.71,160.730382781422,124354327.56,48.7286407607,54396609.37,3057059.17,40042644.27,-12606262.63,104514121.59,19838423.74,25823981.25,2018-04-27
1205,600648,外高桥,92370142.48,250.15977807348,1444386470.1,-0.1775471149,1109708262.26,53560256.42,104725286.49,35551995.28,1311943169.78,150874548.55,152292266.9,2018-04-27
1206,600639,浦东金桥,201074130.17,102.828020982132,444061065.09,38.7634274504,105185151.78,5545162.36,13138968.18,10745672.58,181293958.77,267811318.54,268462751.67,2018-04-27
1207,600633,浙数文化,1259751305.36,637.530085267083,652778097.14,-3.6169264137,368749483.68,71742029.63,123779502.19,-7034340.92,563684316.61,1274334489.67,1278952673.92,2018-04-27
1208,600620,天宸股份,-5651975.91,-13.925817081529,12646508.37,43.3067226152,7475114.28,,15138431.16,-963226.59,21023841.72,-6198746.64,-6071073.64,2018-04-27
1209,600619,海立股份,47412579.36,198.592203331384,2451182299.86,45.7696068654,2134492465.43,68815776.39,153899194.1,25344708.77,2391645150.67,69843579.0,71159979.41,2018-04-27
1210,600600,青岛啤酒,579311983.0,8.51396074408,7039943927.0,2.5987667218,4157021725.0,1278612090.0,262106056.0,-72319654.0,6218293284.0,881940635.0,879746130.0,2018-04-27
1211,600597,光明乳业,186976553.0,58.387132344037,5366166865.0,7.4484547506,3479115607.0,1344694805.0,159554039.0,48115764.0,5083190910.0,289547425.0,271682835.0,2018-04-27
1212,600596,新安股份,62419135.03,231.993041159389,1853839459.22,5.7869474976,1543371343.41,60806590.14,151100406.3,19568005.29,1791623003.16,66773438.9,70307904.08,2018-04-27
1213,600590,泰豪科技,24456460.49,38.908354767123,633664219.92,14.8942554889,491278520.44,42819470.31,53909617.75,18506307.67,605130933.79,24595477.88,28828763.6,2018-04-27
1214,600583,海油工程,-170255545.3,-134.186635655263,1398428109.32,-13.6720073096,1506233839.44,1020075.58,68685126.08,40506732.82,1628651889.42,-200966466.95,-179202841.91,2018-04-27
1215,600576,祥源文旅,26094095.15,112.851030183279,151713236.99,29.1837525979,94397125.41,421786.86,25022536.48,-1831670.24,123737671.45,28262446.92,29097512.15,2018-04-27
1216,600562,国睿科技,23548364.6,0.140748687909,160426990.59,6.1508741021,111934277.56,6531716.41,20054533.79,-550632.68,137124066.9,23302923.69,26994372.35,2018-04-27
1217,600558,大西洋,15403027.49,29.567691678522,481597491.03,29.5368740463,394929239.25,18497984.0,40792072.37,2589467.28,459180540.07,23624542.21,23351890.34,2018-04-27
1218,600557,康缘药业,86844327.44,5.437308135735,769185721.04,10.1515528296,196873078.83,336496639.08,110768607.65,10793751.46,669903170.15,99282550.89,104034235.4,2018-04-27
1219,600550,保变电气,23283959.32,76.710542560433,881014938.07,2.1774566022,701448774.87,28077830.93,76033272.43,61049475.03,879209203.84,15875945.05,24425199.71,2018-04-27
1220,600540,新赛股份,3616950.08,154.939627837014,202216725.3,191.1530556677,188562525.86,1731835.91,8961661.71,4121399.28,202486773.06,6538546.09,7199874.49,2018-04-27
1221,600537,亿晶光电,9378952.64,-89.962404965975,783074518.6,-35.0178257883,654086397.82,23020783.21,52687297.39,4779841.55,784069763.14,-391470.96,4352359.45,2018-04-27
1222,600536,中国软件,-88721944.6,-102.035667587851,826896522.55,15.3425510389,562580913.92,70211299.83,356322803.7,2112050.92,1012468419.76,-182517022.53,-160540836.95,2018-04-27
1223,600531,豫光金铅,48841536.57,59.451995730016,3737844510.78,27.9877295048,3573463374.51,8852883.94,20431133.53,51111135.6,3710445525.92,-24981306.25,32250292.4,2018-04-27
1224,600523,贵航股份,32943157.2,86.448639016411,915733508.42,26.9849091984,721098563.3,34209815.98,96611328.45,1064995.57,860483880.75,44347778.53,43389739.69,2018-04-27
1225,600517,国网英大,41995388.3,-45.546685991819,1139494557.08,-14.2690568306,1004087399.9,43485569.25,66064240.62,4564136.67,1126507031.23,2923737.31,63814470.32,2018-04-27
1226,600511,国药股份,233436846.23,15.177493012261,8761867869.5,9.1398591947,8161660338.01,121178047.26,84317281.26,33707744.01,8421782134.26,370498285.63,368517221.12,2018-04-27
1227,600497,驰宏锌锗,291712197.46,637.940851970679,4633677153.25,96.2848715072,3838969120.5,7892600.1,168913217.13,212773237.75,4293607719.11,360664423.49,357855477.31,2018-04-27
1228,600490,鹏欣资源,84277613.86,185.393294513256,843858637.43,43.3400419706,673272536.64,15518608.61,40179415.99,13103258.8,742786466.37,95932272.0,95932272.0,2018-04-27
1229,600489,中金黄金,88111497.24,46.010628583141,8029892644.21,43.5148554005,7145133602.7,41228122.73,380753125.08,158784965.2,7812321456.35,202359672.1,183925572.91,2018-04-27
1230,600488,津药药业,22450972.16,-36.011606488077,419142423.12,9.0146673054,299924152.89,39773887.91,37110525.85,1310884.75,386420396.32,34015910.55,34093256.51,2018-04-27
1231,600479,千金药业,27737539.41,32.275441264391,657602206.76,26.3287849489,350691408.53,202116258.81,54547406.18,-2367207.88,619073328.68,38777189.45,40305357.32,2018-04-27
1232,600463,空港股份,7948544.06,391.826901922946,169499195.9,50.4119473916,133341592.7,1679480.84,23667639.79,8539621.59,161329267.33,8195408.03,8539562.14,2018-04-27
1233,600461,洪城环境,55071170.26,-6.218309167324,730081023.71,1.3641193829,543645904.25,24746888.54,42980457.44,27115882.57,644918755.57,88346729.81,103949672.3,2018-04-27
1234,600459,贵研铂业,28215140.9,77.060589393724,3852347991.21,76.186498294,3765373876.4,10379292.61,31443557.66,15094976.24,3819167469.8,30107042.36,35467180.82,2018-04-27
1235,600452,涪陵电力,55201495.36,130.092491574783,478452247.55,60.4102230289,396982984.35,191071.34,17003792.12,6774150.27,422530571.04,56127372.2,56390315.92,2018-04-27
1236,600439,瑞贝卡,43278054.17,16.657877334952,454975936.42,2.1401347461,307052184.87,34963929.33,32874201.6,31682634.7,411344536.73,43613122.7,48384606.55,2018-04-27
1237,600436,片仔癀,226368800.01,54.367987339768,860320288.37,83.5241570451,475105171.46,73847931.91,51051037.34,515192.77,610971032.58,261571462.1,260699355.15,2018-04-27
1238,600435,北方导航,7123177.31,-16.879470269048,236546890.77,-13.7017853898,141923133.12,8775577.65,51928414.82,5108515.55,211428852.81,25118037.96,25332364.26,2018-04-27
1239,600418,江淮汽车,273569705.52,-2.188377766066,13713998800.09,-6.4490537631,12205232761.13,413493013.43,716690144.94,-56230363.85,13608299931.12,285654848.38,292295688.62,2018-04-27
1240,600409,三友化工,510487946.7,299.417027983884,5120746106.29,46.6276720724,3673570038.82,226031996.84,334126420.99,106776796.5,4402733014.42,718024210.12,717615496.04,2018-04-27
1241,600405,动力源,-26965887.98,-0.686437098386,167498285.59,6.6920704853,120775567.86,46073043.06,38824787.13,8637546.38,213174797.8,-45768460.7,-26794309.77,2018-04-27
1242,600403,大有能源,151359743.41,132.043193111074,1768855103.48,156.4535032289,1146527627.67,31829860.82,282542333.49,44367061.92,1594358851.05,169519166.09,166711827.93,2018-04-27
1243,600396,华电辽能,-47014871.15,-132.728169548973,1700859806.53,5.0020095391,1594528680.49,87691.58,43002367.14,143809236.64,1800575542.48,-75863369.63,-75143004.72,2018-04-27
1244,600395,盘江股份,263779300.0,347.85440652628,1452207300.0,95.0037685947,920287800.0,4084100.0,132411300.0,19571500.0,1157431300.0,287452300.0,311929100.0,2018-04-27
1245,600386,北巴传媒,18796267.05,-25.065280783795,856552092.76,17.294981195,702068284.7,56322818.41,65440963.29,3868327.29,833620321.21,26327498.66,26330489.98,2018-04-27
1246,600380,健康元,191591886.01,20.380652814254,2758742855.18,17.1274022988,980695291.74,1060917940.74,239680685.82,31919152.87,2363907710.06,427359245.45,449210900.43,2018-04-27
1247,600372,中航机载,-26078171.88,-151.939387567597,909894285.77,-4.2414094392,573575925.99,26453371.05,296597554.86,42926881.06,946762225.11,-20098976.49,-18585102.84,2018-04-27
1248,600368,五洲交通,128126520.48,34.901202366207,387297072.13,27.7846419628,122879692.53,16622282.84,14432617.54,64124428.19,240506839.93,146790232.2,147171690.43,2018-04-27
1249,600354,敦煌种业,273703540.3,558.534541792786,90565528.17,-15.1204355157,67864900.64,23592909.47,31809922.36,11370003.6,146871315.35,266280695.18,268138279.99,2018-04-27
1250,600336,澳柯玛,31685779.32,6.796032546069,1043031663.31,0.7695206587,795769456.35,133117213.58,61380828.88,2816083.91,1018109879.71,35095846.26,35496830.88,2018-04-27
1251,600332,白云山,484662134.09,18.407069399249,5287931179.78,4.6930840823,3206010323.47,1210938902.5,371559833.11,-28074787.65,4814504806.76,581989802.83,589860309.01,2018-04-27
1252,600331,宏达股份,47673812.38,192.862176571635,915352849.14,55.1066279409,652777868.24,29834128.51,125759454.24,30110530.46,856744644.12,101394699.49,100755711.26,2018-04-27
1253,600326,西藏天路,41558752.49,1522.37024383407,461882515.47,80.1622582194,320969567.15,4252782.51,50320119.01,10718652.97,388790631.81,73065111.64,72627382.62,2018-04-27
1254,600323,瀚蓝环境,131721767.48,23.948411274075,945284263.29,14.5731211737,663784492.16,16110072.77,55045023.08,42194779.75,785731539.48,154684361.12,182353156.08,2018-04-27
1255,600315,上海家化,110862730.52,-15.027478390759,1686166943.51,-13.0381982736,548195306.12,778706446.77,226673869.17,7518925.94,1593165355.38,122604178.61,122807374.73,2018-04-27
1256,600313,农发种业,-6554072.15,-299.076468791675,1009149826.56,-12.035105583,971401143.02,15650120.0,35531574.36,2510440.51,1026383120.94,-14517869.32,-12204070.82,2018-04-27
1257,600309,万华化学,2195059805.85,394.783503503326,11007048624.78,107.6954012618,6688903404.24,304224336.45,393700215.01,207311348.16,7731760490.28,3298144521.54,3351389735.88,2018-04-27
1258,600307,酒钢宏兴,223402205.0,183.748587750473,9119774941.83,7.2533862717,7622433046.14,367988334.13,589485191.22,240212317.33,8894743034.65,215475464.68,219201462.33,2018-04-27
1259,600301,华锡有色,-2313872.63,72.526336547023,16787409.65,-41.6337336807,15973183.65,327160.75,3586761.43,-43345.54,19903601.46,-3116191.81,-3136592.26,2018-04-27
1260,600295,鄂尔多斯,110789115.09,23.348917768016,4535582649.16,28.9171582699,3278584606.91,345402123.23,239077400.65,322798964.04,4285102524.83,263457584.13,273960725.39,2018-04-27
1261,600287,苏豪时尚,18635744.89,-11.916036662813,1271949254.06,21.159088643,1165347367.01,59362116.18,20433076.68,4130742.3,1250601354.0,23996131.71,34001766.78,2018-04-27
1262,600285,羚锐制药,68679647.12,37.48238593215,414357193.77,21.8032304168,118255904.39,179099353.76,31297074.67,1661041.52,339966541.56,76640987.21,82651088.31,2018-04-27
1263,600284,浦东建设,68450392.46,14.526993496199,409880626.33,-12.6693015062,362383064.97,393421.8,21201963.51,804923.89,385707620.46,84410018.8,84519612.92,2018-04-27
1264,600283,钱江水利,5396488.89,57.312151151971,210982192.07,9.0300509249,121257828.5,23940311.0,30664343.98,23610496.28,510311686.55,189774303.79,201068839.17,2018-04-27
1265,600280,中央商场,46447058.56,10.422776153524,1941503290.82,6.6771829043,1524847899.56,89519129.61,141166269.28,50530984.89,1842873501.27,98629789.55,87129406.67,2018-04-27
1266,600276,恒瑞医药,811847639.62,18.632440005849,3169364959.21,18.7649473169,418387039.43,1135953206.57,624604971.12,-19374166.71,2225929254.85,948389555.65,950284078.32,2018-04-27
1267,600273,嘉化能源,238357957.35,26.717922583596,1320019544.92,46.1361973194,941699603.1,13608741.24,45321641.43,6581113.15,1024782398.53,282612822.99,287593450.95,2018-04-27
1268,600269,赣粤高速,435710804.01,132.771433660092,1165649759.13,7.0758594307,636508920.77,7884280.79,41590882.53,152295452.68,842986655.95,324816888.42,602423729.9,2018-04-27
1269,600267,海正药业,6831898.06,12.50432609631,2737986619.26,14.9607658589,1985758784.08,327130701.06,205183322.47,71559096.79,2618316746.86,136103877.04,134463430.54,2018-04-27
1270,600265,ST景谷,-6283128.32,21.509430349404,15508861.99,-10.0780670913,13248857.05,67529.25,5883233.67,1594.87,19974607.64,-4455011.41,-6302330.46,2018-04-27
1271,600252,中恒集团,145764105.47,4.585893594058,409901826.82,18.3702614701,91933091.36,60474174.86,59842357.64,-7388317.31,222691417.49,187210409.33,180652441.7,2018-04-27
1272,600249,两面针,-26822614.01,41.416006707728,356546308.6,10.3173356785,277834654.54,37465919.86,37989579.91,12298449.68,369559397.01,-12983551.79,-12498256.99,2018-04-27
1273,600248,陕建股份,15169821.67,-22.524134544394,504270543.95,2.7235172057,456884344.61,2182534.14,24177203.22,-1767848.06,488509685.48,17647769.94,17770608.19,2018-04-27
1274,600236,桂冠电力,320107701.46,-56.082099301438,1803309565.81,-21.0251179965,1028755082.0,,73185797.24,242314409.72,1392525620.19,461658838.83,460118134.04,2018-04-27
1275,600232,金鹰股份,4123260.1,11.012875386194,202768058.41,-0.6647507887,176851395.42,6124570.57,13184194.73,2021896.08,195381026.67,7387031.74,6958027.19,2018-04-27
1276,600230,沧州大化,424812481.43,766.957312246404,1070922966.69,76.8052739513,475148983.9,25654423.33,55942060.07,16868360.0,589828302.09,486234264.62,486234264.62,2018-04-27
1277,600227,赤天化,-54404278.13,-133.446777099507,238285832.63,-69.5915485189,133455464.25,41996663.13,92325886.42,16354245.05,286733368.81,-48447536.18,-47527703.61,2018-04-27
1278,600217,中再资环,38321615.42,16381.6497699108,339526635.9,43.993715833,136077430.52,1518030.68,17357541.32,23844124.11,302477239.53,37049396.37,44233328.81,2018-04-27
1279,600215,派斯林,-2809077.34,86.321081758364,18251993.81,-44.8167875789,15054305.02,135589.65,11857931.7,4156248.29,20964109.59,-2666700.26,-2852722.41,2018-04-27
1280,600212,绿能慧充,4895375.07,135.022292778703,72175028.22,24.8489627096,51103263.45,248635.49,4473388.84,-10083.99,58537507.49,4853831.13,4895375.07,2018-04-27
1281,600211,西藏药业,54133906.97,169.95581298371,245669935.04,153.7892227167,57462431.19,109916632.03,9744210.06,1525808.45,182479219.67,62999762.43,59264841.87,2018-04-27
1282,600199,金种子酒,6313510.64,-77.034438920935,347840027.27,-27.0508257496,160548213.69,102835384.32,26511999.28,-10833175.9,332136370.03,15720289.45,17409023.83,2018-04-27
1283,600187,国中水务,-4846151.76,52.438740702677,90689665.26,9.9417761794,61332103.07,3163570.1,22219224.69,9871731.97,100158224.09,-11401554.44,-4510968.76,2018-04-27
1284,600179,安通控股,121113166.88,125.386548824914,1161735553.72,62.3469298405,885753460.83,3246159.93,34700646.22,46783865.36,972327991.94,189407561.78,167017535.67,2018-04-27
1285,600173,卧龙新能,29795957.24,64.873101249764,231209584.96,-28.5108077827,138135788.32,5680528.88,17686219.35,-1211063.97,187279731.91,43929853.05,44118213.84,2018-04-27
1286,600160,巨化股份,184022075.15,634.763542784712,2921385212.19,22.5953999916,2379488497.22,95744180.93,215312442.11,1368474.02,2726174225.12,214664047.76,215819278.12,2018-04-27
1287,600159,大龙地产,-17469902.96,-181.131870953686,37346918.99,-80.221899819,33438716.29,1527740.18,23446961.4,-1558388.04,55865646.81,-18518727.82,-16640653.59,2018-04-27
1288,600138,中青旅,86656589.55,9.540744473327,2041538454.83,-14.03535374,1493766078.41,235042163.1,115517684.08,17248185.59,1867498204.29,159646459.45,160166764.75,2018-04-27
1289,600115,中国东航,2818000000.0,8.301306687164,24536000000.0,4.2576697544,21484000000.0,1319000000.0,624000000.0,507000000.0,23999000000.0,2381000000.0,3605000000.0,2018-04-27
1290,600103,青山纸业,23273152.82,201.801383400285,610392794.59,20.5561624495,477859554.72,24757009.44,53790862.29,10650037.25,579588514.53,35261122.32,35015193.0,2018-04-27
1291,600101,明星电力,24719839.21,-19.416027697079,354857928.35,3.5450356276,309165782.93,1801855.32,21908025.66,-103577.79,334968653.26,27703736.83,28104892.63,2018-04-27
1292,600100,同方股份,-269103096.77,-105.172715014658,4045046225.83,-9.1738662665,3428036069.73,430536484.14,486741057.68,140832395.35,4523277516.49,-341197166.14,-307911690.85,2018-04-27
1293,600096,云天化,30121994.71,104.136670008279,16199039633.49,188.6150474954,14751966070.38,438230730.53,371259188.46,543040397.31,16118528435.35,44906768.57,91804918.56,2018-04-27
1294,600094,大名城,278424122.01,90.122209567113,871802713.13,-46.9882183194,588202908.75,51991754.04,103115772.54,142609258.02,930890929.63,374188395.25,370365266.44,2018-04-27
1295,600089,特变电工,614439097.39,10.922179485803,8167556799.54,-6.2261610103,6286619311.88,334167349.18,375918034.93,170510526.43,7327136183.64,865959082.86,897338064.07,2018-04-27
1296,600071,凤凰光学,-5200170.47,59.938051944688,169859173.74,11.0827373579,148549123.24,3464330.9,24041865.68,-78959.76,176323704.57,-4901875.92,-5107431.19,2018-04-27
1297,600067,冠城新材,294523140.84,24762.3817722023,2427489395.53,105.5658473706,1362645347.05,30543658.46,51308088.15,38871940.77,1946776042.22,513479779.19,516290772.19,2018-04-27
1298,600060,海信视像,268612460.81,-49.531598160037,6702526165.09,-5.9813534565,5737449910.8,477191573.44,236555795.62,10691344.89,6492571451.08,253194976.67,336422539.42,2018-04-27
1299,600058,五矿发展,9259723.26,-94.269603918582,11175673678.41,68.8623033698,10809348437.29,81830385.58,180131654.6,96367001.08,11496460379.85,3921738.59,19179498.58,2018-04-27
1300,600053,九鼎投资,55734284.36,82.917867899638,147439964.24,-40.4520315379,6969203.51,3283556.67,88843166.78,-1990562.46,97481704.67,64164424.34,64164424.34,2018-04-27
1301,600048,保利发展,1891441835.28,38.732548383803,17912457866.8,-5.0945031472,11043191834.16,539624849.29,626695867.61,519072861.34,14327731695.48,3659537472.86,3676612809.98,2018-04-27
1302,600038,中直股份,71013772.99,27.604615238114,2087906625.62,-14.5929137961,1821022158.99,22185480.05,168810325.9,3156439.44,1994479872.91,93224258.74,93616279.84,2018-04-27
1303,600035,楚天高速,173183543.85,26.891921445604,523658587.59,49.2914256342,249038690.98,1134188.36,35432412.43,47130116.13,335279429.68,230886046.94,232137223.14,2018-04-27
1304,600028,中国石化,16633000000.0,168.707592891761,582185000000.0,40.603679168,466318000000.0,12429000000.0,17911000000.0,827000000.0,558233000000.0,27880000000.0,27980000000.0,2018-04-27
1305,600020,中原高速,452666830.27,179.011831866346,2120875833.36,139.3130189315,1140117476.56,3729907.05,13131325.67,330198219.89,1642602643.88,566382220.86,582145306.36,2018-04-27
1306,600012,皖通高速,293545766.39,15.471950021822,716672820.56,5.8138904803,286688037.77,,15392438.89,14138582.95,312189806.31,410703027.88,411159257.9,2018-04-27
1307,600010,包钢股份,197685628.03,135.913845191443,10629547240.38,95.9176680631,9633264876.01,485269377.0,126178618.74,217788254.81,10464711850.87,179135922.36,273489134.47,2018-04-27
1308,600009,上海机场,791423544.23,23.460165972232,1895161857.28,15.7694796001,1035651783.55,2622754.58,58762611.18,-17772944.15,1086283305.0,1031950924.56,1031777073.16,2018-04-27
1309,600008,首创环保,104913340.36,9.34948872369,1769222261.66,24.7694117423,1172160549.4,14173391.55,330352934.8,174226501.26,1709410473.88,167414664.62,162855468.58,2018-04-27
1310,301575,艾芬达,8655598.63,,111428121.7,,84988367.5,4151469.47,9088345.47,2131784.38,101218488.07,10209633.63,10197383.63,2018-04-27
1311,301558,三态股份,28794440.33,,219404128.8,,118832328.41,46696803.79,14786985.7,4275661.82,184592446.48,34948001.74,33966503.74,2018-04-27
1312,301313,凡拓数创,-6040989.76,,44435824.77,,30901643.83,8557423.44,9189869.79,-71662.13,51137694.28,-6701869.51,-6546702.4,2018-04-27
1313,301263,泰恩康,10390423.7,,97713754.15,,61078376.1,10743808.4,10853858.95,1177475.61,85322856.84,12390897.31,12968754.76,2018-04-27
1314,301152,天力锂能,13854319.0,,139836201.05,,115036108.98,877503.61,5066139.62,649197.76,123406426.65,16429774.4,16424774.4,2018-04-27
1315,301030,仕净科技,-5179267.49,,10641550.42,,6487605.83,1530889.46,6838843.34,1189437.58,16274284.21,-5632733.79,-6019318.08,2018-04-27
1316,300983,尤安设计,14116743.27,,64735708.77,,29533770.65,801926.5,18555949.61,-12639.89,49405104.9,16118674.06,16658214.83,2018-04-27
1317,300898,熊猫乳品,23454930.8,,135400712.77,,95219851.1,6482189.18,7292033.25,-84427.1,109770229.35,26062829.65,26125651.54,2018-04-27
1318,300846,首都在线,7180882.97,,102784019.19,,68211935.97,7182846.02,18311676.11,210006.31,94293777.67,8908426.05,8907735.34,2018-04-27
1319,300839,博汇股份,26671060.66,,91329665.5,,47808548.12,721422.31,4791161.64,635176.51,60601141.99,30728523.51,30941080.56,2018-04-27
1320,300835,龙磁科技,14693332.75,,114922363.27,,70615889.67,7390488.1,16061486.96,3089902.8,98661869.75,17496870.8,17466246.31,2018-04-27
1321,300737,科顺股份,19361284.64,,287771890.36,,173700902.61,41521403.73,37310911.5,6005404.79,265774570.38,23536859.15,23439206.33,2018-04-27
1322,300730,科创信息,-7355346.97,,20054232.36,,12968696.48,2930641.36,12500305.41,439242.18,28122289.12,-7397706.76,-7439661.18,2018-04-27
1323,300721,怡达股份,9473517.4,,232714369.23,,192731174.69,13641359.19,10762221.44,3275716.52,222597001.69,12105556.58,11932769.72,2018-04-27
1324,300699,光威复材,64830622.75,,212115147.38,,86694446.27,2474212.13,34968384.54,4626357.29,142563816.04,73495170.25,73723035.1,2018-04-27
1325,300698,万马科技,4498262.61,,66508414.77,,36648894.05,15413713.65,8554234.06,134056.13,61399809.37,5172184.91,5292073.66,2018-04-27
1326,300697,电工合金,16710015.67,,287728754.67,,249052490.76,2631971.37,10761820.01,3557137.04,266887442.01,21181801.33,21181451.95,2018-04-27
1327,300696,爱乐达,8158170.5,,17349960.35,,5310491.0,65890.71,2855522.34,176971.51,7698984.97,9650975.38,9721725.38,2018-04-27
1328,300693,盛弘股份,19786601.51,-17.369776865687,132248096.58,14.3056543264,67845317.51,21150748.34,16217846.37,843051.95,110639523.74,21623878.39,23092920.41,2018-04-27
1329,300682,朗新科技,28095.65,100.087605081759,61132719.13,3.9175698727,28804178.24,12024978.25,29245436.45,-1430683.98,69119634.85,-1087418.54,719673.82,2018-04-27
1330,300672,国科微,-26922736.95,34.661897162639,32648236.1,-17.8481580227,17201795.16,9958611.93,40216445.0,1340172.75,68333659.76,-36627881.97,-36204906.97,2018-04-27
1331,300668,杰恩设计,10373356.46,25.342141869657,48958226.12,31.8490458698,24116558.89,3185360.72,7240995.78,134753.97,35462236.63,13495989.49,14234418.49,2018-04-27
1332,300664,鹏鹞环保,48576617.05,,131654527.9,,38089993.41,3129363.28,13851878.06,15627314.04,71191301.92,65837248.21,66466711.44,2018-04-27
1333,300659,中孚信息,-1289971.15,39.390804045003,33821297.7,5.3026821491,8437540.92,7070921.31,20282070.11,-60269.19,36985179.7,536798.57,250051.82,2018-04-27
1334,300652,雷迪克,16493915.5,58.763049166573,102063078.08,51.12578606,68431649.34,3628948.6,8835309.24,1046479.77,83166911.79,19119847.14,19738475.77,2018-04-27
1335,300648,星云股份,5637673.1,48.487369071085,39271121.81,81.9006611856,18801105.64,5398542.05,11535320.84,302198.88,36435190.84,5894623.1,5864374.63,2018-04-27
1336,300643,万通智控,8504833.68,57.113979264103,64227900.44,23.8860435714,42335972.86,2301649.76,9911310.74,248161.72,55576260.49,8687722.0,9715703.77,2018-04-27
1337,300642,透景生命,12670123.59,6.843601458432,43803767.3,24.2632771745,7804045.61,12875231.62,7940215.97,28156.21,28935997.33,15021826.84,15024259.92,2018-04-27
1338,300638,广和通,6065593.69,37.120362775066,84699894.0,27.4488081893,59455119.74,4767971.2,12597105.41,219546.48,78934225.07,6607809.59,6607809.59,2018-04-27
1339,300637,扬帆新材,10564236.59,18.736069827942,90315807.82,6.1605914803,60627353.54,1651086.88,12325220.54,1056494.86,77737962.33,12577845.49,12673856.55,2018-04-27
1340,300635,中达安,11423105.71,-4.917504937458,87998378.46,-1.1201051105,61966611.77,3035098.84,9255129.56,426855.7,76109824.56,12628348.39,13438947.89,2018-04-27
1341,300634,彩讯股份,12117480.81,,106911685.31,,54544163.87,5647090.95,29393409.94,-447376.63,92134195.18,14187812.07,14187812.07,2018-04-27
1342,300625,三雄极光,23251571.95,35.841022553674,374490708.3,31.8647458413,241861899.18,58604122.8,43217530.88,-347568.26,346898729.29,28663003.94,28959480.79,2018-04-27
1343,300614,百川畅银,21716028.32,,52226639.16,,28368575.43,,5573269.46,2082568.83,36743664.79,22295493.92,23807287.7,2018-04-27
1344,300611,美力科技,11997318.21,3.660081378376,96770678.35,17.4125848716,62791947.07,7125946.27,11434904.78,121448.63,82529454.24,14241224.11,14376245.52,2018-04-27
1345,300608,思特奇,-57299317.39,5.401205341121,62912114.05,7.2102461722,64592305.35,19189728.64,34361946.65,2905595.33,121048481.04,-58026530.83,-57548230.95,2018-04-27
1346,300604,长川科技,4187438.22,42.10306290118,20471764.04,45.9775470696,9339584.89,2930556.15,8835221.34,-407479.2,20456948.9,15146.81,4534973.13,2018-04-27
1347,300600,国瑞科技,29092272.69,30.516824355088,107510626.96,27.5449283893,49442334.8,4331263.61,15952692.58,-599694.34,74004488.22,34227632.46,34233696.6,2018-04-27
1348,300598,诚迈科技,2060878.25,41.564046647237,113428217.33,-5.4426407136,81109443.54,3850951.13,27926987.5,-33681.15,115141086.76,2512142.8,2521628.56,2018-04-27
1349,300590,移为通信,17282404.59,12.850174760324,59992091.59,2.7462748032,24105252.28,3191040.89,12892243.84,-420040.57,39730152.61,20858217.09,20923284.59,2018-04-27
1350,300578,会畅科技,4851233.21,-37.347782059511,60541067.19,5.2345000089,31187140.53,12537384.26,12793067.92,-106869.23,56477833.18,4167534.42,5508615.62,2018-04-27
1351,300573,兴齐眼药,8525379.08,13.946235018583,86693753.31,10.3050127702,18717324.89,36827582.1,17555044.95,895580.73,77285823.15,10125982.58,10125982.58,2018-04-27
1352,300572,安车检测,6767028.95,12.051276133559,70171577.85,15.7186819649,35903268.93,9862476.81,16530038.69,-1519603.73,62100918.39,8070659.46,8200796.53,2018-04-27
1353,300562,乐心医疗,9829740.47,-37.924555694849,171720831.74,9.9512399731,122951946.97,15807218.5,25788577.97,34933.81,164875664.22,8847086.71,13475791.41,2018-04-27
1354,300555,ST路通,8628179.68,-20.561512348779,74481066.55,-4.3984308456,54821544.39,4320610.83,6837904.45,470657.84,67653573.48,8013865.72,10037143.15,2018-04-27
1355,300554,三超新材,8804614.43,64.064934359506,39486631.05,54.807348709,20629042.8,1470540.63,6534102.45,194003.19,29745332.58,9741298.47,10178936.9,2018-04-27
1356,300553,集智股份,4772866.62,12.514379842127,18852311.8,4.5651969533,8575301.03,2446546.02,3614307.47,-279414.24,14886642.37,5631791.79,5650792.02,2018-04-27
1357,300552,万集科技,452830.29,-97.999744759237,66776397.71,-37.0314454186,38828615.62,13103572.73,20456884.23,-832690.45,72178671.66,-5402273.95,439062.76,2018-04-27
1358,300548,长芯博创,20115710.59,18.496332352324,88388045.33,12.0925462762,55581731.99,1093549.6,9851647.19,-361608.41,66713914.59,23572374.3,25678475.3,2018-04-27
1359,300542,新晨科技,-2940108.01,-181.537285916714,87597453.5,20.9750956819,65068375.91,5719969.36,18983374.03,-225042.78,90322283.77,-2645604.8,-2644877.16,2018-04-27
1360,300541,先进数通,-4366883.16,-3021.05499529823,90678424.41,-8.9706680383,69773925.31,9933905.96,16372768.75,563135.55,95766923.14,-5088498.73,-4877795.91,2018-04-27
1361,300539,横河精密,10059569.87,35.496489125753,99322931.0,23.4176572901,74261659.73,1682856.86,10219967.81,1111866.59,88224949.26,11087942.24,11958498.65,2018-04-27
1362,300537,广信材料,8443444.02,2.172465789885,60024448.1,2.5154614267,35662152.71,8226398.08,5710389.67,-174899.14,51628862.82,9025393.49,10084990.44,2018-04-27
1363,300535,达威股份,14039533.28,31.256187347967,70127917.66,21.6843564932,35259326.2,7792571.64,11511588.25,139234.91,55839751.17,15515243.58,16371074.56,2018-04-27
1364,300533,冰川网络,29866923.94,-33.175759880765,80439362.52,-18.0135844821,9244353.35,17495627.25,28788863.02,-7376628.4,48559033.41,31795474.03,33558880.25,2018-04-27
1365,300532,今天国际,9997365.94,82.929969370004,53671739.32,-9.4939572834,28888483.32,7216392.97,14342317.51,-298034.72,46046074.53,12738338.55,14028188.18,2018-04-27
1366,300528,幸福蓝海,22214462.14,35.196228288958,347995916.43,-4.2095150607,184439149.45,104502972.22,22835620.39,-4559899.04,327821497.85,21058474.13,24623672.12,2018-04-27
1367,300518,新迅达,19291455.66,6.94647587917,43358985.9,-10.8522457514,9463037.41,3411555.61,13350070.32,-2832275.06,23726380.79,20645755.8,22085193.62,2018-04-27
1368,300516,久之洋,22892141.97,9.467344348786,71182003.8,-8.3286164714,39252279.46,2520741.02,16021200.61,-1440385.41,58059285.01,14597718.79,25776966.51,2018-04-27
1369,300514,友讯达,8782723.59,73.07231933173,83991830.68,16.4163409081,46659079.92,16077432.27,14689242.3,1070924.33,81772685.5,2219145.18,10852076.91,2018-04-27
1370,300512,中亚股份,36702497.61,15.800000011548,135061087.95,7.461615311,70991760.44,9237304.12,15572429.89,-670224.34,97818078.17,43058473.95,43089016.58,2018-04-27
1371,300509,新美星,11873313.45,-35.96301064633,108415026.2,-10.4816888193,71621222.6,9438951.01,16691451.29,-539683.26,96627280.18,12626233.78,13894651.37,2018-04-27
1372,300507,苏奥传感,28903123.31,30.179051912618,154918067.36,11.333660686,109269190.0,3593373.46,13863888.16,-1083611.0,126672623.04,33298242.39,34752280.55,2018-04-27
1373,300506,ST名家汇,20159125.71,103.227879871738,94222034.97,78.6208711129,41523831.19,8362772.78,16409738.07,822564.57,70727076.95,23494958.02,23624455.08,2018-04-27
1374,300496,中科创达,26490996.37,-18.967801447877,222406138.99,39.0429519888,123215662.43,12134099.86,66418144.82,6842883.67,209944364.31,11946576.98,27275619.62,2018-04-27
1375,300493,润欣科技,10591068.47,16.150351223736,357474307.49,26.1943952877,318405523.82,9699308.19,12450896.71,3151237.44,344620387.0,12671920.49,12671920.49,2018-04-27
1376,300489,光智科技,2466937.61,-37.025721650832,36629100.13,12.6729681751,27436180.07,476958.73,4358973.95,543018.16,34387391.59,2849976.04,2842218.34,2018-04-27
1377,300485,赛升药业,45291597.8,-23.044997830486,108205025.96,-20.9479930299,39323392.32,13806175.03,9770157.16,-388243.45,64583098.59,52478257.36,53025771.06,2018-04-27
1378,300483,首华燃气,7091603.95,-34.890128475102,118766087.45,7.8353308235,87590952.47,10065202.2,8632285.79,2034976.92,107827836.3,10938251.15,11407845.01,2018-04-27
1379,300480,光力科技,1492577.88,24.180871662467,29875417.11,14.6936856484,19133447.98,4134554.18,9190078.28,-450727.4,28946348.02,929069.09,1723596.39,2018-04-27
1380,300474,景嘉微,13055101.37,-43.432285516831,49369356.5,-1.3923942527,12951088.52,3340117.87,17991800.18,-1784478.78,33257768.65,16180628.95,15911288.95,2018-04-27
1381,300472,*ST新元,2474532.74,77.899160426284,43875422.74,27.7451795052,28318956.12,956402.64,10484452.56,1010309.97,40981894.24,2893528.5,2988264.71,2018-04-27
1382,300466,赛摩智能,5081852.19,42.644038438786,68886273.82,58.4653433276,34007974.73,13514012.76,14252742.96,772453.91,66260531.47,6373770.42,6376546.43,2018-04-27
1383,300452,山河药辅,11662600.84,-7.313938845178,75106083.28,7.2905869035,51409169.01,5503320.06,4866232.01,-549662.61,63170000.84,12894078.44,13632533.92,2018-04-27
1384,300450,先导智能,90702001.62,86.445661619417,262016171.79,52.7557006675,144274041.99,2230951.1,32515361.97,-312490.77,178673023.12,84806266.06,106997039.32,2018-04-27
1385,300447,全信股份,26691655.84,13.695862399128,119036682.51,41.763193859,54571138.71,6051292.6,22249011.75,400842.05,88519775.54,30518281.61,33074003.68,2018-04-27
1386,300440,运达科技,11177470.68,11.426831293094,90516559.9,19.9371689757,46639884.79,8150578.14,25859376.08,-1248897.84,80160775.73,12331470.73,13349772.74,2018-04-27
1387,300436,广生堂,20399404.02,-27.658725086686,82685803.89,1.3667604771,9149008.81,26967202.56,21609536.57,-2337559.62,57116341.5,25232134.4,23511782.48,2018-04-27
1388,300433,蓝思科技,220579837.33,33.658505401393,4108446695.19,53.5413345321,3084816268.65,89219012.1,649898468.92,19842865.13,3924638783.83,198800132.44,251360010.65,2018-04-27
1389,300432,富临精工,84466299.07,59.811406599811,481598098.28,104.4363726978,325361999.87,10826651.71,37066849.42,1942021.91,387931031.38,101195564.54,100976733.24,2018-04-27
1390,300427,红相股份,-5309499.48,7.84532258948,32406227.76,13.8147583252,18530753.81,11632385.48,12908510.41,-813571.88,37924935.18,-3301443.93,-3293816.2,2018-04-27
1391,300421,力星股份,17647804.27,38.591352083445,151918140.53,28.0731040558,115941899.37,5884847.71,9787928.02,1092491.32,134817992.05,21126498.98,21347825.54,2018-04-27
1392,300420,五洋自控,9878947.3,199.990423880471,101610547.29,12.2754797606,65459306.44,8743541.4,16679575.13,-125100.04,93260862.52,9295688.08,11124205.57,2018-04-27
1393,300419,ST浩丰,15765921.56,16.559127595702,102342795.66,10.3117863997,68783591.49,4884489.64,12978281.51,-254166.67,86990854.7,16471804.47,16466804.49,2018-04-27
1394,300418,昆仑万维,191683868.63,98.188242920428,851761530.78,62.1592088963,199186077.54,153101813.18,156217752.17,25403056.97,534357577.22,321381559.1,321531533.63,2018-04-27
1395,300414,中光防雷,8090203.79,-58.242440267745,66458091.67,-33.814375867,49036279.22,2630058.32,7668368.51,-1056286.38,57991128.1,8914637.74,9173985.58,2018-04-27
1396,300412,迦南科技,6521280.51,-13.175270953398,56691606.91,16.625068369,30612317.8,8026374.19,13305751.02,-525191.31,52201734.99,4723255.51,6821014.89,2018-04-27
1397,300411,金盾股份,5759824.22,4.992856722417,65726430.01,4.3946827663,41421816.52,7799814.34,5445173.8,727069.77,59308331.59,6418098.42,6704561.91,2018-04-27
1398,300408,三环集团,232319020.81,3.3111404544,676817001.18,1.5028065296,358534735.49,10764110.71,58667514.53,6032988.11,438116170.24,260807084.23,276536640.65,2018-04-27
1399,300407,凯发电气,-36666275.75,-703.032565748005,251159063.46,340.525662543,209630960.09,19369262.85,49654619.58,5484315.1,288082860.22,-37078645.83,-36470357.54,2018-04-27
1400,300406,九强生物,51553789.6,-19.559191068677,139786179.63,-6.4683493765,36001340.9,19272214.92,19833666.39,-595278.16,77065699.52,62720480.11,60654925.15,2018-04-27
1401,300403,汉宇集团,42329426.07,-16.84497023456,174067224.61,2.779030311,98389117.86,9871263.65,19581263.29,-5195527.38,124954094.19,49760567.24,49759926.39,2018-04-27
1402,300398,飞凯材料,14734846.64,-14.194198453138,110181805.43,9.2954071853,64745946.91,6742792.68,19866367.9,1730608.76,93758590.48,17423214.95,17345394.7,2018-04-27
1403,300394,天孚通信,31746127.66,10.826920314425,87194554.02,23.3005178115,33864504.96,1375546.9,14670944.83,-781351.33,51061738.52,37190401.8,37222240.18,2018-04-27
1404,300389,艾比森,12842730.16,-42.918457218422,197254424.72,-10.5959225848,124929616.71,24159600.08,34410966.27,4770130.94,189072449.49,13891396.06,13818267.07,2018-04-27
1405,300386,飞天诚信,10836524.27,29.170140379885,187222476.52,25.4051054337,115280979.81,19722094.85,51005383.21,-1220234.31,189555447.09,11072203.56,12717000.13,2018-04-27
1406,300374,中铁装配,5552621.47,223.752550210688,199228310.07,628.1924057911,173667030.22,2201982.56,11757148.32,2795292.66,193043851.34,6184458.73,8013954.17,2018-04-27
1407,300366,ST创意,28108101.49,387.466713662348,172699489.37,60.4175262092,108273569.32,8539973.47,27525073.77,1913530.21,142641635.12,30409299.45,35287781.44,2018-04-27
1408,300359,全通教育,-6406708.76,-148.967721568737,221688124.19,16.4539868317,166989442.36,13338487.69,38732611.98,1420607.37,226372455.22,-6894113.29,-7451692.89,2018-04-27
1409,300352,北信源,823536.18,110.695142154001,62275313.16,5.504446015,5006822.32,22261220.31,33468260.12,-553317.74,70492593.11,-8376442.23,-576184.72,2018-04-27
1410,300341,麦克奥迪,20205413.35,103.425425309136,166051265.79,28.4562415226,98632556.65,13022217.64,27950314.07,-1326802.01,141027244.17,24016609.59,24042338.35,2018-04-27
1411,300340,科恒股份,20675911.81,832.212980572866,325146245.69,188.5050347413,269322943.61,6894360.2,26454323.81,1730852.74,308688331.49,22780095.84,23461079.99,2018-04-27
1412,300334,津膜科技,1240314.84,11.528638477136,139065589.14,74.8813687895,95141659.5,8788869.03,31914749.29,2857841.2,139737045.49,229373.26,1873442.05,2018-04-27
1413,300329,海伦钢琴,10013634.32,11.624501600248,91940682.13,10.9151570616,67342323.39,5717217.63,11919898.65,-737946.92,85938190.7,10234706.58,11552570.96,2018-04-27
1414,300324,旋极信息,94690648.19,149.012919216458,589352266.71,174.5902566403,311790714.42,64203044.21,92938097.15,-6440402.92,465874326.55,126354467.12,130563667.02,2018-04-27
1415,300320,海达股份,23605063.26,17.12491517652,233798095.99,27.174609886,161306118.94,16299730.27,19650829.42,861361.45,207503313.31,26894125.57,26990417.2,2018-04-27
1416,300317,珈伟新能,98069453.57,111.477492588136,677877079.88,68.2993618852,460665867.13,37108492.26,38104000.12,24175979.12,565580007.27,112636282.01,112984355.22,2018-04-27
1417,300315,掌趣科技,161848098.45,-26.881593606931,456536042.84,-10.227713904,172410577.57,6812187.89,79922291.0,13676895.67,273805686.5,200752830.72,200759823.21,2018-04-27
1418,300308,中际旭创,-4381527.36,32.562504044743,14564576.12,41.0579300308,9961721.83,791846.57,9559294.96,-343210.69,20480646.88,-5198807.36,-4381527.36,2018-04-27
1419,300307,慈星股份,69502823.35,51.189467796137,341036585.01,56.2003098393,198728230.81,31820931.92,44206073.93,1305461.35,270135401.68,71199419.31,73537708.88,2018-04-27
1420,300306,远方信息,24520578.96,91.018431025147,104484311.79,122.8082098162,39031505.22,15209701.12,31888209.91,-4108210.28,83047137.36,21797906.13,29349182.08,2018-04-27
1421,300305,裕兴股份,11957399.36,-26.731667361335,122086646.35,-3.5457113363,103343004.44,2068122.68,9796931.85,-3443704.85,114935794.94,13924008.97,13949208.97,2018-04-27
1422,300300,海峡创新,18332319.49,-19.797002444733,95426458.65,-47.8333170417,68360898.7,6528642.72,21616416.16,-2665767.37,95860577.44,13386950.94,20927749.8,2018-04-27
1423,300299,富春股份,62216459.36,333.215740549883,172399423.59,115.6715554188,57574048.58,2543884.54,26493272.62,2830315.62,97528448.9,72980097.62,73721835.42,2018-04-27
1424,300292,吴通控股,47594765.52,15.206867826535,490341179.77,5.489795564,364500475.21,7086449.94,59695348.88,2627210.96,433738066.87,56603112.9,57433876.56,2018-04-27
1425,300289,利德曼,16601202.09,-7.978993613243,113214868.77,-9.5980027586,51314096.68,18017272.27,20032706.74,1822078.44,92066094.7,21148774.07,23215389.97,2018-04-27
1426,300287,飞利信,70164882.8,36.857923176066,352313544.96,12.0563684083,193183788.88,22901400.98,59175024.7,994452.0,277579911.22,74733633.74,78056047.77,2018-04-27
1427,300281,金明精机,6240888.71,18.042575616224,95439085.26,56.4629856371,65596856.35,5475705.58,14054476.06,2431538.72,89061571.87,6377513.39,6437438.8,2018-04-27
1428,300267,尔康制药,219138261.28,30.362632265776,775167275.99,52.2462671616,482976390.36,21627136.07,46613425.35,-980829.13,561846324.85,215016875.75,244075788.84,2018-04-27
1429,300265,通光线缆,12048621.77,-31.367501391152,346998666.09,53.5033942099,276071064.59,28467231.46,29181201.19,8490553.02,348720871.45,13362761.56,13726740.44,2018-04-27
1430,300263,隆华科技,10093625.0,275.717833746975,186270634.48,15.9301182857,143775173.58,10034628.34,26134543.48,493818.55,187539230.05,12127508.5,13109072.41,2018-04-27
1431,300256,星星科技,9781218.35,7.466574784888,1446150680.85,39.3301460461,1275241509.14,10483589.94,112223608.29,31669315.42,1434454517.95,11737515.23,18876588.51,2018-04-27
1432,300248,新开普,2699074.49,-49.912450716297,107355265.33,2.5780302526,51242243.43,43136683.97,32664850.5,-102254.41,128778253.61,462837.4,712047.99,2018-04-27
1433,300247,融捷健康,16424318.46,99.615598904996,223411294.83,114.4016737762,155682816.12,17317654.68,29569712.86,2345977.37,208404243.7,17665807.65,20068035.38,2018-04-27
1434,300246,宝莱特,17107414.82,21.336928375107,157281594.04,20.1751902464,97207353.7,21929889.13,14114676.47,101834.08,135174139.66,22199205.06,24292650.98,2018-04-27
1435,300244,迪安诊断,55995458.53,41.140964453792,1044190369.65,64.3072326975,710480833.18,93998095.89,125849565.66,21627310.83,955384755.26,103933475.56,105063690.7,2018-04-27
1436,300234,开尔新材,-2280235.86,-121.16514313355,52272363.09,-41.1617599498,31262240.97,6142232.92,17399376.11,-205300.14,56013930.46,-2138367.38,-2023077.23,2018-04-27
1437,300233,金城医药,54470963.94,32.550958773006,572737727.44,125.8221935595,419563179.41,26717160.33,52448198.34,3635008.99,510434396.19,62810568.2,65230226.65,2018-04-27
1438,300228,富瑞特装,18587798.93,171.909224747868,320242355.39,141.6519314994,229157405.66,17351773.18,47873845.59,12534087.44,325672652.41,11105347.29,13126556.9,2018-04-27
1439,300225,*ST金泰,10720111.76,-37.349358607333,172946132.65,6.2428816284,130305446.17,11378271.88,19597430.84,-457599.66,161052499.37,11623858.57,12656359.41,2018-04-27
1440,300224,正海磁材,5198894.85,-83.644308800348,151107124.26,-55.0619519214,107686212.09,11046221.79,40833962.17,-4940616.32,156152387.9,2266049.4,2062767.7,2018-04-27
1441,300222,科大智能,48531837.84,38.075118610983,372732876.54,66.9579504942,230380173.34,34276242.02,60953307.46,-1479188.75,330680619.98,57746176.09,58155389.16,2018-04-27
1442,300217,东方电热,11454306.01,9.018879218363,356440593.62,109.2595150237,294533166.04,13230636.06,31768554.59,1359310.96,343830584.31,17360079.71,17627292.29,2018-04-27
1443,300214,日科化学,9514022.07,-42.968311479807,400810503.03,26.5460669063,353515043.47,15087180.29,14441516.24,2525562.01,388532485.01,12884579.67,12984906.65,2018-04-27
1444,300213,佳讯飞鸿,5938629.91,13.761086734155,184237948.44,-12.3241156663,116538002.97,30245895.84,36146431.18,777890.32,189868133.23,-838916.66,5169090.22,2018-04-27
1445,300212,易华录,26992047.38,30.331586585723,514602477.29,48.0969916635,372548721.74,43202073.58,46337473.57,18364768.93,482007010.17,32082192.0,34679328.12,2018-04-27
1446,300210,森远股份,21693817.7,-5.047920921168,123545444.52,44.2474062775,67600051.9,8362532.54,12814399.52,5866357.73,99071096.56,24426267.53,26886894.88,2018-04-27
1447,300209,行云科技,5846807.9,92.034651349389,128221126.92,37.4510368819,81732795.16,12390627.11,36885118.77,-2901565.73,126806752.61,1735752.75,4289107.81,2018-04-27
1448,300207,欣旺达,72582755.93,68.177099058367,2215801608.01,81.8385806301,1950897765.69,28905366.25,164157905.86,13533331.96,2157162368.53,83962653.92,82261440.41,2018-04-27
1449,300206,理邦仪器,25484153.39,322.532687499998,199351437.4,33.0121384489,87743174.54,40201181.07,57414465.46,2214291.35,189972604.26,8785926.39,25335243.86,2018-04-27
1450,300203,聚光科技,14857635.89,47.503043124004,358942786.66,34.3572494651,180316711.28,83100349.36,83693330.0,9970136.99,364395501.11,-4462660.86,22906899.38,2018-04-27
1451,300201,海伦哲,1615217.4,118.772010088545,269568792.85,89.6297052578,206724279.94,16576845.05,34145107.2,5098173.31,264971474.67,4405133.47,4943846.75,2018-04-27
1452,300200,高盟新材,4640402.3,-73.00705797782,142499055.27,25.3587893571,114588933.14,9242861.89,13163734.2,494264.83,139168240.64,5016450.33,5471377.35,2018-04-27
1453,300197,节能铁汉,-4093654.56,7.206043557011,765429664.11,92.1094943687,584810206.25,8108421.44,153006350.83,55917070.53,804634943.46,-8265252.86,-7302125.65,2018-04-27
1454,300196,长海股份,60026844.9,23.790806444944,409449735.97,5.1576914705,293157862.11,21878544.54,28068670.08,3879510.73,351184195.57,68684388.56,71085287.11,2018-04-27
1455,300192,科德教育,8664016.95,-3.044181912188,100878664.17,-6.8806289526,78128654.18,6626164.13,9105608.4,-192148.92,92413682.19,8464981.98,10926609.6,2018-04-27
1456,300177,中海达,4888158.04,200.920022879283,171172939.61,31.3897591326,98638466.54,30996515.82,45366034.39,-508733.89,177644323.71,-809512.63,1207531.84,2018-04-27
1457,300176,鸿特科技,13343397.3,5.504604670785,378260562.19,4.0265046752,295504394.08,24633827.68,31462495.19,9420097.66,362825121.51,15435440.68,15730707.7,2018-04-27
1458,300174,元力股份,12818199.63,54.879734152702,184596179.61,31.414863027,126071670.78,11961616.29,32063532.99,2887455.53,175578060.72,16434111.3,16059540.2,2018-04-27
1459,300167,ST迪威迅,-2861386.03,77.75787034146,81816345.07,135.30778094,56621424.41,12144097.63,19084822.19,645622.43,86878000.95,-5043655.88,-4410448.28,2018-04-27
1460,300166,东方国信,48833732.4,46.618213636158,224725471.34,22.0642918995,111243423.85,17996620.42,44936674.35,2265165.2,177102164.28,55916738.15,58760831.15,2018-04-27
1461,300157,新锦动力,-5711556.16,47.671646343193,596360736.11,278.026810984,538879432.73,8454954.67,30871165.15,19934702.0,603830256.91,-9599704.27,-9500092.34,2018-04-27
1462,300154,瑞凌股份,28644022.8,36.410057411616,162134339.4,19.9565923211,111978158.44,6967383.15,13890974.43,-5341829.54,132609453.75,33102643.63,33100447.23,2018-04-27
1463,300153,科泰电源,7966129.0,2.051543050199,211091721.2,17.5675455345,157342271.81,12409394.79,23808946.31,5638017.88,205551071.22,7525813.81,8956903.58,2018-04-27
1464,300149,睿智医药,12198683.98,-17.735613889952,51528942.42,-5.1002100865,27511149.99,4792100.11,7934588.48,-162666.17,40669656.19,14092157.98,14188406.04,2018-04-27
1465,300147,ST香雪,22525853.85,-28.539556745005,481854780.37,45.4959417822,340649228.05,57829930.69,47940393.55,25809564.95,480107163.52,2500827.32,34895257.66,2018-04-27
1466,300141,和顺电气,4149358.1,564.383422692851,121422390.33,139.266612545,94114765.16,7648086.65,11902273.5,192041.52,115469648.24,5595185.25,5742266.41,2018-04-27
1467,300121,阳谷华泰,34170731.39,111.094566052592,356474123.19,62.6606582323,258548104.08,10596199.18,31614349.25,6630234.77,315221160.92,41252962.27,42100274.32,2018-04-27
1468,300120,经纬辉开,5629621.88,582.348378097444,139623513.28,11.8040101566,120097718.42,1875756.65,8459578.65,742404.67,133437247.82,7175991.81,7153815.89,2018-04-27
1469,300118,东方日升,77205941.82,-78.126062796043,1653321358.22,-10.7549992964,1340384406.23,65292150.64,81227300.49,27472922.57,1535832593.83,117672819.15,117775179.84,2018-04-27
1470,300113,顺网科技,131775740.38,42.300407300007,345981571.84,12.8101372585,67349604.91,54171919.56,68014342.26,-6413366.72,189369973.61,172144415.64,173044602.25,2018-04-27
1471,300112,万讯自控,3303859.89,245.221221999533,82865431.25,2.1800316596,40099102.45,18860649.83,20023645.03,38894.39,79214345.72,4541376.96,4498410.96,2018-04-27
1472,300111,向日葵,-25760852.41,-214.700824096637,191705081.93,-46.3519067031,174531374.97,5214708.79,31253677.23,8400373.33,217611962.11,-25056689.79,-22947858.1,2018-04-27
1473,300107,建新股份,4880692.33,5.820207042383,99103471.15,2.9027081304,80321454.35,1575773.09,12496324.09,-415160.42,95172285.55,5658794.72,5751404.72,2018-04-27
1474,300105,龙源技术,-9005063.5,69.276172583545,86841043.59,22.9284666426,68720860.6,8087897.72,24301995.08,-659625.11,96583700.58,-8531427.59,-9558007.44,2018-04-27
1475,300103,达刚控股,5761913.25,19.881107816983,55782886.39,18.8222078709,41217603.85,4489448.97,5529345.35,-713633.26,51430777.2,7111814.54,7222860.47,2018-04-27
1476,300102,乾照光电,41573017.6,7598.89815226708,267960807.53,36.3172006154,184287416.16,4529786.35,27557704.15,2189618.48,228846946.04,40684515.14,48877722.4,2018-04-27
1477,300100,双林股份,89828761.39,14.390556175946,912939401.09,35.1192589497,689038715.26,32706255.7,73188620.67,15222104.88,814350022.38,98589378.71,106304115.56,2018-04-27
1478,300096,ST易联众,-24553950.44,-485.916288805895,55901365.53,-31.4332599701,24278854.11,9114002.5,44700649.23,2288288.2,86095304.73,-32421437.28,-29742572.29,2018-04-27
1479,300094,国联水产,18338605.88,722.27,840170754.79,68.29,737143579.96,37891061.26,19542091.51,18079848.75,820857212.83,19313541.96,19433988.78,2018-04-27
1480,300093,*ST金刚,462007.09,15.360211100953,58463259.02,-10.3123334443,40110660.54,3978252.66,11762251.32,2332049.32,58050211.87,533055.15,533055.15,2018-04-27
1481,300085,银之杰,6863940.05,13.583570372985,215590304.43,35.896181321,137084750.45,38568486.73,29049883.65,884870.92,204354135.45,13575168.98,14091731.15,2018-04-27
1482,300083,创世纪,147728803.8,418.876316901405,1632246142.35,33.0585798411,1253062787.97,52967839.39,172093500.27,5493975.13,1503300557.44,128289055.59,168190337.06,2018-04-27
1483,300081,恒信东方,-7842199.25,-63.563409785056,78413934.87,-4.5704330607,44804091.97,20697919.88,21800178.19,-361375.44,87986138.9,-9599839.67,-8279634.98,2018-04-27
1484,300079,数码视讯,48722965.07,4.223015550777,261420810.88,7.5679130309,120224720.07,40826849.09,66180757.31,-6780194.99,224607378.92,36825572.68,51490644.34,2018-04-27
1485,300076,GQY视讯,-18802714.43,-3773.60656666115,13331269.44,-75.0341313943,10372627.72,6753363.69,15296176.05,-3049341.62,32460780.88,-18955703.22,-18936848.21,2018-04-27
1486,300071,福石控股,22005419.9,5.728301375549,740873786.53,3.1091964175,604600883.52,20272956.5,80703294.89,15345947.28,718944334.03,21403111.08,28983790.42,2018-04-27
1487,300070,碧水源,230299185.24,554.326197902116,1119447869.98,77.5190782934,833562099.16,36664831.11,84052421.55,53067335.8,1009624039.34,280170966.48,280040502.39,2018-04-27
1488,300068,南都电源,65919275.33,8.963376333848,1878569360.35,28.0039829202,1610629465.56,78692934.07,69762497.7,22030404.62,1833061359.17,40266615.22,124329778.4,2018-04-27
1489,300066,三川智慧,21560013.34,-22.311240617344,126224747.99,-16.196304611,81178439.37,17585942.81,20211095.11,-2417551.17,118333988.72,15614049.01,24166798.46,2018-04-27
1490,300061,旗天科技,54322566.22,504.422304797135,388868639.31,124.425956522,196671170.32,97231551.84,42126925.03,3061243.39,341445576.92,48747932.54,60138439.16,2018-04-27
1491,300053,航宇微,21715011.17,114.019663418766,135150824.8,74.7844888752,76475886.85,4321659.65,23888705.89,1040609.89,108036874.84,26076284.12,27909954.8,2018-04-27
1492,300048,合康新能,11399502.84,-81.001421792607,230203322.46,-6.0079291915,164587200.76,27851974.33,40672305.35,9143492.82,246450228.43,-16031258.03,14015807.21,2018-04-27
1493,300044,ST赛为,16804107.85,165.39307043683,236220055.31,75.2931325681,184885855.66,6983883.2,27848012.18,6440600.01,225601229.61,10087475.88,20399448.76,2018-04-27
1494,300040,九洲集团,22714821.65,123.070145142027,238576332.24,26.3954164341,188104488.64,8366045.56,16287819.81,-1489981.28,213410187.46,28143734.04,28057009.71,2018-04-27
1495,300032,金龙机电,16505828.45,-80.619773354895,607414674.6,-19.8298807285,515662239.2,8320569.57,43177032.45,8656981.02,572667001.11,21036774.01,21791710.97,2018-04-27
1496,300029,*ST天龙,-17211332.8,-1.669017138085,16606986.24,-61.8254103499,12833123.18,1399223.78,14703183.45,1344283.71,35114316.49,-18552543.81,-18456005.49,2018-04-27
1497,300022,吉峰科技,541465.51,-26.620803396317,459098127.36,-17.4064472369,390812708.17,28627089.83,18067556.52,13607673.6,451111415.85,8160878.68,8382432.75,2018-04-27
1498,300013,新宁物流,12083377.18,105.650908718712,172378898.87,-13.6054991785,104736285.14,15067645.21,37803541.02,2852047.9,161276429.94,14823365.17,15782135.1,2018-04-27
1499,300012,华测检测,3823416.51,147.481935917372,374879105.82,44.4057386305,201030824.9,78988353.7,75533005.08,803537.15,361784714.02,12812184.22,16482825.32,2018-04-27
1500,300011,鼎汉技术,4040840.06,198.847432941128,184118254.71,15.6898556438,117081513.83,24209593.8,23640340.33,7970370.79,179195163.61,3487007.21,4326287.01,2018-04-27
1501,300007,汉威科技,17444243.63,36.491133002893,357153463.43,30.9175462349,240030829.96,18491413.2,56817707.55,9219621.98,328509147.55,36415398.5,37340467.59,2018-04-27
1502,300004,南风股份,-19485476.85,-216.627922593915,110552133.0,-43.6021301828,89918362.75,8874251.93,27775246.82,3742148.96,132063531.98,-20520238.31,-20491100.23,2018-04-27
1503,300003,乐普医疗,231972260.2,31.160271489634,1031621618.79,29.1574524534,376282582.48,194542419.5,123561106.22,17071125.33,731387953.7,298293369.92,303548089.1,2018-04-27
1504,300002,神州泰岳,18732778.08,24.968768895325,628684945.22,-6.0898939012,358346225.91,107893615.81,154495254.54,10111535.48,628739484.9,6965057.36,15035936.77,2018-04-27
1505,003017,大洋生物,11389911.23,,116488544.41,,85615062.13,5787507.94,13593213.21,1917921.97,108239524.46,12761583.03,12859046.02,2018-04-27
1506,002931,锋龙股份,10664991.83,,73431754.9,,48222826.31,3247114.97,8208400.02,695585.94,60529542.03,12469626.7,12486882.11,2018-04-27
1507,002895,川恒股份,31537843.35,,237831469.75,,172068248.38,17476584.14,12183706.85,1835751.06,205150859.54,37273639.21,37403757.78,2018-04-27
1508,002886,沃特股份,8842858.03,34.902487109077,138842676.69,16.0660977916,108784617.3,5443274.49,12810050.78,1751687.46,129822024.58,9293982.11,9283982.11,2018-04-27
1509,002881,美格智能,7186160.71,57.709338191228,104402524.73,3.7596852317,75111046.88,1827743.6,18168177.36,1083253.76,96254476.78,8148047.95,8467267.67,2018-04-27
1510,002878,元隆雅图,10496473.47,1.140608300171,125272030.92,-20.203001674,92482517.67,12484388.52,6303185.23,753656.37,113384232.49,12079645.16,12079612.81,2018-04-27
1511,002876,三利谱,20506023.78,,168396895.76,,116890977.82,2079055.23,15771101.38,13285988.63,149557436.12,18839459.64,24788892.33,2018-04-27
1512,002872,ST天圣,55803961.02,,534077097.67,,376082308.63,37707820.93,34879297.76,7620342.21,471888230.38,70191945.51,70030481.94,2018-04-27
1513,002864,盘龙药业,6890112.93,,66572071.94,,20463713.52,29251581.17,6757373.29,2743.49,58669564.83,8267882.11,8243944.08,2018-04-27
1514,002860,星帅尔,21890938.2,4.567881403678,81273955.66,4.2230796476,48089403.52,1639278.43,6278578.73,117988.77,56890077.78,24383877.88,25546463.78,2018-04-27
1515,002858,力盛体育,-5889874.67,31.087056682655,13398154.03,31.0289810662,11648180.82,1859755.78,8954990.65,-40786.56,21422398.79,-7973900.4,-7929530.4,2018-04-27
1516,002837,英维克,13634360.03,22.792933256422,119057553.98,34.1261624886,77922441.83,10931237.63,10582759.38,-159802.76,103638334.15,15419219.83,15698551.82,2018-04-27
1517,002829,星网宇达,3540089.07,11.810492464693,35101000.01,27.9079710963,19459529.34,2511388.22,13918085.81,-431679.31,36885417.55,-1784417.54,4857814.34,2018-04-27
1518,002810,山东赫达,15499978.69,38.49908314017,137273006.04,9.1966867607,103921181.66,4955261.68,10683519.59,2469035.99,123927419.28,13333250.51,18358033.05,2018-04-27
1519,002807,江阴银行,174733000.0,-1.163527348832,552397000.0,-8.3402676075,,,224856000.0,,376344000.0,176053000.0,174463000.0,2018-04-27
1520,002800,天顺股份,7409681.83,92.951666430397,185157936.78,87.6802192361,165781263.88,2425369.27,3649638.75,2188806.33,174981246.69,10176690.09,10254700.62,2018-04-27
1521,002792,通宇通讯,24919674.8,-51.345714055779,293456929.92,3.2371290015,199499832.87,21427866.83,44850313.7,-4086443.51,270326251.88,29128239.68,31276700.02,2018-04-27
1522,002773,康弘药业,151596770.14,48.646033289305,642039416.94,22.6197462892,63738958.46,321053084.05,80430581.21,-5764226.02,472702055.06,173627370.02,173193835.54,2018-04-27
1523,002760,凤形股份,-3909896.14,-141.751987972537,94953414.89,92.7757713992,81920735.81,10089607.53,7683764.27,888672.34,104030311.8,-8161045.43,-3564654.84,2018-04-27
1524,002759,天际股份,81168937.75,377.105092481147,254662505.57,124.7066787127,121844286.23,9723633.51,19062514.78,640202.88,155210535.48,99451970.09,99123677.32,2018-04-27
1525,002752,昇兴股份,50017271.09,-13.022095808443,500193729.81,-11.5344070383,399097796.31,16362101.31,26289104.52,5387767.7,436784323.26,63409406.55,68056841.36,2018-04-27
1526,002732,燕塘乳业,12036028.47,33.963657526517,236910392.09,27.8437623238,159572399.19,46793177.87,12766268.07,-147885.83,221016559.13,15591309.01,15046631.89,2018-04-27
1527,002709,天赐材料,63955544.39,-9.835752509236,379401659.34,9.9167129106,241405614.0,20895708.16,39179451.69,1029614.29,312368356.86,69384280.94,73015243.0,2018-04-27
1528,002705,新宝股份,63865717.38,48.945821511542,1749343028.9,26.2432940595,1426751712.63,70281415.8,152285327.19,10393369.46,1670753484.21,82299998.31,84546670.8,2018-04-27
1529,002701,奥瑞金,162553662.0,-47.393562324855,1295807458.0,-24.5606814708,951246988.0,32088429.0,118949883.0,89285372.0,1204265377.0,215411697.0,216482144.0,2018-04-27
1530,002693,*ST双成,-8746620.64,22.46975674148,42587399.38,105.3571800108,17235705.7,10952578.53,17703466.29,4866024.18,51409229.22,-9277020.21,-8746620.64,2018-04-27
1531,002679,福建金森,-21262804.29,8.928786958397,165559.5,-50.3934141335,238525.35,467435.79,8925670.34,11846754.59,21478386.07,-20901032.72,-21352264.59,2018-04-27
1532,002657,中科金财,34774164.85,40.568605219409,210855918.82,-2.9919319496,131423905.35,8017926.72,49504607.88,1643984.23,192903466.1,33661733.79,38027580.05,2018-04-27
1533,002655,共达电声,1985336.19,-18.202326912472,163462156.92,3.4778407859,119645372.86,3865566.62,36965428.84,3759965.33,165366753.13,-1149637.19,2321616.16,2018-04-27
1534,002651,利君股份,34510908.34,38.700114037551,138943084.02,10.1211249723,78858288.84,6489799.54,12279664.11,-3072126.19,101239125.62,40028744.82,40360795.63,2018-04-27
1535,002642,荣联科技,2687950.24,-44.225334368307,299158267.63,3.6232119419,188778007.71,26426443.1,72606044.97,4068662.9,297023109.79,4238361.61,4785674.48,2018-04-27
1536,002637,赞宇科技,18871086.92,41.815224224581,1442871609.84,86.3686775527,1265547379.05,58886270.97,44810680.56,16526708.2,1398567679.43,47101738.63,48613329.05,2018-04-27
1537,002634,棒杰股份,8042486.08,-32.970561187093,84350089.55,-18.2716765182,55774966.72,1878770.14,11782183.78,544114.05,72422531.43,12529938.8,12537880.38,2018-04-27
1538,002632,道明光学,19673368.19,79.10023077215,138752316.29,35.5847154335,89903164.47,8757548.43,18273822.08,-519506.72,118872260.94,19509708.37,22908607.12,2018-04-27
1539,002629,仁智股份,-14332109.67,36.710862506836,514776294.95,2265.3145147088,511380515.02,4035690.43,15786282.54,426622.3,532033482.56,-14836196.15,-14899725.38,2018-04-27
1540,002622,皓宸医疗,6014901.6,71.484517227877,12871000.83,39.2151588496,5692167.82,2142502.18,12245401.97,-1078604.5,21827656.65,3121719.2,5573072.16,2018-04-27
1541,002609,捷顺科技,8863582.81,42.16437937248,102568431.45,18.71998129,57411118.53,20585278.39,28732896.45,-10346182.79,96878644.03,5689787.42,9927296.39,2018-04-27
1542,002605,姚记科技,25308511.09,-9.126580470423,181217345.92,-3.7626931377,132577198.25,1153217.79,10384064.26,632494.92,146389331.94,32752159.89,35250013.88,2018-04-27
1543,002598,山东章鼓,12290321.1,19.435874458691,148359553.41,36.6862753107,102403603.69,11143732.32,20677930.09,-74238.64,137100238.12,14172753.46,14247901.36,2018-04-27
1544,002597,金禾实业,200859598.22,41.201560025428,1106720800.85,32.1848089636,763820086.8,49892234.56,35039933.81,10604839.28,873215463.56,240918074.02,243299859.39,2018-04-27
1545,002595,豪迈科技,156156105.76,8.468162503546,660986157.05,20.0421676021,411969954.95,11043060.83,44685661.52,8496554.59,486694716.97,181541265.1,180274392.72,2018-04-27
1546,002592,ST八菱,39286203.76,30.655384713305,239373534.97,6.7266187736,199063605.05,5111448.74,13301344.13,-2587266.87,218557086.13,42379370.28,42615960.15,2018-04-27
1547,002587,奥拓电子,9098187.74,237.995562983622,150293811.39,180.1738846346,92487091.4,22059673.87,19633339.92,1855880.19,141506441.04,8956447.36,12000960.54,2018-04-27
1548,002582,好想你,59519193.63,230.637085049524,1300426138.14,368.3447990836,910482047.39,246817236.91,44082291.74,13249941.77,1221846077.12,83377306.71,81632247.42,2018-04-27
1549,002578,闽发铝业,6740984.9,41.151573526759,217581988.05,3.8554737573,195732374.47,2472519.69,11067049.47,-16464.53,211194984.09,7357601.36,8004612.19,2018-04-27
1550,002570,贝因美,10923629.97,-81.806699869248,847163384.03,-6.5781217644,341191473.52,334783246.42,78609926.22,-6763769.51,830435373.95,1982885.24,781539.02,2018-04-27
1551,002565,顺灏股份,19462659.82,-12.971504643895,386843923.84,6.2930758133,268916284.91,20685624.05,55604896.01,6352898.59,353096416.44,37028891.79,28394559.08,2018-04-27
1552,002529,*ST海源,9869888.67,229.576195385525,84366019.96,115.0619904187,55822014.03,5266611.6,11398877.51,1223960.99,74443921.32,10581589.32,12317071.2,2018-04-27
1553,002526,山东矿机,-6392213.59,-75.491552104693,235161100.8,19.0076224501,202371175.47,13138607.82,16679324.18,4318681.07,249023661.99,-13287980.38,-10914005.88,2018-04-27
1554,002485,ST雪发,-12567317.11,-341.269049822157,191287855.76,-9.4457130623,156521970.64,33512461.31,13100311.92,759642.07,202850343.77,-11344251.24,-11289570.31,2018-04-27
1555,002474,榕基软件,10856497.57,64.263724107099,143863417.49,36.0589555764,95006189.2,6985083.66,33430707.24,1075658.58,139286024.1,6807879.59,9910671.58,2018-04-27
1556,002470,金正大,415232748.92,2.633684218949,5713251270.61,23.1199807829,4615501470.17,365052385.1,145444104.22,9640568.13,5150710998.73,588321334.64,591720777.55,2018-04-27
1557,002462,嘉事堂,71060167.59,30.469593856721,3030784781.7,25.0189516805,2707190098.73,100998505.69,33409355.51,17848513.52,2869852113.34,161457225.4,162421048.5,2018-04-27
1558,002458,益生股份,3398403.52,-95.993172290595,209598063.77,-38.8997441274,181490071.55,7336532.05,25821135.04,2823655.96,219825816.56,-16375129.01,3224193.12,2018-04-27
1559,002455,百川股份,18945567.34,92.890814608404,470597696.79,10.8798305124,401443917.03,20161389.77,21858976.42,8590429.4,452512284.69,18013904.84,22094397.78,2018-04-27
1560,002454,松芝股份,74273766.84,29.436728055989,988771680.81,38.5498855929,723914508.86,63035567.6,73663291.36,-261337.84,900234888.9,90773581.5,91104673.38,2018-04-27
1561,002453,华软科技,-7343815.59,-229.371142371962,228198181.49,-3.0939310491,192000256.34,12955332.48,25362859.13,7727052.2,240095817.18,-11773135.76,-10630626.64,2018-04-27
1562,002432,九安医疗,-15977512.45,-10.902679290726,137048968.4,22.0259557884,78801848.12,19745281.11,57836171.74,-4037664.03,152910447.0,-15296425.59,-14551069.25,2018-04-27
1563,002419,天虹股份,222852176.66,21.330848449125,4751270899.79,2.0820244179,3550237347.97,831743595.13,78021273.92,-16763882.08,4478156913.55,297283687.11,294900586.02,2018-04-27
1564,002414,高德红外,1241598.96,110.504912902117,110352965.57,-3.5692905883,42962834.91,7854133.4,57663336.52,-115890.19,113068858.61,-2495301.88,689172.04,2018-04-27
1565,002412,汉森制药,29536060.34,3.862991423381,198637113.99,8.5940455795,55965696.35,81748467.81,18806669.4,2954929.5,165030008.67,35402510.03,36119504.63,2018-04-27
1566,002402,和而泰,36889301.05,49.774164072537,399667649.42,43.7560194004,307111224.96,9792148.31,32281227.82,2128159.74,355434236.28,44367712.23,45487279.21,2018-04-27
1567,002397,梦洁股份,36125034.28,11.044276786172,353986726.74,32.4124229853,181273277.12,106524649.76,20740232.19,3417922.94,309767428.57,44219298.17,45186904.13,2018-04-27
1568,002393,力生制药,40709233.0,-4.638647018085,284987842.98,20.6780181185,119736233.27,68792308.68,46539086.91,-1919263.23,238219281.39,47212907.1,47198454.59,2018-04-27
1569,002382,蓝帆医疗,52091827.29,16.788852218237,402521260.12,23.587560761,277400584.74,17922096.0,28021314.41,1243979.2,331655068.16,71380079.04,66680983.34,2018-04-27
1570,002381,双箭股份,9471466.86,-37.901620348134,277788127.14,30.8409268458,221020271.2,15871849.92,29083359.83,818399.6,269003908.64,12290389.93,10978877.66,2018-04-27
1571,002375,亚厦股份,74060978.26,-29.416327932536,1604332943.35,-15.8094987695,1356059898.25,38657247.09,77058525.81,13943835.25,1514920439.34,91652166.93,91216041.63,2018-04-27
1572,002373,千方科技,68212591.31,10.235037773916,705919700.29,5.5751182959,470391048.74,57123191.08,86534732.78,1378556.34,625147641.13,101930236.34,101962413.58,2018-04-27
1573,002369,卓翼科技,-25776515.97,-667.487282658934,604717174.87,-4.7722457277,568760444.73,19128485.49,50578629.76,5086271.11,641835101.92,-34927936.73,-30642366.2,2018-04-27
1574,002365,永安药业,26037497.01,187.408098455912,178685525.1,46.8540596599,127850681.29,10757168.08,14414860.12,640901.25,157184306.41,25676722.56,31360467.42,2018-04-27
1575,002364,中恒电气,30768354.11,-26.042367174996,157971954.34,-12.933985238,96741038.89,10629553.84,28216060.1,-5481860.69,132888219.36,24090804.77,30693389.32,2018-04-27
1576,002363,隆基机械,24816686.38,2.099687707803,465114383.33,11.6003547644,389451001.99,21417383.55,18739258.99,4322740.1,437155274.92,28387827.03,28420252.84,2018-04-27
1577,002361,神剑股份,22934075.81,-20.319005894726,340687675.95,34.2958230098,279481251.68,10363650.81,21240787.23,1329787.77,316267938.28,25194042.11,26992326.21,2018-04-27
1578,002352,顺丰控股,773714925.95,13.758870190199,15470945937.16,25.5522794968,12360711374.27,317580014.34,1655318234.85,111100297.6,14484339403.53,995335736.42,1032754419.4,2018-04-27
1579,002348,高乐股份,8973473.17,-10.622870574312,123053260.87,29.811791484,92352318.91,8841008.14,14335057.27,-322732.96,114700531.29,11059732.82,11029855.3,2018-04-27
1580,002345,潮宏基,93087166.78,15.572616607038,835571722.04,10.9355055722,506383674.62,170376140.12,28673746.61,17157156.37,733251614.37,110820007.37,110702687.41,2018-04-27
1581,002343,慈文传媒,28571329.63,39.36019662677,111041692.78,-10.8843285479,61208037.8,10770079.56,12572646.02,12061627.15,86605527.59,33917930.28,33976496.53,2018-04-27
1582,002340,格林美,101646352.08,53.944215472422,1692627343.39,37.4207414294,1327621466.8,18750417.13,108183875.89,110131986.39,1583597348.9,113484642.69,125029135.0,2018-04-27
1583,002337,赛象科技,-4681047.03,47.445070582565,35017976.46,-50.0359903482,14949322.62,7040876.28,19194048.32,1205867.29,42773662.15,-9646471.49,-6582526.25,2018-04-27
1584,002334,英威腾,8375098.21,92.972193867035,343860856.92,44.0375176752,217010204.21,53233553.81,81093918.91,-1492440.11,353167768.26,-4214418.53,4124370.43,2018-04-27
1585,002319,乐通股份,-4057355.47,-131.295415676734,93398409.09,-37.1978952454,69337070.25,4804779.42,17992785.16,5077097.19,97033668.43,-2904749.34,-3727867.02,2018-04-27
1586,002316,亚联发展,-21275274.32,-875.671444993941,58343293.81,-61.7158265655,52188175.71,7374709.45,16588894.99,5833330.37,80637408.84,-18936012.98,-19040173.97,2018-04-27
1587,002311,海大集团,57814687.6,47.448953270177,5466140158.09,36.530665895,4923065002.5,210758112.63,223080273.8,16937628.22,5399962469.54,68335064.67,76590719.03,2018-04-27
1588,002310,东方新能,-35160722.42,47.350205118586,1229266787.44,63.3919964286,834538902.45,7400545.2,268775735.23,80933727.84,1239431597.29,1724178.03,4247196.31,2018-04-27
1589,002306,*ST云网,-3705948.39,55.776481175578,25102282.06,-10.3135782936,13169759.85,7952009.19,7511070.58,5278.18,28452141.09,-3349859.03,-3378305.22,2018-04-27
1590,002304,洋河股份,2742957007.05,11.683832704239,7588577705.68,10.8953146627,2941911478.63,506874763.47,458519929.57,-19138230.58,4041757171.24,3655947749.45,3658896585.16,2018-04-27
1591,002300,太阳电缆,11797633.06,-47.962078184426,724602662.73,0.3897360512,665243083.77,10969865.11,21513680.64,7124881.31,716584234.38,17853933.24,17751992.97,2018-04-27
1592,002298,中电鑫龙,22686495.71,-23.762760769637,345181093.15,8.1499123164,241210578.8,22160001.57,44859051.83,-2712540.67,315744857.24,29213145.05,30869989.67,2018-04-27
1593,002292,奥飞娱乐,45718033.73,-43.12873405416,883620074.0,35.065701229,469330095.11,144594838.41,178800766.59,23076460.65,825092536.16,61892207.35,64581130.2,2018-04-27
1594,002289,*ST宇顺,-22824262.66,48.685676161571,103114283.46,-66.9720132367,100472557.74,3581600.55,16643600.2,10556095.33,128655480.88,-25529107.48,-23757788.81,2018-04-27
1595,002277,友阿股份,164697997.88,28.633559361534,2120046727.3,19.2433107003,1652161925.49,62481349.62,109126616.81,-5121661.95,1872038315.1,249022929.53,246509234.52,2018-04-27
1596,002276,万马股份,-31547892.11,-215.926645474627,1229358023.83,4.1979836342,1080119708.34,116335095.73,86207223.79,9031625.67,1290955103.7,-61784562.1,-31135321.68,2018-04-27
1597,002269,美邦服饰,28934988.0,-43.677127691547,1673842454.0,-12.8909098217,838043982.0,627105034.0,65437767.0,15980471.0,1654474072.0,28821264.0,27255229.0,2018-04-27
1598,002261,拓维信息,69716887.96,2.05530338276,294571016.38,33.8783568868,110449216.83,37707798.7,71938969.0,-2217373.23,221634784.09,73733554.15,78253871.97,2018-04-27
1599,002244,滨江集团,430497996.42,12.232116672099,1217140238.84,-74.2416940322,759037745.52,44607548.37,57449510.3,46177085.71,999696274.07,541193883.11,540324001.24,2018-04-27
1600,002239,奥特佳,92055315.03,2.458968382436,1383117094.42,15.7689612268,1087363293.29,56365572.03,126986750.64,8521036.67,1286831997.53,105108540.84,109176817.13,2018-04-27
1601,002236,大华股份,286838396.38,33.264412763327,2648612419.36,48.5707438307,1595885119.46,403620472.29,478853735.37,9861307.62,2532178698.53,306084564.93,308249008.01,2018-04-27
1602,002234,民和股份,-75858923.15,-209.545300332322,220615410.54,-23.5933332551,245249381.55,10002134.1,19975818.98,12773314.25,289339039.84,-75809921.87,-75847851.01,2018-04-27
1603,002228,合兴包装,30633514.61,37.543734523584,1148308663.25,49.8725988186,970279627.72,57752508.46,52012989.24,9545806.55,1098644463.15,49971363.93,51008899.3,2018-04-27
1604,002222,福晶科技,33028412.58,110.376758245202,106712854.48,56.2525602063,41419671.56,1946630.32,22612669.58,2580.24,68282773.18,38885853.84,39244438.64,2018-04-27
1605,002215,诺普信,114204094.01,48.092750740217,860860956.94,30.8744665337,543573029.05,125301494.13,83996436.05,-1197314.27,762073593.49,126602792.59,128966556.05,2018-04-27
1606,002213,大为股份,-1571851.98,-149.357831509039,13987031.32,-54.7405254181,8279088.82,2682928.87,5495752.23,-278664.1,16603240.24,-2395411.04,-1533904.45,2018-04-27
1607,002203,海亮股份,201013217.4,50.742217436169,4913234119.85,61.4634333358,4542284586.7,101331735.26,136069188.14,19120187.7,4802033406.09,232471316.61,234918199.89,2018-04-27
1608,002197,证通电子,5013698.51,37.062906515465,369588244.81,64.7560012177,293583629.86,28788133.6,35533594.44,2698314.95,367066126.48,2366068.84,3623567.64,2018-04-27
1609,002186,全聚德,35533669.92,5.871288452934,436612171.87,-1.2732842439,169434662.36,156797925.62,64196533.98,592827.47,394855838.52,46862480.27,47200545.78,2018-04-27
1610,002179,中航光电,183714232.86,10.851918256263,1422379682.55,-2.7516760289,921625810.6,67773901.73,168676711.52,14676549.7,1208618919.3,218399192.21,223143406.03,2018-04-27
1611,002169,智光电气,10532738.0,3.138094686275,240685352.88,-9.0977945913,191278683.75,14448552.51,30938967.84,2469654.54,241215640.97,8829249.11,8809295.8,2018-04-27
1612,002167,东方锆业,3313011.8,123.212987489218,139951704.22,54.9518005679,107411197.67,2459433.28,13080858.46,15774277.56,135078771.99,4065878.15,4133491.98,2018-04-27
1613,002166,莱茵生物,12964570.2,-22.28245871377,142814856.38,30.9080971913,106791585.5,4444084.16,11368529.09,5408569.7,128283766.93,14887668.62,14962142.12,2018-04-27
1614,002162,悦心健康,-10825583.04,29.578341527924,146580230.8,30.2025382914,99212778.91,29064927.77,17395483.97,9673243.83,158802993.69,-11028929.28,-11182609.69,2018-04-27
1615,002155,湖南黄金,66811262.94,1110.31713818014,1380111481.33,1.8144994707,1098795295.05,7902223.64,179306146.02,10328083.93,1311287822.13,70224789.05,67323219.16,2018-04-27
1616,002153,石基信息,62791446.7,8.450692888147,548509862.13,28.3920318237,299537681.09,54269300.11,145943284.77,-2708389.96,502718154.35,47841413.38,68934358.63,2018-04-27
1617,002150,正泰电源,19532427.3,38.479579701068,278778385.71,34.4225753399,209629067.01,12238489.53,23132443.81,1498776.17,249637411.22,29774837.7,29512275.49,2018-04-27
1618,002144,宏达高科,20570369.83,49.355625054651,148650142.02,31.2845031755,97037623.89,8642775.79,17099157.67,630204.14,129347197.34,23912534.1,23906212.14,2018-04-27
1619,002131,利欧股份,150108551.56,12.144858447185,2097973075.81,51.4984750688,1718467400.7,78366024.13,113709353.7,13318483.39,1924368225.51,180006642.97,182839736.11,2018-04-27
1620,002125,湘潭电化,5263071.92,2659.0322183249,146808581.14,39.7155160199,109759743.44,5458443.61,14954419.24,6461062.55,141653271.84,5002500.89,7029230.08,2018-04-27
1621,002123,梦网科技,40112733.02,-43.94890383334,580657815.97,-2.6136579266,420060468.56,40327292.18,60259644.47,6702367.15,532690161.19,47575608.18,51413226.96,2018-04-27
1622,002119,康强电子,13595398.06,81.152538091139,266873844.02,3.0079734427,207151649.82,2866234.83,28577679.85,8188295.3,249854587.06,17544644.91,19842036.63,2018-04-27
1623,002107,沃华医药,18840530.27,20.677836180499,157840570.38,19.8446800246,33778406.31,82624715.03,10008168.17,2274754.88,132732380.36,27153190.02,27143445.9,2018-04-27
1624,002105,信隆健康,1372363.27,-73.125798882172,377232723.08,13.5405867769,329975416.88,14515960.76,25496538.43,7175772.12,380752573.83,-3519850.75,1413488.27,2018-04-27
1625,002104,恒宝股份,41400607.3,-29.463913342362,293722239.98,-23.0683303801,193554337.64,18877771.37,42699608.42,-191349.11,262323194.54,31442588.52,48034407.71,2018-04-27
1626,002095,生意宝,6499163.31,9.327643192581,88270023.89,91.5552297403,56223474.16,12896541.22,9937264.81,-1710264.95,79117413.87,8605359.56,8629492.56,2018-04-27
1627,002094,青岛金王,24949445.79,65.12205204717,763133797.01,63.7439563428,640656556.09,47778527.24,31569428.38,9522487.98,733847005.44,35602019.8,37147858.93,2018-04-27
1628,002081,金螳螂,478257966.79,3.10014190526,4347913071.92,3.9391349359,3663447860.18,96659299.57,126494249.06,37541354.99,3842219564.97,554211390.17,556023856.64,2018-04-27
1629,002076,*ST星光,7731577.17,47.94234308065,206399421.08,21.9959819345,147842538.07,15616052.31,28194855.27,7151553.24,206735631.19,7417194.07,7227590.46,2018-04-27
1630,002063,远光软件,5922808.04,2.897988624329,223488467.5,1.0567587721,81216088.31,61489612.35,91300776.7,-4866864.16,240090874.6,2156432.32,2401659.35,2018-04-27
1631,002054,德美化工,4326985.89,173.178714081685,634714634.07,49.9010449403,535348170.0,38385972.89,53587911.37,6474406.98,643433648.54,10540617.67,12786563.37,2018-04-27
1632,002052,同洲电子,1493584.46,116.436232258144,188685489.22,43.0445244049,141677012.17,13310064.29,26933107.43,5008073.24,189545963.33,-495124.81,1856946.16,2018-04-27
1633,002044,美年健康,-141544143.07,18.034212472936,742389306.27,79.6051339458,578471634.68,233046273.31,95864393.48,16918257.28,924881366.37,-183258994.19,-183461209.37,2018-04-27
1634,002041,登海种业,45150069.07,-62.452026216514,202972337.35,-55.702398798,103079240.71,25930677.45,33944429.85,-653888.62,166031325.71,55216844.52,55110656.99,2018-04-27
1635,002037,保利联合,6472248.88,125.616371087691,699526401.04,47.2866969885,535925662.76,26555087.51,81316952.53,35433406.99,683740341.79,16683370.56,17267505.95,2018-04-27
1636,002035,华帝股份,77140925.23,60.879652825156,1155947527.32,31.9918282605,684357061.46,296262249.9,76215224.69,-6948592.64,1068590139.37,87427679.02,95421293.85,2018-04-27
1637,002034,旺能环境,3156354.23,4439.37922770468,159419182.24,-4.4274571885,132917772.73,10887073.73,13903126.56,357366.36,158809655.68,4265813.07,4379218.92,2018-04-27
1638,002014,永新股份,41948750.56,-0.62625976387,424814960.43,1.8834248978,329947258.48,18483120.69,26828807.87,362776.42,377085194.82,47729651.65,50426104.06,2018-04-27
1639,002012,凯恩股份,17211276.73,379.944081926401,219073616.93,11.1985479791,161266530.22,13973858.37,29033246.7,2902286.58,211113264.63,20277873.96,22449806.45,2018-04-27
1640,002007,华兰生物,255335975.53,32.709622646654,538019685.38,30.7997334253,185305644.83,33074341.61,70736238.66,-5673183.22,288467186.43,296282055.09,296227535.79,2018-04-27
1641,002005,ST德豪,-86578112.55,2.309526185358,846425756.71,8.5637617421,706799266.48,31696561.31,116391108.25,79613328.35,943010218.8,-71979662.15,-72357819.01,2018-04-27
1642,001872,招商港口,138193456.79,14.538310803002,590462575.45,6.1098927174,332635395.49,,36019158.95,6226387.14,375360249.71,230093480.68,231248085.31,2018-04-27
1643,001267,汇绿生态,16311860.1,266.412606807905,137629401.61,37.0976081453,94730448.21,131146.0,16853787.17,2671644.98,115287718.4,21986003.21,22212453.46,2018-04-27
1644,001235,里得电科,5766307.15,,29067034.53,,18356415.59,2297993.18,2671971.88,67763.4,23431087.56,5635946.97,6783070.71,2018-04-27
1645,000993,闽东电力,1807520.41,-87.295027216004,208365411.57,56.2828944044,138885350.21,1139120.13,33930977.62,18293429.39,200779996.83,6282403.69,6097855.52,2018-04-27
1646,000989,九芝堂,132976115.52,1.38852829093,684717265.51,14.5394638324,297793327.65,188355191.89,38546772.14,-4436149.27,536304339.26,153293489.74,160109986.34,2018-04-27
1647,000980,众泰汽车,31227353.25,11.732486376962,535100539.16,41.1273101761,437665399.86,14026862.25,35582048.55,7711735.35,496405420.58,38695118.58,38485693.23,2018-04-27
1648,000975,山金国际,9384039.23,-8.590353091389,280354991.32,0.7032618127,191581305.22,121899.6,45525025.13,75499.04,249820380.96,35411310.44,35524530.72,2018-04-27
1649,000970,中科三环,72690100.43,16.158021314949,796605782.39,0.7818915477,610058388.68,20887779.88,57227122.05,5080074.48,696941177.5,100805114.04,112619129.82,2018-04-27
1650,000966,长源电力,49263087.77,-83.171481956416,1609599013.56,12.8413283587,1447260841.54,18293.0,19311804.44,46044325.03,1530992471.55,80846215.54,81624284.9,2018-04-27
1651,000965,天保基建,176634448.7,123.276210701973,472361400.94,-10.1086636343,200070568.74,4695815.29,8204714.29,450920.42,237384208.24,238515812.24,238522812.24,2018-04-27
1652,000962,东方钽业,-52547525.11,27.370648913505,238734913.45,28.7561222203,240391607.31,2170288.37,25424705.5,10918090.89,292407462.89,-53904956.82,-52512877.1,2018-04-27
1653,000958,电投产融,76929682.47,-61.707042866302,827729326.47,5.9520085288,687724487.23,,13762741.99,17817997.01,727183490.95,100545835.52,100634149.09,2018-04-27
1654,000955,欣龙控股,1943397.57,124.298784484232,136779629.29,45.3634092221,122556096.99,4909480.02,11663298.94,3884139.2,145009785.26,1386694.72,1366516.99,2018-04-27
1655,000953,河化股份,981238.75,-95.753398369313,61986917.69,-53.4612297334,61648335.07,1211222.87,4959386.44,4941746.85,75420740.35,-13433822.66,1310633.9,2018-04-27
1656,000952,广济药业,24425204.13,5.91338978028,170474710.18,8.7791271165,88036223.08,7957393.27,27938799.53,10924621.79,137641854.66,33375796.2,33752629.6,2018-04-27
1657,000950,重药控股,114950987.68,86.413843259075,5875361994.24,-12.6576167923,5335700533.64,194293742.42,143610893.5,84527493.89,5769650242.21,139415566.84,147036749.06,2018-04-27
1658,000928,中钢国际,101783919.81,-0.559505770698,1542921544.03,0.9258031779,1286982042.69,2793180.25,92297315.25,25497266.42,1407775399.21,135544857.15,134847780.14,2018-04-27
1659,000919,金陵药业,43030311.32,-9.972503619373,831626576.0,-4.4355520864,667391955.37,33418996.72,70632076.43,1644658.42,776777028.16,69097667.97,69528994.34,2018-04-27
1660,000911,广农糖业,2951824.98,102.582700622343,870495965.1,68.8337134099,739376609.74,26557786.69,93750970.45,54547941.97,920036757.84,-22723832.73,944341.95,2018-04-27
1661,000905,厦门港务,21313197.88,-37.584540128911,2965586677.01,55.1513886259,2850139273.69,5053242.72,39632552.11,7577782.82,2907932771.19,54125727.84,57678662.36,2018-04-27
1662,000902,新洋丰,223624955.76,3.232506513969,2645626154.07,0.5188033819,2182127329.66,96670286.35,83744167.06,836246.16,2370202350.64,284192034.74,283939856.09,2018-04-27
1663,000900,现代投资,175899942.91,44.114172713335,2396243165.66,75.1434019127,2028071415.55,8921843.25,85540769.42,115777689.05,2240363164.63,224899193.59,224654956.49,2018-04-27
1664,000897,津滨发展,-9379348.35,-91.439276980851,34457660.61,-77.0123009614,25672057.83,8281758.4,15051737.34,7749452.07,48548486.68,-2415922.71,-2183283.12,2018-04-27
1665,000892,欢瑞世纪,-28958400.35,-139.1122881271,31115132.9,367.4769115469,23176840.52,29649415.32,10928125.68,934016.98,59945587.52,-28830454.62,-28845261.33,2018-04-27
1666,000890,法尔胜,8443527.86,-60.440815234658,622728725.51,32.7283488603,562341100.97,3475180.17,31978912.18,18071018.87,617460190.53,10939229.78,11022127.07,2018-04-27
1667,000886,海南高速,55446699.92,253.322466972588,201215324.73,295.175094827,120108092.46,4956698.45,14332159.25,-3415779.31,141708668.83,67195298.15,67199940.15,2018-04-27
1668,000885,城发环境,122592806.43,100.514033695979,1062475281.5,20.4116858056,647880684.07,44165648.2,154851094.26,39826031.66,898957802.41,163561753.07,181498211.63,2018-04-27
1669,000883,湖北能源,441279857.21,10.852214484389,2632993162.16,37.0874877709,1972462965.21,2149054.32,59316140.99,104440565.08,2164063284.24,569844118.06,575377615.73,2018-04-27
1670,000878,云南铜业,67022963.22,178.450223120883,10900241240.52,94.4738127522,10446898102.68,71622191.19,148575384.35,111403806.5,10811850052.1,124622024.83,118416242.12,2018-04-27
1671,000877,天山股份,-134191262.29,29.724684914063,584978892.21,46.9948108597,482769444.37,36210013.71,79144937.33,111637755.74,753229645.81,-166308709.56,-163161740.73,2018-04-27
1672,000875,电投绿能,68707133.5,-45.936237662521,1444711022.47,18.5669951384,1148205481.7,,14505358.03,170247358.44,1349881688.86,93269326.02,97472139.35,2018-04-27
1673,000869,张裕A,516634494.0,-4.821647205881,1896586469.0,0.762704041,636501146.0,390557653.0,68123359.0,5828593.0,1211081443.0,685483093.0,690455046.0,2018-04-27
1674,000852,石化机械,-107528490.02,-13.788603073688,577946851.89,-13.1687562943,539696754.35,36583308.88,75599696.18,30424679.04,690172137.33,-112148933.35,-106786078.41,2018-04-27
1675,000839,国安股份,54557307.51,-35.394768730936,1122984606.93,35.2302816708,906460839.79,59371917.75,90606783.72,60675546.81,1125861329.37,69279770.68,77482815.42,2018-04-27
1676,000831,中国稀土,8325501.24,153.793725539685,104898521.26,68.5499278178,92174076.0,504599.85,17725929.67,-608466.18,98358457.54,6801108.88,11781632.03,2018-04-27
1677,000811,冰轮环境,88952275.69,2090.69482077406,677040164.73,17.4451583903,480841063.08,85630400.35,58366151.26,13692957.63,648561898.04,138894465.5,139445234.94,2018-04-27
1678,000807,云铝股份,117883329.26,381.970928430879,4730084613.71,57.4734724938,4140986129.01,96311461.7,131423714.08,183051139.56,4567267398.67,157465684.94,158664564.86,2018-04-27
1679,000801,四川九洲,1361325.84,-91.285944766733,686360019.08,-25.6275254952,588891344.23,26257590.21,77412641.09,4372155.0,697061235.7,-10715163.88,3125729.61,2018-04-27
1680,000797,中国武夷,62520071.47,277.928675462034,552373512.68,40.8261457092,371794915.55,10161033.21,24074067.97,20169982.8,447353667.12,105161577.39,105484369.82,2018-04-27
1681,000792,盐湖股份,-264650123.01,-284.20261521177,2114894032.29,-3.8663816425,1614633658.41,66529896.58,111540284.1,369437379.74,2349480309.14,-232925599.83,-223815482.73,2018-04-27
1682,000789,万年青,6517959.88,24.29364699395,1159384564.67,11.4884050293,983902409.81,44984809.94,64393164.0,35029008.9,1130133543.83,48295670.26,56669870.22,2018-04-27
1683,000786,北新建材,149669158.15,48.519055662977,1779461172.49,23.9256660205,1287330724.75,80149424.44,164717584.4,19019863.28,1578274452.32,208555676.63,174636136.21,2018-04-27
1684,000785,居然智家,20394660.11,23.81126943601,1074527151.54,-4.5636599379,856978875.1,9214030.71,144822806.92,9009405.57,1036055315.98,39310192.99,39948154.12,2018-04-27
1685,000778,新兴铸管,230583881.23,489.735384637013,12043758057.45,7.3287913793,11248063218.13,222816146.84,161114906.26,151710659.7,11852156835.71,192505627.48,286695781.68,2018-04-27
1686,000777,中核科技,-13360706.34,-208.901714177228,107110925.4,-52.8773826689,90484068.08,14476408.31,29023543.49,-90837.11,132122861.83,-16003846.05,-13082901.7,2018-04-27
1687,000768,中航西飞,-87796579.54,-47.225318778047,3132105697.38,-13.3936862697,2966174365.19,69876646.94,221787920.1,8346205.9,3292443064.18,-152508348.86,-121873532.98,2018-04-27
1688,000762,西藏矿业,-22529015.11,-196.14433911507,60387471.15,-68.6140432452,56826348.3,3048569.39,17742380.08,-2149428.72,78385944.84,-18234284.14,-18876100.35,2018-04-27
1689,000728,国元证券,241897908.91,13.07591983695,791250584.92,26.6523617886,,,478946761.6,,478345419.69,312905165.23,311813665.86,2018-04-27
1690,000726,鲁泰A,159008371.62,5.141586678548,1275925984.8,-0.7599055436,861673738.94,33468425.19,152079558.73,12307415.76,1078187498.3,203555140.44,201323907.87,2018-04-27
1691,000713,国投丰乐,-5849433.99,-141.219661964417,347191934.27,50.2083552417,303435126.91,23337288.47,23567194.52,708529.16,351288468.42,-4021136.88,-5242817.9,2018-04-27
1692,000712,锦龙股份,72967154.03,-3.093613730069,279373267.99,-18.8490899534,1076990.55,,163861107.18,41436037.2,165904285.37,113468982.62,113415699.54,2018-04-27
1693,000710,贝瑞基因,38770309.41,-354.35511419975,224832468.27,11.7882239441,92564101.48,58950101.76,24669282.21,-710995.04,177477222.27,47178241.51,47665850.28,2018-04-27
1694,000698,ST沈化,82709504.65,-4.576445199953,3185694080.78,59.8122795645,2904938497.63,33926315.44,82731814.52,34102267.27,3105186754.56,80507326.22,96406815.33,2018-04-27
1695,000697,ST炼石,-18331159.6,-189.677599824144,0.0,,0.0,37354.89,21951967.1,-1445698.63,20833667.06,-19459523.23,-19412700.23,2018-04-27
1696,000695,滨海能源,-16594711.64,-308.365260083262,258189513.31,14.2829134508,260852868.57,,8325495.71,5291583.52,274822936.38,-16639158.98,-16594711.64,2018-04-27
1697,000682,东方电子,8355579.97,45.676294429583,423388049.35,-1.1175652318,288437534.89,44976210.87,69220519.81,-4035757.88,406166548.73,26983654.47,27241322.47,2018-04-27
1698,000677,恒天海龙,1802573.37,-13.048963225497,135080840.51,24.5309359148,116583741.21,4578536.11,7144055.94,1514320.0,130742941.25,4337899.26,4510629.26,2018-04-27
1699,000676,智度股份,122724389.66,1923.75171684286,1191606550.52,1972.8908477446,1020508312.8,25647904.3,21226602.01,1178433.49,1071857395.56,131350704.19,135678024.39,2018-04-27
1700,000672,上峰水泥,87736599.32,414.198974562126,758075647.22,62.1744511035,539814045.58,20257430.07,61991174.39,14246550.41,645353242.11,112727395.05,121319807.07,2018-04-27
1701,000665,湖北广电,91234776.65,-10.089827767611,542422181.63,-6.4632357734,294449347.23,92695523.09,67441795.43,2013842.15,458143914.03,83658862.67,89517345.0,2018-04-27
1702,000663,永安林业,-17504275.71,-2.902251805359,192138381.75,-2.6641542725,161482133.21,14486745.37,22407433.59,11483510.04,212489541.17,-20390285.1,-16762682.49,2018-04-27
1703,000651,格力电器,4014536499.66,27.049686775959,30035264556.37,19.6719951424,19479983199.16,4440423064.52,1386308422.62,-68719543.61,25704238098.92,4720003836.0,4742264510.21,2018-04-27
1704,000650,仁和药业,79376486.57,-23.614458644567,828526402.41,-1.1755196666,503993609.84,127430352.14,65714301.06,-2178742.03,704405730.39,127184753.0,127440215.0,2018-04-27
1705,000632,三木集团,3011314.81,38.582751867425,758556761.82,4.755077217,643464747.61,12260791.08,27779055.16,42974061.78,743323853.73,10376137.52,18167385.01,2018-04-27
1706,000630,铜陵有色,144138261.27,265.484307196703,18198200972.81,0.2782770314,17424147931.7,65531993.99,200364365.72,161930073.87,17927799226.08,263896274.41,262815111.64,2018-04-27
1707,000625,长安汽车,2401344788.39,-10.163509503796,17667498708.59,-8.6372886709,14990645640.09,1261065351.21,642428393.22,-116396575.66,17599041756.59,2436585135.83,2448599271.79,2018-04-27
1708,000615,*ST美谷,-21205479.99,-757.446395799839,376636792.52,18.21128757,305409529.84,12575296.88,47966007.61,7983882.37,389076398.11,-6049925.09,-4629624.97,2018-04-27
1709,000612,焦作万方,31243815.08,206.479392648773,1039466332.18,2.4938969027,993440154.33,2245626.76,22348696.24,21802238.04,1044732362.87,29643066.71,32440350.8,2018-04-27
1710,000607,华媒控股,-17538581.25,-13.23771611069,342869542.27,20.968351783,281815502.55,24623348.9,40731045.9,-453936.67,351560897.12,-9479832.32,-8226743.35,2018-04-27
1711,000605,渤海股份,7406223.32,24.022612180508,264745571.7,39.2307935586,195339040.01,3542380.21,29608085.81,18089792.0,247545001.59,17748032.12,17861327.19,2018-04-27
1712,000603,盛达资源,11725529.43,-39.238559562806,29125711.54,-38.4746890985,5058106.2,190568.06,7786276.02,-4277092.46,11855712.63,17269998.91,20903183.77,2018-04-27
1713,000601,韶能股份,123692882.32,-23.121660838769,834239024.81,3.7214443704,573601736.04,18680293.44,35942785.56,38985523.68,673156224.51,166823923.78,169988713.09,2018-04-27
1714,000591,太阳能,74875776.3,158.686678297088,568203865.25,-20.3169568857,287694073.54,3360545.7,47816724.06,152665985.27,507941603.6,80384867.93,79886553.95,2018-04-27
1715,000590,古汉医药,10706913.39,-20.619890333034,71411609.76,-23.5685121834,32704345.02,13835045.52,13914356.0,-886208.64,62039643.2,9457126.21,11840441.52,2018-04-27
1716,000586,汇源通信,-2602225.27,-59.903071855535,101989204.03,1.4650603971,85084015.43,10327151.17,8008507.01,131512.82,105869649.58,-3874223.23,-3350714.56,2018-04-27
1717,000582,北部湾港,113771078.33,12.049117649444,766566684.34,5.7026673969,499957659.53,,56478637.41,58136027.93,624031596.1,142506554.87,140805151.09,2018-04-27
1718,000581,威孚高科,645645422.01,59.23331072267,2457239285.84,60.2593930348,1968602520.31,41776849.82,204449276.63,-1067264.09,2223746377.38,706553296.12,713504073.89,2018-04-27
1719,000572,海马汽车,50473083.73,-39.680782571378,3379010580.04,-13.0611717321,2810212128.81,126369384.93,207496151.77,-7084891.63,3288908464.99,75773482.72,83160557.36,2018-04-27
1720,000571,新大洲A,21977265.16,12.962107193172,128786135.11,-29.222000737,126516552.05,11591698.47,49938435.02,15693240.78,215380708.8,17141863.75,18318147.34,2018-04-27
1721,000570,苏常柴A,34991536.7,44.104499525763,723164530.66,10.4882351372,638873185.41,26191359.28,39069823.45,-1043419.34,705529406.81,19850173.07,37846437.08,2018-04-27
1722,000553,安道麦A,762710000.0,632.419574224413,6343615000.0,37.1984140089,4055998000.0,1034874000.0,279567000.0,435830000.0,5853576000.0,783951000.0,782034000.0,2018-04-27
1723,000552,甘肃能化,116306863.37,122.373119053347,1089887215.38,23.887601784,795263447.54,28087705.1,59972165.78,497972.69,962238713.19,132389159.72,132039135.6,2018-04-27
1724,000537,绿发电力,135340930.3,-212.50209375217,1882612551.59,-64.0193437623,1384241695.45,227814845.6,52908525.73,6622463.44,1805745235.67,76867315.92,79426141.0,2018-04-27
1725,000536,华映科技,55413696.12,-8.952613193115,1048118670.38,1.8781818191,826769240.65,5124853.48,77874195.07,25576300.96,988014115.39,77222791.85,80800816.2,2018-04-27
1726,000534,万泽股份,-22885446.27,13.93839573724,1622637.33,-92.7589906523,979929.62,3958302.51,10050352.61,10649171.68,23953930.62,-24155837.99,-24115523.27,2018-04-27
1727,000531,穗恒运A,86792257.74,-19.136038476192,736108326.86,65.5477967961,557667753.21,2652865.62,37443767.32,32687992.41,644213536.42,118624779.37,118107434.91,2018-04-27
1728,000520,凤凰航运,4200392.07,64.862198663956,180125421.72,20.3265992792,155348273.18,2499419.25,17116037.92,-26231.97,175350459.44,3537971.73,5186298.23,2018-04-27
1729,000517,荣安地产,348820552.07,13199.2431720064,2899556868.42,1139.734623275,2258694787.23,6100678.4,14713132.13,27724965.95,2458491867.17,454094424.63,455080466.86,2018-04-27
1730,000510,新金路,26147178.36,1765.97982730209,385643470.02,27.1686191458,314574842.73,14200324.98,28272603.7,3012453.3,363272461.47,22826554.67,23069185.39,2018-04-27
1731,000509,华塑控股,-4488631.47,48.539162006129,84406605.0,328.4970610674,82289429.21,16342.28,6134125.76,394238.06,88877867.16,-4471262.16,-4513261.46,2018-04-27
1732,000506,招金黄金,-37639065.65,-327.908622591649,54167517.71,-73.7665092131,41427382.76,3360555.03,34700336.7,13226268.45,96084593.23,-41917075.52,-41810734.33,2018-04-27
1733,000488,ST晨鸣,702517923.91,74.698623483779,6274273821.63,26.7035727342,4271432799.39,304176522.86,413588829.04,472931576.6,5540639425.53,766794342.17,864859025.47,2018-04-27
1734,000429,粤高速A,286719172.39,51.496691034882,708861624.37,7.9666223931,271049367.9,,38257241.2,68424547.69,381174667.38,425158109.79,425562427.86,2018-04-27
1735,000420,吉林化纤,33813132.94,1219.59803187448,499216337.74,71.2971495496,441590017.56,10353005.08,15389820.75,10321065.22,465382980.96,36827412.09,37822429.17,2018-04-27
1736,000417,合百集团,112110366.16,16.578421275404,3091340408.99,4.4967301758,2527908582.99,115856664.8,245597550.9,2996872.78,2933035240.66,159158504.11,168337876.74,2018-04-27
1737,000410,沈阳机床,-267104813.98,-114.617930467732,883863697.53,-46.0571152716,662226788.44,144561985.25,134548202.78,208855527.26,1161591450.88,-276666745.77,-269966418.03,2018-04-27
1738,000407,胜利股份,24216955.57,-54.62365783124,767227291.53,27.6690016001,644193978.2,31391200.51,20257171.61,8724492.68,713930213.58,273038512.4,57309849.44,2018-04-27
1739,000301,东方盛虹,3832130.47,-89.441152892108,226249914.2,49.7396253176,163653538.45,4288157.61,23035502.19,13089745.8,215964616.89,13733560.59,13640046.54,2018-04-27
1740,000158,常山北明,-12408782.07,54.007007441063,1954769735.37,6.6672556175,1822622522.86,55305423.08,117303687.92,59365578.56,2071915044.03,-117218213.95,-13011930.35,2018-04-27
1741,000099,中信海直,13970148.26,-23.170891816449,263389536.09,5.3892652164,223166883.15,,16692428.02,8414991.78,248813472.6,14576063.49,18026760.37,2018-04-27
1742,000088,盐田港,79606063.83,6.243165947629,79118133.1,27.2711792927,41756418.9,280824.54,19974472.82,-3634350.28,59140410.72,95582614.13,96354039.0,2018-04-27
1743,000069,华侨城A,756986992.59,25.983622438378,6155396259.05,11.9091672237,3350172510.95,185429684.97,366377060.21,280455634.21,5096588769.53,1129467072.89,1137002241.52,2018-04-27
1744,000061,农产品,4986280.12,21.314613731518,579577508.94,21.8205118774,382084316.08,37796400.78,85361302.06,53888940.39,583843331.2,56250634.86,58454242.11,2018-04-27
1745,000045,深纺织A,4302137.37,141.986566074673,272392669.11,3.843651061,253475015.89,2133505.4,20188494.12,-3743353.85,280214579.88,419907.76,4392082.87,2018-04-27
1746,000042,中洲控股,25858292.3,-42.247895776577,1092102058.91,-42.7105357898,836926891.7,22962175.62,55360520.16,103430407.26,1068821171.17,40268670.27,42239789.05,2018-04-27
1747,000035,中国天楹,22788430.12,-36.967855741374,238776904.99,46.6084279706,138725250.57,744062.84,40550122.23,36952357.09,226146925.6,12631503.55,33665892.36,2018-04-27
1748,000031,大悦城,142744056.43,-21.711342358276,1719083494.15,-47.3580531661,811913827.98,75011100.67,62760355.25,111700456.09,1342770910.9,420650906.98,425396026.87,2018-04-27
1749,000029,深深房A,34621550.04,11.185995533683,272038375.78,-18.2021074616,202225932.36,3500211.22,11615180.55,-2375013.14,224314815.24,48373560.54,48634092.6,2018-04-27
1750,000025,特力A,4494980.27,-27.055089789396,81147771.18,1.7898804729,60898412.9,3291920.97,9300078.35,115142.81,74807664.59,3904225.47,3898895.12,2018-04-27
1751,000014,沙河股份,-3359942.78,30.70996319001,97039586.71,199.9511226884,84829970.67,4617389.37,12832730.61,622739.59,105484673.44,-8445086.73,-4334936.48,2018-04-27
1752,000011,深物业A,301597814.36,52167.629038074,1038683462.42,429.726241111,262456401.41,4952737.5,24965424.45,-7220614.53,638345727.45,401207167.82,401510428.6,2018-04-27
1753,000010,美丽生态,-25508071.72,22.00953778967,105001149.0,-13.4044267485,81483088.15,15012876.91,28560280.23,17290912.29,135834656.04,-29217130.09,-30308648.36,2018-04-27
1754,000006,深振业A,103858804.96,112.789155844159,1167907487.84,205.3456551524,902908113.63,4364727.25,16190821.66,31240700.21,1019054665.78,152665818.82,151832604.54,2018-04-27
1755,688733,壹石通,1093891.91,,15109366.66,,10509505.06,693207.17,1670368.61,620114.52,14119136.67,1090229.99,1093891.91,2018-04-26
1756,688588,凌志软件,14924514.33,,76687868.08,,43038908.42,3303842.45,18505333.29,-3448882.98,61670070.1,16958399.44,16950385.81,2018-04-26
1757,688335,复洁科技,-5130114.22,,689305.39,,559736.65,1106680.42,3563436.78,378238.39,5900401.09,-5211095.7,-5130114.22,2018-04-26
1758,688300,联瑞新材,7538569.37,,44925246.24,,28074164.66,3051290.52,4279185.48,447605.19,36502024.35,8855258.0,8841724.78,2018-04-26
1759,688287,*ST观典,2000238.07,,13699045.25,,7131077.16,498988.16,3732060.14,-32600.61,11329524.85,2369520.4,2353221.25,2018-04-26
1760,688218,江苏北人,11549704.79,,95958103.83,,74987578.46,1423679.73,5554309.83,193566.35,83277084.6,12885777.94,13301591.76,2018-04-26
1761,688179,阿拉丁,5115178.62,,22192602.75,,6722325.52,2934719.79,7646415.03,258509.94,17720399.35,4472203.4,6201085.13,2018-04-26
1762,688095,福昕软件,10290879.71,,53641136.93,,3886361.51,18917121.91,19409845.79,1340539.88,43747434.97,9910141.48,12486430.1,2018-04-26
1763,688057,金达莱,-9546632.66,,15327106.47,,7498809.2,9492429.78,9411295.92,689175.77,28890964.04,-13988054.07,-11027564.61,2018-04-26
1764,603969,银龙股份,32017755.05,448.484775404481,396714092.12,123.4357019684,319677677.03,15979229.29,19608200.12,10843.92,356145968.84,41671704.85,41437251.96,2018-04-26
1765,603959,百利科技,8852735.44,334.022806003692,101371394.21,117.96274541,72638161.15,808991.93,11281429.17,5812561.42,90968098.25,10894963.8,10894963.8,2018-04-26
1766,603955,大千生态,1547711.63,9.291117870189,62726892.96,9.5452065388,48286788.45,14300.0,15432692.32,-1605449.31,60683001.33,2192673.85,2181691.87,2018-04-26
1767,603937,丽岛新材,20095426.44,,234083078.6,,193480353.35,3731590.82,9940184.58,-1256488.07,207179101.67,26973736.14,27007904.03,2018-04-26
1768,603928,兴业股份,18714529.68,-38.117526597732,227047134.48,14.4144362378,178020484.88,11000075.91,16820361.12,-317515.63,210903649.49,16143484.99,21260975.96,2018-04-26
1769,603903,中持股份,2176125.29,744.869979797707,71615572.1,51.3523925667,52705777.16,2516437.1,10408232.72,1879954.57,70038586.56,3902738.26,3953569.97,2018-04-26
1770,603900,莱绅通灵,110143897.02,30.462036162966,543029074.58,22.2590353711,239254030.35,119374120.63,29011871.47,-433813.51,402370728.74,144595480.46,147067038.09,2018-04-26
1771,603897,长城科技,31548921.53,,932653623.01,,856349100.28,5203265.54,24381170.32,3855152.38,891695662.04,41077779.73,41638479.73,2018-04-26
1772,603896,寿仙谷,24648332.35,12.760648961028,87487217.56,2.9992125635,12243450.13,39260310.92,9334991.0,1346590.69,63768066.08,24586201.54,24633126.64,2018-04-26
1773,603889,新澳股份,36734509.07,16.970945750798,456980644.83,22.6995229133,365791096.91,7568211.32,28053593.12,2603813.69,408314840.07,48820862.82,49630830.17,2018-04-26
1774,603885,吉祥航空,420396568.21,-7.448283964857,3113989331.94,22.0215902884,2449788947.24,136882616.39,91593352.05,-13049160.89,2668421072.15,446163825.65,560660922.8,2018-04-26
1775,603882,金域医学,7071868.93,,801323786.17,,482226923.46,152137331.99,142757107.35,8625688.3,791303701.78,17110608.76,20734991.01,2018-04-26
1776,603880,南卫股份,11579752.54,,105742587.57,,77668770.57,1901007.03,11601020.5,1836114.57,93109695.26,12686748.51,13062369.78,2018-04-26
1777,603868,飞科电器,200448783.49,38.22357917038,940522661.55,20.273622407,572952951.87,65412030.18,36684672.9,-4026126.77,682031006.36,262131677.44,267439612.95,2018-04-26
1778,603866,桃李面包,71277553.71,-13.832179831979,820164696.08,23.8843981364,535866770.13,161210984.55,25479178.87,-457716.12,733138292.78,85416164.55,90230926.06,2018-04-26
1779,603856,东宏股份,15990449.04,,167927253.34,,139380634.17,9645328.88,12300027.83,758098.95,155106474.57,17716484.31,19223777.55,2018-04-26
1780,603843,*ST正平,-13968897.84,7.101848664453,172226823.04,-7.8113590808,157401305.58,618649.83,13405238.7,13641425.1,186212963.22,-14047437.4,-14047437.4,2018-04-26
1781,603838,*ST四通,13879469.02,-7.791381139943,95556872.92,-10.6566020343,63272971.04,4164846.13,9789702.27,336720.45,79128577.75,16485749.99,16892878.85,2018-04-26
1782,603823,百合花,26748177.03,-12.768162783252,357929252.96,11.707625899,293816510.73,5055527.67,22718850.05,900207.71,324870343.3,33058909.66,37884571.64,2018-04-26
1783,603822,ST嘉澳,4394163.23,-10.422851406219,183161516.2,93.0410092392,157376716.52,4682790.71,13397938.53,3147958.93,184397055.96,-1235539.76,4384776.39,2018-04-26
1784,603818,曲美家居,24915615.61,58.712353929041,342967810.34,37.6077516384,213729216.21,67670996.33,28984866.37,-165967.24,314179062.72,31327074.12,31012803.28,2018-04-26
1785,603813,*ST原尚,11155517.86,,89437728.34,,64973282.68,1802426.36,7895288.28,528988.11,76058834.61,13430667.72,13341374.9,2018-04-26
1786,603797,联泰环保,13791256.96,0.66950690316,44838766.9,-9.5597942004,18961960.57,,5811101.86,10113484.76,36609552.48,14565030.33,14671186.81,2018-04-26
1787,603779,威龙股份,15355900.19,36.926243200128,214794585.15,10.4315092363,96350559.82,62856894.08,10932430.73,7292822.95,192867225.81,21922050.98,22529471.76,2018-04-26
1788,603766,隆鑫通用,230875175.18,17.4958900563,2252201493.23,20.2198160635,1780778168.59,44403132.19,123992184.89,9955393.67,1968346428.38,295147225.53,295080540.9,2018-04-26
1789,603726,朗迪集团,33183536.15,235.555435767548,249947842.51,56.9204432174,182276566.22,14053828.4,19425157.44,583094.4,219404031.18,41523793.3,41222202.97,2018-04-26
1790,603718,海利生物,24939857.98,-11.517511147202,73129262.56,-4.5111680362,15417812.94,14745093.91,22497215.86,1753565.79,55908603.62,23951014.63,23933435.13,2018-04-26
1791,603712,七一二,-5792648.65,,189081551.43,,96996933.56,7487799.77,83342291.93,8344103.33,197111380.2,-5606523.86,-5588249.72,2018-04-26
1792,603708,家家悦,92229528.4,6.376209069014,3032284231.77,2.2224766894,2390102416.59,464470243.23,49043461.94,-7872998.14,2912662036.04,119768300.68,121020302.36,2018-04-26
1793,603701,德宏股份,19752481.99,28.541253276117,119860221.22,18.1019892868,79110021.02,5502350.24,12188948.95,-129008.61,98979446.52,22328013.57,22328013.57,2018-04-26
1794,603700,宁水集团,22043579.83,,173084193.51,,113324071.1,16225649.12,14127089.64,862785.8,148850031.78,25923139.97,26025843.91,2018-04-26
1795,603689,皖天然气,38136532.57,9.701084465567,742339606.11,23.5941206494,672758011.8,1743501.93,13305827.31,2053526.96,694440586.57,47264280.43,48695529.79,2018-04-26
1796,603679,华体科技,7320745.35,13.697355873765,70916604.26,49.0095063456,49826223.62,7750031.03,7708060.17,340363.88,62491192.97,8425411.29,8981491.24,2018-04-26
1797,603639,海利尔,61273740.79,43.17775453244,368562824.83,28.8999825769,241781932.03,24736232.26,26522453.9,500957.16,295722092.36,74366192.16,74467739.8,2018-04-26
1798,603615,茶花股份,26239857.83,3.391459187894,177268015.59,6.1363384214,116559056.73,8338505.72,11279940.02,-433303.13,142562618.29,35106658.26,35545007.77,2018-04-26
1799,603611,诺力股份,34035450.26,13.740671434192,441034721.11,56.0177165265,332762695.86,18670550.85,42650499.22,3498702.57,403330575.04,39475482.82,44199572.87,2018-04-26
1800,603596,伯特利,63137624.48,,617121911.75,,484886163.5,16021179.76,34564002.23,3409177.75,532001907.84,89028667.4,88212802.99,2018-04-26
1801,603588,高能环境,3343352.28,128.293467058525,280958819.35,140.0398826557,202957656.77,14717999.52,44978048.05,16300660.68,277628758.49,9245527.61,9141090.73,2018-04-26
1802,603585,苏利股份,46559699.46,14.611231576337,353169460.07,15.1690524214,231077399.75,8687725.63,28164510.84,2389536.42,273486610.69,78983055.08,79242538.0,2018-04-26
1803,603559,ST通脉,-308665.55,-127.180645551532,59446861.64,1.6412056689,51451347.86,956101.42,5384904.04,209063.2,59656810.02,690051.62,-617789.38,2018-04-26
1804,603516,淳中科技,5783829.83,,39798334.99,,15536724.16,6047157.53,11102000.23,-1108.93,33241533.77,7099010.68,7102796.68,2018-04-26
1805,603505,金石资源,6637119.97,28.241961910816,54056676.48,19.2719055474,37309114.76,2223535.86,5404215.88,2929012.72,49326727.14,8205107.57,7994486.67,2018-04-26
1806,603458,勘设股份,50261755.84,32.187422487909,394674397.91,15.9812683861,244054336.73,6195624.04,50174014.58,6247375.8,333619774.58,61644008.05,61637004.95,2018-04-26
1807,603456,九洲药业,42200219.85,11.407734756905,394550338.01,12.3989955189,272074760.43,4308540.12,65424388.47,3116824.77,348669877.81,46214683.05,49388594.97,2018-04-26
1808,603444,吉比特,163978518.74,198.339978011534,376498875.89,317.6709291548,28530100.76,46610426.7,70045924.24,-3210679.68,144602964.5,235242275.43,235235266.37,2018-04-26
1809,603429,集友股份,19945453.71,57.535626177501,48929798.27,10.6793139145,21614888.24,2233002.71,8669396.29,-145584.55,33871471.15,15206775.52,23547400.86,2018-04-26
1810,603409,汇通控股,5419976.42,,57561717.83,,43305984.5,2832484.21,4757711.38,755659.48,51870388.23,5082676.26,5321235.63,2018-04-26
1811,603386,骏亚科技,10792775.85,-19.407578891561,190224594.89,20.1340596589,155512249.85,3884946.97,16679216.47,1885182.73,180375013.82,10864197.13,11065526.27,2018-04-26
1812,603365,水星家纺,58204186.11,,478221874.37,,302138234.66,71481621.65,27023164.74,2490450.18,407808805.64,70645335.85,70720369.99,2018-04-26
1813,603356,华菱精工,7944845.79,,108264630.0,,85033834.63,4759512.91,7851049.92,312494.93,98880851.59,9387660.09,10276890.15,2018-04-26
1814,603355,莱克电气,145684504.21,32.849621608311,1347944101.54,44.0818888212,932943487.45,119114142.53,85036355.13,5531609.23,1188499001.15,164222402.72,166232207.31,2018-04-26
1815,603329,上海雅仕,16217228.18,,386589436.35,,343376490.26,5483227.57,11222838.98,839306.88,364902620.25,22852206.12,22452062.74,2018-04-26
1816,603323,苏农银行,170231000.0,9.823617455033,622053000.0,13.1412710741,,,198051000.0,,410743000.0,211310000.0,212633000.0,2018-04-26
1817,603321,梅轮电梯,5860161.01,,95116154.76,,67657163.57,12566173.45,13334821.16,-700542.05,93360268.47,2369877.38,7154957.22,2018-04-26
1818,603305,旭升集团,53146872.38,92.921811720463,169626521.33,80.1065619572,89704212.88,1875401.6,12610105.71,984715.43,107333824.09,62353232.95,62359864.27,2018-04-26
1819,603300,海南华铁,22877463.38,33.209764510828,148813550.56,103.0121737336,49062284.26,12227941.13,7554044.19,8155712.97,77609365.97,73340362.54,73387533.51,2018-04-26
1820,603299,苏盐井神,28646353.06,354.974441356251,594768755.98,14.3461019837,412776388.7,62791072.49,41147775.39,23721903.79,559937512.2,35702843.78,34976943.56,2018-04-26
1821,603298,杭叉集团,118150920.94,10.19292661214,1600569330.36,23.8374150982,1275485557.85,97242717.21,83806513.31,-3133884.77,1467689592.22,147593564.81,148147313.9,2018-04-26
1822,603288,海天味业,976954484.75,20.646932716842,4011026841.44,17.1141226909,2218651034.45,491288331.04,160957815.51,-27474675.53,2888995932.33,1156299875.87,1162903032.95,2018-04-26
1823,603279,景津装备,38464428.27,,368354001.05,,246534302.42,52616415.23,24662622.24,164754.01,328834637.19,42350344.32,45674690.46,2018-04-26
1824,603277,银都股份,39441506.8,,287014522.01,,162855037.89,42482890.12,26750101.79,1573551.55,241142247.83,45468563.18,46906594.1,2018-04-26
1825,603269,海鸥股份,5779959.39,0.175715331949,109215083.13,7.0507859315,75759264.67,10442668.76,13273440.23,1976021.06,103223336.28,6299028.42,7087780.29,2018-04-26
1826,603260,合盛硅业,271296021.02,,1446375859.83,,922520138.54,81691957.1,38461109.04,44309259.23,1140710208.19,317683744.47,320526763.14,2018-04-26
1827,603239,浙江仙通,60970094.9,81.262926045165,193024589.89,49.4337428399,99693266.15,10091596.72,16016913.83,-179152.44,126125692.97,66999006.51,71414298.67,2018-04-26
1828,603226,菲林格尔,7505716.83,19.944341712237,133359122.26,30.2471774921,94407681.55,17186654.29,11676009.65,785759.7,125021434.58,8505160.99,8839569.54,2018-04-26
1829,603197,保隆科技,45183524.73,30.611192912187,507035564.16,30.5807027806,340144433.58,32214837.39,51414379.17,2642731.42,429696996.24,78684940.57,78702138.29,2018-04-26
1830,603186,华正新材,40834657.78,58.048411550301,387739041.25,47.6090070824,297080075.12,14442763.36,23916941.42,4413279.82,343799974.36,48242500.1,48231135.13,2018-04-26
1831,603180,金牌家居,10083214.25,114.525022332425,207580734.64,42.7716995727,135600239.89,36482147.93,22897822.11,-243058.78,196638433.12,11267274.08,13178446.5,2018-04-26
1832,603168,莎普爱思,50063213.48,-4.106167121661,220339962.58,-13.173377933,66140995.66,83340086.29,17323232.14,-212447.5,169361285.77,56841006.65,57841006.65,2018-04-26
1833,603167,渤海轮渡,149732612.72,18.824088473545,338788764.8,40.4880819749,220503602.99,5551758.51,9115798.73,2704330.01,240062912.15,206945034.88,210873243.3,2018-04-26
1834,603139,康惠股份,9400524.06,1.973836122233,58986220.41,4.8337069487,24913203.2,17762567.93,4278447.97,301925.78,47993640.84,10992579.57,11059440.07,2018-04-26
1835,603138,海量数据,6315239.35,21.377889506893,94043924.52,14.4781694471,74362462.53,3343458.6,8465472.37,-185188.04,86758834.15,7286390.37,7336039.16,2018-04-26
1836,603128,华贸物流,62782761.47,116.89878050905,1786218860.52,14.011340772,1561051168.6,89830354.92,54322746.68,609070.06,1707303535.74,79193258.41,82189257.14,2018-04-26
1837,603116,红蜻蜓,88729199.38,16.884216271635,803953091.51,8.037938762,519462223.44,100971019.84,66341039.68,-3456191.53,701138570.87,110636661.96,118720946.49,2018-04-26
1838,603113,金能科技,210398656.92,10826.4497734428,1596717329.0,125.4060728489,1267642099.92,40170498.11,27550248.33,9858928.51,1361354075.23,246485087.01,247479336.09,2018-04-26
1839,603108,润达医疗,33195346.49,110.250638198874,759233004.17,85.9623986823,552352799.73,63883597.22,62613371.34,15648363.51,703063592.41,57505289.32,60598134.48,2018-04-26
1840,603099,长白山,-28090382.77,-135.258983475328,25794557.26,22.4949870411,41447674.09,3854096.83,8789536.25,-1368779.92,54328071.49,-28533514.23,-28090382.77,2018-04-26
1841,603090,宏盛股份,6586707.25,-21.67663698107,68437084.66,29.5444233742,47924232.37,4137301.66,8378741.55,543519.36,61633073.67,7615165.54,7656710.16,2018-04-26
1842,603085,天成自控,7275018.09,25.859228043903,103023068.54,49.9070541161,70232450.99,8273191.67,17561629.82,-578566.22,96178326.89,8275215.69,8189691.13,2018-04-26
1843,603067,振华股份,35070643.46,227.67751018516,257649494.71,52.6841737916,179043031.48,9541575.48,26967447.81,335886.17,219837242.18,38356063.41,40213056.97,2018-04-26
1844,603063,禾望电气,71325123.29,,311460729.51,,129164861.28,25566396.61,28981308.08,2055975.38,238660374.99,74243610.99,80000325.6,2018-04-26
1845,603056,德邦股份,-117445890.01,,4213131713.92,,3914303637.37,73686726.33,361788260.59,30006031.26,4394239922.28,-161629490.41,-161185527.56,2018-04-26
1846,603038,华立股份,7646537.2,-7.609621333656,106707298.65,30.5055787123,76409095.68,7925969.08,14302287.77,-263108.12,98217588.66,9374652.4,9375832.18,2018-04-26
1847,603033,三维股份,7349663.4,-34.587266066186,177486737.38,20.9377219367,143157579.17,8763481.87,13045206.65,1092226.99,168668045.11,8818692.27,8928063.27,2018-04-26
1848,603031,安孚科技,7830783.59,-10.657333927819,479732581.86,7.429228509,387991459.82,59208066.89,11111196.23,4806720.9,470416893.62,10368452.64,10368452.64,2018-04-26
1849,603029,天鹅股份,1561893.41,-34.531749408276,42208512.02,-30.0776379711,28526767.46,3325641.93,9729292.91,-210236.06,43512501.51,-643517.62,1886829.7,2018-04-26
1850,603027,千禾味业,37502135.51,60.14221632168,252973791.1,37.9828578833,149280440.52,46035431.23,13009188.97,-163445.53,211550751.66,42546801.46,45082240.0,2018-04-26
1851,603023,威帝股份,11994774.04,-52.84327235242,29234298.92,-43.5340923084,12671133.91,3195115.07,5117794.86,10630.75,19632203.07,11641556.13,14460249.48,2018-04-26
1852,603022,新通联,5366407.69,-25.107638112749,125668343.15,21.6555633824,99689823.27,5557272.96,15227760.06,131776.07,120713974.48,6623976.89,7958907.85,2018-04-26
1853,603019,中科曙光,18952281.47,-37.449685996807,821118402.31,24.2935446363,637328549.09,61652131.38,80177315.17,11514508.53,802755557.4,28164538.4,28435678.45,2018-04-26
1854,603017,中衡设计,17776975.99,9.762100880147,194482813.83,28.345663573,148166411.31,,26832314.8,-597675.74,174231830.35,23201561.12,24241890.85,2018-04-26
1855,603012,创力集团,27887004.44,5.676929972194,191301738.28,7.8253826245,115112928.05,13913818.34,29700326.23,1334092.5,175007421.29,18760393.19,32793367.97,2018-04-26
1856,603006,联明股份,28283409.85,-17.392620978179,237186277.82,-0.115841072,185468169.35,2907599.69,11171190.38,-256402.86,200376007.5,37673691.59,37711213.17,2018-04-26
1857,603001,奥康国际,113920369.59,1.01553426415,881691892.42,-0.8128157167,540507200.4,121696812.86,86187459.73,-626822.34,754952635.81,135349814.18,141480148.83,2018-04-26
1858,601992,金隅集团,440588271.85,192.419091667378,11338722980.02,52.5852974051,8343404507.71,504513428.01,1420877256.11,627609191.64,11384269600.95,194618213.92,261296566.02,2018-04-26
1859,601908,京运通,2293980.44,-97.736571547667,213533993.38,-53.6378699669,135529742.85,5450724.49,38587681.45,37468044.15,240931192.45,-15546204.23,-3122980.26,2018-04-26
1860,601882,海天精工,11092773.64,13.902177756019,248587594.92,4.2904365491,185807782.53,20613132.6,19102635.09,2908640.38,237273302.06,14418017.83,13370696.17,2018-04-26
1861,601880,辽港股份,156259430.2,26.75333724174,2450728496.24,5.0443237582,2143713747.08,66136.31,153778189.77,114380668.31,2423204930.12,181983101.25,201347485.81,2018-04-26
1862,601878,浙商证券,263921256.39,33.195005939788,1012654167.65,5.2752693011,,,449163014.64,,663036832.81,349617334.84,351345124.98,2018-04-26
1863,601872,招商轮船,302308151.97,-27.994146968064,1760484406.16,6.4104527064,1146681701.22,,54344432.63,64005073.0,1272479787.58,528143362.82,528195094.92,2018-04-26
1864,601858,中国科传,16900366.36,241.648429749847,272674620.85,26.4877593747,189761226.06,28864948.05,46827434.11,-6408932.07,283819630.85,16821170.47,16756866.73,2018-04-26
1865,601838,成都银行,856483000.0,,2078648000.0,,,,609741000.0,,1021831000.0,1056817000.0,1056209000.0,2018-04-26
1866,601777,千里科技,56345328.61,-49.359720278405,3380753915.91,27.4616507295,2969350892.54,141656111.94,192191748.5,122080767.13,3459620762.82,48588828.66,51831407.61,2018-04-26
1867,601366,利群股份,114444372.91,10.756343148636,2916296808.75,0.9288734066,2319423695.96,269779994.83,108539674.51,24144643.52,2764649958.05,151637830.0,154431153.82,2018-04-26
1868,601339,百隆东方,113627377.44,14.319659584387,1377471752.82,21.9588008658,1127770873.87,35807599.32,78455627.0,27049873.61,1278555896.11,108964765.51,116303601.38,2018-04-26
1869,601333,广深铁路,282500245.0,-13.499941568879,4309396605.0,7.4175601214,3863361852.0,1006776.0,59606761.0,-3485958.0,3934120141.0,379289308.0,375939711.0,2018-04-26
1870,601225,陕西煤业,2673784889.0,6982.83315527688,12273933461.41,110.2239669938,5434300239.38,856962788.16,973823403.64,83493337.72,8052370463.74,4477376959.12,4486120414.52,2018-04-26
1871,601177,杭齿前进,2081215.65,-77.751042038392,386728628.1,14.8640155049,305488701.67,13686562.64,50409388.92,15393853.67,397155208.06,5325732.85,5392505.72,2018-04-26
1872,601163,三角轮胎,156869235.65,-2.627990452168,2159655351.49,36.3086941417,1768080751.97,101405781.27,87112381.31,19562150.28,2004452672.96,167172249.68,185875167.05,2018-04-26
1873,601106,中国一重,5966120.12,101.869352326024,1595947227.66,205.6154075981,1250988460.61,27747537.17,161186944.33,140568557.19,1604201998.01,-7922636.57,10405626.5,2018-04-26
1874,601100,恒立液压,59491001.46,1381.65171633274,556509870.86,119.6127951582,398226245.46,22019471.41,59098099.75,8814735.2,499754328.83,66955670.21,72540500.01,2018-04-26
1875,601038,一拖股份,64037860.01,-30.758932627784,2689735654.09,-12.5312838883,2226956041.45,131150379.88,202731730.56,23202744.79,2623387562.52,82803957.22,90712633.03,2018-04-26
1876,601020,华钰矿业,20838860.99,448.248167427258,65592246.43,70.9434883805,17247713.58,259763.49,20591732.42,5864578.73,45802470.59,23448636.08,23586452.68,2018-04-26
1877,601015,陕西黑猫,29753729.14,188.339610164141,2168150321.69,98.381625843,1993906861.78,82883256.85,18813450.91,32242522.13,2131603490.61,39444114.25,39945381.02,2018-04-26
1878,601011,宝泰隆,21787225.56,851.652930689406,606416939.95,77.5602822639,465908029.77,31850095.44,50335669.59,25489254.49,584964836.14,25467960.55,26504795.0,2018-04-26
1879,601009,南京银行,2453408000.0,15.780313541165,6230537000.0,-20.611817346,,,1682845000.0,,3162651000.0,3067886000.0,3076753000.0,2018-04-26
1880,601008,连云港,4837894.89,-23.012677318602,296153473.61,-2.8017447052,196881620.1,,67137075.79,33402216.08,306013776.21,-6146671.66,2413237.39,2018-04-26
1881,601005,重庆钢铁,-593874000.0,40.163105246613,1654922000.0,17.5001047256,1773046000.0,13134000.0,186033000.0,257486000.0,2249537000.0,-594615000.0,-593235000.0,2018-04-26
1882,600998,九州通,185799315.66,31.311513722682,18814308813.04,21.8048292802,17403585307.32,502181051.22,390045717.77,150569683.92,18608113571.27,215547825.46,226907823.05,2018-04-26
1883,600997,开滦股份,147866957.04,844.09424009199,4700160915.71,79.9622574166,4195546275.88,66037674.25,90997378.68,110581810.74,4527954898.91,195100854.28,194116451.99,2018-04-26
1884,600993,马应龙,86696427.09,8.028854354885,385812281.73,-18.913219722,184567799.9,75705787.96,28697783.25,-284290.62,294120787.51,98354829.32,100806850.48,2018-04-26
1885,600985,淮北矿业,13484798.19,-8.315893012378,186010465.27,9.1450711345,120460074.02,11982267.15,33821551.79,3715174.3,170540726.23,16485562.82,18289022.82,2018-04-26
1886,600980,北矿科技,4027821.09,-29.752179358856,77060715.93,10.263562607,54884873.64,4065228.02,10617158.34,302036.46,73580023.85,3484264.78,5098629.68,2018-04-26
1887,600979,广安爱众,46577057.12,123.283266917177,452398080.34,11.1486689195,329563842.45,14690911.54,31961555.38,19323235.59,396893022.83,56738461.6,61219207.28,2018-04-26
1888,600966,博汇纸业,197159833.19,1768.00878458308,2041062924.25,31.9822460407,1540952582.83,107211595.94,38148610.94,78156955.54,1766968363.91,273659404.48,273760918.26,2018-04-26
1889,600884,杉杉股份,83416156.65,90.576002198311,1537699891.71,36.8725742213,1123121816.57,98643273.18,170135328.93,38374349.72,1451876937.13,127504007.32,131517543.63,2018-04-26
1890,600881,亚泰集团,-197891590.84,-23.582676253911,1928732898.69,-3.8340835638,1418885744.07,228643093.75,342125011.57,298623304.25,2328362153.54,-253374422.12,-250610526.0,2018-04-26
1891,600871,石化油服,-1345366000.0,20.1662700791,8815250000.0,3.5760877266,9202543000.0,8926000.0,690828000.0,124128000.0,10104967000.0,-1274062000.0,-1272909000.0,2018-04-26
1892,600839,四川长虹,32971719.01,-84.749753775132,16629373423.96,7.926089892,14385375928.33,1215213525.14,684070590.46,-64697573.16,16418335981.1,238824160.94,241578034.71,2018-04-26
1893,600817,宇通重工,247300.24,2021.15757205693,1509068.64,-36.2019552818,94848.0,,510890.27,-26075.19,793012.5,716056.14,716056.14,2018-04-26
1894,600815,厦工股份,20300234.45,127.660085707015,997719926.71,-22.0285099108,892222226.55,35861663.75,41346919.01,43850420.87,1020059109.71,35199124.9,49341946.16,2018-04-26
1895,600796,钱江生化,4107958.56,-70.14406717991,107110343.11,-0.7840526838,84681664.71,635771.34,11475334.27,1599718.55,101809662.74,6301980.18,6370521.08,2018-04-26
1896,600795,国电电力,1023656925.72,-44.965432725583,14715831481.15,4.4335045476,11929579134.48,6764993.23,125831889.14,1522594875.47,13755668934.26,1567264855.49,1565450020.05,2018-04-26
1897,600780,通宝能源,-9438995.6,-118.24852440215,1182951407.64,-5.0619133652,1061590537.58,,81458518.95,29126969.26,1183630935.6,-1155084.29,585193.65,2018-04-26
1898,600765,中航重机,49059883.57,5.620735597621,1298311773.35,6.8644300884,947107463.79,26713308.42,142685178.47,51671891.14,1237131716.64,59063375.06,61219339.35,2018-04-26
1899,600763,通策医疗,42795280.22,19.376394740471,242658941.54,38.1498309187,135822801.96,3637417.12,41778829.24,3291547.9,185499699.54,57251988.18,57061420.66,2018-04-26
1900,600761,安徽合力,103644405.8,11.525549821396,1895432423.55,29.0890646518,1524534026.88,90364146.39,126278967.94,-1751879.28,1760324954.62,145427280.37,146419046.28,2018-04-26
1901,600753,*ST海钦,-931506.73,-4080.59215741408,8257.04,-99.8716905395,42618.92,,2226416.07,-1572330.34,696767.9,-658091.53,-658091.53,2018-04-26
1902,600740,山西焦化,12993790.25,113.10960327241,1206962693.44,114.6677709561,1072339851.05,12127585.1,35634720.54,53158670.93,1181238768.88,26640525.42,13033665.33,2018-04-26
1903,600730,中国高科,-996061.21,88.784802627268,13165427.44,-11.0613219004,4115008.26,3659307.74,16079888.58,16023269.97,41010550.57,-3627536.66,-4127523.52,2018-04-26
1904,600727,鲁北化工,5237340.32,9.429262206235,131870408.38,3.6493829673,104727975.45,7907429.32,12186611.52,-1221156.89,127135238.62,4735169.76,5237340.32,2018-04-26
1905,600726,华电能源,261166945.13,-39.585752852581,2788279630.02,4.864642697,2234591839.35,1951325.03,22051054.8,154641962.07,2461519050.69,320707974.31,352346721.14,2018-04-26
1906,600716,凤凰股份,-10759109.44,-1076.55253413894,186579937.06,-14.6362891031,124965759.77,3748381.01,7203839.45,35246262.51,183756159.98,3491788.5,3477402.5,2018-04-26
1907,600715,文投控股,226334502.33,25.614201881973,843864437.16,61.9466811876,464352906.54,23916536.82,40083674.64,15869738.42,560076072.16,283788365.0,286166114.63,2018-04-26
1908,600713,南京医药,59899871.16,20.88377138399,6682714328.28,1.6812909569,6280556009.2,154306199.58,70386507.85,60990739.21,6580245068.06,104311595.3,102776246.63,2018-04-26
1909,600703,三安光电,690954871.38,51.136556988384,1989934884.43,68.8985945568,1078357511.91,29900426.46,94678018.55,-4683226.85,1230863367.05,859457923.24,855794121.04,2018-04-26
1910,600702,舍得酒业,40853005.67,235.466956722439,426632116.57,0.0416139862,149444900.06,119047372.98,44534363.43,365415.74,350689693.68,76170616.33,76328820.16,2018-04-26
1911,600698,湖南天雁,3445273.74,4.85200325033,175598639.76,47.5803733768,142115839.18,11781563.9,16356285.13,590865.02,172864809.16,2733830.6,3643954.3,2018-04-26
1912,600692,亚通股份,10091634.48,30.113177706629,262683736.81,98.9067058606,216213826.97,2922709.87,11193294.96,3090228.22,241151261.75,22254370.71,21861646.59,2018-04-26
1913,600690,海尔智家,1736546852.11,8.889471929579,37745829388.95,69.7252720486,26380596377.85,6683104490.92,2143172877.49,225289791.4,35834083962.03,2465675460.46,2555671357.45,2018-04-26
1914,600657,信达地产,-133399987.93,10.321183741443,702681467.35,-45.4678155827,610251523.29,62882062.24,70023484.24,130622963.02,899522673.32,-126175498.49,-123630681.04,2018-04-26
1915,600645,中源协和,27680157.25,547.536624072023,208881365.93,21.9673578934,70541726.0,44810468.94,73692854.51,1287817.05,192937503.07,45359712.62,47135526.93,2018-04-26
1916,600638,新黄浦,30319393.96,0.642062622974,969094217.93,91.9892808814,852453283.71,15026929.21,23037615.95,41008858.43,978569795.23,6941699.69,27876490.96,2018-04-26
1917,600604,市北高新,-15509576.86,-168.478196048855,82366780.48,-66.2147436345,61054315.42,147339.71,11152105.36,19652396.54,93172224.77,-10713299.93,-10186663.5,2018-04-26
1918,600598,北大荒,243087994.22,182.011213164162,617086545.4,13.4434688552,29997454.74,5604410.15,344568930.16,-5997734.24,377083208.03,240512438.66,237792813.81,2018-04-26
1919,600593,大连圣亚,-9507181.28,1.390937540887,44461489.61,8.0858643019,30240847.36,5885434.89,15290636.23,3530975.7,55942322.97,-11327268.03,-10252946.37,2018-04-26
1920,600592,龙溪股份,9054692.21,205.34028536033,193882059.9,45.1190329454,141144416.37,5691892.33,31464601.8,1298439.08,190044477.75,10828748.34,10340643.52,2018-04-26
1921,600578,京能电力,-46735929.91,-111.670960792066,2357617806.71,1.8492950294,2371770303.35,,115759877.37,248243069.96,2774722804.31,-180848495.9,-174754778.55,2018-04-26
1922,600573,惠泉啤酒,-13446034.31,25.638962068427,115461657.82,-8.5503194953,87999637.09,14175015.5,14852289.89,-316660.77,130284076.31,-13713161.64,-13710347.93,2018-04-26
1923,600572,康恩贝,188984772.81,23.363280794419,1096734420.37,-25.7569111167,342361613.65,374745084.32,109744008.09,14738940.11,864945176.23,232629580.31,232875104.31,2018-04-26
1924,600563,法拉电子,82505581.99,-2.811411739807,345042925.17,-2.7498068004,200711604.1,7441271.86,34959890.56,-1308202.45,245158857.95,100407930.59,100937457.64,2018-04-26
1925,600548,深高速,326989616.21,38.508254494592,1117299311.65,3.3662527371,560514399.21,1935076.67,17893802.95,185406575.77,773367782.61,450399032.64,451405811.36,2018-04-26
1926,600528,中铁工业,278687315.38,-3.812875994602,3427404469.16,-73.5675066333,2738217683.54,73043520.14,238490629.68,24666739.68,3109904074.71,339305349.78,343203204.14,2018-04-26
1927,600525,ST长园,44038046.52,-57.09607732093,1168206532.07,4.6048082048,640210577.22,160398975.36,274623214.5,52906085.78,1137690947.53,59365848.33,62000940.6,2018-04-26
1928,600522,中天科技,445379803.49,41.231026079206,5393412252.58,24.9948434968,4483302819.64,213513173.6,260702578.59,19452940.72,5036914428.83,485629524.21,527728349.81,2018-04-26
1929,600505,西昌电力,10323283.17,103.181298661526,219399229.28,6.5065222009,169742543.16,4653951.62,18712409.68,8461916.98,203095209.11,16275607.44,17292462.99,2018-04-26
1930,600482,中国动力,227032708.23,5.867896648269,5321514795.95,8.7264181871,4457561102.6,107208556.49,391480954.97,18338189.51,5061608281.67,273286968.79,277608370.65,2018-04-26
1931,600478,科力远,-32841193.42,5.693407373291,402875494.02,-6.9909982792,366664406.43,16256724.74,55733654.09,16986037.95,460423059.4,-51626981.62,-50127192.33,2018-04-26
1932,600458,时代新材,20923104.01,-69.473773353004,2506950705.47,-17.9731464912,2082191977.12,105806917.71,241356337.41,36420691.56,2482744184.16,25582718.27,38226884.81,2018-04-26
1933,600408,安泰集团,-48146610.82,59.675566383483,1130983795.7,264.3589751812,1035871145.97,36109632.76,34294996.51,65849191.44,1189256531.97,-58272736.27,-45230403.11,2018-04-26
1934,600397,江钨装备,-53519208.37,61.049300922851,894609453.8,29.8226821859,804871284.43,16705824.04,39308992.66,53764892.33,930872054.07,-37415747.36,-56705889.29,2018-04-26
1935,600392,盛和资源,32217537.68,312.214099470889,933310611.04,550.964227082,809021751.72,12933768.76,49024912.56,23143918.87,886744080.44,46302978.63,45215518.0,2018-04-26
1936,600379,宝光股份,6186434.52,-7.230544534471,147163696.37,1.9313472871,113067520.95,11131826.06,13323340.25,538001.34,139473786.93,7648339.03,7660999.17,2018-04-26
1937,600312,平高电气,102518587.36,-0.583072931565,1473844732.07,29.0671330918,1139297030.5,71016726.67,109110295.15,12334419.23,1346674303.52,134927392.14,134755872.31,2018-04-26
1938,600310,广西能源,-78180942.57,-550.049049055982,1738098405.47,64.7277470883,1667300112.89,32795788.04,34667742.44,70256657.12,1811009302.43,-75200920.24,-74774926.62,2018-04-26
1939,600292,电投水电,21981557.36,-63.204405080309,639590203.16,-19.5330497871,505583918.71,8154438.82,70624808.33,11553715.5,602020181.25,40922132.98,41993659.01,2018-04-26
1940,600239,云南城投,-114857954.68,19.712233022601,1163590255.6,-40.545415911,795911654.76,55834963.03,76707533.05,306440450.23,1318411421.61,-148861683.35,-148005277.58,2018-04-26
1941,600223,福瑞达,19535902.34,7.550040748682,757706153.61,-26.6674103377,618617700.13,19599813.4,30190771.09,8928976.84,721156095.55,38603470.96,39364579.61,2018-04-26
1942,600183,生益科技,283972353.85,85.52827102505,2379391487.58,25.6046422014,1785177983.71,60677878.98,161981967.17,22420066.21,2053665059.26,342808023.32,342381162.57,2018-04-26
1943,600176,中国巨石,470315792.86,30.767145259753,1859506018.28,5.5214794109,983819798.61,72004062.25,156983591.4,96440559.99,1327740750.06,540183814.06,560396107.8,2018-04-26
1944,600169,ST太重,1101789.81,100.495838301942,1376151707.78,157.2816286587,1050872140.38,68914392.58,121431180.97,162619238.23,1403074780.48,-4015629.66,6680105.11,2018-04-26
1945,600163,中闽能源,49656708.76,28.258346067899,119469005.4,13.9424994311,39435758.2,,6237329.57,12454936.35,59691683.27,69481396.6,69432127.37,2018-04-26
1946,600156,华升股份,-15431315.52,-25.852995419472,175667848.67,9.3520761425,175143070.58,5782767.42,11474809.0,1106491.37,195629971.72,-19381416.09,-19358947.81,2018-04-26
1947,600150,中国船舶,-71912570.89,-162.16899829415,4108580064.11,-29.7950617442,3674273400.59,77792160.55,313339755.62,192422920.52,4273303153.38,-139172031.03,-137890677.45,2018-04-26
1948,600131,国网信通,2529052.79,-94.217969074355,156330789.77,-32.292940794,154224003.39,2269763.1,12139979.58,11586107.47,181044306.08,183875.32,645386.8,2018-04-26
1949,600119,长江投资,10062778.3,-51.200926319643,765876372.42,135.0821856452,710018913.98,13951728.69,31084680.72,7863843.1,763259407.22,13578778.42,14931800.63,2018-04-26
1950,600118,中国卫星,58168313.47,2.833405212202,1121148734.74,13.107791,972073589.17,19739668.47,66905589.93,-8236256.04,1057457225.37,63826760.85,74522365.84,2018-04-26
1951,600110,诺德股份,35397745.95,300.825330053516,616780364.99,95.7805089303,447677034.54,14586983.4,31224443.31,60476335.53,559323334.61,59965791.57,60295294.79,2018-04-26
1952,600109,国金证券,285732861.03,-9.881352066805,1039880534.98,-5.510176422,,,677286679.92,,689583474.14,350297060.84,386001975.76,2018-04-26
1953,600107,ST尔雅,-4922854.83,-10.009362848277,133475402.04,0.1297960013,80129373.31,40834377.38,15314484.89,4897804.76,142035485.78,-4819790.16,-4926054.55,2018-04-26
1954,600106,重庆路桥,48041495.64,4.203902939661,59670058.51,-24.0920664083,6382189.18,,4308262.05,27082886.15,33627649.61,51260983.54,51260083.54,2018-04-26
1955,600082,海泰发展,-15969828.91,17.432096898655,130420435.01,-67.6714514173,123710382.12,1850065.31,2688576.73,17149798.5,146336399.08,-15787464.07,-15787444.07,2018-04-26
1956,600031,三一重工,745704000.0,727.062098643568,9376807000.0,79.3751792211,6324221000.0,1020674000.0,512508000.0,335011000.0,8496337000.0,958802000.0,966218000.0,2018-04-26
1957,600025,华能水电,801010772.95,59.518255318283,3281477043.92,13.9098267311,1583805395.52,1584692.8,33777339.04,857569036.92,2563356718.1,1110588691.87,986167431.43,2018-04-26
1958,600023,浙能电力,981789375.96,-36.528396684587,10971994395.66,35.1761975897,9680262361.92,,299916994.4,256313084.68,10334679946.95,1233698447.52,1275427597.33,2018-04-26
1959,301519,舜禹股份,-1122364.39,,10012020.12,,4747625.29,1651397.47,4893475.55,263727.44,11659453.6,-1647433.48,-1117183.48,2018-04-26
1960,301321,翰博高新,18379993.12,,580408437.69,,503851329.3,6743944.0,36912726.81,6981320.55,559422712.51,21519055.19,22024734.02,2018-04-26
1961,301281,科源制药,5531424.29,,45652423.65,,29332388.52,2969142.05,6066997.23,234302.32,39298906.13,6452771.28,6507557.99,2018-04-26
1962,300922,天秦装备,2230093.97,,26657587.95,,18967994.14,429896.83,4226964.17,-101132.02,24266959.89,2591512.25,2591512.25,2018-04-26
1963,300875,捷强装备,-2917796.49,,287.18,,246.15,48380.14,2870227.71,163136.02,2943289.24,-2943002.06,-2943002.06,2018-04-26
1964,300829,金丹科技,7832214.37,,153366609.33,,116345890.0,10904765.28,13909202.55,2804016.84,145746603.65,7968242.61,9035344.71,2018-04-26
1965,300743,天地数码,9979039.18,,84454657.06,,54968992.06,10813701.6,6195705.01,1421412.86,74172017.11,12012021.73,12044763.09,2018-04-26
1966,300739,明阳电路,24466761.34,,220193902.0,,149731853.36,15332300.39,24484764.15,1057775.82,192984231.37,28735103.6,29057911.33,2018-04-26
1967,300736,百邦科技,10826157.73,,144744788.37,,82267583.6,14541683.71,32626520.96,588321.42,131784899.67,13773518.5,15081706.61,2018-04-26
1968,300735,光弘科技,30167171.02,,255603977.79,,186264377.54,3637964.0,27188535.42,406399.72,220420193.25,32904119.85,36202544.64,2018-04-26
1969,300733,西菱动力,22642154.01,,151751690.32,,100812654.17,5107915.01,13392452.85,5955856.47,126579794.23,25171896.09,26360887.07,2018-04-26
1970,300729,乐歌股份,15410859.44,,155287415.89,,81893865.96,39831121.3,15076616.43,-12637.71,139898094.33,17815971.64,18456199.6,2018-04-26
1971,300727,润禾材料,3317701.28,,77206872.38,,58268120.6,6306536.92,9099865.96,353156.49,72913107.5,4293764.88,4309950.22,2018-04-26
1972,300725,药石科技,12604529.82,,53128637.96,,17519654.06,2957937.76,16013562.52,450574.26,37761900.35,14682102.58,15006668.67,2018-04-26
1973,300719,安达维尔,-4431456.7,-25.263778726291,56452554.51,37.1989221683,32817374.54,7372640.66,20448445.83,861947.62,62521876.11,-6217766.06,-4799751.91,2018-04-26
1974,300717,华信新材,10002329.89,,65796036.57,,44799073.87,2889636.45,4531792.96,673330.02,54182371.53,11613665.04,11624105.04,2018-04-26
1975,300711,广哈通信,-3024816.5,,36256781.88,,20393837.65,5651809.54,13981756.17,-217741.25,39891611.98,-2357518.16,-2347586.25,2018-04-26
1976,300710,万隆光电,5534395.64,,76968771.46,,53456083.53,12950249.17,10789366.3,551879.97,78208438.33,4619702.17,6788485.98,2018-04-26
1977,300702,天宇股份,31148070.91,-30.460327760885,286586739.31,-8.5684107076,179172707.2,5469389.01,55583949.93,8504161.56,250998088.74,38552125.96,38273294.51,2018-04-26
1978,300701,森霸传感,10634864.33,,34112326.77,,16301398.6,1500724.4,4050997.99,-436755.03,21891802.05,12507037.79,12566698.97,2018-04-26
1979,300695,兆丰股份,30598980.45,,110878083.37,,52800847.59,3151635.06,14565671.21,940476.11,73664422.12,38408058.52,39499009.42,2018-04-26
1980,300692,中赋科技,7198721.31,,34464750.71,,17234520.4,198097.83,4267507.59,2107317.96,26059600.06,8482433.37,10941431.17,2018-04-26
1981,300684,中石科技,-7558696.65,,28268528.67,,20456862.17,3704014.31,11393201.65,-274095.66,36024129.53,-7606982.91,-7598968.39,2018-04-26
1982,300683,海特生物,30889740.45,16.731565969572,169881516.59,13.6524309749,8503765.49,117087617.41,9964692.75,-1651087.89,134426620.59,35454896.0,35882719.58,2018-04-26
1983,300680,隆盛科技,6596268.1,1.066847297876,51162164.06,1.055501198,34685334.64,1927391.94,5774668.37,923346.43,44350230.18,6811933.88,7796293.33,2018-04-26
1984,300679,电连技术,96826605.13,,319312237.83,,166010328.51,10250679.86,39100635.07,1101210.14,212779480.77,112652925.9,112462459.56,2018-04-26
1985,300678,中科信息,-1101847.48,54.931398547775,26766530.97,0.5880897953,15367655.38,6127489.26,8594092.6,-165656.41,28153125.77,-846417.56,-687876.3,2018-04-26
1986,300677,英科医疗,20587888.78,-9.874171362445,397898042.51,49.0838248248,316171618.65,24775248.36,24566752.77,4574994.75,373497205.59,24437031.96,24466208.35,2018-04-26
1987,300676,华大基因,94416310.37,25.708867387986,387841682.06,27.990846679,150316421.49,66591848.07,60743150.63,1709105.72,289810762.83,114339928.71,115979591.6,2018-04-26
1988,300671,富满微,8329215.28,93.674841297813,84763205.77,48.8731514098,61063409.63,2289623.2,9066123.74,1330488.25,76147207.42,8615998.35,9144114.15,2018-04-26
1989,300669,沪宁股份,6022638.58,14.526845890721,45742700.06,11.1972487084,30781303.37,1131082.96,7659362.17,-168056.2,39065576.95,6797625.16,6905698.55,2018-04-26
1990,300663,科蓝软件,-20579815.44,36.788112321328,64363725.96,35.1353806711,39002879.85,21504690.97,23741752.18,2316603.54,88726248.02,-24622051.33,-24622051.33,2018-04-26
1991,300662,科锐国际,11649508.82,70.406561428333,229746636.54,25.4643948679,181227611.6,9474521.67,19936810.12,-210296.97,212483009.86,17136515.31,17861828.46,2018-04-26
1992,300661,圣邦股份,14379049.75,11.941905862936,100182802.26,-2.0291828496,54963861.66,8802673.64,19390714.85,-35142.99,85365755.12,17156799.88,17156799.88,2018-04-26
1993,300658,延江股份,22182851.21,3.279955601845,177858534.1,37.1127078854,120953021.18,11970011.25,12530968.59,5166527.01,152721521.14,25580378.72,26111376.05,2018-04-26
1994,300657,弘信电子,18207493.31,578.248391265855,360469269.16,111.902548372,306430395.04,4008219.02,20115558.02,8266954.68,341717198.15,18752071.01,20102195.73,2018-04-26
1995,300656,民德电子,7569045.33,5.312976541756,26178588.07,13.0031285011,13153673.61,1242012.18,3265084.15,21400.57,17970751.64,8434393.84,8746328.39,2018-04-26
1996,300653,正海生物,7779602.87,0.892344970191,36634261.86,28.0562182509,2312234.05,17348647.23,9139167.38,-530560.63,28568990.69,8065271.17,9071079.12,2018-04-26
1997,300651,金陵体育,1966386.11,6.077098711301,38541732.09,5.5293779787,19566037.39,7772086.01,8756888.75,291175.83,35652916.4,2888815.69,2571330.78,2018-04-26
1998,300650,太龙股份,3946480.57,85.24894468604,49995416.11,29.7838843299,30580924.66,5891912.82,8843967.2,315580.78,45340805.6,4654610.51,4628443.94,2018-04-26
1999,300645,正元智慧,-4692412.74,59.801180454269,52190131.86,23.8803008789,30904599.95,8732197.11,20110738.76,339531.72,61624136.86,-7088765.17,-7099897.07,2018-04-26
2000,300644,南京聚隆,7721526.06,,224795559.32,,188575484.06,10017390.52,17286952.13,1504923.43,218302273.07,8404946.89,8954320.46,2018-04-26
2001,300636,同和药业,13645388.46,-10.625351153855,65210354.97,12.6314767028,39784961.91,2017023.26,6599901.95,539839.92,49575521.45,15634833.52,16047508.54,2018-04-26
2002,300629,新劲刚,2934362.53,20.64134380583,42177734.83,8.3792228297,29161190.85,2230195.74,5905158.0,1130639.82,38731897.18,3645837.65,3646167.65,2018-04-26
2003,300626,华瑞股份,4497228.09,790.223454945309,154861611.37,13.9105859909,119622614.39,2512687.7,17554084.68,4731305.04,147199588.45,7732235.68,7909817.4,2018-04-26
2004,300623,捷捷微电,31082006.31,56.932089283976,94040983.16,39.6156641713,42057079.97,4039592.11,9704229.67,-112832.99,57824702.85,36449030.31,36540668.79,2018-04-26
2005,300622,博士眼镜,9338361.18,46.091071168814,112678988.74,14.8387801911,30121826.6,59262674.84,9014424.25,147051.77,100153191.79,12536912.04,12736768.12,2018-04-26
2006,300620,光库科技,9593865.71,-0.344301442702,43287106.09,25.0183448383,24031989.61,1316029.94,8135865.99,256936.43,34071340.73,9215765.36,10878309.52,2018-04-26
2007,300619,金银河,3639922.08,146.795382994115,49889022.87,361.4631872196,35382331.82,3985065.45,9937526.61,1490090.01,51508892.1,-1619869.23,3949329.77,2018-04-26
2008,300618,寒锐钴业,49722230.82,961.419417417034,231383680.9,119.2485067865,141774782.85,1987259.03,15497030.75,2714724.52,166781905.26,64601775.64,64693087.62,2018-04-26
2009,300612,宣亚国际,7531362.94,142.822322191961,97929261.28,27.0385372679,54543943.42,21063846.01,10407635.52,-198986.35,86228534.19,12696868.25,12696868.25,2018-04-26
2010,300610,晨化股份,17485305.58,14.070946943407,151417567.12,21.3801315986,117261271.14,7512920.11,7703929.49,-52813.86,135799957.26,15617609.86,19256254.9,2018-04-26
2011,300584,海辰药业,7857455.15,49.750574058261,75587056.72,46.8880854999,19995358.56,29997548.64,11476065.82,77332.36,66943785.73,9009093.4,9009093.4,2018-04-26
2012,300582,英飞特,7565639.02,-60.844356661922,149761270.38,5.9374204914,100841545.71,15785161.16,26764966.24,2906297.85,146363582.89,7111308.63,9010598.96,2018-04-26
2013,300580,贝斯特,30777969.85,13.975600168638,144611497.44,13.768987497,86059136.12,1631156.7,22056315.24,327356.61,111958228.66,36208776.29,36209376.29,2018-04-26
2014,300577,开润股份,27559629.19,112.799580293663,220961399.47,41.3819108448,157462632.78,18388535.52,17304775.08,-821955.95,193957478.82,27003965.07,33388965.53,2018-04-26
2015,300575,中旗股份,38948140.5,73.703047903377,323024218.17,59.0982550384,248202681.42,3125811.5,17685662.94,3606129.76,277115137.49,45909080.68,46047330.68,2018-04-26
2016,300571,平治信息,21878343.19,138.908610145442,208088114.69,234.1657050905,162121584.05,1810190.77,12531505.45,1532001.85,180974626.19,27805620.52,27853091.82,2018-04-26
2017,300570,太辰光,21269628.39,37.968645448978,110157983.84,30.8017278462,70548050.24,2199562.19,11220180.19,51357.85,85394595.09,24763388.75,25034356.12,2018-04-26
2018,300569,天能重工,32477199.53,-10.137086873169,168744488.87,-28.5552104622,111094567.23,9315810.79,11262948.97,-4453226.75,129529372.08,39215116.79,39233629.25,2018-04-26
2019,300563,神宇股份,13969106.78,9.914632863033,77365819.1,39.4906702931,55624772.8,1656410.25,5422335.15,245029.89,62761258.98,14604560.12,16408335.2,2018-04-26
2020,300561,*ST汇科,20047098.87,-28.248618874956,48538083.21,1.2103654879,12194866.49,11873904.53,10060780.15,-166382.64,34391143.44,23784923.98,23784923.98,2018-04-26
2021,300560,中富通,8577438.1,15.894827420534,99062006.5,19.1372048305,72910136.52,5393742.75,10621630.41,-9438.83,90612335.22,9878671.28,9878671.28,2018-04-26
2022,300559,佳发教育,1763284.09,-70.476084721331,17058644.95,13.9377092498,9702084.75,3370993.09,5424224.02,-2363752.36,15409661.51,1648983.44,1748983.44,2018-04-26
2023,300557,理工光科,-4954242.78,-48.50069947326,27453669.95,64.4152429212,18714973.86,7642622.38,8659629.64,-698538.34,34893502.14,-7014900.68,-4803489.39,2018-04-26
2024,300556,丝路视觉,-23344067.26,-35.590332425304,62914681.88,49.365767901,56469071.46,18593343.25,21327917.93,170784.18,97933260.57,-34312484.52,-34306566.74,2018-04-26
2025,300547,川环科技,22224371.87,25.288844019025,128773929.48,24.2543624819,87138925.71,8550320.83,9861282.68,535571.54,106869760.7,25123017.88,25823381.8,2018-04-26
2026,300540,蜀道装备,-4844324.12,2.084985782879,24474430.14,-28.8124522712,21386620.12,1548425.57,7503632.28,-514014.07,32188354.1,-7713923.96,-5002618.85,2018-04-26
2027,300536,农尚环境,4060207.1,10.819537762041,57770988.61,27.8490910265,43721103.81,,11286360.52,-954816.79,53211037.28,4559951.33,4559951.33,2018-04-26
2028,300523,辰安科技,-13238722.11,-566.330241381636,28791685.68,-56.550995851,10700765.27,9806350.23,23350575.65,21781.43,46850342.73,-17936251.15,-15160198.85,2018-04-26
2029,300520,科大国创,-7511600.58,-476.406187045742,112341024.7,58.7237960192,70141522.96,14734167.62,40004144.32,-1879310.55,127814456.0,-15005579.19,-14567993.36,2018-04-26
2030,300519,新光药业,33512194.01,-15.746202945875,85675588.73,-9.6160162324,32011130.02,7105593.06,9505680.43,-1248777.37,47435688.07,39093687.17,39435982.82,2018-04-26
2031,300517,海波重科,4916490.04,-15.655773690847,56832393.53,-11.5138155396,45096931.15,2652706.22,5345189.67,66900.7,51499748.72,5782537.95,5784105.93,2018-04-26
2032,300513,恒实科技,130298.04,106.042287139786,19482307.45,-8.4715302858,16445559.9,6450190.5,14262129.41,62912.95,26679996.31,-6699718.3,-3956918.43,2018-04-26
2033,300510,金冠股份,4902479.2,-17.218380289797,62341996.61,27.2213138819,39407043.52,5058876.42,12356844.69,-389704.4,57151443.18,5190553.43,5564534.57,2018-04-26
2034,300505,川金诺,7638804.02,36.232052578354,165755130.02,30.6294517053,120197929.93,26088673.4,8633592.68,2002536.65,158370127.66,8707084.56,8707084.56,2018-04-26
2035,300504,天邑股份,51168979.5,,587593100.62,,430481233.43,33689015.59,30526627.96,1524357.78,510733376.46,76871491.15,60075044.8,2018-04-26
2036,300500,启迪设计,9649597.46,11.349362324584,90037956.79,7.9996763957,57571203.84,2812844.87,20069900.3,-2217378.21,78838784.72,11039074.29,12176768.16,2018-04-26
2037,300491,通合科技,-1779538.3,-127.951468317146,31022737.78,-12.6652345543,18895789.2,3086778.41,12295985.67,-228042.22,35473854.61,-1847808.19,-1847808.19,2018-04-26
2038,300490,华自科技,6867242.09,-20.14964619459,104891830.53,-3.4741773998,63153663.7,13838826.86,19551586.64,-26.05,99282787.79,5814818.14,7604059.57,2018-04-26
2039,300481,濮阳惠成,13698096.86,6.311023938516,90562574.88,17.7716064488,63107683.05,2969821.38,8480707.86,2697346.14,78191845.05,14629391.53,15888886.99,2018-04-26
2040,300476,胜宏科技,45792150.76,14.601097954438,447186332.37,14.7790942317,333795033.13,12316790.46,47547658.46,3803450.45,391819314.67,55146708.53,55037158.73,2018-04-26
2041,300469,信息发展,-20906062.72,0.591913561013,48263202.21,21.3385320449,26574951.41,14143497.43,31068056.42,1965307.36,74212275.91,-25949073.7,-25597594.58,2018-04-26
2042,300458,全志科技,-7396470.58,-118.969481911015,180059497.15,-24.6567970211,103686498.17,9188741.16,83448367.42,-3578211.88,195681251.34,-15028000.77,-8112164.87,2018-04-26
2043,300455,航天智装,12256686.99,10.722291133661,38653271.21,10.4825598626,19081802.12,1844327.18,8069798.76,-144470.09,25641673.93,14981661.18,14988752.23,2018-04-26
2044,300451,创业慧康,20750328.84,2588.41476915745,239745598.13,190.8531269618,131315676.89,19495685.26,62959908.63,-2667439.52,219017900.66,20285418.98,26878126.92,2018-04-26
2045,300449,汉邦高科,-15317491.07,-23.137655387462,62221075.81,6.123009084,51376185.11,11396854.09,15081514.36,681508.44,78786469.75,-15302178.95,-15302178.95,2018-04-26
2046,300443,金雷股份,50789741.21,-2.061231426475,171205394.71,44.2012647912,96804879.18,2710846.56,9045391.95,2971372.94,113369568.16,59547308.23,59764547.72,2018-04-26
2047,300439,美康生物,44142550.08,13.53967278503,317355537.34,84.6088543822,143290459.03,54631656.63,56649108.07,5409312.48,262793944.87,60311417.91,60778858.9,2018-04-26
2048,300437,清水源,9026762.51,-6.185027784949,124362498.47,8.1785209345,84205440.08,10678793.38,13449593.76,1314357.21,111556529.94,12865347.57,12895065.87,2018-04-26
2049,300434,金石亚药,-5583610.14,-326.088451994098,30787342.25,13.8652338871,22323721.12,1652603.76,13846871.63,-78747.87,38966419.6,-7311060.3,-7124707.92,2018-04-26
2050,300429,强力新材,29679764.15,27.928479051696,134632971.13,60.6205598499,79540707.79,3711407.52,14249806.13,148479.32,99456146.24,36321538.32,36241324.22,2018-04-26
2051,300426,华智数媒,9123511.92,7.260130548558,92934250.32,53.6906300923,44209829.19,5501135.57,21638526.96,11661108.12,88115833.57,4966930.2,4937150.19,2018-04-26
2052,300425,中建环能,-645867.85,-110.536941017839,96313082.9,32.2435790669,55494153.43,13840768.44,21135093.28,3098131.34,97919340.08,564259.61,636774.15,2018-04-26
2053,300424,航新科技,1834660.92,90.068800839333,79575570.48,25.4574316698,48176352.37,5671806.7,25294284.8,-393056.6,81323356.17,-1366086.08,2960451.3,2018-04-26
2054,300423,昇辉科技,3258013.97,24.034649939761,37245816.95,31.0088860501,26538595.24,2138263.87,4731697.01,-272960.37,34039847.28,3205969.67,3805969.67,2018-04-26
2055,300416,苏试试验,-1474741.76,-306.242318954024,74281381.24,30.925526352,44338874.93,8501828.67,20212675.43,562460.29,75970669.29,-678748.46,-681674.96,2018-04-26
2056,300413,芒果超媒,9567667.88,-24.061820132316,709234239.03,-23.4775890164,550366617.55,132098304.71,29230867.92,-7185681.26,705670605.73,3263922.78,6155791.96,2018-04-26
2057,300410,正业科技,21654463.67,958.014513572779,175876703.8,114.7137025709,110042040.56,13599122.84,28798461.92,599261.73,154138567.01,23203895.17,25314099.44,2018-04-26
2058,300404,博济医药,-2931539.05,-1908.50355495921,10293876.58,21.2789594792,6078574.51,1252847.33,7773381.46,-387005.25,14752207.75,-4387668.89,-4091729.09,2018-04-26
2059,300402,宝色股份,-9911996.09,65.281846411275,90030422.13,127.225893756,79518523.42,6028246.12,14227960.83,3260930.01,100973035.96,-10942613.83,-9408772.27,2018-04-26
2060,300397,天和防务,13194794.31,236.627154392324,114845899.34,248.3364950076,73799296.09,4013286.8,18870849.38,1139115.87,100200616.15,16389645.57,17601161.33,2018-04-26
2061,300395,菲利华,15203978.89,58.944465047746,93065738.85,26.259078992,51620940.25,2712662.13,21001428.45,-151865.09,75890647.66,17180526.45,19511845.4,2018-04-26
2062,300393,中来股份,72913135.54,100.33823332884,694701447.58,161.5391769347,532120134.15,8898394.7,45649746.51,19062962.76,612573251.9,88124952.17,88521974.8,2018-04-26
2063,300388,节能国祯,21533041.11,103.878843308993,326596668.48,53.6154968458,224117832.62,20425126.19,33917326.11,31021970.0,315382652.49,14825048.7,28007212.92,2018-04-26
2064,300384,三联虹普,31253643.46,-29.875310132161,120498993.79,17.0450626044,71100171.54,138123.49,8870018.55,2231015.37,83971370.22,36527514.57,36775258.77,2018-04-26
2065,300378,鼎捷数智,-9036844.71,-40.747595357967,237533970.34,6.8681707905,42029796.75,135950697.55,64402891.78,-954025.25,253152529.34,-6760105.54,-6892275.94,2018-04-26
2066,300376,易事特,59395561.98,68.012566731152,884190362.89,52.2169911469,717673679.47,30749108.8,55642081.68,12262938.07,831630867.68,52318839.29,65218027.7,2018-04-26
2067,300369,绿盟科技,-54021711.79,-61.855574693633,132625262.73,14.5607559336,29610248.68,78505446.25,80707236.07,750768.18,194897470.21,-62272207.48,-53156958.98,2018-04-26
2068,300364,中文在线,-8736362.11,39.041849063633,105700622.97,45.1195232957,54664571.57,23019433.03,45025335.6,-4808666.79,119714948.16,-8698982.38,-8435690.16,2018-04-26
2069,300360,炬华科技,46759314.36,-9.144290277402,237159393.77,8.7180306933,151442436.26,13108635.75,27049047.28,-2693418.93,195501622.15,41744130.44,55612585.53,2018-04-26
2070,300350,华鹏飞,27810515.15,45.561702201413,178511544.45,21.2776797053,116691011.72,6815960.95,17334195.31,1337356.08,139946192.81,38477305.45,39570821.58,2018-04-26
2071,300347,泰格医药,43382366.27,7.890513657982,355332310.97,29.4483798723,203237095.96,9638252.9,69383751.59,1393814.71,286934035.26,70268727.9,70668975.97,2018-04-26
2072,300346,南大光电,2504068.45,283.676384374269,24018603.79,4.4533917875,12993153.03,855115.25,12188291.64,-101806.79,23991280.67,207534.08,2882719.28,2018-04-26
2073,300339,润和软件,37020026.0,46.198449833887,343211581.79,21.1809076775,217431950.99,11929098.63,53024343.37,14501108.3,310322780.21,32937464.38,41250668.76,2018-04-26
2074,300338,ST开元,12613841.86,429.633758618954,85741179.61,27.3438232541,24775115.58,15644587.69,30257336.2,1434599.64,73641968.63,12133529.59,17320180.62,2018-04-26
2075,300318,博晖创新,1394918.33,-39.512771609194,83520656.1,28.6890759691,39456306.56,15900727.3,24220988.6,2039547.09,81878930.0,1641726.1,2143735.46,2018-04-26
2076,300295,三六五网,16520619.02,-25.001436347997,97189147.58,-27.2994661949,5634777.21,47078579.34,23091130.73,-263472.08,78178406.45,21091514.5,21400635.78,2018-04-26
2077,300294,博雅生物,67455910.46,75.028212756859,222979579.09,26.6836615246,86184845.54,33894858.33,31154711.13,-1260252.13,162780550.76,80680592.23,84775470.96,2018-04-26
2078,300293,蓝英装备,3691569.91,-40.220153499593,54204656.52,-25.2850615985,36979100.28,3263813.62,6014767.81,2755391.49,52567976.39,1619058.76,3969391.59,2018-04-26
2079,300291,百纳千成,63742144.98,60.075368290371,383680226.71,-25.2555371179,338282176.9,17300626.86,18695971.66,-180868.46,314328216.17,71725503.19,71840294.85,2018-04-26
2080,300290,荣科科技,3593709.79,-13.025027948714,86521659.77,-5.0918104216,60101496.45,5865738.51,17896187.79,-645880.42,86219615.22,303585.05,3728984.99,2018-04-26
2081,300286,安科瑞,19965029.68,28.984951394285,81453338.0,23.1680616835,35385831.86,16850209.71,15742728.02,-16037.16,68714958.08,12960826.45,22943790.05,2018-04-26
2082,300283,温州宏丰,4302066.38,31.51410234958,188906316.38,44.7700116785,158736705.36,2031281.24,17247401.53,5106035.03,183683831.15,5687164.83,5592621.84,2018-04-26
2083,300278,华昌达,38467394.54,4.874725246653,803760360.35,35.1718414818,678427479.57,14670064.16,44532698.77,13738239.69,754877554.49,48885851.68,58020030.82,2018-04-26
2084,300277,海联讯,-1218995.31,62.753265325932,27602166.57,38.5205464198,24760480.02,2132644.81,12085169.66,-2326192.29,31745104.08,-2964321.9,-2965544.04,2018-04-26
2085,300275,梅安森,27416087.77,232.143984135076,158876282.45,803.9477589971,100801210.35,8848678.78,13245186.52,2984493.07,134908485.86,25206140.88,25275304.52,2018-04-26
2086,300268,*ST佳沃,-728584.5,64.115835188927,179803.67,,53434.63,,4014680.12,-29601.36,4554854.84,-908384.5,-728584.5,2018-04-26
2087,300266,兴源环境,100695767.41,151.512818240041,362929261.21,3.0925263294,275231526.46,7617243.14,32036968.64,10048700.45,321866450.87,132567082.93,134303127.79,2018-04-26
2088,300260,新莱应材,3156284.05,145.121145814929,147149164.59,47.460700846,108533370.31,11224968.64,17830815.02,2773272.91,141933442.11,5215722.48,5327677.11,2018-04-26
2089,300255,常山药业,42993977.1,48.788401410456,255855738.51,10.729080433,89241126.99,81589540.76,27319552.54,3348572.64,204771164.7,52028592.75,52074202.98,2018-04-26
2090,300254,仟源医药,6393531.28,-3.536511177205,185289960.77,32.0180546938,66905240.63,66492038.98,34024747.05,3699185.58,174624702.3,11103577.4,11640494.29,2018-04-26
2091,300251,光线传媒,185038867.5,-12.987006723455,609489193.25,34.9624675432,373755002.01,18890249.45,40884721.53,6000102.99,415073204.59,191688686.14,192414990.41,2018-04-26
2092,300243,瑞丰高材,4674028.93,-48.67614295757,249706792.79,32.9631875222,204213197.79,22639293.45,11524559.99,3213617.96,243244711.65,6462081.14,6031979.59,2018-04-26
2093,300242,佳云科技,65647246.59,12.52324598726,679568621.16,18.3033180921,592889329.08,2908976.94,26922018.04,2875860.65,632804197.61,67956223.8,68550610.87,2018-04-26
2094,300241,瑞丰光电,20146384.62,20.347295161473,350738248.48,52.9695278865,290901195.47,12645543.59,30295172.24,921784.25,340122958.6,25899550.29,25853613.75,2018-04-26
2095,300238,冠昊生物,8272090.98,41.113228315403,86943486.01,76.9039276912,24906330.42,32303376.29,18468258.91,2111480.81,78206940.89,6283372.18,8886909.11,2018-04-26
2096,300237,ST美晨,77217370.27,81.486337500118,568340246.56,38.5840976454,361704441.48,34020427.82,55656057.18,22209937.72,472190780.57,96279265.77,97479555.16,2018-04-26
2097,300229,拓尔思,-4914059.72,-337.216833690583,121738492.42,27.5206255345,42187610.54,31679930.41,57051625.56,1317382.12,134931545.45,-12977050.1,-1554604.67,2018-04-26
2098,300227,光韵达,4481981.12,218.272403921013,78422536.07,66.0547634715,45555515.53,12987941.56,12158731.92,1911584.75,73848552.71,4573983.36,5038501.2,2018-04-26
2099,300226,上海钢联,5878222.5,45.810752343171,13596009735.34,127.6504330176,13507325714.9,40903529.74,35712610.73,7066349.59,13585323615.81,7646563.68,8707782.22,2018-04-26
2100,300220,金运激光,3901070.85,19.505136593453,52811097.73,34.3926299995,37293221.07,5702947.12,4450248.69,369590.14,48316618.33,4494479.4,4758696.54,2018-04-26
2101,300218,安利股份,1514532.87,-83.568851797406,328683149.02,6.4279297137,260642369.98,13560534.98,36636677.55,8003409.18,326098806.95,2584342.07,4762026.62,2018-04-26
2102,300215,电科院,6996463.43,169.989623761965,122301525.84,5.2270633276,69435496.39,2803870.01,29953232.74,10665323.86,114958123.14,9054971.88,9064920.65,2018-04-26
2103,300204,舒泰神,68058435.46,23.919128309523,329821125.35,18.5926873527,15856347.68,219743859.81,26619631.43,-699925.8,264293308.66,76921474.81,77024008.08,2018-04-26
2104,300199,翰宇药业,78458388.34,33.858266161965,206025023.13,23.0094068587,48507389.77,24212278.5,31620766.85,5939869.48,121465800.53,84829222.6,85483459.53,2018-04-26
2105,300195,长荣股份,41313392.78,21.124228094284,237606236.57,-2.6561515259,167784533.09,16557610.93,48485969.66,1947342.96,232671214.07,43137658.78,44778847.33,2018-04-26
2106,300194,福安药业,90058375.94,194.859363789408,449962805.22,112.5448273618,240097278.01,44380183.37,60811219.43,138803.86,348800488.86,105073721.57,105002687.9,2018-04-26
2107,300191,潜能恒信,-9226848.22,-290.434523149156,4538867.89,-86.9526080125,5769160.39,,7933019.89,-1913658.74,13750374.88,-9379915.97,-9163826.2,2018-04-26
2108,300189,神农种业,5192229.27,231.479892170383,481818268.55,417.7428759307,423552568.23,23137050.9,17211190.73,3288053.32,469216462.52,12375832.55,15360317.65,2018-04-26
2109,300188,国投智能,3367384.83,220.056972754944,144816422.83,38.7887612938,57879096.18,30531406.84,71527709.12,-2890769.87,150260403.56,1798393.96,1283640.21,2018-04-26
2110,300182,捷成股份,118873016.88,8.667582440946,506579746.85,30.4303289135,284730529.34,25941464.85,51776523.66,23270359.28,388390434.29,121645870.57,125858073.13,2018-04-26
2111,300161,华中数控,-8706267.43,59.262424893187,181415390.62,45.4670691591,121331723.65,21306314.53,60436862.84,2427427.32,210190859.74,-28775469.12,-8876862.89,2018-04-26
2112,300158,振东制药,57441457.28,232.208094370476,718046609.59,44.5953336786,419516104.16,159525167.51,60643705.45,3351612.46,653546639.81,64981918.16,67809896.14,2018-04-26
2113,300151,昌红科技,3997208.07,-40.124576041489,126214127.42,2.5349892816,95689814.47,3377698.96,21795339.63,595277.94,123018923.47,3885790.79,5127184.21,2018-04-26
2114,300150,世纪瑞尔,-21418798.07,-1646.19804298961,30790994.61,-38.0322565327,22169850.5,14450395.47,16123472.65,-1462649.76,50723710.4,-21805903.47,-21308322.13,2018-04-26
2115,300145,南方泵业,92450668.94,139.338572269813,653019098.16,77.7275314108,350399631.58,73949754.23,82240494.3,15334469.46,540402931.53,112678798.71,114926013.43,2018-04-26
2116,300144,宋城演艺,245047594.37,26.279449328341,671536114.3,17.1768195177,258799770.08,75093376.16,37088807.61,2333265.2,379418990.63,297618378.81,296408984.58,2018-04-26
2117,300143,盈康生命,51091582.45,527.576337567762,38843858.6,-52.0401117776,9442754.21,296082.56,8348676.86,-927807.17,25188466.38,36497044.24,55114123.34,2018-04-26
2118,300136,信维通信,204256560.32,179.583570765277,718336648.75,102.0972756352,505046384.36,6022752.16,41570223.62,6789909.44,560986123.02,157350525.73,240613082.9,2018-04-26
2119,300134,大富科技,-22104154.13,-192.508366163889,471962872.55,-17.3651168272,384670122.52,11810727.2,81398601.12,5250891.15,498650360.6,-26474972.03,-24861252.29,2018-04-26
2120,300132,青松股份,11477435.71,185.842581321375,154156710.32,24.2371882649,113634016.36,6228744.81,17621048.33,467008.23,139157299.33,14999410.99,12897430.55,2018-04-26
2121,300130,新国都,5561755.68,10.906052016486,194976650.3,0.8105533944,117307805.38,18684853.12,51009822.98,6580524.93,197355051.18,6456454.3,6337077.67,2018-04-26
2122,300127,银河磁体,29913259.82,33.105353856513,121599397.72,32.6706097768,75461482.86,3187072.19,8880541.91,1030467.73,89508905.92,35319074.55,35500076.94,2018-04-26
2123,300122,智飞生物,60317452.06,1.890293057625,162237042.15,12.8855945121,10024074.94,34542722.77,38972432.14,-2811938.3,94858778.26,68040949.08,70185862.21,2018-04-26
2124,300110,华仁药业,4150882.62,73.761206946738,270958410.16,-1.8753522544,132420843.8,83401314.93,31249906.88,13932671.95,265354500.07,5603910.09,6093993.65,2018-04-26
2125,300106,西部牧业,-17596031.99,-35.303313833803,154246276.71,9.1151733445,131192712.25,16620594.19,10376137.21,13935047.33,172156557.08,-17900283.53,-16765828.51,2018-04-26
2126,300099,尤洛卡,7841172.6,319.317940916644,45308143.67,278.7805114162,19302363.52,3216802.3,16285788.18,-952098.12,38675940.66,6632203.01,8405993.96,2018-04-26
2127,300095,华伍股份,10758171.87,3.113930669225,114723993.57,-3.1938264625,75976086.83,15090914.31,18805911.74,1176871.75,110538369.73,13903843.62,14266134.11,2018-04-26
2128,300092,科新机电,1044677.48,-37.746230897575,62810515.31,-10.5643956681,51927274.17,3649874.24,7023065.54,-57428.02,62759108.75,361940.52,937909.77,2018-04-26
2129,300091,*ST金灵,21739290.06,7.438198209456,252266370.6,8.4017714787,182205575.83,7562817.82,22157274.04,12462657.02,228964070.07,23194032.3,23643622.43,2018-04-26
2130,300078,思创智联,34052438.07,25.547126523943,212645594.51,-2.4217915412,124111123.52,18397264.24,45198156.49,3658350.52,195739421.83,38915389.75,39208862.61,2018-04-26
2131,300075,数字政通,11106334.21,32.46534428431,112395636.07,66.8497392648,62506122.96,14752243.51,24207601.32,1173593.13,105020053.86,5450570.61,14416649.2,2018-04-26
2132,300074,华平股份,-4024718.15,55.456881488436,88415320.83,108.3108713387,44982419.07,20777099.88,29494126.92,-2836863.95,95708238.08,-8095807.52,-5554541.58,2018-04-26
2133,300065,海兰信,20398886.34,77.816371790231,137242177.52,13.6943626525,70300558.9,17781892.49,24153969.07,2893418.42,114686629.78,23494441.56,31755064.79,2018-04-26
2134,300062,中能电气,3996539.65,-66.67131745825,132212091.11,-48.5965005999,78368716.66,16075889.99,31230625.06,4913886.39,129039383.89,3166162.8,6375889.7,2018-04-26
2135,300057,万顺新材,16478535.23,-37.801613808859,616344798.25,21.0850610088,528781084.42,16195006.68,37443165.75,10875220.15,597128185.8,21174189.17,21588921.52,2018-04-26
2136,300056,中创环保,-18315377.04,-116.000459714888,95868772.98,-13.8883343958,70849889.92,9916769.77,26984318.93,8370491.22,117752883.67,-21078750.65,-21267403.85,2018-04-26
2137,300052,ST中青宝,5905689.77,-4.344945890548,83694693.12,11.5939868015,40515813.31,12956972.68,29720724.09,525754.38,87179620.64,3571624.98,4785634.88,2018-04-26
2138,300051,琏升科技,14782119.38,13.573351568068,77022217.49,7.7935328345,21114505.67,26253791.02,15098596.17,-205341.96,63768910.18,13250494.95,13825969.34,2018-04-26
2139,300047,天源迪科,1265430.13,110.757701396093,413246789.95,6.2012103327,327935618.47,25492714.0,58960877.46,7532175.31,421649665.35,-7592161.18,5527389.59,2018-04-26
2140,300046,台基股份,12702887.16,121.779613557489,63280859.77,80.2786990653,38093418.44,3183512.74,8351216.41,-2486965.25,49482342.87,13798516.9,14226374.22,2018-04-26
2141,300045,华力创通,8401030.37,9.095871718575,106822581.35,5.3351858825,51273039.63,5284731.93,33896465.73,171809.35,99257327.42,7599863.26,9927875.33,2018-04-26
2142,300033,同花顺,102329094.12,-28.771899058413,268210854.2,0.2452283088,39821633.7,20752071.31,110034012.66,-10936396.62,163867988.32,115141683.62,120268348.51,2018-04-26
2143,300027,华谊兄弟,-68415078.43,-126.063065971453,543731910.49,-29.0835516885,328741661.26,122734199.81,134039216.79,59356069.55,632007170.48,-63959933.78,-51264070.21,2018-04-26
2144,300018,中元股份,10545141.77,4.812120051793,58661174.54,-2.5723831751,24337701.53,6451175.29,20357934.4,-2439671.56,50092010.02,12979331.21,13021544.83,2018-04-26
2145,300017,网宿科技,196442985.08,-18.729129383332,1175058920.14,20.5994961811,755699751.45,68783383.57,158145893.3,-14268198.87,976083857.1,215835813.41,220649947.06,2018-04-26
2146,300009,安科生物,47189508.01,34.055208746686,199101754.85,16.8264377695,46364250.8,61505950.89,35423366.15,448535.28,146880233.5,52208007.5,55113047.03,2018-04-26
2147,300008,天海防务,23762885.49,370.959412034062,295970441.07,7.7786584954,230232429.9,3051252.26,29319987.19,2818459.34,269649655.04,28606070.89,30726871.54,2018-04-26
2148,002972,科安达,7249704.37,,29051219.69,,10758392.93,1756104.82,6575684.54,-62146.4,20036350.18,9014869.51,9283785.52,2018-04-26
2149,002952,亚世光电,17247907.0,,115222482.29,,82050440.94,2054317.66,6999939.66,699935.44,95564648.07,20445301.52,20405117.83,2018-04-26
2150,002930,宏川智慧,24323997.18,15.916107283103,87104790.89,-9.8530113926,36075570.57,2350718.87,9368159.44,7572231.89,54649614.38,32806614.92,32805656.77,2018-04-26
2151,002921,联诚精密,14041389.34,,147262635.93,,102970863.13,5542211.27,12169180.15,3752525.98,128918926.65,18442958.35,18742864.6,2018-04-26
2152,002917,金奥博,10426634.06,,81534784.82,,52803841.2,4406886.12,10762613.25,-356660.43,68240400.99,14487720.52,14492940.52,2018-04-26
2153,002909,集泰股份,2167615.95,,106448000.65,,75302137.22,15648327.13,12088610.59,1277414.0,103937062.97,2510937.68,2875657.16,2018-04-26
2154,002906,华阳集团,68669758.86,,994916797.71,,768957859.02,57391193.07,92115795.4,7403611.18,930847622.73,75802489.48,75512828.78,2018-04-26
2155,002903,宇环数控,11169019.68,,32149572.85,,17013709.87,2241654.46,7090576.34,-274326.11,23924941.42,8224631.43,12036129.1,2018-04-26
2156,002897,意华股份,22599449.56,,249840522.77,,185796972.04,12239498.01,17747401.35,3542570.7,220331032.21,30217827.04,30219332.9,2018-04-26
2157,002893,京能热力,112737952.75,,516684604.0,,350195949.62,1542870.44,15119086.3,6079208.26,373147397.65,146196743.47,146386396.76,2018-04-26
2158,002892,科力尔,12794060.92,,122483069.74,,90347066.33,5279597.45,8964242.18,1483223.35,107588946.46,14894123.28,15033056.65,2018-04-26
2159,002891,中宠股份,22124467.06,,216738806.42,,156772484.06,13664627.35,8865428.36,2654393.8,184150536.6,32588200.03,33502580.55,2018-04-26
2160,002888,惠威科技,6269506.22,67.627491683471,54366765.17,10.5324056717,33828708.74,4974404.75,8699014.64,-183184.5,48095623.54,6271141.63,7573138.37,2018-04-26
2161,002879,长缆科技,23314762.53,-8.268027943495,114135878.14,4.0827270504,52053459.25,18199440.02,15479733.18,-576119.07,88092887.2,26042990.94,27574532.79,2018-04-26
2162,002865,钧达股份,12829933.46,18.405984492093,267776380.74,25.0536351423,201439202.08,12370926.54,35028070.28,1600359.7,252076339.71,16953399.2,16938619.52,2018-04-26
2163,002842,翔鹭钨业,16254379.91,3.215099261452,190397250.53,12.7378706054,154816968.94,1422200.31,15852631.62,843612.47,173420470.63,17244379.9,18884379.91,2018-04-26
2164,002833,弘亚数控,53749529.91,153.223524486113,188885805.96,83.2808303893,116538705.79,2433341.71,8332491.33,-1304286.93,128452804.49,63392126.97,63385710.32,2018-04-26
2165,002824,和胜股份,18727972.35,22.620934857848,188034867.66,23.3475854056,147696429.0,5661807.26,15301016.58,531606.72,169712690.99,19017289.65,22017169.65,2018-04-26
2166,002813,路畅科技,11863313.27,-26.528753422291,205218923.67,2.0101535194,139728887.19,22751003.34,19089712.3,1163300.53,192803490.22,14488173.66,14488173.66,2018-04-26
2167,002809,红墙股份,17628666.31,35.106754267082,123155907.63,61.4541093299,91511148.65,8456209.42,7032074.51,-3576863.37,107065498.28,16631615.69,20891211.97,2018-04-26
2168,002803,吉宏股份,9030529.48,41.186755253144,186480209.26,37.3325497531,154063126.32,9124790.59,8554602.45,1384471.68,176035437.95,11462027.25,11043943.37,2018-04-26
2169,002786,银宝山新,8048236.85,-70.93430355625,589148660.12,-8.3776393721,499942103.12,25827443.58,44492742.25,7807101.08,582527681.52,11949201.6,12130315.64,2018-04-26
2170,002771,真视通,12902337.85,6.736310100574,161394086.34,26.2496657535,119815165.99,8125449.43,18594753.89,-440696.83,146740899.96,14789137.74,15494500.6,2018-04-26
2171,002768,国恩股份,33882499.79,45.665498155438,333059139.44,54.9058055759,259508045.84,7889400.0,18708627.74,4302982.02,292857521.65,40474004.76,40774592.08,2018-04-26
2172,002748,世龙实业,65163030.66,340.68442271014,334544380.96,57.4319593484,221257751.69,10573712.04,23417029.37,45716.86,258086897.44,76626750.43,77264918.7,2018-04-26
2173,002733,雄韬股份,21952160.77,3.146809485334,556769083.6,2.5843133062,470780476.34,26548232.02,29248733.93,2614937.11,542059161.25,21154872.87,23885113.32,2018-04-26
2174,002731,ST萃华,-10073619.93,-659.648725146497,543355891.16,-37.5443560205,495930715.13,11464593.24,8172785.49,13128100.32,537285212.94,-14556882.59,-14557871.1,2018-04-26
2175,002719,麦趣尔,3028333.71,-48.883576172354,135351426.69,17.6298980872,78124520.37,42061287.21,11152647.91,271681.91,133135456.53,4134111.97,4171052.77,2018-04-26
2176,002716,湖南白银,47857429.29,48.76488620524,2230568220.61,68.7277539357,2071958611.22,1341923.83,31394361.06,61371610.15,2186397401.87,47509172.47,49640207.08,2018-04-26
2177,002713,*ST东易,-58726526.63,5.492890343189,533730815.46,31.2051148304,363322322.99,139397824.91,91267587.92,680936.23,598218700.12,-49558458.18,-49518497.84,2018-04-26
2178,002692,远程股份,15296726.03,-34.584159448874,487390719.83,-15.3929827281,414294367.04,17291852.09,31200771.92,8842049.87,467880012.56,19510707.27,19667844.73,2018-04-26
2179,002690,美亚光电,41110617.06,10.126510337841,154419432.34,14.7343891571,72316957.2,29171802.92,21633759.74,-1194270.1,122274625.52,40951450.67,47352426.73,2018-04-26
2180,002672,东江环保,103975561.54,22.862353142826,675502324.94,35.2944513521,425355162.03,18440303.78,88770604.62,23383385.48,564021157.98,113945962.13,135786274.09,2018-04-26
2181,002666,德联集团,30702827.14,-9.850999587818,453458201.83,6.1168542855,338912254.22,17869550.25,54997106.0,2950559.65,414407705.98,40548902.87,40490079.6,2018-04-26
2182,002660,茂硕电源,-971741.38,43.645639664547,327335260.06,31.1509876463,265942453.37,15684034.07,33139811.16,5833325.15,329653388.89,-2383447.8,1696126.29,2018-04-26
2183,002649,博彦科技,29923383.38,23.711638601451,493673371.43,10.7491762716,354574325.75,18175798.7,81166758.83,-27296.21,461260990.24,32361205.46,37135025.9,2018-04-26
2184,002643,万润股份,99488178.54,10.95853615572,612156580.71,44.7173923373,379066624.18,38085936.17,70210928.97,2323167.48,496916255.82,118036991.56,118774066.47,2018-04-26
2185,002636,金安国纪,152289789.58,280.667300766763,844655174.78,35.5661002438,577460846.49,31546517.0,44338955.46,888299.62,663645430.97,182146584.91,186474658.02,2018-04-26
2186,002635,安洁科技,89746680.68,4.707696973182,428808823.5,-0.0795862116,260715019.32,6656301.19,52183138.39,3758212.37,323186524.91,108285754.3,111166455.12,2018-04-26
2187,002628,成都路桥,7299039.9,-18.982840236465,238082094.43,-35.9463261991,209237552.63,,17261718.86,5581576.67,247946970.65,7910923.47,10049739.36,2018-04-26
2188,002620,ST瑞和,32268829.89,31.070981259892,561182513.13,8.3792434144,480879295.33,7074336.43,19354300.09,2616998.74,518489239.78,42476497.41,42593268.89,2018-04-26
2189,002614,奥佳华,18934417.18,783.713685967961,775278221.44,40.9793939163,495082122.27,159535974.06,92575787.57,6048218.39,759224205.95,24946800.08,25835570.1,2018-04-26
2190,002603,以岭药业,219480098.0,20.266345284508,1314670178.75,18.005429001,419522879.31,490760507.07,124913120.02,-1281580.39,1054798372.22,260390961.94,259497998.52,2018-04-26
2191,002590,万安科技,34663627.55,55.688356117047,551960407.8,8.9414281894,405167868.3,42103989.45,46921961.9,106832.96,506501154.16,39438436.1,43380229.69,2018-04-26
2192,002589,瑞康医药,292035733.52,241.721221626146,4978755145.57,53.5352409478,4148978072.75,333656841.9,148799495.65,20564653.79,4496282924.67,489276876.2,489750962.91,2018-04-26
2193,002584,西陇科学,6708366.31,-58.206232819708,723239352.24,48.8431716238,625853171.53,37352392.34,47713161.48,1631469.34,718445206.39,2509895.61,4546059.46,2018-04-26
2194,002563,森马服饰,252179465.94,3.160808229685,2066591404.35,7.4662840877,1196824980.64,376322231.2,136030100.57,-12969734.02,1752081636.92,336592768.11,331869550.01,2018-04-26
2195,002561,徐家汇,63612663.25,-5.627722654633,567475337.21,0.3615819922,406275580.24,23916505.86,45887933.35,-1745625.03,484093029.63,88621907.76,88773592.86,2018-04-26
2196,002554,惠博普,51203951.71,84.491061734534,459283003.17,119.6401148698,341032417.36,9337948.74,40580314.14,19919709.52,412766672.68,48175826.16,51367814.66,2018-04-26
2197,002553,南方精工,22850310.18,44.843264017828,88671425.0,29.0038801074,50839452.94,2977612.25,8532662.71,308666.11,63943958.08,26848823.09,26893882.82,2018-04-26
2198,002546,新联电子,19178024.93,-21.842783634899,97977026.19,-30.7331872167,59634231.39,7999018.8,26835432.27,-8621407.76,87342457.32,17915103.13,21110946.13,2018-04-26
2199,002544,普天科技,32185506.0,9.14718719899,950400590.38,31.1009811676,773328334.76,46370602.97,83133039.53,14791875.47,920801920.58,29864029.41,32421166.55,2018-04-26
2200,002542,中化岩土,38467234.42,10.128787097437,410344269.04,-4.7154308314,294781198.56,5509121.9,45880597.72,14619599.3,365417776.95,44605585.6,45053839.57,2018-04-26
2201,002537,海联金汇,93599423.63,182.346143354881,808045767.32,50.4804031566,555473512.29,26776317.46,112003361.65,-3270883.41,704733846.53,110899619.86,115137498.47,2018-04-26
2202,002528,ST英飞拓,-20459501.2,47.449414504872,509500696.94,47.6943589807,360695062.46,82808600.22,90126626.58,2697581.7,537004340.41,-24070552.39,-22732051.11,2018-04-26
2203,002519,银河电子,37937128.22,-44.717532515266,378796827.21,-18.8889995291,268778196.88,20290253.94,49326161.72,761417.7,340536521.41,38260305.8,44037763.28,2018-04-26
2204,002518,科士达,50823823.13,4.057060929653,398009911.38,16.5295681704,263807071.27,45997589.33,33879254.21,1521790.69,351145332.74,51936175.14,56082304.75,2018-04-26
2205,002517,恺英网络,206843768.16,101.545996191054,658544078.37,5.7040421467,222224071.93,170159272.24,59987760.7,-13377621.13,459567687.22,225286191.51,225330498.01,2018-04-26
2206,002514,宝馨科技,22826846.86,24.786618466532,134646430.55,8.9020091814,86570843.11,4603015.15,17483300.69,2875135.0,110720591.62,24101476.24,25147005.56,2018-04-26
2207,002510,天汽模,20858683.67,5.438550705544,343088721.85,-14.362487722,265305557.9,8897452.84,53072660.04,4031668.49,340020303.37,13946944.98,23576286.97,2018-04-26
2208,002508,老板电器,251576713.06,54.282899931767,1361883474.88,33.9807865569,558461283.99,471304820.89,96680581.87,-16625295.13,1117539345.71,243398906.55,296783174.81,2018-04-26
2209,002495,佳隆股份,6093872.26,-45.870210373415,61580600.57,-5.192840545,34293936.73,9506354.66,10646260.14,-667869.81,55536404.14,6044196.43,7067189.39,2018-04-26
2210,002493,荣盛石化,620974378.76,311.474679291835,15598558843.62,116.1973295278,14531020430.25,115784781.06,185187482.74,201822767.22,15105556489.97,675928162.79,685124189.05,2018-04-26
2211,002491,通鼎互联,87747220.37,1.431276423924,889485111.7,-9.2913952162,629214384.7,45002122.39,70547989.78,28403022.49,788308969.96,108618176.52,110466781.27,2018-04-26
2212,002481,双塔食品,29143131.34,-43.08556561304,396383449.32,10.3301443643,328040045.14,22256592.31,9550293.4,14045625.14,376792730.49,31499663.99,31712210.89,2018-04-26
2213,002461,珠江啤酒,12130134.39,11.949641563092,665530185.5,14.6140520144,417401527.48,101406894.42,89622043.54,-12119285.37,663197163.49,2253554.84,20568723.25,2018-04-26
2214,002445,中南文化,32565522.35,118.840529620773,240973027.0,72.6985404097,138299916.43,17437109.71,26871826.36,27089560.99,208386302.18,33039469.02,35023688.77,2018-04-26
2215,002441,众业达,83455167.1,142.632644931361,1307446298.77,10.0848016775,1132529987.26,76196434.3,39204076.51,-6725696.85,1256382187.78,108011121.18,108108186.84,2018-04-26
2216,002437,誉衡药业,121094338.85,-26.572024483133,599929471.1,-2.672169269,249379096.58,61424959.82,101243302.1,34667529.43,457573841.68,146885349.04,145434012.31,2018-04-26
2217,002436,兴森科技,36896490.85,89.614981582569,781765613.1,30.525468885,545622339.38,50610039.8,118537788.3,5864138.94,726549614.29,55791817.3,56058258.81,2018-04-26
2218,002434,万里扬,237731468.24,235.876255421551,1589775719.05,110.0796782114,1171060195.9,23404447.97,89606992.7,19885341.48,1331786874.35,289223354.71,289237891.14,2018-04-26
2219,002426,胜利精密,142491910.15,-26.20016851709,3416449891.96,0.1501152389,2975742617.59,78818160.48,137260569.5,39707318.51,3244962584.09,168275866.71,179299182.79,2018-04-26
2220,002422,科伦药业,192648351.0,-7.474819583719,2434199647.0,21.4471755807,1367610341.0,351912428.0,345089547.0,98179668.0,2197467549.0,237528999.0,251491191.0,2018-04-26
2221,002405,四维图新,50125679.26,51.388679520637,367118198.69,13.3690246864,75225564.39,22665426.59,247111342.48,-7118344.86,340837116.74,25911156.95,37988008.75,2018-04-26
2222,002404,嘉欣丝绸,20524703.74,33.138451158497,562992351.83,3.5933500769,439182015.35,40118427.96,44843134.52,4995744.05,532781610.04,28980371.44,29003874.24,2018-04-26
2223,002377,国创高新,-9088319.84,19.399173771987,90553803.28,88.267496608,76383898.44,4292812.85,12270127.1,5712970.69,98103911.4,-7550108.12,-7533161.6,2018-04-26
2224,002376,新北洋,63231426.14,100.111562449014,358691072.8,21.4805538969,190511767.28,34010937.3,72063654.65,6992951.5,306302475.49,85588890.56,86260730.89,2018-04-26
2225,002372,伟星新材,83237330.35,17.740216010874,551761025.23,23.3488990177,310722430.41,88484238.14,53266671.82,-1907437.09,455860538.33,95882450.41,95094720.27,2018-04-26
2226,002367,康力电梯,121905480.79,30.569995825256,726502997.04,-1.0769895074,463575768.72,94032837.23,55163839.32,790584.49,630867246.49,152499681.81,145707738.25,2018-04-26
2227,002355,兴民智通,25048985.82,54.662824223073,403089401.18,41.5173687665,303057795.8,14193599.94,25283771.64,11480094.54,358783065.96,44378080.42,48149784.1,2018-04-26
2228,002351,漫步者,36368589.14,39.294012816323,209341084.74,37.1579593235,135811516.24,15404483.59,18877489.37,-423957.6,171802521.38,46564780.63,46621902.32,2018-04-26
2229,002347,泰尔股份,2182147.69,-30.520256583601,84492596.2,0.8210762875,53823120.68,10380585.4,12092733.35,1620262.4,80877471.48,3553666.71,3297607.65,2018-04-26
2230,002332,仙琚制药,16235968.85,19.459953550046,566045579.77,8.3747001797,282834566.07,180699560.27,67126832.51,8392843.26,553685239.01,14559182.95,15146319.58,2018-04-26
2231,002321,华英农业,8660695.26,-12.222956144489,692117974.07,77.3700968648,616865324.63,13217707.73,22055098.86,17101090.63,678009237.52,17283507.97,16534037.97,2018-04-26
2232,002309,中利集团,-250963441.44,-2357.36548093955,2919464659.25,11.8381255006,2577809151.28,131265897.0,235268409.01,166507791.96,3191259233.93,-264134175.3,-260129161.48,2018-04-26
2233,002297,博云新材,-3588038.55,53.993060963854,122344239.0,23.9193132877,92073191.45,5668317.5,12835868.81,3852703.05,115985697.21,-2210269.41,-865310.85,2018-04-26
2234,002293,罗莱生活,116839080.93,7.376466499803,1057767260.42,38.6606041358,586351416.39,189585387.76,126733545.47,-1043511.73,911402697.06,147139567.35,147099946.32,2018-04-26
2235,002290,禾盛新材,12354088.22,73.534599686547,295152421.09,30.5267758549,238890538.26,8803295.99,21321994.67,3292634.36,282744095.21,13584029.08,15306942.69,2018-04-26
2236,002281,光迅科技,96470862.77,30.379485598426,1267329272.1,28.2331699023,1035709060.48,28322139.52,93313118.76,-322445.51,1163575772.87,110840742.51,112703134.81,2018-04-26
2237,002271,东方雨虹,78758604.36,40.809862890034,1497788431.98,45.9107677285,894572607.4,269522446.14,238536750.37,11252158.12,1420265852.92,77522579.06,95967151.22,2018-04-26
2238,002268,电科网安,-101952740.85,-137.709508575952,119154463.97,-32.1121026322,84605754.72,60222057.46,103889391.36,2221526.74,257627070.61,-136702405.91,-129341323.81,2018-04-26
2239,002266,浙富控股,19642562.66,218.056395586896,259202018.77,58.5276909306,198356000.71,10669998.98,38654971.0,10781771.41,262337103.44,31036535.97,32365464.03,2018-04-26
2240,002264,新华都,39338869.19,-16.345287384557,1826868480.84,-3.4759555426,1436164540.43,276180048.49,64658887.61,4008490.45,1779490966.37,49188802.13,50975750.9,2018-04-26
2241,002248,华东数控,-27268576.63,-17.357717218939,20551327.71,-53.8543537527,25149536.98,2378426.64,8813798.98,12995357.37,53823490.86,-33272163.15,-33313991.46,2018-04-26
2242,002247,聚力文化,79273364.52,428.599909665863,494760462.11,170.5098784756,349440432.11,16389614.25,25433988.82,-428443.88,408895243.26,89086264.02,92870889.97,2018-04-26
2243,002221,东华能源,215736160.39,207.508458376365,5870532794.4,56.4735464975,5364284170.93,50693195.33,24455476.94,106851206.46,5556664105.29,320868291.26,326524046.05,2018-04-26
2244,002219,新里程,71960806.67,-1.154838672536,488768340.81,30.0945773847,322637925.06,14970721.54,61160162.21,12360192.03,412328066.69,76440274.12,79629648.7,2018-04-26
2245,002216,三全食品,26547186.95,39.482820238698,1687966407.75,13.598073681,1106083145.46,473923321.41,43342957.68,1218779.35,1650583137.45,38071486.37,45624194.85,2018-04-26
2246,002202,金风科技,180636616.55,-51.246842149476,3583893365.04,-10.0329145717,2402229688.35,388882618.23,419123223.62,165239361.41,3409315936.19,186090266.04,222272133.56,2018-04-26
2247,002198,嘉应制药,7835931.73,1.638477111799,78461064.68,6.8932628605,23939804.19,26186873.66,15304309.44,410550.45,67553727.5,10395631.28,10394165.91,2018-04-26
2248,002194,武汉凡谷,-128524138.21,-1229.33249269603,337408495.66,-22.7450260444,404754354.86,8974308.26,48908363.35,144887.99,464632416.11,-127230686.69,-124451358.02,2018-04-26
2249,002193,如意集团,5397779.7,93.994506196392,200016771.06,-2.2405236775,157184337.06,10883716.22,15251501.03,8537898.64,195214868.55,4801902.51,10166459.02,2018-04-26
2250,002178,延华智能,-23901278.79,-360.237789280365,282218815.46,16.9773913614,273206558.17,4563098.91,40159896.3,633335.38,314496204.02,-33853330.98,-26056378.28,2018-04-26
2251,002177,御银股份,17261258.04,-48.826933266977,170327344.08,-36.0667339304,117444073.33,4477063.48,28207040.24,927628.87,158881215.58,16633035.79,16461604.89,2018-04-26
2252,002174,游族网络,205936906.69,86.663006070432,887782489.36,101.0186077818,492552644.82,60614190.05,127084531.49,17179007.11,715904553.45,173406530.42,203188032.78,2018-04-26
2253,002172,澳洋健康,59484864.25,80.020753557675,1248789207.89,20.2649751277,1094869865.43,38395131.57,46350296.86,11551331.57,1199617325.16,49171882.73,61614667.73,2018-04-26
2254,002164,宁波东力,4106447.07,297.127858801234,131618351.46,24.8041188806,100702351.67,6304376.87,13011867.92,4489488.17,129125623.98,4288927.08,4578053.54,2018-04-26
2255,002161,远望谷,-15428169.23,-1101.23170851243,81724981.83,-19.5122737909,44266028.92,16041962.72,34678838.4,3296496.13,103925671.55,-16442328.41,-15794715.86,2018-04-26
2256,002151,北斗星通,3647261.7,132.357375043591,325697545.58,13.6935651687,217170748.78,20772143.07,87586647.13,-1754321.11,333621291.86,-311226.26,7378161.41,2018-04-26
2257,002127,南极电商,25819168.72,58.275749138443,70071790.51,64.5727502214,18931724.49,7812821.52,17615816.96,-2704306.31,44311401.57,29223461.5,30212121.8,2018-04-26
2258,002114,罗平锌电,5730647.1,124.105002881731,239005917.13,198.0049364066,197442614.26,2995071.14,22092640.16,4971255.91,231214087.11,7258789.46,7620677.3,2018-04-26
2259,002112,三变科技,-12781334.94,-1568.49359977726,88382584.55,-28.7699126659,78145714.63,10966581.18,8875484.72,3514983.07,101857795.08,-13380963.95,-12781334.94,2018-04-26
2260,002098,浔兴股份,7685520.08,28.471890572558,243009028.28,24.8109042423,175763756.89,23573852.59,30843643.98,1531152.44,233636896.35,9372131.93,9604863.58,2018-04-26
2261,002091,江苏国泰,153948713.84,84.224093741806,7180042486.33,33.7601977026,6408340667.32,364099596.05,141747895.84,4966948.42,6901056329.87,285160100.45,289661747.06,2018-04-26
2262,002090,金智科技,34304540.41,61.422038342738,544791697.86,52.7391324786,416998959.36,26397308.88,54312732.25,10544477.49,510372220.33,45739906.47,45733792.67,2018-04-26
2263,002086,东方海洋,2648710.1,32.565005102184,139817827.44,8.9332805063,112794744.26,5905675.06,14318479.77,4856699.17,140083978.64,-266151.2,1512997.12,2018-04-26
2264,002078,太阳纸业,440073199.78,210.22006250763,4410947004.6,52.4740463881,3375495879.15,149188124.99,133462131.25,135938430.53,3814444766.22,603624382.93,643388504.87,2018-04-26
2265,002066,瑞泰科技,5343602.68,12.202554140907,440072283.9,0.4030678687,320222894.75,30328318.04,47179934.85,23468073.42,426536923.25,13665360.65,17568512.1,2018-04-26
2266,002062,宏润建设,69651340.56,8.357059224794,1928194620.31,-1.9452002856,1766016387.43,9417525.59,44514202.78,25783064.96,1843495316.48,85465880.97,85690758.64,2018-04-26
2267,002050,三花智控,219765346.37,30.56061776609,2141522982.12,23.4534000654,1566659000.37,90604543.58,193488126.56,12862238.25,1894299555.84,268089528.54,268255474.18,2018-04-26
2268,002048,宁波华翔,188979540.52,76.50661101104,3654478713.28,31.2735523557,2892080048.75,120247500.64,260847871.98,10313313.19,3329778934.81,358771099.49,361399404.97,2018-04-26
2269,002042,华孚时尚,166194639.2,63.26150359732,2316822224.86,30.7673138545,2000023059.73,67413497.49,81820006.58,34768954.71,2195359126.93,113086467.88,198087270.58,2018-04-26
2270,002025,航天电器,69846425.06,19.04949306704,611938996.29,15.579803009,376870746.92,26041297.52,103541294.15,-4182904.21,528541849.14,83397147.15,90007623.73,2018-04-26
2271,002010,传化智联,88971372.13,4.197189139571,2264581090.67,131.0868172245,1762509588.62,160356760.21,216622656.03,-1629153.47,2199370477.51,169753253.58,215310183.99,2018-04-26
2272,002006,精工科技,11535932.42,33.010912117273,167686160.05,-26.1034850792,122968016.19,9603431.19,22645810.5,1125064.72,157911167.2,11180976.7,10986095.56,2018-04-26
2273,002003,伟星股份,9362281.79,27.261457752352,351172260.26,14.3864584728,217639428.26,40282678.77,67845099.94,2487289.38,335891043.19,13799889.47,13935630.91,2018-04-26
2274,001965,招商公路,846094823.56,,1108126801.09,,616625932.65,16945408.65,85145781.21,44651238.68,769517487.63,1079874025.03,1093758351.86,2018-04-26
2275,000968,蓝焰控股,74812212.54,482.763644631524,362846455.66,45.1941590337,240644266.66,794278.82,45668150.84,42214805.94,333783830.59,29062625.07,90908024.26,2018-04-26
2276,000960,锡业股份,144260865.25,1060.89558076229,7659937320.23,42.3715452099,6865782502.97,34952697.63,211859829.3,184153451.36,7342277244.18,275441379.49,260019036.84,2018-04-26
2277,000949,新乡化纤,46017384.61,390.613480669374,945973462.11,13.8797236226,805424082.29,17650962.12,49084855.28,13366541.92,888902946.14,58128048.23,53954249.01,2018-04-26
2278,000938,紫光股份,316008561.34,696.764220152477,7773613052.83,152.896274297,5938939489.7,548547167.15,756815321.6,31271910.63,7358664910.61,668174771.46,674585017.03,2018-04-26
2279,000937,冀中能源,284944789.62,6679.23099275082,5079061852.5,89.5504460803,3823574384.85,85028228.16,437599686.26,162288299.42,4657880059.89,437344827.52,417011486.68,2018-04-26
2280,000935,四川双马,-4027597.86,76.403488386254,538714401.21,24.0238382375,483493953.52,17816104.73,29482728.72,14447759.78,550997207.8,-12298349.36,860695.8,2018-04-26
2281,000930,中粮科技,73510909.77,337.309820912175,1530600066.12,19.6012992948,1292626259.35,55620223.2,78636388.58,24818349.95,1465760671.42,52896552.34,80854416.45,2018-04-26
2282,000910,大亚圣象,40690718.82,38.507386138917,1258644502.09,13.4972423992,811807952.3,219449071.2,159889586.68,11967376.06,1219886105.86,57649990.8,59624489.88,2018-04-26
2283,000888,峨眉山A,16518494.22,3.024690141169,253278213.31,4.9110788361,172438886.63,18508995.52,38701700.66,1081306.97,232276313.1,19630674.19,19774404.64,2018-04-26
2284,000863,三湘印象,85358700.91,-79.421718164103,630272076.15,-78.4554279799,365987243.24,8610414.54,47525779.29,29688314.84,513397292.27,117023603.8,120124118.2,2018-04-26
2285,000826,启迪环境,210064523.04,7.659446925745,1815946032.95,11.1420067194,1315303291.94,18856377.15,136531827.58,89738437.65,1577899140.67,233685908.66,259545105.08,2018-04-26
2286,000812,陕西金叶,6486795.49,3.184339193507,181940129.74,9.473069313,134401999.96,8345701.04,20631716.79,1900662.68,165951302.3,15988827.44,16177441.7,2018-04-26
2287,000767,晋控电力,-233192768.73,-24.009099944911,2097592793.39,32.9962574613,2085276632.96,554521.94,34770768.58,248664925.45,2387814330.4,-257907008.49,-245829147.19,2018-04-26
2288,000752,ST西发,3645906.41,-0.892209121959,93399917.3,-3.7447013176,69440421.73,2961769.45,4661845.92,-1214200.4,76680140.64,13344781.65,13459863.15,2018-04-26
2289,000737,北方铜业,-39881464.62,-11.625994650834,492351658.5,-11.6486536292,386395216.05,63158516.61,62805351.13,11695916.7,530702860.47,-37827181.98,-37975460.05,2018-04-26
2290,000733,振华科技,85518626.31,26.554108131123,2111399096.71,73.5453250871,1784442201.95,68697659.53,170990628.01,23941588.56,2063121649.11,91297096.19,96628495.14,2018-04-26
2291,000723,美锦能源,307770699.42,684.782395691637,2806452296.75,181.3632425313,2075626215.75,161678330.1,63898820.7,19186059.42,2354939111.72,451222745.77,450567489.83,2018-04-26
2292,000721,西安饮食,-8601673.43,31.09236024934,120127646.41,0.0726531033,79772113.52,39982606.34,6145558.03,1506039.81,129156321.55,-9028675.14,-8605466.82,2018-04-26
2293,000702,正虹科技,-5434717.19,31.425355940481,250206468.38,7.8971298925,225089655.51,12550196.74,16924372.69,934835.71,257176066.35,-5530556.67,-5573005.5,2018-04-26
2294,000617,中油资本,1442752467.52,2.737389259885,6690154769.58,-3.349836355,24100448.47,,563125304.75,13570702.18,3814443866.86,3446058778.27,3445939526.52,2018-04-26
2295,000609,ST中迪,42297653.02,616.980193850402,197320901.55,13701.7187740722,128142841.49,1628236.15,16961500.07,380771.82,151914432.67,58214855.11,58133943.11,2018-04-26
2296,000557,西部创业,12268017.22,151.544014933848,144637813.14,95.9569732421,96586057.76,387897.29,27575163.65,2243890.48,128240847.6,16600948.63,16450121.46,2018-04-26
2297,000550,江铃汽车,228607698.0,-44.722553607065,8155676321.0,52.6854271338,6465003182.0,704191218.0,540119715.0,-61113358.0,7943786437.0,211132632.0,260165902.0,2018-04-26
2298,000545,金浦钛业,53271412.59,239.403562064116,465213308.61,177.3053842858,348985662.12,8418959.03,31248622.77,4421511.39,405612313.15,61691734.98,65790140.89,2018-04-26
2299,000532,华金资本,3613996.6,-43.083120943458,85738219.23,54.9368481169,53334053.0,862082.96,12583361.38,9560249.01,76061713.3,11947796.2,12058586.66,2018-04-26
2300,000519,中兵红箭,-17361335.28,-502.920659547564,598054770.68,-9.9468286239,492596656.71,16822463.66,92949792.79,3470288.23,613161089.41,-15536148.65,-15349946.88,2018-04-26
2301,000421,南京公用,46862045.85,-26.806721599731,980145906.33,0.3437512033,751719556.16,74002541.11,36040973.63,5980060.32,875507281.8,111985998.28,110506221.91,2018-04-26
2302,000415,渤海租赁,400659000.0,86.095951174424,9500691000.0,78.0575076423,6766283000.0,36378000.0,323541000.0,1486237000.0,8793346000.0,662346000.0,679004000.0,2018-04-26
2303,000400,许继电气,49673263.96,38.488633577571,1133526479.56,19.8842303862,899618798.15,64911355.43,101489906.0,10272670.78,1078845240.62,61405136.12,63379200.18,2018-04-26
2304,000159,国际实业,-19594288.52,20.028424631834,60032203.99,18.8632220912,51150090.46,5352014.21,13398271.27,4920499.47,77605895.24,-20048826.85,-19973059.19,2018-04-26
2305,000156,华数传媒,149169969.34,1.513011881468,710678297.02,5.4810660374,389334826.31,107666016.19,87488324.88,-23975510.64,564081856.63,142790223.01,149974488.23,2018-04-26
2306,000151,中成股份,22156832.68,-8.227460101542,546690683.62,71.6183520625,476362255.06,13961175.25,18254467.87,11850315.62,520759179.16,25931504.46,25931504.46,2018-04-26
2307,000032,深桑达A,12416071.35,-40.766759469951,318985355.74,-40.9461358333,252447119.25,16322383.37,30277502.21,1108478.73,306304970.56,13323337.08,14598955.81,2018-04-26
2308,000030,富奥股份,221064864.95,41.063514045815,1718361033.62,33.1372531622,1411054557.39,64025035.66,149456109.28,-4654872.36,1634843393.34,237586999.78,237399660.41,2018-04-26
2309,000017,深中华A,212322.25,45.07281714596,23303201.13,5.9272084543,20669393.5,1260936.1,1129087.76,-191915.62,22938132.58,365068.55,521979.55,2018-04-26
2310,000002,万科A,695411556.91,-16.540553212118,18589228819.05,27.2249117269,13048871982.5,1008335412.33,1477469129.58,369810863.19,17289943782.9,1559540014.7,1571531169.4,2018-04-26
2311,688592,司南导航,2023534.89,158.534605643613,20463914.88,91.5950994185,8896441.08,5142112.95,6430103.4,209037.79,20775974.28,-312059.4,2102407.89,2018-04-25
2312,688565,力源科技,6255988.62,,50859609.24,,38208869.64,2092939.19,2907344.23,269853.06,43821624.87,7037984.37,7359986.61,2018-04-25
2313,688508,芯朋微,6073003.82,,52854518.0,,34506643.35,689912.67,12469743.44,210727.57,48883383.11,7020791.36,7169513.38,2018-04-25
2314,605299,舒华体育,15982244.04,,170910535.88,,94413330.29,24465486.7,25922638.68,2117034.08,148927031.09,23240684.7,21651456.92,2018-04-25
2315,603991,至正股份,5669896.13,18.65297282758,68382277.85,10.9582568345,49580192.08,3504507.25,7866776.61,1371512.06,62529754.81,5852523.04,6670466.04,2018-04-25
2316,603966,法兰泰克,1623137.22,129.206353615108,93932275.52,52.6395561862,69835938.84,7630830.85,14488213.11,723320.37,92506722.14,1491539.55,2170424.37,2018-04-25
2317,603920,世运电路,49570983.54,1.859066353369,393349275.18,11.4369179955,291950308.37,10529469.4,28402980.62,5150983.25,336453515.79,58721413.56,58593231.33,2018-04-25
2318,603909,建发合诚,11485846.28,-9.460953231411,64852243.25,6.2139806047,38385750.02,1375119.49,9674529.15,-183003.82,51099401.91,14293192.47,14282489.41,2018-04-25
2319,603895,天永智能,24457378.71,4.398252913305,138393464.98,-2.53047e-05,96509601.26,3980249.39,9796458.3,-459918.57,112310864.29,28619717.13,28619717.13,2018-04-25
2320,603879,永悦科技,8821519.79,7.878229714579,109011892.43,36.9810291893,89093771.15,2884670.96,6996700.84,253276.43,100407816.97,10451714.62,10558194.87,2018-04-25
2321,603878,武进不锈,8748904.12,448.800509186549,230917876.94,-18.4464522256,196852619.4,4282916.02,20982652.69,-1017143.4,222329335.29,7301226.44,9440749.57,2018-04-25
2322,603787,新日股份,15338174.83,32.569955775347,533520209.98,22.6968555743,457645342.72,42595378.5,25496289.24,-2269479.6,526140078.65,7172427.56,18274952.5,2018-04-25
2323,603757,大元泵业,31008594.44,67.027722655936,203272342.82,41.2059191423,140216832.63,9519012.4,13763958.02,1329757.15,167167146.39,36266071.43,36571704.66,2018-04-25
2324,603737,三棵树,-12835299.82,6.865496449544,335416048.93,57.541222527,201341988.07,104596983.02,59277585.37,285865.1,369855456.05,-34221823.98,-16411926.61,2018-04-25
2325,603686,福龙马,64466573.35,29.885991685822,666210051.22,51.0738136202,477850859.83,53813099.89,32988589.4,-1169870.55,589935902.78,79494104.32,79160715.08,2018-04-25
2326,603677,奇精机械,18457454.36,8.166068376975,282633071.11,9.7200219147,226570912.54,4536729.59,22134615.07,2045147.16,258044757.49,24748809.73,24713837.52,2018-04-25
2327,603676,卫信康,20096212.14,-5.614363692724,77808080.91,-1.964314042,30353562.45,8927037.33,15647414.36,-32030.14,56404263.0,22116793.45,22487586.12,2018-04-25
2328,603667,五洲新春,20871319.22,23.964786368787,268642972.64,10.8615520158,212504363.0,6993005.07,21531980.29,1194992.19,245159090.64,24740239.11,26633599.4,2018-04-25
2329,603658,安图生物,67406423.93,24.218480917521,241808844.94,25.8268058245,71728895.94,56072366.34,43486521.03,97162.66,173349058.77,75160222.94,77304054.77,2018-04-25
2330,603612,索通发展,109843238.26,2125.16891378332,623097711.81,73.6077647647,438621551.85,14857234.28,20284533.47,33064814.27,482772187.57,140870023.25,143581128.68,2018-04-25
2331,603609,禾丰股份,70371106.27,3.012712129935,2690395962.15,29.160274477,2432059807.31,96775652.91,73018049.13,14141184.17,2643505773.01,67882395.25,80153114.04,2018-04-25
2332,603606,东方电缆,7783964.05,16.236370696211,360547445.38,11.9688154368,311741805.31,13328092.34,19085697.44,4939984.62,352891689.96,8995060.8,9024579.76,2018-04-25
2333,603557,ST起步,28924205.47,,255461637.34,,166556860.61,24156805.63,19135633.81,-79513.23,220066492.2,35587722.94,36383281.35,2018-04-25
2334,603439,三力制药,10055131.01,,84211474.64,,28604832.83,36633308.85,5584441.68,-114441.38,72495824.87,11715649.77,11863649.77,2018-04-25
2335,603421,鼎信通讯,69698089.53,3388.37896349992,194946445.5,14.9008637791,50685870.02,70571637.96,48943279.75,-396529.66,171743646.76,80633651.5,80746566.26,2018-04-25
2336,603377,ST东时,19829627.56,257.633028346106,234213576.07,0.4964413518,119407450.9,8895951.38,75934994.5,709346.57,206238298.78,32477822.5,33023235.07,2018-04-25
2337,603368,柳药集团,83722910.08,31.031369995858,2163751650.91,19.7225891257,1962229700.21,40704602.39,32989234.2,331576.82,2058618830.5,105132820.41,104459516.84,2018-04-25
2338,603330,天洋新材,4300178.37,-71.354740020299,91385933.87,2.6197977324,66310467.39,8309494.09,9525346.15,902250.71,85700363.53,5935337.66,5940141.52,2018-04-25
2339,603328,依顿电子,118633643.31,0.321885845023,714571622.89,8.0665188744,492020087.81,11136863.03,65863145.98,-1285167.23,570008105.08,141090778.35,141027699.71,2018-04-25
2340,603311,金海高科,22710881.58,15.313159890405,132105659.46,13.77183795,86622672.06,7888804.25,11385587.31,-332866.66,107291277.86,26718754.02,26742055.45,2018-04-25
2341,603303,得邦照明,54794522.66,34.659159739886,939464992.95,50.4308250955,780108078.4,33216275.12,52414049.18,3271507.13,875638482.0,63463063.77,63657524.08,2018-04-25
2342,603283,赛腾股份,-15390219.65,,38304377.96,,20253329.7,14961541.95,23755315.66,1884413.66,59846720.01,-15560153.16,-15560153.16,2018-04-25
2343,603196,日播时尚,12799031.46,19.646189354423,237403165.19,3.8329166032,84241187.83,80694686.27,38290111.79,1120569.85,221876760.19,16150104.4,15981608.26,2018-04-25
2344,603179,新泉股份,55434022.1,168.603598777433,820417336.96,242.546318077,643174735.03,42797823.38,48924883.56,3531027.94,751932793.53,68484543.43,68896351.84,2018-04-25
2345,603030,全筑股份,17301006.78,209.371529445713,464543031.88,73.4251060585,406560383.42,10271202.16,29527904.95,15261217.79,445648007.8,18939604.33,18944617.6,2018-04-25
2346,603016,新宏泰,12749361.78,-9.697579286744,80342874.15,-4.7682491442,47910670.8,3726419.23,14313466.59,-437410.01,66736668.1,15411908.1,15561886.82,2018-04-25
2347,601991,大唐发电,630956000.0,-7.664660318352,15265820000.0,16.4422245097,13139392000.0,3658000.0,302003000.0,1396822000.0,15083866000.0,853801000.0,860926000.0,2018-04-25
2348,601899,紫金矿业,1005633520.0,1477.19880666993,18457471590.0,-4.8470222955,15849032900.0,211515623.0,844590293.0,450609626.0,17839136672.0,1428709303.0,1241327538.0,2018-04-25
2349,601689,拓普集团,172637346.89,37.340149895435,1166425017.37,47.7215033808,815060582.0,58805387.65,89496980.39,1463547.98,975970950.17,198364817.76,198489611.27,2018-04-25
2350,601633,长城汽车,1954688155.04,-18.422242858505,23318875686.5,11.6822846079,18155906537.52,783475433.08,1265964690.85,55786700.82,21056236897.82,2315526223.0,2415824259.63,2018-04-25
2351,601595,上海电影,47620946.64,-26.878792421704,252201047.05,-7.897273506,184567790.62,5681285.83,18927625.42,-3247958.19,204686598.96,52170520.81,55093488.26,2018-04-25
2352,601579,会稽山,82664670.5,41.200911096852,374909039.74,40.4438030374,187964597.54,33285960.3,29743847.43,-750888.11,264123343.43,112299230.54,113337499.57,2018-04-25
2353,601566,九牧王,159122200.55,23.922920253827,664090977.17,13.5968073407,280711643.02,145430995.05,40752933.82,1824963.92,481934282.52,197710990.13,201106501.21,2018-04-25
2354,601518,吉林高速,48729473.89,29.541744488853,171338682.51,12.3322257874,50577772.62,,13465772.56,41790563.82,106668410.94,64670271.57,64687195.95,2018-04-25
2355,601375,中原证券,100047305.09,-21.104516971162,423313455.04,-1.4289444026,,,232365559.11,,271769790.56,151543664.48,152882919.05,2018-04-25
2356,601226,华电科工,-57433426.34,-460.125002082681,901811352.46,-26.2254454753,835663733.66,8074039.11,107613871.15,2572085.29,962270139.04,-57970159.03,-54752125.97,2018-04-25
2357,601166,兴业银行,16824000000.0,7.15923566879,34587000000.0,-15.5705452501,,,8516000000.0,,14731000000.0,19856000000.0,19882000000.0,2018-04-25
2358,600987,航民股份,93606737.26,1.900207011036,718693284.9,6.3522432264,524062869.3,10107576.3,51052272.29,-1780781.66,593130162.79,136740752.98,136837714.52,2018-04-25
2359,600956,新天绿能,351464264.72,,1919257474.01,,1241492118.85,87449.09,60533569.78,169263802.57,1479965081.54,481355343.91,480965072.62,2018-04-25
2360,600874,创业环保,119249000.0,24.292801901149,488071000.0,7.3063215775,283126000.0,3009000.0,32729000.0,25224000.0,354304000.0,133767000.0,166536000.0,2018-04-25
2361,600869,远东股份,11866411.87,-86.308319481413,2797825164.45,24.7440165359,2398553448.74,234886058.54,103279959.11,43849217.43,2807860945.84,19387502.06,19199046.73,2018-04-25
2362,600864,哈投股份,106295970.65,40.603267307713,747834323.61,-1.8801917922,343708065.32,48788.46,210120259.97,1668355.16,697130727.38,148666160.02,149687347.24,2018-04-25
2363,600819,耀皮玻璃,6292866.99,40.355845744135,719809072.91,3.4256865696,582098085.92,44203655.26,80465933.94,19280127.21,737971365.72,13872403.82,14999910.82,2018-04-25
2364,600814,杭州解百,43073966.34,-28.437652738761,1462881075.96,7.644436406,1140126312.8,88145773.87,96189444.05,1190900.23,1341119333.57,100767044.99,100562660.72,2018-04-25
2365,600800,渤海化学,-16360122.16,-25.119099702543,27487220.31,-5.5069497094,22183391.48,2076414.59,18467252.09,-17248.79,43059090.96,-16864844.37,-16886027.15,2018-04-25
2366,600758,辽宁能源,368900301.4,1469.89370815871,2389107184.21,62.3129558656,1719364406.12,35834629.14,88224014.56,101626481.69,1994600623.94,394506560.27,396289222.33,2018-04-25
2367,600742,富维股份,149847710.65,102.043383623342,3001376478.38,11.6973851935,2805951082.61,15467906.32,94847678.54,-913911.34,2922749990.53,183288471.44,194300113.94,2018-04-25
2368,600721,百花医药,19741872.87,130.305146289768,149896169.86,36.1181895276,115091193.95,203673.39,9121775.21,1181193.25,126476129.48,23657276.83,23683853.64,2018-04-25
2369,600706,曲江文旅,28943951.23,112.166917627919,233623532.9,5.9583822621,143298970.03,12041855.89,36135439.35,5369619.31,200728328.99,33125470.13,33249998.35,2018-04-25
2370,600684,珠江股份,115886475.77,209.189970107019,1348276439.8,89.9108664732,876085232.44,45543601.7,17862425.75,5217110.78,1078197800.33,281627888.52,282476621.54,2018-04-25
2371,600673,东阳光,40994098.91,213.322363917904,1595234131.7,40.9751215818,1366534108.85,32798572.28,76254974.54,60607860.98,1548128008.95,57330689.95,57408287.84,2018-04-25
2372,600585,海螺水泥,2153217732.0,86.410580277515,13638977156.0,28.5823428176,9678495676.0,743982438.0,727605038.0,51657479.0,11438089861.0,2807332413.0,2946909307.0,2018-04-25
2373,600575,淮河能源,123541006.19,-8.136587994943,2266112678.78,64.6920368357,1923271666.45,3360199.14,71108299.77,74277857.4,2108235585.3,180372588.9,181509245.44,2018-04-25
2374,600549,厦门钨业,131195371.23,534.324887816894,2391188142.87,61.2547821416,1784803049.62,52037897.35,239032334.51,50151783.68,2168813333.25,233641824.81,245012442.2,2018-04-25
2375,600513,联环药业,13035272.02,4.387432011936,132299804.51,-15.7579437093,47738506.24,43197881.34,22505815.07,1079730.07,116724448.87,15958697.64,15872240.64,2018-04-25
2376,600477,杭萧钢构,120547756.75,229.359815269262,797790451.05,19.5978111986,528909725.59,17047797.25,91608924.1,11142926.03,645875093.85,149636891.11,144593461.85,2018-04-25
2377,600391,航发科技,3191981.14,-46.43456382146,397944340.69,-14.9449658052,333427553.6,7132594.47,42282616.57,17193641.04,403342250.18,781816.96,882552.18,2018-04-25
2378,600322,津投城开,54503856.08,1531.31622781932,973164132.38,64.3481714812,775471894.73,34177102.11,39542828.75,65762792.85,933868876.66,111454861.73,111456691.69,2018-04-25
2379,600299,安迪苏,316552800.0,-43.538638470612,2469115491.0,-10.1386535354,1501233918.0,227649128.0,181716509.0,11238848.0,1952877097.0,561178639.0,569147440.0,2018-04-25
2380,600289,ST信通,7530769.22,5.123835674045,311417650.54,4.2521118923,86545339.93,32503682.72,166948920.87,1251745.84,289045157.26,21218247.96,20848122.01,2018-04-25
2381,600233,圆通速递,279288174.93,7.008230904761,3493788789.68,6.9469663411,3084875572.31,20692877.16,133837836.18,-3146080.17,3247185520.84,332145497.11,367850750.02,2018-04-25
2382,600226,亨通股份,97909794.1,32.047098623658,319664347.68,32.4829800649,278503484.83,14110453.86,35184758.47,4687472.1,342198578.78,95898491.17,98262485.09,2018-04-25
2383,600216,浙江医药,24010668.25,-62.90195369427,1189011872.41,-9.1610004971,935714663.69,53988917.22,133048237.45,1532419.44,1161703140.84,27580829.21,32085762.15,2018-04-25
2384,600155,华创云信,49961211.35,583.886920398554,433718959.9,540.1166707023,51822847.48,3179554.43,252245470.15,126380.98,437326194.18,72562772.82,73016804.9,2018-04-25
2385,600084,中信尼雅,-22501806.0,49.878186593818,63444187.55,13.4184440109,35874104.12,34943971.78,15711841.19,12068745.84,103813785.2,-22513086.26,-22513086.26,2018-04-25
2386,600066,宇通客车,316216130.1,-16.463093797836,3868458647.2,-24.5442135043,2939134421.02,236390665.97,394099300.14,20956670.52,3553414338.22,389199627.96,409315933.09,2018-04-25
2387,600063,皖维高新,27189208.79,2.377536553903,944415782.58,16.4417241595,765174971.52,31077191.85,85385394.11,22225610.08,909675136.99,34208478.72,37397892.64,2018-04-25
2388,600017,日照港,107332685.36,34.833382325967,1163990377.77,5.6585861003,883799077.83,,35348587.57,61330573.77,992904999.06,168353547.08,168554572.05,2018-04-25
2389,600011,华能国际,651979268.0,-86.972314193354,37577079025.0,7.5372603809,32953324536.0,2802414.0,884601239.0,2176396597.0,36331013313.0,1453430062.0,1462917349.0,2018-04-25
2390,301013,利和兴,5560669.39,,41526606.41,,28862337.92,807228.77,5354385.5,208110.98,35037659.75,6488946.66,6488946.66,2018-04-25
2391,300943,春晖智控,12774911.69,,106256243.29,,75241853.89,4967334.7,9843596.7,-220832.48,92557589.76,14104026.03,14124226.54,2018-04-25
2392,300941,创识科技,2576187.68,,12890082.28,,7115316.17,437887.58,4679054.87,13065.57,12377438.06,564340.36,3040771.28,2018-04-25
2393,300845,捷安高科,-8281168.82,,11474108.27,,5282158.02,4364045.43,10330498.33,-53840.27,20250627.02,-8762085.87,-8488257.7,2018-04-25
2394,300807,天迈科技,-14422233.35,,13220315.27,,6767950.05,5775462.71,14592748.76,289283.0,27622286.38,-14473699.79,-14400936.24,2018-04-25
2395,300741,华宝股份,224798136.0,,456462208.0,,106041459.0,30582729.0,84362224.0,-16078096.0,213645811.0,265667180.0,265703888.0,2018-04-25
2396,300740,水羊股份,24487585.36,,268603527.24,,130777940.76,82662069.58,22983890.3,883258.2,239251040.35,29352486.89,30381182.55,2018-04-25
2397,300732,设研院,34018878.38,,159958117.95,,96307159.55,2321137.12,16819536.15,2172735.99,119518185.8,40439932.15,40477431.6,2018-04-25
2398,300722,新余国科,4491730.67,,30630157.43,,18432083.22,1111713.96,6275321.44,-51438.01,25767721.4,4862436.03,5098011.38,2018-04-25
2399,300716,ST泉为,14763574.8,,166218798.79,,131768961.63,4110291.65,10655204.86,2233308.69,150704191.87,16697706.92,16690015.93,2018-04-25
2400,300705,九典制药,10146038.92,51.089930897083,89826120.87,37.9392359503,46285394.23,21103124.65,9916302.73,83905.33,78401567.09,11424553.78,12270276.23,2018-04-25
2401,300703,创源股份,17401964.8,,146556677.26,,95450790.17,7672385.75,19595809.63,2905178.51,127645566.52,18906638.42,21244672.87,2018-04-25
2402,300689,澄天伟业,10824738.22,,66928836.1,,45921494.11,800897.89,7747875.55,-283233.46,54329549.49,12690999.9,12708109.68,2018-04-25
2403,300687,赛意信息,15170165.72,9.64834839715,147331685.88,9.1121979195,105968402.87,3998140.25,20486070.66,599859.74,130532900.72,17150571.8,17293258.27,2018-04-25
2404,300686,智动力,10822737.41,-16.29343541029,152625414.53,-4.9187672961,116734865.6,4332765.82,15253779.56,1526880.6,138147745.24,14421099.19,14192285.38,2018-04-25
2405,300681,英搏尔,22740160.81,47.699641281872,110199611.65,17.6314522664,73192949.13,5137020.49,6958896.37,-115523.8,86360514.82,23839096.83,26279686.8,2018-04-25
2406,300667,必创科技,2812272.99,315.374710794469,22002348.78,119.7228678062,11981606.62,1583424.95,6551402.6,283660.23,20266973.78,1735375.0,3414116.69,2018-04-25
2407,300628,亿联网络,141199372.56,89.993491742675,313021870.54,67.0736114488,111761463.53,15309587.44,23037577.04,1660806.13,158060907.69,154960962.85,155320913.77,2018-04-25
2408,300627,华测导航,9251385.55,48.883152687387,99894507.24,50.093811514,45935428.58,24134196.66,20121844.97,179702.17,92451735.73,6158247.67,10390622.29,2018-04-25
2409,300617,安靠智电,29761963.3,25.819047147084,85698522.28,-3.5486812824,39510122.96,4566458.14,8350305.76,86891.26,51674440.15,34024082.13,34954875.68,2018-04-25
2410,300613,富瀚微,27307643.25,12.521085014947,84314643.71,15.7614260431,33340157.53,1074062.88,19724497.78,732270.34,54946611.72,29367597.14,29497367.14,2018-04-25
2411,300607,拓斯达,21297676.76,732.032025210398,137353704.88,192.2966988172,83672775.26,14298021.32,15843355.16,-1253739.57,114248797.51,23626907.37,25649587.1,2018-04-25
2412,300605,恒锋信息,3294620.93,11.660496022489,40797029.86,0.7153963388,28255692.24,2913483.17,6839929.24,190669.67,38282378.62,4041484.55,3891484.55,2018-04-25
2413,300602,飞荣达,16132084.18,-34.539524569727,220686003.8,31.6609852473,169023213.73,9647123.8,23487209.77,974921.25,202853704.26,17832299.54,18922662.18,2018-04-25
2414,300601,康泰生物,28130336.34,-54.731122701074,145993270.76,-0.2434649067,19051483.66,69954952.97,26884911.92,729082.38,119385742.49,26794809.62,33236654.32,2018-04-25
2415,300599,雄塑科技,20068031.64,2.221499616314,275716905.15,29.9023843107,218175351.76,9424569.09,20649778.62,370583.01,251805219.79,25790655.21,25780254.81,2018-04-25
2416,300595,欧普康视,26968295.3,41.496429759865,57955571.76,32.404699243,13484881.32,9044611.53,4379932.32,-202072.95,27450264.04,32430395.57,32430395.57,2018-04-25
2417,300593,新雷能,4768208.29,-64.383252244633,75297477.77,-9.7284708196,38813223.23,6352543.03,22546036.91,723453.43,71154267.22,4143210.55,5236086.49,2018-04-25
2418,300591,万里马,-2368885.35,-78.184982805633,75586079.85,-10.9276188413,52921548.27,17433419.42,6932404.6,520106.36,78231152.65,-2645072.8,-2358738.51,2018-04-25
2419,300586,美联新材,9339088.71,2.525253363579,84878874.31,8.7836714773,65956387.64,2673937.87,6394452.88,301187.71,75843921.77,9216461.89,10564724.6,2018-04-25
2420,300581,晨曦航空,3750573.07,-2.558686807357,34776517.95,18.6736603746,17398809.42,477873.2,6249916.87,-102318.1,31885416.63,3362124.02,3362124.02,2018-04-25
2421,300576,容大感光,9426989.14,26.382803207964,73931251.92,17.0177426804,48508920.74,5666348.61,8243848.13,-335595.67,62956415.45,10974836.47,11494752.27,2018-04-25
2422,300567,精测电子,21783332.87,3320.61760930154,126634056.19,68.8040318418,67141580.67,13193403.15,33404405.56,-55168.9,115483436.22,11175603.94,23057414.25,2018-04-25
2423,300566,激智科技,11181853.85,37.089786721904,126277923.98,26.8420112059,87175213.1,4709307.93,25157574.83,2629637.75,117020257.48,9257666.5,13843742.74,2018-04-25
2424,300565,科信技术,7609672.3,-62.30949587236,125328940.67,-23.3006557857,83592459.61,21311350.95,13394242.88,-1700399.96,116091067.21,9249933.1,9300260.16,2018-04-25
2425,300558,贝达药业,75549674.6,-26.820420583431,229539932.98,-16.508703227,9440352.37,93400871.21,61587396.84,-136639.48,168882396.9,62073365.71,89213950.83,2018-04-25
2426,300550,和仁科技,1092733.87,191.751571114038,38264278.95,82.7236490969,19189603.62,4975909.78,14205983.01,-82927.51,38599441.19,57508.15,319847.67,2018-04-25
2427,300546,雄帝科技,5460727.26,178.260300281469,47341648.86,163.0996756841,20990374.19,9002935.28,14190582.65,-106448.39,43169757.5,4169991.36,6365667.77,2018-04-25
2428,300543,朗科智能,22808913.14,0.56073867233,239977178.1,18.6619274722,192252873.99,3726846.01,17271981.77,1483880.38,217182486.84,24149402.93,27952902.74,2018-04-25
2429,300531,优博讯,15094882.54,1.168706981246,77759822.88,4.8454880353,45561574.7,6159712.82,12204116.09,153089.29,65028862.25,15483434.81,15520599.44,2018-04-25
2430,300525,博思软件,-5905848.66,-452.361540605419,23533527.69,0.793685944,9516411.01,6029624.66,14941397.13,-400312.12,30899937.9,-7366410.21,-7053305.65,2018-04-25
2431,300502,新易盛,29876426.49,39.096774144588,191535709.96,30.9010370794,142594119.48,2791168.2,12501408.64,81571.5,159077831.97,34233649.21,35276249.29,2018-04-25
2432,300499,高澜股份,-5332837.73,-53.468410018404,106413637.26,19.2029347963,71861799.51,10444016.83,27388346.29,475718.16,114591887.81,-8203178.82,-6973698.03,2018-04-25
2433,300497,富祥药业,50749691.03,37.623987225251,230696463.93,44.2748094457,136865860.58,2841068.43,27220206.84,3939940.39,172394484.21,59033103.01,58811508.82,2018-04-25
2434,300479,神思电子,6695393.29,106.27751311194,75476585.74,45.8047425376,46262307.25,9957344.21,11280552.77,-202509.28,69510676.12,5965909.62,8310931.56,2018-04-25
2435,300477,ST合纵,-12458025.33,7.027594884346,173917389.67,13.0044534371,124177906.45,42398661.71,21615020.2,-233144.35,189340052.09,-15422662.42,-11965950.08,2018-04-25
2436,300467,迅游科技,15610207.04,-10.855580718466,41716464.52,5.7025945414,13056360.41,4681671.11,16716784.34,-665570.24,34057340.49,12493205.71,16085756.55,2018-04-25
2437,300465,高伟达,-14511339.99,-832.799758767022,224860205.52,73.2848507332,162811321.54,41178338.99,32275585.44,1755922.51,239881868.02,-14849298.89,-14869939.05,2018-04-25
2438,300454,深信服,-8901343.98,,376710350.6,,85060403.7,193147883.37,129569317.25,-9762981.39,404123365.96,-8853034.92,-8801691.48,2018-04-25
2439,300453,三鑫医疗,6564142.77,-29.31839170703,82658487.83,8.0995162202,57798021.8,8730452.86,7316985.99,23652.76,75805901.92,7051202.23,7756246.42,2018-04-25
2440,300448,浩云科技,-16073412.61,-6.98794188852,70332593.85,-14.0830103968,48057334.49,15542641.91,24561367.54,59168.17,88970987.92,-17896094.07,-17900512.51,2018-04-25
2441,300444,双杰电气,-17129056.56,-280.64818607831,116594216.14,7.0743724634,91104630.44,19220479.08,22055285.16,2095140.28,129917230.79,-14775378.54,-14469714.27,2018-04-25
2442,300430,诚益通,11421250.81,1.691265977672,82447006.92,0.7315737845,52579642.64,4189830.49,12792098.7,-183301.84,69575746.31,12962357.81,13486757.81,2018-04-25
2443,300422,博世科,16337250.85,276.977667405494,215736646.57,111.2079903161,155754863.75,5926874.8,22699969.07,5036682.9,198520928.13,16973245.95,18794485.95,2018-04-25
2444,300405,科隆股份,2122389.43,53.296035012688,150651193.3,7.6036438997,114158165.91,10538843.38,16777726.42,6380574.28,148046755.51,2604799.47,2698672.75,2018-04-25
2445,300400,劲拓股份,8029322.29,545.499040850563,74994979.1,75.9845358634,43122131.92,10472209.94,12144055.32,-143559.42,68112741.39,6882237.71,9472126.95,2018-04-25
2446,300383,光环新网,85824287.1,42.835368886169,866239591.42,181.098816214,680703005.09,6006372.04,70354900.82,15712550.14,778327749.64,98185689.62,98233690.23,2018-04-25
2447,300382,斯莱克,13623489.05,0.104771758284,50285281.25,-4.0497276448,21452043.63,4354582.97,12476173.36,733972.71,40545164.24,10913092.65,15453392.06,2018-04-25
2448,300380,安硕信息,-7638347.87,-367.795692677565,97888689.91,46.3478451684,62042230.63,5586423.12,38227163.4,-302984.75,108167457.79,-10916401.9,-10532542.82,2018-04-25
2449,300377,赢时胜,14889237.03,821.21518865573,77875424.47,55.8759687408,16828012.24,3132700.53,49224151.02,-8073150.31,63450241.81,17846599.04,17841533.8,2018-04-25
2450,300373,扬杰科技,54621696.62,37.952987761486,301878916.67,21.2044161393,198745894.56,15955436.25,35044079.71,1572761.47,252886226.16,62598176.55,64160641.51,2018-04-25
2451,300371,汇中股份,-2962155.18,35.711677141562,22439901.42,10.8362791114,8566748.7,12554325.27,5677720.38,-574266.96,27575781.39,-2976092.22,-2976092.22,2018-04-25
2452,300370,安控科技,-18311651.66,-20.040929202748,102309850.36,224.638459858,80453087.55,10315795.22,30498991.6,10144115.19,124135812.31,-25222442.05,-24319265.93,2018-04-25
2453,300365,恒华科技,6106845.17,105.327394492742,100226046.65,32.8038019325,68309276.83,8005199.91,17289313.8,1842327.92,96188792.28,6964574.86,6970400.1,2018-04-25
2454,300357,我武生物,38207667.31,34.172141369986,81099600.17,17.3362360351,2303978.21,27882613.37,7037951.63,-946940.15,37537129.67,44885923.16,45135230.51,2018-04-25
2455,300355,蒙草生态,11459725.94,157.046771342097,306176978.02,160.8910826798,222340963.59,7738754.77,36888183.39,19842331.38,289589638.9,19444304.18,28018398.45,2018-04-25
2456,300354,东华测试,-4285576.54,-116.057945348071,17026279.63,21.5083298637,6802879.72,4365223.79,11203859.44,-110650.25,22163340.14,-5137060.51,-4291016.23,2018-04-25
2457,300344,*ST立方,-2261997.34,78.199906890363,58229197.99,1021.7884894982,36185562.38,5261653.99,17647230.52,5254399.01,60029639.05,-1800441.06,1410446.7,2018-04-25
2458,300342,天银机电,50854302.19,57.257111323988,188133824.75,23.0248261939,110435813.94,3091985.91,12879010.44,-1918378.15,128572748.98,59606170.84,59841080.76,2018-04-25
2459,300337,银邦股份,22051592.37,376.144920232064,430350785.41,19.832835589,377840323.7,10317588.35,23784420.76,8859983.65,421924943.67,10189152.68,22051592.37,2018-04-25
2460,300332,天壕能源,2821257.11,-87.030894280148,349189803.81,10.2667540554,287758676.15,3529148.94,37853781.4,23940267.57,353200270.87,-3958507.88,11781145.92,2018-04-25
2461,300319,麦捷科技,17010187.57,-12.044948312507,271129687.22,-0.1541438441,230693466.05,6042356.66,17026101.03,2495946.75,255177717.33,16400607.08,19509491.58,2018-04-25
2462,300314,戴维医疗,20155521.3,11.596137787409,76192379.36,22.1759729543,34372356.57,5516238.42,9853220.56,-166304.34,50651686.95,27241270.16,27452248.44,2018-04-25
2463,300313,*ST天山,-4881374.41,70.13759848707,30379094.28,-77.2179386571,22792205.61,2227115.06,9579265.4,4574705.07,39276924.69,-6320678.12,-6330678.22,2018-04-25
2464,300298,三诺生物,44925536.46,2.376245539993,233954156.2,29.1969198964,76432937.4,58765688.92,22819563.12,-813451.86,162235473.46,54401167.11,54986082.86,2018-04-25
2465,300284,苏交科,56524967.57,3.620252337822,1036009437.42,112.5157040264,768945626.89,29775319.35,133381342.05,12063244.42,958372352.68,75135469.15,81177876.69,2018-04-25
2466,300271,华宇软件,38052730.25,33.252252943166,277615083.65,36.6650678687,142852800.72,25141076.34,84833406.15,-2104239.26,254091218.14,40107759.89,40288768.09,2018-04-25
2467,300257,开山股份,17981796.42,1.741004227116,504227118.02,53.869146379,369853044.2,26191949.87,71705940.95,1581852.33,480890418.51,25392254.74,25452241.43,2018-04-25
2468,300253,卫宁健康,26956428.27,21.682054619533,167290497.75,24.4641949252,95900123.15,29137469.38,54187227.89,478911.0,169944312.12,-4219705.57,21297517.71,2018-04-25
2469,300252,金信诺,64014256.71,5.108439828716,496499392.33,-0.4346188817,349016642.44,15153879.21,37124794.99,7986053.16,415296356.71,80883035.62,83170619.44,2018-04-25
2470,300249,依米康,-10343166.54,-827.90482623461,112275929.28,-18.847673816,81457531.03,14620014.39,28016792.52,4697081.91,123573887.51,-11864038.23,-11165863.19,2018-04-25
2471,300232,洲明科技,49688832.72,146.417022588273,540681266.85,101.2917092105,377823883.75,66852428.07,34866349.16,295227.09,484265723.89,55927575.92,61598431.53,2018-04-25
2472,300231,银信科技,18269830.84,20.437889906364,174546039.64,-6.9701739941,119061151.28,16171958.5,14285160.55,2245142.31,153936939.39,20984100.25,21031524.6,2018-04-25
2473,300230,永利股份,71042404.51,270.084341632866,644287418.15,114.5153682309,438398905.27,47975511.11,70093329.05,3451294.91,562951456.73,84163176.93,84163151.82,2018-04-25
2474,300211,*ST亿通,1782019.64,-49.077417420591,39733118.4,-30.5282413163,32348193.3,1021170.66,5356130.14,-887918.75,38095086.0,1638032.4,2025618.05,2018-04-25
2475,300198,ST纳川,-14167885.81,-154.909633706934,175703178.71,-27.3825949188,141397632.27,28605194.88,22476259.22,3689726.11,196921302.71,-20794857.76,-21002473.94,2018-04-25
2476,300187,永清环保,15981401.48,127.316987069978,228319885.73,79.4421837412,181073665.73,5163498.81,23128013.69,-2787409.35,206071091.82,22498668.91,23438668.91,2018-04-25
2477,300181,佐力药业,10390633.07,-55.191839749397,201375306.02,-4.8163127154,89613139.96,72972718.96,20235262.69,2081611.2,189132083.35,23134233.97,14512499.62,2018-04-25
2478,300179,四方达,13063124.97,150.511676566811,62862926.12,112.1460005401,31975709.87,4393756.91,11115997.75,-149926.23,48411508.34,15536759.66,15646426.28,2018-04-25
2479,300175,ST朗源,57284501.24,1040.12263041679,69588750.29,-57.8668230797,64651879.0,2865579.77,3259881.88,1905259.21,73587451.35,77700977.47,78178051.22,2018-04-25
2480,300171,东富龙,52088763.61,-39.688801482607,451241542.84,6.2802286605,279700695.93,21244563.88,69689356.62,-836266.94,380344416.69,74225676.47,74536096.11,2018-04-25
2481,300163,先锋新材,-1078080.3,-133.148253789661,180129139.88,-0.8901225005,100522501.22,59763089.59,19280763.54,674768.67,185801727.56,-5672587.68,-5008550.74,2018-04-25
2482,300160,秀强股份,62630137.84,72.435257186602,377770519.56,21.0530606516,243366860.46,16127636.91,32519688.44,2881230.65,306563714.24,71206805.32,73196876.79,2018-04-25
2483,300155,安居宝,-12748911.08,-7.633083450695,130395527.77,-7.1835306842,85752974.63,22244739.6,38975993.73,-1542355.85,146166975.33,-15678137.02,-12091011.23,2018-04-25
2484,300148,天舟文化,58832602.95,463.198201689199,170597686.79,182.6826519149,46858365.48,16792630.04,44332691.95,-2670722.11,106788719.52,63781985.96,66303775.9,2018-04-25
2485,300146,汤臣倍健,283198485.82,25.953281180146,736054794.77,12.2169450215,258059643.67,109937364.43,45363998.81,-14704508.99,412575723.14,358806339.67,354045420.29,2018-04-25
2486,300128,锦富技术,2666043.28,119.582028777744,635311118.18,38.3666760007,569344897.09,13254624.7,42409458.08,5085828.05,632806119.38,2262823.94,2143707.55,2018-04-25
2487,300126,锐奇股份,3878707.59,22.363701884446,120779171.89,1.2197083966,100294128.13,7415413.47,9398778.67,1397604.45,118357635.22,4443227.74,4296410.86,2018-04-25
2488,300124,汇川技术,172451688.11,23.544181851829,781883580.96,37.7286294065,417769859.34,84020180.96,184294384.31,-10028428.76,684614646.76,191019106.27,198863578.67,2018-04-25
2489,300123,亚光科技,-4364269.91,59.180808425141,148894472.09,85.5314223845,124713908.35,6571878.09,14425880.81,7296745.0,156269454.64,-7374982.55,-4967776.99,2018-04-25
2490,300098,高新兴,71029775.54,10.375760641582,266968366.07,14.9265156393,147587598.32,24908982.6,47721588.59,-11089224.79,209717191.08,58774568.6,78824536.84,2018-04-25
2491,300097,ST智云,-8493403.92,-60.752135375955,61306934.93,100.5380647049,31746443.02,15319625.15,21070839.91,2079820.96,68997174.64,-7690239.71,-7694970.73,2018-04-25
2492,300084,海默科技,-2920567.96,60.779360552228,58634818.87,15.4008998462,40050187.92,2562474.02,17928131.28,4605424.84,66113262.58,-3419415.94,-3390715.52,2018-04-25
2493,300073,当升科技,19639204.21,24.679288165319,313874683.98,37.2106840602,255010823.19,7436902.4,24094783.63,4553087.07,294855257.79,22921815.59,22932299.74,2018-04-25
2494,300055,万邦达,101814468.35,45.247960544961,391968420.1,22.7138809689,276710354.25,3929665.79,25970302.92,-5875650.18,281175982.53,111715114.54,116498545.9,2018-04-25
2495,300050,世纪鼎利,31394213.67,30.540265044308,168146261.18,-6.6560819501,90132744.11,10749879.71,41241112.8,-2398869.47,142252127.71,25898035.27,34820435.11,2018-04-25
2496,300042,朗科科技,14879388.29,23.44286295035,205019330.4,112.4471979881,184517262.07,4083271.03,5608724.22,-2239207.86,192703609.46,17545125.87,17682950.03,2018-04-25
2497,300034,钢研高纳,19283555.06,-7.914822890322,153596774.83,-1.45868546,109985509.19,1218721.67,20619021.34,175378.55,136959265.49,18170546.6,23261751.23,2018-04-25
2498,300030,阳普医疗,5942551.86,-17.58409913148,109492298.64,3.9385114946,57684396.6,16383402.96,21860125.53,4072009.56,101635856.99,5690348.21,8006153.4,2018-04-25
2499,300016,北陆药业,26417822.45,28.778835729493,115727327.02,0.219925448,41118342.4,35949208.16,7536976.49,-223030.91,86935570.4,28261887.89,30986658.9,2018-04-25
2500,300015,爱尔眼科,155627709.46,31.172741079982,1197462613.44,30.8567555886,669902169.67,134324132.78,184049550.95,1925388.84,999302844.58,209964230.22,203326091.95,2018-04-25
2501,300010,豆神教育,23848749.03,94.35951117168,305935911.04,64.1460150315,170892031.04,62769572.43,51708929.96,5842731.59,300997909.24,18377264.6,28878133.34,2018-04-25
2502,300005,探路者,50210581.61,-30.061823036027,623603272.49,21.2586383961,460278023.84,62453423.4,50400330.18,-3990002.12,569743689.45,55088593.34,57102705.44,2018-04-25
2503,002920,德赛西威,215286953.84,,1690456325.43,,1245065095.66,63478099.13,115654035.88,-1137118.5,1434863268.1,249587444.94,253450045.38,2018-04-25
2504,002918,蒙娜丽莎,41441456.56,,509603668.55,,337978078.98,67960332.0,43612635.55,3652357.47,460316452.83,49287215.72,50858383.37,2018-04-25
2505,002912,中新赛克,-7704704.85,,36742660.78,,9780340.28,18391482.83,32268963.58,-1348236.94,60369038.58,-7741726.78,-7653440.26,2018-04-25
2506,002907,华森制药,21639357.38,-2.433449658388,125987356.97,-3.890557088,43145728.18,47729642.17,7716177.42,233015.71,101813554.2,24173802.77,24530717.16,2018-04-25
2507,002899,英派斯,15464069.88,,156196406.53,,96692875.53,17881871.72,20177818.52,1462496.81,137641641.91,18608724.62,18817278.49,2018-04-25
2508,002889,东方嘉盛,53512479.38,51.891184361411,1980425573.38,69.0856144425,1911181446.26,1134819.65,11737737.34,-7825109.69,1918794951.75,63499020.42,63788227.97,2018-04-25
2509,002887,绿茵生态,36113352.46,10.863961641322,105176845.45,4.9070277533,66364170.81,,8234705.89,-53875.22,64756959.83,43000552.19,43053885.46,2018-04-25
2510,002883,中设股份,9174469.1,22.174757966788,46731858.76,27.3281730919,25891311.16,2389694.93,5415595.51,269046.6,35515374.72,11216484.04,11231498.04,2018-04-25
2511,002875,安奈儿,33953464.41,9.905236749597,249842605.25,4.130372188,99667831.18,87597639.0,12855031.59,461471.4,206347451.73,43495153.52,44987616.76,2018-04-25
2512,002871,伟隆股份,10959991.99,24.846088382436,57028115.92,8.2786906842,32957358.47,3959967.24,6494426.58,483940.44,44591391.59,12766901.46,12915059.96,2018-04-25
2513,002870,香山股份,20346108.79,33.084258986334,191473892.19,16.5115375091,126237689.45,15160505.79,22241344.54,1059910.31,166725641.56,24954269.91,24582113.23,2018-04-25
2514,002869,金溢科技,42613828.83,2.036285710989,184381048.56,-16.2814233207,102570140.39,13062635.24,28903265.16,-736250.05,153042832.87,31338215.69,48749920.58,2018-04-25
2515,002868,*ST绿康,26516196.74,-14.166329262608,97143539.02,-15.6299263586,55131823.46,4525017.8,5724772.61,913063.75,67960999.96,29182539.06,31312778.0,2018-04-25
2516,002866,传艺科技,22158179.57,101.879749910244,118513728.53,2.139385949,79505390.12,5908757.3,9522804.94,1246684.14,93794935.84,24721509.38,26282759.38,2018-04-25
2517,002856,美芝股份,9153511.54,7.012678153087,176382451.0,-22.9222788532,152813552.15,2759733.54,5509195.52,1945080.69,163939317.02,12443133.98,12443133.98,2018-04-25
2518,002855,捷荣技术,16287863.87,26.286170187295,377924736.27,-7.4934192182,313677546.71,6012218.7,49832340.78,-1316913.56,363241599.76,14676343.28,18593476.78,2018-04-25
2519,002852,道道全,51244266.57,-2.414518384995,654630757.98,17.1483175374,553810213.96,31302472.2,9908517.77,-616878.94,597414486.79,65696489.38,66978924.77,2018-04-25
2520,002849,威星智能,6516161.93,25.353229494974,88841503.22,17.2460825109,61725104.71,10675271.6,9653429.58,-153399.16,83320323.76,7593164.53,7593164.53,2018-04-25
2521,002848,*ST高斯,2704125.59,-84.244350283794,254926087.63,-19.7806040308,208917728.52,13842885.25,25399202.47,4707009.34,253255247.97,1578395.25,2392542.06,2018-04-25
2522,002835,同为股份,9294850.22,28.569177403762,103534674.23,3.5943362387,68382085.89,7074513.63,19749212.45,1430203.76,98571769.93,4962904.3,9469861.49,2018-04-25
2523,002828,贝肯能源,-8908741.16,15.739747863944,4612063.54,32.9837326055,3649418.54,361970.17,10789268.55,69699.18,13554150.74,-8942087.2,-8706795.11,2018-04-25
2524,002827,高争民爆,11630727.09,70.475034928305,76984903.07,79.8571996938,40403138.04,5576167.96,18065275.26,-61405.81,64592910.21,12391992.86,12438014.91,2018-04-25
2525,002826,易明医药,5555689.34,16.436806489375,78426722.21,43.174297853,22196408.46,40109044.04,7937879.99,250508.96,72046871.68,6508092.55,6404058.69,2018-04-25
2526,002823,凯中精密,35712540.85,42.838791146804,325712643.6,36.6842356279,231509869.19,10035196.06,33624572.63,3193735.49,282816666.27,46389577.33,46330966.39,2018-04-25
2527,002802,洪汇新材,13215394.95,8.317806148213,74789980.86,14.5445243232,53519038.29,1664142.96,5912802.33,104133.06,62520881.0,14027668.09,15572940.02,2018-04-25
2528,002799,环球印务,6078140.82,-2.561203744658,105726713.91,19.0229956884,83067092.09,6216530.61,8627227.12,549118.54,100731765.52,7219304.18,7219304.17,2018-04-25
2529,002797,第一创业,68615330.15,-31.309943455536,368458928.72,-3.5982393469,,,282632201.01,,287687323.8,80771604.92,82264848.3,2018-04-25
2530,002796,世嘉科技,4874311.78,-26.702442338704,110072255.43,18.5111629454,93902446.1,2276399.36,8199795.34,-65666.22,105502359.98,5883483.96,5881483.96,2018-04-25
2531,002793,罗欣药业,24660054.05,58.772045641761,190049184.54,35.1948942607,135183847.86,4872741.99,18104258.38,802700.87,164071838.48,28444105.83,28444055.83,2018-04-25
2532,002787,华源控股,22174152.27,-22.397893611502,256980106.04,28.5934457574,200530795.61,7974281.84,18233088.76,206704.24,230016819.67,29166146.09,28322785.36,2018-04-25
2533,002779,中坚科技,8285595.73,-13.811995125436,127810275.04,10.9159552179,99516092.24,4603121.74,11944909.59,494930.73,118906875.45,9492353.02,9498109.39,2018-04-25
2534,002777,久远银海,6879726.76,24.225395637034,93097596.91,24.6928952164,55940857.91,10768965.99,15040049.57,-755255.09,83080169.73,9409818.17,9980026.64,2018-04-25
2535,002766,索菱股份,20905277.81,34.174105197643,238508565.47,35.2471352878,166491274.46,7810372.27,29619033.01,8484697.56,215138878.85,22706000.69,23700345.89,2018-04-25
2536,002756,永兴材料,65098892.29,21.24582068346,920944405.87,38.8912741282,801093354.38,10319243.06,31981591.39,-413814.4,850418654.05,78733487.24,77310406.83,2018-04-25
2537,002753,永东股份,39116638.33,273.709012253711,385259460.6,95.7309205508,287814559.85,35175355.5,9490349.51,436301.52,339493068.81,45875706.86,46019997.79,2018-04-25
2538,002745,木林森,132568937.58,162.698312829502,1535801948.54,87.3595709655,1152503511.52,39090520.64,117988637.86,27985454.69,1372834579.8,159734170.95,157139277.34,2018-04-25
2539,002730,电光科技,4867248.93,10.45095957255,116733143.2,19.631594777,79431800.07,7903910.54,19890698.31,3106141.48,108793011.35,8117369.58,8133551.47,2018-04-25
2540,002729,好利科技,3879402.0,180.734058760169,35757369.26,14.0410693105,21056237.34,2126402.28,6531192.97,-33076.88,31245979.19,4823647.76,4854639.74,2018-04-25
2541,002727,一心堂,97263035.85,-7.9928052347,1813644171.03,22.6603135569,1092160407.54,486741071.98,79197114.4,13688599.51,1702762052.25,110473732.44,111970842.0,2018-04-25
2542,002722,物产金轮,24785809.07,10.595709947852,412964285.1,25.3115467704,327829556.95,21356334.49,18808633.73,4090927.42,378433619.42,33864674.0,34267502.82,2018-04-25
2543,002721,金一文化,29674583.63,13.235739536137,3060708825.98,-5.4488082226,2699155676.01,161078681.62,48727745.84,75430248.69,3011425033.0,31131045.94,55244284.72,2018-04-25
2544,002718,友邦吊顶,17299340.04,48.694348788142,89074914.88,34.2615952507,48413459.56,14959211.86,14782713.63,-4161534.12,74611226.38,18957757.0,19702657.33,2018-04-25
2545,002715,登云股份,6016296.44,214.353264431245,80448076.32,19.8235944025,59482897.23,5353557.03,9428193.07,2172519.21,76968026.76,3480049.56,7260290.8,2018-04-25
2546,002712,思美传媒,53210522.27,124.985308806489,703543136.29,2.1970341537,572341679.81,37682317.91,33743780.69,-1588250.86,650120604.92,55335202.88,59912877.28,2018-04-25
2547,002707,众信旅游,50196171.21,37.340219822877,2240275229.36,11.4935822298,1991627064.45,145082798.24,28410158.47,-4227829.7,2162223235.09,78339233.32,78380709.08,2018-04-25
2548,002685,华东重机,5505944.82,46.849928643982,894150953.84,116.5871062554,844889255.14,16569382.01,15088283.99,1605618.7,882253670.83,14233643.31,15580038.71,2018-04-25
2549,002681,奋达科技,44872719.46,-16.137991197205,354612407.85,14.2154888695,257800055.07,10990240.38,40859112.56,5557388.45,312360295.48,43582991.04,52988250.47,2018-04-25
2550,002675,东诚药业,31240101.92,86.42203466841,316230102.37,37.7204486551,153895589.99,53788789.8,35467223.22,10154656.42,258801261.75,58259198.69,58376117.85,2018-04-25
2551,002659,凯文教育,1186358.58,134.717142143805,88910556.05,6.717539473,79447757.95,890686.96,15556543.71,2981317.11,89999958.58,1306148.02,1323674.48,2018-04-25
2552,002658,雪迪龙,12469196.77,9.482282506484,155823170.83,16.0129683423,78796312.77,31339799.85,34839689.84,-989910.69,142840207.11,10224541.79,14536574.64,2018-04-25
2553,002652,扬子新材,29961203.68,199.543060420391,535627889.39,53.4158215162,419422734.24,11982173.5,27962800.95,14957512.85,475121244.31,60506645.08,63950693.94,2018-04-25
2554,002645,华宏科技,12298603.62,-16.85743362783,252788580.68,37.9996878003,210721949.18,7451050.06,20810144.49,-22962.68,240906104.74,12716438.19,13926750.8,2018-04-25
2555,002644,佛慈制药,13548805.79,46.675808907788,100995201.79,15.973425442,70332411.04,8879036.96,9759459.74,-4568240.3,84985621.95,16009579.84,16065497.69,2018-04-25
2556,002641,公元股份,6078219.4,-76.741930143045,828542553.22,21.9710312549,648465693.87,72338163.37,94544820.32,2846874.6,820421201.51,8172694.03,11433730.47,2018-04-25
2557,002626,金达威,66281938.03,38.000626893033,420406310.93,10.7848555862,254787100.44,26908111.3,54967038.37,2847525.31,342971046.36,75932927.63,78953076.25,2018-04-25
2558,002623,亚玛顿,6992301.45,-34.747085010727,327035173.58,35.0549151218,276252066.92,8592776.73,23177326.65,14418504.39,320747126.63,9109441.99,9007475.99,2018-04-25
2559,002617,露笑科技,50015910.44,880.72124274467,473330580.27,175.4225395215,361293071.49,5183461.58,16631446.46,4469740.91,396152755.34,68333101.87,69211826.83,2018-04-25
2560,002596,海南瑞泽,7890136.78,133.58900590223,451625438.46,79.7058206424,370759544.35,8369996.39,40722372.63,23410474.44,445438958.85,13046725.27,14389192.3,2018-04-25
2561,002545,东方铁塔,21257595.61,23.742840016514,421185025.93,24.3350250275,324208806.92,28024187.69,25329462.43,12203284.98,402243980.39,21805986.0,21992564.0,2018-04-25
2562,002543,万和电气,125964669.71,18.205292761886,1450903093.14,12.0653593962,1025218935.86,220422494.46,84305977.03,1177297.86,1338315350.68,148948158.5,150081346.23,2018-04-25
2563,002539,云图控股,71873168.18,40.446088334708,1925598326.71,27.106893139,1578007788.44,85442260.06,104888477.15,48581982.23,1831403764.85,94327960.45,110146253.3,2018-04-25
2564,002535,林州重机,-265672.82,147.447669267904,233006625.03,-31.189460995,178150741.14,3138224.5,23409599.29,26007612.69,235014146.1,1410045.73,1581657.41,2018-04-25
2565,002532,天山铝业,49480892.36,79.597155441139,290524667.98,21.247289197,202161563.04,22485602.2,29078497.89,2395574.73,258581738.07,55810312.99,56822614.96,2018-04-25
2566,002515,金字火腿,14691425.53,20.525397428514,115909530.7,79.9649576921,58342616.54,18876529.22,27636106.07,-142964.31,106007240.32,19267720.36,19759456.88,2018-04-25
2567,002511,中顺洁柔,75278079.39,65.226816696268,1032246698.85,20.8591353326,656548928.7,211441336.24,53767084.18,11140558.97,941262062.13,91001518.16,96810233.19,2018-04-25
2568,002480,新筑股份,-44014787.53,4.760109502709,122761501.43,-38.4311024023,77806409.25,16016208.68,54412669.18,26334368.73,175917334.77,-53155833.34,-49727641.13,2018-04-25
2569,002478,常宝股份,20876055.11,-26.371305154025,632382705.75,12.6426513894,550245125.69,13458294.14,47007875.7,-3646130.18,610451608.48,30277845.48,31454438.19,2018-04-25
2570,002476,宝莫股份,-30828324.53,-281.547452690534,81236731.54,-65.69921844,78211705.18,5487283.69,21812932.11,2327562.62,112946500.79,-32834301.45,-32795097.28,2018-04-25
2571,002475,立讯精密,301217842.15,51.167048343004,3932532111.48,87.5685743149,3112881420.39,71278419.08,372771229.63,42603223.03,3622645888.33,336851707.41,362180830.7,2018-04-25
2572,002467,二六三,29399925.46,-66.012414943253,205825690.67,1.750058804,72146894.37,49995076.84,77050187.45,-6406154.52,194129078.48,28747710.47,29406391.71,2018-04-25
2573,002466,天齐锂业,405778717.99,42.723604663695,1063631802.16,41.0663709757,332004634.1,6879813.73,43754242.57,-8965611.59,385224481.53,674119786.8,677080575.0,2018-04-25
2574,002448,中原内配,59946323.03,6.829990643416,335480816.15,11.6567712589,205353696.66,26335516.63,35388271.43,5405418.68,281100645.72,66383950.62,69320341.31,2018-04-25
2575,002428,云南锗业,1421569.66,113.719663722167,79901359.96,-51.4870340848,61645230.56,488079.24,17960782.89,3959099.25,80801972.65,2203527.57,2207328.94,2018-04-25
2576,002425,凯撒文化,38431810.6,224.847064296411,131165537.32,24.3685300702,46291061.44,5775396.36,35823478.55,2575453.14,91675969.57,39434350.71,39554256.18,2018-04-25
2577,002407,多氟多,69083013.53,-38.401862499763,677441523.81,25.2416823828,493060021.07,26053005.68,66005562.41,12054644.73,601757015.57,84187385.38,86185826.83,2018-04-25
2578,002403,爱仕达,53365001.97,20.600577252354,749543979.74,18.8273307441,432506456.43,171284882.79,61297579.34,5628309.36,691601022.98,61698533.45,61941479.54,2018-04-25
2579,002392,北京利尔,40203468.83,36.719715504726,483114017.06,16.0534540679,295251643.4,75734141.41,49877188.76,9564228.57,446471140.84,46064024.57,47615908.86,2018-04-25
2580,002380,科远智慧,6917886.53,48.508818948446,87733669.44,9.8211924136,52813711.5,11008502.42,23036901.77,-1643788.42,88777670.37,876934.78,7717677.65,2018-04-25
2581,002379,宏桥控股,23229948.92,676.649703728249,301334848.76,62.8248343418,291508911.93,453490.43,3628337.92,1257340.4,278106830.59,23228018.17,23229948.92,2018-04-25
2582,002353,杰瑞股份,23141621.92,-59.929261395633,625159071.64,6.932846593,488495738.88,54959373.22,73725192.41,-5993508.93,625499573.34,33481813.41,33678653.18,2018-04-25
2583,002346,柘中股份,17371024.51,63.65822562803,57954381.33,-5.6051426792,38747998.49,1128399.72,14491964.26,-16069.81,54909452.71,23695530.4,22188459.98,2018-04-25
2584,002342,巨力索具,14119437.19,26.927352735701,327161019.93,-8.6008671789,264425977.41,31204171.45,12463259.1,10935894.29,324235350.32,12564673.84,16202929.27,2018-04-25
2585,002324,普利特,66095130.11,-27.094348470955,903346466.78,22.8307455306,724525979.01,27516097.76,67103599.81,9908410.66,831081960.18,72264506.6,76404711.34,2018-04-25
2586,002301,齐心集团,29042811.1,265.677792969691,601916486.46,38.3343849682,489963272.91,52067933.6,41759510.68,-1876275.03,584632594.61,30516615.84,30525007.08,2018-04-25
2587,002285,世联行,92715405.81,51.17990670408,1350502220.72,17.6153189734,1070058178.33,,105272126.8,4414809.24,1200475028.74,160756586.96,166586875.79,2018-04-25
2588,002283,天润工业,57881962.04,145.921285358673,518475846.73,61.0186033955,374971568.46,19502818.98,49743899.64,5865570.66,464127751.07,54348095.66,69153968.64,2018-04-25
2589,002273,水晶光电,64573920.8,62.641765361596,454971717.42,45.3167341813,319399161.96,5431588.39,50508001.86,3211994.6,378786826.04,75629933.88,78437018.92,2018-04-25
2590,002262,恩华药业,85314401.17,21.41747911719,838300742.74,10.4597906759,407184014.95,256735254.79,60611175.18,-1500662.54,744133420.83,94167321.91,94445377.93,2018-04-25
2591,002254,泰和新材,27900504.81,44.697224140714,421494740.82,28.7924960959,345274266.14,9661862.0,25081574.33,1584055.75,387587303.28,35867761.42,36917674.35,2018-04-25
2592,002253,*ST智胜,4830376.79,4.615655635262,43390835.72,-28.2677658707,29184983.79,2020093.64,9394887.05,-385524.76,41130932.91,2011637.14,5641841.56,2018-04-25
2593,002250,联化科技,81935409.61,-22.728410524595,840305274.63,-8.5459227777,566769625.62,6309696.93,148361142.89,12434180.34,741700538.05,98884770.34,99300012.69,2018-04-25
2594,002243,力合科创,9162877.18,126.342554605182,267738993.61,7.4802345432,212232162.33,11562510.76,25915938.97,2243963.21,255789559.78,11856114.9,13760941.88,2018-04-25
2595,002238,天威视讯,53205151.03,-29.112265339063,371237937.28,-11.1393020147,234400599.41,30909406.65,53048925.37,-2716887.35,318153928.11,51958936.72,53527797.81,2018-04-25
2596,002224,三力士,31761770.55,32.311783244699,154788886.58,-0.8688884447,100696178.88,5871304.93,21566731.84,-727260.16,132114323.52,38078750.86,38450130.43,2018-04-25
2597,002218,拓日新能,31310458.98,14.900249826876,326381193.55,0.3184040897,235630325.17,17411088.81,21014970.46,21289329.76,297113212.86,29267980.69,36431550.02,2018-04-25
2598,002185,华天科技,114474064.98,48.109034041358,1485799873.44,34.8621957081,1212553092.55,18296554.11,111379976.32,1466433.38,1348657333.39,146156091.3,146558476.06,2018-04-25
2599,002158,汉钟精机,28107731.68,2.293109815803,294266188.83,32.9218021707,185557738.63,23856644.49,45838994.49,4958483.96,265930357.62,34324034.84,34017702.92,2018-04-25
2600,002152,广电运通,264395957.03,47.82310675001,840509543.33,1.5219496078,479608232.79,139946876.36,87896430.12,-5027246.74,700737849.05,340338058.13,339702252.81,2018-04-25
2601,002149,西部材料,-865269.36,86.785558618202,313431140.13,19.0982061612,281557262.94,6651769.76,24610862.89,7685300.52,324601177.86,-11170037.73,-3657937.23,2018-04-25
2602,002138,顺络电子,64905744.25,-14.339039445859,359929097.11,7.0746682867,216757970.6,13638375.4,49550124.93,8324953.46,287533336.37,73028036.12,75706194.5,2018-04-25
2603,002121,科陆电子,47530042.1,382.299188964251,710160222.04,72.7285726687,445469143.12,63609799.49,112447206.23,71331879.19,695735303.32,31271687.61,45999060.03,2018-04-25
2604,002099,海翔药业,116313042.33,-12.504309145033,584239451.12,-8.954543896,323091378.18,4622238.29,99553751.57,15627337.36,447150926.06,136148252.66,137979873.19,2018-04-25
2605,002082,万邦德,7483204.13,-21.236510633676,2711223638.2,52.2656183463,2678146617.69,5489936.28,15348571.55,-648219.47,2704124547.94,8534093.45,9958191.59,2018-04-25
2606,002079,苏州固锝,18806307.65,42.718132420859,331181393.19,45.0321187075,270890535.47,7111828.62,20667358.82,1012541.66,301975709.5,29534368.63,29508618.68,2018-04-25
2607,002060,广东建工,20420416.61,5.168443711185,1487746975.08,-7.2549300998,1328941233.92,,39508006.16,73999744.09,1459665815.64,28348022.19,27589080.83,2018-04-25
2608,002051,中工国际,198324474.19,21.356629682874,1497509698.27,15.3870083532,1173710880.15,57744515.54,73830884.49,69262423.93,1287756929.34,211949774.25,211968814.43,2018-04-25
2609,002040,南京港,21022608.8,258.929022326897,153226394.57,277.7318199002,78242018.19,,30934461.9,14575205.94,124512008.78,32318186.22,33592699.42,2018-04-25
2610,002038,双鹭药业,127101509.93,-14.751502791635,226512271.34,-12.4903594147,62474374.62,23657753.32,25194682.02,-5302646.54,111046025.96,138537965.58,142577796.17,2018-04-25
2611,002027,分众传媒,1106761395.54,70.420247696117,2420414721.9,14.9918083292,784242692.43,434543082.32,118936281.39,-48884817.47,1415708728.4,1417216105.66,1413894330.71,2018-04-25
2612,002023,海特高新,10869790.5,-46.643927601442,102194658.0,-9.8792089972,51580801.74,2012277.08,38145053.85,7617058.21,101423407.95,3668047.37,6281023.64,2018-04-25
2613,002020,京新药业,73639019.29,21.659257517835,478411667.28,14.6133998312,208105080.28,110914292.7,74929808.9,882451.46,404731323.63,82342200.17,86382009.29,2018-04-25
2614,002015,协鑫能科,-6062053.18,-127.069206269996,62326594.76,-4.2085434503,60886514.18,236939.78,6829956.51,-30736.4,68288647.94,-5962053.18,-6062053.18,2018-04-25
2615,000963,华东医药,544014117.67,25.107399562671,7149353940.7,15.9536900971,5136463812.58,1126905521.52,169784980.8,11215326.72,6485213239.76,682335080.15,687169315.0,2018-04-25
2616,000925,众合科技,-16074287.18,19.840706557245,163770294.78,-3.8024133717,122051952.57,10431953.52,42010259.67,-10051767.96,169189115.84,-5396553.51,-3363996.9,2018-04-25
2617,000920,沃顿科技,33073431.13,10.670606579919,247975925.71,4.1315660323,137241128.18,20085821.8,43426923.84,1830700.39,205352152.98,41578925.49,42636418.62,2018-04-25
2618,000895,双汇发展,878616646.21,-18.202884961093,12228209871.35,-4.0163209255,10149369546.21,559404954.89,272248157.53,14813653.32,11135554980.26,1106661585.38,1177896946.93,2018-04-25
2619,000859,国风新材,8055608.36,184.721836207235,281525822.99,26.1857068945,246750512.93,9596077.08,21079837.49,2384960.11,283169631.36,4786542.51,6877694.02,2018-04-25
2620,000830,鲁西化工,240207551.16,1427.64706530817,3707719993.35,57.347678716,3052870610.02,100508554.29,110524858.72,112395265.12,3398328030.18,310291801.89,317122977.54,2018-04-25
2621,000829,天音控股,6258383.06,-31.688516935122,8831937576.05,-10.542590291,8482743706.8,157922270.33,73474954.03,76250200.21,8838735021.08,-4947705.87,-1771051.68,2018-04-25
2622,000822,山东海化,275698753.59,14049.7438279175,1103200759.98,83.5382489958,743326369.41,34345280.33,29755655.12,1067326.99,828305526.3,275512866.89,276175698.61,2018-04-25
2623,000819,岳阳兴长,3036487.42,-11.136406245917,410751212.09,40.1216959427,383819710.18,2760297.5,17395886.11,-369305.95,405614209.91,3840931.51,3826056.66,2018-04-25
2624,000795,英洛华,14991561.15,-10.951902836326,329670467.61,-5.4677644784,253176923.24,17039330.63,47288966.72,-1652511.95,318180145.01,10948132.75,18078136.75,2018-04-25
2625,000782,恒申新材,32070600.33,295.766048564479,876623010.89,60.6574065554,746164248.01,22993998.94,20054023.43,4398205.4,847942635.11,33177095.13,33408529.88,2018-04-25
2626,000776,广发证券,2138526804.04,18.439251286915,4911692822.53,3.0155292876,,,2051115307.16,,2087541020.57,2824151801.96,2849638427.82,2018-04-25
2627,000703,恒逸石化,450116886.68,196.890771598812,8847109209.35,59.3524889118,8415893853.48,24357505.58,71973413.22,60838379.87,8579388664.91,503830635.74,532737854.72,2018-04-25
2628,000686,东北证券,193357411.04,-51.704099368477,1065593378.18,13.1278095141,,,383365783.04,,818509441.4,247083936.78,253649234.94,2018-04-25
2629,000685,中山公用,243549760.26,19.245742555625,329291757.39,4.4773532397,230625467.19,14569989.54,34878645.83,30245666.21,317962451.57,257886115.76,256140244.14,2018-04-25
2630,000668,*ST荣控,-10281729.03,-57.02253298523,1041378.46,-0.0498638067,591996.8,1082722.97,8438319.76,1331624.26,12167382.58,-11126004.12,-11080459.87,2018-04-25
2631,000661,长春高新,143723138.96,17.1660025827,740703904.74,15.2554470913,91904111.51,287701439.02,106499666.75,-2872014.52,485780194.86,265183291.21,256604035.68,2018-04-25
2632,000633,合金投资,-7571255.55,22.808770937087,9984239.9,31.8302568994,8589837.24,640808.97,7058831.68,978182.35,17697992.23,-7713752.33,-7588171.68,2018-04-25
2633,000629,钒钛股份,222089544.76,457.088454784996,2199730218.31,-23.0143972103,1868051211.56,39648037.7,91471766.5,52611505.75,2054524464.18,145205754.13,244019659.43,2018-04-25
2634,000623,吉林敖东,418375965.01,15.12497655256,501196830.07,-11.7259839307,161636866.19,224144847.36,42583840.09,-564074.16,443699385.98,432440596.78,432514847.12,2018-04-25
2635,000620,盈新发展,67653082.92,0.707890097011,856987484.05,1.6593815835,632616030.51,61954157.38,103961738.87,135955151.55,983885489.65,119479584.84,122848066.37,2018-04-25
2636,000565,渝三峡A,17025795.03,41.430960444627,938906015.92,100.0763771344,896324289.45,6052991.66,18934742.45,2908762.16,926726180.17,17629311.32,17665207.48,2018-04-25
2637,000554,泰山石油,148859.96,43.296088148584,680528966.1,5.0203475124,625142996.8,38361889.0,9744253.85,1041812.72,678122374.14,2310609.74,685479.06,2018-04-25
2638,000533,顺钠股份,3491610.12,-88.333600093925,298666480.45,-68.5649236988,194437595.03,52255529.37,33866941.39,1705388.77,287629899.03,11284464.38,12089629.54,2018-04-25
2639,000498,山东路桥,26824725.25,1375.27853771,1301325649.75,108.2041036457,1160105307.91,,83202443.02,18068110.69,1267367742.19,33957907.56,34420207.4,2018-04-25
2640,000026,飞亚达,45319028.27,66.300135998889,817002183.65,11.465913117,488900711.23,196629430.17,47948663.96,14236954.13,756759272.83,60238762.15,60159931.47,2018-04-25
2641,603936,博敏电子,12031208.09,69.893275076928,346397615.95,16.6078540982,291398284.51,8452997.43,27224224.19,4527510.68,336282208.36,12562107.2,13111020.42,2018-04-24
2642,603859,能科科技,-9105075.01,32.141366418555,8738907.12,38.4668900558,6299862.25,5553425.84,8905545.34,-377280.9,21705488.83,-9915403.91,-9915141.94,2018-04-24
2643,603829,洛凯股份,6777630.74,,77453326.46,,57789493.19,1382244.4,7207499.03,406293.58,68842639.27,6490950.31,7915808.91,2018-04-24
2644,603817,海峡环保,22389203.43,-8.275987221016,85552195.6,4.8670080085,37816104.25,,11839130.46,8845281.84,61003242.58,25643512.4,25647423.45,2018-04-24
2645,603803,瑞斯康达,59533285.67,1.845066864895,478847570.22,-3.2452091798,207958750.8,93013912.02,91240914.78,5401493.23,418761960.98,60015782.2,65809237.06,2018-04-24
2646,603725,天安新材,7054409.09,,176783577.46,,139790580.89,7879729.18,15916210.31,5107489.4,170084382.14,7909211.03,8204255.78,2018-04-24
2647,603659,璞泰来,79707448.05,,404164744.23,,256494580.72,19287927.76,34868164.91,1560757.17,315272211.25,89590294.83,94519538.27,2018-04-24
2648,603628,清源股份,10874507.08,290.340733145048,108249123.23,101.5230397896,78656244.04,7814226.87,13540732.08,-2415964.97,95571722.89,13005378.19,13563545.57,2018-04-24
2649,603580,*ST艾艾,5241687.91,,34655863.71,,17976499.33,3880188.72,5630245.9,240778.62,28834728.97,5821134.74,6205256.69,2018-04-24
2650,603558,健盛集团,33047705.3,-31.029070958826,197634568.64,28.3561311956,136864485.36,9191990.15,21192385.73,-228670.94,167363649.37,30270919.27,41158177.49,2018-04-24
2651,603538,美诺华,13281975.07,8.957325177272,145459735.94,13.2563066653,93874801.81,3833315.56,22679298.78,1626191.34,123846133.62,19774226.26,19571347.89,2018-04-24
2652,603536,惠发食品,7242451.41,157.750190654653,166992028.48,36.8175925345,121922620.5,11120545.13,18636887.43,5318925.17,159491936.51,7997736.95,9930970.9,2018-04-24
2653,603387,基蛋生物,40897469.23,43.684917876704,92474345.06,25.9427490102,16556282.51,14419854.49,15951715.91,-18385.52,48518609.85,46709424.66,46713443.2,2018-04-24
2654,603345,安井食品,45007051.93,-2.545763738311,804153467.66,11.2323368162,583413903.8,124257682.37,31973277.03,1531746.95,749236288.54,54916914.59,59204163.05,2018-04-24
2655,603289,泰瑞机器,16865265.29,,139724400.52,,92019733.64,13310474.76,10664851.69,1601313.28,120358568.93,20664184.42,20454642.28,2018-04-24
2656,603198,迎驾贡酒,288246519.83,12.942581653686,1010046263.78,4.4256366577,350715508.91,96439897.7,37240543.99,-4574560.73,630240176.19,382953500.73,384083921.27,2018-04-24
2657,603188,亚邦股份,184505456.85,17.813192989658,837995788.57,2.5403515451,476257010.54,18890424.69,90426961.98,5980156.85,610911925.73,227556046.4,228197243.09,2018-04-24
2658,603079,圣达生物,13087558.2,,116725840.4,,79195787.97,3142783.76,14863156.94,1547043.5,100667648.8,16058191.6,16272233.59,2018-04-24
2659,603055,台华新材,74308127.46,,537947739.21,,373796478.78,8905817.34,38391887.69,16273713.44,448851055.17,87742416.11,89059794.82,2018-04-24
2660,603050,科林电气,4467263.62,17.368752990812,125446814.44,66.9010328975,85479951.93,12301784.22,20275379.13,78994.33,119419918.01,6030118.76,6142759.82,2018-04-24
2661,601890,亚星锚链,18066378.53,-36.445824774028,239154827.21,-32.8916656879,161278478.88,23615100.65,31467834.35,-1155187.65,220188320.42,20173652.45,21069798.46,2018-04-24
2662,601798,蓝科高新,-1606129.16,-263.04247716929,83990653.33,-22.650795779,54101147.44,7103234.3,25003951.09,6374364.7,86405425.52,-1937536.39,739664.78,2018-04-24
2663,601789,宁波建工,52531294.34,1.707997394001,3295338056.55,-1.0729198864,3063172769.98,4068104.55,101679764.05,45067199.35,3216236840.14,77877805.9,77262219.54,2018-04-24
2664,601600,中国铝业,382928000.0,2068.74236874237,40959055000.0,95.0293229576,37802063000.0,551291000.0,519911000.0,1025393000.0,40238980000.0,811144000.0,913688000.0,2018-04-24
2665,601567,三星医疗,97224898.99,43.704601562962,925917712.24,16.6833710652,640627267.47,76364482.68,103951486.67,-3091712.61,825069068.73,113358297.75,126105840.05,2018-04-24
2666,601101,昊华能源,310787310.9,407.173564945656,1586769072.5,49.1832724243,974331841.7,95448666.18,68929786.04,62997689.15,1272675209.35,323689050.86,369386709.38,2018-04-24
2667,600929,雪天盐业,46693959.72,,489216421.02,,241678632.33,116248731.61,44586984.1,9222047.92,438275520.05,50942426.31,54911409.72,2018-04-24
2668,600872,中炬高新,115182787.47,74.473915881504,974197026.86,30.9046425099,588136198.57,127904164.73,83954740.97,14618938.65,830002275.03,158401193.55,157225431.94,2018-04-24
2669,600857,宁波中百,10242755.06,-20.788911106658,259369964.5,-2.4429050636,222911728.95,8929077.08,11265937.75,566991.89,246098295.09,13275271.69,13275271.69,2018-04-24
2670,600845,宝信软件,82814578.87,8.449671164756,947255825.56,11.4320346421,691371099.32,30461599.1,125701473.69,-3811055.71,848646600.47,103827969.64,104069476.26,2018-04-24
2671,600841,动力新科,29771820.97,17.342642067226,791724075.52,26.805157459,678946749.77,48520419.95,82065933.85,-4509354.95,806287782.81,25674050.59,25674050.59,2018-04-24
2672,600794,保税科技,-13987651.24,-280.738300097417,190903526.52,82.0836141848,141312003.89,2209597.22,18366473.7,9910738.97,173557898.28,-14587393.05,-15103898.87,2018-04-24
2673,600771,广誉远,24250041.19,199.658123531463,201579716.81,6.3267073295,42464903.1,92487248.49,24136749.12,217311.44,165306200.38,36251933.56,36320880.93,2018-04-24
2674,600731,湖南海利,6449807.66,45.528176785194,323602143.57,20.5016530491,245257369.83,14736808.56,39176081.52,9132306.78,310727312.36,12874831.21,13656375.0,2018-04-24
2675,600728,佳都科技,12769915.17,212.855105278075,621763120.13,36.7889751405,531814046.12,41944085.16,33762687.71,2839470.43,614337177.6,16953472.45,19823545.29,2018-04-24
2676,600719,大连热电,57395883.12,-30.806721636427,432472716.15,20.5637561666,323804898.65,427201.11,28088723.2,-39126.91,356040770.1,76431946.05,76305746.44,2018-04-24
2677,600708,光明地产,43707051.14,9.195072910817,2320293947.37,-5.9094027657,2001145978.32,76976868.06,88375189.81,43179524.6,2255725677.0,64545932.65,71975144.93,2018-04-24
2678,600606,绿地控股,2678320694.91,18.935730625238,58848366962.97,20.2839275039,50041520499.27,1399235209.37,1771956325.31,131341008.66,55059410007.24,3886832641.13,3853249255.78,2018-04-24
2679,600605,汇通能源,5342351.69,60.271518739973,528274010.24,72.818321698,506641479.92,,7005863.26,6785844.89,522296752.15,5655754.52,5685096.64,2018-04-24
2680,600599,*ST熊猫,9621274.36,1341.91079489057,107541015.39,28.1416089254,23601910.33,10236108.96,17120783.52,4861402.56,84173619.86,11348375.23,8016577.59,2018-04-24
2681,600589,大位科技,29109864.58,10.990976544142,312719282.16,12.637439868,230113242.91,5428778.98,20422931.65,24733351.14,281362849.89,31346067.07,33395055.68,2018-04-24
2682,600579,中化装备,430408.0,107.147670841727,84110474.02,269.6434917077,57382787.41,7123096.44,20999272.63,423227.82,86515230.46,-2404756.44,850172.2,2018-04-24
2683,600577,精达股份,64817353.3,44.385477973072,2581044633.38,29.0188987592,2286729106.53,40264932.54,110756850.98,25536236.85,2480368251.65,100482360.97,111111524.47,2018-04-24
2684,600570,恒生电子,42249123.57,-41.075303330659,442854712.44,31.4162923439,18786213.33,158018044.17,297184640.33,-437461.41,477814378.82,-1528370.92,41080784.56,2018-04-24
2685,600529,山东药玻,64779717.19,67.623275823805,574570999.28,27.5176509175,411318554.22,39320130.14,34819249.84,-541081.29,498936362.95,76783951.42,77197559.06,2018-04-24
2686,600520,三佳科技,-1706224.39,81.874549394535,68780526.99,36.0544282609,53723111.65,3583298.58,11807811.4,369759.78,70552765.61,-1772238.62,-1061988.74,2018-04-24
2687,600486,扬农化工,129911507.33,36.602598714846,1049813321.57,28.3981192566,789172560.77,10304411.94,84115642.64,10421677.5,907110588.36,158167203.07,160012843.2,2018-04-24
2688,600480,凌云股份,96386497.64,57.225720706718,2791219006.1,47.2891672829,2231916186.42,143641569.03,182499111.38,36986780.07,2620355227.51,188808497.65,193614417.51,2018-04-24
2689,600381,*ST春天,37878769.66,66.299494651358,119086993.24,-2.3443747267,67380323.49,3360777.38,12629387.9,-1900962.24,82236167.2,42075959.33,43989122.98,2018-04-24
2690,600373,中文传媒,473168312.38,24.130360697253,2921133051.1,-8.1175070234,1696387323.22,246019529.47,485735460.95,-7103284.35,2456322608.64,477185659.31,480411196.95,2018-04-24
2691,600293,三峡新材,65548839.68,6242.4233767267,2915781865.37,1112.4669394536,2695681694.13,61841252.19,45669090.59,25924089.49,2834203840.86,81553195.57,86685002.36,2018-04-24
2692,600262,北方股份,4055961.41,144.997736434785,85819898.91,-9.384735646,68267726.72,3683286.13,11515605.27,4047783.56,92789121.07,-228530.04,4663330.43,2018-04-24
2693,600251,冠农股份,54884799.09,1254.04610022814,277079699.79,-22.695529516,240746665.95,14839207.73,24628907.62,12450533.88,293568642.68,48748197.13,51236003.77,2018-04-24
2694,600206,有研新材,9597181.11,223.859941550272,935107198.77,34.2497486223,883924849.43,7595918.8,36086227.67,627304.2,933764071.38,9651073.28,12176608.72,2018-04-24
2695,600202,哈空调,-25046467.51,3.256398411449,47976569.09,-34.3716342774,41129266.73,9343764.0,14936492.1,8102082.16,74748141.46,-26302269.53,-25046467.51,2018-04-24
2696,600178,东安动力,23889580.2,579.501195489447,547048223.09,-0.9670429803,492858572.76,7335531.65,30029758.32,5717696.43,539062687.47,23782808.29,23889580.2,2018-04-24
2697,600143,金发科技,127120019.22,-48.918786659601,5389034426.16,44.5024918463,4684439608.38,140768507.69,369755606.77,65544888.64,5296995786.89,95339913.29,159113087.92,2018-04-24
2698,600123,兰花科创,223859827.32,246.650782454356,1719146517.63,127.8605179458,1094866708.59,50204991.77,188594679.3,105893986.78,1534745931.61,277032040.27,275040339.59,2018-04-24
2699,600062,华润双鹤,234840936.17,28.753498249894,1528053474.35,6.1653760514,688166350.57,346854689.62,162065207.03,-2472378.06,1231354243.39,302666715.21,302011877.17,2018-04-24
2700,600051,宁波联合,8631211.13,106.082194929366,517975986.87,30.4839372207,421781581.67,21448539.3,38862691.5,15501678.3,505062076.65,18469194.89,20083316.03,2018-04-24
2701,301206,三元生物,3042688.14,,19361632.14,,14590253.21,561379.68,415966.81,-49634.64,15833999.01,3555133.13,3579633.11,2018-04-24
2702,301192,泰祥股份,16900006.08,,40573837.95,,15416972.89,1186145.62,4466780.55,-114556.56,21660299.63,19409965.98,19907564.42,2018-04-24
2703,300723,一品红,29648964.8,,283829826.05,,115331110.75,106696392.37,23058130.85,4241952.9,252390119.71,31439706.34,35119122.97,2018-04-24
2704,300720,海川智能,4679466.4,,22998606.23,,9530477.53,1646587.36,6714874.06,406743.01,18988520.66,4638747.81,5241547.81,2018-04-24
2705,300713,英可瑞,13777451.51,,44963760.87,,27330673.02,3414900.58,7324040.83,-105421.63,38448311.02,6515449.85,15414061.7,2018-04-24
2706,300709,精研科技,48554853.36,,230287324.39,,137740244.18,7294949.62,22171128.6,2400918.41,172628394.79,57974114.93,58265670.98,2018-04-24
2707,300706,阿石创,10485046.66,,51040136.03,,32614385.83,1261753.03,4403403.52,553942.41,40311998.26,12157137.78,12157140.18,2018-04-24
2708,300700,岱勒新材,10703309.81,,53477296.04,,27863772.81,3032685.45,6994431.53,2316940.77,41754994.19,12686547.74,12686547.74,2018-04-24
2709,300688,创业黑马,775856.52,119.594734343474,24365482.49,0.4811618256,11610207.51,4396562.0,8960848.42,-1044184.48,24048501.37,1278253.85,1277138.24,2018-04-24
2710,300685,艾德生物,16485821.37,,61949217.81,,4547756.79,19236985.41,18337492.18,468016.1,43566326.19,18382891.62,18933010.47,2018-04-24
2711,300665,飞鹿股份,1281034.36,471.325262892884,30868248.35,23.3190882675,20701143.57,2813067.6,5060278.64,949195.12,29280951.6,1587296.75,1587296.75,2018-04-24
2712,300660,江苏雷利,60675100.68,21.420138922907,482180300.68,26.2963687255,362859699.53,10606606.46,28019041.62,3249361.84,410896808.62,71482959.59,71781892.06,2018-04-24
2713,300649,杭州园林,5475271.21,21.420164167942,26465356.27,31.2253112557,12013179.6,510256.95,6313464.32,961210.08,19922944.89,6542411.38,6542790.17,2018-04-24
2714,300641,正丹股份,38034759.73,1.770899299931,287522772.18,25.855640229,222311193.7,5414797.94,12014731.08,2964412.69,243760456.33,43732463.61,44746893.42,2018-04-24
2715,300640,德艺文创,10342606.43,36.565006477261,106769796.09,17.347849297,81946275.93,7452023.52,5068801.16,1012814.92,95893798.46,10875997.63,12089114.81,2018-04-24
2716,300633,开立医疗,10064519.44,58.31295148794,159822611.81,68.6974378658,49595207.96,45470077.63,48973949.09,1859636.32,152834609.61,12621872.56,12619094.78,2018-04-24
2717,300621,维业股份,9650945.55,18.531337012322,341844475.24,12.7478368432,298675687.96,5990117.62,14239874.45,2594157.32,328927027.79,12917447.45,12904861.41,2018-04-24
2718,300616,尚品宅配,-46571401.03,23.037922157167,793770219.24,27.6457313978,442741702.91,293494770.38,102712146.58,-179962.77,850962651.3,-56585051.25,-57208038.11,2018-04-24
2719,300615,欣天科技,12113888.31,-19.616945814193,59175393.92,6.0097804404,33141003.53,1699662.73,8998469.94,640380.38,45820273.28,13355120.64,14650609.79,2018-04-24
2720,300609,汇纳科技,-2363697.61,77.775386675543,15212601.21,157.0080807212,3837274.28,6493409.8,12683676.42,-668675.48,21465724.41,-6454139.02,-910279.01,2018-04-24
2721,300603,立昂技术,3794921.09,260.01447260857,122840120.99,258.3998623874,106702305.32,3014838.71,9088656.95,-79226.55,119378825.9,3467588.31,4468076.4,2018-04-24
2722,300597,吉大通信,2690381.49,8.214281486598,69001410.24,10.1411331687,54976828.46,1615781.84,9724773.38,-234120.61,65971047.44,3105157.3,3319157.3,2018-04-24
2723,300588,熙菱信息,1473444.31,125.532597404714,122478815.07,183.4710466498,97739306.27,5744297.19,16031164.61,-721951.65,120615599.67,2238181.16,2238069.58,2018-04-24
2724,300585,奥联电子,16523527.77,26.022707099064,87908688.66,26.1935633521,51237426.12,4429709.13,13993662.09,-464341.38,69885508.05,18023180.61,19503090.99,2018-04-24
2725,300579,数字认证,-1957344.91,67.401415105194,64464660.49,19.2640281095,23232364.63,14082183.47,31846338.63,-321230.04,67471888.31,-606087.04,-606087.04,2018-04-24
2726,300549,优德精密,19307004.84,134.447450605558,113185495.66,47.5471514319,74620789.34,7608082.69,8263592.2,-136616.4,92079026.43,21840989.78,22628991.79,2018-04-24
2727,300530,领湃科技,11842682.64,24.287580929777,33200859.13,21.670521596,15628145.09,658542.34,3477322.86,-91330.78,20261974.28,13810751.61,13944481.61,2018-04-24
2728,300527,ST应急,4244073.81,105.795335898576,347383647.59,40.5160119101,286451236.43,6893964.54,52785518.99,536839.5,347673208.98,947936.81,4947447.38,2018-04-24
2729,300522,世名科技,12694958.16,1.710056128665,62591631.13,22.3352800102,35073957.28,4105015.59,8519695.53,-148048.38,50476463.95,13004595.75,14615763.56,2018-04-24
2730,300515,三德科技,7712786.21,34.752852731274,36701387.45,3.7267981534,16831734.76,8090265.96,8167605.68,-35021.78,34127930.02,3146480.8,8148329.12,2018-04-24
2731,300498,温氏股份,1473219768.21,-52.358996347205,12802605526.55,-4.8574968116,10522467924.19,132260786.8,605922211.85,-51411860.37,11434238862.05,1523980783.87,1515591214.8,2018-04-24
2732,300488,恒锋工具,13434584.9,5.533038727307,48852280.94,43.3245426164,23485053.66,2566668.25,9400123.56,91137.68,36315714.03,14769961.55,15846032.32,2018-04-24
2733,300486,东杰智能,14712774.52,184.998131687823,157203784.4,1005.5345670557,121851250.16,7359646.57,11986804.22,451201.11,140342554.52,16861229.88,17375312.92,2018-04-24
2734,300478,杭州高新,2103729.88,-7.407954704352,95725453.06,-8.811670408,74026848.47,6930074.17,12001861.29,704829.15,93263992.65,2461460.41,2479613.1,2018-04-24
2735,300473,德尔股份,30101537.73,15.4153257631,179505780.13,18.5271322622,109267553.06,11264006.71,21383448.33,-2447884.56,141483965.12,38616236.41,38196131.25,2018-04-24
2736,300464,星徽股份,4498851.72,-39.787592050695,93720160.78,5.8136345166,71697312.12,4186451.24,9983231.82,1650757.83,88523130.89,5466851.12,5255638.77,2018-04-24
2737,300462,ST华铭,4795284.18,-30.994818446809,70302154.73,85.9126602259,53707647.87,1201690.42,9710919.32,-677692.7,67684474.45,4280705.47,4428990.47,2018-04-24
2738,300460,ST惠伦,2093337.27,-49.928909670053,68492697.63,-14.414197967,60006331.34,1606177.19,7652228.1,1487267.8,71232808.63,-2740111.0,2475531.25,2018-04-24
2739,300459,汤姆猫,105927836.17,439.877196870387,351482609.21,127.5896768721,199603933.14,4591139.14,32602450.95,-1466580.07,238332961.47,118596717.76,119443388.8,2018-04-24
2740,300457,赢合科技,37510116.28,73.713233113668,242248067.6,96.9619563197,162664380.03,7589911.17,23186806.1,2861049.7,213228865.02,29019202.58,38106671.36,2018-04-24
2741,300442,润泽科技,2105272.16,-37.818367272978,128159617.23,6.9568243533,85733208.85,13104243.43,22941046.39,715523.65,126889257.91,1270359.32,2425076.68,2018-04-24
2742,300438,鹏辉能源,30357035.22,43.611301758174,292278318.59,23.263879054,220823766.63,7532404.97,25827125.89,3445567.2,261672167.2,34298015.69,34698407.75,2018-04-24
2743,300409,道氏技术,16913392.84,80.182047203519,138116278.37,46.2354122515,84111683.25,9314598.26,26505376.13,1668665.72,124693015.3,21026548.86,22060324.19,2018-04-24
2744,300399,天利科技,10687379.34,-21.124539461467,91886696.09,28.2199305366,60107195.7,2602168.4,14342495.53,-110283.77,79706809.42,13225079.46,13600538.5,2018-04-24
2745,300385,雪浪环境,13859550.65,9.492455425816,150196286.88,16.1397703095,105823258.66,4444769.38,17905595.91,2916198.1,132895500.48,17300786.4,19592366.68,2018-04-24
2746,300363,博腾股份,56404019.57,23.696357253546,357270366.88,25.1887966205,216036472.82,3803683.84,52192298.26,18945921.14,292057330.39,66276319.68,66255730.99,2018-04-24
2747,300358,楚天科技,25715714.21,1.567349533448,249699824.77,9.7828121528,138879460.1,31512084.95,44105158.13,1539384.22,221112505.93,28587318.84,29035341.49,2018-04-24
2748,300349,金卡智能,43957931.21,101.003988876856,276612968.69,113.6093532636,140033324.11,42958162.65,53780817.95,-219470.58,239198851.34,52233567.09,52180785.7,2018-04-24
2749,300345,华民股份,-2546997.69,-122.732872145387,47803607.23,-21.3277440453,36711914.72,4755199.32,9221448.38,416656.61,50660219.49,-4285858.75,-3459508.1,2018-04-24
2750,300333,兆日科技,7901640.71,2.517423305255,46662607.98,15.405425371,16856110.16,4142940.5,14007707.11,-3945894.31,33076919.15,15604202.72,15588676.88,2018-04-24
2751,300327,中颖电子,26603986.59,82.173261796634,157294408.88,43.4174909336,88976279.31,6307811.59,34133705.74,-568135.49,131553466.54,28715924.41,28722818.87,2018-04-24
2752,300326,ST凯利,38274782.38,52.316505624232,155061848.05,39.4623269057,53876817.77,19624994.61,27406179.72,3142074.11,109212783.2,45974340.29,46344148.45,2018-04-24
2753,300316,晶盛机电,60772509.93,136.56699984039,369064928.3,106.1737898624,237271437.06,6216563.34,48064276.13,-1763258.35,309129707.0,62849601.47,67448420.91,2018-04-24
2754,300311,ST任子行,10611172.06,16.459252216478,220078426.26,115.4256392195,133109838.74,32154936.52,40828292.3,-1202430.24,206612247.21,13862785.34,18738822.13,2018-04-24
2755,300310,宜通世纪,48769989.29,20.912960492732,478515459.95,35.0469315349,360456197.29,9176154.66,49062845.81,-3280852.71,423407529.91,54460233.48,55980311.96,2018-04-24
2756,300296,利亚德,172469168.86,110.589999997392,1127970424.99,39.6902613545,674846981.98,108899203.04,129134746.64,16193053.63,932524671.58,190765671.82,204751496.72,2018-04-24
2757,300276,三丰智能,2952869.57,27.775313028944,76063233.02,64.6354818723,59186664.18,4109315.19,13089469.28,42114.34,74847949.17,1260410.97,2745368.09,2018-04-24
2758,300274,阳光电源,129122292.49,6.586535169407,1247105274.55,-8.6888170291,885798650.86,87389875.63,114271482.63,-9065048.55,1122277845.31,127108724.04,141085295.63,2018-04-24
2759,300259,新天科技,17365981.98,4.254690941865,101941116.31,20.9792404194,56735517.96,13046336.68,18548112.41,-3888783.21,86950920.19,14870330.74,20005331.01,2018-04-24
2760,300240,飞力达,15556579.02,28.627974202621,629315044.73,16.3869545966,541036478.14,8342193.93,50541299.45,4519669.07,608123142.23,21614004.38,23517914.7,2018-04-24
2761,300239,东宝生物,5718914.7,75.901815832094,76889222.52,-2.8904780455,60888528.43,3973623.67,5392897.91,-109437.16,71328243.35,6764873.96,6745270.88,2018-04-24
2762,300235,方直科技,7406599.66,-17.35354173716,31292850.97,-9.9316151013,11274601.15,4395060.04,6647659.58,-143942.24,22540241.34,8427946.33,8661199.36,2018-04-24
2763,300221,银禧科技,43227157.84,2.145813820755,450421282.0,67.7588457189,367998562.97,18336967.62,41264910.83,8217630.47,440750917.54,-1009156.05,7297711.91,2018-04-24
2764,300205,*ST天喻,6665898.37,-11.546140221818,516068446.12,36.5905267991,400385424.71,33484392.63,51124323.35,1241654.66,511123099.24,6791292.72,6719040.89,2018-04-24
2765,300185,通裕重工,16523739.38,37.832706084114,628211240.22,7.562346384,508794104.38,16540584.79,39020640.85,36584057.72,616274581.93,16570357.07,17499971.5,2018-04-24
2766,300172,中电环保,12183375.41,5.231965361347,135506057.52,21.491185201,101083447.18,3528421.24,19177479.86,-34260.72,126760381.55,11491002.21,14848564.48,2018-04-24
2767,300159,*ST新研,672421.91,-55.15962496663,84952134.51,17.2077703391,57827617.71,4005332.95,29263023.39,11070925.06,93968084.47,-9990350.03,1273484.68,2018-04-24
2768,300142,沃森生物,-29299282.7,30.329614591893,86171893.73,-59.1555726979,38056059.6,26146046.61,47135141.96,23089891.92,147391087.38,-70568092.99,-68991639.44,2018-04-24
2769,300139,晓程科技,6966882.27,17.8733511277,72443211.13,15.3209819979,31037107.2,1174206.38,16964819.92,-320824.75,59647973.66,12867725.14,12769939.86,2018-04-24
2770,300138,晨光生物,34691443.17,116.7874654825,603451351.61,24.3914522224,510425599.31,20267959.02,32613818.45,5479307.3,571697578.42,31753773.19,37705118.26,2018-04-24
2771,300137,先河环保,13175138.79,37.128700087823,181976733.9,27.7150843645,96209066.46,24993302.14,40597128.25,-1034389.29,166737473.09,15239260.81,16822740.44,2018-04-24
2772,300129,泰胜风能,40349162.7,15.90715670402,171481052.41,-0.6512428245,104728939.88,5725089.97,24469678.14,-533385.27,130120283.27,42816297.67,46597353.26,2018-04-24
2773,300115,长盈精密,200469686.32,45.911942471484,1882524265.5,55.2394079828,1378398652.56,23287170.86,218183465.65,19018654.22,1653204500.63,244979232.98,245623657.07,2018-04-24
2774,300109,新开源,24103780.75,17.793440354775,105999434.1,14.7818631871,55988977.29,6898016.84,12985942.74,314044.83,78632402.44,27976609.69,28387017.79,2018-04-24
2775,300088,长信科技,105077462.68,138.752829421132,3257084325.79,289.2302596431,3031851882.96,17772967.76,52925508.64,14608149.89,3129846404.68,128029519.13,131255089.51,2018-04-24
2776,300086,康芝药业,15028611.27,-18.090916189461,112632839.84,-9.1726000478,69986700.71,11173795.33,20427306.61,418255.45,103443252.16,18074531.79,19271443.23,2018-04-24
2777,300082,奥克股份,25479597.88,294.560124549278,1031830285.47,31.8122923752,938131753.75,20471767.24,27218114.19,13323807.96,1003907835.31,28073170.48,30263223.23,2018-04-24
2778,300069,金利华电,6702619.94,-27.878745070311,53290940.75,-17.8964474398,32787283.45,6094688.8,7116108.62,1757242.56,46019804.25,7271136.5,7643580.68,2018-04-24
2779,300067,安诺其,34118734.58,25.295498579782,383292120.01,29.9971547349,306387050.05,14533634.55,25690286.44,1486034.71,343961316.86,39330803.15,44143109.51,2018-04-24
2780,300058,蓝色光标,80746750.42,-25.480858932824,2944694682.77,28.6002754303,2311998436.17,246445427.53,208885137.27,77296767.09,2877671674.44,115078756.13,117490359.31,2018-04-24
2781,300035,中科电气,10835857.75,95.020207902514,56241270.38,82.0696083052,31270158.88,7041451.52,7673595.26,1087128.68,44532476.74,13034081.84,12776050.14,2018-04-24
2782,300025,华星创业,3865945.13,-25.739049285599,281165318.52,55.1878016863,195378164.92,12621403.68,39280520.14,10634902.65,269975885.62,11325519.11,13819545.25,2018-04-24
2783,002958,青农商行,725973605.96,,1351080116.36,,,,408840645.27,,540893578.77,810186537.59,811474730.54,2018-04-24
2784,002926,华西证券,349218693.49,,698921611.29,,,,235669832.06,,248768674.73,450152936.56,452507417.89,2018-04-24
2785,002919,名臣健康,10208893.95,,134910121.91,,87403829.61,23438283.46,11689958.36,-135959.1,124164798.93,11618854.28,11618854.75,2018-04-24
2786,002902,铭普光磁,14680438.31,,369400000.48,,312268962.87,7030750.59,30457150.09,2494416.11,356914691.88,17513280.6,17359249.29,2018-04-24
2787,002882,金龙羽,21192376.94,1.426139973881,362973069.13,15.5921559489,308409623.24,8983579.31,13328516.44,1838599.32,334036514.35,29429204.78,29711555.29,2018-04-24
2788,002873,新天药业,15393861.17,27.59799881796,146986626.23,5.7507930238,27291509.48,82266659.13,16376345.61,2665566.37,130950628.13,16035998.1,18170018.62,2018-04-24
2789,002863,今飞凯达,14262186.33,3.57412496852,525028831.18,10.8852899856,422077891.44,18978058.01,38825678.11,25145659.0,510287446.5,14833936.12,16221613.96,2018-04-24
2790,002845,同兴达,46410178.44,227.301023344289,905215937.31,86.5131568479,798766667.1,6590110.71,37113710.3,6627680.2,853041077.06,54581019.47,54484696.76,2018-04-24
2791,002843,泰嘉股份,10677187.82,3.979340407648,74130651.58,29.4479288488,44225192.8,4943017.56,8475048.71,24662.5,63201218.74,11099525.6,12336180.55,2018-04-24
2792,002839,张家港行,203729264.47,6.120488364023,603401658.16,-6.1552941356,,,230437799.96,,397349971.69,206051686.47,208415649.21,2018-04-24
2793,002838,道恩股份,22137075.36,10.28736052403,200735691.84,17.0120387914,155486477.18,6809899.29,10617683.41,851698.14,173152803.32,25376165.81,27245328.83,2018-04-24
2794,002816,*ST和科,-2983723.07,21.595732787006,45313480.71,2.6439152286,29904366.28,5237561.16,14592765.45,346757.3,48807374.18,-2805783.88,-2322016.4,2018-04-24
2795,002812,恩捷股份,22483520.28,-18.433377208254,241307127.58,10.6903448247,184737457.9,6510082.49,26110398.62,-1168542.46,218441289.62,25123427.99,26577193.65,2018-04-24
2796,002811,郑中设计,16655062.91,-23.266752284768,373121707.46,-10.5815076599,304721092.59,4087861.57,13986896.66,3291296.64,350913692.18,22587856.38,22784762.83,2018-04-24
2797,002805,丰元股份,8107043.49,21.007624381285,70518496.02,14.6560585542,57693661.58,3113689.16,2370662.36,59681.89,64481477.91,6187583.18,10812583.18,2018-04-24
2798,002795,永和智控,12070335.28,-16.9122070711,107159610.09,3.9029070261,77286680.96,4301364.63,11420385.49,-128606.65,93543381.12,14373024.43,14209988.92,2018-04-24
2799,002788,鹭燕医药,23207455.33,6.977129581995,1621661503.69,1.13187346,1499643556.16,35380711.53,38181960.67,11223930.64,1590127456.71,31534046.98,32347521.65,2018-04-24
2800,002783,凯龙股份,18635840.47,16.413611121217,231705130.95,42.9713484355,151981263.19,27814149.85,30846605.27,1037577.61,215604132.92,24027592.8,25476516.82,2018-04-24
2801,002782,可立克,15283447.58,-17.117889609058,187252820.13,-8.9720658428,142887727.15,8520293.87,19168267.61,1545011.28,172984768.22,14731461.29,18220319.16,2018-04-24
2802,002746,仙坛股份,15764538.47,-22.440115316392,465534788.07,6.9580785986,443615802.51,5075820.56,11075960.93,-751756.09,458394865.78,13838490.65,15903055.2,2018-04-24
2803,002737,葵花药业,98350979.89,2.030528066415,835390423.46,9.4048025504,336384051.99,268063178.94,99550224.89,1344434.9,725953859.27,124749316.63,124883129.95,2018-04-24
2804,002736,国信证券,1040965772.96,23.515206647783,2601988505.66,-9.646748673,,,1218307037.69,,1273568189.17,1328420316.49,1354025416.1,2018-04-24
2805,002735,王子新材,8158463.29,74.64764595931,118641850.55,27.6892412875,90375994.64,6014098.89,9242425.32,251732.22,107634676.5,11470421.22,12036412.79,2018-04-24
2806,002724,海洋王,12873176.15,-38.987846036688,167940406.57,21.4383121195,48753100.03,79352171.66,29080828.31,-357787.95,159011734.05,12858778.41,13109972.01,2018-04-24
2807,002702,海欣食品,-3986597.44,-131.265679827714,184228974.85,-19.3020285876,127658688.66,47515985.03,18653918.13,12654.43,192385920.34,-4877086.01,-3586435.39,2018-04-24
2808,002700,万憬能源,22966850.58,-9.549795044477,94684456.77,-4.4453299651,58206308.48,9798982.18,2871947.77,-3394697.59,68000973.98,26683482.79,26883751.32,2018-04-24
2809,002689,ST远智,-37506424.04,5.753126397563,139894853.94,1.5359694958,98167171.12,44844104.76,34373551.6,-2111095.06,181689932.53,-41795078.59,-37730367.41,2018-04-24
2810,002682,龙洲股份,12825972.0,17.356817806922,555550642.85,22.0247064487,469329706.03,16843777.56,52661062.47,12106211.34,561196100.8,17188237.63,23743311.51,2018-04-24
2811,002676,顺威股份,6506650.76,35.594239149078,382138179.99,25.8840341263,301505414.42,20335215.85,45869063.19,3092603.85,374490516.72,6949467.42,8978791.91,2018-04-24
2812,002674,兴业科技,11292041.78,1362.18387593444,419873982.3,-1.3935331814,380132115.36,2553408.77,23701607.3,-1162663.91,407421788.37,13799296.96,13699296.96,2018-04-24
2813,002671,龙泉股份,-24893963.94,-1596.90479218943,66062028.85,-19.0173087852,51474235.51,10079308.13,26371423.23,8805133.41,88126405.9,-21896994.53,-22951978.92,2018-04-24
2814,002662,峰璟股份,74421486.67,21.624221763242,1343247093.27,34.0178984264,979662757.32,53521198.2,117068673.01,44885684.22,1211542173.83,104425827.29,108664765.16,2018-04-24
2815,002648,卫星化学,291694500.57,10222.9949628426,1914789164.54,82.2762691927,1372039426.59,46665679.38,146441519.61,28422530.24,1602711140.19,309505400.5,311001722.76,2018-04-24
2816,002625,光启技术,19310833.24,123.309398162121,106836939.82,10.0190550666,71065282.23,4164177.38,15143920.08,-8364952.48,86174551.27,22342661.15,22484789.45,2018-04-24
2817,002615,哈尔斯,36188623.33,249.468959879925,381373000.57,89.5192756564,251240060.28,35207365.28,46914138.61,4649680.1,341833242.64,38977844.09,43690337.91,2018-04-24
2818,002613,北玻股份,1541646.54,-45.817926547472,193026152.49,-0.5812509077,145995619.24,17370549.26,28665858.56,272140.85,192593882.69,1871562.42,3069716.64,2018-04-24
2819,002606,大连电瓷,29735163.26,36.27878102797,204690460.1,21.0484683721,130381890.11,9169269.22,23285710.28,3177457.57,173702608.48,31814264.57,33737571.45,2018-04-24
2820,002601,龙佰集团,585196818.1,3440.83305985715,2365161689.12,271.094573758,1415460516.72,76281074.39,120209257.14,28964180.45,1679958425.49,687507305.48,702338723.95,2018-04-24
2821,002585,双星新材,43204980.51,15.236745251472,602781495.42,3.1563754268,500566711.77,24478417.75,34038360.34,4850016.28,563957286.8,38824208.62,50829388.83,2018-04-24
2822,002583,海能达,-156649834.28,-119.788723719084,496765882.38,45.1571716421,258865076.63,193127532.29,219332717.67,8049149.94,690099589.45,-192040782.53,-175069793.59,2018-04-24
2823,002580,圣阳股份,6408445.71,-38.095115396227,322769041.23,-6.2532845806,269242834.32,13899838.84,19117863.82,5554808.6,316616114.45,8089797.64,8307486.49,2018-04-24
2824,002576,通达动力,15509782.27,890.603906658636,247655172.1,53.4086035978,226941567.21,4417109.95,14673449.27,617925.95,246944157.47,16585325.7,16574259.17,2018-04-24
2825,002559,亚威股份,17346755.66,5.703507688843,241676616.01,34.6779807448,184923863.35,17215542.8,22642153.83,-654212.78,227645988.42,20808038.77,20747865.47,2018-04-24
2826,002557,洽洽食品,77064958.84,-17.345180921513,799497081.98,-7.1275923488,553717871.76,110166441.59,46348486.65,1907815.21,714741389.69,95001748.82,104862958.29,2018-04-24
2827,002548,金新农,34525387.73,7.805687682584,848223121.43,43.8992859954,699656515.43,33420802.47,59635474.2,9792915.84,811109548.66,51435664.35,55522014.4,2018-04-24
2828,002547,春兴精工,24546344.3,-39.359574849752,662332862.59,19.5865670959,542587897.29,15859421.56,60799799.42,16161049.19,638245869.18,30813443.28,32951641.03,2018-04-24
2829,002540,亚太科技,70749265.66,47.264584068851,769815479.03,33.6448367473,601324385.44,13099227.96,71175167.51,584622.62,689025948.55,76949262.17,82776343.16,2018-04-24
2830,002534,西子洁能,97168471.82,487.39857160677,1044585771.91,133.4205851932,815329733.12,10127037.64,77590216.73,3194531.02,940824359.69,113269677.24,122299400.26,2018-04-24
2831,002500,山西证券,140403874.0,175.128841103663,840526389.0,125.1623218256,,,323211012.0,,620763819.0,219762570.0,219753389.0,2018-04-24
2832,002484,江海股份,29197524.55,41.242473655799,335088073.13,35.0662798447,256914015.35,13522409.78,34034562.78,917870.77,309311137.31,38230365.8,37667989.25,2018-04-24
2833,002471,中超控股,10808263.96,-12.50000001012,1154184004.74,1.0009266911,983011766.4,40123195.45,67301128.64,54754945.55,1152152487.98,7815811.15,11623003.52,2018-04-24
2834,002463,沪电股份,49304460.0,185.129439079683,1072632677.0,18.2318737952,904465973.0,41524384.0,68177137.0,1581287.0,1027313029.0,62203308.0,62078524.0,2018-04-24
2835,002460,赣锋锂业,136451697.76,27.029263202109,625153235.43,-5.7462494124,412334711.97,9949553.16,25413639.23,14461369.42,468070630.53,158244949.42,164824284.89,2018-04-24
2836,002457,青龙管业,-6096784.53,-367.382614762298,127223058.0,38.5126675172,86077492.12,8442222.71,23905603.27,2173412.57,136951822.5,-7000731.77,-5757306.2,2018-04-24
2837,002452,长高电新,19244509.5,-18.459809717208,196131587.93,3.8139245083,127609879.82,16142646.25,26388801.94,2163048.99,175398220.9,20733367.03,23158381.24,2018-04-24
2838,002442,龙星科技,17361441.32,176.106122313055,542093955.38,48.0400021167,437433664.99,30523765.59,34246969.27,13990456.69,521861627.73,22450162.23,22703685.18,2018-04-24
2839,002438,江苏神通,15017016.32,2.944771085625,153188756.2,12.0511933168,102518448.56,9791042.32,19049391.95,2693598.03,136925657.14,16131481.65,17534380.78,2018-04-24
2840,002424,ST百灵,138107455.5,21.795910372939,608887301.16,43.0666938557,227856455.19,161261633.58,35248429.92,1283561.4,448491506.4,165508117.71,165581774.43,2018-04-24
2841,002395,双象股份,3902743.22,-46.155306357041,249260692.16,17.3858574174,221919218.31,2922673.1,15049245.34,860158.73,239019225.99,10482147.18,10432147.18,2018-04-24
2842,002389,航天彩虹,5526223.66,-15.015254299996,76757714.49,39.587357732,45888286.46,672572.73,23483238.05,192193.41,70236290.65,6521423.84,6521441.84,2018-04-24
2843,002358,森源电气,57413244.19,33.837179696068,442266878.29,3.73697267,317117105.17,9519413.37,35879066.82,10664463.71,377790063.78,66297666.82,67212177.52,2018-04-24
2844,002344,海宁皮城,88728385.6,-38.11224048663,385992502.37,-11.4631597246,178078552.15,52336967.83,28155422.19,-6197873.46,278791381.05,116207505.34,118920446.38,2018-04-24
2845,002331,皖通科技,11771796.28,10.805258413837,273233291.81,32.671078299,221715301.44,8035918.64,24006686.77,-519422.61,253824411.95,19408879.86,20373499.8,2018-04-24
2846,002326,永太科技,164292701.57,330.686977023348,526825475.21,26.4260578431,378750726.67,12927637.51,62998024.02,17890030.22,479218236.72,199063380.22,200558223.15,2018-04-24
2847,002318,久立特材,24308807.48,2.889623073661,653564681.83,8.8552866878,504258213.35,38269767.12,66630467.08,4802056.07,628690099.96,29109391.09,28322794.19,2018-04-24
2848,002317,众生药业,110727883.81,19.431355369767,436997530.94,4.8653871297,150417136.89,123108191.63,30732529.51,-106852.99,316399799.36,124049869.2,128186305.51,2018-04-24
2849,002307,北新路桥,4644200.84,7.832765208023,846222007.4,55.4927590743,739833719.45,4965919.84,65012718.53,28549790.61,843485390.95,3452422.18,8775723.65,2018-04-24
2850,002305,*ST南置,5077826.85,34.817825648323,382901933.74,22.1914539511,319373472.67,23491623.14,6826894.63,7552225.98,376132335.41,735172.69,989783.79,2018-04-24
2851,002303,美盈森,52618184.86,45.235264311909,559554772.29,3.6925688437,388230991.18,46320176.19,64007754.84,-4195850.84,499769666.1,60286916.13,61402660.51,2018-04-24
2852,002299,圣农发展,66418685.84,-63.740372323498,2273585711.9,9.8203748072,2041708931.41,71358327.54,34039404.81,54489568.35,2212724175.39,69592321.52,70470840.89,2018-04-24
2853,002296,辉煌科技,8105749.77,11.396365600207,68877884.98,18.2113903569,32794810.24,7925898.97,20836585.6,2527457.22,63874182.66,11079843.42,11147031.43,2018-04-24
2854,002295,精艺股份,13846758.92,429.670982631053,1032160369.65,31.5527317701,983679830.46,6555520.19,10996562.61,5550669.12,1014721745.13,18835575.7,18346475.75,2018-04-24
2855,002282,博深股份,4142769.46,6.869318577107,121390652.09,4.3607880831,81964119.32,13649482.74,13425340.69,3572508.69,115507728.34,4885691.0,4881066.39,2018-04-24
2856,002246,北化股份,13722752.69,14.34583363655,379507861.39,10.4857965479,291501098.1,25312762.95,46125220.27,-519651.0,367756504.7,11751356.69,15899867.66,2018-04-24
2857,002233,塔牌集团,135771055.51,422.983985855249,908447772.66,46.9150044256,664098182.69,18481658.55,51187327.17,1317434.8,741225172.65,184071126.63,183143901.31,2018-04-24
2858,002232,启明信息,1272165.34,84.45136446692,263158817.28,54.1326376036,230767426.36,4108664.97,30117604.87,-4561879.09,262709296.67,449520.61,2784377.23,2018-04-24
2859,002231,*ST奥维,-9312249.95,-50.889975483597,75590470.66,35.8645000011,70805254.86,7032819.67,9664693.39,-127927.79,86157176.07,-10569489.08,-8948558.22,2018-04-24
2860,002230,科大讯飞,73982687.96,4.688401857752,856220354.62,35.2872279911,439414391.03,167305272.14,208769840.21,-8552007.16,810815220.09,45667304.39,82946296.13,2018-04-24
2861,002226,江南化工,-5070725.9,1328.97920011386,368491037.08,12.6715790946,216028966.47,24181609.76,81052761.62,45397570.72,370386197.09,1851028.75,2605788.49,2018-04-24
2862,002214,*ST大立,1737649.04,14.678671491685,48702600.98,-27.7770058058,20351765.42,8516822.41,22281639.73,1652439.8,55042898.52,-6340297.54,2192456.87,2018-04-24
2863,002211,ST宏达,10514163.69,432.251932068311,207700410.07,61.69277043,179728541.04,4273940.18,12639355.85,-517677.84,197605625.95,12817281.31,13594280.37,2018-04-24
2864,002192,融捷股份,306330.9,-54.60945330001,48213784.9,27.0572977853,31321916.76,3078024.06,14790135.17,-593246.19,49588493.28,1433145.25,2970262.74,2018-04-24
2865,002163,海南发展,-20134786.74,-587.401649142331,776911783.83,-19.6440763896,669957804.41,38062871.16,62836259.1,38981127.17,814419528.01,-40589665.35,-34257532.42,2018-04-24
2866,002146,荣盛发展,458026966.95,38.011819933072,5110061895.17,26.2476252069,3511651121.89,190932127.41,328204966.68,346212.27,4372473433.83,772948284.9,777319018.06,2018-04-24
2867,002141,贤丰控股,3505710.35,386.592957982322,242486704.21,45.4118675814,213632102.13,7183684.03,22718429.34,-558305.48,245303629.87,1627252.75,2004049.07,2018-04-24
2868,002137,实益达,16372940.93,-11.344443658354,184906939.53,-9.1610919482,142984803.52,6591468.52,15361285.16,-4274814.75,162259479.43,19678782.84,23560434.38,2018-04-24
2869,002128,电投能源,702910853.41,183.999329236346,2169505278.73,53.3691790226,1024797694.66,4179701.65,24275497.83,30108169.12,1367138246.7,807073833.56,807683779.34,2018-04-24
2870,002109,兴化股份,57015822.25,186.193906308899,514471151.4,45.477569807,396355666.31,4054707.66,21709051.36,13117177.78,438144747.29,76326404.11,76326404.11,2018-04-24
2871,002102,能特科技,33397302.22,-14.127122074406,1721231438.12,517.4635765667,1615756455.46,7419588.16,27143472.1,14988183.67,1666432442.95,45059181.26,40122107.5,2018-04-24
2872,002101,广东鸿图,55722986.38,72.037868116739,784984773.32,32.7114606373,588327673.36,67884291.84,52408195.05,7612613.84,719231766.61,68526750.0,67440916.41,2018-04-24
2873,002083,孚日股份,130282951.09,36.870882102435,1173127931.82,6.0621637148,855805883.37,42126195.38,41150614.23,37326768.26,1000648323.97,189931099.19,186389842.93,2018-04-24
2874,002077,大港股份,-28176819.29,-949.569025254596,313874085.94,2.6398002105,243885451.78,17071812.02,33431459.37,22331852.61,329963277.75,-24743348.71,-24184014.03,2018-04-24
2875,002075,沙钢股份,106591687.29,2555.79088365014,2909283787.5,103.5845767837,2555616736.77,22679130.94,45967598.68,-2766097.12,2632807894.12,282399245.99,282901261.92,2018-04-24
2876,002068,黑猫股份,52603939.05,181.247685713852,1502126821.94,72.7811926358,1234334782.33,97146453.26,46702039.68,30019573.53,1443504546.24,58580625.7,63353500.6,2018-04-24
2877,002065,东华软件,466758800.88,168.77103286722,1280519945.97,21.6077548157,867187687.25,86112423.98,182168322.94,7323199.19,1144320412.65,510086860.63,517167757.6,2018-04-24
2878,002064,华峰化学,98381254.41,316.83290407365,977315378.22,68.5055399392,779943975.27,22537465.48,52824554.1,9481931.12,868759078.8,115517330.07,116532687.23,2018-04-24
2879,002039,黔源电力,-3866230.15,-106.623774721843,311213383.21,-44.8340213916,151422088.15,,7322448.24,141761656.11,314039684.37,-2826301.16,-2797839.05,2018-04-24
2880,002036,联创电子,11030308.7,17.874539757687,675572413.3,150.7704007363,605929950.83,4774029.68,42082741.24,12299169.27,666433493.59,11019219.69,13357706.59,2018-04-24
2881,002033,丽江股份,46883999.18,14.166704597843,142807073.43,-6.0429067899,38087337.32,17145277.86,22539076.04,3745997.57,85687211.62,58325416.26,58272894.26,2018-04-24
2882,002032,苏泊尔,371106458.9,33.164264813297,4030723470.46,25.9608642619,2788121811.06,665758546.86,86559755.99,-1629943.44,3572837709.82,472447886.62,472120716.81,2018-04-24
2883,002029,七匹狼,70693104.09,9.80511071984,806914013.84,13.8869556009,531125083.79,92061157.03,56655598.8,-8068267.11,727217809.28,89766820.39,94005316.84,2018-04-24
2884,002026,山东威达,33068109.0,88.816527685882,295906272.55,53.5798369925,203325084.63,8696171.0,38820764.24,1393201.53,261193810.55,36908390.9,40173834.85,2018-04-24
2885,002008,大族激光,151413263.98,31.504280583847,1521702900.77,28.7925028501,901432370.67,188397058.65,267245377.77,16297545.93,1382763418.03,168870523.05,172791585.45,2018-04-24
2886,001979,招商蛇口,2121883738.73,164.731893278238,6939739870.88,53.4082939205,5333369776.15,175203253.78,245273359.64,101130434.05,6202334530.89,3237358089.48,3273849767.39,2018-04-24
2887,001376,百通能源,9563154.45,,61177858.67,,43768129.03,369800.43,5346765.37,888683.42,50840781.82,12558276.85,12563169.01,2018-04-24
2888,001269,欧晶科技,9327937.41,,53967795.74,,38148114.3,622016.84,4226939.05,12568.02,43502780.85,10465014.89,11011064.02,2018-04-24
2889,000983,山西焦煤,464938015.65,856.012589108957,6912554650.65,63.0052451534,4402702021.87,773817676.34,398353529.2,265224961.57,6126872197.65,785682453.0,776575529.45,2018-04-24
2890,000929,*ST兰黄,17640359.69,170.663799796488,171636983.73,-3.8918735421,124077392.91,23780007.0,11273031.09,-7238822.02,165922329.2,22852383.44,22936954.17,2018-04-24
2891,000868,安凯客车,-23263628.62,-330.568460629064,996013019.16,6.8091121954,918302025.26,29815793.35,56302198.64,22565880.77,1036357611.02,-27980650.46,-27991380.2,2018-04-24
2892,000856,冀东装备,2478798.36,110.604700708681,409939818.35,111.1914944461,372208208.06,6657089.32,22843003.11,1924349.48,405328297.64,4612666.37,4667994.34,2018-04-24
2893,000799,酒鬼酒,37028815.16,30.996527900044,181543323.35,8.6333446938,41982686.71,44398301.79,20546128.58,-201642.38,136258230.61,48547826.13,49045518.09,2018-04-24
2894,000738,航发控制,36582041.91,14.156392899529,565388359.68,-3.2163998893,423961749.65,3688388.04,90076852.19,6079539.39,526435914.45,43852552.96,43226373.21,2018-04-24
2895,000731,四川美丰,32667568.61,791.996492038999,705594078.01,6.546641178,567698317.28,34090729.52,50735030.76,9792548.42,665728851.69,37788895.62,39954755.75,2018-04-24
2896,000725,京东方A,2413015650.0,2127.56107719613,21854974362.0,77.7153886915,15597540474.0,692246016.0,1502882338.0,478912917.0,18908353214.0,3073525049.0,3079361033.0,2018-04-24
2897,000681,视觉中国,29292026.49,13.921751580925,112505460.21,12.1639746673,39865712.21,12513957.43,30900441.45,6956772.02,90165765.2,34895595.96,35095753.54,2018-04-24
2898,000637,茂化实华,35987660.9,231.12383075672,1115890252.46,86.6036178474,1039734673.65,7474999.99,23828162.93,-35420.14,1072423956.56,48363016.84,48753697.4,2018-04-24
2899,000635,英力特,50489696.59,758.282088252682,489256218.46,64.3984874783,388725173.71,5440460.06,21921270.27,-1299798.32,423516415.88,67743951.5,67775694.65,2018-04-24
2900,000543,皖能电力,-40028344.68,-111.545614183813,2606108589.43,11.1417202939,2579314461.29,359286.95,7226486.08,68814773.55,2678249154.11,-72335900.32,-72637437.98,2018-04-24
2901,000513,丽珠集团,275011096.84,19.511900178059,2126032700.53,21.7956193941,730892682.29,854337844.6,186474005.86,-27895.35,1812425718.46,336586898.48,358088924.14,2018-04-24
2902,000096,广聚能源,37432074.93,362.535897184417,209296353.02,1.6433718546,171157599.11,15980402.8,8372878.72,-7868833.73,189056423.96,43022896.04,43004680.38,2018-04-24
2903,000090,天健集团,254113724.56,500.705878893267,1802766846.44,48.4631495504,1083098536.32,15851027.41,53476381.15,48651086.59,1469131478.88,338046688.14,351433383.51,2018-04-24
2904,000055,方大集团,67759233.14,205.376101930317,573546634.49,22.2644385922,394608165.03,10160076.95,37770848.96,12891638.49,489407031.68,86814249.97,88363313.13,2018-04-24
2905,000028,国药一致,272564318.71,7.463704361402,10222459812.55,-0.8701233422,9158010239.31,548629093.08,170428020.23,21945189.25,9929024160.13,365543660.73,365293377.86,2018-04-24
2906,000020,深华发A,421173.37,-10.376381500201,191829256.72,39.3103768,172648617.84,3335114.13,11689655.01,2759446.38,191831362.18,-19218.92,608745.16,2018-04-24
2907,000019,深粮控股,-9918007.24,-60.406080878492,59762320.34,-17.6537755593,45988171.6,8671186.19,15842702.75,-1017560.78,70592674.22,-11101165.5,-11101165.5,2018-04-24
2908,603331,百达精工,19472472.26,49.707593763505,164771508.7,38.4131460124,118784908.76,4967460.28,12901823.52,4342053.66,143715782.07,21055726.63,21577038.18,2018-04-23
2909,603083,剑桥科技,-12452777.85,,458126107.51,,397197042.58,9948604.42,73142967.01,1617471.35,470746639.28,-12607058.85,-12452777.85,2018-04-23
2910,603040,新坐标,15145271.6,82.667773315614,43461865.76,62.6946460686,15112266.8,2398474.63,7856161.05,-275309.93,25558440.56,17251250.77,17439620.63,2018-04-23
2911,601975,招商南油,124776031.27,-17.705502391456,963629830.4,-27.6027587737,722889360.18,5559197.44,20886077.67,82916681.25,835110013.29,128519817.11,128509720.93,2018-04-23
2912,600776,东方通信,18742304.27,11.22021961401,440839774.31,-27.508042733,363572677.04,17515374.05,47047807.75,-3716814.73,428291161.06,21581329.87,21698085.14,2018-04-23
2913,600547,山东黄金,327414609.01,60.15795339437,10006172380.41,7.6299792657,8909536488.81,7427242.0,517847605.82,69778573.1,9561937591.3,424136805.65,420092747.64,2018-04-23
2914,600526,菲达环保,16086619.79,-18.103545388696,750863536.12,7.566374874,601227799.85,23338292.83,79755727.27,22702336.2,730453736.83,19274993.12,24904065.77,2018-04-23
2915,301568,思泰克,4775077.74,458.120604404268,19780339.94,280.6162718461,12092428.37,326256.64,1628470.63,-2591.44,14166433.78,5613906.16,5613906.16,2018-04-23
2916,300718,长盛轴承,24149399.68,,120507841.6,,73366715.92,4400222.7,13684138.77,-315791.23,92512935.92,29675803.7,29882609.2,2018-04-23
2917,300715,凯伦股份,8158962.35,,68012002.67,,41417046.23,9528376.92,6308416.61,1428009.35,58257717.84,9754284.83,9776432.45,2018-04-23
2918,300712,永福股份,17092782.95,,109655503.02,,68948299.75,2175791.71,13986852.33,2080531.69,89874799.62,19780703.4,22188134.11,2018-04-23
2919,300675,建科院,-7009880.91,63.836029584727,49997370.54,23.2815972959,40125893.85,8445357.69,9489622.78,888361.24,59877296.1,-9879925.56,-8896395.07,2018-04-23
2920,300666,江丰电子,9589666.96,62.640107149599,115555450.57,31.8652377335,78014674.49,7159294.59,12246539.7,3641806.6,104045959.72,11262748.84,12086381.94,2018-04-23
2921,300655,晶瑞电材,6483352.34,-1.097549463793,110999994.01,26.3851056967,79809391.24,8290044.35,13106339.85,671152.08,103012002.53,8083451.82,10230006.63,2018-04-23
2922,300587,天铁科技,-4162570.5,-172.451839510606,24759171.09,-35.0386381956,10237796.3,8405186.92,12957719.84,212993.58,28466230.61,-3529378.55,-3529378.22,2018-04-23
2923,300583,赛托生物,4328945.07,-34.443293829811,103070932.57,118.6071772719,82374265.59,2615474.58,11525712.08,-281389.39,99655581.5,4555515.45,4667904.8,2018-04-23
2924,300551,古鳌科技,-15440945.88,-22.197096587758,15606539.01,3.2866778453,8890980.52,9537663.82,14694115.38,73211.84,32775817.2,-17169278.19,-15440945.88,2018-04-23
2925,300494,盛天网络,26302817.04,196.137974014032,97731466.65,99.6586559323,44790330.71,10016589.47,13646379.12,-1974079.93,68440345.32,30086580.22,30146021.22,2018-04-23
2926,300471,厚普股份,9438783.1,28.618640832412,175738272.55,7.4125002257,106738040.42,18913818.77,36761222.33,-222049.85,164361697.09,14327707.89,14416354.51,2018-04-23
2927,300468,四方精创,12538823.86,65.734142617599,95696968.11,57.6037813007,51308439.38,582039.37,31146971.52,-1185255.28,82472812.66,13224155.45,13343811.45,2018-04-23
2928,300391,*ST长药,2126379.45,61.608231003202,67944476.01,9.8823317597,44763665.21,6451833.39,14878578.74,2833161.13,71172620.2,-3228144.19,851051.08,2018-04-23
2929,300387,富邦科技,15935285.55,-6.330699380989,125437103.98,-4.873444892,78312155.06,14872948.3,10999536.6,96892.63,107988400.03,17433618.08,17483618.08,2018-04-23
2930,300279,和晶科技,31198345.13,54.516023152174,395161413.26,50.2786541181,290617830.09,8650535.82,31944532.56,4244794.64,344409886.98,47931718.16,51811012.55,2018-04-23
2931,300236,上海新阳,18030164.23,11.483025504916,110703846.18,29.7032501936,66814384.85,7290078.68,15924067.55,-346726.64,90418483.19,21020745.68,21071600.26,2018-04-23
2932,300184,力源信息,40528369.58,432.049574758385,949078401.57,233.1019205041,856718993.82,16117632.06,19675171.11,5893527.9,901576055.05,47748069.67,48786858.25,2018-04-23
2933,300173,ST福能,1357653.16,-86.856217832891,56174111.95,3.9063302618,38071370.97,4679804.51,13785901.37,1733291.01,59339874.18,-3907549.65,3589391.15,2018-04-23
2934,300168,万达信息,4403088.11,-11.36117029967,275652309.95,-5.4484093641,151817608.57,16291711.7,77176820.93,24667940.25,276058404.3,-178987.57,3467108.26,2018-04-23
2935,300165,ST天瑞,17603826.03,20.999780297722,116513619.41,35.6649334926,53171482.19,29876427.89,23039579.62,-6535387.99,100693745.27,16330451.14,21694361.46,2018-04-23
2936,300133,华策影视,144052014.61,23.180109810774,444969901.88,-11.6680565289,317045886.27,67337800.89,47256632.95,16487729.83,309032066.19,155493844.63,175425133.46,2018-04-23
2937,300131,英唐智控,33001791.74,-52.142732095187,1226402631.22,126.4205080179,1126888149.85,27766211.26,22323634.93,8944448.29,1181532674.06,45156105.03,45237345.95,2018-04-23
2938,300054,鼎龙股份,73645850.22,75.584330245818,390930092.32,62.9308025281,248997924.35,14704925.35,36153893.44,838432.4,303447670.74,87962148.82,91097367.55,2018-04-23
2939,300031,宝通科技,36505472.76,75.968946015729,369754613.2,70.4911039207,192870789.19,108470849.96,28210265.41,-2585940.82,326804109.53,45737537.56,45968680.61,2018-04-23
2940,300021,大禹节水,22973534.51,90.281159875909,194200125.99,23.8474781109,136254323.68,12128214.07,17784737.26,6915284.61,168991204.05,25814401.39,26863276.41,2018-04-23
2941,300019,硅宝科技,3781465.4,-74.58599426255,116907626.01,8.8141381816,88956323.23,10361488.18,12185078.81,326521.13,113300236.13,3730378.87,4840322.5,2018-04-23
2942,002923,润都股份,18423242.89,,185884222.29,,79381274.4,66979940.25,17305810.69,1547802.43,168835398.19,17048824.1,21083116.95,2018-04-23
2943,002913,奥士康,47403137.55,7.259293606276,370948118.83,31.3718015541,268683454.53,13856968.88,23528251.38,2958202.14,310940033.27,57575037.94,55957759.64,2018-04-23
2944,002898,*ST赛隆,1338462.95,,43453307.35,,18190403.76,5036093.39,12202087.32,-27248.9,38570679.7,4882627.65,4874744.84,2018-04-23
2945,002861,瀛通通讯,15349626.11,30.849927980491,139447543.41,59.3011364725,94121912.95,3536440.15,21133304.39,746022.02,122687234.42,16893262.34,18673922.69,2018-04-23
2946,002859,洁美科技,25488499.06,42.302313017618,186724998.6,37.1151789089,114472277.38,9495243.49,26261294.0,5763214.35,156104102.14,30620896.46,31041771.73,2018-04-23
2947,002841,视源股份,112205990.33,19.162071764953,1619010289.23,11.5180076738,1266303138.1,84442917.48,134318609.98,-2757811.5,1479780289.85,134056933.88,134834522.81,2018-04-23
2948,002832,比音勒芬,60007538.99,20.370289524759,284251432.35,20.2623905886,105565552.79,72451937.55,25011968.02,-1240816.13,205720644.83,78934953.52,79162212.12,2018-04-23
2949,002830,名雕股份,-17571309.79,4.113496145237,100175558.81,8.337606868,86401775.0,23312216.08,15952343.41,-920831.22,125499707.81,-24373003.8,-23428413.07,2018-04-23
2950,002778,中晟高科,8054816.61,-21.138324118356,134978395.46,11.3113473272,115368149.19,4085511.16,5605555.22,781038.71,126334153.54,9278338.43,9278338.43,2018-04-23
2951,002769,普路通,40354679.42,-33.868689415461,735626268.51,27.6978216026,694018568.6,7381997.15,23179320.3,-5736238.46,719767885.79,46588330.26,48609424.8,2018-04-23
2952,002738,中矿资源,387172.49,130.956905645107,74892216.1,243.2326456759,53441781.63,477579.52,17201364.94,2974325.77,74265117.72,636728.43,718920.72,2018-04-23
2953,002708,光洋股份,16170365.82,13.748604881534,341827113.72,163.1166124894,250539728.03,15977863.3,47847139.68,5582807.34,323179163.39,18669444.24,20437335.56,2018-04-23
2954,002703,浙江世宝,17947706.09,6.666098211287,283122491.74,13.1978262797,223332649.61,15419273.99,26591014.27,-21023.31,267667053.98,17374663.57,20769669.0,2018-04-23
2955,002688,金河生物,41028303.54,-18.824527172212,338065029.81,-2.8932437029,214403267.2,20879595.67,36725411.67,11259949.1,288171326.78,52700620.73,52683448.24,2018-04-23
2956,002687,乔治白,8816943.78,-11.185539006101,150131009.42,-3.66768329,78202782.71,32168935.79,21822376.59,-133255.43,138034751.04,12120652.36,13536770.76,2018-04-23
2957,002627,三峡旅游,11069111.33,-9.370937810644,460585671.2,10.8570376282,404816677.27,11273551.89,23369557.24,6723723.12,449915964.15,16160868.79,16377614.97,2018-04-23
2958,002568,百润股份,20522551.8,132.281169666404,274322912.0,26.769501174,75858906.97,127273841.92,31106401.44,3014332.2,248980376.05,25342535.95,26378469.98,2018-04-23
2959,002530,金财互联,30052311.12,1115.81703982953,149120791.81,63.6106859587,75328824.03,7398874.84,34626692.71,-1290216.49,118428147.68,32101294.23,34536260.18,2018-04-23
2960,002527,新时达,21595717.17,19.415986302924,606227028.99,166.6533208143,465944086.16,41650365.22,68349684.89,8759074.23,587761103.51,19819601.3,36986208.4,2018-04-23
2961,002524,光正眼科,-13138615.9,-29.415212549425,94531442.09,-1.0279468015,79646199.72,5255218.54,13041369.53,7831889.71,107122941.32,-12591499.23,-11497022.65,2018-04-23
2962,002520,日发精机,14520385.4,12.845363520528,237634626.36,36.4595911852,171227788.0,14110688.85,35117175.17,1202639.96,224424904.95,14594159.77,15374186.82,2018-04-23
2963,002516,旷达科技,70531155.77,48.847658209811,535611666.23,23.8027978079,348545317.9,8731403.21,38011735.17,29739559.59,444000203.42,92227926.76,93346204.57,2018-04-23
2964,002488,金固股份,-28324084.6,-45.886966553479,650715629.96,46.1031118723,557835457.84,53181856.11,48890743.71,11646592.78,679103224.69,-29410996.15,-25178156.05,2018-04-23
2965,002487,大金重工,4307092.32,-79.672941937202,130269218.74,-19.3828697945,107842828.23,7267049.04,10578010.97,132651.23,130314208.76,1741944.81,3065091.66,2018-04-23
2966,002430,杭氧股份,38703007.16,215.537999434956,1336555961.01,22.6211647709,1103036588.77,25692423.02,106786758.3,34633477.81,1290837223.71,44434433.13,56686110.94,2018-04-23
2967,002409,雅克科技,23770004.51,36.315466974465,291395911.16,37.0035439671,215381934.55,17498427.8,28551712.83,981467.67,265153588.38,27372019.28,27355644.77,2018-04-23
2968,002374,中锐股份,1658862.27,-92.825071631994,276743912.65,-23.2589308382,234571158.67,5955953.67,25411161.48,-1240095.74,275273793.69,998648.31,1374773.87,2018-04-23
2969,002362,汉王科技,9003011.63,153.853307490312,126038393.69,43.2102538411,67143497.62,14191223.47,37978447.67,-1085673.07,121374063.8,10991009.06,11028116.52,2018-04-23
2970,002357,富临运业,44151079.56,47.103410916703,297716275.08,-7.8559256523,215804110.26,1637977.87,42829454.83,9895850.24,274854243.4,56502411.61,57134763.07,2018-04-23
2971,002328,新朋股份,18301817.6,7.318600579085,638144524.4,-22.4029896289,541199500.46,11431497.59,52040798.12,497437.38,609783595.73,35997946.56,38523029.11,2018-04-23
2972,002265,建设工业,8011175.02,226.902781538717,240376161.7,71.6746477147,193782237.93,5105792.4,27258023.34,1125632.25,229683267.63,10692894.07,11365141.47,2018-04-23
2973,002100,天康生物,107299493.78,11.124727690871,1039393448.53,7.9959877528,801814668.24,54575097.44,52180747.15,3231037.63,928257718.94,116685117.22,116864664.03,2018-04-23
2974,002096,易普力,-17461398.52,-9.009317719148,670674418.63,42.862810244,553816627.74,29408879.3,88286650.06,13897933.91,689164012.6,-14888081.15,-14753366.8,2018-04-23
2975,002092,中泰化学,697521813.22,1166.47045031999,6727032264.64,65.5816279023,4933934901.68,540833107.55,156934564.78,222495421.28,5920634397.98,832208932.1,831788478.12,2018-04-23
2976,002073,软控股份,14789364.53,141.94929991833,581439568.25,80.6196655671,471105200.8,25468508.65,108366610.73,11645777.11,632664811.81,-2125640.15,6350431.29,2018-04-23
2977,002059,云南旅游,-597239.25,100.932200333577,218732920.38,45.8483541147,159644370.96,16387573.06,30141623.68,10443703.9,218840381.49,-263789.15,-223888.55,2018-04-23
2978,002056,横店东磁,62320506.59,-34.726561299973,1232411602.61,11.0176024022,999483285.18,41404350.52,125096228.89,-3442404.76,1169069825.99,74435453.62,73707296.65,2018-04-23
2979,002011,盾安环境,38934393.33,30.71491264773,1708129406.3,46.388333355,1410956668.56,79857494.79,152247367.26,47858599.15,1698379004.12,4834306.55,38771020.03,2018-04-23
2980,000990,诚志股份,204918744.07,1266.39664921537,1383421842.82,99.8818219396,936345471.07,16195882.25,152114897.64,27515491.05,1147594561.67,243841073.02,245326044.47,2018-04-23
2981,000967,盈峰环境,66463290.06,35.231218621753,937410468.48,2.6891094088,793672048.35,34032976.04,69474399.87,14291230.46,919970944.35,27289288.77,75339139.15,2018-04-23
2982,000862,银星能源,2673450.4,103.376045886266,245405974.91,-0.99412848,161799621.36,1461580.48,6997327.29,72974219.26,244799388.25,486947.05,3062782.62,2018-04-23
2983,000683,博源化工,165842137.42,434.538229999132,2230484424.07,48.8190235812,1583202778.81,100610981.09,148187664.24,95682375.19,1978605536.72,264042857.14,265406396.78,2018-04-23
2984,000631,顺发恒能,66423001.27,37.333535504029,648472540.53,49.3708646934,487182288.33,12806100.24,9910340.56,16944176.67,562657294.62,85241757.2,85975737.6,2018-04-23
2985,000065,北方国际,69943953.88,43.375018146169,2303015383.53,19.7931586392,2075586899.94,77715991.73,33742896.3,-5661944.09,2221494944.51,86206738.55,87190160.2,2018-04-23
2986,603919,金徽酒,113655515.22,23.012540730581,462163302.15,3.8886145615,169671510.37,55046074.41,25470849.67,-382203.44,314384921.57,148848983.32,149446675.01,2018-04-21
2987,603899,晨光股份,166083947.51,13.839451252951,1412887390.59,24.6555661089,1033926929.5,114776274.17,78282864.04,-1594218.8,1231534072.8,187034550.66,193821143.62,2018-04-21
2988,603688,石英股份,14916588.57,16.420684589069,110146093.16,17.986557519,69539802.58,4846692.68,14312008.14,-163122.0,94512121.47,17137658.41,17589741.05,2018-04-21
2989,603508,思维列控,41708637.83,-11.71305074452,110465358.98,-33.5076675384,46123590.91,7008292.03,37201559.32,-2058036.49,87382575.34,33550446.9,46751249.91,2018-04-21
2990,603189,网达软件,-3162452.84,-233.307510844322,37720326.09,-28.1350845811,24243493.82,2477813.4,16410000.72,-2661765.69,41152612.73,-3432286.64,-3162452.84,2018-04-21
2991,603111,康尼机电,42178613.82,-15.058140783103,394155559.49,-9.2976114913,241246340.18,27532444.2,78433644.34,3118376.74,355295102.36,39585621.97,49116855.62,2018-04-21
2992,601999,出版传媒,16148392.47,94.640293231421,462255026.04,7.8500699317,369950428.24,36498577.22,54471621.75,-625875.8,469043691.25,165992.18,15504662.57,2018-04-21
2993,601958,金钼股份,4501006.25,105.537593528728,2621450669.45,21.4680266016,2473604039.79,12855311.32,66981886.69,-9212920.18,2624826757.47,8390751.8,7432464.35,2018-04-21
2994,601877,正泰电器,359269597.45,10.787647399376,3980952720.77,3.378487708,2850748064.76,238114840.24,331002346.08,116516385.51,3590061569.68,457885270.87,461564633.45,2018-04-21
2995,601599,浙文影业,9089089.24,20.330953979004,644132577.72,36.5717836476,555428022.13,32442214.64,43244728.3,20450323.51,659893242.55,443454.29,4217725.02,2018-04-21
2996,600812,华北制药,13489790.39,-2.805191318655,2161125855.73,0.5345579826,1712401867.37,227438523.14,101140679.04,82821226.82,2161688631.8,19780694.73,19006774.33,2018-04-21
2997,600714,金瑞矿业,10218990.62,170.195102076514,9540860.62,-76.8087178253,8737211.74,680694.22,3788944.29,-710964.51,1478282.29,8627400.25,10359838.01,2018-04-21
2998,600679,上海凤凰,10457991.78,84.323960306296,286772157.28,184.1905908971,239941961.15,7523480.44,21954345.34,843587.51,271462202.7,17682150.45,17769567.98,2018-04-21
2999,600616,金枫酒业,53760297.75,-13.877290604097,296982250.63,-11.4298425172,149218933.57,25488861.6,37214247.43,-297356.81,223926688.59,74394361.13,74435733.43,2018-04-21
3000,600603,广汇物流,60439346.13,24.775034384891,130963579.56,29.5492761364,18489187.8,4785219.96,11876625.99,17905504.65,62431404.74,75708622.87,73759129.83,2018-04-21
3001,600602,云赛智联,59113511.54,93.384174769435,756868677.51,-2.9281565333,631095354.96,31661018.11,93414334.53,-10960771.03,743979217.17,44513987.53,66739888.73,2018-04-21
3002,600569,安阳钢铁,-200604272.07,-15.376754118554,5488245401.47,11.3259324116,5141869719.09,58980260.59,159807427.44,290547886.17,5695348303.52,-206525039.57,-205202797.07,2018-04-21
3003,600566,济川药业,290711134.09,39.013654500518,1404813083.3,21.4584860715,202277032.15,763747747.53,104646299.36,-2590603.05,1106115794.77,302492864.45,338990962.91,2018-04-21
3004,600560,金自天正,6374774.45,-20.177786099561,122321367.16,12.0621451746,96993454.48,4057495.43,14168343.72,-6271.42,115165168.31,7695225.45,7574064.34,2018-04-21
3005,600533,栖霞建设,-17075208.37,-276.904454249679,531120806.5,-11.0883985471,466418082.68,4012981.23,25126622.11,36797889.67,557314330.12,-28542538.08,-21020491.0,2018-04-21
3006,600507,方大特钢,284906250.26,360.842803348401,2756204477.42,62.4294386848,2150602874.19,34119701.81,169918932.43,13885800.13,2392983269.6,365248557.1,368211219.02,2018-04-21
3007,600498,烽火通信,138594143.05,16.302247238307,3521688016.78,26.220697704,2503049775.74,350868417.79,502367577.09,25243212.21,3396675293.87,140848706.29,156657960.54,2018-04-21
3008,600415,小商品城,680421839.69,222.602191681763,4706750585.35,323.7094042693,3424233086.35,27273421.46,63604473.36,47763601.05,3830307482.05,880168337.07,883643044.21,2018-04-21
3009,600371,万向德农,11194922.7,7.652266335296,68028147.71,-20.1909545008,45248538.13,6722977.81,5652819.34,-1681187.87,56423205.46,11604942.25,11683223.56,2018-04-21
3010,600338,西藏珠峰,305875255.88,147.057711110103,576068935.35,111.9993731877,170435488.39,35009868.25,21787759.77,-23750363.28,232356839.68,359809984.86,352168291.77,2018-04-21
3011,600330,天通股份,54119014.79,1.95647677216,510051794.83,12.9514751073,403897766.48,13384456.94,48849787.06,2133546.86,467368716.96,44681578.65,58443487.94,2018-04-21
3012,600268,国电南自,-131107594.6,-13.677181229369,607289055.89,-3.2636886639,515269247.87,74609497.37,127606866.62,38550806.54,760853240.16,-139970014.26,-139952164.51,2018-04-21
3013,600231,凌钢股份,166600268.54,227.335126068486,3889330470.61,62.0261413853,3494931196.11,62963927.0,56587659.66,58859954.18,3691102780.65,198030128.11,224652553.24,2018-04-21
3014,600184,光电股份,977100.89,60.386570513602,224047092.72,35.0851474194,189801656.88,2690735.23,29719388.79,1128674.35,224032005.17,1162506.88,1162755.28,2018-04-21
3015,600141,兴发集团,31565952.75,109.332004558325,3845617027.04,27.5824559747,3321307151.86,117565432.5,96532915.82,135747136.67,3744282593.07,120114316.71,123077930.37,2018-04-21
3016,600130,*ST波导,-8725619.75,-182.738550048804,436190711.24,-50.294656791,405166325.94,3625905.72,27533919.17,547925.85,448000987.14,-8578500.29,-8622681.37,2018-04-21
3017,600073,光明肉业,184844853.31,44.199351457806,6310343882.46,76.5715656786,5341615777.12,474266936.73,161950467.73,-14505016.91,5976396784.23,353668395.68,353191749.05,2018-04-21
3018,600050,中国联通,274263921.0,88.288923843059,69005162761.0,-1.8974470902,51772918779.0,8307100837.0,5250622651.0,1250593324.0,68010552145.0,963950127.0,1125140703.0,2018-04-21
3019,600004,白云机场,407846549.47,17.452655601523,1583747526.69,8.588760836,971224272.83,17129339.45,73484374.58,-2101679.75,1083057259.85,509560627.13,546224527.04,2018-04-21
3020,300707,威唐工业,14277774.55,-11.910065533561,84554773.57,-1.8994164722,47287553.7,10670294.95,10876931.7,562848.6,69936610.61,14572896.79,17142215.73,2018-04-21
3021,300654,世纪天鸿,1662739.06,,39943429.57,,28294567.28,4112607.15,5410487.35,-176060.85,38177995.21,1830160.39,2269126.61,2018-04-21
3022,300534,陇神戎发,7651783.13,-25.853707466698,57847180.08,25.304924535,40450537.8,5096596.35,4979656.41,-503645.83,51199008.33,9025046.75,9025046.75,2018-04-21
3023,300521,爱司凯,6276039.2,6.903353164037,35098287.53,0.707287528,17204352.07,4056818.22,7449627.99,289182.14,29717340.08,5958173.34,7286190.55,2018-04-21
3024,300461,田中精机,7848431.25,45.479966971708,91662399.6,213.9405628029,57305472.17,6108238.87,12807649.32,2130434.49,77877478.8,14003331.76,17410757.62,2018-04-21
3025,300435,中泰股份,15606119.52,-11.894574431028,114903797.62,30.3493810151,84430890.18,1661469.99,8448280.01,487375.6,98392986.02,18500556.29,18466905.29,2018-04-21
3026,300417,南华仪器,5452010.3,9.192510334034,39057033.21,22.318888282,21824092.94,5304676.08,6280287.62,-150194.3,33664632.18,6395581.28,6416939.4,2018-04-21
3027,300396,迪瑞医疗,27414133.96,22.974310963329,154628959.72,9.1495347436,51930016.66,24288040.58,37443701.29,2343997.65,118022138.54,42600620.61,42705568.14,2018-04-21
3028,300390,天华新能,6675692.75,30.161953021422,160304728.58,38.6045953082,128585606.51,6310531.33,14400426.45,1210077.85,152353062.29,8931932.74,9064221.46,2018-04-21
3029,300353,东土科技,9671074.75,66.150526819116,128070305.12,39.1909129907,59712612.88,19353851.11,48200654.1,1644802.48,123218475.21,4623181.95,11883381.14,2018-04-21
3030,300335,迪森股份,34841325.92,65.007214845864,315147770.67,96.6949019716,211034008.16,17162781.19,24476171.81,5228364.47,263227556.37,51408745.75,52674376.53,2018-04-21
3031,300303,聚飞光电,37824427.83,31.539283928165,367486982.99,31.6673609149,280847961.21,9996685.4,35537302.57,280681.54,331083322.9,41316094.85,44644726.03,2018-04-21
3032,300250,初灵信息,-14273609.19,-302.579575802252,48172981.26,-19.3843526088,17606811.67,13244216.13,34600354.83,-1465725.45,66791738.04,-18618756.78,-14690811.87,2018-04-21
3033,300219,鸿利智汇,79760738.01,22.766494076356,692107926.58,57.1432881436,552619663.11,17638324.71,51139846.94,1976012.8,630014968.35,62764301.56,95653098.05,2018-04-21
3034,300180,华峰超纤,26505495.2,73.423431721442,433492099.54,57.9065113353,335008210.76,8219364.94,52920292.94,3131270.55,401500725.57,31745094.62,35071942.68,2018-04-21
3035,300140,节能环境,-13658341.45,-330.496485160347,182470844.37,10.561739841,138980404.08,13858451.75,41385932.47,6320923.16,201587515.96,-14501969.15,-13187689.82,2018-04-21
3036,300077,国民技术,21582248.78,-17.393777669957,190623167.03,21.5874589948,140498971.41,12742581.65,33566574.66,-1883909.3,183920481.97,16810860.18,19476576.33,2018-04-21
3037,300006,莱美药业,21872659.88,13.644885224675,246239233.55,-0.2493602562,149307002.78,22832131.51,42884571.45,7239866.54,227632964.3,20811954.8,22442662.38,2018-04-21
3038,300001,特锐德,55562616.76,10.987275648248,941934154.33,7.6459401141,690056732.36,92030055.21,108318245.93,19835648.15,912590630.1,33941244.59,36320600.91,2018-04-21
3039,002929,润建股份,31788606.97,,469357439.83,,353986123.25,19422653.05,46852837.98,2902951.5,432737159.56,36550304.67,37680609.08,2018-04-21
3040,002916,深南电路,101678062.02,,1287394591.94,,980052661.46,23853462.04,129303488.09,23894156.24,1178701379.48,108300255.13,116901062.2,2018-04-21
3041,002900,哈三联,24647471.35,,170398692.18,,75741024.03,29356872.68,31536959.43,958077.97,140226748.98,33191417.27,33191727.27,2018-04-21
3042,002890,弘宇股份,14100158.86,,98149735.92,,69871943.36,2796248.12,6293089.96,377077.64,82013600.5,16136135.42,16388948.15,2018-04-21
3043,002885,京泉华,15199736.02,73.408449489188,196612497.32,24.4442021888,152793274.2,7949867.36,15289919.16,1982392.02,179854630.31,16784303.16,18152301.03,2018-04-21
3044,002880,卫光生物,34682040.44,1.797914380898,148491602.98,7.7820914683,84289271.6,2156569.53,15808562.47,4121063.61,108904593.08,39587009.9,41076896.9,2018-04-21
3045,002877,智能自控,9838434.02,497.401260070007,74414984.61,60.2167905414,45758917.89,6063099.84,8677907.9,786694.59,62594354.03,11820630.58,12077508.52,2018-04-21
3046,002862,实丰文化,5153642.13,200.116692005014,82907168.41,11.6404571874,62727190.55,5350246.97,6618609.3,493040.1,76962779.13,5944389.28,6143883.28,2018-04-21
3047,002847,盐津铺子,25368639.06,3.049228081529,206469540.62,13.7303305381,105103766.71,56998497.47,17177765.67,691348.58,182886441.66,23583098.96,30780540.13,2018-04-21
3048,002840,华统股份,34774155.93,126.561056551354,1125713688.37,51.6545090175,1055545379.16,10433793.13,21220499.67,1866332.94,1091740686.53,33973001.84,34700446.28,2018-04-21
3049,002820,桂发祥,31094267.0,1.886212355401,151124731.0,8.3494643777,77428944.0,26189721.0,8850440.0,-113816.0,114703872.0,39381190.0,41471211.0,2018-04-21
3050,002798,帝欧水华,1908042.19,190.502917767575,73054603.33,12.6349451059,55617355.4,17802673.5,9290357.5,-270580.85,82644647.54,-9086271.22,2305247.29,2018-04-21
3051,002694,顾地科技,-18357903.2,-52.950967146483,305934953.1,3.7093220256,251220053.63,22541198.18,45073347.37,5093563.99,328135484.39,-22200531.29,-21948514.11,2018-04-21
3052,002683,广东宏大,9363775.7,126.333081763325,581804059.66,96.9755599765,459835381.95,12011583.06,78992271.46,16754974.48,573220710.9,9803650.4,9904290.91,2018-04-21
3053,002678,珠江钢琴,47997312.78,11.484758233799,425178815.38,14.2683674303,288073092.91,23913777.83,49440817.09,1353740.8,369966828.37,56153512.89,57163455.51,2018-04-21
3054,002624,完美世界,325454783.13,63.264401258106,1910221140.3,95.1609876127,835352691.49,167789543.52,558680000.01,42321600.97,1658338149.38,324541747.35,333047903.73,2018-04-21
3055,002588,史丹利,79595591.17,-47.417669721822,1356328116.91,-4.0285616928,1064395081.95,118886032.35,84208338.58,1502167.77,1281337858.14,90562509.75,93127565.76,2018-04-21
3056,002574,明牌珠宝,21123575.65,-24.848952182443,1114473028.85,-12.8683128822,1010186531.3,50628713.17,11554708.26,22382047.95,1098974484.86,26653806.93,29504659.4,2018-04-21
3057,002567,唐人神,55342417.07,132.465758843992,3061012746.75,55.2625383617,2779513410.77,94253231.64,96423532.8,5910595.36,2988118257.88,71505026.83,72634857.87,2018-04-21
3058,002566,益盛药业,18323123.77,26.490113925175,226273733.61,9.1750145703,53077250.12,113800157.66,20919943.63,7516624.8,197822708.89,28451024.72,31720358.7,2018-04-21
3059,002533,金杯电工,22959641.41,-9.99777252376,625019626.05,12.1331156542,529057914.28,36868667.23,34600980.96,-6928899.45,595964991.28,30924797.19,31153044.86,2018-04-21
3060,002523,天桥起重,13010866.1,34.552249024018,163561392.81,-5.0782504396,122561629.35,12644791.17,28630056.67,1878661.79,154102318.36,11678720.79,16362401.92,2018-04-21
3061,002507,涪陵榨菜,63701183.06,25.610931230999,343416925.4,25.0762209075,191588348.96,66574025.1,12225938.12,-451075.06,274515598.16,73965503.18,76030042.44,2018-04-21
3062,002498,汉缆股份,73415412.52,31.160449229212,761420561.17,2.6944090699,662079228.85,30998500.97,53568815.72,-668841.68,737190321.32,88926240.78,89157992.19,2018-04-21
3063,002494,华斯股份,9000633.13,13.391092826199,125115488.02,12.9603316931,77164358.56,14857645.75,13820419.87,6192404.32,113958597.42,10962899.98,11358072.04,2018-04-21
3064,002490,山东墨龙,-54788681.9,6.003156693408,471784269.19,22.9346896443,523460600.54,5940927.88,21945598.85,28871512.06,585647299.06,-54531598.63,-53058436.34,2018-04-21
3065,002459,晶澳科技,2391431.15,115.145894662887,44883942.58,-58.1356771831,35735879.67,4447938.52,11754832.5,-475093.12,49107456.24,2240716.16,2391431.15,2018-04-21
3066,002451,摩恩电气,4717841.12,-8.166370308318,73551211.56,-23.9669898147,56261980.36,1916193.39,8163294.14,6153014.88,69325895.79,6378572.3,7652075.05,2018-04-21
3067,002443,金洲管道,6568747.43,-47.037709766076,647067973.54,44.6298329848,597896845.83,13094088.56,25172982.73,8519038.85,646494282.4,-4383759.81,8620606.27,2018-04-21
3068,002423,中粮资本,-38466784.71,-81.367854308893,192464605.52,-8.818698723,189850897.17,6707906.01,20928958.12,11051331.41,232368410.09,-38486492.71,-38466784.71,2018-04-21
3069,002418,康盛股份,17217481.25,-26.385053483409,683617290.92,32.564502235,585606173.39,18287141.33,33242017.66,18742223.55,658968202.74,25577398.84,25703405.24,2018-04-21
3070,002415,海康威视,1480780632.01,29.485567048164,7043724101.73,35.463777227,4030635978.64,700619566.15,747961910.46,21617777.72,5626414765.89,1788287185.44,1798811340.08,2018-04-21
3071,002410,广联达,54803422.73,27.771711861725,315373573.9,31.2142326181,19317704.25,92313056.36,155053806.09,10318835.7,284178413.6,60399940.96,60631274.72,2018-04-21
3072,002401,中远海科,17664137.23,0.917653504542,207740395.35,1.6411175131,168626850.41,5086401.8,16111067.45,-2936247.84,187876879.56,21695935.07,21450960.38,2018-04-21
3073,002394,联发股份,59934533.87,2.871155013177,888558238.51,1.7234291555,731613529.88,36898880.81,38112914.89,23194694.28,839860747.6,76202424.65,78779087.2,2018-04-21
3074,002390,信邦制药,52411456.62,20.185810987966,1353978873.6,16.6325962958,1106338366.42,89058328.57,89453254.28,26167838.31,1320132969.3,34882941.64,59643349.03,2018-04-21
3075,002370,亚太药业,46764741.57,93.228711983106,246492170.82,19.5962188689,151522746.21,16938116.92,21872945.88,-1915048.29,190488624.78,56003546.04,55969140.74,2018-04-21
3076,002320,海峡股份,93621500.78,47.898364027714,295181862.28,27.0336569488,142399844.25,2915839.52,24727443.54,-702447.64,170115259.22,127032162.46,127067616.84,2018-04-21
3077,002312,川发龙蟒,-28539011.01,-772.220756992704,199719674.2,-40.2699177261,164623573.43,50753181.95,23549462.09,15745039.92,256357127.92,-44332127.25,-26105349.38,2018-04-21
3078,002302,西部建设,-131036199.31,-265.045625792032,2277266224.15,19.3377334963,2217409020.82,41258328.75,124222418.25,21857990.58,2418452982.11,-142984951.45,-137955636.91,2018-04-21
3079,002249,大洋电机,50096956.89,-33.006318993669,1769088365.3,31.2212260284,1428216232.21,75988571.54,176567517.82,12472069.13,1713726798.11,54438745.59,66038941.46,2018-04-21
3080,002242,九阳股份,136269839.8,2.920838524119,1485448286.03,-9.5772090754,1030828261.85,189669153.81,88944349.69,-1135807.9,1323613533.87,170593285.37,174273637.01,2018-04-21
3081,002241,歌尔股份,299118555.5,51.598606029611,4525923770.19,68.3277835401,3515308762.16,112085307.99,456770547.25,97229277.96,4207932647.37,309587928.25,335707604.77,2018-04-21
3082,002235,安妮股份,18859234.78,2271.03802360154,126091845.47,78.5892105544,88333795.0,10369609.31,13520717.54,-6303994.32,107926947.56,18164897.91,19732908.05,2018-04-21
3083,002223,鱼跃医疗,185730336.0,30.362429352872,901864622.79,24.0637529337,527291171.55,74194201.18,64864447.96,-1648021.4,698569895.4,214635403.33,223566976.62,2018-04-21
3084,002187,广百股份,48565066.23,2.058470413495,1606620939.0,-9.4690156858,1291830011.45,211733244.34,18586105.98,2871115.77,1550233873.75,57939375.87,56885806.78,2018-04-21
3085,002176,江特电机,45357693.69,23.523841831652,352960015.41,-38.309908712,260472359.17,22852938.75,57537893.93,12182527.98,308495141.98,55226016.75,54977314.8,2018-04-21
3086,002108,沧州明珠,137272484.11,32.435002549959,698996159.25,42.5299571852,474501654.03,22310428.33,18977323.58,3378360.46,525475828.37,175035420.42,176313763.55,2018-04-21
3087,002097,山河智能,70751944.61,428.423268926247,939649663.26,124.0960137822,557386607.73,40804298.57,108835072.41,44785142.9,795314462.29,149729542.16,149360750.99,2018-04-21
3088,002088,鲁阳节能,17017625.63,130.76668441897,267448227.64,13.9967925843,188572313.36,43477453.18,18146976.33,1060688.91,255683939.18,15744043.37,19110293.26,2018-04-21
3089,002058,*ST威尔,-4399083.73,17.395101380514,13965230.05,-5.5307501063,9535767.33,3540179.5,5824491.83,-65257.06,18606466.9,-4218750.99,-4141007.02,2018-04-21
3090,002055,ST得润,31980291.39,46.845723773019,1169430670.26,30.9696527393,991671146.24,31319219.89,109592473.27,24292759.1,1166762483.74,25883164.43,31725360.73,2018-04-21
3091,002053,云南能投,42517797.9,5.001334228103,325436114.5,0.1169226814,173562774.26,62752026.81,35826379.85,-2019619.29,279699493.56,49050688.27,49790275.11,2018-04-21
3092,002049,紫光国微,53435225.6,-14.912819330182,401870380.2,42.5162800496,281665318.43,12292505.46,57734407.15,2022152.11,357190587.71,60144790.74,60198916.04,2018-04-21
3093,002045,国光电器,18410115.0,476.789430250897,675464602.0,85.8622807635,558712328.0,23044120.0,63343795.0,7328555.0,661691886.0,20708435.0,20114052.0,2018-04-21
3094,002028,思源电气,17109731.4,-64.99487875834,600484732.25,-14.1025010569,389537986.14,105543168.19,103485445.1,1379206.41,595695152.44,12303938.21,19842072.33,2018-04-21
3095,002017,东信和平,8760737.39,6.43636505703,283065126.5,0.107569899,200874802.61,23944214.75,39244222.95,-443962.23,270560521.34,9429785.37,11438466.75,2018-04-21
3096,000926,福星股份,283492103.12,7.066769803347,3028762548.52,-3.1000318683,2100423832.58,63417416.91,76698564.5,30124623.85,2463794800.71,576708901.29,550613110.41,2018-04-21
3097,000828,东莞控股,213611513.06,14.673598765755,329682142.16,17.2052142548,113972693.03,,7879424.67,-9580242.74,121142150.31,265862690.42,266677971.59,2018-04-21
3098,000813,德展健康,162846842.28,24.526273137069,349882314.39,13.7906130483,53765180.57,66421308.44,29931966.43,-202198.34,158479200.74,192805113.64,192919802.58,2018-04-21
3099,000788,北大医药,6965801.75,3.005787319956,460414533.19,13.9412539132,363450399.38,62980471.1,19179327.22,973636.26,448251185.85,9833347.34,8904499.68,2018-04-21
3100,000753,漳州发展,9911916.64,27.599838186802,670672112.47,-15.0686924317,556865007.53,43093783.49,25972470.51,21700956.51,657706228.38,13571495.13,14560911.99,2018-04-21
3101,000751,锌业股份,38000891.93,173.558303274955,1696100803.32,93.5351853117,1531499548.18,11978688.61,88200277.93,13812252.77,1659435079.98,38882259.34,38000281.04,2018-04-21
3102,000722,湖南发展,28873023.47,-21.281917063295,65030770.34,-28.2127009385,30425978.83,41585.55,8040151.39,1392919.19,42877344.05,36370075.95,36415696.51,2018-04-21
3103,000708,中信特钢,65281051.58,14.89364861038,2340179177.27,62.6198765061,2110427012.68,33703426.33,90200497.88,-634059.8,2251912056.15,88267121.12,76801237.15,2018-04-21
3104,000576,甘化科工,-13758649.07,5.67376006817,67868291.48,-18.9865745971,72400596.85,1720005.36,10625542.8,3684349.87,88871985.11,-17432128.59,-13761542.24,2018-04-21
3105,000559,万向钱潮,233616258.79,1.206237269482,2944706299.98,14.87792824,2319882435.38,98033402.08,215844197.87,29643284.48,2693578871.15,285088805.5,285841789.49,2018-04-21
3106,000530,冰山冷热,34979790.84,30.43749214507,504654807.75,18.5291416376,423056262.7,20316993.53,53404451.03,879115.61,499031473.17,37199025.75,38444672.69,2018-04-21
3107,000503,国新健康,-38837727.86,-46.939698414617,39195200.67,-30.0453080754,30851678.76,8941047.87,46517193.95,-953520.07,85595820.46,-46690363.96,-46690363.96,2018-04-21
3108,000056,皇庭国际,52200469.6,155.905769511382,137329655.12,107.2650542417,26725692.66,2341356.52,16733795.34,51550268.7,98917862.09,72171929.29,70206441.5,2018-04-21
3109,000037,深南电A,-27388861.07,40.823714589932,318755094.24,30.4397591998,309853787.59,815174.84,22795473.9,18072562.7,353161278.27,-34903912.98,-33329645.57,2018-04-21
3110,603883,老百姓,113333265.0,43.332894228531,1728576064.0,30.0775954831,1098502953.0,373414708.0,76154623.0,14074318.0,1576078850.0,152310897.0,157508442.0,2018-04-20
3111,603798,康普顿,47374133.62,55.007472838341,283230950.55,39.2963974675,183730434.07,19518956.89,10119848.84,-543007.51,221314778.08,61916172.47,63217819.39,2018-04-20
3112,603758,秦安股份,60694110.09,-13.673710232217,321735427.48,5.6862015564,225133690.18,3342561.42,15486405.74,2232475.16,250511958.81,71223468.67,71404835.4,2018-04-20
3113,603678,火炬电子,36171012.91,11.815778156809,316613404.88,16.251933277,245897031.6,11685859.6,24745241.03,2877847.56,283880411.78,39283929.2,43008303.8,2018-04-20
3114,603638,艾迪精密,30627899.69,116.619693216977,139070244.92,54.1891676134,78546435.02,6494343.95,12833430.54,966230.82,103698586.9,35371658.02,35820821.03,2018-04-20
3115,603601,再升科技,17316511.18,-4.219723005045,90229584.99,23.5974248918,52403175.25,9461680.0,6994180.36,1824830.98,71161967.02,20215900.71,21291720.64,2018-04-20
3116,603595,ST东尼,17492607.08,159.135965376986,94845296.91,139.0197041885,56723737.15,2735635.52,9121844.31,2307240.05,71011768.7,22146473.92,22512015.94,2018-04-20
3117,603500,祥和实业,11047554.28,,45462913.22,,22597918.47,2545002.53,7267471.49,842073.77,32554880.42,12908032.8,13031695.22,2018-04-20
3118,603466,风语筑,27503075.76,,201817493.05,,133317252.39,11665189.65,19174989.13,421006.19,170056659.32,32531915.93,32541916.88,2018-04-20
3119,603227,雪峰科技,-25119619.25,-519.070372094609,136500253.82,18.5658392772,125575213.79,4657475.84,31182911.02,3910922.34,167379485.18,-25779294.46,-26116348.4,2018-04-20
3120,603200,上海洗霸,12225256.08,21.281099195445,71784059.32,11.1724629394,42614196.14,3147089.43,14176931.52,-1055934.59,59487022.98,12319092.66,14520031.89,2018-04-20
3121,603060,国检集团,15660461.68,136.779592622379,153700781.79,23.6504075688,91249713.92,5012251.4,37534449.25,183351.79,134989423.28,19734389.51,21153390.22,2018-04-20
3122,601985,中国核电,1226458595.29,20.308786551066,7997053219.71,19.2269804872,4628636560.42,373996.05,259175127.43,1027636406.33,6065566393.88,1959596291.57,2599669703.77,2018-04-20
3123,601933,永辉超市,743756466.92,57.549420478733,15261389125.31,13.7561653437,12066971984.28,1959707565.73,332858776.94,-20081807.41,14393592752.21,872592625.17,912158345.08,2018-04-20
3124,601500,通用股份,29278706.04,47.296770493907,899842929.77,62.4163652137,772363564.66,33186367.26,55147438.2,981443.14,869367213.39,31992303.54,33803507.34,2018-04-20
3125,601168,西部矿业,40017693.0,140.667705267137,6357233700.0,-0.4244017096,5723310757.0,20393787.0,98574647.0,77803915.0,6166426762.0,121309537.0,122136925.0,2018-04-20
3126,600986,浙文互联,97029165.24,732.149329137918,1565961800.9,72.973915045,1358338435.98,28425194.42,67346625.46,-27037400.1,1435905940.61,128524967.59,129312716.57,2018-04-20
3127,600982,宁波能源,36156862.68,183.387256747812,449597791.66,236.135126977,381589531.01,11464023.08,11073721.93,2743056.7,447084652.43,51276863.69,54410698.8,2018-04-20
3128,600981,苏豪汇鸿,151277560.88,89.087174827693,7789218512.14,8.9842561635,7374865985.27,203022228.18,130471376.6,115626921.97,7850299251.35,247247604.77,251052780.5,2018-04-20
3129,600882,妙可蓝多,4540938.51,118.651970930962,198923925.98,123.0008195732,152762818.12,19284683.31,17594648.38,9581350.56,200628435.87,-1809799.04,2936518.91,2018-04-20
3130,600866,星湖科技,-26002909.72,-7.834915768353,112921233.68,-26.9308684269,90153259.45,3453954.78,36846414.23,7551342.9,142323005.78,-26039065.64,-26133447.34,2018-04-20
3131,600808,马钢股份,901746797.0,359.001471805685,17336558057.0,87.9144855716,15353050486.0,195070674.0,320245748.0,236461410.0,16378218947.0,1087461026.0,1088065443.0,2018-04-20
3132,600774,汉商集团,7194147.36,108.0377434389,251832439.03,-3.6414397008,172820195.08,16637086.54,48168241.44,6065138.1,245260817.64,7718282.29,8309406.61,2018-04-20
3133,600733,北汽蓝谷,359751.49,116.595256616015,10012862.07,126.1003708982,7732174.1,74649.84,2275117.04,369836.7,10370338.0,-138831.69,-138831.69,2018-04-20
3134,600681,百川能源,83693013.93,44.364523445547,505839619.68,61.4428400174,358484310.96,6946393.64,26731136.66,-724572.89,395977322.92,115498611.45,115469556.85,2018-04-20
3135,600675,中华企业,11725043.01,113.990467864691,1653163065.65,41.718873634,1294586533.49,6880970.87,54213039.15,145504611.08,1583168952.29,77182265.77,104666699.51,2018-04-20
3136,600636,*ST国化,38092497.36,345.591892716012,1434215734.35,29.6640159943,1248388219.19,19689366.72,63091323.52,3100666.06,1339803272.37,97097083.99,96977143.75,2018-04-20
3137,600621,华鑫股份,45777676.92,-91.076383232984,487172864.05,-54.9295925211,101100048.74,5199917.14,227545439.41,15720839.24,448487130.02,56024893.1,58464885.51,2018-04-20
3138,600618,氯碱化工,58492968.95,520.548618611819,1532899728.52,36.6714556642,1390012587.75,33760996.05,33239998.06,18185043.32,1484669801.58,58916990.64,58920650.14,2018-04-20
3139,600493,凤竹纺织,4046971.43,40.938133956182,161977788.19,21.0560406203,141736587.7,2770664.56,8536301.87,1060850.78,158669240.93,5455768.22,5660169.02,2018-04-20
3140,600456,宝钛股份,-36274599.6,27.092698683551,558735039.66,57.7008206256,492096933.95,6209925.12,58205711.03,28835064.37,593278299.13,-33702845.9,-33731348.1,2018-04-20
3141,600426,华鲁恒升,313827230.44,41.613558017822,2459004098.05,31.2507089677,1957844860.23,46562611.22,33542806.94,34547683.77,2089893323.39,369110774.66,369872779.17,2018-04-20
3142,600419,天润乳业,23577759.01,22.534755697999,243183620.62,28.5450813595,171583527.53,32240684.89,8810803.8,-263110.35,213983523.64,29200096.98,29033269.14,2018-04-20
3143,600378,昊华科技,3947601.54,298.40588658698,80720900.72,14.2306209852,61674424.69,4347959.21,10055487.66,-168112.75,75860114.95,4860785.77,4830697.53,2018-04-20
3144,600367,红星发展,13231800.49,603.892683111955,318977462.89,38.8233635008,235298283.33,22999456.69,23742626.86,1575988.65,299604741.51,20005940.04,19750021.36,2018-04-20
3145,600335,国机汽车,163338534.6,-12.091562636167,13222405313.16,-0.4991589192,12664774439.52,168863145.4,146945955.79,20649816.36,13016365415.32,216253771.61,216403181.12,2018-04-20
3146,600298,安琪酵母,212949009.03,89.320759710328,1418852248.31,26.0690137783,919917659.82,156965665.47,82851700.53,17569367.94,1191181953.95,228589216.08,245117006.31,2018-04-20
3147,600288,大恒科技,-11103925.23,46.750655678089,532938633.19,9.4071589624,407070710.48,66682952.15,104472233.4,3403801.52,584383712.05,-35470112.27,-23415931.86,2018-04-20
3148,600108,亚盛集团,19476052.75,44.47120206493,372498215.73,-6.6055982697,262231773.94,12883450.15,44255515.2,26105962.77,346929538.66,19688377.5,22752724.82,2018-04-20
3149,600097,开创国际,-40909089.99,55.41128490898,324771126.16,147.8796257542,280791946.41,53500092.99,22170014.24,8277078.74,365387539.13,-40235532.43,-40157582.01,2018-04-20
3150,600080,金花股份,5918565.69,94.624281181438,170083200.42,20.4569714472,59689070.97,84858148.54,16057800.8,1847895.4,164778828.02,7533146.46,7496341.82,2018-04-20
3151,300795,米奥会展,-14909346.5,,17458250.32,,10545170.01,16991557.36,5478465.54,331533.57,33143805.89,-15627793.75,-15417793.75,2018-04-20
3152,300726,宏达电子,35627654.93,-35.77623782317,103446663.15,-5.5206925768,27818945.9,16376818.3,13458732.14,-218995.29,62892303.22,40554359.93,40832959.93,2018-04-20
3153,300708,聚灿光电,22504838.9,,146088149.06,,108195568.14,3141823.52,11498373.48,1540040.3,125708775.7,26229922.59,26224762.22,2018-04-20
3154,300670,大烨智能,3316739.24,-15.839421913879,45882549.59,-3.663949151,33493092.81,2483349.66,5992855.97,-189319.73,42661616.02,3876989.68,3868761.31,2018-04-20
3155,300639,凯普生物,9812772.32,14.55160465003,86891154.0,17.0357563524,13545738.91,35161707.19,25314114.43,-9517.78,75228920.37,11566653.61,11692625.14,2018-04-20
3156,300606,金太阳,14322082.46,125.859689183501,55643301.11,46.8693306463,34306040.69,2124910.18,4727301.85,-301912.69,41396535.89,14246765.22,16515988.03,2018-04-20
3157,300545,联得装备,4899552.73,344.392573453279,66837807.82,139.9477082227,46397479.21,6602125.52,11317442.36,174643.71,64963684.04,1874123.78,6400298.36,2018-04-20
3158,300538,同益股份,5497532.95,3.425588474291,214637742.28,28.8305269958,189509817.99,9563172.52,7845968.28,1226755.48,209267053.07,6608852.26,7002024.59,2018-04-20
3159,300501,海顺新材,14872657.03,10.38461542458,80733597.04,28.870671898,50557856.13,3650068.29,10432347.11,140626.37,65215754.02,16718792.39,18142345.38,2018-04-20
3160,300470,中密控股,16620036.47,6.11478183607,96938491.23,20.472981825,44828616.82,12944066.8,12663301.43,1457327.65,77620329.26,19470742.79,19981737.08,2018-04-20
3161,300463,迈克生物,80590754.83,17.358136878627,363141938.65,28.9865916434,167419724.62,60176384.41,28791396.65,1927230.26,261524168.7,105463870.77,105039804.86,2018-04-20
3162,300456,赛微电子,9435076.52,677.400732828758,114199508.46,687.5297841667,80611515.3,6342219.89,18449626.17,2471283.66,109593210.73,13253027.17,13253027.17,2018-04-20
3163,300445,康斯特,6103449.85,27.936930773451,35263944.02,21.4918065308,9795845.61,8883008.27,8100002.56,-916152.6,27033662.75,8230281.27,7490930.2,2018-04-20
3164,300441,鲍斯股份,29575831.11,382.061924637161,205748930.97,200.8270099281,126701177.13,11849794.19,21062302.47,1404985.47,165649565.46,38998633.07,40445266.12,2018-04-20
3165,300428,立中集团,18158240.06,15.988564005832,271159454.49,48.6990056018,240748395.61,4848150.93,5846480.3,1675659.77,253175382.94,21162698.23,21163948.23,2018-04-20
3166,300415,伊之密,51985633.15,319.165988048275,412039162.73,54.0130882432,262053115.11,43625072.29,43065912.31,1970348.43,355681507.86,62641741.15,64355888.27,2018-04-20
3167,300351,永贵电器,24329392.51,1.527891241055,205425655.32,45.7933246295,130377524.68,15589801.3,33317258.73,822629.84,181044726.29,27347382.69,27205273.28,2018-04-20
3168,300321,同大股份,4009028.61,-38.647879743932,101392146.91,3.8346617446,83733880.01,1143721.51,8765010.17,466867.39,97778317.59,4089632.24,4779181.12,2018-04-20
3169,300302,同有科技,11780733.41,50.363862424728,68879895.12,38.7495406075,38608209.96,6025884.55,12086445.27,-1291619.63,57853316.81,11160139.95,13403804.38,2018-04-20
3170,300288,朗玛信息,16063458.26,7.220709986622,98412442.24,9.2631827206,45179349.2,8283321.77,33399190.9,-768586.45,86456205.12,14296038.74,16717622.78,2018-04-20
3171,300245,天玑科技,6245195.6,-3.670432433747,78943914.9,-7.6362507888,49131211.53,5565636.69,18327031.12,-695373.28,75040917.27,3394034.12,5367038.33,2018-04-20
3172,300170,汉得信息,47146021.5,13.07674785009,401832131.23,36.0571994975,260852352.29,31787345.75,60258906.21,-3989816.67,357972474.45,43807067.77,48674548.09,2018-04-20
3173,300162,雷曼光电,8673084.76,-13.820774077116,139500790.11,29.1382354884,95482459.56,12614449.47,15660817.62,2580831.28,127856033.48,11644756.63,11739713.96,2018-04-20
3174,300119,瑞普生物,31500013.62,32.335086293402,229359486.65,8.6918747505,102260675.26,39426083.51,44612539.68,2697495.75,198620084.7,42423724.58,42299331.62,2018-04-20
3175,300101,振芯科技,12381228.63,-43.829545530845,103298588.56,-17.2751348413,46511574.66,5472588.41,28149374.57,330290.24,84116357.91,19592700.02,21665134.55,2018-04-20
3176,300039,上海凯宝,90694928.92,9.121008283748,457397439.38,6.1872039407,84809866.63,228036987.35,28277741.21,-4112781.16,345770620.24,110025360.6,106987284.11,2018-04-20
3177,300026,红日药业,132549458.48,5.912772274962,732944389.26,-14.5068319426,210405730.09,269893021.94,82199642.68,1522327.34,582221567.2,150727302.1,158656681.76,2018-04-20
3178,300024,机器人,57929670.96,7.061910500764,450893986.29,27.2329603062,303602929.09,20692568.15,69618067.69,-5742272.96,391136298.8,57985332.75,69408880.15,2018-04-20
3179,002927,泰永长征,7075594.05,,58196814.31,,27551339.61,13575845.67,9518668.15,25629.74,51742757.09,8066054.48,8315929.22,2018-04-20
3180,002925,盈趣科技,186905059.79,331.484584890722,598601414.5,147.3221961076,320372664.88,8865234.65,35845496.02,3711602.66,378579583.51,220246061.85,221076966.61,2018-04-20
3181,002922,伊戈尔,17571105.07,41.953619697095,243894117.92,32.8461168359,167394106.96,21507373.07,24316899.07,2485050.19,221463491.92,22430626.0,22105057.96,2018-04-20
3182,002915,中欣氟材,3085465.27,-33.256039763122,62509014.0,-33.6757389468,50974850.13,1090608.47,9585004.91,2015925.89,58661750.5,3847263.5,4551964.12,2018-04-20
3183,002911,佛燃能源,56129457.39,,938249101.74,,773177192.08,18179722.38,28923484.5,10105119.36,834087331.05,104161770.69,103968362.29,2018-04-20
3184,002910,庄园牧场,17989395.31,,148667300.14,,97945261.89,15987722.66,14123332.16,5391361.08,134146262.68,15382727.83,18231948.38,2018-04-20
3185,002908,德生科技,5609542.94,,68969793.51,,38298977.04,7503375.49,14145443.59,-69325.24,63605684.47,5911744.04,5914518.7,2018-04-20
3186,002905,金逸影视,22213239.0,,520815056.1,,408224128.07,43914303.32,24848516.03,6505861.18,488184115.11,38528629.12,38957661.03,2018-04-20
3187,002836,新宏泽,10940169.69,-8.195153644297,52303735.33,-16.8736309994,30135261.2,1079168.18,6326097.64,-9436.44,38245300.26,14058435.07,14100424.82,2018-04-20
3188,002831,裕同科技,162256281.62,29.534317991183,1389904236.47,38.0576777105,956103420.72,64121301.32,150697792.33,19726998.77,1191472079.36,201451362.3,203233713.09,2018-04-20
3189,002821,凯莱英,49088603.64,49.499293968816,290097601.3,55.3973139938,149903232.98,9161668.39,57377993.31,2196674.76,220137102.2,70121430.68,73052596.18,2018-04-20
3190,002815,崇达技术,95566421.68,12.291282607317,685881035.92,42.8289510239,462256032.5,27916573.2,71392021.48,6856920.29,576439919.81,112227253.1,113186078.84,2018-04-20
3191,002801,微光股份,22619987.0,18.856234178266,109801320.52,31.2619310064,77410255.08,3309005.75,6656247.44,58874.35,88972878.84,26383257.68,26374348.16,2018-04-20
3192,002763,汇洁股份,100175363.88,37.76357752453,524457539.58,-3.482670689,162194792.15,164433136.51,49680945.89,-948909.68,387422201.44,137035338.14,139729231.26,2018-04-20
3193,002761,浙江建投,4262246.32,-48.888413868274,142317691.68,2.3930501253,86584818.0,28489132.83,20103319.44,520256.07,136393213.28,6672790.42,6123551.45,2018-04-20
3194,002757,南兴股份,17325217.1,71.038221980914,139185928.24,48.851434231,98321476.28,5839810.43,15169673.99,505523.21,120317360.33,19861600.84,20382608.34,2018-04-20
3195,002747,埃斯顿,13381323.8,162.104062913858,135228612.43,40.7835025865,88156763.5,12059389.11,32005643.89,480751.81,135850755.7,2046424.19,21349109.3,2018-04-20
3196,002714,牧原股份,680036371.42,84.813979937422,1967844689.37,115.7187490043,1171543690.55,7653723.64,53614869.73,66400349.8,1304781074.3,671363410.0,680036371.42,2018-04-20
3197,002706,良信股份,30906172.61,29.008635268707,285524766.14,20.2996242529,176900836.26,38415978.58,36683796.58,-374468.02,255333955.19,36121974.99,36360203.07,2018-04-20
3198,002673,西部证券,181928119.53,-34.220129003305,663273986.06,-27.6759033389,,,410278376.32,,416659385.75,246614600.31,246924002.23,2018-04-20
3199,002670,国盛证券,35064675.89,388.215081291639,578918687.09,226.548441932,249288193.84,7248837.92,139722417.99,34032441.44,506130348.26,47805118.18,48211648.65,2018-04-20
3200,002579,中京电子,4140119.93,-95.322494440036,246358275.68,53.4088715377,204347110.9,5751222.97,25875323.14,1492485.44,239270292.48,5968948.42,7827013.26,2018-04-20
3201,002575,群兴玩具,-13889930.69,-585.034508229893,53889034.44,-16.9221540711,51212734.04,871838.88,10036029.3,-314916.8,69549587.37,-13528474.44,-13494067.84,2018-04-20
3202,002550,千红制药,70416381.36,0.243158382557,243708343.81,55.5235077563,121380364.93,30678569.88,30378483.62,-23630793.08,162521458.41,81186885.4,82545403.59,2018-04-20
3203,002497,雅化集团,31086041.28,48.728680923033,365688873.39,36.3988050952,249223599.62,9778761.39,67315574.0,2839638.97,335298631.41,47520939.33,48557489.6,2018-04-20
3204,002431,棕榈股份,-53598721.01,31.336622211081,527184451.11,24.0440385159,475027346.36,11173081.1,83024136.18,49871698.14,611745397.82,-57453070.36,-57445168.47,2018-04-20
3205,002408,齐翔腾达,198257540.26,397.866234424415,2140300232.21,111.2823321954,1803794277.47,28540534.8,49358087.03,10039967.21,1913715658.14,227388251.17,234619187.19,2018-04-20
3206,002386,天原股份,11662888.34,121.558422441777,2199326588.78,38.1537276677,2003884523.07,59304393.76,89235636.81,29609814.87,2191543864.01,12877829.88,18720238.52,2018-04-20
3207,002338,奥普光电,13495898.15,2.976158341316,86288810.7,11.1541062769,40990673.59,4161527.05,18625667.27,-162155.99,66625839.96,19486693.51,22645225.22,2018-04-20
3208,002327,富安娜,79308379.72,-10.394942313984,431372254.86,0.0563174188,214613391.94,112944965.21,19947799.87,-876046.09,343487592.83,100731276.18,101597242.35,2018-04-20
3209,002275,桂林三金,76025435.59,5.830654458474,336071168.88,11.0057741761,92703478.7,110420240.68,38946774.15,-1779746.59,246273881.42,94109961.58,93756878.03,2018-04-20
3210,002258,利尔化学,58216138.77,47.123157846581,525513687.6,11.8024648401,383350154.74,17126528.85,50607143.75,1759413.91,453498221.3,72465755.85,74208400.9,2018-04-20
3211,002245,蔚蓝锂芯,63808287.04,63.979015391825,658206424.94,113.0580264179,505490686.58,9922462.91,29963042.66,9937981.26,557741337.06,111132044.8,110147022.81,2018-04-20
3212,002208,合肥城建,42858481.47,-39.628131572036,861200078.8,20.5618790316,664150879.55,11083808.66,13716867.65,52109321.47,797003235.95,64196842.85,64618264.52,2018-04-20
3213,002205,国统股份,-11766631.71,7.272363835672,47179766.01,306.0972463399,41068609.69,2543770.18,11425325.73,5206284.51,61159133.71,-13979367.7,-13132341.78,2018-04-20
3214,002196,方正电机,21814557.3,20.331520635171,251558867.87,7.9821031606,196031270.78,3964928.31,28499164.77,2687873.09,231619234.76,20153547.48,24339096.91,2018-04-20
3215,002195,岩山科技,209585466.41,123.870153772365,420495886.72,11.5037171732,42030534.57,116414684.27,72635204.26,-23793505.58,228438819.94,220992872.06,223699286.21,2018-04-20
3216,002165,红宝丽,19017322.5,-38.742685181431,540432734.21,30.6003224306,459997299.8,17771667.67,27529156.25,5114628.19,514093384.46,26333859.75,26440026.93,2018-04-20
3217,002145,钛能化学,118345957.9,353.766729788717,796904477.78,79.795792797,556302341.11,25322462.13,56716429.2,13257187.66,660356778.49,136823078.45,139790680.39,2018-04-20
3218,002139,拓邦股份,35406756.17,107.867782590393,530532207.83,78.0609028719,403931792.24,16510578.75,52834824.27,5774799.21,487248387.71,47125803.13,46488345.89,2018-04-20
3219,002043,兔宝宝,47735325.36,122.325929545478,676333855.23,73.2238738627,563104091.31,32470378.24,31835972.69,719981.74,632062175.76,55144848.46,57241074.34,2018-04-20
3220,000987,越秀资本,180924084.33,198.682180788346,1284389502.88,114.703682318,494634204.59,81358052.59,499893278.46,-3935881.88,1006626674.86,277762828.02,305454975.38,2018-04-20
3221,000985,大庆华科,17066647.05,2188.36485407581,338781332.81,94.8539090833,292029928.39,1931544.55,24387466.2,-1449558.08,319049376.8,19795743.51,20259864.7,2018-04-20
3222,000908,*ST景峰,33191756.06,-17.740561238962,353350569.11,-11.6854800226,87204602.26,141982982.72,46296424.77,13238142.03,301715017.87,56705538.37,56052338.71,2018-04-20
3223,000906,浙商中拓,45161599.06,46.080373602038,9145440555.02,53.805369406,8950739186.4,51048162.0,53749383.88,25786272.38,9095238591.07,60085947.09,60625311.49,2018-04-20
3224,000825,太钢不锈,323821347.79,159.157475998357,16846869428.15,47.9073205193,15209523934.91,418219204.48,486111512.59,383388413.12,16586628136.86,270097069.51,291641795.29,2018-04-20
3225,000790,华神科技,3489830.67,-40.419262302674,99785669.21,20.6362790921,51041838.51,32553462.35,9260700.04,1145849.0,95033805.24,4409536.67,4507379.49,2018-04-20
3226,000761,本钢板材,302653287.07,636.273589678354,11132407692.65,80.6095711367,9930127676.02,309701590.37,171564522.91,249377930.9,10738188697.63,396405112.82,403513229.36,2018-04-20
3227,000756,新华制药,51550425.89,153.983568251248,1295383415.66,28.9146789918,945943210.71,152556515.24,106151166.96,15878700.76,1236936513.9,69740639.54,68804145.46,2018-04-20
3228,000720,新能泰山,-46708700.48,-308.318313647529,622610192.03,-5.3587353057,594166819.16,9711152.93,21624570.24,39101216.84,670800872.45,-48190680.42,-46700698.74,2018-04-20
3229,000718,苏宁环球,42193032.91,94.255700348235,555519134.14,8.2243759792,374172717.39,23890686.49,64759101.68,12210537.34,496833045.46,65332466.3,66388776.32,2018-04-20
3230,000717,中南股份,168158813.19,172.766607017985,5268763626.37,127.6136875538,4940800057.8,52304032.96,14365683.51,77100129.13,5086901277.26,167456611.09,168158813.19,2018-04-20
3231,000715,中兴商业,16000418.34,60.856513809724,645694247.13,-4.3341208011,514167573.27,11769521.01,86883300.68,4849689.87,624501556.13,21574197.85,21609659.3,2018-04-20
3232,000709,河钢股份,649296986.39,455.692371557891,28320383467.54,58.8352232235,25412596897.2,213340566.6,824126017.88,959113793.21,27527137193.43,835281903.77,835461332.14,2018-04-20
3233,000688,国城矿业,86892515.08,761.1587953709,231723556.03,38.6709872396,91960891.49,902274.42,16827075.93,-436877.06,127805044.12,103925309.42,103995986.86,2018-04-20
3234,000657,中钨高新,24137955.9,188.829470695781,1404386722.71,22.210798813,1128807631.6,74897810.14,119840548.68,20331947.52,1361117379.58,43446012.89,49228770.02,2018-04-20
3235,000544,中原环保,56879594.78,2.73661193688,219678316.5,-4.6960654634,148813575.49,,11366924.28,6483674.24,178216899.0,41461417.5,58117692.36,2018-04-20
3236,000401,金隅冀东,-368916666.78,54.174736562322,1758612115.48,22.1253832817,1382606538.25,84944686.14,452432264.56,273521863.37,2230342522.71,-457054842.89,-450949387.54,2018-04-20
3237,000062,深圳华强,78475968.77,33.278650291931,1256660168.34,22.4971859292,1009696179.66,54791372.7,48171194.07,16363143.28,1145122341.92,109719127.56,112622251.39,2018-04-20
3238,000059,华锦股份,448463826.4,-2.623414648199,7781911663.38,23.0846771806,5927638468.18,81376032.34,570250930.36,142053782.57,7178219170.64,639619512.29,631508347.77,2018-04-20
3239,000050,深天马A,377462096.67,147.71743720162,4455927663.78,18.401986282,3402034817.96,91577420.41,512184741.76,115394017.25,4206403045.32,433052384.46,436272828.97,2018-04-20
3240,000049,德赛电池,69010820.55,77.539563601313,2288946643.68,50.4040961009,2064048678.59,19251558.13,80451710.36,-99598.6,2166173622.92,121103336.78,121446781.01,2018-04-20
3241,000001,平安银行,6214000000.0,2.103187643773,27726000000.0,0.6537846869,,,6804000000.0,,19484000000.0,8242000000.0,8230000000.0,2018-04-20
3242,603933,睿能科技,40889298.56,207.443001929899,445839309.06,46.3214236958,352926215.13,22397082.93,17270320.25,2364159.39,401578102.31,48438768.7,48472622.28,2018-04-19
3243,603577,汇金通,9392354.22,-15.610350138213,165609656.16,50.0390000922,128311549.8,8969686.98,8041369.97,6319606.28,156615548.9,9444426.89,10527399.68,2018-04-19
3244,603086,先达股份,24687726.92,18.305353481886,282007805.98,39.2113073427,207013491.63,3511898.52,36020064.67,814715.22,251521483.49,30551889.16,31328649.58,2018-04-19
3245,600444,国机通用,11016767.36,245.678782637798,91613310.94,-8.8148416216,77888631.1,3771450.82,16503673.26,1894483.1,101413506.61,12555546.38,12781310.39,2018-04-19
3246,600256,广汇能源,30273228.15,12.617784050525,1118221641.84,14.0610458227,788880662.21,55464314.88,61070020.31,162872599.8,1110372133.83,34223678.2,25670538.72,2018-04-19
3247,600192,长城电工,3077805.89,-30.27290710101,384306239.33,1.8280841085,288346529.66,33719686.29,46331738.89,11620032.31,381165249.59,4036735.68,5689384.46,2018-04-19
3248,600148,长春一东,10975401.01,6546.40843330892,199768637.4,78.4103637051,139130781.32,17283706.12,21311888.1,31957.39,179446180.13,20322457.27,20282774.46,2018-04-19
3249,300647,超频三,8417058.31,9.299334064691,71062719.84,7.5314058192,45037218.45,4702173.77,8811916.46,786635.47,60469118.44,10593601.4,10383745.49,2018-04-19
3250,300164,通源石油,-13725393.35,19.030738095564,115437119.64,76.7069370838,71553164.97,53461650.05,13923849.39,2052694.8,140180419.27,-24495786.13,-23273947.5,2018-04-19
3251,300087,荃银高科,2685968.47,43.775818493735,104357592.54,10.1032997553,62569332.53,16993466.73,20746289.46,229228.66,101214936.83,5450030.15,4770332.42,2018-04-19
3252,300020,ST银江,33571951.95,-9.48777232892,352552938.64,-6.2330845542,260289606.55,12697127.37,37802417.62,8018508.14,314586145.27,38461269.19,38657835.51,2018-04-19
3253,002857,三晖电气,-4154879.22,37.676294288595,20771778.92,224.2368119886,15067531.58,5346533.88,4781020.08,-70035.42,24862955.31,-4091176.39,-4090340.54,2018-04-19
3254,002789,*ST建艺,28028157.92,33.182630442773,545778979.13,68.8975360862,478899674.37,3914389.44,11385908.28,16070255.32,514038284.1,33482097.72,33186127.72,2018-04-19
3255,002449,国星光电,51757601.33,38.288933565095,652892796.25,42.1564686096,510552027.16,13287508.26,54456002.59,9600456.33,600696503.06,54878334.86,59275698.26,2018-04-19
3256,002400,省广集团,78846045.46,-23.546346463762,1910153019.01,0.7499676961,1584817088.75,142018758.0,67986502.3,9821089.91,1819821765.77,95231503.12,98479532.95,2018-04-19
3257,000898,鞍钢股份,1069000000.0,273.821138211382,19371000000.0,71.8201170836,16937000000.0,632000000.0,335000000.0,266000000.0,18372000000.0,1099000000.0,1100000000.0,2018-04-19
3258,000791,甘肃能源,-137382404.39,28.316760057587,233631466.22,2.4636530942,236028058.52,,4464203.4,139909746.67,382125600.88,-145028236.41,-146089410.42,2018-04-19
3259,000705,浙江震元,10973899.66,35.249518558644,624238757.68,3.3800371924,543277147.51,36096461.15,30551896.51,-2382433.52,610493662.61,13947595.07,13974448.55,2018-04-19
3260,000619,海螺新材,-6950453.39,-166.139219483006,562967931.39,-1.0086180295,520381378.9,27376155.52,35231288.7,8534900.04,600940104.3,-33650178.98,-5619721.7,2018-04-19
3261,000514,渝开发,16285693.18,441.620473999849,165545105.69,10.4520739893,112043651.3,4443211.38,9803724.76,15909439.23,145696116.42,19829943.62,20319512.91,2018-04-19
3262,603605,珀莱雅,53957865.29,,453556801.89,,162339093.74,170475147.77,45850139.85,4203398.71,392274989.07,61281812.82,65009476.25,2018-04-18
3263,603578,三星新材,14187644.84,19.688188873102,78316333.34,7.090489447,54352452.57,2916309.71,5608353.87,331898.72,64026177.55,14290155.79,15842584.29,2018-04-18
3264,603518,锦泓集团,29650828.41,31.788465240522,311055993.2,63.901518414,99443235.73,119783769.75,37936544.06,26486894.8,288602196.93,36094324.73,44452287.17,2018-04-18
3265,603515,欧普照明,49344926.78,56.791088330199,1200119518.94,38.5288146533,703719574.03,339678803.67,96120980.53,-36171.49,1160538475.54,57655074.12,61660754.41,2018-04-18
3266,603499,翔港科技,11878742.85,,69499176.23,,49533323.45,3417238.29,8437925.79,353931.77,60210127.76,11361022.68,13395972.88,2018-04-18
3267,601636,旗滨集团,245478723.88,644.372802266576,1634968257.38,33.1531846121,1082396100.16,7331696.34,174664209.98,46779439.25,1356208712.84,277976008.88,300190560.57,2018-04-18
3268,600824,益民集团,50423524.6,7.618814341728,541553389.91,-26.1554797943,350218114.27,67561482.54,44900025.27,5724656.54,476540259.12,67294019.67,67244116.01,2018-04-18
3269,600785,新华百货,71908385.02,30.499599193537,2110198424.35,-3.918194836,1690365188.08,269484545.19,45445927.71,9658573.47,2029308712.01,83795985.93,85695354.9,2018-04-18
3270,600683,京投发展,-59611695.63,-265.423328100411,161587930.82,-83.8738663053,112958375.67,13741612.53,26990098.93,51511004.01,210403674.78,-48437273.34,-48417875.58,2018-04-18
3271,600420,国药现代,159546917.21,55.07883731305,2367047156.71,9.1351997876,1434284031.24,302476984.69,199908090.71,75377542.37,2067486682.13,308207108.68,311175933.73,2018-04-18
3272,600328,中盐化工,56341309.35,625.707112274105,738074619.83,46.5130725911,422736544.29,70505121.67,38576620.04,49709073.83,618748435.28,116710558.64,120811411.54,2018-04-18
3273,600282,南钢股份,548888638.85,4830.37125991554,8506024886.18,77.1744149957,7424849745.45,123072906.54,181640609.76,155037903.47,7982778958.74,704231317.63,708786443.66,2018-04-18
3274,600136,ST明诚,258550.66,-44.144961676693,79274812.04,89.9023389806,45076578.61,1558725.48,26461496.89,13351887.22,87048651.73,-1273121.29,1524683.04,2018-04-18
3275,300967,晓鸣股份,1842655.55,,71460788.06,,59271023.2,6578856.17,4458656.12,136648.55,70445184.04,1034124.57,1214124.57,2018-04-18
3276,300738,奥飞数据,15069101.2,,87968669.72,,63029735.77,2595687.24,4698653.03,-50253.38,70273822.66,17694847.06,18516360.21,2018-04-18
3277,300690,双一科技,23436011.94,-5.854137699702,99166538.65,7.7406470857,51323910.11,10346975.21,8367312.73,592410.8,71891976.66,27388283.45,27496532.78,2018-04-18
3278,300632,光莆股份,11427184.1,72.517073714197,86891848.16,43.8314116654,59489855.13,3349810.6,9404305.62,1408348.62,74769237.28,12122610.88,13187542.61,2018-04-18
3279,300624,万兴科技,22572107.48,,109222599.22,,3299136.37,51065830.39,33433872.89,233139.77,88690800.97,20702378.95,20749096.79,2018-04-18
3280,300589,江龙船艇,3077078.4,156.177324902341,65162808.27,167.414930573,50505930.6,2585836.72,9258249.33,636093.59,63757517.07,1319798.53,3594198.84,2018-04-18
3281,300348,长亮科技,861720.37,-91.036098075876,127156801.91,52.392882736,73723981.01,12634695.32,36676648.91,2274587.29,125664024.89,1293257.45,2129549.76,2018-04-18
3282,300304,云意电气,34519431.5,40.709295961627,166098596.94,31.7255912632,107681437.17,3135334.55,19596071.45,-614272.6,132530182.58,39140625.82,39118124.74,2018-04-18
3283,300285,国瓷材料,44387739.13,193.819125363503,210243208.32,96.5583678548,125612716.37,6515011.96,25384327.95,-746755.67,160490819.02,54875096.85,54974069.72,2018-04-18
3284,300264,佳创视讯,-11101204.08,-78.337102362984,32381563.42,30.2333366716,24370336.18,9531065.35,20841921.02,-377169.22,54425293.23,-20105324.13,-12405029.89,2018-04-18
3285,300193,佳士科技,18772503.31,39.530903777044,176664787.11,36.4419411116,114336770.46,20708184.69,26316911.84,-10010530.98,154991118.49,23360739.33,23433129.93,2018-04-18
3286,300041,回天新材,46224328.97,20.297452921749,353840475.41,24.8221743931,250319249.82,20021815.5,33641770.96,-262972.4,309835360.42,44005114.99,53150076.18,2018-04-18
3287,300037,新宙邦,67694567.1,27.344812707911,388513577.18,29.9330691389,237887450.41,15420899.66,54181804.13,1696080.49,312142968.84,81419161.64,82053662.19,2018-04-18
3288,003816,中国广核,3387563833.89,72.908525885484,10019631562.49,29.9812693143,4936701037.01,19831736.97,538517726.66,1520424857.17,7166219086.18,4757404770.7,5207820776.23,2018-04-18
3289,002846,英联股份,11750165.11,12.850212158251,80462477.39,26.4371075338,57819855.2,2262785.49,8381230.25,409777.26,68708582.06,12630417.25,13658646.14,2018-04-18
3290,002741,光华科技,8785617.71,42.072175686044,259749437.02,30.1729451765,204192062.92,20814475.87,24369526.75,1778046.65,252294915.53,7454521.49,10731954.12,2018-04-18
3291,002691,冀凯股份,846108.51,-78.562264571927,40943826.92,-26.2603014847,53662214.29,10131758.17,12782727.54,-609790.55,39850931.31,1092895.61,1869808.89,2018-04-18
3292,002667,威领股份,8646769.23,750.92525608446,27423742.49,4.0554025959,13479230.38,3528463.59,5882986.21,-1029050.72,19348709.11,8644809.73,8708457.08,2018-04-18
3293,002469,三维化学,6325661.52,-65.104820278065,63035227.3,-27.0378593454,31127598.62,7004384.22,14180604.08,-1684347.09,51774342.11,13342437.59,13338242.09,2018-04-18
3294,002391,长青股份,44659844.07,15.652613026104,444086078.59,10.3486018948,311094819.06,17750445.57,44102660.26,8118235.22,387620225.41,57526135.35,52493342.05,2018-04-18
3295,002383,合众思壮,5062915.84,130.42252523278,279867429.67,117.2402775793,134463972.53,38338909.9,93540430.57,8150919.94,275598631.41,842931.93,6938792.4,2018-04-18
3296,002237,恒邦股份,70450250.0,99.47679763268,4923881947.54,43.8448632299,4640524591.56,24110707.32,105885426.79,63658703.45,4835042180.1,85722220.05,85371857.35,2018-04-18
3297,002225,濮耐股份,34579268.53,20.179721954982,575823092.87,5.2055181137,387553196.64,59575826.17,63373954.11,15177522.49,537537607.33,40039291.16,42685712.32,2018-04-18
3298,002157,正邦科技,123429365.81,-45.879152954358,4621801851.55,15.2534082839,4058917383.85,155195271.49,222613759.18,45564429.63,4483449272.81,125448365.12,133092636.14,2018-04-18
3299,002129,TCL中环,104632696.71,1.230836905813,1658755010.74,3.9010041127,1387196164.26,13378280.04,77670441.52,72579126.97,1547659049.43,121010202.85,124181265.95,2018-04-18
3300,002116,中国海诚,43569253.97,-9.698186407137,988468777.63,-15.1490624513,896783134.22,2572434.7,46302714.88,-1851234.79,954265892.39,52172111.17,49841624.46,2018-04-18
3301,002085,万丰奥威,199958411.87,18.683320257486,2499802666.17,17.2653522713,1951824689.74,47155019.0,190741541.9,17948354.73,2221290339.04,276628553.53,282426978.54,2018-04-18
3302,000922,佳电股份,-7375232.69,75.425194530422,221955309.92,-16.0708702582,188797617.8,28105550.76,26985841.33,-230854.01,247476711.9,-20546641.73,-7375232.69,2018-04-18
3303,000798,中水渔业,-3158966.83,60.644429387306,154981717.66,31.1893742477,137463406.06,6929162.23,12529155.36,2363009.11,159200648.07,-4915995.66,-4285423.46,2018-04-18
3304,000600,建投能源,225614615.93,-65.561626283935,2800261307.69,10.1980551521,2261296376.04,14018108.77,69412392.04,107933657.16,2476482780.93,374409827.94,375299584.45,2018-04-18
3305,000521,长虹美菱,61303717.56,14.13904772113,3666603957.5,25.2939907378,2934581098.67,541328415.48,112056183.22,-17885269.18,3614321385.47,71971791.56,72671910.49,2018-04-18
3306,000404,长虹华意,52657968.0,4.961328183248,2091393524.02,12.7023526432,1837837622.75,37624295.25,118162537.49,-12521395.11,2008170192.52,92952103.63,94633761.06,2018-04-18
3307,603979,金诚信,52575909.76,20.783353388939,524129405.72,0.2575944212,383431661.92,1616552.1,45099055.32,4684093.11,452177998.03,70728700.3,70636074.07,2018-04-17
3308,603767,中马传动,21519231.38,2.938917438553,210805495.49,5.0855843402,156922630.29,5081506.65,19736968.21,1117442.47,185507124.61,25327187.41,25316742.78,2018-04-17
3309,603707,健友股份,56093780.7,90.088140966427,223640039.67,62.034807484,122902757.08,3156656.43,28976322.76,389832.7,157017037.8,67161002.82,67615181.76,2018-04-17
3310,603528,多伦科技,19904677.92,-78.187013958075,116055561.84,-49.8621560651,49871545.98,11983389.06,27457148.93,-3313015.61,94100186.74,29490551.11,29453894.79,2018-04-17
3311,603278,大业股份,32195110.05,,359900071.91,,285799371.64,14099562.12,9761718.11,11144854.0,322741031.86,37159040.05,37760851.01,2018-04-17
3312,603103,横店影视,115211674.16,,665420178.62,,469113437.91,9937644.94,10303862.74,1965528.88,522869199.22,146999476.71,150128257.18,2018-04-17
3313,603089,正裕工业,23092068.16,4.115199454466,186628510.55,32.0111402289,127656769.25,6611181.69,19867624.64,1025699.5,157661826.33,29161684.11,29160523.27,2018-04-17
3314,603021,ST华鹏,9771460.03,9.988433039358,165659548.25,5.3786746075,121486691.81,10522807.61,15769200.97,8014287.93,160091372.12,11380037.81,11371012.0,2018-04-17
3315,601311,骆驼股份,97907615.78,-1.544295540121,1491868145.16,14.4203360679,1185494307.01,76035375.47,59255062.44,17676967.8,1418878987.2,121858158.45,127687632.49,2018-04-17
3316,600710,苏美达,72048027.98,896.342186490917,16523258114.01,108.28494117,15695966066.54,263667100.74,206446546.7,142795733.76,16328782064.95,241753112.53,249322365.03,2018-04-17
3317,600535,天士力,318149783.72,14.837716378452,3347663813.62,6.4527157971,2251442394.8,376818045.17,202827897.28,58448840.59,2950121841.6,394261523.18,400870483.0,2018-04-17
3318,600510,黑牡丹,72797050.96,18.74762832369,1659921145.98,12.1311734531,1424878817.4,20402059.79,53410082.02,25461344.34,1536388309.85,124285004.72,126129851.42,2018-04-17
3319,600337,美克家居,47464823.44,10.772275992457,764370958.43,10.4100949841,321909320.58,294199748.97,66504578.83,16554254.36,704320801.72,62914961.3,62724427.07,2018-04-17
3320,300691,联合光电,5279594.68,,147463105.89,,115264555.6,2057144.89,24213155.9,306658.87,141799165.18,5725552.26,6358652.68,2018-04-17
3321,300673,佩蒂股份,13610991.89,9.044414989572,107001868.28,4.2248479128,72944986.74,3681710.85,13391998.2,1610458.92,91442795.15,15978473.13,15987222.59,2018-04-17
3322,300631,久吾高科,2624850.43,38.333518403385,42343169.12,32.0510547999,25292026.41,4584299.07,9624388.84,-170676.31,40575236.69,2817418.63,2917076.3,2018-04-17
3323,300596,利安隆,30484913.82,21.722352009122,284648109.13,46.6166788481,206445553.83,17459893.44,19646128.56,2491311.06,248678855.83,35379813.3,35635418.83,2018-04-17
3324,300592,华凯易佰,-31575.37,-107.080635257957,53039243.77,33.245720335,38736454.65,2619970.16,11286797.11,1405380.12,54514683.21,-1475439.44,634701.86,2018-04-17
3325,300529,健帆生物,59631084.07,27.159649880725,147964358.92,17.8098644403,25569497.16,37251058.04,15738884.69,-1790293.92,79613768.15,69098535.98,71288420.58,2018-04-17
3326,300508,维宏股份,11135710.36,33.106686530249,41495419.05,44.2366937218,11872946.04,4242088.45,16396377.1,-224153.17,33827525.49,13141903.33,13147903.33,2018-04-17
3327,300503,昊志机电,12275017.47,88.494554031542,71784138.5,51.0881386256,32063240.47,9855840.4,15530660.87,-398455.55,58417964.87,13366173.63,14062043.0,2018-04-17
3328,300492,华图山鼎,790475.73,179.79712978325,30496718.56,8.1334398265,20045862.18,1030752.89,4850399.78,107923.59,30892614.7,16535.87,108107.88,2018-04-17
3329,300487,蓝晓科技,14809395.76,64.909628681379,98577396.38,62.2741857862,60107884.94,3719544.63,13259942.12,505394.73,82174544.02,17639333.9,17775684.38,2018-04-17
3330,300484,蓝海华腾,34572248.92,34.006097759149,134439843.59,56.6530265958,73040270.41,8673278.7,10516394.14,320357.35,98776504.47,35663339.12,42083338.58,2018-04-17
3331,300446,航天智造,30497987.72,2.923539004197,69803133.63,2.5623790408,27093138.1,1014872.74,6111545.34,-340735.19,35209957.69,35642470.69,35879985.55,2018-04-17
3332,300328,宜安科技,10574869.53,140.655886935607,165405876.49,74.5771884041,120346075.78,8797220.3,24203422.65,2922032.96,157811946.74,8426715.0,11056117.37,2018-04-17
3333,300258,精锻科技,57015755.27,33.944896249759,265570450.67,27.272984167,152565562.33,11628038.77,24778987.27,2957861.61,196409900.25,70995823.44,71046213.87,2018-04-17
3334,300223,北京君正,2051361.64,161.30342129454,36360876.54,156.3546822481,20742718.9,928625.37,15361821.79,-103928.19,37589249.7,2932307.18,3026519.57,2018-04-17
3335,300190,维尔利,33357691.12,65.727341796358,297673237.23,80.6358550096,214156314.26,8758147.94,39211213.81,3497774.79,268545121.77,28799002.74,31546800.13,2018-04-17
3336,300125,*ST聆达,-12423872.6,-0.024943050089,18574056.67,-19.6999924523,14086507.02,797777.7,9324434.79,5314448.3,30712357.38,-12090558.68,-12731274.72,2018-04-17
3337,300080,易成新能,1546077.48,-34.663629419278,277807294.5,-50.7492584338,184662742.37,10551057.03,47688468.22,27144396.18,274969615.67,4989117.13,4708234.13,2018-04-17
3338,300059,东方财富,100524335.72,-14.115258466166,535921524.71,-10.8649573969,101361110.8,78077538.42,272263261.76,-5990635.68,453486350.66,113744167.93,116324805.78,2018-04-17
3339,002825,纳尔股份,10071832.31,-7.996191859517,131405232.36,21.4252784178,102069415.12,4430966.87,13211678.77,-319214.07,119861732.44,11833794.92,11833794.92,2018-04-17
3340,002661,克明食品,35084037.41,6.908833575666,460346786.86,-0.6404719435,357078422.55,43032428.54,18762102.94,2042314.86,422823491.25,45354772.08,45218260.62,2018-04-17
3341,002572,索菲亚,77226289.8,46.752999511091,953800811.13,48.3008237325,645170492.63,106739113.35,107427255.63,-5504075.68,863372099.76,95983539.68,96801201.92,2018-04-17
3342,002571,德力股份,-17681207.24,-13.812365335347,174327083.04,1.4716110665,140581196.01,10430994.56,26604038.35,1144630.2,190719064.99,-16443399.92,-16460500.4,2018-04-17
3343,002465,海格通信,18453816.71,-31.401384745312,744267929.34,23.9447100693,452376216.46,57312632.05,216101504.19,14856837.16,745956362.99,2273942.6,39201972.42,2018-04-17
3344,002294,信立泰,376423687.74,5.194760514634,972205193.78,6.2339274684,199972974.55,217626458.74,106378353.41,-8229693.75,533650358.29,442243256.44,448672177.3,2018-04-17
3345,002267,陕天然气,220182385.18,-35.519140247664,2661613444.82,5.1745233938,2316815060.24,2962129.43,23033066.27,33858876.11,2409476196.69,259935398.97,261098794.42,2018-04-17
3346,002240,盛新锂能,1761237.42,105.059587984022,303639795.05,22.3964894117,275120326.02,7444707.57,19640248.63,9476030.64,313264113.08,-9941389.07,858115.02,2018-04-17
3347,002168,*ST惠程,-5562076.38,67.408092687046,53208618.29,36.4287057166,38353552.64,9186044.21,32628901.89,534371.21,80793723.4,-10548383.06,-10403674.49,2018-04-17
3348,000810,创维数字,30799068.9,-79.221120108276,1649523280.31,-0.9217886957,1422780876.85,96844308.67,104787058.53,2050520.75,1644451540.92,6290651.9,39194182.9,2018-04-17
3349,000779,甘咨询,-12869719.21,17.312027434512,59329744.33,22.0305481899,55046403.95,2762199.31,9070834.74,4034463.48,72252285.95,-12922541.62,-12869719.21,2018-04-17
3350,000656,*ST金科,151163650.67,-47.945481222608,4615248328.04,-31.3255867245,3980824343.53,198569164.37,166775278.67,57068614.8,4564400945.44,86235521.81,87137493.11,2018-04-17
3351,000546,金圆股份,-37952561.04,-91.073040328107,144872757.4,20.8172737796,130766600.37,15476802.22,24706411.95,28367988.88,198352108.66,-53811106.56,-50818072.16,2018-04-17
3352,000430,ST张家界,10579537.49,445.617580517478,69188158.32,-23.8478066665,55034249.28,3544191.64,19010914.04,5283088.49,84371839.23,-12004935.34,12522612.19,2018-04-17
3353,000068,华控赛格,-14710207.24,-13.269974026106,20412601.37,8.7180068888,13661939.15,1948647.52,16355652.4,2864863.33,34775846.07,-16868602.74,-16864872.74,2018-04-17
3354,603773,沃格光电,48889234.21,,128626166.42,,52218718.97,7287247.62,11207485.51,1633227.1,73612092.55,55014073.87,57478410.63,2018-04-16
3355,600816,建元信托,1020135560.33,67.734882888998,1632959173.56,60.3469539034,,,259525311.13,,272719926.45,1360239247.11,1360180747.11,2018-04-16
3356,600664,哈药股份,46552355.78,-52.196783756233,3085560813.69,-10.6089449278,2368293603.21,202264354.41,405477583.37,-15652673.96,2991425390.43,99471524.12,102990349.24,2018-04-16
3357,300322,硕贝德,3028082.18,-81.222969033349,314785522.77,-21.301391946,240088051.51,9547924.27,65832161.13,10825643.97,325181608.4,-10396085.63,-8041796.94,2018-04-16
3358,002767,先锋电子,7415328.85,-31.061169560089,62051604.09,-0.1533691173,41304003.08,7808362.47,10173547.61,-3402256.04,57507920.15,8139856.16,8139856.16,2018-04-16
3359,002349,精华制药,31951248.03,-23.574218532454,303374731.47,38.9807577442,159263789.19,31567192.26,26756408.3,788564.19,263323961.55,41878612.51,41961530.25,2018-04-16
3360,002286,保龄宝,14103253.91,5.84709868344,375311325.81,36.3128837449,322035139.28,23131627.35,10697128.58,1360982.85,362563434.67,14790792.01,16772936.89,2018-04-16
3361,002117,东港股份,42922475.27,-9.392709160076,362441836.84,-0.0782286599,231803274.67,32662190.2,45964401.77,-169553.34,316650472.18,54602892.17,55677854.18,2018-04-16
3362,000809,和展能源,-34281505.4,-61.366409845761,4120093.83,24.5630104856,5934060.68,1520.0,9573681.92,22778284.36,38806587.08,-34281505.4,-34281505.4,2018-04-16
3363,000505,京粮控股,29668391.83,135.694579764777,1545437876.41,213.278258513,1334365360.22,46170650.26,69600726.09,4907707.14,1465231517.11,58916642.3,61772529.92,2018-04-16
3364,603977,国泰集团,7454590.35,-69.544501855299,96016262.85,44.37751213,57363216.05,7567282.66,25306113.05,-246420.94,90584269.98,9568273.28,9668974.67,2018-04-14
3365,603929,亚翔集成,55915648.84,-43.262057988617,573635145.07,-47.6405416942,500207635.07,589854.05,18803738.04,-2650863.96,508956071.71,65364206.24,65351878.64,2018-04-14
3366,603156,养元饮品,515959481.21,,2374545703.75,,1286869865.57,414880786.39,13837636.36,-163838.32,1742873235.17,689514831.2,693615548.09,2018-04-14
3367,601678,滨化股份,176145706.59,233.620021890261,1595605387.86,55.5190078977,1204053889.3,58482073.19,56954519.29,21269110.44,1360067857.02,235435126.69,236438298.46,2018-04-14
3368,600365,ST通葡,2211030.42,13.123113096236,361097116.96,106.8233537883,315615019.34,19722095.43,6678302.12,2745691.35,348611910.02,12485206.94,12348444.83,2018-04-14
3369,300401,花园生物,20537261.18,387.075279706365,86690649.04,41.7020487664,47852895.58,1868485.19,13059810.76,1262635.62,63912705.67,23058504.26,24415091.3,2018-04-14
3370,300343,ST联创,23278251.28,74.367301111425,404181324.91,50.3986517177,334652664.58,26538966.33,16387239.78,-348246.93,376847151.31,27334173.6,32840293.1,2018-04-14
3371,300036,超图软件,7644197.37,338.613063153745,190653814.02,117.3290566107,76392241.59,30775840.73,74664776.34,-16431.43,185526567.6,6741043.47,8704646.76,2018-04-14
3372,002521,齐峰新材,38360452.35,103.673156128733,771213973.49,43.3065606006,646487592.93,23101928.32,51525315.03,4346840.09,730218362.13,48461078.51,48697337.47,2018-04-14
3373,002350,北京科锐,-8375791.15,-848.44762498136,292103577.04,6.9956094204,212670720.39,40933577.77,47588325.0,725134.45,303776893.41,-3958892.72,-4464381.33,2018-04-14
3374,002278,神开股份,-4988757.47,66.316886639726,98900534.84,-5.1418478194,68851077.55,11565801.6,26209371.43,617899.67,108108299.0,-5669277.86,-5678776.39,2018-04-14
3375,002189,中光学,2723923.44,1094.93694355108,207090889.37,6.7101015292,184983755.28,4544725.89,12579218.53,1943529.77,205083533.53,2007355.84,2007355.84,2018-04-14
3376,000948,南天信息,-45678472.65,8.149547730986,274556804.78,-3.9856929243,199430951.45,41019005.88,78388139.81,2199742.48,322088073.99,-45185410.76,-44087884.58,2018-04-14
3377,000848,承德露露,196969330.01,-19.009754250312,791229880.52,-36.9152700015,414563516.98,98402476.6,9356756.54,-1168279.96,529341277.88,261888602.64,269210643.64,2018-04-14
3378,688739,成大生物,91263062.75,,216094651.54,,34006023.62,34869765.93,33412423.1,-135560.24,108703697.84,110150278.24,108542093.27,2018-04-13
3379,603393,新天然气,55464710.24,22.776720056656,275165663.15,17.2641987622,210713289.61,3354549.69,8154751.97,-620422.43,223565415.65,55506476.49,65095358.4,2018-04-13
3380,603199,九华旅游,37219867.74,38.37407246748,122217309.45,10.6421148401,54665848.04,4893870.41,12924071.3,66995.92,74566385.67,49845510.73,49747463.92,2018-04-13
3381,603025,大豪科技,56388229.8,13.155082071842,197296703.35,12.51025351,94175871.17,8934994.13,31582309.77,-255646.8,138738750.79,61759299.53,65938071.87,2018-04-13
3382,600965,福成股份,24770401.43,-39.239933701868,300309779.06,-11.7342526043,194930602.11,56225530.38,15375107.57,3533541.92,272343051.14,31246532.27,33628243.69,2018-04-13
3383,600789,鲁抗医药,13157683.68,213.669763709161,634047517.68,-2.0589410256,476855813.35,69799758.16,53475410.85,9953572.04,620938004.44,15330220.7,15772201.86,2018-04-13
3384,600722,金牛化工,13019699.1,840.191030001994,223792926.09,50.806186637,193210369.46,1316987.92,3319397.61,-905113.28,198911159.67,24881766.42,24900115.27,2018-04-13
3385,600422,昆药集团,94441874.34,10.613563742645,1215145409.67,6.0680804465,666833045.95,355536412.49,71181545.37,5697649.8,1112736837.21,113865408.02,113052665.31,2018-04-13
3386,300731,科创新源,15592264.57,,53980158.82,,25985913.6,3304459.85,7813693.58,84997.1,37924955.76,17084217.21,17894817.36,2018-04-13
3387,300375,鹏翎股份,34541566.14,13.119442525976,278229315.56,13.1493872468,196296876.74,11108444.05,28334840.79,-779356.33,238606135.31,40852667.79,41064741.37,2018-04-13
3388,300368,汇金股份,-12486763.12,-32.518281868339,78714059.3,8.2692238229,44706449.45,19325661.01,30166746.74,1346437.58,98973012.66,-21259219.21,-19139827.99,2018-04-13
3389,300014,亿纬锂能,53761393.47,42.805803653386,569994096.04,47.8179291737,405434748.57,38937610.3,45586608.63,8010755.69,500182440.21,71540962.35,74208287.26,2018-04-13
3390,002009,天奇股份,27496639.74,33.552805800701,419639605.39,3.4596131346,294009952.4,19302803.08,48128440.68,13736603.42,391102868.37,30376013.11,32566119.95,2018-04-13
3391,000959,首钢股份,496597901.2,174.640043984545,15143471941.07,90.524385911,13084423088.71,320450503.98,269147508.52,506135706.31,14380166976.33,775080652.72,783525942.52,2018-04-13
3392,603636,南威软件,-14292440.94,-16.617152495854,60265890.26,107.7569814459,49308259.17,7500515.55,22735805.61,-544383.82,80686866.29,-20084563.97,-19427519.48,2018-04-12
3393,600829,人民同泰,66055291.39,3.506843166679,2077798866.2,-9.8117863176,1856741655.3,63136031.94,70327292.92,1724175.46,1989958793.89,89285550.56,89762878.71,2018-04-12
3394,600567,山鹰国际,432878109.5,615.459385440446,3374195442.39,37.3175668659,2519653297.03,142339579.24,129547346.56,106413147.09,2953750263.95,465241941.84,471600124.73,2018-04-12
3395,600400,红豆股份,30785055.78,11.317906722674,573283701.61,16.8137154438,406593176.25,73143796.57,37802236.19,13924341.43,541803547.54,43406231.51,43895379.49,2018-04-12
3396,002653,海思科,43163569.46,5.459145074044,272950704.12,56.8858998159,57647035.61,125583619.48,72198884.05,891524.97,252639065.39,36942764.75,45018978.63,2018-04-12
3397,000555,神州信息,18490027.42,43.934295730839,1611345761.88,-0.7478807289,1290829004.93,105782440.48,104975213.49,8304753.68,1617346462.95,5311584.88,5204568.21,2018-04-12
3398,603788,宁波高发,60436236.63,56.16716435888,299055590.23,50.3807990538,200783633.9,12476575.35,19100421.73,-133652.59,239190583.34,63051778.91,71255408.53,2018-04-11
3399,600961,株冶集团,2790871.15,-47.915774586705,3301961154.93,29.799493515,3144160896.02,19589565.3,51861195.65,51695410.78,3299544173.34,-4588617.75,5194580.93,2018-04-11
3400,600114,东睦股份,58309422.63,67.736659700237,406652611.6,14.6136227841,260830865.98,15620223.12,53505710.52,-479145.9,334609996.76,73149336.65,72970956.32,2018-04-11
3401,302132,中航成飞,16871732.33,35.960062026493,251165600.79,31.4782125666,168064046.63,24233335.89,37804611.11,-1219832.15,235106008.13,19197811.16,19935172.09,2018-04-11
3402,300511,雪榕生物,48277514.91,-7.484872440371,262574651.0,-4.8422942028,175970082.27,5620569.81,22340583.3,9220477.0,216282024.81,48857735.91,48945167.76,2018-04-11
3403,002818,富森美,158813090.32,7.478410050555,300526222.54,-3.5731866894,86553242.57,471002.88,9558291.51,-162017.37,114620475.21,187731770.88,188002333.48,2018-04-11
3404,000921,海信家电,256258113.99,75.086346471527,7708966633.23,33.7097555794,6236378852.26,996979117.47,246273542.49,477575.09,7531680947.19,354480325.74,358349610.4,2018-04-11
3405,000739,普洛药业,48552175.33,28.614500381376,1323631271.08,34.4996965389,979268759.92,85264103.35,163920062.58,21232296.29,1261666434.34,62140440.75,62672404.05,2018-04-11
3406,000691,*ST亚太,-1847371.54,-24.738480167508,0.0,,0.0,295631.97,1425599.95,236643.26,2015788.12,-1975284.0,-1975284.0,2018-04-11
3407,603637,镇海股份,942323.2,-51.648731009266,44254272.05,-46.6513523749,39551339.75,581618.33,5999532.6,-617029.4,44610734.78,1093290.72,1090936.71,2018-04-10
3408,603369,今世缘,386270925.16,25.717513414977,1137677463.3,20.7372833274,295423413.9,160605234.99,47932829.15,-4451691.06,642825737.29,511172351.33,512854859.2,2018-04-10
3409,600711,盛屯矿业,94099377.22,1540.05577321074,3200732737.64,51.9471691358,2981903546.83,22749305.54,42044056.57,59549177.21,3109228238.74,125996971.05,124795245.39,2018-04-10
3410,300568,星源材质,34647902.63,-34.12128162089,119867788.02,-13.2527422654,56535865.05,3686951.33,19254847.96,2378870.31,82635765.79,37232022.23,39750619.94,2018-04-10
3411,002772,众兴菌业,50237089.24,-41.792292157872,168296582.54,-7.8719214514,106185476.04,19078501.26,8605504.77,-904734.1,134182314.79,46166937.98,50729963.53,2018-04-10
3412,002536,飞龙股份,51320212.68,71.333961363623,592684934.02,24.2942176626,434029081.85,17883059.07,78904964.86,3322508.77,538705288.22,53979645.8,56830808.03,2018-04-10
3413,002313,日海智能,-7210854.35,48.815922525591,411576729.61,-16.8085977457,328233433.97,37874533.56,43455815.78,-1902967.65,416039460.82,-4144527.62,-3554877.41,2018-04-10
3414,000818,航锦科技,29233038.33,217.879714895511,699656181.75,34.8323654887,572569352.55,11402602.13,57192267.31,-1138113.48,657610718.04,41814444.98,37682381.47,2018-04-10
3415,600696,*ST岩石,2516725.36,113.614755943923,47873374.53,139529.512133232,42936133.18,30339.67,3391212.71,297104.4,46696723.77,1976004.21,1975971.28,2018-04-04
3416,000547,航天发展,62007383.9,25.30364811647,416906624.6,17.9634893034,239511366.55,11345506.91,79026371.37,2771529.69,340893394.97,76249217.6,86984595.69,2018-04-04
3417,688368,晶丰明源,11902368.23,,153091575.68,,119717733.84,2970904.7,16522873.15,114294.55,139911219.08,13122472.25,13224464.41,2017-10-13
3418,603068,博通集成,8334428.54,,112799222.44,,74062611.99,2527525.47,21427657.4,1010505.93,104325727.33,8531760.11,8711403.79,2017-10-13
3419,301591,肯特股份,4132089.98,,36019100.13,,22267210.28,1885826.61,6212506.91,348106.2,31173716.6,4845383.53,4873264.63,2017-10-13
3420,300890,翔丰华,-329113.81,,30815171.75,,23135184.91,1583890.22,4996667.59,356282.44,31503614.48,-688442.73,-262867.71,2017-10-13
3421,300762,上海瀚讯,-42095656.63,,13133504.48,,9657237.28,4969470.56,48668983.35,-129725.07,63068180.79,-49934676.31,-49913700.79,2017-10-13
3422,001330,博纳影业,49792491.1,,432629077.0,,258166894.16,75854752.43,31780236.49,12398469.27,401132248.41,58586169.24,58607220.12,2017-10-13
3423,605158,华达新材,29549900.0,,747907800.0,,670978800.0,7541900.0,30562600.0,4246900.0,712890100.0,35017500.0,35434900.0,2017-10-09
3424,688669,聚石化学,9629613.86,,227257093.26,,195728578.31,5504166.26,15081347.76,2102768.49,219821583.15,10737005.74,10753573.74,2017-09-29
3425,603332,苏州龙杰,20691587.79,,280563112.77,,240462174.0,2701478.53,14405543.81,729998.67,259781368.12,23854880.15,23877685.31,2017-09-29
3426,300780,德恩精工,7677603.73,,80487498.38,,55339110.04,5710899.6,7644260.42,2410753.95,71301427.39,9260430.5,9449653.58,2017-09-29
3427,002947,恒铭达,21326569.2,,93590586.44,,53176414.46,5047480.21,9864588.36,1579555.54,69813496.53,23777089.91,24908528.41,2017-09-29
3428,002945,华林证券,94838223.83,-25.126432816285,247554025.21,-3.2285597027,,,141086240.71,,142037810.38,105516214.83,108349725.69,2017-09-18
3429,300960,通业科技,329631.39,,34817899.93,,18829638.16,3529919.21,12270485.02,181386.96,34448974.84,545905.51,603313.71,2017-09-08
3430,300828,锐新科技,9142054.13,,65529706.25,,44691784.37,1453180.26,8420578.78,132591.89,54887517.72,10726456.58,10792294.37,2017-09-08
3431,300756,金马游乐,12646611.98,,82097532.67,,33202911.89,7274123.95,25446363.32,-578078.59,67541436.5,14880205.78,14707774.3,2017-09-08
3432,003012,东鹏控股,90602280.56,,880851217.62,,585845677.86,136639610.05,65910921.75,354901.47,792110725.79,91036438.51,104500822.44,2017-09-08
3433,001210,金房能源,71357724.78,,297992445.68,,202384368.02,1546031.97,9305598.72,82946.13,219145389.34,80166297.98,86600292.77,2017-09-01
3434,003010,若羽臣,9029412.42,,111845758.05,,71161083.17,18955780.63,10475458.19,552215.72,101818713.75,10032628.3,11229905.5,2017-08-25
3435,601456,国联民生,140853000.0,,331854000.0,,,,142605000.0,,148589000.0,183264000.0,185420000.0,2017-08-21
3436,300811,铂科新材,16544244.23,,64209096.77,,36494276.94,2093580.29,5855197.07,938537.83,45309080.79,18900015.98,19790923.74,2017-08-04
3437,601577,长沙银行,1073012000.0,,2847834000.0,,,,910708000.0,,1484044000.0,1363790000.0,1370256000.0,2017-07-31
3438,301158,德石股份,3329112.92,,29372840.3,,16639483.85,6498337.92,3717149.27,850844.84,25747255.54,3625584.76,3944814.15,2017-07-28
3439,688472,阿特斯,242639481.24,33.70739807327,3678676003.7,7.8472954948,3131974516.15,64136352.54,145999165.16,1193108.23,3402166741.77,273124497.92,267849750.84,2017-04-28
3440,688388,嘉元科技,17407929.74,72.334276874897,113090855.82,37.3314758773,80558660.4,1441121.04,6275529.18,569339.98,89810305.45,23280550.37,23280550.37,2017-04-28
3441,601728,中国电信,5348326008.68,4.471871438022,91146451934.53,5.8333328773,62100233088.31,13229135285.91,6654092630.78,924997523.47,83764947460.68,7649106655.33,7144868926.73,2017-04-28
3442,601068,中铝国际,19062041.19,-81.620243790311,5599786128.84,35.4375882436,5162658166.28,22696616.88,263813342.11,85367371.42,5541681543.74,65893469.56,102811198.79,2017-04-28
3443,600989,宝丰能源,604761057.37,149.37954527101,2828087467.83,73.9345309486,1668342444.29,106741014.77,47488392.0,152588988.31,2039101639.77,788985828.06,672857168.51,2017-04-28
3444,300869,康泰医学,42823870.96,75.449040924679,135753278.85,49.4845482848,64728533.64,9694817.2,14569720.86,-25518.06,91323809.01,44562798.87,49477932.21,2017-04-28
3445,003039,顺控发展,20125933.34,125.266036253222,157754219.51,9.9259555816,104699606.05,7478998.48,14153894.94,12151454.63,139656726.7,24589675.21,25050319.16,2017-04-28
3446,001227,兰州银行,637611167.56,,1569364228.8,,,,521357671.45,,781833532.37,787530696.43,787560709.17,2017-04-28
3447,601916,浙商银行,3403411000.0,,8523659000.0,,,,2718307000.0,,4011870000.0,4511789000.0,4517185000.0,2017-04-27
3448,601187,厦门银行,265309906.97,-1.953428360227,835544809.26,-25.7366431153,,,257995397.8,,493268270.77,342276538.49,344309906.97,2017-04-26
3449,002817,黄山胶囊,13107226.43,-13.021887241581,76688972.57,9.3592797534,47489362.83,7311213.59,7468011.75,-187945.92,64258498.48,14208365.47,15322564.8,2017-04-26
3450,601860,紫金银行,235509900.0,-2.449306434573,840583000.0,3.1300283769,,,263825600.0,,521776500.0,318806600.0,314433300.0,2017-04-25
