序号,股票代码,股票简称,净现金流-净现金流,净现金流-同比增长,经营性现金流-现金流量净额,经营性现金流-净现金流占比,投资性现金流-现金流量净额,投资性现金流-净现金流占比,融资性现金流-现金流量净额,融资性现金流-净现金流占比,公告日期
1,688511,*ST天微,173792615.47,1096.0730040096,-21850174.14,-12.5725561359,193170507.79,111.1500090309,2472281.82,1.422547105,2026-02-28
2,688316,青云科技,-176273479.43,-2592.3345037969,-36792278.49,-20.872271092,-3035091.0,-1.7218080733,-136427762.84,-77.395512519,2026-02-28
3,300051,琏升科技,-128030184.09,42.2072220609,-30359739.71,-23.7129548206,-165223591.33,-129.050498915,67346041.04,52.6016903894,2026-02-26
4,301152,天力锂能,-98395760.46,-367.0662075048,51473064.98,52.312279248,100058492.07,101.6898407027,-249910240.86,-253.9847648838,2026-02-13
5,603213,镇洋发展,-15564357.1,-115.7780311915,219533003.64,1410.4855229774,-239471132.96,-1538.5867300616,4373772.22,28.1012070842,2026-01-31
6,002829,星网宇达,-260281951.71,-53.3263295313,-114571800.24,-44.0183422198,1184719.6,0.4551677872,-146894871.07,-56.4368255674,2026-01-31
7,000736,*ST中地,-6478308516.75,-96.5304583788,-96882099.78,-1.4954845008,-7687442357.48,-118.6643448302,1306015940.51,20.159829331,2026-01-31
8,600615,鑫源智造,8956571.18,-12.5988331595,58702152.77,655.4087673761,-52118944.6,-581.9073343199,1135926.07,12.6825997044,2026-01-28
9,300209,行云科技,-129035533.07,-5881.5448773412,-21285312.85,-16.4956987766,2557626.71,1.9821103917,-114198961.02,-88.5019484967,2026-01-27
10,001331,胜通能源,283172667.83,163.5631495757,260417243.83,91.964117097,112879875.32,39.8625602481,-86242699.63,-30.4558700142,2026-01-24
11,001266,宏英智能,-168308622.64,-39.0973498576,87561924.32,52.0246217612,-165625497.74,-98.4058303978,-90245049.22,-53.6187913634,2026-01-24
12,688816,易思维,-28016063.48,84.2871492268,45247690.25,161.5062383132,-76370006.16,-272.5936361992,2280976.92,8.1416752986,2026-01-23
13,688818,电科蓝天,-743006178.12,-74.3716078721,-682802409.71,-91.897272165,-17282860.25,-2.326072213,-42776075.7,-5.7571628554,2026-01-22
14,603284,林平发展,62603899.07,149.5475893136,135631895.82,216.6508761193,-437349070.33,-698.5971749794,365040135.61,583.0948887095,2026-01-22
15,688712,北芯生命,38777410.02,520.4427962071,130521020.05,336.5903498524,-51039334.08,-131.6213074924,-40442197.04,-104.2931877584,2026-01-16
16,001220,世盟股份,18052785.46,113.7990800154,219282396.77,1214.6734765993,-193112979.6,-1069.7129261736,-8116631.71,-44.9605504258,2026-01-15
17,301379,天山电子,-195936368.65,-337.9744434803,14412623.13,7.3557671959,-151032139.29,-77.0822386526,-61705669.26,-31.4927084161,2026-01-12
18,601112,振石股份,-6503201.77,-103.2368418089,111709304.9,1717.7585572591,-569416984.62,-8755.9482968341,445096294.36,6844.2639503095,2026-01-09
19,688785,恒运昌,12114395.39,-96.5790282436,40350298.02,333.077274771,-21806197.45,-180.0023587475,-5772212.51,-47.6475492517,2026-01-08
20,300609,汇纳科技,-42428171.18,57.8271394757,-36517847.87,-86.0698136506,-37328361.71,-87.9801336514,31498793.03,74.2402798753,2026-01-06
21,300500,启迪设计,-156748335.28,-1048.6072553473,13218122.93,8.4327038666,-60037352.86,-38.3017483106,-110038745.1,-70.2009019129,2025-12-31
22,001235,里得电科,-68798813.77,-46.9665408846,-6266998.69,-9.1091667815,-4028022.1,-5.8547842314,-58503792.98,-85.0360489871,2025-12-31
23,688781,视涯科技,,,140823800.0,,,,,,2025-12-26
24,300831,派瑞股份,-72768789.87,-38.5593400819,35699868.26,49.0593128232,-96451327.16,-132.5449101631,-12000295.19,-16.4909918269,2025-12-26
25,603352,至信股份,169027379.8,732.4570362886,209952058.81,124.2118638166,-818113005.06,-484.0121204198,777188326.05,459.8002566032,2025-12-25
26,603402,陕西旅游,341487553.94,-33.7624738111,531753544.56,155.716815569,-165910270.72,-48.5845732314,-24355719.9,-7.1322423377,2025-12-18
27,301687,新广益,111352110.98,263.8314617662,55140575.26,49.519110841,59245218.23,53.2052941867,-2839140.88,-2.5496965033,2025-12-12
28,688809,强一股份,-68209882.15,-7785.8689031512,226421352.6,331.9480190599,-352602094.64,-516.9369650348,57981807.7,85.0049961566,2025-12-11
29,001396,誉帆科技,-29373704.05,-108.3974496226,3711067.16,12.633977498,-15800546.94,-53.7914691082,-17284224.27,-58.8425083897,2025-12-11
30,001369,双欣材料,-551345008.83,-178.7458750535,179675529.44,32.5885836568,-1092677787.51,-198.1840354062,359495095.55,65.2032919121,2025-12-11
31,300881,盛德鑫泰,-174771718.97,-5.8380879522,-162345709.37,-92.8901485474,-106610862.76,-61.0000653357,93735170.61,53.6329167914,2025-12-08
32,688805,健信超导,-27625393.92,66.0487533459,28184493.33,102.0238604076,-17989574.19,-65.1197019746,-37552265.66,-135.9338649387,2025-12-05
33,600295,鄂尔多斯,132963147.14,124.1301053952,1820249686.07,1368.9881183043,-318753423.87,-239.7306552427,-1377501296.45,-1036.0023255163,2025-12-05
34,001325,元创股份,-154225680.01,-3174.2873876915,30049182.31,19.4839032696,-18907193.92,-12.2594330067,-175820130.46,-114.0018513445,2025-12-05
35,603248,锡华科技,91049080.05,11112.6955115773,-46073193.76,-50.60259119,-105693260.9,-116.0838317553,245719016.48,269.8753423374,2025-12-04
36,301449,天溯计量,-35123743.29,45.3019606487,63090784.69,179.6243189944,-78094600.32,-222.3413366714,-20119927.66,-57.282982323,2025-12-04
37,301378,通达海,130420437.36,193.5449925167,-117042299.55,-89.7422995346,253934497.76,194.7045286001,-6471760.85,-4.9622290655,2025-12-02
38,300266,兴源环境,-50487774.49,84.3671732952,-39555984.87,-78.3476500392,-97474692.04,-193.0659313559,86608950.46,171.5444012632,2025-12-02
39,688807,优迅股份,101496470.48,102.7816860412,140807756.66,138.7316780515,-10160402.75,-10.0105971192,-28075516.42,-27.6615692026,2025-11-28
40,688802,沐曦股份,2469745714.33,281.1323108219,-901585365.06,-36.5051899808,-3171678792.93,-128.4212692233,6540067980.04,264.8073419904,2025-11-27
41,688790,昂瑞微,145351266.37,1.1754580991,60715719.21,41.7717167014,74477292.39,51.2395208174,10936970.65,7.5245100529,2025-11-27
42,301667,纳百川,-118475211.78,-313.9787830075,-83131670.29,-70.1679862319,-26649019.31,-22.4933291189,-9276816.38,-7.8301749713,2025-11-27
43,300223,北京君正,-4574844.84,99.2790272952,510373147.2,11156.0755621168,-608515329.92,-13301.3326397317,-37670458.46,-823.4259254135,2025-11-24
44,603717,天域生物,-21585786.0,-207.2632634119,147211536.83,681.9836758782,-67463775.81,-312.5379627594,-101406021.68,-469.7814648955,2025-11-22
45,688796,百奥赛图,-63909978.41,40.3314936833,262770708.46,411.1575609903,-185006387.18,-289.4796583925,-143300787.31,-224.2228692219,2025-11-20
46,300697,电工合金,85083508.13,1406.2072498987,53285716.9,62.6275503574,-18308165.55,-21.5178780852,49705329.83,58.4194645031,2025-11-20
47,688727,恒坤新材,122152425.18,5459.8187800293,127431021.36,104.3213191815,-241879154.04,-198.0142053533,243076470.82,198.994387923,2025-11-17
48,688981,中芯国际,-20999917000.0,-13.9886439722,12287551000.0,58.5123788823,-33352449000.0,-158.8218134386,-263039000.0,-1.2525716173,2025-11-14
49,688795,摩尔线程,-3809373458.04,-621.3959840383,-1499539894.12,-39.3644758288,-2736514225.69,-71.8363336079,427379863.09,11.2191641958,2025-11-14
50,688428,诺诚健华,-297056330.82,-139.7626712355,-84338130.05,-28.39129192,-321499940.72,-108.2286109953,138210016.73,46.5265346638,2025-11-14
51,688235,百济神州,1360213000.0,147.5885647192,4281906000.0,314.7967266891,-9417546000.0,-692.3581821377,6400313000.0,470.5375555152,2025-11-13
52,001280,中国铀业,567727081.64,156.0124574969,-3237403950.02,-570.2394785657,-1007716909.37,-177.5002359336,4773917909.84,840.8825409648,2025-11-13
53,000929,*ST兰黄,16446957.52,4.8944867829,-133802830.14,-813.5415317836,155923458.76,948.0383138972,-5673671.1,-34.4967821137,2025-11-12
54,688347,华虹公司,-4308947296.95,-605.8907897157,2974191123.6,69.023613394,-8207645254.53,-190.479128402,992078205.45,23.0236792674,2025-11-07
55,603092,德力佳,-186695396.29,30.6509101666,306332621.58,164.0815079897,-434089941.75,-232.5123974004,-58938076.12,-31.5691105893,2025-11-06
56,001233,海安集团,64472464.1,1862.1202145058,258836815.62,401.4687808714,-166419551.33,-258.1250052299,-1457880.1,-2.2612445799,2025-11-06
57,603376,大明电子,-8867233.55,,200325599.87,2259.166838681,-301534771.22,-3400.5506849428,92335483.75,1041.3110608776,2025-11-05
58,603334,丰倍生物,-69168305.7,-24.5591349273,-132752838.66,-191.9272668551,-20102158.3,-29.0626727033,81395142.94,117.6769361578,2025-11-04
59,300757,罗博特科,54485753.1,392.2335580057,55985445.35,102.7524484194,-617860127.47,-1133.9847433806,614798121.37,1128.3649144789,2025-11-04
60,688429,时创能源,-158043600.0,56.0185691195,-94226594.34,-59.6206327494,-39182909.52,-24.7924683568,-24328834.14,-15.393748396,2025-11-01
61,600169,ST太重,935035613.63,3880.4163045629,534089845.27,57.1197329262,-171499070.05,-18.3414479139,568444280.95,60.7938641763,2025-11-01
62,600113,浙江东日,-215308150.37,33.5263002296,-998412.68,-0.46371337,-82281353.09,-38.2156239551,-132028384.6,-61.3206626749,2025-11-01
63,688799,华纳药厂,18201350.45,106.8894558304,206308460.86,1133.4788670035,-381163974.32,-2094.1521639676,193464381.49,1062.9122384158,2025-10-31
64,688789,宏华数科,52511079.36,173.2942467584,197623963.56,376.3471746698,-140468107.19,-267.5018470426,-13178678.11,-25.0969476739,2025-10-31
65,688787,海天瑞声,58052994.8,34.6966089728,-20491053.28,-35.2971510782,86560629.98,149.1062266093,-7497256.66,-12.9145045589,2025-10-31
66,688776,国光电气,-172151900.16,-91.1857328973,-53157981.69,-30.8785332259,-97823200.85,-56.8237706114,-21323599.48,-12.3865025365,2025-10-31
67,688772,珠海冠宇,-564543953.95,37.2358046299,1735785957.18,307.4669288432,-3660065690.9,-648.3225380931,1356741175.66,240.3251626675,2025-10-31
68,688766,普冉股份,-197077923.59,-545.7000665681,55952850.98,28.3912322399,-218162699.7,-110.6987001517,-35433726.01,-17.9795511159,2025-10-31
69,688750,金天钛业,-357745742.1,-1401.3621766205,-93042593.47,-26.0080226039,-203995686.43,-57.0225337226,-60707531.83,-16.969463137,2025-10-31
70,688737,中自科技,54636505.49,171.3500541919,-320883807.56,-587.3066087997,-15160987.68,-27.7488238752,390680247.03,715.0535041109,2025-10-31
71,688733,壹石通,-309616302.88,-49.9377022377,-69263977.09,-22.3709076188,-418261680.49,-135.0903284483,177679195.34,57.3868991029,2025-10-31
72,688728,格科微,-337174711.0,-41.0895703559,969568847.0,287.5568111631,-1623867843.0,-481.6102127541,319445826.0,94.7419292071,2025-10-31
73,688716,中研股份,-127016882.23,-76.2997113022,-56667190.81,-44.613904715,-94576193.44,-74.4595456758,24226502.02,19.0734503907,2025-10-31
74,688711,宏微科技,-102119331.03,-44.3347287044,42238470.79,41.3618757232,-131452334.93,-128.7242421235,-12012235.16,-11.7629395324,2025-10-31
75,688710,益诺思,-115227875.7,-135.3887654373,21935800.96,19.0368874083,-85722356.1,-74.3937659002,-51179054.7,-44.4155152467,2025-10-31
76,688709,成都华微,-405936635.79,-158.1351351308,-382150371.25,-94.1403996479,-20837974.74,-5.1333072462,-2948289.8,-0.7262931059,2025-10-31
77,688699,明微电子,50658015.07,137.3902077283,70349187.98,138.8707944494,-15912176.3,-31.4109747056,-3561095.2,-7.0296777224,2025-10-31
78,688696,极米科技,-359780871.68,-199.4121937792,-507296599.39,-141.0015482539,-131166563.92,-36.4573478594,278864851.37,77.5096380382,2025-10-31
79,688685,迈信林,230745663.01,1611.4674646026,399246423.86,173.0244541336,-600281920.59,-260.1487337875,430357407.4,186.5072572919,2025-10-31
80,688680,海优新材,151108850.45,177.5072298167,274976796.35,181.9726611189,-115489182.79,-76.4278084613,-8728020.49,-5.7759823227,2025-10-31
81,688679,通源环境,28865882.85,144.4458440184,-6050380.47,-20.9603167221,-18646559.02,-64.5972240548,53562822.34,185.5575407769,2025-10-31
82,688671,碧兴物联,-182723779.81,-4383.3933537493,-47036843.25,-25.7420480788,-131005943.35,-71.6961653739,-4680993.21,-2.5617865474,2025-10-31
83,688667,菱电电控,-229831616.87,-243.0469971557,174140805.61,75.7688641718,-413465905.53,-179.899489531,9493483.05,4.1306253592,2025-10-31
84,688659,元琛科技,7700534.49,-89.2281468761,36335855.96,471.8614793192,-17292441.39,-224.5615731279,-11349502.55,-147.3859063256,2025-10-31
85,688628,优利德,-49770561.59,70.9719100947,68378468.74,137.3873763035,34473196.41,69.2642303175,-151535545.77,-304.4682256518,2025-10-31
86,688626,翔宇医疗,31219745.42,-45.5714483655,71197504.58,228.0528031929,-295110277.62,-945.2680463914,255138646.69,817.2348725386,2025-10-31
87,688623,双元科技,-116392616.55,82.6830924405,93509710.92,80.3398992923,-147084517.0,-126.369284719,-62817810.47,-53.9706145733,2025-10-31
88,688618,三旺通信,-221905970.31,-220.4457939821,25656263.61,11.5617725716,-278618897.17,-125.5571883806,31692999.43,14.282175187,2025-10-31
89,688615,合合信息,-202777067.99,-112.4346927174,371124133.6,183.0207613113,-341844692.63,-168.5815344006,-229338849.98,-113.0990068321,2025-10-31
90,688610,埃科光电,-191815227.26,-209.0003564125,-7017378.69,-3.6584054302,-218583616.24,-113.9552992546,33784322.38,17.6129512044,2025-10-31
91,688606,奥泰生物,80558773.65,166.8379986639,114459601.99,142.0821057769,79911665.98,99.1967260167,-108319970.79,-134.4607990939,2025-10-31
92,688603,天承科技,24758927.63,49.9564282303,34474267.47,139.2397440842,1854944.05,7.4920209701,-11973292.84,-48.3594969012,2025-10-31
93,688602,康鹏科技,-116284307.44,77.9902913688,130925197.52,112.5905983381,-206055305.41,-177.1995808775,-43301655.24,-37.23774617,2025-10-31
94,688599,天合光能,-1940465514.21,-167.9584369213,2854774722.4,147.1180343837,-3932583828.2,-202.6618767199,-1081904495.06,-55.7548942322,2025-10-31
95,688596,正帆科技,-298342972.04,-218.9103023526,-220816348.78,-74.0142619315,-1155411340.19,-387.2762050634,1082670018.03,362.8944267153,2025-10-31
96,688595,芯海科技,-237826311.9,-5.5738457564,-57383475.76,-24.1283125074,-137645116.78,-57.8763197732,-42872770.49,-18.0269248375,2025-10-31
97,688586,江航装备,-254799407.95,-431.7521114491,-175504745.9,-68.8795736662,-14266919.55,-5.5992750002,-65027742.5,-25.5211513336,2025-10-31
98,688585,上纬新材,-35217809.49,80.584213582,110775379.31,314.5436383301,-134769275.77,-382.6736464352,-18964175.73,-53.848254632,2025-10-31
99,688579,地纬智能,-133341674.01,16.1542119848,-42789116.32,-32.0898298583,-64551907.69,-48.4109024199,-26000650.0,-19.4992677218,2025-10-31
100,688576,西山科技,-293138258.62,34.2694487327,51162209.23,17.4532691403,-250926145.09,-85.5999303098,-93258849.13,-31.8139466234,2025-10-31
101,688568,中科星图,-280215838.67,66.5483664577,-299052925.87,-106.7223492039,-138709782.19,-49.5010499222,157546869.39,56.2233991261,2025-10-31
102,688567,孚能科技,-278744995.98,84.8927609971,413628028.04,148.3894003499,-143392620.76,-51.4422223997,-476499879.29,-170.9447294703,2025-10-31
103,688566,吉贝尔,-109775856.55,-68.7521454664,167584610.1,152.6607173624,-212043531.79,-193.1604438845,-65316934.86,-59.5002734779,2025-10-31
104,688565,力源科技,-31072806.11,-23.0999357919,26008959.02,83.7032835976,-1632328.21,-5.2532372011,-55449417.25,-178.4499830936,2025-10-31
105,688563,航材股份,922565217.16,255.993868432,-98215174.76,-10.6458787881,1182947571.88,128.2237342008,-162322642.83,-17.594706565,2025-10-31
106,688562,航天软件,-293090093.52,-17.0943984218,-372101061.82,-126.9579115934,85658471.1,29.2259864778,-6647502.8,-2.2680748845,2025-10-31
107,688561,奇安信,-421098782.77,66.1522019817,-1042380068.26,-247.538133785,-7566805.8,-1.7969194188,629877357.52,149.5794771423,2025-10-31
108,688559,海目星,883014276.9,563.5687417776,387224191.16,43.8525402465,-390344889.41,-44.2059544926,885058347.75,100.2314878597,2025-10-31
109,688558,国盛智科,-399874380.15,-84.3469190697,72451385.27,18.1185364371,-390562593.96,-97.6713221321,-81198586.44,-20.3060237091,2025-10-31
110,688550,瑞联新材,34497312.81,-81.8877286072,279171725.98,809.25644127,-142466823.39,-412.9794809661,-101721811.94,-294.8687989127,2025-10-31
111,688548,广钢气体,-6978127.11,96.7572503546,650127549.97,9316.648145293,-1180743386.45,-16920.6345461655,523928497.71,7508.1535410724,2025-10-31
112,688538,和辉光电,-1778773170.04,-531.8371602845,360552767.82,20.2697439951,-960304152.59,-53.9868808887,-1181149767.22,-66.4024951081,2025-10-31
113,688530,欧莱新材,-20656749.81,-398.278195589,-111031096.57,-537.5051621928,-46801815.06,-226.569114166,136973715.25,663.0942259062,2025-10-31
114,688529,豪森智能,138702105.65,144.9395153204,125560867.85,90.5255671942,75220142.75,54.2314353466,-68780252.41,-49.5884702598,2025-10-31
115,688525,佰维存储,502899529.12,47.2487914203,-1483128944.19,-294.9155563508,-1550076673.24,-308.2279030868,3569861526.53,709.8558101211,2025-10-31
116,688520,神州细胞,81564300.3,73.2963382184,-306820436.08,-376.1700093687,-348328472.44,-427.0599651549,736772728.85,903.3029476623,2025-10-31
117,688515,裕太微,-232451402.99,-196.1687628791,-144931235.92,-62.3490476099,-80540713.51,-34.6484092907,-8527783.88,-3.6686308494,2025-10-31
118,688512,慧智微,-59606067.75,-11.4978224854,-250468355.97,-420.2061391141,-30820203.68,-51.7064870128,226795260.77,380.4902241182,2025-10-31
119,688505,复旦张江,62363587.0,139.6329685973,105985331.0,169.947458282,-6862551.0,-11.004099235,-36503458.0,-58.5332880227,2025-10-31
120,688502,茂莱光学,4795596.77,126.1064921408,34430743.0,717.9657642484,-20377618.7,-424.9235220834,-9789181.2,-204.1285301808,2025-10-31
121,688498,源杰科技,-165196494.79,25.4271478363,66937387.04,40.5198591684,-208092405.86,-125.9665988219,-16857384.85,-10.2044446351,2025-10-31
122,688489,三未信安,-477408597.86,-42.4334123704,-24066551.49,-5.0410804493,-447948802.29,-93.8292281073,-5201429.51,-1.089513162,2025-10-31
123,688488,艾迪药业,12759379.86,-87.9746642116,27488827.13,215.440150161,5546049.83,43.4664528437,-20227793.53,-158.5327324051,2025-10-31
124,688479,友车科技,-1225085734.46,5.9164104045,-38512883.32,-3.1436888241,-1091483999.23,-89.0944991463,-95088851.91,-7.7618120296,2025-10-31
125,688472,阿特斯,2119572771.88,278.8959411558,5469244974.83,258.0352534902,-5497802325.65,-259.382569855,2090065585.49,98.6078710398,2025-10-31
126,688456,有研粉材,-82028012.85,30.0401421223,-81729261.38,-99.6357933593,-269464969.8,-328.5035933916,268439147.7,327.2530180524,2025-10-31
127,688443,智翔金泰,-620934651.19,16.3966848603,-261194455.74,-42.0647253684,-535501919.32,-86.241268432,175721044.63,28.2994425087,2025-10-31
128,688426,康为世纪,-71260074.97,4.2645701247,-71824555.68,-100.7921416168,11195883.85,15.7112995667,-10202559.75,-14.3173575867,2025-10-31
129,688418,震有科技,-129538600.64,-18.4403177166,-87002683.05,-67.1635193063,-92046907.97,-71.0575129847,49306314.09,38.0630281989,2025-10-31
130,688411,海博思创,-1044902173.5,19.2799548649,-802208517.85,-76.7735524143,-670680127.46,-64.1859251966,428569869.87,41.0153104031,2025-10-31
131,688409,富创精密,-496799049.01,-62.6953722931,53173843.74,10.7032901625,-1252933813.8,-252.20133096,703510192.16,141.6086028268,2025-10-31
132,688403,汇成股份,117046679.98,-60.0822806088,476623412.1,407.2079722222,-362844154.7,-309.9995273356,-295226.5,-0.2522297087,2025-10-31
133,688401,路维光电,178813463.08,642.1397678374,260471087.65,145.6663738644,-528710111.0,-295.6769036812,451311495.62,252.3923466647,2025-10-31
134,688396,华润微,539621935.19,117.0318813895,1361907753.85,252.3818371784,-861699232.3,-159.6857310844,42616895.49,7.897546914,2025-10-31
135,688391,钜泉科技,-586314395.75,-1154.9565267642,-102011916.71,-17.3988422337,-423527781.72,-72.2356102443,-60716716.6,-10.3556585068,2025-10-31
136,688386,泛亚微透,49666562.94,344.2080411264,111746402.02,224.9932256335,-160475446.35,-323.1056003289,97038481.33,195.3799006531,2025-10-31
137,688383,新益昌,32753435.88,-20.9695487051,33831185.17,103.2904923134,-104818873.82,-320.0240555038,103741124.53,316.7335631904,2025-10-31
138,688381,帝奥微,-222098933.96,-5990.6006443563,-71451998.94,-32.1712480407,-39022265.22,-17.5697670062,-111011336.0,-49.982831534,2025-10-31
139,688379,华光新材,-41226854.66,47.1193948383,-139306529.93,-337.9023965783,-59162141.35,-143.5038928822,158461676.82,384.3651865437,2025-10-31
140,688378,奥来德,-100318719.3,70.7653327163,84930622.81,84.6607925247,-136285692.78,-135.8527039928,-49047807.86,-48.8919796846,2025-10-31
141,688377,迪威尔,-4312121.13,-116.0378739629,123159613.92,2856.1260272389,-172540699.34,-4001.2952822594,37318551.05,865.4337372475,2025-10-31
142,688376,美埃科技,-364346997.87,-32.4278842663,174850876.07,47.9902063396,-570613482.23,-156.6126482627,26046739.82,7.1488827882,2025-10-31
143,688361,中科飞测,-304315444.88,-515.5046824217,-678542897.18,-222.9735324303,-416216238.74,-136.7713159955,789780308.03,259.5268565292,2025-10-31
144,688360,德马科技,14505296.78,119.3251642821,69334210.36,477.9923596986,-209199940.14,-1442.2313677059,151300983.55,1043.0740290582,2025-10-31
145,688356,键凯科技,-65434037.35,-421.6511599287,-11605846.05,-17.736710923,-36598637.84,-55.9321101405,-17216264.42,-26.3108698733,2025-10-31
146,688350,富淼科技,-141323985.55,-3841.2699390821,138301402.23,97.8612382688,-325832237.48,-230.5569264919,45722421.36,32.3529096509,2025-10-31
147,688349,三一重能,-5537825000.0,12.9049583462,-1169622000.0,-21.1206024026,-3696511000.0,-66.7502313634,-640043000.0,-11.5576602728,2025-10-31
148,688348,昱能科技,-385188568.5,-955.8851777774,15264246.2,3.9627983404,-304716831.89,-79.1084826522,-127394915.86,-33.0733895754,2025-10-31
149,688343,云天励飞,322665077.03,183.1919399038,194739659.87,60.3534977081,-719442918.39,-222.9689450783,847471338.07,262.6473697961,2025-10-31
150,688339,亿华通,-270910543.71,-1123.857505471,4610526.09,1.7018629201,-32651452.23,-12.0524848472,-239405128.36,-88.3705466319,2025-10-31
151,688331,荣昌生物,307860091.1,576.9644698324,217057433.94,70.5052198109,-279545716.34,-90.8028433764,370968747.33,120.4991351768,2025-10-31
152,688330,宏力达,-596025704.86,-169.3479709622,298796083.69,50.1314089734,-883317784.48,-148.2012901923,-11272351.64,-1.8912526,2025-10-31
153,688323,瑞华泰,6187850.76,-61.6964787404,108103946.75,1747.0354561363,-47647438.54,-770.0159617295,-54071360.63,-873.8310396807,2025-10-31
154,688321,微芯生物,73222257.5,199.46555577,59922074.78,81.8358745358,-148943484.04,-203.4128544043,163973076.12,223.9388428034,2025-10-31
155,688318,财富趋势,97348479.7,184.4687211396,54320996.94,55.8005601191,113283882.71,116.36944209,-69811886.56,-71.7133814263,2025-10-31
156,688307,中润光学,-61148398.07,82.2653653967,45253107.42,74.0053850114,-237136633.31,-387.8051441978,131183164.26,214.5324626654,2025-10-31
157,688302,海创药业,-202824126.07,45.8058958127,-79708971.9,-39.2995515102,-218674761.29,-107.8149653728,96643834.75,47.6490822974,2025-10-31
158,688301,奕瑞科技,1316231623.77,579.382564536,1098744614.76,83.4765397608,-913615429.87,-69.4114480591,1139296582.66,86.557454029,2025-10-31
159,688298,东方生物,-691963334.11,29.8094037218,-154632789.83,-22.3469629397,-313706715.8,-45.3357425655,-220713421.9,-31.8966932235,2025-10-31
160,688297,中无人机,-3543087710.18,-1176.6659277638,-1046936723.64,-29.5487103137,-2494547086.54,-70.4060212614,-1603900.0,-0.0452684249,2025-10-31
161,688296,和达科技,-287101925.63,-28.5226113273,-84211810.81,-29.331677461,-197462706.9,-68.7779110038,-5426682.97,-1.8901590291,2025-10-31
162,688289,圣湘生物,-730823187.93,-546.3817926258,-84480051.67,-11.5595746092,-995991264.1,-136.2834787606,350037445.81,47.8963245271,2025-10-31
163,688287,*ST观典,-137836668.24,-217.688068351,-55829802.33,-40.5043179314,-25504819.32,-18.5036533788,-56502046.59,-40.9920286898,2025-10-31
164,688280,精进电动,291798948.3,275.6698152343,413024997.22,141.5443748602,-101562085.25,-34.805500788,-21564168.8,-7.390077629,2025-10-31
165,688276,百克生物,-181794232.05,-10.6543897896,-14809350.6,-8.1462158799,-286791093.25,-157.7558814798,119912179.38,65.9603872069,2025-10-31
166,688275,万润新能,-282329093.63,-3.2952793934,258214034.52,91.4585284853,-386532854.68,-136.9086160091,-152330765.08,-53.9550363448,2025-10-31
167,688272,富吉瑞,-32037519.28,-213.2879223053,-73973902.76,-230.8977237391,-12127517.38,-37.8541087217,54065236.2,168.7560005114,2025-10-31
168,688268,华特气体,-34362841.55,59.2532994105,184995315.6,538.3586084719,-242544060.33,-705.8323741274,27546014.81,80.1622146699,2025-10-31
169,688266,泽璟制药,-84500216.9,-2273.6352159235,-16733921.86,-19.8034069898,-66553695.73,-78.7615679244,-684996.92,-0.8106451618,2025-10-31
170,688260,昀冢科技,-14346724.67,-207.220695829,-18356155.74,-127.9466649164,-79310059.72,-552.8095195543,83294441.83,580.581587407,2025-10-31
171,688253,英诺特,-73855041.05,-119.5748652164,85673759.89,116.0025892234,-59105966.78,-80.0296986363,-99468460.72,-134.6806654033,2025-10-31
172,688252,天德钰,194501413.42,292.9968808753,257528063.93,132.4042120835,-25049782.96,-12.8789721985,-28586763.7,-14.6974580788,2025-10-31
173,688248,南网科技,-602900512.15,50.6532377804,-195224300.61,-32.3808483615,-306523596.99,-50.8414889045,-101152614.55,-16.777662734,2025-10-31
174,688247,宣泰医药,23314338.38,106.7745125031,77440779.07,332.1594540141,-34271612.05,-146.9980039382,-18442389.52,-79.1032077317,2025-10-31
175,688239,航宇科技,-165303914.79,-132.4805847655,105563258.19,63.8601078045,-270616749.03,-163.7086147499,-1589201.12,-0.961381418,2025-10-31
176,688236,春立医疗,-33115970.88,70.113963153,174567044.11,527.1385360936,-180050292.79,-543.696252912,-27383961.43,-82.6911025174,2025-10-31
177,688230,芯导科技,59792546.19,115.5558519924,46387022.97,77.5799425276,108400490.44,181.2943206927,-94633890.51,-158.2703807416,2025-10-31
178,688228,开普云,9476735.31,101.8803926048,-43214275.07,-456.003820476,38001405.58,400.9968025582,14689604.8,155.0070179179,2025-10-31
179,688223,晶科能源,-1681276979.16,-174.3593835012,-1341418982.62,-79.7857223555,-1771672685.08,-105.376609984,1450878107.19,86.2961977815,2025-10-31
180,688221,前沿生物,-151583489.23,66.5130351743,-151789588.6,-100.1359642604,55448292.81,36.5793748987,-55216147.25,-36.4262279028,2025-10-31
181,688220,翱捷科技,540539550.67,263.325218927,-290071728.98,-53.6633681329,455157295.66,84.204253897,375715385.34,69.5074735742,2025-10-31
182,688218,江苏北人,16361148.31,145.1399009944,-28311190.09,-173.0391385346,75814627.9,463.3820711329,-35385536.67,-216.2778308682,2025-10-31
183,688216,气派科技,-7470846.09,-212.147038764,19988914.37,267.5589100511,-77873683.65,-1042.3676610637,50266568.83,672.8363591546,2025-10-31
184,688211,中科微至,174323190.79,2.1638035665,60902686.07,34.9366517409,98942666.57,56.758177797,-3476289.2,-1.9941633607,2025-10-31
185,688210,统联精密,-31781112.62,39.3730758778,130643426.87,411.0725399456,-232037795.81,-730.1122480652,70088914.22,220.5363766147,2025-10-31
186,688206,概伦电子,-908322124.34,-352.4298675361,8174929.64,0.9000033601,-916296046.56,-100.8778738298,7079341.44,0.779386657,2025-10-31
187,688202,美迪西,98570538.51,189.9665606197,42477694.82,43.0937027048,81192960.38,82.3704137233,-24901690.53,-25.262812709,2025-10-31
188,688198,佰仁医疗,-36924714.43,76.2910025292,99886943.67,270.5151419908,-103637989.85,-280.6737748682,-33059323.77,-89.5316978894,2025-10-31
189,688197,首药控股,-16410131.29,96.3287487588,-172409965.55,-1050.6312381246,159679646.34,973.0552639594,-3679812.08,-22.4240258348,2025-10-31
190,688196,卓越新能,284306566.49,6.4297836806,342107997.25,120.3306703301,99475395.98,34.9887789115,-170397424.66,-59.9343964382,2025-10-31
191,688193,仁度生物,-113377274.97,69.7250357287,5759405.85,5.0798591266,-116676384.59,-102.9098508682,-3307361.95,-2.9171295137,2025-10-31
192,688192,迪哲医药,764594823.0,1250.1493370456,-424056847.98,-55.4616425882,-452033262.24,-59.1206281605,1640908417.6,214.6114998741,2025-10-31
193,688190,云路股份,-43572248.21,-566.1066384661,31414733.1,72.0980311794,3115861.17,7.151022263,-80664445.98,-185.1280328507,2025-10-31
194,688189,南新制药,-67607166.97,60.9709594181,75223063.51,111.2649248317,-63245086.17,-93.5479018046,-79585144.31,-117.717023027,2025-10-31
195,688187,时代电气,-3607702185.0,-198.5780553358,2116958001.0,58.6788457706,-5555992681.0,-154.0036398819,-170893531.0,-4.736907933,2025-10-31
196,688184,ST帕瓦,-283669726.8,39.2305940797,-396360372.8,-139.7260036421,-21573837.34,-7.6052660195,134264483.34,47.3312696616,2025-10-31
197,688173,希荻微,-159074748.47,-132.0690517341,-123719373.15,-77.774363524,-52063258.74,-32.7288015482,16543485.72,10.399818877,2025-10-31
198,688172,燕东微,-2968318844.78,-538.3953585155,-156065981.15,-5.2577229506,-8448596031.72,-284.6256239143,5678126586.02,191.2909927451,2025-10-31
199,688171,纬德信息,-217302234.92,-1065.6025042673,-7336932.28,-3.3763722139,-201273851.95,-92.6239217117,-8691450.69,-3.9997060744,2025-10-31
200,688169,石头科技,-325753773.0,-207.2795488767,-1059785772.0,-325.333383629,232553326.0,71.3892962339,474866520.0,145.7746799451,2025-10-31
201,688166,博瑞医药,-153885516.27,67.7872932898,98954861.81,64.3042075749,-552569072.1,-359.0780246859,293665928.88,190.8340277877,2025-10-31
202,688165,埃夫特,-331809225.89,-119.7226536933,-211047994.49,-63.6052219235,-233395856.85,-70.3403759265,87939953.3,26.5031670123,2025-10-31
203,688161,威高骨科,-200461988.88,-289.628553678,250401398.11,124.912158913,-357747310.31,-178.4614191991,-92113048.73,-45.9503815385,2025-10-31
204,688158,优刻得,-108548254.56,73.8515563375,94175353.81,86.7589757125,-434660164.63,-400.4303582696,235033534.58,216.5244715659,2025-10-31
205,688157,松井股份,-123352360.6,-667.6851911509,28761778.45,23.3167637085,-189845135.09,-153.9047442356,38373486.66,31.1088385122,2025-10-31
206,688156,路德科技,-26877173.75,-146.2046183552,25523261.66,94.9625950162,-115557133.48,-429.9452559814,63156698.07,234.9826609652,2025-10-31
207,688141,杰华特,-318744326.22,25.1196099697,-154547768.66,-48.4864375447,-801939453.57,-251.5933265637,636303146.62,199.6280699851,2025-10-31
208,688139,海尔生物,-86207680.12,84.5950214258,82643136.32,95.8651667751,75025201.82,87.0284430756,-245531843.97,-284.8143502159,2025-10-31
209,688138,清溢光电,444474489.42,232.4829155403,236731809.01,53.2610565162,-705050531.88,-158.6256463897,916129410.83,206.115183804,2025-10-31
210,688133,泰坦科技,-180977398.07,-106.4443551165,-4596435.9,-2.5397844974,-189433464.44,-104.6724433328,13393255.26,7.4005126623,2025-10-31
211,688131,皓元医药,529998007.73,2485.7532224533,94579393.94,17.8452357482,223400388.71,42.151175184,203736137.23,38.4409251089,2025-10-31
212,688130,晶华微,-529366449.13,-162.3310657634,-33551116.71,-6.3379756623,-484183695.7,-91.4647493236,-11628195.07,-2.1966248691,2025-10-31
213,688126,沪硅产业,12338208.7,100.5539101099,-827387147.35,-6705.8935982336,-2986793062.11,-24207.6717514918,3811146559.28,30888.9779055204,2025-10-31
214,688125,安达智能,-222669608.51,7.4973562042,-71262104.8,-32.0035164551,-164622260.48,-73.931176141,11189752.39,5.0252715065,2025-10-31
215,688121,卓然股份,-169486069.73,-79.1442743859,-305202437.47,-180.0752344757,159994491.35,94.3997884929,-24436807.05,-14.4181802604,2025-10-31
216,688120,华海清科,-706654310.99,-4853.3613712461,424493634.92,60.0709043047,-912779314.47,-129.1691425743,-218299311.85,-30.891952183,2025-10-31
217,688119,中钢洛耐,630668987.51,233.2102085236,-58916606.34,-9.3419222297,712155064.46,112.9205777617,-22274862.96,-3.5319420173,2025-10-31
218,688115,思林杰,-308250318.52,-58.8233917965,-17152393.97,-5.5644367384,-276019274.2,-89.54387315,-13539335.94,-4.3923185562,2025-10-31
219,688108,赛诺医疗,66023572.34,81.8850399597,83974895.27,127.1892633097,-30981098.74,-46.9242993706,13663827.42,20.6953773262,2025-10-31
220,688106,金宏气体,72500822.8,-55.9075196148,289548144.72,399.3722188764,-734381802.14,-1012.9289210494,521589224.37,719.4252481918,2025-10-31
221,688097,博众精工,482031548.18,247.9591188284,710127394.14,147.3196924187,-652251514.87,-135.3130344544,430738079.29,89.3588979635,2025-10-31
222,688096,京源环保,-35219657.7,22.590059679,14714434.31,41.7790383863,-35698588.88,-101.3598405302,-14229342.33,-40.4017053522,2025-10-31
223,688092,爱科科技,82244016.01,171.7935355885,77059370.94,93.6960215204,5369007.48,6.5281436152,2321543.07,2.8227501314,2025-10-31
224,688087,英科再生,-696442078.06,-85.1664538973,409363363.6,58.7792404417,-856817580.24,-123.0278306312,-254010304.69,-36.4725671656,2025-10-31
225,688081,兴图新科,-30833779.62,23.3175524318,-43380399.46,-140.6911510513,-627616.42,-2.0354832516,13174236.26,42.7266343029,2025-10-31
226,688079,美迪凯,44593166.19,-32.1970976205,97452480.95,218.5368056952,-242534443.3,-543.882536321,188328634.31,422.3262226046,2025-10-31
227,688075,安旭生物,-276540863.67,-117.8183543564,1182438.02,0.4275816616,-171598019.0,-62.0515958194,-106474954.59,-38.5024307717,2025-10-31
228,688072,拓荆科技,-268529272.57,72.7698617613,2831601105.66,1054.4850766398,-3044692675.4,-1133.8401382688,-54859744.81,-20.4297074524,2025-10-31
229,688071,华依科技,-26461361.26,62.198201787,-30426287.39,-114.9838328083,-81571313.95,-308.2657507621,85469695.36,322.9981047468,2025-10-31
230,688066,航天宏图,-67043271.79,92.0769266617,-145606950.24,-217.1835388584,-40260063.26,-60.0508629503,118802864.94,177.2032625617,2025-10-31
231,688065,凯赛生物,2876824963.68,857.6368674984,273093222.24,9.4928688984,-1442901383.06,-50.1560366472,4072120882.71,141.549136083,2025-10-31
232,688062,迈威生物,211863032.07,568.8026738021,-103031469.59,-48.6311691961,-201061123.22,-94.9014659403,517247450.36,244.1423807194,2025-10-31
233,688060,云涌科技,-1090674.89,98.4050239293,20358589.66,1866.6047826589,-19917046.55,-1826.1213064142,-1532218.0,-140.4834762447,2025-10-31
234,688059,华锐精密,19712385.03,162.241805686,184660910.33,936.7760930449,-49649245.65,-251.8682826783,-115540429.79,-586.1311536588,2025-10-31
235,688058,宝兰德,-16030540.97,72.0390881696,-42535611.66,-265.3410869889,12082793.5,75.3735854742,14422277.19,89.9675015147,2025-10-31
236,688057,金达莱,-86112410.68,15.3623520747,137423807.36,159.5865291365,-155919828.5,-181.0654553377,-67426730.05,-78.3008273924,2025-10-31
237,688053,ST思科瑞,258668379.35,363.3008831072,5208112.41,2.013432188,253931352.39,98.1686872698,-471085.45,-0.1821194578,2025-10-31
238,688052,纳芯微,-392353351.25,-97.8701568702,-512386117.9,-130.5930269915,151135549.76,38.5202647763,-32431586.1,-8.2659128555,2025-10-31
239,688051,佳华科技,-29172125.27,-150.6623555804,-40982105.26,-140.4837833401,11321043.65,38.8077438487,488936.34,1.6760394914,2025-10-31
240,688037,芯源微,-215871726.12,-149.0340061725,-232242267.08,-107.5834576645,-167886697.53,-77.7715083617,185904052.55,86.1178329795,2025-10-31
241,688033,天宜新材,-211665162.25,70.2090658013,100920088.17,47.679120691,-30931771.87,-14.6135393946,-281653478.55,-133.0655812964,2025-10-31
242,688031,星环科技,-133331553.22,-2434.8793205335,-185865807.89,-139.4012170422,74603966.44,55.9537218597,-20898950.51,-15.6744221494,2025-10-31
243,688026,洁特生物,46677833.21,142.2125621964,128296599.37,274.8555160922,-67291463.78,-144.1614984082,-16185753.76,-34.6754608064,2025-10-31
244,688025,杰普特,88618050.49,174.5897374031,382579117.55,431.7169193348,-246289695.99,-277.9227196132,-43724982.27,-49.340943553,2025-10-31
245,688017,绿的谐波,-1290686397.39,-65.9307937219,110265491.84,8.5431668036,-1262870586.28,-97.8448822916,-138347876.76,-10.7189381588,2025-10-31
246,688008,澜起科技,2073002216.11,337.0843329019,1600671441.66,77.2151341287,1141234225.48,55.0522433894,-606734050.52,-29.2683744284,2025-10-31
247,688007,光峰科技,-405268674.5,-14.1436621135,149615879.59,36.9177015161,-507862445.56,-125.3150015077,-44577574.02,-10.999511392,2025-10-31
248,688003,天准科技,-242702695.2,-430.8243183451,31296814.47,12.8951244007,-175120621.95,-72.1543787578,-101811867.67,-41.9492118067,2025-10-31
249,688001,华兴源创,-45316080.46,88.5848303861,181838525.04,401.267106939,-218892380.37,-483.0346714633,-6227101.59,-13.7414832148,2025-10-31
250,605598,上海港湾,-48370743.78,-37.3759646,64782616.84,133.9293378135,-48592777.59,-100.459025007,-57196968.72,-118.2470316771,2025-10-31
251,605588,冠石科技,-282634102.46,-618.28762928,135816636.5,48.0538743619,-406763980.94,-143.9189317211,-9380239.21,-3.3188631975,2025-10-31
252,605488,福莱新材,65995627.24,130.7412868008,114311894.46,173.2113160229,-102289519.6,-154.994389595,52761033.77,79.946257012,2025-10-31
253,605399,晨光新材,-70181166.75,89.6561201267,-33298989.4,-47.447186962,-105595680.24,-150.4615627383,67919192.66,96.776950007,2025-10-31
254,605378,野马电池,22072090.22,-56.5082631468,26445525.0,119.814320875,86687121.71,392.7454121742,-93393118.2,-423.1276570054,2025-10-31
255,605368,蓝天燃气,-665795324.56,11.6424282594,195056581.36,29.296778479,-374837353.49,-56.2991868015,-486014552.43,-72.9975916775,2025-10-31
256,605366,宏柏新材,151501013.74,-73.1882202572,14771060.85,9.7498099091,107011877.66,70.634430106,26863741.1,17.731723661,2025-10-31
257,605339,南侨食品,-255641603.42,-129.7869763857,-4777754.8,-1.8689269415,-172974310.08,-67.6628169147,-78088522.27,-30.546093134,2025-10-31
258,605338,巴比食品,-713116097.76,-617.7623429413,200250681.09,28.0810770811,-713292979.82,-100.0248041042,-200073799.03,-28.0562729769,2025-10-31
259,605303,园林股份,-68476523.71,-23.2550236303,-12383640.11,-18.0845046434,-18505681.11,-27.0248548077,-37586364.36,-54.8894165819,2025-10-31
260,605288,凯迪股份,-212951176.84,56.9435360348,51826601.14,24.337316144,-254701635.08,-119.6056480455,-11743876.96,-5.5148213474,2025-10-31
261,605287,德才股份,-101586827.0,75.8403634508,165825072.94,163.2348187625,-13065015.91,-12.8609351191,-254341680.87,-250.3687617588,2025-10-31
262,605268,王力安防,-101684116.68,6.385691425,12441102.94,12.2350504152,-51189880.43,-50.3420613773,-62952647.25,-61.9100104376,2025-10-31
263,605199,ST葫芦娃,-157372616.08,59.1349270383,58490902.46,37.16714122,-73521143.52,-46.7178759249,-142342375.02,-90.4492652951,2025-10-31
264,605179,一鸣食品,178598503.8,935.5827305255,350437520.5,196.215261071,-55448998.47,-31.046731798,-116390295.17,-65.1686843359,2025-10-31
265,605177,东亚药业,-261893565.56,37.1274377166,-252726085.42,-96.4995397575,-178297368.78,-68.0800875725,167943246.63,64.1265264654,2025-10-31
266,605169,洪通燃气,-113382782.0,-1.9155146297,160910674.95,141.9180867779,-79017553.11,-69.6909634039,-195275621.59,-172.2268744385,2025-10-31
267,605168,三人行,-192617704.66,67.2178158572,507911078.45,263.6886777083,-332893613.92,-172.8260725086,-367148805.87,-190.6101033226,2025-10-31
268,605167,利柏特,-53511434.73,-748.4210535181,-83562609.17,-156.1584165919,-1007283936.16,-1882.3713870548,1031890893.84,1928.3558720609,2025-10-31
269,605116,奥锐特,-154905389.28,-134.9702124507,351468118.0,226.892117591,-367575670.42,-237.2904339407,-136194267.48,-87.9209355549,2025-10-31
270,605099,共创草坪,101233312.77,234.8948796512,542050573.39,535.4468391462,-431606883.12,-426.3486705217,23944841.53,23.6531245247,2025-10-31
271,605080,浙江自然,294712558.79,1252.3440716749,251282261.42,85.2635063981,52586377.39,17.8432767188,-8248051.79,-2.7986767255,2025-10-31
272,605069,正和生态,-36571434.25,-113.088657433,62918394.91,172.0424593684,-252206.21,-0.6896262484,-99237622.95,-271.35283312,2025-10-31
273,605066,天正电气,198274634.68,196.3840867645,133819893.39,67.492190116,204865322.42,103.3240196108,-139158116.39,-70.1845279476,2025-10-31
274,605056,咸亨国际,-398997013.21,-2.6047373773,-20989468.76,-5.2605578651,-289568810.76,-72.5741800497,-88532649.56,-22.1888000734,2025-10-31
275,605055,迎丰股份,-45830986.82,-145.0764690907,362885010.89,791.7896516504,-416380294.07,-908.5126089589,7664296.36,16.7229573086,2025-10-31
276,605050,福然德,-195166594.45,8.6403517598,-691947971.92,-354.5422175706,-281308308.46,-144.1375299153,777849111.58,398.5564813343,2025-10-31
277,605011,杭州热电,151670077.46,334.0493265072,193498155.76,127.5783325231,-71532705.33,-47.1633604518,29704627.03,19.5850279287,2025-10-31
278,605008,长鸿高科,22190832.71,140.165615137,-75681893.87,-341.0502654815,-457223791.5,-2060.4174592058,554727082.58,2499.8029133446,2025-10-31
279,605006,山东玻纤,-124890480.1,-353.7134689362,-359998946.72,-288.2517117652,-192543046.28,-154.1695140621,425272277.14,340.5161680854,2025-10-31
280,603997,继峰股份,-474312344.48,-381.7925380576,759768896.64,160.1832432746,-900384793.61,-189.8295087802,-441943802.59,-93.1756906042,2025-10-31
281,603992,松霖科技,136231853.33,162.4317759212,192071016.9,140.9883314402,83189744.65,61.0648263358,-145550499.84,-106.8402846194,2025-10-31
282,603989,艾华集团,-98102213.84,-184.1644384632,-96240883.16,-98.1026619001,25963352.88,26.4656136327,-24756182.01,-25.2350900566,2025-10-31
283,603988,中电电机,-7296198.47,-123.3336234564,-8660531.45,-118.699230642,-39171374.78,-536.8737561219,39714602.74,544.3191122513,2025-10-31
284,603983,丸美生物,-390846473.56,-242.1756184498,158873239.53,40.648502744,-166947236.47,-42.7142747252,-382797712.4,-97.9406847178,2025-10-31
285,603982,泉峰汽车,182785705.87,526.7027260301,156667771.05,85.7111721643,-198567256.99,-108.6339087867,221811221.15,121.350419659,2025-10-31
286,603978,深圳新星,14520780.22,108.2418712685,22697098.69,156.3077076171,-11162995.82,-76.8760056338,2986650.31,20.5681118008,2025-10-31
287,603968,醋化股份,-317645486.02,26.0840285631,-123572668.05,-38.9026992319,-326134696.41,-102.6725424297,131710822.17,41.4647233998,2025-10-31
288,603959,百利科技,-59968815.09,38.0911606876,-47978101.81,-80.0050855399,-1641613.98,-2.7374460835,-10349099.19,-17.2574681932,2025-10-31
289,603955,大千生态,-164044924.76,-14.4772641223,-152552460.58,-92.9943189667,-77465386.97,-47.2220564478,65972922.79,40.2163754146,2025-10-31
290,603929,亚翔集成,640545412.59,-43.329446121,1070218956.54,167.0793257597,-78671422.3,-12.2819429745,-363995969.79,-56.8259428037,2025-10-31
291,603922,金鸿顺,-149076540.5,-180.2192671628,-57520929.9,-38.5848301195,-82215667.89,-55.1499703537,-9322362.05,-6.2534064842,2025-10-31
292,603918,金桥信息,-324675107.85,-312.9479707034,-56096358.38,-17.2776899195,-237261518.27,-73.0765964293,-30634922.19,-9.4355623358,2025-10-31
293,603908,牧高笛,178646992.77,1491.0663189621,127820356.82,71.5491231272,-11129654.34,-6.2299701593,63544611.19,35.569930512,2025-10-31
294,603906,龙蟠科技,592458230.33,142.9635455116,-66358752.44,-11.2005790523,-1355075922.89,-228.7209213273,2025305809.13,341.8478646169,2025-10-31
295,603903,中持股份,-312191274.49,-33.2240002095,-1266057.18,-0.4055389383,-2100285.91,-0.6727561215,-308775210.03,-98.9057783676,2025-10-31
296,603895,天永智能,-6857454.69,-352.9174871881,19950890.59,290.9372572172,-8870000.0,-129.3482844726,-17938345.28,-261.5889727446,2025-10-31
297,603887,城地香江,562071913.64,371.2701750175,482739713.26,85.885756172,-1164020641.44,-207.0946107059,1243352841.82,221.2088545339,2025-10-31
298,603885,吉祥航空,1395606504.32,1309.988664919,5434142462.94,389.3749739715,-208157052.79,-14.9151678604,-3817997908.84,-273.5726651475,2025-10-31
299,603880,南卫股份,-25188016.47,-214.8693439413,26883945.29,106.733078097,3114142.36,12.3635871197,-55762573.91,-221.385332094,2025-10-31
300,603879,永悦科技,-20426183.86,65.8915398392,-15341188.4,-75.1055043132,15500.0,0.0758829946,-5047855.55,-24.7126706809,2025-10-31
301,603876,鼎胜新材,-84709691.43,-158.5139852232,365509429.2,431.4847841254,-593056985.44,-700.1052364003,124818121.17,147.348100392,2025-10-31
302,603863,松炀资源,-39173592.01,-352.5133719419,-28248025.94,-72.1098691506,37995697.77,96.9931421155,-48914547.01,-124.8661266435,2025-10-31
303,603843,*ST正平,-11752072.29,-118.1625988347,-69964026.23,-595.3335250459,14796578.96,125.9061261271,43415374.98,369.4273989188,2025-10-31
304,603838,*ST四通,-86532799.7,-122.1474430916,-87622887.23,-101.2597391206,-298663.8,-0.3451451947,824000.0,0.9522400787,2025-10-31
305,603833,欧派家居,-3821139116.72,-89.2835014461,2743991745.59,71.8108307961,-5226873573.91,-136.7883611209,-1524650127.46,-39.9004087757,2025-10-31
306,603829,洛凯股份,-107221211.7,-5903.6910187908,41668654.22,38.8623235639,156965067.54,146.3936706658,-305854933.46,-285.2559942297,2025-10-31
307,603828,ST柯利达,-195288951.52,-531.152875374,-15288929.36,-7.8288757459,71019154.07,36.3661914907,-251019176.23,-128.5373157448,2025-10-31
308,603825,ST华扬,66177183.82,301.5723146972,-671894543.45,-1015.2963675177,2870346.67,4.3373659988,735898716.87,1112.0127427477,2025-10-31
309,603818,曲美家居,-185386549.21,-205.9872177386,370713250.55,199.9677172534,-12328110.01,-6.6499484793,-606877592.43,-327.3579421032,2025-10-31
310,603817,海峡环保,-77088724.05,-1.0995281433,250889259.96,325.4551986063,-243887714.43,-316.372747682,-84090269.58,-109.0824509243,2025-10-31
311,603810,丰山集团,-167463015.08,-16.1755949023,-178122122.03,-106.3650513786,26517654.29,15.8349318369,-17422297.53,-10.4036688469,2025-10-31
312,603809,豪能股份,-245508670.28,-33.2056583036,175809355.47,71.6102430393,-780208877.51,-317.7927999937,358120941.48,145.8689589543,2025-10-31
313,603801,志邦家居,-74229284.87,-224.644391264,-130922549.6,-176.3758735239,-42406222.97,-57.1286966381,100350837.62,135.1903602409,2025-10-31
314,603800,洪田股份,-139484626.35,-169.8503913153,67041464.57,48.0636944188,-93682232.23,-67.163123766,-113047555.75,-81.0466061445,2025-10-31
315,603797,联泰环保,-52977031.46,42.7037283806,258892640.49,488.6884624433,-11451294.72,-21.6155839699,-300418377.23,-567.0728784734,2025-10-31
316,603789,*ST星农,8508522.84,131.528695691,-68591539.73,-806.1509737923,-89458802.49,-1051.4022724302,166559107.53,1957.5560959533,2025-10-31
317,603779,威龙股份,1969089.27,-92.7649422232,-29740381.66,-1510.3622833717,-274862.78,-13.9588785632,31963276.55,1623.2517761879,2025-10-31
318,603776,永安行,4790723.99,107.5186989099,104816747.12,2187.9103730207,-38025549.18,-793.7328316007,-62042244.27,-1295.0494413685,2025-10-31
319,603773,沃格光电,-12209616.49,-114.8054132581,126073659.26,1032.5767346031,-173361370.21,-1419.8756394354,35525356.18,290.9620970413,2025-10-31
320,603768,常青股份,-223284088.64,-208.4127449213,-369818790.63,-165.6270237985,-119977697.99,-53.733205407,266512399.98,119.3602292054,2025-10-31
321,603759,海天股份,473088757.55,643.252345873,-306431514.54,-64.7725209381,-594501539.93,-125.6638485786,1374117631.11,290.4566234518,2025-10-31
322,603758,秦安股份,-24566412.55,67.8308133292,212810128.19,866.2645706078,-94245344.22,-383.6349488481,-143040387.18,-582.2599734042,2025-10-31
323,603738,泰晶科技,-43162208.94,59.7448490616,76424447.33,177.0633366708,-60730502.89,-140.7029537678,-57837715.04,-134.0008226187,2025-10-31
324,603733,仙鹤股份,637685234.63,1299.3087005591,918590448.3,144.0507633571,-1601786228.55,-251.1875987656,1319388467.36,206.9027783159,2025-10-31
325,603730,岱美股份,-148432644.06,47.1235123259,724782950.31,488.2908034819,-326678703.28,-220.0854841257,-554860023.2,-373.8126654779,2025-10-31
326,603727,博迈科,-22943798.92,96.7284438392,53940904.41,235.1001444795,571715514.15,2491.8084234588,-656869967.26,-2862.9520749827,2025-10-31
327,603721,*ST天择,-65466190.15,-56.6378167752,-25323115.81,-38.6812120149,-4233855.74,-6.4672401591,-35909218.6,-54.851547826,2025-10-31
328,603711,香飘飘,-473617021.47,-156.549938269,-26957483.01,-5.6918315407,-334447527.18,-70.6156054404,-110857814.82,-23.4066365427,2025-10-31
329,603697,有友食品,-98415495.62,-5957.8426174567,309597964.82,314.582538928,-218600646.9,-222.1201504121,-189365026.83,-192.4138324326,2025-10-31
330,603690,至纯科技,-12136677.34,90.8657335898,-502383510.82,-4139.3826065083,-119310559.96,-983.0578552729,607565144.54,5006.0253520755,2025-10-31
331,603682,锦和商管,-83707327.15,-179.5151895171,457204065.36,546.1936020735,38802163.98,46.354560946,-579713556.49,-692.5481630194,2025-10-31
332,603681,永冠新材,142980975.72,178.5576075129,368955560.59,258.0452110724,-353410510.52,-247.1731002956,117367242.32,82.0859150869,2025-10-31
333,603669,灵康药业,-74475873.52,61.4593996267,-118052632.91,-158.5112430783,36569363.25,49.1022951751,7007396.14,9.4089479033,2025-10-31
334,603668,天马科技,23339331.0,107.8031574605,6753741.65,28.9371689788,-200360250.24,-858.4661241575,215925279.66,925.1562508797,2025-10-31
335,603666,亿嘉和,8178165.43,102.7393675739,-83098125.98,-1016.0973960636,20108149.38,245.8760409301,71297215.04,871.7996187563,2025-10-31
336,603665,康隆达,-8623788.51,90.6298641463,40533829.73,470.0234668672,132919204.84,1541.3087262735,-184143447.64,-2135.2964236828,2025-10-31
337,603662,柯力传感,57907171.16,-7.4014348751,163303251.53,282.0086843455,-26098656.15,-45.0698171352,-80077976.27,-138.2868039759,2025-10-31
338,603660,苏州科达,-196605697.59,34.8420726949,-230360239.72,-117.1686489984,-77158583.41,-39.2453445428,111069947.2,56.4937580963,2025-10-31
339,603657,春光科技,89448859.01,-5.0441507009,166377818.47,186.0032875896,-242752683.76,-271.3871215874,170784975.74,190.9303009901,2025-10-31
340,603638,艾迪精密,-389268777.22,-217.1500615611,461046840.1,118.4392037277,-578536767.53,-148.6214156865,-270347027.93,-69.4499645876,2025-10-31
341,603636,南威软件,-26176760.45,20.8008678579,96407776.81,368.2952938128,-67331882.98,-257.2200754506,-55251935.34,-211.0724718803,2025-10-31
342,603633,徕木股份,21946975.97,124.5329139643,8445631.16,38.4819811693,-348290297.65,-1586.9625871286,361791642.46,1648.4806059593,2025-10-31
343,603630,拉芳家化,-144298655.15,-101.8748017985,80797964.74,55.9935674078,-201626952.7,-139.7289201971,-23414820.02,-16.2266377297,2025-10-31
344,603629,利通电子,217382619.33,205.5075953185,786631492.17,361.8649432942,-380284211.29,-174.9377261448,-194317539.54,-89.3896394012,2025-10-31
345,603628,清源股份,157490283.24,201.7776551296,-95912417.41,-60.9005301386,-188799554.32,-119.880128752,434259946.98,275.7376125346,2025-10-31
346,603619,中曼石油,-59336240.48,-105.5467177455,1014045952.2,1708.9824768082,-1060980647.18,-1788.0820196851,-10385982.41,-17.5036071143,2025-10-31
347,603616,韩建河山,-48521944.59,-167.9629515995,-52107380.66,-107.3893082816,-44356934.17,-91.41623351,48006049.16,98.9367791535,2025-10-31
348,603612,索通发展,-671569652.19,-834.8183655685,324017527.07,48.247791724,-602756737.17,-89.7534209898,-403102512.73,-60.0239322035,2025-10-31
349,603608,天创时尚,-11513924.0,96.0907273277,103468366.0,898.636867848,-7304529.0,-63.4408304241,-107693227.0,-935.3303617429,2025-10-31
350,603605,珀莱雅,485387304.15,138.2235329852,1198467218.63,246.9094696922,-302180319.54,-62.25550544,-411084507.65,-84.6920601621,2025-10-31
351,603598,引力传媒,-95639491.57,33.2077090557,-126909634.77,-132.6958484269,567882.45,0.593774016,31104062.85,32.5221959458,2025-10-31
352,603580,*ST艾艾,13547085.71,538.2350919918,9138325.37,67.4560238683,-50579758.56,-373.3626526232,53945644.13,398.2084802946,2025-10-31
353,603578,三星新材,16768264.95,5.3290205692,448114673.18,2672.397379909,-107094402.82,-638.673131295,-324729910.97,-1936.5743083037,2025-10-31
354,603577,汇金通,24899840.02,107.6484850776,139949207.08,562.0486194594,-78243511.97,-314.2329906825,-36829053.1,-147.9087940743,2025-10-31
355,603566,普莱柯,33308826.32,133.5181326186,277664201.99,833.6054813894,-107419092.67,-322.4943792316,-136836078.9,-410.810268682,2025-10-31
356,603565,中谷物流,670735562.01,-47.8394670643,1892917253.45,282.2151322613,888990230.69,132.5395999619,-2025551664.87,-301.9896035928,2025-10-31
357,603557,ST起步,-41076563.84,-707.9173077107,-23331002.26,-56.7988168409,-3623158.12,-8.8204995289,-14122402.79,-34.3806819991,2025-10-31
358,603536,惠发食品,-95497276.19,-237.6123180367,29343063.75,30.726597575,-22963108.37,-24.0458254792,-101671035.02,-106.4648533197,2025-10-31
359,603533,掌阅科技,-506959427.37,-147.5569091502,-300915769.46,-59.3569728097,-157380595.61,-31.0440218908,-47597093.5,-9.3887382166,2025-10-31
360,603528,多伦科技,-387686763.95,6.4824301537,28011182.81,7.2252099929,-366410445.62,-94.5119822732,-49287501.14,-12.7132277197,2025-10-31
361,603520,司太立,-214920584.53,-714.4132059534,136403871.34,63.4671042042,-159022704.74,-73.9913792286,-193027450.59,-89.8133843308,2025-10-31
362,603508,思维列控,-35372775.9,77.2021379499,497818565.32,1407.349445029,676445175.48,1912.3327425372,-1209636516.7,-3419.6821875662,2025-10-31
363,603507,振江股份,-540953105.11,-47.5232096895,-200373335.33,-37.0407958541,-814817672.38,-150.6263046987,468116987.32,86.5355948414,2025-10-31
364,603500,祥和实业,-123883847.24,-387.042081848,45919583.15,37.0666428054,-113695060.59,-91.775532584,-55482076.55,-44.7855614643,2025-10-31
365,603489,八方股份,-130500225.83,81.1972915875,132388451.73,101.4469138946,-238684001.66,-182.8993016234,-26915339.15,-20.6247452668,2025-10-31
366,603488,展鹏科技,-67984844.53,-238.0863500401,-36938575.39,-54.3335439617,9827550.24,14.4555015282,-40872891.22,-60.1205923211,2025-10-31
367,603458,勘设股份,-278707931.37,-25.4812554974,-57183117.39,-20.5172192657,-120400067.76,-43.1993690198,-101238590.37,-36.3242588298,2025-10-31
368,603399,永杉锂业,-266156595.67,54.2144327508,-454059601.33,-170.598665867,70128515.05,26.3485918406,120055553.0,45.1071117354,2025-10-31
369,603389,*ST亚振,-9717775.98,10.9922760892,-81654733.3,-840.2615317337,-34085214.33,-350.7511842231,106022171.65,1091.0127159568,2025-10-31
370,603387,基蛋生物,-5323586.48,-110.0614027769,235292412.59,4419.8100937021,-182402323.47,-3426.3052578419,-55158556.55,-1036.1164744336,2025-10-31
371,603378,亚士创能,-199393015.13,-25.0014286286,-95985831.13,-48.1390138303,19274852.65,9.6667642231,-122682050.21,-61.5277571935,2025-10-31
372,603377,ST东时,85853077.03,241.222940635,111733476.24,130.1449873497,-2322248.42,-2.7049099465,-23558150.79,-27.4400774031,2025-10-31
373,603373,安邦护卫,-200258925.15,13.8070528172,50409588.46,25.1722056444,-160918037.43,-80.354989077,-89750476.18,-44.8172165674,2025-10-31
374,603369,今世缘,-917365907.19,-115.8309663689,906847947.73,98.8534608298,-518999561.54,-56.5749781491,-1305239523.07,-142.2812329126,2025-10-31
375,603358,华达科技,-186445489.05,68.3373784782,8725686.65,4.6800202539,-135477996.98,-72.6635960303,-59691808.2,-32.0156891455,2025-10-31
376,603357,设计总院,-285686158.37,44.9511172008,-204191566.88,-71.4740847247,-6018931.33,-2.1068333742,-75475660.07,-26.4190818696,2025-10-31
377,603353,和顺石油,142131355.75,294.3949361698,429161916.97,301.9473885304,-180211627.43,-126.7923087619,-106818933.79,-75.1550797685,2025-10-31
378,603344,星德胜,305546766.83,15.2125381797,128553939.96,42.0734086941,229533912.07,75.1223501565,-46855037.43,-15.3348169631,2025-10-31
379,603336,宏辉果蔬,299952327.77,1888.9426506182,168669541.99,56.2321163646,-12646880.2,-4.2162967342,143715946.97,47.9129293773,2025-10-31
380,603330,天洋新材,-183711506.7,7.2913476389,43044036.35,23.4302342424,-76343513.6,-41.5561958918,-150321986.35,-81.8250250353,2025-10-31
381,603322,超讯通信,29141164.01,145.7816900462,91839712.64,315.1545786177,-8820035.5,-30.266586115,-53878513.13,-184.8879925027,2025-10-31
382,603318,水发燃气,88729705.09,232.6323531425,56796166.25,64.0103178438,116018844.5,130.7553590788,-84538137.0,-95.2760261225,2025-10-31
383,603317,天味食品,-23238766.31,86.7963884301,527628901.51,2270.4686405102,76027404.59,327.1576622262,-626667684.29,-2696.6478165424,2025-10-31
384,603316,诚邦股份,15159255.85,132.2856440828,68511467.56,451.944793583,-27999049.94,-184.6993692636,-25353161.77,-167.2454243194,2025-10-31
385,603308,应流股份,1668149876.09,1205.0998777359,-59199514.63,-3.5488126983,-804831282.59,-48.2469407651,2503233902.44,150.0604914654,2025-10-31
386,603307,扬州金泉,-12398383.63,93.3580531179,142857987.1,1152.2307371933,-77645407.6,-626.2542756955,-73302000.0,-591.2222285382,2025-10-31
387,603305,旭升集团,-736029219.82,-131.5774230918,571687119.28,77.6717967012,-505501985.5,-68.6796083481,-853210766.09,-115.9207736751,2025-10-31
388,603267,鸿远电子,-181719110.74,58.8152425244,-11461022.43,-6.306998963,-158805835.8,-87.3908281596,-11429662.48,-6.2897415871,2025-10-31
389,603266,天龙股份,-24182377.6,67.9977898297,107838530.23,445.9384929545,-82491746.8,-341.1233922673,-49792649.14,-205.9046879658,2025-10-31
390,603235,天新药业,289220138.37,142.3478899824,490550179.09,169.6113492839,-154007866.29,-53.249357793,-50707065.23,-17.5323424972,2025-10-31
391,603232,格尔软件,-183371562.85,-306.966860504,-94270012.43,-51.4092866772,-48307299.36,-26.3439426535,-40794251.06,-22.2467706693,2025-10-31
392,603231,索宝蛋白,-160843963.44,81.9100720761,129024790.07,80.2173655203,-238094854.3,-148.0284675954,-58787725.04,-36.5495376903,2025-10-31
393,603229,奥翔药业,32143383.97,134.0388677687,147645612.37,459.334376579,-47837784.4,-148.8262232895,-65116996.38,-202.5828905904,2025-10-31
394,603228,景旺电子,430275376.25,8629.0081387787,1527401208.71,354.9822492799,-1553257923.29,-360.9915902758,447441562.77,103.9895814326,2025-10-31
395,603226,菲林格尔,4517872.88,112.7341851178,-2549106.4,-56.4227119201,10569122.19,233.940229633,-3502142.91,-77.5175177129,2025-10-31
396,603225,新凤鸣,1035428246.47,-52.3649228163,1329931423.26,128.4426446539,-6210459826.49,-599.7962531603,5835999962.42,563.6315198389,2025-10-31
397,603222,济民健康,-44896361.17,30.6004586619,-32252594.88,-71.8378818227,-191310887.25,-426.1166879997,177926473.77,396.3048878199,2025-10-31
398,603205,健尔康,-21433280.9,68.0485462996,110289242.62,514.5700424241,-81385495.06,-379.7155248406,-47535369.4,-221.782981438,2025-10-31
399,603203,快克智能,140050661.79,4499.008059309,230322645.68,164.4566635646,19385214.19,13.8415727154,-107779263.17,-76.9573394316,2025-10-31
400,603202,天有为,2473294816.99,9167.9249052042,1007956462.59,40.7535913497,-1630341664.05,-65.9178053846,3107673341.2,125.6491268187,2025-10-31
401,603195,公牛集团,-431931503.17,-105.2530986701,3621486874.87,838.4400879055,-1733589832.65,-401.3575809884,-2322328058.88,-537.6611897572,2025-10-31
402,603190,亚通精工,-49107275.18,-106.8316073935,-64526109.35,-131.3982686139,-95001730.21,-193.4575475055,110549538.07,225.1184527441,2025-10-31
403,603189,网达软件,80844235.09,21.8706482627,26465026.12,32.7358235136,93261282.51,115.3592243234,-40051312.35,-49.5413337827,2025-10-31
404,603188,亚邦股份,62909831.67,261.0558374981,-90061082.78,-143.158995008,59422709.87,94.4569525821,93201538.52,148.1509901487,2025-10-31
405,603185,弘元绿能,-784520210.84,-93.4714488631,215659159.08,27.4893057056,1063238259.43,135.5271979917,-2081936386.84,-265.3770238259,2025-10-31
406,603179,新泉股份,-576155074.12,-21.7899107817,256926699.5,44.5933240964,-978476714.18,-169.8287072581,145250805.89,25.2103665167,2025-10-31
407,603177,德创环保,-37175067.52,-245.3192344705,-47097348.63,-126.6906875278,-19098822.61,-51.3753541933,23568902.18,63.3997562138,2025-10-31
408,603172,万丰股份,-35274900.56,10.6407062275,54097174.09,153.3588280369,-80424956.47,-227.9948495764,-8253003.36,-23.396248406,2025-10-31
409,603171,税友股份,-110931420.58,50.4775736283,-246374721.62,-222.0964270825,36711546.15,33.0939114978,98731754.89,89.0025155847,2025-10-31
410,603169,兰石重装,-270022732.94,-136.2191168927,-85868441.15,-31.8004488789,-317941033.0,-117.7460243952,133793592.07,49.549010416,2025-10-31
411,603168,莎普爱思,17956040.69,111.2080069328,60020426.83,334.2631477964,-85678197.63,-477.1552877897,43613811.49,242.8921399933,2025-10-31
412,603165,荣晟环保,-1511662504.66,-616.3125287037,-415280431.09,-27.4717689835,-1717301371.5,-113.6034906076,620919297.93,41.0752595911,2025-10-31
413,603161,科华控股,43141953.63,764.7147786124,415988263.62,964.2314003387,-4065392.22,-9.4232918956,-377883770.49,-875.9078778186,2025-10-31
414,603159,上海亚虹,20273353.96,177.5916710442,58985584.9,290.9512901337,-32476676.65,-160.1939013844,-6203091.65,-30.5972640849,2025-10-31
415,603158,腾龙股份,222309656.95,304.7109974933,373548341.45,168.0306409424,-224543226.85,-101.0047111451,73414251.6,33.0234199482,2025-10-31
416,603127,昭衍新药,-63142619.75,93.7699835231,266391149.32,421.8880217114,-264722612.49,-419.2455326341,-58988545.91,-93.4211252931,2025-10-31
417,603126,中材节能,-111568152.38,76.7376678635,-189622039.13,-169.9607236339,-264148119.88,-236.7594284257,341546939.5,306.1330067892,2025-10-31
418,603123,翠微股份,-165292072.1,36.2362934729,-67253117.38,-40.6874428553,-194484717.68,-117.6612496952,96445763.36,58.3486927925,2025-10-31
419,603119,浙江荣泰,-192445854.69,67.7225526799,172908859.86,89.8480562954,-836316650.31,-434.572442029,472334996.59,245.4378647703,2025-10-31
420,603117,万林物流,12921526.08,198.2763897688,38101753.29,294.8703818272,1569735.9,12.1482237491,-26749979.92,-207.0187356693,2025-10-31
421,603116,红蜻蜓,51706711.13,108.3833122321,97158440.49,187.9029595321,85504427.19,165.3642734596,-130946852.71,-253.2492395054,2025-10-31
422,603113,金能科技,444233808.25,-17.0009837357,91854500.44,20.6770621088,-412110255.61,-92.7687735505,716568783.27,161.304423473,2025-10-31
423,603111,康尼机电,-90513442.6,61.8660560638,312323668.93,345.0577725899,-173393206.76,-191.5662489231,-235267055.77,-259.9249890535,2025-10-31
424,603098,森特股份,-213049683.59,5.8223909791,94998828.35,44.5899880015,-145512658.82,-68.2998708883,-162191603.09,-76.1285350708,2025-10-31
425,603097,江苏华辰,4100935.5,121.079256387,-37993009.06,-926.4473693868,-169400937.11,-4130.7876485743,211299844.66,5152.4791028779,2025-10-31
426,603090,宏盛股份,37834839.09,280.328155263,77525515.17,204.9051007871,-16558522.7,-43.7652785059,-25593566.65,-67.6455015155,2025-10-31
427,603089,正裕工业,19058599.93,133.9046005821,140023670.68,734.7007188056,-106669963.19,-559.6946448416,-22493676.18,-118.0237596813,2025-10-31
428,603087,甘李药业,78901243.23,655.7837144965,481960456.57,610.8401298127,331523276.37,420.174971646,-737269148.6,-934.4201921519,2025-10-31
429,603068,博通集成,25562598.1,546.32630685,178112977.61,696.7718105696,-139867400.5,-547.1564351669,-12137086.67,-47.4798634416,2025-10-31
430,603056,德邦股份,-405424390.21,74.4244849408,1787781198.59,440.9653789364,-914627386.37,-225.5975240898,-1275878763.13,-314.7020243329,2025-10-31
431,603053,成都燃气,358635724.19,4797.9040005039,610191504.32,170.1424211707,25112252.94,7.0021615936,-276668033.07,-77.1445827643,2025-10-31
432,603052,可川科技,-95403299.2,-124.8137559041,39738304.89,41.6529671649,-54865532.18,-57.5090511964,-80221212.01,-84.0864128208,2025-10-31
433,603048,浙江黎明,-90822622.89,-2.0664194635,29654032.31,32.6504909971,-79903856.12,-87.9779217748,-41952004.07,-46.1911390963,2025-10-31
434,603043,广州酒家,171379268.16,-74.7922310165,1088635544.95,635.2200920438,-643862626.82,-375.6945829754,-273393649.97,-159.5255090684,2025-10-31
435,603038,华立股份,-237405034.73,-571.4431857838,-89596625.51,-37.739985427,-147407232.29,-62.091030402,-462648.99,-0.1948774972,2025-10-31
436,603032,德新科技,-102351442.76,-114.5678743316,72379863.93,70.7169942877,-71943268.44,-70.2904292309,-103031129.85,-100.6640718212,2025-10-31
437,603028,赛福天,-17271680.56,10.6970622468,197803487.65,1145.2474874281,-30606212.13,-177.2045981494,-183991255.8,-1065.2770884734,2025-10-31
438,603027,千禾味业,-225036891.63,-3.7533666503,382703395.37,170.0625140162,-250649163.1,-111.3813656439,-357091123.9,-158.6811483724,2025-10-31
439,603026,石大胜华,873582530.75,5.7297062545,252789283.58,28.9370808918,280090945.5,32.0623336251,341381336.77,39.0783154142,2025-10-31
440,603019,中科曙光,-2509237724.37,33.8101839997,-1295679558.8,-51.6363812889,-495429072.83,-19.7442062989,-708707016.3,-28.2439168444,2025-10-31
441,603018,华设集团,-290187285.77,63.5239176271,-428913533.72,-147.8057636405,160333460.59,55.2517179257,-21394345.46,-7.3725991831,2025-10-31
442,603014,威高血净,836769000.53,3328.7156093143,485340683.74,58.0017523872,-760940721.45,-90.9379674639,1111810023.53,132.8694087407,2025-10-31
443,603013,亚普股份,92038519.14,-75.0624169622,687245791.29,746.6936644696,-377936178.74,-410.6282698498,-243050782.85,-264.0750689179,2025-10-31
444,603012,创力集团,-249159947.63,-2181.5052242671,-11841658.42,-4.7526332112,-295623110.2,-118.6479259656,58304869.26,23.4005785499,2025-10-31
445,603007,*ST花王,-117534360.87,-2740.0884674668,-63458559.53,-53.9914958147,-38413874.9,-32.6831018739,-15661926.44,-13.3254023113,2025-10-31
446,603001,奥康国际,22058839.18,108.7918650909,152270872.35,690.2941315609,-17414026.9,-78.9435326034,-112853493.92,-511.6021427924,2025-10-31
447,603000,人民网,-59072497.46,93.1769631439,-8801403.14,-14.89932459,185033355.81,313.2309683289,-236739158.15,-400.7603679027,2025-10-31
448,601998,中信银行,-45858000000.0,-280.4064703443,210437000000.0,458.8883073837,-271914000000.0,-592.9477953683,18902000000.0,41.2185442017,2025-10-31
449,601997,贵阳银行,11854430000.0,312.6406648412,15480733000.0,130.5902772213,-17947564000.0,-151.3996370977,14321357000.0,120.8101697003,2025-10-31
450,601992,金隅集团,-2509879688.57,-22.5139391786,-3988712093.62,-158.9204499237,-2072994225.72,-82.5933703181,3543724651.94,141.1910167678,2025-10-31
451,601990,南京证券,2918013755.2,-32.78392486,-3329586351.7,-114.1045461409,9158711.24,0.3138679941,6238888981.77,213.806016872,2025-10-31
452,601969,海南矿业,808563030.0,304.3863117127,1278942930.0,158.1747968368,-1237162900.0,-153.0076016461,770116040.0,95.2450225185,2025-10-31
453,601968,宝钢包装,-358774274.45,-330.9947855695,410883668.24,114.5242837909,-437656625.48,-121.986624083,-331229911.54,-92.3226482857,2025-10-31
454,601949,中国出版,-154293329.57,94.4767973729,-12146972.33,-7.8726490405,86926590.57,56.3385279275,-229072947.81,-148.4658788869,2025-10-31
455,601939,建设银行,586873000000.0,27.4907348271,1817380000000.0,309.6717688495,-1330592000000.0,-226.7257140812,105108000000.0,17.9098373924,2025-10-31
456,601933,永辉超市,-722248580.7,64.0796764358,1139554788.39,157.7787508126,637490019.06,88.2646274558,-2498817242.79,-345.9774528554,2025-10-31
457,601919,中远海控,-13629276851.94,-266.8261312031,39981831734.27,293.3525539807,-17458871875.17,-128.0982994537,-35438721894.63,-260.0190918389,2025-10-31
458,601916,浙商银行,-610000000.0,97.2152476604,-33355000000.0,-5468.0327868852,42468000000.0,6961.9672131148,-9434000000.0,-1546.5573770492,2025-10-31
459,601901,方正证券,11622749143.86,-1.4871530402,-1040270967.48,-8.9503004376,895541127.34,7.7050714616,11773024686.86,101.2929431853,2025-10-31
460,601888,中国中免,-2809218158.55,-1306.1833114308,3387993629.01,120.6027242384,-3305736990.29,-117.6746270214,-2621981056.1,-93.3349034542,2025-10-31
461,601882,海天精工,20949487.45,-92.1210807704,453351403.9,2164.021458673,-296696942.3,-1416.2491708121,-138006236.5,-658.7571024321,2025-10-31
462,601881,中国银河,48759799463.41,42.1012476951,33090979606.89,67.8652906104,-381952936.98,-0.7833357421,16085854941.43,32.9899940493,2025-10-31
463,601880,辽港股份,477394535.45,148.4920106869,4320383503.14,904.9922406564,-100146891.84,-20.9778043952,-3743360860.34,-784.1231062294,2025-10-31
464,601878,浙商证券,24053419591.29,400.8968535853,5449125706.33,22.654266208,7059513504.89,29.3493134234,11553105945.19,48.0310331816,2025-10-31
465,601869,长飞光纤,349760073.0,146.2763542698,1815930696.0,519.1932516551,-2231035237.0,-637.8759067219,761338447.0,217.6744876766,2025-10-31
466,601868,中国能建,-7811700000.0,-7.8002670822,-9110250000.0,-116.6231422098,-38517056000.0,-493.0688070458,39725706000.0,508.5411114098,2025-10-31
467,601866,中远海发,3773664143.63,310.2909951984,2632651830.66,69.7638086077,-851707309.57,-22.5697697822,1918986635.64,50.8520780494,2025-10-31
468,601860,紫金银行,10711165000.0,-28.2455685404,23729517000.0,221.5400192229,-2610263000.0,-24.3695527051,-10403053000.0,-97.1234501569,2025-10-31
469,601858,中国科传,-897116517.45,-38.1084122643,94440457.46,10.5271116542,-772360394.9,-86.0936544893,-227988226.89,-25.4134465764,2025-10-31
470,601857,中国石油,47708000000.0,209.4646995388,343100000000.0,719.1665967972,-186599000000.0,-391.1272742517,-110511000000.0,-231.6403957408,2025-10-31
471,601828,美凯龙,139188466.09,-87.0220073357,642876368.02,461.8747415496,-604044875.13,-433.9762424994,100472715.1,72.1846557566,2025-10-31
472,601825,沪农商行,11951682000.0,46.6878014654,21698052000.0,181.5481034385,-13560806000.0,-113.4635777625,3911480000.0,32.7274437188,2025-10-31
473,601818,光大银行,-22611000000.0,-505.0575327803,218497000000.0,966.3305470789,-173699000000.0,-768.2057405687,-67286000000.0,-297.580823493,2025-10-31
474,601816,京沪高铁,3608645847.71,166.74669108,16331635875.01,452.5696497863,-3577105458.92,-99.1259771637,-9145884568.38,-253.4436726226,2025-10-31
475,601811,新华文轩,-1550680131.4,-128.1212220674,870333335.85,56.1259100588,-1824697587.73,-117.6707917243,-596315879.52,-38.4551183345,2025-10-31
476,601800,中国交建,18965211843.0,-52.5468828379,-65790413885.0,-346.900495653,-21294540439.0,-112.282112192,105820876259.0,557.9736052253,2025-10-31
477,601788,光大证券,14592635501.71,110.6497143365,10263367471.54,70.3325144408,-1866133178.76,-12.7881846877,6187818044.32,42.4037045508,2025-10-31
478,601778,晶科科技,337266796.3,-49.8553863331,3272690993.67,970.3567115332,-1276185608.38,-378.3905271377,-1618260397.24,-479.8161025613,2025-10-31
479,601777,千里科技,576230407.88,25.1224025637,2508495972.59,435.3286356093,-2662020859.22,-461.9716042084,696728311.24,120.9114100388,2025-10-31
480,601766,中国中车,-21867750000.0,-106.6521040851,-11527861000.0,-52.7162648192,-14713381000.0,-67.28346995,4128942000.0,18.881421271,2025-10-31
481,601727,上海电气,-9245893000.0,-6950.0762508959,1645669000.0,17.7989189362,-9629458000.0,-104.1484905785,-1284758000.0,-13.8954452534,2025-10-31
482,601700,风范股份,-276272702.59,-308.4922330283,-261265241.23,-94.5678812205,238837059.92,86.449749715,-244147752.56,-88.3720144159,2025-10-31
483,601698,中国卫通,-2445684317.39,-36.5027643174,646518314.69,26.435068095,-2887195168.02,-118.0526508467,-204928793.77,-8.3792005498,2025-10-31
484,601696,中银证券,6119448253.84,-42.9266539675,10069633576.47,164.5513314072,-6978323641.48,-114.0351768985,3028907000.73,49.4964067852,2025-10-31
485,601689,拓普集团,-178342672.05,-45.2861314972,2971006171.39,1665.8975315549,-2586657937.29,-1450.3864428838,-663043246.35,-371.7804823313,2025-10-31
486,601688,华泰证券,54943591870.19,23.894411203,10538470486.57,19.1805270239,-41811573233.17,-76.0990896481,86360624298.59,157.1805216205,2025-10-31
487,601678,滨化股份,923524857.22,598.8171777891,1485473251.31,160.8482153671,-236750617.35,-25.6355435914,-320914563.52,-34.7488820697,2025-10-31
488,601669,中国电建,1223022403.47,-88.5642838179,-37032258293.71,-3027.9296755841,-30658843996.71,-2506.8096798328,69021240081.07,5643.4976076677,2025-10-31
489,601668,中国建筑,-55373801000.0,-104.4116326267,-69478983000.0,-125.4726635074,-12539138000.0,-22.6445318428,27139855000.0,49.0120860585,2025-10-31
490,601665,齐鲁银行,10976262000.0,383.6622360145,24964453000.0,227.4403890869,-37573829000.0,-342.3189880125,23594934000.0,214.9632907815,2025-10-31
491,601658,邮储银行,120321000000.0,251.035599518,349976000000.0,290.8685931799,-342448000000.0,-284.6119962434,112830000000.0,93.7741541377,2025-10-31
492,601636,旗滨集团,598235760.63,167.3433868677,1061841184.04,177.4954380731,-1587624571.33,-265.3844313249,1125679228.59,188.1664893126,2025-10-31
493,601628,中国人寿,10391000000.0,114.202922322,399710000000.0,3846.6942546434,-398240000000.0,-3832.5473967857,8855000000.0,85.2179770956,2025-10-31
494,601618,中国中冶,427167000.0,105.3300374055,-19391096000.0,-4539.4648931214,-1374615000.0,-321.7980321514,21103343000.0,4940.3027387415,2025-10-31
495,601616,广电电气,14614616.26,102.8034374958,20388039.3,139.5044449836,35115810.65,240.2787047246,-32372100.11,-221.504961431,2025-10-31
496,601615,明阳智能,-6026992590.29,-363.9523476115,-4925987922.44,-81.7321051693,-2723749792.29,-45.192519345,1631928228.65,27.076990791,2025-10-31
497,601611,中国核建,2106360768.23,130.2172036066,-15452187438.84,-733.5964319078,71602320.88,3.3993379463,17489681941.72,830.3269888765,2025-10-31
498,601607,上海医药,994412547.55,-69.4482784961,2349810165.59,236.3013390548,-790307953.71,-79.4748573575,-553635005.26,-55.6745795921,2025-10-31
499,601601,中国太保,18966000000.0,-25.374778674,169397000000.0,893.1614467995,-158688000000.0,-836.6972477064,8433000000.0,44.4637772857,2025-10-31
500,601595,上海电影,6448903.27,101.8068999543,83837402.76,1300.0257446876,-5225696.01,-81.0323211748,-72162803.48,-1118.9934235128,2025-10-31
501,601588,北辰实业,-525591849.0,47.304231779,1107080362.0,210.6349944556,-126522595.0,-24.0724043268,-1506149616.0,-286.5625901288,2025-10-31
502,601577,长沙银行,29549917000.0,300.5305316268,-19555439000.0,-66.1776444245,34767904000.0,117.6582120349,14342257000.0,48.5356930106,2025-10-31
503,601555,东吴证券,5595004743.42,-42.5637716036,5618428558.1,100.4186558502,-4453200577.59,-79.5924361427,4435477545.44,79.275670868,2025-10-31
504,601515,衢州东峰,258054982.5,188.964420349,-38131729.55,-14.7765910895,259558880.28,100.5827819194,23176170.62,8.9810979023,2025-10-31
505,601456,国联民生,23431514335.85,67.9647696219,-1929752746.25,-8.2357150229,23812546258.44,101.6261515032,1554458012.22,6.6340484441,2025-10-31
506,601398,工商银行,-246094000000.0,-188.275342564,1549207000000.0,629.5183954099,-1978307000000.0,-803.8826627224,190094000000.0,77.2444675612,2025-10-31
507,601390,中国中铁,-44134061000.0,-16.396414297,-72882680000.0,-165.1393013664,-24306948000.0,-55.0752580869,52593306000.0,119.1671575385,2025-10-31
508,601377,兴业证券,763841464.19,-93.5789108002,3252534186.68,425.8127293638,-2308195638.54,-302.1825531542,-92857153.77,-12.1566003056,2025-10-31
509,601375,中原证券,4494674763.99,-33.9052194381,5497155421.64,122.3037418788,67170460.95,1.4944454155,-1069808411.53,-23.801686834,2025-10-31
510,601360,三六零,-407088000.0,94.6082202231,-337666000.0,-82.9466847463,886000000.0,217.6433596667,-950459000.0,-233.4775282003,2025-10-31
511,601339,百隆东方,-405975998.5,17.7770975962,597107493.18,147.0795060265,290146273.67,71.4688244483,-1024699848.42,-252.4040465954,2025-10-31
512,601336,新华保险,-9695000000.0,-684.388185654,90174000000.0,930.1083032491,-57887000000.0,-597.0809695719,-41914000000.0,-432.3259412068,2025-10-31
513,601333,广深铁路,925533944.0,9.2370535842,2087253892.0,225.5188916118,-348832965.0,-37.6899158871,-812853830.0,-87.8253936843,2025-10-31
514,601328,交通银行,24431000000.0,121.2074652778,131457000000.0,538.0745773812,-163292000000.0,-668.3803364578,55631000000.0,227.7066022676,2025-10-31
515,601319,中国人保,-5886000000.0,-18.2165093392,95796000000.0,1627.5229357798,-101977000000.0,-1732.5348284064,386000000.0,6.5579340809,2025-10-31
516,601288,农业银行,1086768000000.0,306.5617436131,2034128000000.0,187.1722391532,-1208002000000.0,-111.1554628035,254114000000.0,23.3825434683,2025-10-31
517,601279,英利汽车,64414513.67,134.0066560978,434002127.53,673.7645024434,-235412953.49,-365.4657003172,-134242014.37,-208.4033655175,2025-10-31
518,601236,红塔证券,1029314492.89,-17.8905960133,805521542.09,78.2580588979,4538039.52,0.4408797847,219615713.65,21.3361140028,2025-10-31
519,601229,上海银行,29428710000.0,83.2995857547,-154412472000.0,-524.700104082,57273231000.0,194.6168588429,126040964000.0,428.2925211469,2025-10-31
520,601228,广州港,-33285474.98,94.9055956348,2149248619.98,6457.0165252904,-2225043939.9,-6684.7294239813,42870836.13,128.7974293765,2025-10-31
521,601226,华电科工,-1592757748.71,-131.8069855704,-1383835501.34,-86.8829865974,-29871798.86,-1.8754765993,-179049799.03,-11.2414960263,2025-10-31
522,601222,林洋能源,556042746.21,209.0366317199,-307883313.32,-55.3704396683,210398321.3,37.8385156059,651958445.65,117.2496988934,2025-10-31
523,601211,国泰海通,219473239926.0,1251.8162953967,32468193413.0,14.7936912144,148358173066.0,67.5973859574,38836517716.0,17.6953316628,2025-10-31
524,601198,东兴证券,1857076518.18,-56.9553037881,8387767619.16,451.6651595692,-7124837576.06,-383.6588049179,598496562.9,32.2278892141,2025-10-31
525,601188,龙江交通,-540080650.82,-250.4730235577,-121960403.47,-22.5818872209,-333562839.89,-61.7616719621,-84557407.46,-15.6564408171,2025-10-31
526,601186,中国铁建,-13226346000.0,-32.1509862956,-79756621000.0,-603.0132660978,-43558739000.0,-329.3331279856,109899328000.0,830.9122413704,2025-10-31
527,601169,北京银行,195363000000.0,292.2479219371,333319000000.0,170.6152137303,-296831000000.0,-151.9381868624,158966000000.0,81.3695530884,2025-10-31
528,601166,兴业银行,-62716000000.0,12.0256982143,202903000000.0,323.5266917533,108297000000.0,172.6784233688,-373609000000.0,-595.7156068627,2025-10-31
529,601163,三角轮胎,-289700366.56,-10716.2015412803,538739349.69,185.9643313839,28554133.49,9.856436783,-868072015.94,-299.6447765144,2025-10-31
530,601162,天风证券,-2814437977.64,0.4801469745,2427421665.46,86.2488953299,884369747.58,31.4226056714,-6110365033.51,-217.1078233756,2025-10-31
531,601156,东航物流,727258911.27,2409.4888139721,3752599955.76,515.9922962246,-548031163.82,-75.3557165581,-2486503117.13,-341.9006736938,2025-10-31
532,601155,新城控股,-1049209049.0,59.5933204216,1026478031.0,97.8335091542,956420097.0,91.1562951074,-3033978478.0,-289.1681577558,2025-10-31
533,601127,赛力斯,20350597184.33,92.7365824858,22649447024.5,111.2962279158,-8203176437.23,-40.3092664207,5907312060.56,29.0277086567,2025-10-31
534,601118,海南橡胶,-480237738.47,-125.5816609262,1626114395.76,338.6061247374,-917335240.24,-191.0168999135,-1176104500.7,-244.9004745956,2025-10-31
535,601113,华鼎股份,39868007.89,105.7331555484,169851028.93,426.033398505,-616653102.67,-1546.7366826339,482536852.69,1210.3360017921,2025-10-31
536,601111,中国国航,3173652000.0,-39.4809666411,34076814000.0,1073.7413553849,-10624232000.0,-334.7636098728,-20244400000.0,-637.8897245193,2025-10-31
537,601107,四川成渝,1050777523.33,43.8433507974,2557793484.41,243.4191279905,-1502033949.35,-142.9450017726,-4982011.73,-0.4741262179,2025-10-31
538,601106,中国一重,873164001.25,76.8250091486,68843761.79,7.8844022075,148173061.06,16.9696713158,652301364.0,74.7054806504,2025-10-31
539,601086,国芳集团,-202839024.22,-6411.5868978293,49549639.72,24.4280605818,-162704715.16,-80.2137141931,-89683948.78,-44.2143463887,2025-10-31
540,601083,锦江航运,587432002.69,108.3020503907,1725488917.05,293.7342380307,-546245020.78,-92.988638392,-623409551.38,-106.1245469306,2025-10-31
541,601066,中信建投,33492832156.85,103.2896093407,57951521124.99,173.0266370237,-40963886551.58,-122.3064277149,16687786246.02,49.8249481199,2025-10-31
542,601021,春秋航空,-328061819.0,84.172417678,5541634283.0,1689.2042785997,-3818057213.0,-1163.8224846275,-2034833703.0,-620.2592271184,2025-10-31
543,601019,山东出版,-894204031.14,-12.3674192933,292873790.82,32.7524570032,-469713945.48,-52.5287215359,-716803368.67,-80.1610531498,2025-10-31
544,601012,隆基绿能,-1347829484.69,74.8856855606,1818660320.07,134.9325223055,-4688819500.21,-347.8792794987,1061703344.9,78.771339918,2025-10-31
545,601010,文峰股份,-134821959.66,57.1612870594,-55812668.23,-41.397312701,-109281373.64,-81.0560638012,30274855.89,22.4554337931,2025-10-31
546,601008,连云港,716998577.66,78.3677148451,503947414.83,70.2856924033,-127964385.58,-17.8472300458,342156906.07,47.720723127,2025-10-31
547,601005,重庆钢铁,-116343277.23,-119.8095122198,1832742291.25,1575.2885210779,-1360429985.45,-1169.3241052171,-588655583.03,-505.9644158607,2025-10-31
548,600999,招商证券,-4945267119.63,-142.1350898904,-16335418825.86,-330.3242965586,10538722328.34,213.1072411945,968131861.13,19.57693766,2025-10-31
549,600992,贵绳股份,-38607959.85,83.560542297,-52771467.06,-136.6854588148,-123721630.8,-320.4562771011,137258762.17,355.5193351404,2025-10-31
550,600986,浙文互联,231079151.27,174.9817975104,188863893.01,81.7312561397,-678671338.87,-293.6964824131,721626773.66,312.2855392596,2025-10-31
551,600985,淮北矿业,-1235695178.36,-474.3960497422,3856415347.37,312.0846803407,-5506398896.01,-445.6114252479,414283578.33,33.5263571134,2025-10-31
552,600984,建设机械,-498061111.09,-215.9235588421,238390584.33,47.8637217446,-170269938.08,-34.1865554826,-566044328.65,-113.6495735255,2025-10-31
553,600982,宁波能源,-90983153.34,-4.4544114741,524478231.72,576.4564234876,-1511089637.45,-1660.8455323626,895456219.94,984.2000272223,2025-10-31
554,600979,广安爱众,134545059.02,1440.9568474835,236920068.61,176.089757837,-138599744.53,-103.013626468,36224734.94,26.923868631,2025-10-31
555,600973,宝胜股份,730570355.85,-21.3645671499,-118166181.49,-16.1745108522,-174531814.38,-23.8898023965,1029609169.37,140.9322402867,2025-10-31
556,600966,博汇纸业,106404191.67,-18.803034191,2276079665.21,2139.0883474487,-357036251.43,-335.5471676692,-1812743580.86,-1703.6392574477,2025-10-31
557,600962,国投中鲁,-7006079.7,80.0754126076,857317711.98,12236.767902883,-26949372.52,-384.6569504483,-837461876.42,-11953.3592576744,2025-10-31
558,600960,渤海汽车,-273735022.06,-25275.3782512101,14370179.91,5.249668019,1669599.86,0.6099328641,-290073779.27,-105.9688223622,2025-10-31
559,600958,东方证券,20468550928.6,559.0359511132,1795310107.31,8.771065981,20177099430.62,98.5761009707,-2012381884.68,-9.831579635,2025-10-31
560,600956,新天绿能,853283642.07,200.3601008964,5551566311.3,650.6120635141,-5685741896.07,-666.3366805294,988286574.41,115.8215774549,2025-10-31
561,600939,重庆建工,-1834689583.35,-29.4008288803,-1535699364.87,-83.703498336,451986409.5,24.6355794245,-750941591.2,-40.9301714042,2025-10-31
562,600938,中国海油,16981000000.0,23047.2972972973,171749000000.0,1011.4186443672,-101375000000.0,-596.9907543725,-53137000000.0,-312.9203227136,2025-10-31
563,600928,西安银行,19828448000.0,462.2115963547,-2990167000.0,-15.0801868104,9957032000.0,50.2158918338,12861583000.0,64.8642949766,2025-10-31
564,600926,杭州银行,7873650000.0,114.5170821655,82745697000.0,1050.9191670953,-101709830000.0,-1291.7748439415,26751933000.0,339.7653311996,2025-10-31
565,600919,江苏银行,68363390000.0,407.7722212306,401953318000.0,587.9657489191,-377377837000.0,-552.0174423767,43478672000.0,63.5993504711,2025-10-31
566,600918,中泰证券,9158183741.39,-55.6474387623,4811984421.08,52.5429993213,2226973533.05,24.3167596975,2124069308.23,23.1931283343,2025-10-31
567,600916,中国黄金,-1514411479.5,-196.3098435098,-901829053.81,-59.5498030765,-25167806.52,-1.661886935,-587414619.17,-38.7883099885,2025-10-31
568,600906,财达证券,1518107053.8,-65.179819923,3186371413.07,209.8910880556,-31042474.35,-2.0448145783,-1636882145.57,-107.8238943342,2025-10-31
569,600905,三峡能源,1276898448.76,-67.4946906733,17220973895.14,1348.6564974578,-19984101047.63,-1565.0501468646,4038716976.51,316.2911647698,2025-10-31
570,600900,长江电力,3757085496.38,389.5859403448,42895214451.84,1141.7151537587,-6640657422.17,-176.7502344189,-32504961688.76,-865.1642801336,2025-10-31
571,600897,厦门空港,33531642.91,-79.7705665302,529923348.68,1580.3679828702,-360427402.06,-1074.8873922682,-135955121.35,-405.4532064382,2025-10-31
572,600895,张江高科,1247525034.39,349.5368697518,-587227411.73,-47.0713930015,1275312161.6,102.2273803286,579185896.75,46.4267955178,2025-10-31
573,600893,航发动力,-2669061130.33,43.2821775078,-8466360427.51,-317.2036912644,-2156998533.71,-80.8148794046,7958492904.96,298.1757448162,2025-10-31
574,600892,*ST大晟,-24237684.77,-911.9834701427,-182799389.97,-754.194931177,-7537019.65,-31.0962854807,166119131.48,685.3754104666,2025-10-31
575,600888,新疆众和,-910861512.19,-129.0810011107,477034003.07,52.3717378203,-2554133112.21,-280.4085009662,1166173015.94,128.0296730439,2025-10-31
576,600887,伊利股份,-11548133566.04,-436.58818417,9399863342.62,81.3972516759,-15609791873.63,-135.1715563763,-5390122244.48,-46.6752675976,2025-10-31
577,600886,国投电力,9022010966.14,501.5033509654,24072540650.59,266.8201218213,-9657619190.82,-107.0450837077,-5565249236.93,-61.6852413261,2025-10-31
578,600885,宏发股份,-184298761.51,45.5045831801,1572957157.18,853.4822178361,-106078273.02,-57.5577785498,-1661309595.93,-901.42200757,2025-10-31
579,600884,杉杉股份,570300504.18,143.6078338926,2355036201.05,412.9465402518,-403142443.07,-70.6894768837,-1372737358.73,-240.7042162279,2025-10-31
580,600883,博闻科技,123170057.44,272.6165281238,-16649824.22,-13.5177530693,151440770.03,122.9525853747,-11650854.86,-9.4591616681,2025-10-31
581,600882,妙可蓝多,-86542825.84,93.9902666372,485134592.02,560.5717022887,-834493967.71,-964.2555111995,268879983.49,310.690089999,2025-10-31
582,600877,电科芯片,22364223.91,109.5966727817,33056851.79,147.8113075733,-6354394.3,-28.4132117688,-4472327.4,-19.997686564,2025-10-31
583,600876,凯盛新能,32663021.32,-64.1313325669,-735810751.58,-2252.7332801557,-328592530.62,-1006.0077645628,1096932661.04,3358.3318894273,2025-10-31
584,600875,东方电气,1532778153.99,145.7631385098,-3704379737.92,-241.6774879181,-1828943904.41,-119.3221536756,7070729597.6,461.3015640387,2025-10-31
585,600868,梅雁吉祥,-266357738.89,-339.2218181351,40331174.16,15.1417316906,-231755273.95,-87.0090258747,-74933639.25,-28.1327058723,2025-10-31
586,600860,京城股份,238719061.69,299.8463161473,-8676632.1,-3.6346624516,-64242176.92,-26.911205358,309316526.47,129.5734510182,2025-10-31
587,600859,王府井,-1333086697.19,25.6212293827,1225764066.96,91.9493135401,-869048247.27,-65.1906773282,-1687160734.81,-126.5604658997,2025-10-31
588,600857,宁波中百,-5575463.87,-195.4189121903,-11331693.14,-203.2421589345,6766812.59,121.3677058587,-1010583.32,-18.1255469242,2025-10-31
589,600847,万里股份,-3951133.22,67.4271854108,-41225896.87,-1043.3942510802,-4635527.2,-117.3214604999,41910290.85,1060.7157115801,2025-10-31
590,600846,同济科技,945845745.42,525.9522286799,654141434.67,69.1594203217,74497420.94,7.8762759468,217206889.81,22.9643037315,2025-10-31
591,600844,金煤科技,12597636.22,1002.0428387488,24178244.76,191.9268372079,-67511194.02,-535.9036635208,55923412.35,443.9198860276,2025-10-31
592,600843,上工申贝,591293100.25,2540.3063501,-353913669.39,-59.8541855537,496897488.87,84.0357326443,416473453.44,70.4343502848,2025-10-31
593,600835,上海机电,515616363.18,2800.9473320314,1293484748.71,250.8618502199,-345442033.96,-66.9959409026,-428112435.71,-83.0292570759,2025-10-31
594,600833,第一医药,-60254082.67,50.5384876386,24541621.52,40.7302218082,6852987.7,11.3734827523,-91087965.5,-151.1731014127,2025-10-31
595,600830,香溢融通,163201225.42,-24.2446578434,-1027246507.4,-629.435535644,3400899.52,2.0838688627,1187046833.3,727.3516667814,2025-10-31
596,600827,百联股份,-1176520508.52,-248.9344052445,-240606598.92,-20.4506931394,-328241911.27,-27.8993786248,-607406783.41,-51.6273859241,2025-10-31
597,600825,新华传媒,-61253776.71,-23.2988234965,-34666893.08,-56.5955193981,27857061.92,45.478113214,-54425752.24,-88.852892284,2025-10-31
598,600822,上海物贸,-41762118.47,-550.8824875135,17270982.96,41.3556198602,-4847597.29,-11.6076422069,-54185499.63,-129.747966854,2025-10-31
599,600821,金开新能,-528369377.32,-186.1035394094,1974824876.22,373.7583896774,-1937161537.81,-366.6301683939,-566032715.73,-107.1282212836,2025-10-31
600,600820,隧道股份,-2888389763.05,-83.5887684608,357493619.81,12.3769175609,353509923.66,12.2389965573,-3590912354.42,-124.3222919689,2025-10-31
601,600819,耀皮玻璃,-461528.15,-100.6350789895,360596227.26,78130.928148153,-488927971.76,-105936.760685128,123423423.14,26742.3391487605,2025-10-31
602,600815,厦工股份,-206266329.26,-17.6877204053,-141168983.68,-68.4401492897,-4624525.24,-2.2420165504,-63082463.76,-30.5830156508,2025-10-31
603,600814,杭州解百,96525016.47,114.8645183271,527737661.09,546.7366703367,-19422769.48,-20.1220058699,-411789875.14,-426.6146644668,2025-10-31
604,600810,神马股份,415861989.36,122.0129606623,880453317.16,211.7176706905,-2491396371.34,-599.092111105,2026675609.51,487.3433161393,2025-10-31
605,600809,山西汾酒,4991889124.48,-30.207959477,8982107362.78,179.9340317623,3755404466.16,75.2301257603,-7745592668.8,-155.1635558333,2025-10-31
606,600808,马钢股份,3540725408.0,196.1441903312,4324134550.0,122.1256678146,-1789983994.0,-50.5541601717,1036931804.0,29.2858576849,2025-10-31
607,600807,济高发展,602963076.82,526.7430878756,-65776488.54,-10.9088750321,-2903570.48,-0.4815502958,671448139.4,111.3580856296,2025-10-31
608,600803,新奥股份,911160000.0,123.1764176212,6551460000.0,719.0241011458,-6441750000.0,-706.9834057685,868800000.0,95.3509811669,2025-10-31
609,600793,宜宾纸业,129777400.09,117.4401951023,356903812.18,275.0122994701,-67844442.83,-52.2775481578,-159853222.4,-123.1749305265,2025-10-31
610,600791,京能置业,-962578921.7,53.6908534531,-77499129.84,-8.0511974751,-1694781.17,-0.1760667237,-883385010.69,-91.7727358012,2025-10-31
611,600790,轻纺城,-743164441.55,33.5154139279,-64797039.41,-8.7190715523,-993651560.53,-133.7054768737,314992357.72,42.3852838092,2025-10-31
612,600789,鲁抗医药,50505804.05,11.2976485905,305942559.58,605.7572299554,-114511605.78,-226.7295965957,-145650672.54,-288.3840288847,2025-10-31
613,600783,鲁信创投,-228570978.04,-55.9514762109,19164983.48,8.3846967994,-458301982.3,-200.5075124716,209547776.3,91.6773328341,2025-10-31
614,600779,水井坊,-1718898944.24,-1094.7805635997,-866564685.86,-50.4139402007,-236328060.47,-13.7488047952,-616006197.91,-35.8372550041,2025-10-31
615,600777,*ST新潮,567653378.81,-5.7885554255,4187731449.87,737.7268604741,-3069447558.65,-540.7256740169,-504073833.75,-88.7995830848,2025-10-31
616,600774,汉商集团,-35467884.47,-4.8656517626,72179925.69,203.5078403141,-304382.74,-0.8581925439,-107343427.42,-302.6496477702,2025-10-31
617,600773,西藏城投,-539805979.6,-253.8950744681,-356904202.1,-66.1171264469,3077422.94,0.5700979715,-185979200.44,-34.4529715247,2025-10-31
618,600765,中航重机,-1097889729.79,20.7635344658,-912556734.53,-83.1191612207,-468467022.08,-42.6697699567,285720353.25,26.0245036908,2025-10-31
619,600764,中国海防,-257941142.04,57.1281033884,-8354772.73,-3.2390229274,-130553847.99,-50.6138132744,-119032521.32,-46.1471637981,2025-10-31
620,600759,洲际油气,-46891727.59,92.5771307328,87948575.03,187.5566961384,-469800751.49,-1001.8840755831,343292563.13,732.0962156302,2025-10-31
621,600758,辽宁能源,476729266.21,513.2058273237,435720963.76,91.3979893083,-62509223.07,-13.1121010394,103517525.52,21.7141117312,2025-10-31
622,600756,浪潮软件,-315183788.85,46.1052247451,-289981828.15,-92.0040428501,-46409189.78,-14.7244850217,21207229.08,6.7285278717,2025-10-31
623,600755,厦门国贸,28541065.2,101.6366527701,1773985115.96,6215.5532862172,-8012027740.99,-28071.9296383864,6367299482.95,22309.2566389218,2025-10-31
624,600754,锦江酒店,-2678863017.46,-341.5602545571,2789760045.28,104.1397050576,-1963335817.0,-73.2898921745,-3619638182.17,-135.1184498266,2025-10-31
625,600751,海航科技,-55827222.2,92.3689146926,1531918.58,2.7440351134,-568639965.03,-1018.5711246618,519942443.11,931.3421349307,2025-10-31
626,600744,华银电力,-1258937420.13,-317.6508396989,2715612727.38,215.7067288618,-3258266678.84,-258.8108532435,-716283468.67,-56.8958756183,2025-10-31
627,600742,富维股份,246149330.05,-29.3154694696,1132204434.65,459.9664904308,-310229585.83,-126.033081531,-575283172.87,-233.7130768356,2025-10-31
628,600739,辽宁成大,-239743717.0,-137.9888224041,-43725373.9,-18.2383815714,200549420.08,83.6515853635,-395881978.3,-165.1271546357,2025-10-31
629,600738,丽尚国潮,-113942339.23,58.2864539495,87909832.11,77.1529114674,-100172215.53,-87.9148314902,-101684882.38,-89.2424037168,2025-10-31
630,600736,苏州高新,845675836.21,167.5787513931,674953834.59,79.8123590258,-2130770511.84,-251.9606710521,2301512381.43,272.1506613863,2025-10-31
631,600735,ST新华锦,-473022874.75,-902.5991477227,91404227.02,19.3234263921,-392133901.39,-82.8995641273,-173991541.16,-36.7829021486,2025-10-31
632,600732,爱旭股份,2602880869.65,2973.005248394,1762769682.18,67.7237941519,-1572307968.18,-60.4064514252,2387615159.04,91.7297132911,2025-10-31
633,600731,湖南海利,-173101300.5,-2.0453171614,119801391.61,69.2088339394,-188349806.72,-108.809007313,-104552885.39,-60.3998266264,2025-10-31
634,600730,中国高科,79091403.34,-85.965968003,-27446768.56,-34.7025939621,116316740.73,147.0662244163,-9776524.49,-12.3610456727,2025-10-31
635,600728,佳都科技,-499973313.97,57.1313714164,-1049809648.66,-209.9731364308,363419407.28,72.6877609515,186580484.07,37.3180885573,2025-10-31
636,600727,鲁北化工,-139434886.44,11.88460424,231906287.31,166.3186977312,-154148787.24,-110.5525246771,-217051452.38,-155.6650978257,2025-10-31
637,600720,中交设计,-1446282576.37,-668.4895241308,-1087537950.38,-75.1953987519,44761549.22,3.0949380122,-401296325.61,-27.7467441126,2025-10-31
638,600716,凤凰股份,-48011358.13,90.5320270548,105850498.9,220.4697034676,22654901.03,47.1865448352,-176516758.06,-367.6562483028,2025-10-31
639,600715,文投控股,-124917908.87,-600.0104595678,61976336.31,49.6136517739,-107407289.93,-85.9822990167,-79487043.34,-63.6314232755,2025-10-31
640,600713,南京医药,-1836132390.77,-32.0238123685,-4976734468.25,-271.0444243164,-455975348.24,-24.8334679205,3596577425.72,195.8778922369,2025-10-31
641,600707,彩虹股份,4914262255.63,268.1226283973,2612868836.96,53.1690964186,-2537254060.18,-51.6304162903,4823613805.78,98.1554006454,2025-10-31
642,600698,湖南天雁,-82719655.29,-16.9911137877,-34603458.29,-41.8322080389,-40808288.0,-49.3332423315,-7307909.0,-8.8345496296,2025-10-31
643,600694,大商股份,24531078.68,-95.0770692791,299335457.22,1220.2294938789,382281219.51,1558.3547079064,-654756237.39,-2669.0886525256,2025-10-31
644,600691,潞化科技,-1934431587.59,-147.0930274053,-190002210.21,-9.8221209491,-448706421.72,-23.1957761959,-1295722954.65,-66.9821028028,2025-10-31
645,600690,海尔智家,-10680687543.53,-13.9292705782,17491126692.81,163.764051907,-14824845653.04,-138.8004807052,-13584908837.73,-127.1913327898,2025-10-31
646,600689,上海三毛,-39849633.18,64.3783194802,11823777.3,29.6709815285,-49584021.54,-124.427799162,-3429956.51,-8.6072473855,2025-10-31
647,600686,金龙汽车,178173807.0,121.5384380065,946258691.11,531.0874292033,-579820991.1,-325.4243712152,-225908103.86,-126.7908609373,2025-10-31
648,600685,中船防务,-706614598.07,81.1285577377,-63352355.7,-8.9656165996,649334987.01,91.8937973803,-1265130895.1,-179.0411489595,2025-10-31
649,600684,珠江股份,-135924100.86,73.1300930608,-123336751.41,-90.7394278348,14657258.27,10.783413815,-27244607.72,-20.0439859801,2025-10-31
650,600683,京投发展,-1281862304.24,84.4367065711,259093511.76,20.2122732608,6528293.06,0.5092819282,-1547484109.06,-120.721555189,2025-10-31
651,600682,南京新百,546632369.81,247.0745338006,525507601.25,96.1354706149,129768988.73,23.7397190318,-111288853.03,-20.3589943034,2025-10-31
652,600681,百川能源,-96750708.6,46.5305587321,-94220471.54,-97.3847870505,-264902331.24,-273.7988538515,262372094.18,271.183640902,2025-10-31
653,600678,四川金顶,-33664792.73,-219.473140708,85813117.1,254.9046352022,-119842624.46,-355.9880062865,347785.62,1.0330840971,2025-10-31
654,600676,交运股份,146760438.9,46.2728951335,188370263.27,128.3522076398,-9544562.25,-6.5034980282,-32068322.42,-21.8507948466,2025-10-31
655,600675,中华企业,-3553279468.36,11.7974285472,382324215.32,10.7597564088,39555844.44,1.1132207526,-3975157442.54,-111.8729184669,2025-10-31
656,600666,奥瑞德,26604622.59,115.4463265737,-5716336.58,-21.4862532278,-23229569.08,-87.3140334971,55548119.7,208.7912335989,2025-10-31
657,600658,电子城,-172781595.29,68.2627790371,104645410.42,60.565137302,-92450386.71,-53.5070801695,-184974557.59,-107.0568640598,2025-10-31
658,600657,信达地产,1599996853.17,137.137263488,821315264.03,51.3323049606,-744436610.86,-46.5273796873,1523118200.0,95.1950747267,2025-10-31
659,600655,豫园股份,79886923.96,-85.2482768665,1102435497.62,1379.9949265439,582529118.4,729.1920749029,-1651320534.93,-2067.0723731419,2025-10-31
660,600654,中安科,-138646774.55,-165.8244033264,-18694561.73,-13.4835893519,-84814003.23,-61.1727200328,-37385733.66,-26.9647337858,2025-10-31
661,600653,申华控股,-74718889.43,-572.5975346166,38110013.12,51.004522967,-9567209.32,-12.8042713067,-103261693.23,-138.2002516602,2025-10-31
662,600650,锦江在线,53478063.57,-26.2226847846,71441961.46,133.591152504,52499590.78,98.1703286831,-70463488.67,-131.7614811871,2025-10-31
663,600649,城投控股,1192693736.91,-54.5480947778,1306010455.4,109.5009066438,-207058382.43,-17.3605659208,93741663.94,7.8596592771,2025-10-31
664,600648,外高桥,-1590715041.6,30.2477839955,-1076621617.94,-67.6816142291,-1327072588.67,-83.4261670987,814082876.71,51.177165955,2025-10-31
665,600644,乐山电力,150959078.77,276.9634925627,69310502.48,45.9134376314,-128497483.6,-85.1207391082,210146059.89,139.2073014768,2025-10-31
666,600642,申能股份,2282001956.51,-12.8819298996,7319428529.57,320.7459357644,-3770890383.86,-165.2448357068,-1266548167.75,-55.5016249717,2025-10-31
667,600639,浦东金桥,-676597507.2,-132.2227914991,-911843840.75,-134.7690216187,829514731.82,122.6009145752,-594285628.05,-87.8344394896,2025-10-31
668,600638,新黄浦,1847049559.13,316.9839535437,1701488634.69,92.1192734802,-175447777.33,-9.4988126584,321008701.77,17.3795391782,2025-10-31
669,600637,东方明珠,-126042370.56,92.9207437556,793593926.87,629.6247232927,796912309.36,632.2574748629,-1716246318.18,-1361.6423672094,2025-10-31
670,600636,*ST国化,-492732064.37,-6621.4381838783,-52287124.91,-10.6116749225,-416691408.88,-84.5675447188,-23753530.58,-4.8207803587,2025-10-31
671,600635,大众公用,-340635241.75,43.1313511515,943821306.57,277.0768232086,-494730010.24,-145.2374709376,-775515059.41,-227.6673004901,2025-10-31
672,600628,新世界,94819492.57,-70.388302236,92977844.61,98.0577327403,61697609.02,65.068486814,-59855852.55,-63.1261051158,2025-10-31
673,600626,申达股份,-202290501.86,-401.5982787281,280981015.67,138.8997570753,-83728056.53,-41.3900088042,-411405602.47,-203.3736624741,2025-10-31
674,600624,ST复华,137135682.49,176.5455634906,-21822529.92,-15.9130938963,2429169.19,1.7713618702,154462793.12,112.635012504,2025-10-31
675,600622,光大嘉宝,-319450353.49,50.1308835228,199888404.1,62.5726038229,-355888210.57,-111.406422526,-163234479.97,-51.0985441671,2025-10-31
676,600619,海立股份,-279932454.58,-141.6675633458,744940849.59,266.1144991951,-525420058.56,-187.6952993351,-507500622.81,-181.2939566337,2025-10-31
677,600617,国新能源,54823450.46,121.753212992,1612569760.11,2941.3868455554,-152368563.48,-277.9258915693,-1405372704.81,-2563.4517583591,2025-10-31
678,600616,金枫酒业,-83048431.45,-78.794096674,-36677449.61,-44.1639281677,-10096908.38,-12.1578556075,-36274073.46,-43.6782162248,2025-10-31
679,600613,神奇制药,-168305985.47,-220.8606504436,157307757.34,93.4653374927,-213238370.06,-126.6968429343,-112381279.9,-66.7720043266,2025-10-31
680,600611,大众交通,-129176052.8,-122.9490353714,590908952.75,457.4446578461,-26966223.1,-20.8755589875,-690748171.51,-534.7339205197,2025-10-31
681,600609,金杯汽车,472969184.31,-30.9440095519,525125019.66,111.027322092,35301847.86,7.4638790499,-87457683.21,-18.4912011419,2025-10-31
682,600606,绿地控股,-2394379310.04,69.618830225,-699305479.58,-29.2061277279,-297476618.37,-12.4239554327,-1466337379.88,-61.2408140068,2025-10-31
683,600605,汇通能源,-733795820.16,-2296.9644933348,-113653363.21,-15.4884179069,-579566991.55,-78.9820513591,-40575465.4,-5.5295307339,2025-10-31
684,600597,光明乳业,184522389.0,110.2052016843,885237667.0,479.7453966413,41438384.0,22.4571035659,-743958088.0,-403.1803902127,2025-10-31
685,600588,用友网络,-3824687464.0,7.6082763349,-933700937.0,-24.4124767262,-1985485721.0,-51.9123651197,-906701388.0,-23.7065484836,2025-10-31
686,600587,新华医疗,-152550176.87,77.9721209047,219663782.82,143.9944465008,-202327749.6,-132.6302949963,-169923701.51,-111.3887279559,2025-10-31
687,600586,金晶科技,-251695527.84,-181.10248529,60012327.8,23.8432237215,-186344813.67,-74.0358063845,-181359855.59,-72.0552554693,2025-10-31
688,600585,海螺水泥,-6532894461.0,-202.5487942121,11099688251.0,169.9046007442,-11289916035.0,-172.8164461006,-6305734293.0,-96.5228250761,2025-10-31
689,600571,信雅达,-119160703.28,-212.8339778647,-562531304.64,-472.077865568,373298944.64,313.2735326031,70494375.61,59.1590798557,2025-10-31
690,600570,恒生电子,-1317262575.36,17.2481362343,-669767830.64,-50.8454307568,-491397130.21,-37.3044174641,-168146305.98,-12.7648282981,2025-10-31
691,600569,安阳钢铁,73566459.86,107.8882268391,1081560144.26,1470.181039455,-583154967.08,-792.691354443,-425448758.68,-578.3189234464,2025-10-31
692,600568,ST中珠,70659318.21,248.538218252,64779020.76,91.6779589742,8221268.45,11.6350803521,-2340971.0,-3.3130393263,2025-10-31
693,600567,山鹰国际,-268434950.44,-299.0759120132,2125081427.31,791.6560134315,-631740568.3,-235.3421442567,-1757133614.92,-654.5845136931,2025-10-31
694,600563,法拉电子,-32953842.67,-108.1119265578,1068302235.97,3241.8138505666,-660633541.91,-2004.7238451843,-456138555.55,-1384.1741010837,2025-10-31
695,600557,康缘药业,-10404932.84,93.4635798781,346124906.38,3326.5462805236,-333371695.18,-3203.9773855955,-23149927.55,-222.4899276717,2025-10-31
696,600552,凯盛科技,219318457.47,389.7980573383,183030349.57,83.4541477637,-148414734.31,-67.6708818866,183474461.54,83.6566441587,2025-10-31
697,600548,深高速,1069001124.01,43.3068278415,3608267006.04,337.5363154442,-5569849251.86,-521.0330585029,3032703462.47,283.6950676996,2025-10-31
698,600546,山煤国际,-478417858.98,-118.7533665414,2219435262.47,463.9114574865,-810744589.9,-169.4636967835,-1887207783.02,-394.4685064733,2025-10-31
699,600543,莫高股份,-56689210.59,-228.5000994641,-128197725.37,-226.1413133747,-5919154.73,-10.441413222,77427669.51,136.5827265968,2025-10-31
700,600540,新赛股份,525640146.14,6.9550238325,1031728251.57,196.280337251,-86318334.41,-16.4215642667,-419769771.02,-79.8587729842,2025-10-31
701,600538,国发股份,103930.47,100.4262221277,-29966742.91,-28833.4527015994,13942944.25,13415.6462969907,16127729.13,15517.8064046088,2025-10-31
702,600537,亿晶光电,34918498.55,108.3627958582,61662977.91,176.5911493064,-40666569.79,-116.4613928969,5642306.13,16.1585015516,2025-10-31
703,600533,栖霞建设,-321309670.75,68.2656862117,178524561.17,55.5615275299,124165476.25,38.6435540394,-623999708.17,-194.2050815693,2025-10-31
704,600528,中铁工业,-2303927741.98,-23.1782371716,-1815663109.04,-78.8072939944,-362364751.63,-15.7281300549,-149793592.04,-6.5016618929,2025-10-31
705,600527,江南高纤,11938412.15,-38.234030807,34663001.01,290.348503423,81088149.47,679.2205567304,-102925451.08,-862.1368552769,2025-10-31
706,600526,菲达环保,262773888.45,213.0248811706,337503912.52,128.4389078804,-275597224.25,-104.8799885999,199846414.9,76.0526154554,2025-10-31
707,600521,华海药业,-110555332.49,-227.7300394169,652386672.14,590.0996880445,-1109362292.91,-1003.445304649,357193072.64,323.0898633246,2025-10-31
708,600518,康美药业,201464225.35,155.9714228305,137842499.8,68.4203359482,-54036265.58,-26.8217672324,117664344.35,58.4045848068,2025-10-31
709,600516,方大炭素,-254906094.18,-222.7607758275,-530275710.34,-208.0278669075,-4694212.07,-1.8415456426,274630209.53,107.7377967025,2025-10-31
710,600502,安徽建工,-880004025.32,62.5352375198,-1966806815.86,-223.4997521909,-7843409154.26,-891.2924178282,8922728794.54,1013.9418159247,2025-10-31
711,600500,中化国际,1135068817.01,55.056233042,1628579809.74,143.4785085569,-1261455927.29,-111.1347530992,836451488.1,73.6916982975,2025-10-31
712,600499,科达制造,672147400.0,182.3814439232,1560405100.0,232.1522183973,-1117440500.0,-166.2493226932,205399500.0,30.5586988806,2025-10-31
713,600493,凤竹纺织,-11521695.08,45.4716278608,18861982.79,163.7084010559,-111115652.64,-964.4036911971,78220648.73,678.8987921211,2025-10-31
714,600482,中国动力,4075073038.68,-14.6676878176,7558000140.19,185.4690718044,-1444416716.64,-35.4451736921,-1975296280.51,-48.4726595514,2025-10-31
715,600477,杭萧钢构,172428967.91,179.7476190031,-525409200.89,-304.7105177619,-40407687.37,-23.4343961225,738174717.76,428.1036572377,2025-10-31
716,600476,湘邮科技,26512647.63,172.1053629664,-10469456.86,-39.4885377202,-218442.32,-0.8239174112,37200546.81,140.3124551314,2025-10-31
717,600469,风神股份,-48261.11,99.976092144,57228251.27,118580.470424323,-268346510.14,-556030.539164971,193113338.19,400142.761304081,2025-10-31
718,600463,空港股份,-49657005.96,26.7722627323,-51560772.9,-103.833833521,-78013568.61,-157.1048578177,79917335.55,160.9386913387,2025-10-31
719,600460,士兰微,-374662677.76,74.8674251763,1198610023.13,319.917113254,-1233010830.04,-329.0989210379,-338170690.31,-90.2600420015,2025-10-31
720,600459,贵研铂业,-359240667.87,-523.8227491902,225276685.5,62.7091266798,-761295745.65,-211.9180298166,182818298.82,50.8902012414,2025-10-31
721,600458,时代新材,642842212.91,203.9194707365,312506830.21,48.6133026012,-627058148.91,-97.5446441315,910249388.53,141.5976378417,2025-10-31
722,600448,华纺股份,179434355.48,85.8143938887,155100148.21,86.4383789799,-15640514.68,-8.7165663667,39974721.95,22.2781873867,2025-10-31
723,600439,瑞贝卡,-167855503.71,12.0955143469,198723845.93,118.3898302634,-854903.19,-0.5093090016,-358879824.14,-213.802834109,2025-10-31
724,600433,冠豪高新,-260815847.62,-240.9608916379,-925495642.03,-354.8463985127,-462939919.59,-177.4968522099,1137621977.1,436.1782412691,2025-10-31
725,600425,青松建化,24797430.1,106.734894643,334022779.51,1347.0056298697,-111152862.94,-448.2434772142,-198072486.47,-798.7621526555,2025-10-31
726,600418,江淮汽车,-1171055031.67,-68.1343805955,-2448273737.52,-209.0656434846,1988836617.79,169.8328911967,-786182572.11,-67.1345539576,2025-10-31
727,600416,湘电股份,757591737.98,201.5072840801,-376300209.81,-49.6705799371,-364175991.59,-48.0702168903,1498067939.38,197.7407968274,2025-10-31
728,600406,国电南瑞,-4048496251.9,35.2601719182,4714110770.9,116.4410308812,-3385492166.37,-83.623448207,-5375266692.43,-132.7719320453,2025-10-31
729,600405,动力源,44149746.96,204.7505355214,-387932285.52,-878.6738593801,101586281.85,230.0948223826,332022155.61,752.0363727358,2025-10-31
730,600399,抚顺特钢,-593713626.06,-288.7987600565,-1126262281.06,-189.6979000691,-144820996.9,-24.3923990529,676110082.71,113.8781481565,2025-10-31
731,600398,海澜之家,-1155937159.37,80.8228583581,2026679760.83,175.3278493041,-1309901735.4,-113.3194590019,-1863260302.33,-161.1904494311,2025-10-31
732,600392,盛和资源,598306992.12,727.0089150329,456595367.97,76.3145632566,176644806.6,29.5241086811,-15299788.5,-2.557180294,2025-10-31
733,600383,金地集团,-8475402316.61,-11.9915799197,-1467993684.58,-17.3206371773,368626558.59,4.3493694437,-7373110208.49,-86.9942208412,2025-10-31
734,600382,广东明珠,-33479182.8,61.2889064827,205880588.26,614.9510562725,-154389495.7,-461.1507294617,-84970275.36,-253.8003268108,2025-10-31
735,600373,中文传媒,-3530119583.12,51.2636336378,-280344846.66,-7.9415113301,-1673125670.64,-47.3957221914,-1575205049.82,-44.6218608954,2025-10-31
736,600370,三房巷,297739150.86,139.5960533673,2169237890.65,728.5699191337,-747966410.45,-251.2153367434,-1120723181.65,-376.41108951,2025-10-31
737,600369,西南证券,1327107949.37,319.9625185474,-1347986891.81,-101.5732663232,5888510.93,0.4437100187,2672260256.22,201.3596751861,2025-10-31
738,600366,宁波韵升,-383543267.06,-29.022046575,107874961.07,28.125890958,-715185249.61,-186.4679453487,207358932.21,54.0640261526,2025-10-31
739,600365,ST通葡,1545982.25,-88.7360417864,-294470041.72,-19047.4400155629,1631647.55,105.541156763,294384376.42,19041.8988588,2025-10-31
740,600363,联创光电,305886424.64,331.5189834026,26616943.28,8.7015771659,-35590660.57,-11.6352533827,315081921.73,103.0061801863,2025-10-31
741,600359,新农开发,74871724.61,-45.4571625398,69289305.5,92.544022274,-147218346.12,-196.6274276262,152800765.23,204.0834053522,2025-10-31
742,600356,恒丰纸业,68817767.16,-19.2796577299,153995632.25,223.7730728635,-143210464.83,-208.1010046389,58032599.74,84.3279317753,2025-10-31
743,600355,*ST精伦,-21512737.29,-627.6431504443,-8859829.15,-41.1841088866,-310911.92,-1.4452457435,-12340412.2,-57.3632821972,2025-10-31
744,600354,敦煌种业,-66606654.51,-1311.77447506,163941650.99,246.1340420053,-18352403.34,-27.5534081017,-212195902.16,-318.5806339037,2025-10-31
745,600350,山东高速,-646866366.36,-21.2371794134,5036460366.86,778.5936367662,-2784625845.25,-430.4793060921,-2898181289.3,-448.0340051699,2025-10-31
746,600345,长江通信,-183162363.7,-5.3444456339,-235656537.66,-128.6599129317,71338206.71,38.948070591,-18844036.12,-10.2881594992,2025-10-31
747,600343,航天动力,-129544320.36,43.651977369,-144105064.27,-111.2399708992,-16592099.19,-12.8080483528,31152843.1,24.048019252,2025-10-31
748,600340,华夏幸福,-3376574319.27,-81.6738329454,-3723799570.06,-110.2833587523,1166966186.96,34.5606545753,-819740936.17,-24.2772958229,2025-10-31
749,600339,中油工程,-356773369.39,93.9728097989,-3589111962.99,-1005.9921145815,-26196042.04,-7.3424880576,3307831739.6,927.1520868431,2025-10-31
750,600337,美克家居,-249234431.31,25.4133373088,67749880.0,27.1831944101,337901660.33,135.5758345883,-653576423.3,-262.2336006565,2025-10-31
751,600331,宏达股份,962215141.97,769.2865709895,-487689241.11,-50.6840123209,-35919061.12,-3.732955298,1485844039.1,154.4191079822,2025-10-31
752,600329,达仁堂,-1895747827.97,-196.3764358931,590329947.27,31.1396873867,-1506491600.39,-79.466877301,-979528249.55,-51.6697545474,2025-10-31
753,600326,西藏天路,-72304720.12,76.9450545453,326984430.56,452.2310991832,170499844.05,235.8073494608,-569788994.73,-788.038448644,2025-10-31
754,600325,华发股份,1698106303.95,110.334744611,17415946807.16,1025.6099259892,-10771251329.4,-634.3096014864,-4944767131.56,-291.193026023,2025-10-31
755,600322,津投城开,-180712549.04,-183.9602896255,-25488867.18,-14.1046470294,2853922.74,1.5792609618,-158077604.6,-87.4746139323,2025-10-31
756,600320,振华重工,-2879574507.0,-120.7416063898,2780969110.0,96.5756955842,-206788414.0,-7.181214221,-5453755203.0,-189.3944813632,2025-10-31
757,600313,农发种业,167099258.59,178.3139354686,-176652587.69,-105.717158281,276898778.57,165.7091604753,66853067.71,40.0079978057,2025-10-31
758,600308,华泰股份,192325015.36,305.744706232,180038515.09,93.6115953263,-625059926.64,-325.0018857245,637728410.88,331.5889041716,2025-10-31
759,600307,酒钢宏兴,-524418762.46,62.5106352738,-948788581.07,-180.9219366255,-3242263598.03,-618.2585044862,3666633416.64,699.1804411116,2025-10-31
760,600305,恒顺醋业,-156684793.66,-497.1794916106,37735942.62,24.0839852666,-69782761.03,-44.5370347689,-124773339.85,-79.6333434378,2025-10-31
761,600303,曙光股份,-59913854.34,-260.1793853174,-61177380.72,-102.1089051838,-27048051.5,-45.1449031246,28128536.44,46.9483006057,2025-10-31
762,600301,华锡有色,473952294.2,207.12968549,887231931.52,187.1985730162,-128787365.16,-27.1730650397,-284492272.16,-60.0255079765,2025-10-31
763,600299,安迪苏,526115384.0,59.8020963733,2284431324.0,434.2072848415,-2069867110.0,-393.4245553253,215369677.0,40.9358257808,2025-10-31
764,600289,ST信通,340051261.49,86.3865317348,376771573.26,110.7984636225,-31582399.39,-9.287540723,-5137912.38,-1.5109228995,2025-10-31
765,600287,苏豪时尚,-55939548.37,70.5615051665,-56920355.34,-101.75333373,115080628.62,205.7231993702,-115167331.63,-205.8781934889,2025-10-31
766,600284,浦东建设,-1177754451.99,-79.7302188228,-1220521010.47,-103.6311948053,1213091512.68,103.0003758959,-1170324954.2,-99.3691810906,2025-10-31
767,600283,钱江水利,-865195152.8,-701.2447937295,239472291.16,27.6784134059,-174309414.97,-20.1468321229,-930358028.99,-107.531581283,2025-10-31
768,600278,东方创业,-772297113.95,-63.568391575,-600849480.24,-77.8003011259,-120588608.36,-15.6142767054,-47122336.3,-6.1015813019,2025-10-31
769,600272,开开实业,254246594.17,868.7274346298,130572209.73,51.3565226532,-13246284.65,-5.2100145897,136931110.16,53.857598607,2025-10-31
770,600271,航天信息,-1057675180.64,40.4041451105,-1164902078.93,-110.1379800011,264657443.7,25.0225635001,-156288041.3,-14.7765631794,2025-10-31
771,600266,城建发展,790338853.39,121.0988891226,6116839269.77,773.9514821438,-124782698.33,-15.7885061319,-5201717718.05,-658.1629760119,2025-10-31
772,600259,中稀有色,401935863.7,433.7788957353,230784814.74,57.4183185883,-10573907.56,-2.6307449807,182038931.53,45.2905420915,2025-10-31
773,600257,大湖股份,28975963.92,124.5378677146,158500114.21,547.0054927167,-71112952.32,-245.420488914,-58411197.97,-201.5850038027,2025-10-31
774,600256,广汇能源,-2211056924.57,-42.3852977092,4314762961.33,195.1448157387,38106978.0,1.7234734021,-6552474066.78,-296.3503107481,2025-10-31
775,600252,中恒集团,6160923.79,-99.0699139471,-156396673.89,-2538.5263512568,-23674555.79,-384.2695770467,186724167.55,3030.7819722276,2025-10-31
776,600248,陕建股份,-2083668700.05,79.3735888682,-3775543442.16,-181.1969168644,160344929.82,7.6953178697,1530369250.93,73.4459010155,2025-10-31
777,600246,万通发展,-111763716.16,67.2181343161,167916974.54,150.2428339978,-218845534.32,-195.8108962722,-60835156.38,-54.4319377256,2025-10-31
778,600243,*ST海华,30040079.08,123.8316647531,-22957803.87,-76.423912896,-14761110.86,-49.1380559308,67758993.81,225.5619688269,2025-10-31
779,600238,*ST椰岛,15346308.6,164.29866186,21214961.64,138.2414637485,-5392731.43,-35.1402514478,-475921.61,-3.1012123007,2025-10-31
780,600236,桂冠电力,788355958.0,11.6305086157,5277632299.62,669.4478865878,-2676835053.84,-339.5464988469,-1812441287.78,-229.9013877409,2025-10-31
781,600234,科新发展,-11471141.77,13.3663574291,-17965112.79,-156.6113744404,-367976.35,-3.2078441482,6861947.37,59.8192185886,2025-10-31
782,600230,沧州大化,12369346.69,-88.3384445208,187466807.77,1515.5756602857,-187986547.0,-1519.7774927917,8241370.08,66.6273675283,2025-10-31
783,600227,赤天化,87502304.26,154.2861824896,282340047.78,322.6658431086,-106002421.41,-121.1424342553,-88906710.7,-101.6049936649,2025-10-31
784,600221,海航控股,2459146000.0,7.3880232999,11335026000.0,460.9334297354,-1008017000.0,-40.9905308591,-7859432000.0,-319.6000562797,2025-10-31
785,600217,中再资环,42427632.02,-46.3679461819,881826891.1,2078.4258963223,-146753977.95,-345.8924549002,-692645281.13,-1632.5334414221,2025-10-31
786,600212,绿能慧充,-55526874.86,72.7399798768,-174606658.47,-314.4543230827,-15162669.25,-27.3069019069,134130725.41,241.5600117028,2025-10-31
787,600211,西藏药业,149449688.89,-49.3632247454,713064912.9,477.127064095,-600562002.01,-401.8489476094,38266743.01,25.6051004818,2025-10-31
788,600208,衢州发展,79345068.36,-85.2542532885,124865204.35,157.3698365013,1314221120.97,1656.3362388286,-1364998769.93,-1720.3322123775,2025-10-31
789,600207,安彩高科,222003990.19,512.0519787762,-251696155.05,-113.3746086431,-91003973.7,-40.992044162,565985795.0,254.943973987,2025-10-31
790,600206,有研新材,-759532502.56,-10.1176124812,-689799158.5,-90.8189124461,-688274486.42,-90.618174219,619614248.45,81.5783717434,2025-10-31
791,600192,长城电工,38816961.19,-55.7300579579,-105845106.55,-272.6774670277,-20469772.05,-52.734092063,165131839.79,425.4115590907,2025-10-31
792,600191,华资实业,17267195.13,178.1065829282,46625262.18,270.0222116503,-145912742.11,-845.0286280514,116557646.79,675.0236266659,2025-10-31
793,600189,泉阳泉,-383237775.77,-155.1054853475,300248566.48,78.345242944,-620077812.62,-161.7997629211,-63408529.63,-16.5454800228,2025-10-31
794,600188,兖矿能源,2589717000.0,-76.3306333902,19600045000.0,756.8411915279,-10307879000.0,-398.0310976064,-6962560000.0,-268.8540871454,2025-10-31
795,600187,国中水务,58614011.36,136.8705433056,-10525173.19,-17.9567529091,84474820.53,144.1205243763,-15108269.15,-25.7758662126,2025-10-31
796,600186,莲花控股,-4248361.44,-101.8052444723,-32554815.69,-766.2911018701,189308733.58,4456.0411408875,-161002279.33,-3789.7500390174,2025-10-31
797,600177,雅戈尔,4824727443.44,201.2959400659,668014699.05,13.8456463475,5584389725.61,115.745185424,-1467413581.97,-30.4144347877,2025-10-31
798,600172,黄河旋风,30931053.42,86.4753093718,-134342496.29,-434.328874823,-143353089.48,-463.4600947257,308516471.61,997.4327981035,2025-10-31
799,600171,上海贝岭,26769783.15,123.4655303768,124067060.34,463.4593401254,34637455.7,129.3901243275,-129508164.13,-483.7848831435,2025-10-31
800,600170,上海建工,-18547742594.17,27.9186072265,-15763603706.61,-84.9893383336,-2240571606.52,-12.0800231896,-548461926.69,-2.9570279181,2025-10-31
801,600167,联美控股,-1010289242.61,22.1927484639,-333953810.99,-33.0552674328,-156716344.4,-15.5120274264,-519616786.74,-51.4324774356,2025-10-31
802,600166,福田汽车,1642591484.27,-51.6656463832,1697913284.95,103.3679585709,-421624438.52,-25.6682469474,365931087.89,22.2776686349,2025-10-31
803,600165,ST宁科,-259275.6,97.8764937538,-236484855.12,-91209.8381490584,-44116580.35,-17015.322826367,280271077.86,108097.745356678,2025-10-31
804,600159,大龙地产,-86450045.12,38.3843058858,-42997860.63,-49.7372333008,7290176.62,8.4328199134,-50742361.11,-58.6955866126,2025-10-31
805,600155,华创云信,-222579601.27,-112.4029785815,-1508216995.63,-677.6079151119,-79506529.95,-35.7204925772,1365528541.9,613.5012077066,2025-10-31
806,600153,建发股份,3915445905.53,159.8535471238,6685552199.23,170.7481691878,-22995121212.09,-587.2925272601,19957084540.52,509.7014496442,2025-10-31
807,600151,航天机电,-29961804.85,93.6852295538,458340652.01,1529.7498074786,-4504868.83,-15.035372043,-520977533.89,-1738.8055776286,2025-10-31
808,600149,廊坊发展,-88690257.52,-263.8043593205,-28320607.08,-31.9320383906,-45687665.98,-51.5137369735,-14681984.46,-16.5542246359,2025-10-31
809,600138,中青旅,-57444183.19,19.3323144914,379752973.68,661.0816841523,-67433306.92,-117.3892693312,-369541257.03,-643.3049205482,2025-10-31
810,600137,浪莎股份,20003435.37,119.1706207855,-10879372.8,-54.3875219369,-1010656.61,-5.0524152042,31932625.19,159.6357055643,2025-10-31
811,600136,ST明诚,-103854472.58,-54.8157636018,-106901352.38,-102.9337973843,-13083099.3,-12.5975309247,16129979.1,15.531328309,2025-10-31
812,600135,乐凯胶片,-521034189.34,41.9833009205,-91268864.31,-17.5168666812,-419696165.07,-80.5505998755,-11053511.93,-2.1214561647,2025-10-31
813,600133,东湖高新,-1384996632.88,-11.1474539329,-569876637.86,-41.1464276758,-281368175.35,-20.3154411116,-533040893.89,-38.4868007066,2025-10-31
814,600132,重庆啤酒,2317556978.62,339.413829026,3928896223.86,169.5274921007,-844171805.23,-36.4250723075,-767167440.01,-33.1024197932,2025-10-31
815,600130,*ST波导,-191200743.68,36.1307012718,-19166473.53,-10.0242672498,-160603793.56,-83.9974732676,-10390102.6,-5.4341329432,2025-10-31
816,600128,苏豪弘业,-127099607.42,57.4941259213,-154094825.94,-121.2394192775,-2578940.47,-2.0290703664,30497400.03,23.9948813762,2025-10-31
817,600125,铁龙物流,-386026042.71,-339.5072920892,644376260.56,166.9255929046,-115191657.37,-29.8403850065,-915710393.81,-237.2146675342,2025-10-31
818,600123,兰花科创,-937382960.21,-184.0771364006,-251450834.88,-26.8247712572,-7178827162.65,-765.8371729994,6492895037.32,692.6619442565,2025-10-31
819,600121,郑州煤电,-240702043.86,-231.8084058713,45696733.35,18.984771636,-132974482.42,-55.2444342755,-153424294.79,-63.7403373605,2025-10-31
820,600117,西宁特钢,15747522.62,103.5031109412,-13290362.83,-84.3965311288,-19259951.32,-122.304642989,48297836.77,306.7011741178,2025-10-31
821,600115,中国东航,695000000.0,112.4887690925,28867000000.0,4153.5251798561,-6561000000.0,-944.0287769784,-21614000000.0,-3109.928057554,2025-10-31
822,600109,国金证券,6011185073.9,-31.6649677259,1149401458.22,19.1210459184,-211508091.99,-3.5185756118,5076350378.22,84.4484126809,2025-10-31
823,600107,ST尔雅,-75843682.27,29.3663044796,-1178978.01,-1.5544841373,-41185445.65,-54.3030670681,-33486423.67,-44.1518959362,2025-10-31
824,600106,重庆路桥,-221339100.8,-339.5189343138,98792006.67,44.6337797131,78796989.73,35.6001219148,-398928097.2,-180.2339016279,2025-10-31
825,600104,上汽集团,-4804641641.55,-117.9938278187,31938106598.25,664.7344168617,-2467775623.86,-51.3623243515,-35473836500.47,-738.3242944426,2025-10-31
826,600098,广州发展,-183317712.85,-114.9537800253,4749373269.12,2590.7879796679,-6535408704.85,-3565.0721380086,1602927472.79,874.3985771313,2025-10-31
827,600097,开创国际,-205095029.4,-776.92918214,75643478.16,36.8821606166,-200279998.7,-97.6522928351,-84112205.74,-41.0113331299,2025-10-31
828,600089,特变电工,46780153.12,101.5568745755,6110697702.06,13062.5859355032,-13867260018.89,-29643.4686379026,7912877177.78,16915.0305204901,2025-10-31
829,600085,同仁堂,-6015418.19,99.4669847793,1987863432.81,33046.1386062005,-402412456.16,-6689.6838000219,-1569398458.94,-26089.5985843338,2025-10-31
830,600084,中信尼雅,-16315208.15,66.7026964474,-462592.53,-2.8353455607,-4142675.78,-25.3914981771,-11709939.84,-71.7731562622,2025-10-31
831,600082,海泰发展,152676935.53,186.0521447125,672675797.21,440.5876990358,-121475601.57,-79.5638196092,-398523260.11,-261.0238794266,2025-10-31
832,600072,中船科技,-5317719970.3,-715.507818823,-3830186935.03,-72.0268640775,-1153929006.88,-21.6996948565,-333520634.46,-6.2718728388,2025-10-31
833,600067,冠城新材,724158647.6,184.0615889799,1528577354.55,211.0832149303,-56839430.72,-7.8490301688,-746120521.67,-103.0327434662,2025-10-31
834,600064,南京高科,10172580.61,-81.9940468233,672380367.95,6609.7325126038,-1418032342.27,-13939.7503606511,755824554.93,7430.0178480473,2025-10-31
835,600061,国投资本,25946947002.36,625.2756906091,29598411941.41,114.07281149,-207587298.68,-0.8000451793,-3426720818.24,-13.2066436099,2025-10-31
836,600058,五矿发展,247193127.04,1188.5463755978,-782576640.01,-316.5851127743,-26000674.93,-10.5183648273,1057320661.3,427.7306064132,2025-10-31
837,600053,九鼎投资,-199580410.09,-3208.6177556755,-106915485.65,-53.5701302557,-107576896.11,-53.9015307472,15025575.89,7.5285825313,2025-10-31
838,600052,东望时代,-48963803.48,90.8085425701,93624931.27,191.2125378663,-174931629.56,-357.2672405473,32342894.81,66.054702681,2025-10-31
839,600039,四川路桥,-40381919.21,98.9379133859,-236126193.26,-584.7324690837,-1731586573.16,-4288.024460044,1935837467.85,4793.8223485193,2025-10-31
840,600037,歌华有线,-2594449982.76,-175.3599773884,-26447531.95,-1.019388777,-2453337374.41,-94.5609817384,-114665076.4,-4.4196294846,2025-10-31
841,600033,福建高速,970340020.6,27.8246563748,2233619229.26,230.1893338254,-435805022.23,-44.9126092893,-827474186.43,-85.276724536,2025-10-31
842,600031,三一重工,-3283377000.0,-619.6631045158,14547126000.0,443.0537827365,-8492013000.0,-258.6365501129,-9281958000.0,-282.6954687202,2025-10-31
843,600026,中远海能,-83487868.87,93.7480040352,4827280422.8,5782.0141873745,-2125940103.91,-2546.4060020748,-2766687763.24,-3313.879969254,2025-10-31
844,600025,华能水电,3978895480.82,215.3121428967,14809317880.87,372.1967051474,-9196824258.55,-231.1401318,-1630253254.27,-40.972507625,2025-10-31
845,600019,宝钢股份,318571931.37,117.6539162233,30843010585.2,9681.6472350723,-17360790620.37,-5449.5669300528,-13149951727.43,-4127.7810229167,2025-10-31
846,600018,上港集团,3014377856.08,164.1389327615,9850357550.88,326.7791239579,-2596306985.35,-86.1307742197,-4242133257.92,-140.7299768131,2025-10-31
847,600016,民生银行,50891000000.0,193.9052293612,46055000000.0,90.4973374467,71200000000.0,139.9068597591,-66049000000.0,-129.7852272504,2025-10-31
848,600009,上海机场,1197660573.09,357.8495644411,4186339795.8,349.5430917459,43603236.74,3.6407006893,-3029055768.4,-252.9143762815,2025-10-31
849,600008,首创环保,-157951582.74,20.7393001593,2140816013.38,1355.3621788671,-1146727858.98,-725.9996000595,-1151750098.4,-729.1792069573,2025-10-31
850,600007,中国国贸,-506476571.0,-29.07317291,1358244425.0,268.1751738917,-50060341.0,-9.8840388414,-1814639883.0,-358.2870337748,2025-10-31
851,600004,白云机场,1753466512.95,-6.7443591209,2761901371.66,157.5109277116,-444785482.65,-25.3660665525,-563644311.64,-32.1445723358,2025-10-31
852,600000,浦发银行,-54571000000.0,-179.2169898966,165476000000.0,303.2306536439,55333000000.0,101.3963460446,-273921000000.0,-501.9534184823,2025-10-31
853,301611,珂玛科技,26891523.34,-95.1060757721,182510223.45,678.6905343459,-223254826.74,-830.2052059948,68034923.75,252.997656138,2025-10-31
854,301238,瑞泰新材,-1407418966.63,60.5634987903,32936804.2,2.3402273936,-1011697750.97,-71.8831971827,-433883066.5,-30.8282804756,2025-10-31
855,301059,金三江,95178901.42,1673.5289263037,74150223.22,77.9061557906,-23808324.77,-25.0142882664,44746569.74,47.0131185299,2025-10-31
856,300999,金龙鱼,3240298000.0,160.9716137382,27596751000.0,851.6732411649,-24001388000.0,-740.7154527145,-288390000.0,-8.9001073358,2025-10-31
857,300308,中际旭创,2754824080.05,2305.6938429398,5454821227.43,198.009784615,-1304371835.37,-47.3486435964,-1343109824.74,-48.754831006,2025-10-31
858,300287,飞利信,-25475330.15,63.9910360194,-18399273.01,-72.2238844469,-5574832.66,-21.8832597151,-1565286.19,-6.1443215094,2025-10-31
859,300249,依米康,14552309.51,160.0216914241,-58211437.79,-400.0151161573,-17083773.35,-117.3956157149,89847520.65,617.4107318722,2025-10-31
860,300237,ST美晨,-13437788.7,-468.3839689582,83860644.29,624.0658054848,50361536.53,374.7754757448,-147835030.45,-1100.1440322544,2025-10-31
861,003043,华亚智能,284041693.88,307.0949209095,64952958.26,22.8674028002,255014791.57,89.7807600309,-34066306.41,-11.9934175665,2025-10-31
862,003026,中晶科技,-14313997.78,87.920882699,29163772.48,203.7430278266,-8157212.18,-56.9876585519,-33963854.57,-237.2772099871,2025-10-31
863,003004,*ST声迅,-84832923.74,20.7624814817,-29399497.07,-34.6557630857,-55003208.56,-64.8371011337,-430218.11,-0.5071357806,2025-10-31
864,003003,天元股份,-33646040.73,79.746470867,157146587.47,467.0581859276,-193602418.23,-575.4092131779,2862087.3,8.5064609027,2025-10-31
865,003001,中岩大地,-232700509.03,-118.341086842,-88533163.59,-38.0459690265,-139616076.12,-59.9981825145,-3880371.89,-1.6675390639,2025-10-31
866,002992,宝明科技,-4835558.5,95.2746389142,29469303.38,609.4291565287,-65011774.45,-1344.4522375233,30707132.37,635.0276264882,2025-10-31
867,002990,盛视科技,47738800.56,118.4731435687,100111311.79,209.7063826817,-67590596.05,-141.5841941086,17121527.18,35.8650133207,2025-10-31
868,002989,中天精装,-46717719.8,70.6327837886,274370003.13,587.293224722,-240099610.72,-513.9369210395,-80988112.21,-173.3563036824,2025-10-31
869,002984,森麒麟,-507664087.21,27.5639550471,197762622.06,38.9554091066,-940205767.67,-185.2023397671,227516389.72,44.81632549,2025-10-31
870,002983,芯瑞达,-23064526.27,-153.1243083694,216842645.22,940.156509965,-181769603.65,-788.0916413463,-58371592.37,-253.079519981,2025-10-31
871,002966,苏州银行,4103326108.0,630.1611057137,28071464029.0,684.1148690149,-33851032653.0,-824.9656927584,9904752970.0,241.3835193525,2025-10-31
872,002959,小熊电器,152747289.3,281.1653969194,132200745.8,86.5486689851,276898952.64,181.2791270529,-255578286.37,-167.3209963602,2025-10-31
873,002958,青农商行,6261782000.0,55.3519133611,5012132000.0,80.0432209234,-3000011000.0,-47.9098601644,4260141000.0,68.0340037389,2025-10-31
874,002945,华林证券,1855379990.82,-19.0016691899,4959999250.22,267.330642497,-2611853671.54,-140.7719003365,-495306146.75,-26.6956714636,2025-10-31
875,002938,鹏鼎控股,-1691242459.78,-141.204349112,4258554224.58,251.8003376721,-5017387821.76,-296.6687474493,-912600596.29,-53.9603645245,2025-10-31
876,002936,郑州银行,429602000.0,121.5957343596,17186752000.0,4000.6219710337,-17571518000.0,-4090.1853343327,817505000.0,190.2935740523,2025-10-31
877,002933,新兴装备,-350447880.22,44.5872274174,-11869463.92,-3.38694128,-326341345.01,-93.1212209944,-12237071.29,-3.4918377256,2025-10-31
878,002932,明德生物,-194342123.93,62.6051994933,-88401783.99,-45.4877111572,174180530.34,89.6257212887,-279481247.03,-143.8088878408,2025-10-31
879,002931,锋龙股份,-18984602.88,-272.5245372388,23224382.63,122.3327281418,-49778916.58,-262.2067835427,5968482.51,31.438542843,2025-10-31
880,002930,宏川智慧,-114560686.16,-231.593228434,563869007.69,492.201143857,-399058657.78,-348.3382224358,-276813794.62,-241.6307058718,2025-10-31
881,002928,华夏航空,284662926.79,373.9627695463,2475448583.46,869.6069457918,-719329050.08,-252.6950236167,-1467735801.12,-515.6048304818,2025-10-31
882,002925,盈趣科技,195088891.94,-60.8039510429,397138311.98,203.5678751521,-215123339.51,-110.2693943109,26612797.34,13.6413698778,2025-10-31
883,002923,润都股份,-23118360.24,37.5941472793,47057272.89,203.5493538533,-12470909.94,-53.9437477855,-58580046.48,-253.391874994,2025-10-31
884,002899,英派斯,-155732755.44,-574.2415505456,108563170.07,69.7111983688,-191653341.93,-123.0655306833,-75714876.65,-48.6184659329,2025-10-31
885,002886,沃特股份,85468.55,-99.8876301528,95885061.89,112187.537860418,-137439200.14,-160806.753057119,41675044.34,48760.6778633778,2025-10-31
886,002883,中设股份,-11911734.4,87.6099982452,-21470290.02,-180.244868623,-1379694.33,-11.5826485352,10938249.95,91.8275171582,2025-10-31
887,002880,卫光生物,-195163354.22,-4574.0884414102,91120401.29,46.6892986412,-225188536.58,-115.3846414866,-61095218.93,-31.3046571546,2025-10-31
888,002873,新天药业,51260847.9,3470.9172930319,115995922.34,226.2856099577,-68091400.33,-132.8331526291,3356325.89,6.5475426715,2025-10-31
889,002869,金溢科技,-182871232.85,-2625.715627425,-94943035.04,-51.9179717664,-68585326.82,-37.5047106924,-19342702.87,-10.5772256076,2025-10-31
890,002845,同兴达,-235692230.49,-5063.17444257,-145680408.02,-61.8095928394,-305610159.67,-129.6649274499,209272064.51,88.7903958798,2025-10-31
891,002839,张家港行,1781665017.15,-24.8575148166,-8274059144.31,-464.4003819273,9736709756.87,546.4949731373,323730561.59,18.1701138246,2025-10-31
892,002832,比音勒芬,-248284143.1,64.6284732679,481510165.49,193.9351258917,-388932455.25,-156.6481251658,-345361616.92,-139.099345052,2025-10-31
893,002822,ST中装,-63765321.95,82.6710926155,-40429043.03,-63.4028681949,-12700041.11,-19.916846213,-10634458.66,-16.6774954392,2025-10-31
894,002821,凯莱英,711136023.71,136.7685885624,1144158624.68,160.8916700227,-113429853.85,-15.9505143978,-320807419.59,-45.111962957,2025-10-31
895,002817,黄山胶囊,-24879527.22,79.6142604897,47523926.56,191.0161963279,-52533614.0,-211.1519786347,-19762210.42,-79.431615582,2025-10-31
896,002815,崇达技术,29564646.37,-88.402215929,330720214.86,1118.6340966878,-349156336.33,-1180.9927707584,35557217.0,120.2693803775,2025-10-31
897,002811,郑中设计,-92734824.33,41.9958239765,181775907.57,196.0168781073,16535668.66,17.8311317021,-287591711.93,-310.122668596,2025-10-31
898,002797,第一创业,909826084.93,-56.3165534439,1706744973.86,187.590244128,-1681211796.42,-184.7838641106,884825730.94,97.2521832025,2025-10-31
899,002791,坚朗五金,-463625896.62,-89.8871917605,-44429428.82,-9.5830343266,-265273573.4,-57.2171605025,-156789327.36,-33.8180693751,2025-10-31
900,002774,快意电梯,29549507.69,-73.0240737555,58320650.39,197.3658952353,47665394.42,161.3068986463,-78504660.53,-265.6716360678,2025-10-31
901,002761,浙江建投,-1008249346.18,43.2555457113,-1430571401.65,-141.886667923,-189616571.92,-18.8065157333,589698227.25,58.4873404068,2025-10-31
902,002747,埃斯顿,-69137453.84,54.141334124,292941380.22,423.7086614412,4471987.46,6.4682559331,-382814911.76,-553.7012002871,2025-10-31
903,002743,富煌钢构,-3357073.61,98.6536926262,176411754.17,5254.9266016839,-11224521.5,-334.3543455992,-168544306.28,-5020.5722560847,2025-10-31
904,002739,万达电影,-905637131.78,-40.2509279741,2091804468.33,230.9760051709,-1857342959.7,-205.0868824304,-1148159656.9,-126.7792161573,2025-10-31
905,002736,国信证券,32221781413.2,-13.9548223728,25490176160.8,79.1085254844,4344399651.22,13.4828040558,2342391289.67,7.2695896593,2025-10-31
906,002734,利民股份,-114849922.14,51.8453966583,191039656.07,166.338515961,-39970454.74,-34.802335078,-270341190.85,-235.3864816038,2025-10-31
907,002732,燕塘乳业,-28823924.21,55.386042038,130468723.71,452.6403926109,-133230404.56,-462.2216031007,-26062243.36,-90.4187895101,2025-10-31
908,002727,一心堂,342669619.65,176.7021260451,1432091712.35,417.9219954815,50551278.99,14.7521916421,-1139973371.69,-332.6741871236,2025-10-31
909,002726,龙大美食,-273163868.28,9.2203476782,-12888573.71,-4.7182571367,-35374519.22,-12.9499261534,-224898175.76,-82.3308650504,2025-10-31
910,002717,ST岭南,12120571.4,104.4273494042,95377259.56,786.9039867213,-4193227.17,-34.5959528773,-79063460.99,-652.308033844,2025-10-31
911,002716,湖南白银,235863755.28,-30.4121404237,12592009.04,5.3386791137,-111370065.31,-47.2179649551,335041523.07,142.0487529643,2025-10-31
912,002714,牧原股份,4424184492.75,124.7217812625,28579542847.47,645.9844270578,-8499316800.5,-192.1103610039,-15656261351.92,-353.8790341491,2025-10-31
913,002713,*ST东易,-11699577.21,97.2270365763,-74426571.32,-636.1475289584,16432497.29,140.4537702094,46364857.69,396.2951554384,2025-10-31
914,002712,思美传媒,-116161265.43,35.7087477097,-110984821.22,-95.5437432686,8681171.94,7.4733792783,-13857616.15,-11.9296360096,2025-10-31
915,002709,天赐材料,-390352105.97,49.026007702,403363832.54,103.3333306958,-804882775.26,-206.1940394199,19368842.02,4.9618899767,2025-10-31
916,002708,光洋股份,241010733.03,184.6838175831,56076887.51,23.2673818319,73079322.63,30.3220199828,109906823.62,45.6024602051,2025-10-31
917,002707,众信旅游,304813213.48,12.803591031,464184659.35,152.2849531523,-32670150.49,-10.7180886672,-132228030.74,-43.3800192683,2025-10-31
918,002705,新宝股份,-104477999.99,86.5057311901,1037094201.06,992.6436198619,-774571199.44,-741.3725372941,-408022455.0,-390.5343278384,2025-10-31
919,002701,奥瑞金,-1055189636.0,-152.466149513,1658302001.0,157.1567748984,-4827063519.0,-457.4593375745,2137843811.0,202.6028059851,2025-10-31
920,002681,奋达科技,-24262728.27,74.2825694882,128405331.45,529.2287413892,-271734864.5,-1119.9682965415,119056178.63,490.6957589646,2025-10-31
921,002666,德联集团,122663134.9,34.6643833482,463121377.15,377.5554713546,-149305993.05,-121.7203466809,-186350183.98,-151.9202848777,2025-10-31
922,002654,万润科技,61303962.12,199.9008109194,180080871.11,293.75078687,-54861996.1,-89.4917623638,-62884224.23,-102.5777487382,2025-10-31
923,002636,金安国纪,-87248651.07,74.1182452556,-147584148.32,-169.153501527,196823295.61,225.5889268157,-130255994.28,-149.2928460011,2025-10-31
924,002633,申科股份,-35371171.98,-84.5560539352,-22321173.19,-63.1055516131,-3740191.42,-10.5741235323,-9324027.98,-26.3605288094,2025-10-31
925,002629,仁智股份,-25102700.63,-17.2997549062,-4740794.33,-18.8855948206,-5216799.07,-20.7818240232,-15145107.23,-60.3325811562,2025-10-31
926,002624,完美世界,195850623.36,151.9147702315,888897107.01,453.8648342089,-27922423.29,-14.2569999579,-639316042.43,-326.4304353297,2025-10-31
927,002622,皓宸医疗,-21284398.06,-303.3796923786,-10146191.88,-47.6696209655,-4981030.22,-23.4022602188,-6157189.81,-28.9281838868,2025-10-31
928,002616,长青集团,541225804.91,229.5672479348,528656528.26,97.6776279815,189541783.08,35.0208325916,-176972506.43,-32.6984605731,2025-10-31
929,002615,哈尔斯,-81893160.82,-3313.5343225131,103913278.61,126.8888361,-411894723.88,-502.9659616941,202971261.87,247.8488555548,2025-10-31
930,002607,中公教育,-185514903.31,-11.4680491296,333851411.68,179.9593486687,15833586.12,8.5349402326,-535199901.11,-288.4942889012,2025-10-31
931,002605,姚记科技,22733963.19,-78.7439206186,385467354.98,1695.5572231662,-139197687.24,-612.2895778297,-221992961.47,-976.4815734709,2025-10-31
932,002602,世纪华通,3362715523.46,133.316028589,6277705861.01,186.6856062374,-1032676797.5,-30.7096092517,-1814881009.29,-53.9706970937,2025-10-31
933,002597,金禾实业,-330338789.32,-78.1699577528,374252578.52,113.2935612225,-552828222.36,-167.3518945498,-145028040.81,-43.9028190145,2025-10-31
934,002594,比亚迪,15209634000.0,135.6180133972,40845498000.0,268.5501702408,-127571344000.0,-838.7535426559,101662706000.0,668.4099433293,2025-10-31
935,002592,ST八菱,-20053393.16,-431.5806091943,956892.8,4.7717251258,-60737651.68,-302.8796732573,39783685.63,198.3887979086,2025-10-31
936,002580,圣阳股份,-407818.51,-100.9249440732,11102334.19,2722.3713288541,-60953143.8,-14946.1444994245,47463597.76,11638.4118415812,2025-10-31
937,002567,唐人神,-219946114.38,22.2835277044,834033615.78,379.1990679767,-159554572.23,-72.542573748,-894428716.43,-406.658112125,2025-10-31
938,002564,天沃科技,-417956549.87,-279.8408165641,-9719454.15,-2.3254699928,-6207817.38,-1.4852781663,-402369205.32,-96.2705825391,2025-10-31
939,002563,森马服饰,-825956165.09,72.4991143855,-485427772.61,-58.7716144182,520033983.39,62.9614506641,-864522133.48,-104.6692512291,2025-10-31
940,002562,兄弟科技,517797475.72,828.4539942895,67165018.4,12.9712911996,-76325870.6,-14.7404871941,519839262.97,100.3943215921,2025-10-31
941,002542,中化岩土,-186224031.0,51.1172449925,-128935292.87,-69.2366566107,23360687.47,12.5444000673,-80623718.8,-43.2939392231,2025-10-31
942,002535,林州重机,-61799305.53,-320.1524686475,172745211.69,279.5261374032,24670012.48,39.9195626365,-259214529.7,-419.4457000397,2025-10-31
943,002520,日发精机,33672179.56,186.1658232937,290222560.64,861.9060732996,-27639828.72,-82.0850597769,-229854520.22,-682.6244193977,2025-10-31
944,002516,旷达科技,200796973.48,869.7711819408,289581927.44,144.2162809634,57927275.55,28.8486796121,-146824156.27,-73.120701834,2025-10-31
945,002510,天汽模,389901754.51,129.0662983227,178569919.44,45.7986960496,-50847336.35,-13.0410637454,260688848.52,66.8601373307,2025-10-31
946,002506,协鑫集成,-444524051.43,-1020.6273179812,963743601.99,216.8034775373,-851828940.04,-191.6271880677,-570224443.85,-128.2775233456,2025-10-31
947,002498,汉缆股份,468374751.93,232.8358657998,-273444986.12,-58.3816666021,-289557520.9,-61.8217612514,1033265655.87,220.606608621,2025-10-31
948,002489,浙江永强,947152701.79,208.0571439658,927458053.03,97.9206469324,-17002099.65,-1.7950748193,8935315.86,0.9433870424,2025-10-31
949,002486,嘉麟杰,65351040.21,1.0313431815,136110630.17,208.2761494425,-55909535.02,-85.5526321239,-15520950.62,-23.7501202278,2025-10-31
950,002485,ST雪发,-21079745.19,-158.2932795221,-115327353.25,-547.1003193374,13329018.48,63.2314022767,80918589.58,383.8689170607,2025-10-31
951,002475,立讯精密,6940054647.75,134.1999300255,3478039289.23,50.1154452776,-13856313159.5,-199.6571188959,17305521370.3,249.357134038,2025-10-31
952,002471,中超控股,-135647857.87,43.049259002,-143535578.87,-105.8148511328,-51056917.03,-37.6393094824,58907315.47,43.4266463142,2025-10-31
953,002470,金正大,62830387.61,135.6030435689,211596064.89,336.7734514124,-139012333.98,-221.2501613755,-9753343.3,-15.5232900369,2025-10-31
954,002467,二六三,59255619.36,-73.3127802458,95479663.5,161.1318294049,-2460526.5,-4.1523935225,-29809106.57,-50.3059572948,2025-10-31
955,002459,晶澳科技,4727313043.89,117.5231403116,4694998701.86,99.3164332099,-1136613626.59,-24.0435447375,1095696857.01,23.1780050705,2025-10-31
956,002457,青龙管业,54495423.19,186.6916235301,-118675663.38,-217.7717988651,-111526212.99,-204.652439529,284697299.56,522.4242383941,2025-10-31
957,002455,百川股份,-162107670.08,-211.9193218392,487148021.75,300.5089281152,-513395750.1,-316.7004681806,-135394086.88,-83.5210862097,2025-10-31
958,002444,巨星科技,-2274500709.28,-302.3820824155,1613070308.39,70.9197540282,-1586849343.33,-69.7669311272,-2414177963.14,-106.1410072677,2025-10-31
959,002442,龙星科技,-118794585.25,-6.164559254,47538106.44,40.0170650371,-173797444.6,-146.3008134876,7479616.7,6.2962606286,2025-10-31
960,002441,众业达,-390685190.33,-192.3832827346,-60287191.94,-15.4311433943,-165237095.02,-42.2941793316,-167430249.79,-42.8555404541,2025-10-31
961,002436,兴森科技,244226325.32,127.8923913948,-121800538.45,-49.8719940573,-555216047.77,-227.3366915063,904576740.05,370.3846171639,2025-10-31
962,002428,云南锗业,-123521546.37,-183.9843234613,-172787158.38,-139.8842254309,-36369182.61,-29.4435939954,85449453.21,69.1777715882,2025-10-31
963,002427,尤夫股份,50738656.61,118.1081722425,-60954768.68,-120.1347705134,-22874119.71,-45.0822336228,131834980.16,259.8314361638,2025-10-31
964,002423,中粮资本,1023023811.8,55.7133117665,17112042446.18,1672.6924875846,-21344015389.71,-2086.3654534253,5272879869.59,515.4210301628,2025-10-31
965,002422,科伦药业,2369607102.0,367.6246118368,1684442332.0,71.0853006213,-1383162662.0,-58.37097048,2076953307.0,87.6496911765,2025-10-31
966,002409,雅克科技,421641550.83,261.6790454443,890888422.51,211.2904719083,-729430507.47,-172.9977764369,121193078.28,28.7431535249,2025-10-31
967,002403,爱仕达,-48053059.67,49.2897800375,-34108193.69,-70.9802745636,-24688023.81,-51.376590751,9893728.94,20.5891758151,2025-10-31
968,002399,海普瑞,-154554564.52,-167.2460283464,1440949279.15,932.323987729,-738907121.67,-478.0881910313,-886845323.5,-573.8072675202,2025-10-31
969,002388,新亚制程,-42832364.58,64.8590611267,-119076481.75,-278.0058558934,17051656.96,39.81021624,58864452.21,137.4298449016,2025-10-31
970,002387,维信诺,-652308418.07,-251.4146913618,2409712696.37,369.4130919695,17328490.49,2.6564873318,-3066401416.83,-470.0845998435,2025-10-31
971,002382,蓝帆医疗,-556501246.44,-160.1201700457,227276174.9,40.8401915277,-862983000.07,-155.0729680465,62917882.68,11.3059733617,2025-10-31
972,002375,亚厦股份,-737765401.32,47.8353607801,-659766609.62,-89.4276972652,-17058107.19,-2.3121316288,-60940684.51,-8.260171106,2025-10-31
973,002371,北方华创,1014981531.58,409.890687101,-2566434879.21,-252.8553278418,-2647620709.87,-260.8540773888,6231661606.19,613.9679799384,2025-10-31
974,002361,神剑股份,-41285770.04,83.1180519062,-139625433.61,-338.1926350767,-9192621.31,-22.2658346958,105109304.46,254.5896669922,2025-10-31
975,002352,顺丰控股,-14090948000.0,26.4336728799,19415214000.0,137.785009213,-19173669000.0,-136.0708236238,-14375963000.0,-102.0226815116,2025-10-31
976,002351,漫步者,-12322765.83,98.6663894742,239299620.72,1941.9310893454,-25877802.04,-209.9999496623,-229325028.06,-1860.9866585447,2025-10-31
977,002346,柘中股份,62469831.19,94.5486699068,-11949302.07,-19.1281164722,407810570.37,652.8120255834,-333370084.73,-533.6497288044,2025-10-31
978,002345,潮宏基,227742462.33,322.1600767077,601962038.74,264.3169976215,-133961210.42,-58.8213585861,-239509640.63,-105.1668793687,2025-10-31
979,002340,格林美,-11161980.1,99.4908456888,2251433425.86,20170.5558125838,-7698555942.13,-68971.2387332603,5462902078.74,48942.0517667829,2025-10-31
980,002335,科华数据,-318597204.1,-65.4467842013,174210400.17,54.6804547962,-440150604.58,-138.1526890116,-60380734.02,-18.9520602325,2025-10-31
981,002323,雅博股份,-12192676.52,77.1448925206,-5417859.19,-44.4353557737,2764613.38,22.6743765035,-9577237.21,-78.5490962078,2025-10-31
982,002321,华英农业,-42784656.0,-6.1204917869,237406776.94,554.8876609876,-18803695.99,-43.9496252815,-264399232.75,-617.9767642633,2025-10-31
983,002317,众生药业,-432333099.3,2.0557842673,154985125.74,35.8485450202,-63149275.18,-14.6066251421,-524153109.56,-121.2382559671,2025-10-31
984,002304,洋河股份,-6205304932.22,-50.8870152899,966239537.43,15.571185429,-257739184.73,-4.1535297225,-6913146160.5,-111.407033756,2025-10-31
985,002289,*ST宇顺,-13434541.41,83.4867026962,-15102342.65,-112.4142774145,-37899518.9,-282.1050435841,39185380.08,291.6763504174,2025-10-31
986,002278,神开股份,-86009295.8,-2514.5456102234,6610981.81,7.6863573274,-56999111.07,-66.270872863,-35392953.85,-41.1501495516,2025-10-31
987,002277,友阿股份,-67837641.99,60.2197359725,99235629.66,146.2840198287,149060527.12,219.7312918718,-315965692.47,-465.7675048855,2025-10-31
988,002269,美邦服饰,-28811289.73,73.7922535426,-153336479.17,-532.2097018459,-13767872.16,-47.7863791903,138293061.6,479.9960810363,2025-10-31
989,002263,大东南,-161633498.69,-199.0524907145,-42233141.99,-26.1289536713,-197869275.37,-122.4184819197,78889807.29,48.807832491,2025-10-31
990,002259,升达林业,82386536.4,150.2578526688,84854587.36,102.9956969523,-1441615.63,-1.7498194402,-1026435.33,-1.2458775121,2025-10-31
991,002253,*ST智胜,-86645738.8,-98.7192078876,-16449559.31,-18.9848451151,-56118702.4,-64.7679887981,-14077477.09,-16.2471660868,2025-10-31
992,002244,滨江集团,-8580217250.23,-139.9282345567,-7953361501.09,-92.6941739252,-3788074930.13,-44.1489395857,3160923265.91,36.8396647046,2025-10-31
993,002238,天威视讯,125987192.38,821.6621744243,10141420.47,8.0495646251,209467792.31,166.2611796906,-93612655.5,-74.3033110998,2025-10-31
994,002231,*ST奥维,-30256090.95,-139.9739255186,-30974688.38,-102.375050469,1176518.05,3.8885328972,-459417.62,-1.5184301923,2025-10-31
995,002207,准油股份,-93015232.81,-384.5881183438,-116276598.58,-125.0081250858,-9680802.74,-10.4077605867,32942171.06,35.415888414,2025-10-31
996,002206,海利得,184776901.7,-8.5793169905,726806482.27,393.3427152329,-541616902.36,-293.1193765979,-23691382.23,-12.8216146131,2025-10-31
997,002203,海亮股份,157242358.41,112.8678661151,77088396.93,49.0252103247,-298275732.8,-189.6917190864,346031505.36,220.0625256826,2025-10-31
998,002184,海得控制,-259360440.27,22.1841725507,-52390059.85,-20.1997111801,14068146.04,5.4241680132,-221109333.94,-85.251757635,2025-10-31
999,002181,粤传媒,-32730121.09,91.7557845348,89768547.23,274.2689126727,-66571843.54,-203.396264123,-55926824.78,-170.8726485497,2025-10-31
1000,002180,纳思达,-1249034371.83,2.6038866218,715701857.94,57.3004133498,-857076988.24,-68.6191675401,-1112903079.84,-89.1010771953,2025-10-31
1001,002177,御银股份,-113033.36,99.8132940823,30355466.6,26855.3165189463,-28184936.49,-24935.0603131677,-2283563.73,-2020.2564357991,2025-10-31
1002,002175,东方智造,204421215.09,223.7542474493,5904113.84,2.8882099333,-21829441.56,-10.6786575701,220454070.43,107.8430486449,2025-10-31
1003,002174,游族网络,-71725711.03,-119.9215317837,-53679737.22,-74.8402998718,-82133028.3,-114.5098837231,57948087.08,80.7912340608,2025-10-31
1004,002172,澳洋健康,-42967228.88,78.1252434304,-28655423.31,-66.6913460722,-29504173.44,-68.6666890304,15200975.32,35.3780676954,2025-10-31
1005,002168,*ST惠程,-2467774.8,85.9597403351,27699626.97,1122.4535954415,-6263977.05,-253.8309836862,-23876512.71,-967.5320742395,2025-10-31
1006,002161,远望谷,-35624050.65,-1716.0243818103,-17232924.91,-48.3744116561,125587367.86,352.5353393803,-127873271.95,-358.9520832606,2025-10-31
1007,002160,常铝股份,47515666.6,-23.9099769213,-147812873.8,-311.0823952957,-102535305.98,-215.7926286569,292203470.93,614.962373126,2025-10-31
1008,002152,广电运通,-2002801545.77,-18.2176463889,-400655478.46,-20.0047518091,-1273834582.84,-63.6026362937,-337968272.8,-16.8747759115,2025-10-31
1009,002149,西部材料,-337755904.76,-261.5054175216,-33620724.91,-9.9541486725,-83967136.01,-24.8603014268,-219377600.35,-64.9515218708,2025-10-31
1010,002146,荣盛发展,-641013142.32,68.5476123617,-579609034.63,-90.4207724248,-9375309.36,-1.4625767775,-53306187.12,-8.3159273345,2025-10-31
1011,002140,东华科技,87091896.96,-89.3319564991,512690251.66,588.6773276915,-448992490.23,-515.538765261,25447635.5,29.2192917921,2025-10-31
1012,002135,东南网架,-75200176.94,-115.0120531329,-1984993710.34,-2639.6130848519,-109195468.86,-145.2063988455,2017206036.89,2682.4485246883,2025-10-31
1013,002133,广宇集团,-245757531.88,45.1459302098,448697950.03,182.5774968513,13056775.94,5.3128690869,-707627294.88,-287.9371750956,2025-10-31
1014,002127,南极电商,-983507874.32,21.6899318834,-428086082.88,-43.5264520049,-449551418.6,-45.7089801046,-104945001.68,-10.6704790496,2025-10-31
1015,002124,天邦食品,29046969.04,103.2762154998,691601066.72,2380.9749849205,-245316604.34,-844.5514711094,-417226236.7,-1436.3847605767,2025-10-31
1016,002111,威海广泰,-77679360.97,67.0376618207,130639470.02,168.1778382168,-131510313.24,-169.2989123466,-78375725.05,-100.8964595889,2025-10-31
1017,002109,兴化股份,-139806998.96,58.6895503063,45299311.59,32.4013189089,-154588754.51,-110.5729724978,-30517556.04,-21.8283464111,2025-10-31
1018,002096,易普力,243160855.61,314.3876685401,882827437.68,363.0631400212,-322307358.52,-132.5490312622,-313640251.42,-128.9846799696,2025-10-31
1019,002095,生意宝,87138846.48,147.6857449587,116322332.74,133.4907879079,2581648.74,2.962684089,-32250247.78,-37.0101844157,2025-10-31
1020,002091,江苏国泰,-3203002548.14,41.4280707835,1052879454.9,32.871639628,-2681133983.07,-83.7068951015,-1573388291.55,-49.1222928456,2025-10-31
1021,002086,东方海洋,-59213470.53,-254.8940116385,-107354267.38,-181.3004142792,-2230134.36,-3.7662618658,51374000.0,86.7606636466,2025-10-31
1022,002076,*ST星光,-52688597.61,-778.2924601449,-24313125.96,-46.1449479828,-28692925.66,-54.4575619044,252799.44,0.4797991434,2025-10-31
1023,002072,凯瑞德,38971484.95,951.9504704876,-1073907.05,-2.7556226081,0.0,0.0,40045392.0,102.7556226081,2025-10-31
1024,002067,景兴纸业,-461871671.01,-124.2466811711,-366617168.43,-79.3764137186,-464202897.22,-100.5047346171,371292459.22,80.3886625928,2025-10-31
1025,002066,瑞泰科技,-106158840.21,-959.0107782577,-128642553.08,-121.1793128349,-14188481.97,-13.3653324979,36537577.98,34.4178383145,2025-10-31
1026,002052,同洲电子,-38763752.49,-728.1349695988,-43176977.64,-111.3849275844,-2366532.44,-6.1050138028,4374533.33,11.2851131508,2025-10-31
1027,002050,三花智控,9755854913.55,925.2636785183,3058283516.66,31.3481857178,-1766080445.28,-18.1027748048,8498858966.25,87.1154710844,2025-10-31
1028,002047,*ST宝鹰,-432327472.73,-1169.6866896724,-46083306.98,-10.6593519697,-1436626.67,-0.3323005732,-384172085.48,-88.8613631362,2025-10-31
1029,002044,美年健康,-1094726715.75,12.9142322873,-181868438.48,-16.6131360333,-459810659.98,-42.0023238096,-452970077.84,-41.377457161,2025-10-31
1030,002031,巨轮智能,-158905162.65,27.9415003663,161194220.1,101.4405179868,-173042980.76,-108.8970162292,-147496311.45,-92.820339497,2025-10-31
1031,002030,达安基因,-376666502.66,-68.9193605558,81517901.55,21.6419301887,-416987657.35,-110.7047359946,-40308923.95,-10.7014888941,2025-10-31
1032,002024,ST易购,-674935000.0,43.3184967457,1629184000.0,241.3838369621,2203490000.0,326.4744012386,-4529772000.0,-671.1419618185,2025-10-31
1033,002019,亿帆医药,33466784.18,-89.7660187519,326150987.29,974.5513209032,-344369481.85,-1028.9888625027,53987074.19,161.3153922995,2025-10-31
1034,002006,精工科技,-480962652.86,-1334.5283343695,-69453995.98,-14.4406214426,-469992615.39,-97.7191498332,58355927.75,12.1331515873,2025-10-31
1035,001979,招商蛇口,-15369519360.12,-581.4700516761,3137445102.5,20.4134236666,-9351152070.26,-60.8421893434,-9124966319.59,-59.3705379185,2025-10-31
1036,001872,招商港口,-1580901380.62,-172.7130434498,5333444634.74,337.3673209551,1943917878.23,122.9626276541,-8885944966.4,-562.080916326,2025-10-31
1037,001696,宗申动力,22319632.31,-90.2894172421,686706982.62,3076.6948715026,-499590964.28,-2238.3476454322,-213093121.99,-954.7340163598,2025-10-31
1038,001376,百通能源,-139047875.83,-243.4954010613,203523914.51,146.3696682133,-283393932.41,-203.8103284343,-59177857.93,-42.559339779,2025-10-31
1039,001368,通达创智,41277735.64,114.3509437943,116538167.03,282.3269378107,-52833856.18,-127.9960137368,-23223058.64,-56.2604955915,2025-10-31
1040,001356,富岭股份,118229438.29,52.4533218579,4072273.86,3.444382312,-404533265.44,-342.1595089099,524964739.63,444.0220195772,2025-10-31
1041,001330,博纳影业,-52239663.76,84.001521155,71718585.05,137.2876084722,-87568182.71,-167.6277686478,-34065568.7,-65.2101607248,2025-10-31
1042,001324,长青科技,-29189329.88,-461.3064479615,9166362.02,31.4031259288,-26031194.68,-89.1805148903,-17368781.7,-59.5038727213,2025-10-31
1043,001322,箭牌家居,-923039635.4,27.0081870266,-559577927.48,-60.6233910245,-259013161.2,-28.0608926493,-104333144.41,-11.3032139042,2025-10-31
1044,001316,润贝航科,-136004067.42,-5.7372488991,87164029.53,64.0892814336,-153207384.27,-112.6491193803,-67281705.69,-49.4703628842,2025-10-31
1045,001309,德明利,-219399542.7,-156.7031724319,-1494566940.86,-681.2078650973,-371720724.3,-169.4263897388,1647800530.32,751.0501207257,2025-10-31
1046,001279,强邦新材,220703564.08,1050.6200089825,359319299.81,162.8062969023,-150802035.23,-68.3278658678,11735301.09,5.3172231898,2025-10-31
1047,001269,欧晶科技,28857140.47,105.7039066481,-27163042.08,-94.1293615292,85935266.58,297.795502882,-29915084.03,-103.6661413528,2025-10-31
1048,001256,炜冈科技,-28372027.38,56.0028783301,65008558.71,229.1290567266,-9952170.39,-35.0774030234,-83428415.7,-294.0516537031,2025-10-31
1049,001238,浙江正特,112282629.88,193.2717731709,159206042.44,141.7904466703,-84456828.57,-75.2180712727,18595411.08,16.5612535972,2025-10-31
1050,001230,劲旅环境,190867011.41,262.4103169166,47680182.42,24.980839836,143642674.66,75.2579891092,-455845.67,-0.2388289452,2025-10-31
1051,001227,兰州银行,1310055642.03,-60.451456445,14107207512.28,1076.8403310275,-19102056990.42,-1458.1103563525,6305586583.71,481.3220432332,2025-10-31
1052,001226,拓山重工,27442576.74,140.4796851625,74565911.42,271.7161443201,-16965368.15,-61.8213381008,-30018798.3,-109.3876809908,2025-10-31
1053,001225,和泰机电,-353095242.79,46.5227205181,30703385.54,8.6954968006,-324327915.56,-91.8528137047,-59392078.68,-16.8204131584,2025-10-31
1054,001223,欧克科技,30885412.77,117.5389694917,115067688.93,372.563221955,-195763142.08,-633.8368974953,110721715.93,358.4919416636,2025-10-31
1055,001213,中铁特货,-1328715307.57,-329.0436829785,560110961.87,42.1543244575,-1531228926.75,-115.2413100102,-357597342.69,-26.9130144473,2025-10-31
1056,001211,双枪科技,-96966570.53,-308.599219998,26096295.91,26.9126728597,-121338600.88,-125.1344666691,-3607704.46,-3.7205651806,2025-10-31
1057,001209,洪兴股份,-148325710.87,32.0069052109,-28178916.9,-18.9979988869,-110965991.12,-74.8123777524,-9180802.85,-6.1896233607,2025-10-31
1058,001202,炬申股份,-37714601.5,70.7095535412,11468709.21,30.4092016192,-368183422.06,-976.2357480033,319921564.65,848.2697733131,2025-10-31
1059,001201,东瑞股份,-11114123.0,97.7205080641,135705523.17,1221.0187269837,-188037047.19,-1691.8748082057,41217401.02,370.8560812221,2025-10-31
1060,000987,越秀资本,-1193469618.23,26.5256498865,4819787190.65,403.8466599425,-5693023974.31,-477.0145705722,-313185674.42,-26.2416126591,2025-10-31
1061,000977,浪潮信息,2263526538.11,236.8177259152,-12573930381.76,-555.5017875893,-352679868.93,-15.5809911212,15958653029.21,705.0349426225,2025-10-31
1062,000970,中科三环,-462044847.14,-169.378448614,184798826.84,39.9958636015,-339334344.29,-73.4418631417,-335225859.15,-72.5526669597,2025-10-31
1063,000966,长源电力,89578729.76,157.1470864153,2852916001.4,3184.8140837044,-2316775796.41,-2586.3012376008,-446561475.23,-498.5128461036,2025-10-31
1064,000959,首钢股份,568681625.17,115.6240696889,5460488624.26,960.2013468657,-302810720.07,-53.2478467155,-4588722058.94,-806.9052798336,2025-10-31
1065,000951,中国重汽,-6575506141.97,-1147.0521545737,1606245189.58,24.4277041934,-7490731261.39,-113.9187022209,-691020070.16,-10.5090019725,2025-10-31
1066,000949,新乡化纤,366721992.82,-12.3738003809,-40788650.68,-11.1224991897,-371806788.41,-101.3865532173,770807085.27,210.1883989402,2025-10-31
1067,000938,紫光股份,1147360780.49,115.4517310963,272335407.9,23.7358128786,-620954136.18,-54.1202163033,1525839636.96,132.986908992,2025-10-31
1068,000936,华西股份,54829883.44,118.6975148795,180897858.23,329.9256662253,17313141.8,31.5761054261,-144237164.24,-263.0630510055,2025-10-31
1069,000935,四川双马,-10302493.23,-101.8528778721,189702532.45,1841.326446084,-271556840.35,-2635.8361445873,69948177.33,678.9441717498,2025-10-31
1070,000926,福星股份,63047951.13,107.2125984416,217658290.91,345.2265886661,62558629.02,99.2238889588,-217415533.61,-344.8415526806,2025-10-31
1071,000923,河钢资源,-4113893.69,99.0902815643,510035246.6,12397.8713363398,-864978324.95,-21025.782145333,256786642.04,6241.936748735,2025-10-31
1072,000901,航天科技,109275738.48,147.6157173473,131124319.63,119.9939908473,461938097.37,422.72704243,-478301677.53,-437.7016199415,2025-10-31
1073,000898,鞍钢股份,-895000000.0,-330.2884615385,1968000000.0,219.8882681564,-2211000000.0,-247.0391061453,-652000000.0,-72.8491620112,2025-10-31
1074,000890,法尔胜,3171742.46,-49.1565675267,34660683.9,1092.7962890152,13515249.11,426.1143292826,-45004190.55,-1418.9106182978,2025-10-31
1075,000889,中嘉博创,-36004680.77,58.9731469687,-23011786.75,-63.9133197625,-7506759.82,-20.8493997432,-5486134.2,-15.2372804943,2025-10-31
1076,000888,峨眉山A,174625980.9,42.913299603,330708011.52,189.3807609931,-13766850.31,-7.8836208902,-142315180.31,-81.4971401028,2025-10-31
1077,000883,湖北能源,3452099.29,-99.6419166474,5106404237.11,147921.708158922,-1551383247.82,-44940.2846642919,-3547559189.07,-102765.270956908,2025-10-31
1078,000881,中广核技,-333501755.99,-149.2625035593,38870547.47,11.6552752038,-662998093.4,-198.7989812623,291296481.79,87.3448120012,2025-10-31
1079,000876,新希望,-1183524823.64,-545.8633132345,7835356904.17,662.0357045044,-1311044969.29,-110.7746067596,-7682770190.73,-649.1431389754,2025-10-31
1080,000859,国风新材,-167883333.91,44.3203081707,-14258982.09,-8.4933874959,-542822133.95,-323.3329487256,388723299.37,231.5437097398,2025-10-31
1081,000858,五粮液,7797650759.04,-10.4691013577,28247488416.94,362.2563934938,-1498530538.36,-19.2177180624,-18951307119.54,-243.0386754314,2025-10-31
1082,000850,华茂股份,37442216.08,-42.9314879883,425995649.49,1137.7415497518,75172189.55,200.7685372826,-464908497.39,-1241.669286873,2025-10-31
1083,000829,天音控股,581435977.1,407.4666996866,347275735.26,59.7272526877,-141515953.67,-24.339043204,384533834.32,66.1351979349,2025-10-31
1084,000826,启迪环境,-82373455.96,39.7886691099,442663276.8,537.3858261027,-86588849.51,-105.1174173778,-438439175.18,-532.2578372733,2025-10-31
1085,000825,太钢不锈,-41978295.42,-104.7448772438,3208541878.22,7643.3353144,-1287809509.66,-3067.7984819899,-1979062717.28,-4714.4904229177,2025-10-31
1086,000811,冰轮环境,-1778797.79,99.5830693216,25126550.38,1412.5579940146,-85846120.36,-4826.0752763809,39222809.6,2205.0178958228,2025-10-31
1087,000803,山高环能,26726566.19,120.5267631605,222225400.65,831.4775608291,-171620523.65,-642.1345803645,-23860093.05,-89.2748169757,2025-10-31
1088,000800,一汽解放,1217393573.86,133.968497085,3512754083.47,288.5471189348,-2050060491.33,-168.3975121398,-248863705.17,-20.4423376724,2025-10-31
1089,000799,酒鬼酒,-710513823.53,30.3519578057,-325948894.6,-45.8750954317,-189580614.38,-26.6821852161,-194984314.56,-27.4427193536,2025-10-31
1090,000791,甘肃能源,1114177730.52,1410.2503404305,4214489408.36,378.260065061,-2557968048.63,-229.5834837263,-542343629.21,-48.6765813347,2025-10-31
1091,000788,北大医药,35648130.47,326.3420804475,131738356.22,369.5519357765,-50407401.48,-141.4026508976,-45682824.27,-128.1492848789,2025-10-31
1092,000785,居然智家,-1291695616.15,-26.0752523976,1345190677.46,104.1414603132,-468144776.33,-36.242654266,-2168766324.07,-167.9007265298,2025-10-31
1093,000783,长江证券,10908440116.83,5.4322176904,3405517556.03,31.2191066693,23379157.4,0.2143217284,7484707364.23,68.613910734,2025-10-31
1094,000776,广发证券,32651554296.18,7.5463330342,-1802418323.55,-5.5201608695,807187022.52,2.4721243442,33793054390.28,103.4960053777,2025-10-31
1095,000750,国海证券,1396649842.34,-50.2949570448,10760210924.72,770.4301105775,-9244652834.76,-661.9162910061,-118720265.85,-8.5003600939,2025-10-31
1096,000726,鲁泰A,217127154.7,-54.3699388008,409180600.91,188.4520623297,-108799887.75,-50.1088350282,-108818769.87,-50.1175313702,2025-10-31
1097,000725,京东方A,-5902012512.0,-327.1908093701,36774618263.0,623.0860776427,-31673668859.0,-536.6587887539,-10844599468.0,-183.7440948482,2025-10-31
1098,000720,新能泰山,-35663702.44,-334.6344812826,532484588.52,1493.0715323678,-512272.96,-1.436398705,-567636018.0,-1591.6351336628,2025-10-31
1099,000712,锦龙股份,990427776.32,-27.0703155021,847470576.19,85.5661156171,2318409653.22,234.0816472085,-2174957961.29,-219.5978357323,2025-10-31
1100,000710,贝瑞基因,-57761850.72,49.5905488512,-24582830.89,-42.558939133,-54258456.3,-93.934760787,23137485.12,40.0566893747,2025-10-31
1101,000705,浙江震元,-11438028.49,-112.603214383,30029046.04,262.5369054313,-228802327.43,-2000.3650771637,187410070.23,1638.4822820983,2025-10-31
1102,000700,模塑科技,-233121296.59,-156.2689412716,471190584.58,202.1224965168,230806116.32,99.0068774051,-952497045.71,-408.5843119624,2025-10-31
1103,000697,ST炼石,265380494.94,169.4082586101,-93606127.0,-35.2724215927,-80734443.57,-30.4221467325,412049242.53,155.2673426972,2025-10-31
1104,000685,中山公用,5484089.11,100.8732081811,-54454791.24,-992.9596355519,-717796770.53,-13088.7145728746,779251163.45,14209.3089266013,2025-10-31
1105,000681,视觉中国,-51341867.25,-2150.3507947513,64518390.36,125.6642849506,-114144474.21,-222.322405327,743023.59,1.4472079607,2025-10-31
1106,000680,山推股份,-84825499.53,-135.3357537615,393934322.65,464.4055441261,-289104577.11,-340.8227227801,-210243494.13,-247.8541185079,2025-10-31
1107,000679,大连友谊,-14625342.62,-225.0775219376,-172352555.05,-1178.4514012978,-610594.68,-4.1749085534,158337807.11,1082.6263098512,2025-10-31
1108,000678,襄阳轴承,-11905720.99,-122.7006124674,177942026.25,1494.5926113963,-79691066.05,-669.3510297859,-111349779.1,-935.2627967137,2025-10-31
1109,000669,ST金鸿,948802.96,119.7898913705,72941604.38,7687.7505082826,-35257393.54,-3715.9868830932,-36735407.88,-3871.7636251894,2025-10-31
1110,000661,长春高新,-2869936771.17,-154.3248215311,721916281.86,25.1544315928,-2753328944.35,-95.9369200049,-837034275.63,-29.1655998849,2025-10-31
1111,000656,*ST金科,1696286423.67,174.3329462006,-633120142.44,-37.3238937485,3230408.77,0.1904400533,2326176821.92,137.1334928736,2025-10-31
1112,000651,格力电器,7457605737.64,377.2876436068,45728383685.2,613.1778119404,-42608140108.19,-571.3380622032,4164380304.95,55.8407141843,2025-10-31
1113,000650,仁和药业,-1250598837.99,41.7995335093,840484263.13,67.2065443848,-1852820821.92,-148.1546892286,-238262279.2,-19.0518551563,2025-10-31
1114,000638,*ST万方,-26110711.69,-182.51845879,-13681847.34,-52.3993658328,-10869112.75,-41.6270260231,-1559751.6,-5.9736081441,2025-10-31
1115,000628,高新发展,-686804591.16,33.181626851,-418220364.75,-60.8936472081,229923232.92,33.4772416899,-498507452.83,-72.5835935354,2025-10-31
1116,000623,吉林敖东,108080474.83,123.8899930082,161051103.7,149.0103591359,510339185.26,472.1844404021,-563265104.3,-521.1534323715,2025-10-31
1117,000620,盈新发展,59044768.12,356.8757853887,149120955.32,252.5557472204,2852148.82,4.8304852586,-100387004.14,-170.0184577505,2025-10-31
1118,000617,中油资本,-32912384702.71,-139.8239394259,-40939469014.68,-124.3892515978,-12503244701.77,-37.9894827273,20876505846.12,63.430547603,2025-10-31
1119,000612,焦作万方,41744938.36,-79.1587323412,597823849.91,1432.087034731,-135051805.57,-323.5166007561,-421027105.98,-1008.5704339749,2025-10-31
1120,000608,*ST阳光,-360699.22,-212.7938384348,145103386.35,40228.3615556474,-3627622.82,-1005.7196186895,-141794773.01,-39311.083902538,2025-10-31
1121,000607,华媒控股,-84323589.03,74.0154357775,-152720566.44,-181.1125074215,16159573.45,19.1637638244,52237403.96,61.948743597,2025-10-31
1122,000600,建投能源,490881850.42,214.6360192316,3672526747.92,748.1488151941,-3278527278.53,-667.8852102038,96922833.09,19.7446357015,2025-10-31
1123,000596,古井贡酒,-2357466459.17,-235.6336843322,2627053477.01,111.4354550747,-1986288282.27,-84.2552085755,-2998231653.91,-127.1802464993,2025-10-31
1124,000593,德龙汇能,-20179188.22,79.2036730113,46606171.51,230.9615778488,-44146767.75,-218.773754765,-22638591.98,-112.1878230838,2025-10-31
1125,000592,平潭发展,-160596379.61,-10.9098743498,149598707.39,93.1519799844,-310786658.55,-193.5203391912,443842.92,0.2763716848,2025-10-31
1126,000568,泸州老窖,-1964084368.7,-146.1549006249,9822590732.99,500.1104275114,-90614313.85,-4.6135652467,-11691012264.24,-595.2398201702,2025-10-31
1127,000564,供销大集,-757851438.11,-147.0169519034,-824353354.53,-108.7750597381,195158734.6,25.7515820102,-128195693.43,-16.915675947,2025-10-31
1128,000561,烽火电子,-1861370.25,99.6560762927,-521312743.01,-28006.9343006852,-47512628.9,-2552.5619580521,566964001.66,30459.4962587373,2025-10-31
1129,000555,神州信息,-52333452.47,95.356626639,-1294683120.73,-2473.9111593529,-130961630.14,-250.2445834528,1373557685.14,2624.6265444218,2025-10-31
1130,000552,甘肃能化,330603451.52,113.4954008644,-288210488.13,-87.1770959453,-1958730508.7,-592.4712823458,2577544448.35,779.6483782911,2025-10-31
1131,000548,湖南投资,-135823621.89,-572.6119852361,-33191116.45,-24.4369248796,-20382926.29,-15.0069082288,-82249579.15,-60.5561668917,2025-10-31
1132,000539,粤电力A,1784342327.0,16.8798275413,6789804495.0,380.5214051283,-8255019392.0,-462.6365281532,3249545418.0,182.1144613805,2025-10-31
1133,000538,云南白药,-2233871128.5,-198.2637879219,4455969511.54,199.4729890498,-2213387280.77,-99.0830335972,-4470094047.29,-200.1052786913,2025-10-31
1134,000531,穗恒运A,36789970.28,103.4168881389,636984107.51,1731.4069640776,220562103.66,599.5169389411,-820756240.89,-2230.9239030187,2025-10-31
1135,000524,岭南控股,191367424.09,-35.4181008633,201530427.86,105.3107282069,67936153.31,35.500375068,-77550953.82,-40.5246369327,2025-10-31
1136,000523,红棉股份,-135714456.4,-418.300209181,337814994.13,248.9159984065,-226882323.88,-167.1762389198,-246647905.06,-181.7403330512,2025-10-31
1137,000510,新金路,-94720689.46,-442.2003385045,-1409833.15,-1.4884109882,-123002968.21,-129.8586073552,29692111.9,31.3470183434,2025-10-31
1138,000509,华塑控股,-12805174.19,61.5053882407,-1614970.48,-12.611858738,-29430586.48,-229.8335504329,16443185.55,128.4104792799,2025-10-31
1139,000501,武商集团,362700818.89,20.4752507958,691119527.31,190.5481022693,-983547950.12,-271.1733469833,655129241.7,180.6252447141,2025-10-31
1140,000498,山东路桥,3460102536.11,459.0634169805,-1389064441.49,-40.1451814504,-2174882147.44,-62.8560028133,6998320264.59,202.2575976161,2025-10-31
1141,000488,ST晨鸣,-41865946.82,90.8092144968,702589282.04,1678.187967564,-463982036.31,-1108.2564030019,-279188820.55,-666.8637442988,2025-10-31
1142,000426,兴业银锡,768529993.04,354.4646275863,2741992001.13,356.7839935932,-2706364846.87,-352.1482403263,734711812.17,95.5996277079,2025-10-31
1143,000425,徐工机械,2506742154.62,239.6012173305,5691650030.27,227.0536688339,-1981625808.87,-79.0518404622,-1419062396.25,-56.6098269674,2025-10-31
1144,000420,吉林化纤,166561656.8,-39.98663308,103263397.08,61.9971000913,-260215986.57,-156.2280248464,318426330.33,191.1762505535,2025-10-31
1145,000417,合百集团,-311605137.4,74.4889202787,-445491525.32,-142.9666818195,212249842.83,68.11500112,-78375953.3,-25.1523302709,2025-10-31
1146,000415,渤海租赁,-17551455000.0,-1666.9416994239,17775391000.0,101.2758828257,-6229934000.0,-35.4952566611,-28956368000.0,-164.9798720391,2025-10-31
1147,000402,金融街,-2633100355.66,21.0019950109,1983512182.43,75.3299120623,525138897.75,19.9437479328,-5141070756.16,-195.2478091125,2025-10-31
1148,000338,潍柴动力,-11150290041.31,54.8981419668,15014748052.19,134.6579146961,-14164250977.07,-127.0303366513,-12485917141.78,-111.9784067995,2025-10-31
1149,000301,东方盛虹,3620536232.52,-26.9963029445,11788101976.09,325.5899463236,-6384011733.68,-176.3277957651,-1839778216.22,-50.8150753939,2025-10-31
1150,000166,申万宏源,11093599821.69,-80.89089212,3363362384.94,30.3180431871,11881392961.74,107.1013300706,-4152347312.42,-37.4301162757,2025-10-31
1151,000159,国际实业,101539122.2,407.8087218381,-157741439.5,-155.3504068996,100497783.28,98.9744456152,158853012.74,156.445130998,2025-10-31
1152,000157,中联重科,-531098973.55,45.4345445764,2866113330.72,539.6571022463,-6855043015.23,-1290.727972869,3386998045.74,637.733871542,2025-10-31
1153,000156,华数传媒,-898701422.67,-553.7602134421,239860682.37,26.6896965243,-1303416038.89,-145.0332675582,164853933.85,18.3435710339,2025-10-31
1154,000100,TCL科技,-2469110474.0,-208.922146959,33836602144.0,1370.3964443998,-24497923028.0,-992.1760604058,-11998268686.0,-485.9348665174,2025-10-31
1155,000096,广聚能源,-201306855.89,5.9732346405,-86637692.12,-43.0376261837,-120811774.98,-60.0137409359,6400096.57,3.1792740201,2025-10-31
1156,000069,华侨城A,-7321739599.54,16.2784879493,4870313996.5,66.5185360704,-357717817.06,-4.885694338,-11837546303.72,-161.6766909392,2025-10-31
1157,000065,北方国际,360663173.07,144.6597442098,897875262.02,248.9511902136,-783011605.67,-217.1032875369,232483498.06,64.4600046301,2025-10-31
1158,000050,深天马A,-963380990.55,31.0246606426,6462297852.37,670.793581746,-2005198309.28,-208.1417766127,-5446320152.03,-565.3339857703,2025-10-31
1159,000039,中集集团,4875329000.0,278.3383878518,9827135000.0,201.5686531104,-3148586000.0,-64.5820210287,-1456435000.0,-29.8735736604,2025-10-31
1160,000036,华联控股,-382491439.98,-799.8740433288,-60977829.69,-15.9422730331,-258435698.16,-67.5664004856,-63075566.98,-16.4907133564,2025-10-31
1161,000035,中国天楹,971350466.03,749.7046517011,496852268.31,51.1506696796,-1064566296.52,-109.5965188415,1514179012.01,155.883902357,2025-10-31
1162,000034,神州数码,-413455282.23,48.9879987678,-791434200.58,-191.4195402974,-864842406.88,-209.1743518708,1286940185.12,311.2646616047,2025-10-31
1163,000031,大悦城,-4825738380.55,-63.183607885,1737680962.9,36.0086027436,-553542250.31,-11.4706228697,-5997498669.88,-124.2814714957,2025-10-31
1164,000028,国药一致,-1854081019.49,-138.4474330978,-463076420.41,-24.9760617547,-77077981.85,-4.1572067801,-1313852901.44,-70.8627555985,2025-10-31
1165,000027,深圳能源,5674707686.06,258.7943042299,9507561633.78,167.542755676,-7680403136.8,-135.344471675,3870078360.44,68.1987262524,2025-10-31
1166,000014,沙河股份,53903565.18,133.7522419398,57514934.58,106.6996856107,-82037.4,-0.1521929018,-3529332.0,-6.5474927089,2025-10-31
1167,000009,中国宝安,-828355414.44,46.5634566903,249683802.07,30.1421102244,-2649871599.75,-319.8954885255,1606699665.42,193.9625959355,2025-10-31
1168,000007,全新好,-25467068.46,68.3336995514,283706621.98,1114.013662097,-1141776.47,-4.4833447234,-308278121.36,-1210.4970850658,2025-10-31
1169,000004,*ST国华,-17390526.17,41.4297252098,-12366192.92,-71.1087910689,-2083528.13,-11.9808228321,-2944564.28,-16.9320022362,2025-10-31
1170,000002,万科A,-23621570182.68,-20.42638263,-5889347829.66,-24.9320759971,2756992264.44,11.6715029658,-20321052829.12,-86.0275276875,2025-10-31
1171,688800,瑞可达,-103579677.24,59.9695566316,17312907.3,16.7145793087,-405892380.11,-391.8648821134,287760391.07,277.8154930945,2025-10-30
1172,688786,悦安新材,50998696.49,147.8094236455,118282599.36,231.9325933815,-83196797.77,-163.135145594,15200010.71,29.8047043477,2025-10-30
1173,688768,容知日新,-58995050.9,50.6376321242,41359108.68,70.106064914,-154339503.22,-261.6143233466,54203895.92,91.878717101,2025-10-30
1174,688767,博拓生物,419696718.22,241.1415539331,74073482.0,17.6492878749,513873837.92,122.4393271645,-158303145.39,-37.7184615742,2025-10-30
1175,688757,胜科纳米,21194736.96,136.5742261378,155814159.05,735.1549554215,-388173960.76,-1831.4639218811,253414789.48,1195.6496084771,2025-10-30
1176,688739,成大生物,-486398395.41,-71.4549132218,171017980.98,35.1600627374,-314898551.78,-64.7408697791,-343488571.57,-70.6187715279,2025-10-30
1177,688729,屹唐股份,765036196.27,-46.4967413737,-523749142.95,-68.4607010104,-118726229.58,-15.5190342835,1408222365.54,184.0726455043,2025-10-30
1178,688726,拉普拉斯,-133731383.8,53.8808780561,45411129.92,33.9569730228,65194154.63,48.7500785362,-240256631.83,-179.6561323177,2025-10-30
1179,688722,同益中,-191498810.16,-536775.171289476,114869450.1,59.9844197486,-232502802.03,-121.4121392377,-74257664.32,-38.7770891412,2025-10-30
1180,688718,唯赛勃,65395392.5,397.3688011472,51788380.64,79.1927055717,14880942.09,22.7553372204,-1632295.63,-2.4960407264,2025-10-30
1181,688717,艾罗能源,-155463883.19,-134.5991580424,96861539.99,62.3048504916,-302790443.65,-194.7657793161,-20943720.72,-13.4717596719,2025-10-30
1182,688702,盛科通信,830604725.47,85.762814957,227653456.08,27.4081580683,602484435.81,72.5356378714,-418133.25,-0.0503408224,2025-10-30
1183,688701,卓锦股份,19152474.73,132.7740281965,565818.72,2.9542851667,-3630335.23,-18.954914606,22216991.24,116.0006294393,2025-10-30
1184,688697,纽威数控,-42465072.9,-26.8486060483,59446585.6,139.9893642947,30097142.92,70.8750529897,-132257575.54,-311.4502496003,2025-10-30
1185,688691,灿芯股份,1327601.82,-99.7630976082,-21716948.44,-1635.8028523944,49583927.85,3734.8493428549,-22737623.03,-1712.6839303369,2025-10-30
1186,688661,和林微纳,263027163.39,161.5442688627,58117946.4,22.0957963622,223675963.86,85.0391119218,-20758570.11,-7.8921773107,2025-10-30
1187,688658,悦康药业,-256400228.68,-338.2417830667,168334289.58,65.6529405011,-401588390.32,-156.6255975619,-23315888.27,-9.0935520573,2025-10-30
1188,688656,浩欧博,-46243527.34,20.7244745734,57667694.62,124.7043595875,-43340260.98,-93.7217886978,-61160815.45,-132.2581104169,2025-10-30
1189,688653,康希通信,-344147135.69,31.7634191452,-79662305.59,-23.1477462192,-359863411.06,-104.5667314181,95555470.36,27.7658769899,2025-10-30
1190,688652,京仪装备,-74920956.44,82.3367734832,-17894616.66,-23.8846612621,-93964053.81,-125.4175844448,37067349.88,49.4752758658,2025-10-30
1191,688651,盛邦安全,12509594.24,105.867951337,-59639075.64,-476.7466833521,81304826.08,649.9397544009,-9156156.2,-73.1930710488,2025-10-30
1192,688646,ST逸飞,365362849.0,430.4384877449,-81551381.87,-22.3206552317,540211163.58,147.8560737794,-93257945.54,-25.5247477392,2025-10-30
1193,688633,星球石墨,-598451494.78,-79.1041439319,158782923.42,26.5322962354,-689430261.41,-115.2023626682,-67691963.0,-11.3111862182,2025-10-30
1194,688631,莱斯信息,-869940356.81,3.9070795823,-533992604.55,-61.3826684059,-270088835.35,-31.0468221454,-65844678.61,-7.5688727502,2025-10-30
1195,688630,芯碁微装,48918695.33,215.6255748364,-35719006.99,-73.0170883525,132965091.22,271.8083348769,-48537859.54,-99.2214923406,2025-10-30
1196,688625,呈和科技,56022017.63,133.5721020748,129651157.67,231.4289330425,362037420.03,646.2413089459,-431697835.77,-770.5860196274,2025-10-30
1197,688622,禾信仪器,-1985127.62,97.6097037835,-6457448.66,-325.2913613685,-7030038.56,-354.1353457165,11502359.6,579.426707085,2025-10-30
1198,688621,阳光诺和,6657109.9,114.2547899198,147617798.99,2217.4457265607,-145365825.16,-2183.6176260212,4405136.07,66.1718994605,2025-10-30
1199,688613,奥精医疗,-18771574.09,-1385.4941935936,-4497092.53,-23.9569282173,-22928304.06,-122.1437475092,8244227.2,43.9186781059,2025-10-30
1200,688611,杭州柯林,-125013299.98,-48.8432305863,14548246.89,11.6373592988,-120561566.71,-96.4389922747,-18999980.16,-15.1983670242,2025-10-30
1201,688608,恒玄科技,-222068234.94,-134.2745146361,379024983.72,170.6795138091,-466907905.52,-210.2542516475,-118529330.02,-53.3751844572,2025-10-30
1202,688605,先锋精科,-52742930.79,-426.9147414056,163249646.17,309.5194819946,-220861700.14,-418.7512844506,4230483.03,8.0209479576,2025-10-30
1203,688601,力芯微,-211461860.31,54.7395744885,13237755.98,6.2601151624,-171129744.18,-80.9270021219,-52278064.26,-24.7222190249,2025-10-30
1204,688598,金博股份,116738058.25,170.1482070832,-178529984.99,-152.9321179967,175901304.92,150.6803415758,119468457.33,102.3389108239,2025-10-30
1205,688592,司南导航,-162492616.3,-42.2725337989,-66735223.43,-41.0696959342,-82096296.33,-50.5230934176,-14149099.81,-8.7075339989,2025-10-30
1206,688590,新致软件,-145796731.65,39.9126673009,-322473782.4,-221.180391872,-48612997.4,-33.3429953126,226746711.36,155.5224927156,2025-10-30
1207,688588,凌志软件,34731193.76,105.0839928968,57001414.03,164.1216666029,66242985.69,190.7305177811,-115130288.11,-331.4895793838,2025-10-30
1208,688583,思看科技,16510971.41,107.5523193646,40824515.89,247.2568989204,-480550595.49,-2910.4925661669,454294933.77,2751.4730810742,2025-10-30
1209,688575,亚辉龙,34703451.23,138.3036371596,64985573.11,187.2596839989,109647678.91,315.9561225865,-141491036.72,-407.7145981311,2025-10-30
1210,688570,天玛智控,-581626320.63,-423.7169750541,-11229714.47,-1.9307438594,-425520411.16,-73.1604461605,-144876195.0,-24.9088099801,2025-10-30
1211,688569,铁科轨道,148859663.66,163.2939004392,104197553.97,69.9971714352,138675074.69,93.1582614661,-94012965.0,-63.1554329014,2025-10-30
1212,688560,明冠新材,-216439444.55,-2342.561568853,-220569008.85,-101.9079536582,-15273621.17,-7.0567641687,29019595.05,13.4077201641,2025-10-30
1213,688557,兰剑智能,-34521140.7,-176.782493603,13931671.03,40.3569254883,-13236393.78,-38.3428632762,-36307040.72,-105.1733517021,2025-10-30
1214,688556,高测股份,-8153772.59,-103.5878804157,-236472962.9,-2900.1662762832,-109017023.57,-1337.013294971,340029921.32,4170.2159039488,2025-10-30
1215,688553,汇宇制药,72698452.13,-77.954537669,31168333.28,42.8734482878,138140039.42,190.0178550885,-100519702.26,-138.2693844434,2025-10-30
1216,688552,航天南湖,-404916885.3,-1.5564257217,-191145828.74,-47.2061886474,-211658120.56,-52.2719916714,-2112936.0,-0.5218196812,2025-10-30
1217,688539,高华科技,-290118154.71,5.0060127074,-16498345.48,-5.6867676883,-218937281.52,-75.4648676636,-54665098.22,-18.8423569268,2025-10-30
1218,688535,华海诚科,-9762818.46,-0.330404968,-1611215.06,-16.5035851747,15992946.84,163.8148543428,-24092375.26,-246.7768437845,2025-10-30
1219,688533,上声电子,-29272395.57,66.0099167582,213724366.06,730.1225673482,-158777749.47,-542.4146072716,-98912120.76,-337.9023781073,2025-10-30
1220,688526,科前生物,-266513453.24,-62.6417595602,315714127.59,118.4608595746,-398621872.9,-149.5691373377,-183558239.46,-68.8739113274,2025-10-30
1221,688523,航天环宇,-16044403.2,92.2107918809,-37345882.38,-232.7657932456,-21251431.57,-132.4538613565,42552910.75,265.219654602,2025-10-30
1222,688519,南亚新材,-80962269.02,-135.1595519798,-27625890.72,-34.1219324191,-161828708.81,-199.8816371735,108975682.2,134.6005781694,2025-10-30
1223,688518,联赢激光,-142920647.13,57.2687621687,145287369.06,101.6559692232,-406055768.07,-284.1127410378,119125029.02,83.3504685377,2025-10-30
1224,688510,航亚科技,-10766944.08,40.3097160477,118979536.93,1105.0446259028,-93799934.57,-871.1843757435,-36040420.36,-334.7321216885,2025-10-30
1225,688509,正元地信,-153229218.19,40.9367209826,-115142836.02,-75.1441777098,-23190862.75,-15.134752382,-14895519.42,-9.7210699082,2025-10-30
1226,688507,索辰科技,-266496788.76,2.9070097088,-74301652.24,-27.8808808863,-132556200.07,-49.7402616695,-59838505.91,-22.4537436974,2025-10-30
1227,688501,青达环保,-6590601.02,95.8730880868,-16782577.88,-254.6441186331,-107650270.6,-1633.3907980975,117723866.76,1786.2387118072,2025-10-30
1228,688500,慧辰股份,-103308570.09,-640.5996459037,-10119010.97,-9.7949385624,-118997990.43,-115.1869494722,26172414.98,25.3342147289,2025-10-30
1229,688496,清越科技,70635799.33,124.8640160445,13647071.67,19.3203330315,72739786.2,102.9786409865,-13876545.21,-19.6452016423,2025-10-30
1230,688486,龙迅股份,108699378.35,-83.0998694563,70365914.25,64.7344219609,88253777.66,81.1906921637,-49487996.54,-45.5273961003,2025-10-30
1231,688480,赛恩斯,-168304796.77,52.2974984053,36940086.14,21.9483263988,-124341079.19,-73.8785118287,-84991989.51,-50.4988515723,2025-10-30
1232,688478,晶升股份,-17186868.55,68.2385092099,-59103523.94,-343.8876824365,76754310.2,446.5869391897,-34811629.45,-202.5478309136,2025-10-30
1233,688468,科美诊断,142178950.25,409.930316698,71178778.38,50.0628104616,144912742.25,101.9227825182,-73856743.43,-51.9463277089,2025-10-30
1234,688466,金科环境,-142242859.89,-5.83714733,12810495.85,9.0060730359,-82014618.77,-57.6581621274,-72694331.96,-51.1057862702,2025-10-30
1235,688459,哈铁科技,31760957.93,123.9130791077,155802272.57,490.5465159879,-60939758.2,-191.8700258799,-63194581.54,-198.9693814629,2025-10-30
1236,688455,科捷智能,-336888817.5,-47.1326155557,-228182080.64,-67.7321623001,-214366030.91,-63.6310912605,104555233.87,31.0355311423,2025-10-30
1237,688450,光格科技,-29502596.63,64.5363828166,-25483015.39,-86.3755001283,17935494.24,60.7929344828,-21955075.48,-74.4174343545,2025-10-30
1238,688448,磁谷科技,-113341901.11,-277.3707290697,-29679915.15,-26.1861808028,-63060617.41,-55.6375151576,-20261643.6,-17.8765693901,2025-10-30
1239,688425,铁建重工,50961383.06,-93.1934012335,648255810.76,1272.0530170792,-56745436.1,-111.3498745377,-561190368.44,-1101.207099853,2025-10-30
1240,688416,恒烁股份,67969950.84,-63.8746819756,58778856.3,86.4777090076,19469907.03,28.6448743737,-9654382.79,-14.2038984444,2025-10-30
1241,688400,凌云光,-382065145.69,-115.8287943573,-165279309.26,-43.2594574838,-241367458.32,-63.1744248442,18989284.18,4.9701691961,2025-10-30
1242,688390,固德威,-245101309.01,73.7514411795,-32670581.01,-13.3294192275,-77601822.94,-31.6611213761,-155198885.08,-63.3203003717,2025-10-30
1243,688388,嘉元科技,251866809.93,187.3377897302,79324729.35,31.4947131669,-387685105.28,-153.9246498527,560227185.86,222.4299366859,2025-10-30
1244,688382,益方生物,-243780350.03,48.8180787657,-160056383.93,-65.6559824901,-82362325.47,-33.78546526,1130392.36,0.463692976,2025-10-30
1245,688375,国博电子,-679504461.54,-570.0870883246,-34778889.85,-5.1182724792,-384891905.58,-56.6430284663,-259833666.11,-38.2386990545,2025-10-30
1246,688370,丛麟科技,-893800442.45,26.8117821563,92500436.27,10.3491150683,-804159787.55,-89.9708424115,-182141091.17,-20.3782726568,2025-10-30
1247,688368,晶丰明源,-111558165.58,-344.0821432272,147438945.2,132.1632929633,-66409950.24,-59.5294391,-193011068.53,-173.0138421751,2025-10-30
1248,688357,建龙微纳,-63529451.0,87.2136547858,62399971.84,98.222117235,-58434491.7,-91.9801616104,-66937545.17,-105.3645893619,2025-10-30
1249,688355,明志科技,-33659872.11,54.9437709799,204429285.98,607.338273039,-148125970.65,-440.0669443007,-96407815.35,-286.4176519594,2025-10-30
1250,688352,颀中科技,8097125.62,100.8188333669,380382395.09,4697.7460019942,-408854401.41,-5049.3770332539,44857325.48,553.990731837,2025-10-30
1251,688338,赛科希德,-304999782.03,-29.8181519236,48634310.63,15.9456870121,-306519823.03,-100.4983744545,-46145578.26,-15.1297086027,2025-10-30
1252,688335,复洁科技,-306410750.35,28.0678159472,137747827.02,44.9552853034,-411660851.55,-134.3493500407,-32497783.64,-10.6059541328,2025-10-30
1253,688320,禾川科技,-17521843.97,76.81504164,32718696.54,186.730897707,80176352.6,457.5794233602,-130922301.6,-747.1947691359,2025-10-30
1254,688319,欧林生物,-54490774.2,67.8744780642,33045234.94,60.6437244197,-97482281.59,-178.8968555158,9946272.45,18.2531310961,2025-10-30
1255,688317,之江生物,-323089198.94,-1191.3251958339,32672416.67,10.112506632,-319237805.91,-98.8079474515,-26847753.82,-8.3097032981,2025-10-30
1256,688300,联瑞新材,-197719011.04,-342.8054890467,132286749.44,66.9064389631,-309083858.62,-156.3248050828,-20492628.47,-10.3645210252,2025-10-30
1257,688293,奥浦迈,-142078970.36,58.4709453962,100287763.01,70.5859303146,-188280373.22,-132.5181149208,-51709069.75,-36.3945977501,2025-10-30
1258,688290,景业智能,45776108.72,-3.279266793,-53339473.21,-116.5225151318,30273942.32,66.134809547,68841639.61,150.3877055848,2025-10-30
1259,688286,敏芯股份,48592930.08,137.6626228626,104281099.19,214.6013813498,-64803208.91,-133.3593360255,9354101.57,19.2499228892,2025-10-30
1260,688282,理工导航,-125023149.72,62.7789250414,-70429460.12,-56.3331353255,-64348402.09,-51.4691896934,9754712.49,7.8023250189,2025-10-30
1261,688277,天智航,-23097176.21,79.5922500193,-29946024.19,-129.6523173124,-122878797.53,-532.0078801529,130036151.31,562.995883686,2025-10-30
1262,688271,联影医疗,-1487220961.27,45.5758706491,107213264.45,7.2089667401,-1570934985.83,-105.628889502,-11017915.95,-0.7408392053,2025-10-30
1263,688267,中触媒,261368190.42,1383.9712251376,292001375.26,111.7203186779,33154224.52,12.684873575,-61097177.91,-23.3759042414,2025-10-30
1264,688265,南模生物,-77207060.17,-162.2108580881,19641082.96,25.4394907885,-81472532.88,-105.5247184657,-14702993.05,-19.0435861923,2025-10-30
1265,688261,东微半导,-1095859098.64,11.8096785534,-211966422.19,-19.3424886879,-919395587.53,-83.8972445154,35397368.88,3.2301022024,2025-10-30
1266,688251,井松智能,-7744135.98,94.1526513489,55453333.7,716.0686982152,-66410029.78,-857.5524752085,3212560.1,41.4837769933,2025-10-30
1267,688249,晶合集成,-3496952913.19,-165.3067097779,2674315807.26,76.4756024358,-7893949148.09,-225.737930823,1733110560.12,49.5605918393,2025-10-30
1268,688246,嘉和美康,-264465265.62,-7.2431323175,-175130113.29,-66.2204591894,-51510340.91,-19.4771667989,-37824473.79,-14.3022463465,2025-10-30
1269,688244,永信至诚,-391962261.11,7.8153533588,-48412456.72,-12.3513056035,-326702621.75,-83.3505299272,-16630971.9,-4.2430033577,2025-10-30
1270,688222,成都先导,139207431.41,146.9878814078,162143984.27,116.4765290385,-41248866.62,-29.6312245706,18765456.7,13.4802118751,2025-10-30
1271,688219,会通股份,389415196.75,356.2265914005,685781220.47,176.1054078509,-373667629.54,-95.9560984416,77462908.29,19.8921123101,2025-10-30
1272,688213,思特威,253079104.99,97.7768303255,-1042291449.44,-411.844134458,-483025501.34,-190.8594948441,1772042713.49,700.193211747,2025-10-30
1273,688205,德科立,-782885826.58,-423.6028394762,49239463.85,6.2894820903,-814125590.52,-103.9903345902,-16271901.34,-2.0784513894,2025-10-30
1274,688201,信安世纪,-63151515.84,55.4929265015,-37636345.41,-59.5968994717,-22395991.43,-35.4639015899,-3114943.69,-4.9324923536,2025-10-30
1275,688200,华峰测控,-70512247.07,-417.4428088235,126485186.94,179.3804511923,-96974961.12,-137.5292451306,-98037689.63,-139.036399638,2025-10-30
1276,688179,阿拉丁,148960037.24,2968.6746078208,159029157.18,106.7596115888,-173287038.32,-116.3312265026,163271549.59,109.6076186709,2025-10-30
1277,688178,万德斯,12501827.73,127.7533737821,59920706.32,479.2955687288,-119714819.98,-957.5785442374,72295941.39,578.2829755086,2025-10-30
1278,688176,亚虹医药,-181388957.54,-470.1039395092,-301798901.12,-166.3821796062,-60293666.49,-33.2399873221,181088776.58,99.8345097937,2025-10-30
1279,688170,德龙激光,-41630433.29,85.8876989495,8338305.0,20.0293495432,-10037511.84,-24.1109953626,-39750317.14,-95.4837939425,2025-10-30
1280,688167,炬光科技,-218751388.74,67.4402104874,89219435.61,40.7857687779,-246517557.63,-112.6930251963,-68290756.39,-31.2184333015,2025-10-30
1281,688160,步科股份,-35359814.23,85.5742196569,39691565.81,112.2504930366,-537962020.87,-1521.3937985386,462599273.99,1308.2627385455,2025-10-30
1282,688159,有方科技,294279648.3,1098.935281989,150494123.71,51.139834025,-35550767.41,-12.0806068702,179966303.72,61.1548589104,2025-10-30
1283,688155,先惠技术,-445127345.88,-428.5196715501,59494234.6,13.3656660618,62499071.6,14.0407171517,-584216742.53,-131.2471021916,2025-10-30
1284,688151,华强科技,-625209200.55,54.4287501594,-61431316.55,-9.8257217738,-512965047.81,-82.046944824,-50616980.95,-8.0960070494,2025-10-30
1285,688147,微导纳米,1079467385.95,55.4191821241,177793661.62,16.4704986861,-571196426.12,-52.9146534258,1466681758.79,135.8708727915,2025-10-30
1286,688143,长盈通,60465153.89,445.3477777806,-52595555.8,-86.9849035623,-61420878.72,-101.580620851,174481749.11,288.5657901862,2025-10-30
1287,688137,近岸蛋白,151851861.59,177.756852076,-17498412.32,-11.5233439596,186719497.6,122.9616124853,-16796060.52,-11.0608196331,2025-10-30
1288,688136,科兴制药,-61949975.55,75.7440661344,-7257528.19,-11.7151429449,-155863424.31,-251.5956187653,100384925.16,162.0419124766,2025-10-30
1289,688132,邦彦技术,-139682772.17,-438.896746465,-122496512.78,-87.6962211424,-86990774.97,-62.2773829718,69804515.58,49.9736041142,2025-10-30
1290,688122,西部超导,-261204346.23,-118.2567633455,-104503616.1,-40.0083756677,-187296589.18,-71.7050048681,31443844.6,12.0380250382,2025-10-30
1291,688118,普元信息,-91195436.57,-305.7443573134,-45037832.49,-49.3860594169,-50669010.95,-55.5609061766,4511406.87,4.9469655935,2025-10-30
1292,688113,联测科技,-69828741.41,36.1850111222,63953421.65,91.5861010218,-107331704.03,-153.7070579574,-26426550.58,-37.8448043691,2025-10-30
1293,688112,鼎阳科技,26809109.73,125.1406761152,125983776.65,469.9289827928,-20374017.18,-75.9966197505,-84372060.72,-314.7141459367,2025-10-30
1294,688105,诺唯赞,-241172985.84,68.8085408923,64549397.84,26.7647711932,-298639565.87,-123.8279506429,-10096436.05,-4.1863876316,2025-10-30
1295,688103,国力电子,-321766368.74,-1.0122110094,2130153.8,0.6620187835,-295681216.86,-91.8931391176,-27593226.06,-8.5755469622,2025-10-30
1296,688102,斯瑞新材,569642931.69,2265.880794796,3399518.69,0.5967806324,-243583167.46,-42.760675839,808317598.42,141.8989955729,2025-10-30
1297,688099,晶晨股份,410584186.39,265.3608355001,-287180493.06,-69.9443628321,644093834.67,156.8725382078,61493218.48,14.9770060607,2025-10-30
1298,688095,福昕软件,358113999.1,23489.2912980207,608765.33,0.1699920504,165128339.55,46.1105513789,183396660.02,51.2118097815,2025-10-30
1299,688093,世华科技,60616236.39,267.198314161,286603546.55,472.8164657172,-774740080.85,-1278.1065387587,548604922.72,905.0461648432,2025-10-30
1300,688091,上海谊众,-576262278.33,-122.7054085838,-21421543.09,-3.7173252346,-557429698.76,-96.731943027,2588963.52,0.4492682616,2025-10-30
1301,688090,瑞松科技,46165773.54,189.527465255,49742382.72,107.7473177762,-6906179.74,-14.9595234964,3325964.76,7.2043951719,2025-10-30
1302,688084,晶品特装,147446979.17,134.9724927895,-10190528.59,-6.911317307,155461159.49,105.4352963792,2176348.27,1.4760209278,2025-10-30
1303,688082,盛美上海,4316499899.79,791.7020384758,-58968509.54,-1.3661186357,-304714149.64,-7.0592877728,4703613920.16,108.968238836,2025-10-30
1304,688073,毕得医药,-142884310.18,62.9983522939,8732704.38,6.1117307905,-118428563.22,-82.8842320552,-29920234.07,-20.9401816283,2025-10-30
1305,688067,爱威科技,14764164.25,129.042873769,28488492.57,192.9570281636,-36778463.25,-249.1062997352,23073950.0,156.2834821483,2025-10-30
1306,688061,灿瑞科技,232720945.69,154.7047531291,-73587367.62,-31.6204316727,281582784.28,120.9958920737,28825922.66,12.3864753877,2025-10-30
1307,688055,龙腾光电,-15842562.88,98.175697159,133541244.83,842.9270304402,-415323299.99,-2621.566366098,265880526.92,1678.2671398177,2025-10-30
1308,688050,爱博医疗,316202718.91,219.0612044829,230096531.01,72.7686756784,38313436.93,12.1167322856,49083921.38,15.522928313,2025-10-30
1309,688045,必易微,-658931936.24,-13.6142261576,21524761.43,3.26661378,-687459854.7,-104.3294180918,7005529.97,1.0631644309,2025-10-30
1310,688032,禾迈股份,-727685899.07,-73.8232578421,-346988944.55,-47.6838901226,-522029680.89,-71.7383257745,151079259.49,20.7616032801,2025-10-30
1311,688030,山石网科,-3692886.49,97.3682619717,-155011235.02,-4197.56294811,33292349.92,901.5264891069,118661496.14,3213.2451528452,2025-10-30
1312,688028,沃尔德,-53964081.37,-220.8871750055,118233959.48,219.0975116751,-77917023.83,-144.3868251843,-94241703.8,-174.6378357742,2025-10-30
1313,688020,方邦股份,115924734.23,164.4323215044,25904324.24,22.3458129208,29878979.71,25.7744647063,60225915.86,51.9526020569,2025-10-30
1314,688016,心脉医疗,-1187708730.7,18.1897865437,363201648.36,30.5800268173,-1370852622.84,-115.4199331373,-180313468.24,-15.1816235394,2025-10-30
1315,688012,中微公司,125837361.56,-87.6732612036,1298309239.31,1031.7359035623,-1189506217.35,-945.2726937404,29004346.9,23.0490742498,2025-10-30
1316,688011,新光光电,-105934347.92,74.1368737375,-49200082.71,-46.4439378502,-55296538.48,-52.198875592,-1437726.73,-1.3571865577,2025-10-30
1317,688010,福光股份,-126862213.47,-259.3357187168,-62380775.4,-49.1720692031,-185587386.77,-146.2905160597,119672399.14,94.3325801014,2025-10-30
1318,605589,圣泉集团,-88745768.23,-29.0341961828,-330779269.87,-372.7268088014,-690845068.08,-778.4540963007,922195311.28,1039.1428568064,2025-10-30
1319,605580,恒盛能源,8262483.77,116.9550085512,193325960.92,2339.8044256612,-168082369.98,-2034.2838141514,-16981107.17,-205.5206115098,2025-10-30
1320,605577,龙版传媒,36002100.5,-57.9719549971,117256645.2,325.693899999,-14587877.95,-40.5195189931,-66666666.75,-185.1743810059,2025-10-30
1321,605555,德昌股份,-603466956.64,-39681.9993610668,12380963.61,2.0516390291,-329865298.95,-54.6617002506,-299715594.73,-49.6656182136,2025-10-30
1322,605388,均瑶健康,-90036493.28,66.7054536626,-87189611.93,-96.8380805979,48856444.18,54.2629353945,-52088707.44,-57.8528833614,2025-10-30
1323,605369,拱东医疗,204724365.63,94.6096304292,149044625.16,72.8025824876,-42246685.27,-20.6358852987,102199185.93,49.9203822737,2025-10-30
1324,605358,立昂微,100109176.93,134.1598217225,565590130.45,564.9733099349,-646399136.75,-645.6941876587,184063141.31,183.8624059797,2025-10-30
1325,605336,帅丰电器,-127846846.61,87.0683850126,-88409300.01,-69.1525073588,19681499.66,15.3945914052,-59119046.25,-46.2420840385,2025-10-30
1326,605319,无锡振华,231573936.47,393.6719568883,336584391.87,145.3464051269,-282079079.37,-121.8095108931,177058503.67,76.4587355421,2025-10-30
1327,605305,中际联合,1124623.25,100.7119253787,183654142.11,16330.281461814,-97068889.71,-8631.2362571199,-75464203.35,-6710.1763501688,2025-10-30
1328,605298,必得科技,-8354283.83,94.829535091,54837824.61,656.4036574036,-33380323.67,-399.5593679752,-29811784.77,-356.8442894285,2025-10-30
1329,605286,同力天启,-108878414.5,70.4869745137,19771731.57,18.1594594859,-201569163.79,-185.1323466783,72919072.32,66.9729373401,2025-10-30
1330,605277,新亚电子,61971780.98,-50.8838171126,347839665.84,561.2871864248,-50414825.92,-81.3512620144,-243991052.41,-393.7131522632,2025-10-30
1331,605266,健之佳,86883991.38,153.3246264823,822365008.82,946.5092426789,-61898397.08,-71.242580016,-672853342.45,-774.4272929488,2025-10-30
1332,605255,天普股份,66053602.06,96.5485527584,61031187.06,92.3964555401,26091489.0,39.5004786814,-20112000.0,-30.4479988566,2025-10-30
1333,605198,安德利,446799673.96,202.5117736573,841260445.04,188.2858233946,-221020331.04,-49.4674333759,-171776404.09,-38.4459555594,2025-10-30
1334,605189,富春染织,98032830.86,303.7125620262,110554812.39,112.7732530216,-87667500.98,-89.4266749322,78510489.72,80.0859151279,2025-10-30
1335,605186,健麾信息,22014560.12,132.8798131949,-5934306.8,-26.9562815139,-26158252.13,-118.8225065021,53857284.11,244.6439257311,2025-10-30
1336,605180,华生科技,-173898145.17,-122.5033474354,24659765.45,14.180579917,-216240830.37,-124.3491298648,20775782.9,11.947098619,2025-10-30
1337,605178,时空科技,30854989.29,189.0591619485,80769505.06,261.771295076,-26343901.89,-85.3797149057,-23570613.88,-76.3915801703,2025-10-30
1338,605158,华达新材,-1894898173.53,-593.5485059661,-1023448887.92,-54.0107591118,-145786853.92,-7.6936510867,-716016591.57,-37.7865471386,2025-10-30
1339,605151,西上海,-56932829.14,-316.7242712436,60355808.9,106.0123127758,-90447389.78,-158.8668456254,-26841248.26,-47.1454671504,2025-10-30
1340,605136,丽人丽妆,-113493783.31,65.1209809274,-12179913.08,-10.7317887595,-91422402.71,-80.5527845171,-9977145.58,-8.7909181358,2025-10-30
1341,605133,嵘泰股份,112953604.48,6000.0333530596,298130850.18,263.9409796195,-1359473523.29,-1203.5680751832,1199775092.67,1062.1839809304,2025-10-30
1342,605128,上海沿浦,-28179993.45,-126.9477245031,201015795.98,713.3280436586,-85332173.76,-302.8111908947,-143864331.26,-510.5193921186,2025-10-30
1343,605123,派克新材,921081047.02,418.543803486,531867325.58,57.7438138914,206939637.78,22.4670389701,151504117.28,16.4485109937,2025-10-30
1344,605118,力鼎光电,-150483872.46,-220.6673251936,233865298.55,155.4088785243,-168199124.23,-111.7721929137,-223399324.38,-148.45399758,2025-10-30
1345,605117,德业股份,1044219300.9,309.8400991094,2662052664.46,254.9323367386,-848662419.58,-81.2724318396,-846895886.43,-81.1032592196,2025-10-30
1346,605108,同庆楼,51446304.0,192.8285556552,505755932.14,983.0753481144,-685013623.58,-1331.5118294601,230703995.44,448.4364813457,2025-10-30
1347,605100,华丰股份,-76898247.78,33.9993551288,35571280.81,46.2575960271,-45537907.17,-59.2183937666,-58811741.88,-76.4799505553,2025-10-30
1348,605081,*ST太和,-85445374.19,-96.8178450727,-29548913.8,-34.582227628,-48690341.92,-56.9841754239,-7206118.47,-8.4335969481,2025-10-30
1349,605068,明新旭腾,-82912090.25,74.2874250192,93605569.97,112.8973708029,-132694096.63,-160.0419145506,-42842597.84,-51.67231668,2025-10-30
1350,605058,澳弘电子,84173412.55,-12.3436300496,248620994.12,295.3676066921,-201409020.52,-239.2786681903,44695385.44,53.0991723942,2025-10-30
1351,605028,世茂能源,-45620878.26,84.1197214671,124962573.29,273.9153169692,-43527498.18,-95.4113551518,-127055953.37,-278.5039618174,2025-10-30
1352,605016,百龙创园,277219375.86,2297.2231465912,226191815.26,81.5930757215,-248108832.9,-89.4990951229,299873962.17,108.172078968,2025-10-30
1353,603991,至正股份,-11611810.5,-167.5959347661,16535067.25,142.3987004438,-21608278.91,-186.0888007947,-6549444.94,-56.4033054105,2025-10-30
1354,603990,麦迪科技,139851425.6,152.0264937403,12812043.23,9.1611817148,225523580.03,161.2594073049,-98484197.66,-70.4205890197,2025-10-30
1355,603985,恒润股份,32254128.15,112.1988487629,-92408839.68,-286.5023641323,-26906134.16,-83.4191953193,145332101.83,450.5844993054,2025-10-30
1356,603966,法兰泰克,77598559.5,12.9780423201,404010728.75,520.6420471633,-186295894.07,-240.0764850152,-148008084.2,-190.7356079207,2025-10-30
1357,603939,益丰药房,-171740181.28,59.0399120242,2267211017.81,1320.1401098521,-363176077.84,-211.4683210028,-2075775121.25,-1208.6717888493,2025-10-30
1358,603937,丽岛新材,44218782.05,1163.0099136915,31424240.97,71.0653697663,13110363.25,29.6488565315,,,2025-10-30
1359,603933,睿能科技,16892503.74,65.2456330231,5508450.78,32.6088474792,-35543559.56,-210.4102512396,49454971.48,292.7628268798,2025-10-30
1360,603928,兴业股份,-496786.9,99.1917768943,22782430.9,4585.9564533606,16456306.84,3312.5484669584,-39729520.14,-7997.2962531822,2025-10-30
1361,603917,合力科技,-305767680.0,-487.5960475636,66265233.28,21.6717585325,-360102135.47,-117.7698491449,-15127808.73,-4.947484551,2025-10-30
1362,603915,国茂股份,-960695592.03,-424.0726418586,35471198.78,3.6922412338,-890115108.04,-92.6531895664,-106126540.26,-11.0468436766,2025-10-30
1363,603912,佳力图,243786917.86,168.4097378254,-128988049.03,-52.9101602999,-3988676.91,-1.6361324656,376763643.8,154.5462927655,2025-10-30
1364,603901,永创智能,216758703.51,196.1980396502,323637939.02,149.3079326363,-57605973.19,-26.5760831086,-51378412.15,-23.703044592,2025-10-30
1365,603899,晨光股份,-1495361610.16,-781.1859942833,1386365953.36,92.7110836563,-1629939351.39,-108.999678761,-1263321130.91,-84.4826510408,2025-10-30
1366,603898,好莱客,-285643290.9,11.7895847356,-135628183.04,-47.4816623953,523133161.61,183.1421140548,-673245638.66,-235.6945393462,2025-10-30
1367,603890,春秋电子,43426579.87,-78.0935008743,220169608.04,506.9927420006,-31960290.93,-73.5961501589,-146038163.61,-336.2875088187,2025-10-30
1368,603882,金域医学,8931585.59,101.7356258859,671907894.48,7522.8288158855,-262780372.21,-2942.1469408994,-393737649.19,-4408.3734654106,2025-10-30
1369,603866,桃李面包,34441449.77,-52.9581077786,655031717.45,1901.8703388629,-393996706.3,-1143.960863817,-226593561.38,-657.9094750459,2025-10-30
1370,603861,白云电器,-348991212.34,-46911.9410696811,-601100485.17,-172.2394329472,-180609619.24,-51.7519103215,432762560.63,124.0038560651,2025-10-30
1371,603860,中公高科,-58885857.3,22.4833021426,-46812440.61,-79.4969161636,-914854.0,-1.5536056397,-11158562.69,-18.9494781967,2025-10-30
1372,603858,步长制药,48700536.85,-81.6204257855,815091912.71,1673.681576079,-353958586.25,-726.8063334501,-412424487.33,-846.8581950139,2025-10-30
1373,603855,华荣股份,-277882443.95,-178.4149945367,-76418915.46,-27.500447446,-41092845.08,-14.7878521924,-161277567.96,-58.0380558295,2025-10-30
1374,603839,安正时尚,-93622018.07,55.134022233,-173765066.45,-185.6027780987,104817054.65,111.9576962885,-22514086.1,-24.0478538747,2025-10-30
1375,603819,神力股份,-2456026.58,-104.1246769552,-40209554.6,-1637.1791302031,-47360186.65,-1928.3254927151,84886164.54,3456.2396527484,2025-10-30
1376,603808,歌力思,127657297.74,154.2095868453,414435481.61,324.6469171344,-29176371.87,-22.8552322402,-256302198.84,-200.7736364293,2025-10-30
1377,603806,福斯特,-2664541870.1,-272.8127007944,13947307.42,0.5234411054,-1627374860.09,-61.0752219116,-1052152738.07,-39.4871910206,2025-10-30
1378,603803,瑞斯康达,-183750039.41,-47.7986112141,-141884684.53,-77.2161382852,-4719367.16,-2.5683625294,-39783115.1,-21.6506702408,2025-10-30
1379,603778,国晟科技,44694067.8,191.3158824382,113377131.3,253.67378017,-178307153.07,-398.9503794282,109631030.97,245.2921301784,2025-10-30
1380,603777,来伊份,-90474412.83,-1.627919651,78221410.5,86.4569418615,-76237149.17,-84.2637678271,-92512548.11,-102.2527200965,2025-10-30
1381,603757,大元泵业,193129378.51,138.4541099228,76882409.97,39.8087595803,137144117.61,71.0115253661,-24549590.24,-12.7114737434,2025-10-30
1382,603726,朗迪集团,35051420.42,182.5946856767,72337633.71,206.3757555135,-96831780.53,-276.2563667028,59535397.02,169.8515960455,2025-10-30
1383,603719,良品铺子,-487330087.64,65.1496995786,185737025.75,38.1131866184,-194944678.33,-40.0025943963,-478122435.06,-98.1105922221,2025-10-30
1384,603718,海利生物,-48520923.2,18.5493950531,36771755.56,75.7853584286,-24334085.83,-50.1517370758,-59922275.57,-123.4978059321,2025-10-30
1385,603716,塞力医疗,-68975727.18,-508.8504855424,-24599514.16,-35.6640156845,36083836.68,52.3138184333,-80423109.22,-116.5962469814,2025-10-30
1386,603712,七一二,104841843.02,113.7004713881,-479883483.77,-457.7213352482,346788651.32,330.7731353538,237992258.57,227.001216036,2025-10-30
1387,603709,中源家居,-13083762.73,69.3206101661,61039497.26,466.5286165733,-14543774.28,-111.1589577106,-63159990.57,-482.7356768338,2025-10-30
1388,603706,东方环宇,-293967835.19,15.6661217627,15204122.16,5.1720359645,-110363667.94,-37.5427698982,-198808289.41,-67.6292660663,2025-10-30
1389,603700,宁水集团,-129569560.21,37.2481613999,-113092918.94,-87.283555456,15270544.63,11.7855957875,-32816313.06,-25.3271779319,2025-10-30
1390,603698,航天工程,-989560342.66,-621.1555043827,-732540388.32,-74.0268538198,-117541453.55,-11.8781491621,-139478500.79,-14.0949970181,2025-10-30
1391,603689,皖天然气,62383071.91,-48.7688220838,424031082.2,679.7213878979,-325838717.43,-522.3191283368,-35809292.86,-57.4022595612,2025-10-30
1392,603687,大胜达,-17519950.8,91.7293571753,256718926.93,1465.2947936931,-168477719.13,-961.6335174297,-99996275.0,-570.7565971019,2025-10-30
1393,603686,福龙马,-196452851.12,1.5093810369,152401395.53,77.57657609,-303265365.0,-154.3705592823,-45583235.44,-23.2031427287,2025-10-30
1394,603685,晨丰科技,69030955.8,196.5892388003,218985844.42,317.2284692891,-146722966.84,-212.5466251186,-5521545.95,-7.9986520337,2025-10-30
1395,603678,火炬电子,-389741059.44,7.7205297033,-106687163.17,-27.3738577412,-533803564.84,-136.9636459671,251244469.06,64.4644599214,2025-10-30
1396,603676,卫信康,85206427.27,425.6365758317,113405611.47,133.0951374251,60319902.81,70.7926675753,-88320966.42,-103.6552866372,2025-10-30
1397,603663,三祥新材,29622893.95,170.939871416,68664575.44,231.7956360236,-7282929.68,-24.5854766664,-31111737.5,-105.0259895354,2025-10-30
1398,603658,安图生物,139729642.41,111.9876165609,845421813.39,605.0411342994,238432087.52,170.6381576648,-946542759.87,-677.410135419,2025-10-30
1399,603648,畅联股份,-84740351.76,-403.3570168677,240642471.14,283.9762476105,-42414466.17,-50.0522658793,-283383179.94,-334.4135043746,2025-10-30
1400,603639,海利尔,260695970.3,127.3146109404,50553565.76,19.3917710741,-58639741.25,-22.4935357392,269911765.11,103.5350737487,2025-10-30
1401,603618,杭电股份,-222509043.37,41.6746971759,-529434815.51,-237.9385608295,-131417737.21,-59.061751028,438431449.58,197.03983395,2025-10-30
1402,603617,君禾股份,-115782595.5,-14.1284400536,188095618.32,162.4558661064,-238086401.84,-205.6322893884,-65771489.07,-56.8060240712,2025-10-30
1403,603613,国联股份,365782977.4,128.4310281912,-262847420.73,-71.8588444433,876822975.57,239.7112576978,-248882133.14,-68.0409282327,2025-10-30
1404,603611,诺力股份,-327787556.18,-9.3678387013,536332496.48,163.6219820942,-861460853.64,-262.810725239,-24719585.77,-7.5413435635,2025-10-30
1405,603609,禾丰股份,-249372572.38,16.1154162161,-117681845.74,-47.1911744812,-891964251.87,-357.6833824815,760249481.37,304.8649152207,2025-10-30
1406,603596,伯特利,518993185.15,1130.3911487971,591072239.03,113.8882466943,-2761056001.48,-532.0023615882,2693201640.46,518.928131914,2025-10-30
1407,603590,康辰药业,117885170.2,46.3700839209,83899250.1,71.1703176554,68687921.95,58.2668047503,-34700300.6,-29.4356792641,2025-10-30
1408,603587,地素时尚,-202751246.26,-8770.4726105516,315728628.74,155.7221642599,-119632891.91,-59.0047627903,-398306807.07,-196.4509784365,2025-10-30
1409,603586,金麒麟,115058506.47,206.6966827879,216229991.18,187.9304693012,-23898947.91,-20.7711264844,-88375874.75,-76.8095097541,2025-10-30
1410,603579,荣泰健康,-74481498.04,86.960627177,71563658.77,96.0824643075,191321888.68,256.8716979581,-337556092.87,-453.2079801734,2025-10-30
1411,603559,ST通脉,-119456481.78,-26148.0488134043,-52059829.1,-43.5805812496,-20523197.0,-17.1804800327,-46873455.68,-39.2389387177,2025-10-30
1412,603516,淳中科技,-359611006.01,-221.6969515638,-21179681.37,-5.8896087762,-337122908.79,-93.7465492312,-1397537.31,-0.3886247325,2025-10-30
1413,603511,爱慕股份,-155040509.39,39.5994167818,418359277.26,269.8386885505,-261368444.19,-168.5807439735,-313061843.94,-201.9226105305,2025-10-30
1414,603418,友升股份,2126710912.2,4310.4027517368,183448106.76,8.6259070618,-263905091.86,-12.4090721661,2190581416.97,103.0032527883,2025-10-30
1415,603408,建霖家居,198135551.73,-43.4339891105,365417028.95,184.4277948906,-206628823.14,-104.2865963911,34075470.43,17.1980596781,2025-10-30
1416,603398,*ST沐邦,-169309762.96,-167.8992830951,-100909724.2,-59.6006529309,-81552644.48,-48.1677152305,13140733.75,7.7613561795,2025-10-30
1417,603393,新天然气,314819232.76,58.8167080348,1593198737.07,506.067791063,-3882949688.11,-1233.3902392393,2606161319.56,827.827860678,2025-10-30
1418,603392,万泰生物,-63199067.94,95.0130984119,7284554.67,11.5263640864,-76997100.32,-121.8326516984,11183715.36,17.6960131289,2025-10-30
1419,603391,力聚热能,-84111444.29,-120.4707690911,197608623.62,234.9366668092,-255624419.53,-303.9115802704,-26055926.43,-30.9778611578,2025-10-30
1420,603390,通达电气,15412916.2,129.9170591852,59230188.73,384.2893061989,-31799300.61,-206.3159248864,-12028803.56,-78.0436576954,2025-10-30
1421,603385,惠达卫浴,-22573376.08,-105.8456411033,138595187.92,613.9763384476,-37335626.54,-165.3967328931,-128448110.39,-569.0248101781,2025-10-30
1422,603382,海阳科技,208461106.52,726.0709604047,53505226.5,25.6667670019,-364415763.32,-174.8123520034,510847189.85,245.0563552971,2025-10-30
1423,603380,易德龙,45021800.13,151.5836565363,275819598.25,612.6356508482,-42691869.77,-94.8248840489,-186496484.25,-414.2359561623,2025-10-30
1424,603368,柳药集团,-1745553535.43,-127.661468653,135389669.99,7.7562599624,-601613953.71,-34.4655114552,-1279329251.71,-73.2907485072,2025-10-30
1425,603360,百傲化学,-21993946.6,60.1617778089,195692208.69,889.754859594,-288465802.86,-1311.5690790119,70062788.78,318.5548735487,2025-10-30
1426,603359,东珠生态,22946936.73,130.9469029061,190670224.92,830.9179877187,-896590.0,-3.9072317606,-166826698.19,-727.0107559581,2025-10-30
1427,603356,华菱精工,3443015.38,102.493581138,2734372.06,79.4179449759,-15239066.13,-442.6081340944,15947709.45,463.1901891185,2025-10-30
1428,603351,威尔药业,120147254.18,875.2470709569,143780197.76,119.6699822574,-82167466.79,-68.3889676471,58533742.26,48.7183353956,2025-10-30
1429,603338,浙江鼎力,-408028013.23,-165.2494505877,221179687.22,54.206985807,-43094084.12,-10.5615503649,-648241436.75,-158.8717969677,2025-10-30
1430,603331,百达精工,7966059.05,107.6772355776,275967418.41,3464.2903935039,-162651632.77,-2041.8080226257,-105349726.59,-1322.4823708782,2025-10-30
1431,603329,上海雅仕,7646852.96,-96.9123733894,-63446666.3,-829.7095109829,-140898135.11,-1842.5636774635,214356203.15,2803.1950433895,2025-10-30
1432,603328,依顿电子,314213764.79,-11.2916496745,679835140.21,216.36071248,-642601098.81,-204.5108046872,288950867.87,91.9599649185,2025-10-30
1433,603327,福蓉科技,-319091204.47,30.261278291,-201417237.27,-63.1221526787,-255191908.0,-79.9745979911,134758053.7,42.2318295874,2025-10-30
1434,603324,盛剑科技,-235626971.63,28.6104340513,-218915114.81,-92.907494119,-107789130.28,-45.745667202,91290540.36,38.7436717149,2025-10-30
1435,603323,苏农银行,-316852000.0,84.8744205319,7056444000.0,2227.0473280901,941935000.0,297.2791713481,-8322961000.0,-2626.7661242473,2025-10-30
1436,603315,福鞍股份,-17604655.87,59.081857185,99422919.36,564.7535520954,47492653.0,269.7732540227,-165664457.79,-941.0263910487,2025-10-30
1437,603313,梦百合,-61292777.23,82.3961786893,705891571.68,1151.6717035535,-134183100.87,-218.9215547641,-711137820.72,-1160.2310302427,2025-10-30
1438,603301,振德医疗,276004790.97,212.6948477688,262639201.32,95.1574791137,-605966854.0,-219.5493969037,619687236.34,224.5204636348,2025-10-30
1439,603300,海南华铁,519720176.59,130.4593805871,2361519998.96,454.3829747874,-1606079619.78,-309.0277599607,-235549388.57,-45.3223482905,2025-10-30
1440,603297,永新光学,-131661092.61,-37.265308778,143977128.44,109.3543472759,-255145671.32,-193.7897265335,-13153800.2,-9.9906509503,2025-10-30
1441,603291,联合水务,-12353136.95,88.8132013154,140407146.95,1136.611271439,-217935827.9,-1764.2144564746,65266442.57,528.3390189404,2025-10-30
1442,603290,斯达半导,19756247.34,102.5692142614,383025570.21,1938.7567062622,-621025343.83,-3143.4377852348,237820185.37,1203.7720589198,2025-10-30
1443,603286,日盈电子,-87423573.85,-18.0787469432,62531140.23,71.5266346092,-235677340.89,-269.5809957328,87688013.88,100.302481377,2025-10-30
1444,603283,赛腾股份,-254836334.02,-2477.266106414,412616608.28,161.9143556851,-268518776.9,-105.3691099162,-401560131.5,-157.5756977686,2025-10-30
1445,603282,亚光股份,26895259.34,-42.0570701587,135272742.56,502.9612871545,-81983789.85,-304.8261733177,-26189023.73,-97.3741260455,2025-10-30
1446,603279,景津装备,-62938426.0,-187.6381827012,658176070.52,1045.7459970797,-196927107.25,-312.8885162301,-525784904.04,-835.3956993459,2025-10-30
1447,603278,大业股份,-10078846.61,-110.5387023099,281156190.15,2789.567110497,-221976788.62,-2202.4026876226,-77503514.13,-768.9720573096,2025-10-30
1448,603276,恒兴新材,120877756.3,204.864584584,3379644.82,2.79591955,51712821.06,42.78108946,64806697.42,53.6134185509,2025-10-30
1449,603272,联翔股份,-52027631.81,20.5537275521,-13851491.52,-26.6233365581,-7637015.76,-14.678768751,-30539133.92,-58.697912739,2025-10-30
1450,603270,金帝股份,-112059989.42,60.3433350402,-245993751.29,-219.5196988356,-439534857.94,-392.2317503463,565558026.87,504.6922008446,2025-10-30
1451,603269,海鸥股份,295383079.45,110.9865683411,248877664.4,84.2558974141,-26512293.17,-8.9755625879,56195250.22,19.0245325916,2025-10-30
1452,603262,技源集团,115117116.58,112.376186812,97720793.23,84.8881522863,-481327962.8,-418.1202388487,491104184.49,426.6126524709,2025-10-30
1453,603260,合盛硅业,-476188606.82,12.3715769453,3727087979.66,782.6915483236,-1112305637.08,-233.5851007667,-3097736714.42,-650.5272637888,2025-10-30
1454,603258,电魂网络,60866339.14,122.478456373,-23082343.74,-37.9230032004,100431786.28,165.0038226367,-8484316.1,-13.9392580856,2025-10-30
1455,603256,宏和科技,-78908395.61,-167.0973497295,175241405.38,222.082078878,-367522784.55,-465.7587848655,114170328.96,144.6871756515,2025-10-30
1456,603237,五芳斋,-210918071.07,-259.6817000209,255703241.91,121.2334441581,-283717025.41,-134.5152759888,-182780786.59,-86.6596141633,2025-10-30
1457,603233,大参林,623474618.9,304.3092454498,3729111877.62,598.1176722477,-445487986.5,-71.4524654245,-2660149272.22,-426.6652068232,2025-10-30
1458,603230,内蒙新华,-73447659.38,89.8024791303,183554630.26,249.9121575956,-87009928.28,-118.4652159299,-169992361.36,-231.4469416656,2025-10-30
1459,603220,中贝通信,-383227060.69,51.4671098394,163864520.31,42.7591204063,-355058716.38,-92.649698521,-196153526.86,-51.184675348,2025-10-30
1460,603218,日月股份,-8218275.23,86.176238906,560442684.14,6819.4684219647,-350519258.7,-4265.1194915019,-234659507.81,-2855.3376620121,2025-10-30
1461,603216,梦天家居,-304673.12,99.9322375054,66436430.66,21805.8063868582,-22203103.78,-7287.5164635462,-44538000.0,-14618.2899233119,2025-10-30
1462,603215,比依股份,-195252794.16,-325.3132741166,-8475950.56,-4.3410137081,-526970428.26,-269.8913634128,335579976.78,171.8694875654,2025-10-30
1463,603212,赛伍技术,-167088261.54,39.4532453196,173456298.72,103.8111816601,-216728521.12,-129.7090047634,-120767627.34,-72.2777448439,2025-10-30
1464,603200,上海洗霸,109933736.3,209.9728783747,40476754.39,36.8192292487,-79348109.35,-72.1781247691,148135396.94,134.7497155339,2025-10-30
1465,603199,九华旅游,-9892166.1,-113.6413805092,217577778.61,2199.4958071923,-151593611.14,-1532.4612385957,-75876333.57,-767.0345685967,2025-10-30
1466,603198,迎驾贡酒,-776180102.41,-178.1525982388,788543286.17,101.5928241038,-606769704.01,-78.1738287449,-957953684.57,-123.4189953589,2025-10-30
1467,603197,保隆科技,-826172808.03,-2383.53255335,294302412.34,35.6223794198,-1609407283.55,-194.8027419817,477826920.95,57.8361955641,2025-10-30
1468,603194,中力股份,-1009731625.44,-99.0196795259,6834392.36,0.6768523623,-511788615.87,-50.6856082325,-536572994.24,-53.1401592979,2025-10-30
1469,603191,望变电气,248924800.33,171.3878712596,165746389.38,66.5849241057,-34784344.17,-13.9738363248,117895520.05,47.3619020257,2025-10-30
1470,603180,金牌家居,-190402238.49,-54.0989701174,-432199483.18,-226.9928581762,342230346.19,179.7407157101,-97929298.37,-51.4328503418,2025-10-30
1471,603176,汇通集团,70589092.69,263.6599029896,132555583.39,187.7847955521,-213408053.38,-302.3244034559,151726924.76,214.9438659402,2025-10-30
1472,603170,宝立食品,-208997951.51,-485.7330757031,216131187.98,103.4130652566,-281993222.83,-134.9263094651,-143135916.66,-68.4867557916,2025-10-30
1473,603155,新亚强,-91006504.55,-108.1503297792,31246803.14,34.3346921129,49654679.28,54.5616816353,-173682740.0,-190.8465124101,2025-10-30
1474,603150,万朗磁塑,31541828.78,315.2932503255,375950.62,1.1919112954,-297480111.89,-943.1289287786,321946276.55,1020.6962912504,2025-10-30
1475,603139,康惠股份,-19105244.58,47.5245372212,-9238029.67,-48.3533703603,-25393032.62,-132.9113192646,15525817.71,81.2646896248,2025-10-30
1476,603135,中重科技,-397514404.53,59.628460031,218097259.47,54.8652468903,-539237431.47,-135.6522997217,-76374232.53,-19.2129471686,2025-10-30
1477,603125,常青科技,-515642833.31,-1066.0124090472,29371666.17,5.6961261308,-503944193.85,-97.7312514197,-42082757.17,-8.1612221583,2025-10-30
1478,603124,江南新材,107267866.39,186.9622558956,-388502562.77,-362.1798175397,-473248269.23,-441.1836322999,966426980.08,900.9473317632,2025-10-30
1479,603122,合富中国,-69535212.18,-748.166879417,105058512.99,151.0867799153,-91412076.92,-131.4615632198,-83113147.81,-119.5267048224,2025-10-30
1480,603121,华培动力,-85797446.52,-157.5128912551,102824546.12,119.8456950534,-235820037.86,-274.8567089407,44874568.0,52.3029178841,2025-10-30
1481,603118,共进股份,376280777.09,185.4496131806,-292387845.97,-77.704699196,-849876929.42,-225.8624360225,1530075101.87,406.6312166417,2025-10-30
1482,603109,神驰机电,-102624158.41,-77.8598335488,93691747.73,91.2959961685,-259106162.33,-252.4806696049,52896169.64,51.5435843368,2025-10-30
1483,603108,润达医疗,-196447586.34,-500.6660051491,438944151.93,223.4408475604,-142922250.43,-72.7533756422,-492696335.94,-250.8029470453,2025-10-30
1484,603102,百合股份,-73238884.91,-30.8437620456,143454307.47,195.8717799244,-142250390.25,-194.2279574912,-72373664.19,-98.8186320408,2025-10-30
1485,603101,汇嘉时代,-9497436.95,-163.698571145,281940808.3,2968.5988944628,-520649500.98,-5482.0000777157,229211255.73,2413.4011832529,2025-10-30
1486,603091,众鑫股份,-217682275.14,-134.1825142939,321035497.02,147.478933144,-552012424.58,-253.5862987581,7045938.83,3.2367995169,2025-10-30
1487,603081,大丰实业,-23047757.19,88.5373710008,163724979.78,710.3727205658,50351679.13,218.4667198414,-254975338.58,-1106.2913257808,2025-10-30
1488,603079,圣达生物,258490542.68,261.2354239813,67664877.71,26.1769258591,-110476938.95,-42.7392576164,301293325.92,116.5587424577,2025-10-30
1489,603076,乐惠国际,-44730316.33,62.3165166524,223141356.98,498.8593314068,-96070877.66,-214.7779974352,-178078752.87,-398.1164621243,2025-10-30
1490,603075,热威股份,156668054.83,1528.2419162984,266203025.95,169.9153195199,145612985.81,92.9436354897,-267556542.85,-170.7792588223,2025-10-30
1491,603070,万控智造,-444879396.33,-125.6351688783,29460755.05,6.6221891355,-484414761.78,-108.8867602717,9852889.52,2.2147327121,2025-10-30
1492,603060,国检集团,20385017.22,114.0801452582,80111092.16,392.9900637092,-150966646.09,-740.5764952795,91490169.98,448.8108545243,2025-10-30
1493,603055,台华新材,-31201612.67,-117.7287684899,585425496.32,1876.266789514,-711393371.41,-2279.9891112487,93488879.67,299.6283578633,2025-10-30
1494,603051,鹿山新材,-278709869.93,-771.0446984929,158938147.44,57.0263792523,-483128797.57,-173.3447034694,42184973.5,15.1358017965,2025-10-30
1495,603045,福达合金,97853774.65,470.3558466718,-203981913.49,-208.4558456938,-34609525.1,-35.3686152872,333224101.01,340.5327001456,2025-10-30
1496,603041,美思德,-74426090.36,-16.8925094659,128985256.95,173.3065062616,-171323001.36,-230.1921282326,-34297723.19,-46.0829300909,2025-10-30
1497,603036,如通股份,-163238862.27,22.6255754444,134014988.76,82.0974778287,-254756929.54,-156.0638967935,-42672759.16,-26.141299055,2025-10-30
1498,603033,三维股份,-63858375.31,43.2528414529,7247455.27,11.3492634832,-117977375.44,-184.7484764015,43875479.04,68.7074778007,2025-10-30
1499,603030,全筑股份,-6234838.38,-121.5302792316,6782638.4,108.786114196,80001861.35,1283.1425046498,-95054339.19,-1524.5678138974,2025-10-30
1500,603029,天鹅股份,-111570689.22,50.6607280064,-95685405.08,-85.7621349738,-8336505.97,-7.4719498717,-7514990.28,-6.7356313137,2025-10-30
1501,603020,爱普股份,431673648.61,126.9976910347,72573187.28,16.812049453,440706448.11,102.0925065797,-80785026.43,-18.7143752439,2025-10-30
1502,603011,合锻智能,122518481.38,197.2574344284,181049542.45,147.7732505421,-59863421.14,-48.8607273496,2657747.37,2.1692624166,2025-10-30
1503,603010,万盛股份,35893340.68,-79.5944826995,219341467.19,611.0923726646,-329797533.88,-918.8265222238,138167782.02,384.9398785469,2025-10-30
1504,603009,北特科技,77294131.14,357.4365935211,89895639.6,116.3033186015,-123169103.09,-159.3511710053,109572630.74,141.7606086309,2025-10-30
1505,603008,喜临门,-266883883.89,-91.5770624382,114620025.34,42.9475259687,-299613684.23,-112.2636855635,-81890225.0,-30.6838404052,2025-10-30
1506,603004,鼎龙科技,-4655914.01,99.2287563064,171044822.02,3673.7109330763,-138172479.15,-2967.676783833,-38672038.12,-830.6003512294,2025-10-30
1507,603002,宏昌电子,-584011682.91,-78.5622835304,72116965.79,12.3485484795,-632201654.91,-108.2515424623,-23669579.87,-4.0529291729,2025-10-30
1508,601999,出版传媒,-184984309.74,15.8758364979,-165915630.92,-89.6917317762,-9863070.21,-5.331841508,-9208658.09,-4.9780752232,2025-10-30
1509,601995,中金公司,34159870424.0,245.5398657083,62700802264.0,183.5510541631,-19551430165.0,-57.2350829272,-8306125478.0,-24.3154478483,2025-10-30
1510,601985,中国核电,-946658484.36,-643.9496958809,30266329129.73,3197.1750773661,-63174568003.66,-6673.4275398556,31971512830.26,3377.3016730394,2025-10-30
1511,601928,凤凰传媒,-599427050.11,39.5919490799,834796022.97,139.265657567,-273286137.42,-45.5912253826,-1159740582.49,-193.4748494045,2025-10-30
1512,601908,京运通,64410457.8,106.3689288088,763757088.85,1185.7656581506,-13963.9,-0.021679554,-699327565.73,-1085.7360584231,2025-10-30
1513,601886,江河集团,-1123324020.03,-111.3851581673,-662086775.71,-58.9399642404,-271836204.98,-24.1992693233,-192948845.94,-17.1765975355,2025-10-30
1514,601877,正泰电器,1373711539.55,335.7088013227,15252227709.04,1110.2933381514,-4069785575.16,-296.2620213916,-9778692536.22,-711.8446817025,2025-10-30
1515,601872,招商轮船,-241622082.38,73.8212419169,5803489723.4,2401.8871397163,-6816500838.99,-2821.1414999187,807421519.26,334.1671056332,2025-10-30
1516,601827,三峰环境,3027598928.33,388.9454323158,1837907902.16,60.7051312168,-150168246.67,-4.9599781948,1339782884.48,44.2523239107,2025-10-30
1517,601808,中海油服,1318247469.0,-43.4037008639,1986367517.0,150.6824449666,2670175356.0,202.5549389467,-3275018547.0,-248.437309687,2025-10-30
1518,601801,皖新传媒,-2945987024.46,-144.380792567,714957016.5,24.2688447221,-2890717734.33,-98.1239126421,-770250290.81,-26.1457462105,2025-10-30
1519,601799,星宇股份,436678659.45,56.5975189549,1770725161.99,405.4984423146,-1017929065.76,-233.1071243651,-382729031.02,-87.6454625701,2025-10-30
1520,601699,潞安环能,957805574.23,129.5862700456,2678233752.9,279.621859066,-107670955.27,-11.2414208235,-1612757223.4,-168.3804382425,2025-10-30
1521,601666,平煤股份,362727260.95,110.5463337434,238471862.29,65.7441245705,-5437202887.91,-1498.9782884445,5553205546.11,1530.9589721947,2025-10-30
1522,601608,中信重工,-666939281.18,-290.6769970599,48336687.7,7.2475394783,-385671398.89,-57.8270630885,-342221023.35,-51.3121708388,2025-10-30
1523,601579,会稽山,-372719732.89,-122.9400117767,14423848.42,3.8698912741,-198513327.19,-53.2607505513,-188737599.03,-50.6379411593,2025-10-30
1524,601567,三星医疗,-1726594597.42,39.5280971937,458011287.76,26.5268574594,117605652.02,6.8114224495,-2263824388.05,-131.114993145,2025-10-30
1525,601518,吉林高速,347017205.63,12.7751666194,519095483.53,149.5878230555,-9523607.36,-2.744419356,-162554670.54,-46.8434036995,2025-10-30
1526,601500,通用股份,-751609483.13,-76.7264092819,601317929.99,80.0040371345,-1150226622.12,-153.0351396486,-215562830.1,-28.6801636938,2025-10-30
1527,601366,利群股份,426488579.64,-17.8326184407,933001639.38,218.7635692772,-144838965.52,-33.9608074951,-361453547.85,-84.7510496424,2025-10-30
1528,601233,桐昆股份,-2300656756.41,-159.7022872163,1956845520.99,85.0559526334,-9349941612.1,-406.4031536234,5109050576.08,222.0692227054,2025-10-30
1529,601225,陕西煤业,4690717631.56,-68.4884535728,27724204366.72,591.0439839778,-4113070062.07,-87.6853050032,-18920416673.09,-403.3586789746,2025-10-30
1530,601216,君正集团,836424285.51,248.5913888327,3912023132.36,467.7079802836,359380168.81,42.9662522999,-3414699484.92,-408.2496818989,2025-10-30
1531,601200,上海环境,-245542285.43,9.1510079672,800083065.39,325.843291712,-736936632.59,-300.1261600622,-308680543.22,-125.7138022803,2025-10-30
1532,601187,厦门银行,-2716790000.0,-256.9467142916,-3746745000.0,-137.910732887,2280740000.0,83.9498084136,-1242652000.0,-45.7397148841,2025-10-30
1533,601158,重庆水务,504556895.31,130.543053953,1597014243.22,316.5181683304,-1715866439.12,-340.0739252737,623409091.21,123.5557569433,2025-10-30
1534,601138,工业富联,21305721000.0,178.7869949834,-4140570000.0,-19.4340759461,-7282794000.0,-34.1823400391,33056564000.0,155.1534632412,2025-10-30
1535,601136,首创证券,112787072.07,136.0712527254,-1041217545.7,-923.1710040791,-1301167819.37,-1153.6497893681,2456082770.5,2177.6279190718,2025-10-30
1536,601128,常熟银行,5056436000.0,93.5665348644,19604119000.0,387.7062618809,-10493528000.0,-207.5281482847,-4064554000.0,-80.3837722855,2025-10-30
1537,601126,四方股份,-678574161.52,-1924.9973898368,427799213.85,63.0438407634,-500004546.12,-73.6845837159,-604468279.96,-89.0791772274,2025-10-30
1538,601117,中国化学,-11025918297.17,-12.3789516982,-5575276274.08,-50.5651876226,-4903969224.05,-44.4767419083,-448514332.76,-4.0678183955,2025-10-30
1539,601116,三江购物,129123358.45,122.109352913,281384100.65,217.918821217,23403624.52,18.1250122371,-175664366.72,-136.0438334541,2025-10-30
1540,601108,财通证券,1626372480.22,-87.3695579692,7364373806.51,452.8097896439,-21168358.68,-1.3015689172,-5717038476.81,-351.5208567743,2025-10-30
1541,601099,太平洋,418008041.19,-68.2311740107,400612617.81,95.8384955154,41098179.91,9.8319113175,-23508743.04,-5.6239930153,2025-10-30
1542,601098,中南传媒,-4170446050.34,-357.5761035235,-973024994.03,-23.3314370282,-2231480223.15,-53.5069917274,-965940833.16,-23.1615712444,2025-10-30
1543,601089,福元医药,875056300.57,157.1665336915,314171729.27,35.9030303611,851307874.73,97.2860688136,-290423303.43,-33.1890991746,2025-10-30
1544,601069,西部黄金,-370034709.05,-183.6549347778,-2038636309.12,-550.9311043696,-789183361.39,-213.2727936296,2457784961.46,664.2038979992,2025-10-30
1545,601018,宁波港,2252145000.0,215.4547686875,9731165000.0,432.0843018545,-5432596000.0,-241.2187492368,-2031318000.0,-90.1948142771,2025-10-30
1546,601016,节能风电,1142348098.56,250.7480516136,3161509569.3,276.7553579583,-2029357217.73,-177.6478833631,-8265295.09,-0.7235355931,2025-10-30
1547,601015,陕西黑猫,56173510.46,-60.7030868619,29793449.99,53.0382554803,-69616720.25,-123.9315821282,95996780.72,170.8933266479,2025-10-30
1548,601007,金陵饭店,144988740.01,359.4322632967,120334065.8,82.9954559173,20309892.6,14.0079102685,4389493.14,3.0274717469,2025-10-30
1549,601006,大秦铁路,-1732441544.0,58.4035320465,3588391002.0,207.1291244676,-2488974713.0,-143.6686115973,-2831857833.0,-163.4605128703,2025-10-30
1550,601003,柳钢股份,-937060337.75,65.8984833861,3629454314.42,387.3234377985,-1134294529.51,-121.0481848195,-3438355400.55,-366.9299896745,2025-10-30
1551,601002,晋亿实业,25068207.04,-89.4642859008,222264552.91,886.639210197,-103014121.08,-410.9353370013,-89782149.33,-358.1514592836,2025-10-30
1552,601000,唐山港,-351244435.04,67.3165628283,1409166652.68,401.192591854,-582320675.78,-165.7878724011,-1178083472.47,-335.4027437718,2025-10-30
1553,600997,开滦股份,-227989437.52,56.0935505798,-10148128.43,-4.4511397284,-557916027.64,-244.7113487839,339309122.26,148.8266851091,2025-10-30
1554,600996,贵广网络,-11463884.21,96.3590315517,215665803.39,1881.262924846,-144448414.68,-1260.0303006724,-82681272.92,-721.2326241735,2025-10-30
1555,600993,马应龙,-1333433624.03,-87.5250118246,449801612.75,33.732583658,-1347172680.54,-101.0303517372,-435855449.73,-32.6867001008,2025-10-30
1556,600981,苏豪汇鸿,411936514.37,52.95661395,-880081506.58,-213.6449369937,478472753.26,116.1520614388,770072055.99,186.9394989584,2025-10-30
1557,600955,维远股份,-14595056.56,-104.3836062564,656087237.35,4495.2702625909,-395154439.61,-2707.4539792671,-275685017.55,-1888.8931085444,2025-10-30
1558,600936,北投科技,-729697108.6,-238.3063269033,-478616799.53,-65.5911602073,-61686454.07,-8.4537067974,-189393855.0,-25.9551329953,2025-10-30
1559,600935,华塑股份,25124779.61,107.1348086146,268798014.06,1069.8522264968,-237340223.96,-944.6459934938,-6333010.49,-25.2062330031,2025-10-30
1560,600933,爱柯迪,-109181535.34,75.0343993979,1648610416.08,1509.9718198193,-1677641876.26,-1536.5619021895,-92869138.65,-85.0593814795,2025-10-30
1561,600889,南京化纤,5137096.96,-79.9074912753,-139437806.6,-2714.3308309291,84071503.54,1636.5566816165,60519677.96,1178.0910197187,2025-10-30
1562,600881,亚泰集团,34407484.57,140.2118126577,75610468.93,219.7500627405,93632298.08,272.127704917,-134835282.44,-391.8777676575,2025-10-30
1563,600880,博瑞传播,-18184180.99,57.7185170653,-143571688.41,-789.5416818,64007330.23,351.9945730039,61529958.8,338.3708006087,2025-10-30
1564,600879,航天电子,-2414769936.68,-29.9726108084,-3233196303.22,-133.8925192876,625020932.11,25.8832496883,193405434.43,8.0092695992,2025-10-30
1565,600873,梅花生物,120858705.05,108.5359874992,4711159998.34,3898.0725437948,-3574682070.63,-2957.736531391,-1041147322.46,-861.4582805842,2025-10-30
1566,600869,远东股份,-11718917.62,96.0273312273,491609130.63,4195.0045778204,-275021761.09,-2346.8187934066,-233929589.98,-1996.1706154565,2025-10-30
1567,600865,百大集团,24171127.14,119.1605160559,9728506.1,40.2484585996,82165877.92,339.933994158,-67723256.88,-280.1824527576,2025-10-30
1568,600863,华能蒙电,497677484.85,387.4848332868,4477055780.95,899.5897779662,-1750164577.22,-351.6664166046,-2229213718.88,-447.9233613616,2025-10-30
1569,600854,春兰股份,64339242.11,7.8945663236,19900087.63,30.9299379001,108380905.26,168.4522566721,-63941750.78,-99.3821945721,2025-10-30
1570,600851,海欣股份,-83168895.06,18.3980687503,89881153.7,108.070635825,-183071187.1,-220.1197779145,10837688.11,13.0309391536,2025-10-30
1571,600850,电科数字,-1204017829.13,27.2516689864,-1099443668.97,-91.314567141,-158972210.12,-13.2034764165,59014784.12,4.9014875604,2025-10-30
1572,600841,动力新科,-366186964.61,78.6930063355,-403940710.68,-110.3099645041,63967664.45,17.4685804335,-21538891.1,-5.8819382396,2025-10-30
1573,600834,申通地铁,-100309478.08,-9955.9207822298,308406856.91,307.455349996,-320674861.95,-319.6855053859,-88041474.2,-87.7698457665,2025-10-30
1574,600831,广电网络,95665135.18,303.4333102367,150469756.45,157.2879776597,-95468767.27,-99.7947340903,40664146.0,42.5067564306,2025-10-30
1575,600817,宇通重工,-868713212.8,-10989.8949100008,-113047204.47,-13.0131788954,-594413097.96,-68.4245489998,-161256752.34,-18.5627143646,2025-10-30
1576,600800,渤海化学,-326879510.19,-251.814288009,-413489404.56,-126.4959692089,-460166086.39,-140.7754453996,546843735.23,167.2921422674,2025-10-30
1577,600787,中储股份,-660762565.02,-890.0631734924,732545701.05,110.8636808182,-65581708.76,-9.925155,-1325859040.87,-200.6558953336,2025-10-30
1578,600785,新华百货,72671879.73,173.6641732856,972374087.25,1338.0334881424,-408574430.95,-562.2180580274,-491127776.57,-675.8154301151,2025-10-30
1579,600784,鲁银投资,-79101897.2,-143.9284246796,186821292.93,236.1780179022,-420787885.7,-531.9567552673,154864451.28,195.7784285356,2025-10-30
1580,600782,新钢股份,-2426921407.43,-228.3172453777,478304610.72,19.7082859484,-24530908.92,-1.0107829963,-2865492916.16,-118.0711047085,2025-10-30
1581,600780,通宝能源,738243702.29,251.6586118177,1141237281.19,154.588149909,-469577421.46,-63.6073724711,66583842.56,9.0192225621,2025-10-30
1582,600778,友好集团,42782647.31,-63.2790808828,89516062.59,209.2345102943,-5883387.59,-13.7518081744,-40850027.69,-95.4827021199,2025-10-30
1583,600776,东方通信,-24170933.69,92.6420157364,-116384547.26,-481.5062121831,178307421.53,737.6935612701,-86053142.19,-356.0191066413,2025-10-30
1584,600760,中航沈飞,-183487758.76,97.2331575674,-2169852179.56,-1182.5596400674,-1031989180.03,-562.4294432523,3019069861.37,1645.3794420798,2025-10-30
1585,600743,华远控股,-44060044.92,97.2215009168,9419432.98,21.3786277275,329545626.5,747.9466421298,-383012279.61,-869.296162329,2025-10-30
1586,600741,华域汽车,4835415975.13,178.3813801618,9977266495.23,206.3372943827,-1917956.26,-0.0396647624,-5166439145.63,-106.845805453,2025-10-30
1587,600729,重庆百货,155017174.53,1.3857615296,1359284967.62,876.8608844415,9886103.65,6.3774247466,-1214153896.74,-783.2383091881,2025-10-30
1588,600726,华电能源,678074229.94,250.559957928,925578139.48,136.5010051424,-1805815513.15,-266.3153137835,1558311603.61,229.8143086411,2025-10-30
1589,600725,云维股份,-72988117.93,-60.7248968683,-56622911.56,-77.5782595385,-39192942.39,-53.6977024501,22827736.02,31.2759619886,2025-10-30
1590,600708,光明地产,39873655.72,104.3031719358,181877272.53,456.1339291465,78710645.97,197.4001243395,-220714262.78,-553.5340534861,2025-10-30
1591,600702,舍得酒业,-132331882.63,51.4942588854,-244498929.38,-184.7619217083,-726639813.63,-549.1041154925,838448095.61,633.5949273497,2025-10-30
1592,600699,均胜电子,44542106.31,-98.0015420326,3639749049.79,8171.4794187289,-3339130915.6,-7496.5716537081,-380930643.15,-855.2147051575,2025-10-30
1593,600692,亚通股份,-240377552.64,-191.1840584385,102214061.88,42.5222990905,-100630957.26,-41.8637082185,-241960657.26,-100.658590872,2025-10-30
1594,600668,尖峰集团,-23949203.31,-169.6666461305,105889184.78,442.1407401715,-297348987.88,-1241.5819600807,166512583.55,695.2739988661,2025-10-30
1595,600667,太极实业,-1213911733.33,-112.2080937678,-698394041.25,-57.5325225117,-162491961.42,-13.3858135611,-352395099.01,-29.0297135561,2025-10-30
1596,600661,昂立教育,-76471250.52,-351.6822213706,101298300.72,132.4658613939,-67541357.76,-88.3225490635,-110228193.48,-144.1433123304,2025-10-30
1597,600651,飞乐音响,118812862.79,208.8691651975,118668307.78,99.8783338718,29949621.43,25.2073897781,-33355407.29,-28.0739025277,2025-10-30
1598,600645,中源协和,-404713257.29,-183.3795499421,222861140.67,55.0664295413,-572786966.94,-141.5290842646,-50722739.37,-12.5330066303,2025-10-30
1599,600643,爱建集团,359369628.08,448.0414424339,877962929.89,244.3063801971,639208711.67,177.8694307265,-1157645284.9,-322.1321988408,2025-10-30
1600,600641,先导基电,-1872325904.56,-168.654716923,-3937882423.45,-210.3203514869,1352163723.47,72.2183953219,713827046.81,38.1251493168,2025-10-30
1601,600630,龙头股份,-156794522.59,-194.9860378983,16967972.77,10.8217892371,-649723.04,-0.4143786589,-172307357.91,-109.893735485,2025-10-30
1602,600629,华建集团,-1092291130.0,24.5885826326,-503215780.0,-46.0697488224,-342112365.8,-31.3206210692,-246882510.13,-22.6022626523,2025-10-30
1603,600620,天宸股份,120362919.55,199.51033878,-214510558.44,-178.2198032766,208753471.54,173.4366965511,126533087.89,105.1263033192,2025-10-30
1604,600612,老凤祥,2523882133.88,-19.3346256419,2365936870.36,93.7419714891,-192005560.5,-7.6075486221,373110695.87,14.7832060325,2025-10-30
1605,600608,*ST沪科,61169392.97,1222.2956469516,63530296.63,103.8596159703,-11888.49,-0.0194353572,-2349015.17,-3.8401806131,2025-10-30
1606,600599,*ST熊猫,19115974.78,388.7274586818,30969070.36,162.0062315232,-3547955.88,-18.5601619631,-9395850.6,-49.1518256753,2025-10-30
1607,600594,益佰制药,72688291.94,182.7843131692,203798225.34,280.3728357082,-22967099.35,-31.596696988,-108137800.54,-148.7692139324,2025-10-30
1608,600593,大连圣亚,94072984.22,75.6357835189,189315020.48,201.2427075102,-44009566.89,-46.7823650487,-51232469.37,-54.4603424615,2025-10-30
1609,600590,泰豪科技,-91353649.41,-438.593237319,-216015447.65,-236.4606658246,576835282.34,631.4310222585,-452149619.6,-494.9442332301,2025-10-30
1610,600589,大位科技,-43598751.84,-201.4380702471,49316116.69,113.1135975428,-965576993.06,-2214.6895319469,872662124.53,2001.5759344041,2025-10-30
1611,600582,天地科技,-7135498211.18,-21.5137274399,-3636191332.54,-50.9591793723,-1102592979.36,-15.4522213688,-2395452058.51,-33.5709152692,2025-10-30
1612,600577,精达股份,741212009.44,480.3918322876,1425905910.24,192.3749065152,139826657.93,18.8645969236,-822176388.43,-110.9232416581,2025-10-30
1613,600575,淮河能源,-760098885.54,-602.3085702155,1069101707.06,140.6529765269,-1745454886.94,-229.6352382756,-83699357.51,-11.0116406039,2025-10-30
1614,600559,老白干酒,-251774445.43,-62.5244370787,-121497063.09,-48.2563124635,372685074.68,148.0233921451,-502962457.02,-199.7670796816,2025-10-30
1615,600556,天下秀,34748409.02,103.7988620415,-36499696.15,-105.0399059393,61910751.03,178.1685918177,7024143.18,20.2142871518,2025-10-30
1616,600551,时代出版,-1004950020.12,-240.497981309,-186839176.57,-18.5918874401,-630798370.64,-62.7691286144,-188315101.07,-18.7387529031,2025-10-30
1617,600547,山东黄金,6174054307.94,4065.5071801159,15196015447.51,246.1270129738,-8035835308.72,-130.1549177886,-990786532.01,-16.047583688,2025-10-30
1618,600545,卓郎智能,-100595000.0,55.3682744056,-51334000.0,-51.0303693026,23022000.0,22.8858293156,-150499000.0,-149.6088274765,2025-10-30
1619,600536,中国软件,2129252873.89,507.6364267632,-993217878.61,-46.6463091721,225314122.95,10.5818395604,2897055293.2,136.0597103672,2025-10-30
1620,600530,交大昂立,-16452377.14,76.3467653621,1905109.85,11.5795415689,-1061073.04,-6.4493600589,-17032677.5,-103.5271520648,2025-10-30
1621,600520,三佳科技,53995385.41,804.5437404955,30653465.12,56.7705274946,41409998.36,76.6917358688,-18068078.07,-33.4622633634,2025-10-30
1622,600519,贵州茅台,-10467626915.55,-316.8739319724,38196802155.27,364.9041226195,-5423368095.74,-51.8108654377,-43243803506.28,-413.1194573055,2025-10-30
1623,600512,腾达建设,-361067744.98,-14.9364026235,-388688940.12,-107.6498650251,41132610.19,11.3919370428,-13511415.05,-3.7420720177,2025-10-30
1624,600507,方大特钢,89665248.72,-83.0834444425,539492107.65,601.6735751603,-330843761.47,-368.9765725216,-117878596.42,-131.4651976131,2025-10-30
1625,600501,航天晨光,30035280.44,104.975102298,-95775672.49,-318.8772373254,4079542.61,13.5825021449,120408389.05,400.8898444965,2025-10-30
1626,600498,烽火通信,314708915.11,248.2337922056,-52970250.58,-16.8315062068,-445138650.17,-141.4445631495,768949255.17,244.3366610384,2025-10-30
1627,600491,龙元建设,60685171.74,113.4504749254,369463809.78,608.8205721209,118284349.9,194.9147485432,-427329831.56,-704.1750386583,2025-10-30
1628,600489,中金黄金,-75926596.98,-311.900946935,1463228314.68,1927.1617231382,-2865084706.79,-3773.4928480262,1326113530.28,1746.5731153858,2025-10-30
1629,600479,千金药业,-785733977.48,-283.1863808176,242968375.9,30.9224728552,-858727613.8,-109.2898663431,-169974739.58,-21.6326065121,2025-10-30
1630,600470,六国化工,223508100.26,29.409428848,62939705.2,28.1599213303,-807956148.74,-361.4885311987,971707329.74,434.7526235558,2025-10-30
1631,600468,百利电气,-203515176.4,-119.8350586335,-76651719.19,-37.6638836208,-32367595.87,-15.904266425,-96533400.19,-47.4330228819,2025-10-30
1632,600452,涪陵电力,-341899249.99,-143.4828697939,645889944.63,188.9123607755,-838141163.92,-245.1427325285,-149648030.7,-43.769628247,2025-10-30
1633,600426,华鲁恒升,609211871.66,1306.289382399,3298844906.74,541.4938644828,-2920851002.57,-479.4474859151,223333405.31,36.6593981009,2025-10-30
1634,600421,*ST华嵘,3656436.61,23.3534440998,-9070478.11,-248.0687914893,-24211651.46,-662.1652182834,36938566.18,1010.2340097727,2025-10-30
1635,600420,国药现代,-2155505376.08,-844.8470820568,1141629735.11,52.9634371493,-1674799553.47,-77.6986952598,-1640972146.1,-76.1293460137,2025-10-30
1636,600408,安泰集团,-58006634.8,-832.5293763026,161100175.78,277.7271536876,129414042.56,223.1021382402,-348520196.74,-600.8281603331,2025-10-30
1637,600403,大有能源,-895172221.3,-198.8191819782,109067456.7,12.1839634994,-54564067.22,-6.0953709154,-949675610.78,-106.088592584,2025-10-30
1638,600400,红豆股份,-169525500.51,27.578081901,27392876.19,16.1585579205,-3376484.34,-1.991726513,-193539070.53,-114.1651668615,2025-10-30
1639,600391,航发科技,-8535641.28,97.9344099124,683807897.5,8011.2070677366,-276016852.14,-3233.6978919995,-419272272.18,-4912.0184228267,2025-10-30
1640,600379,宝光股份,-155728021.78,-153.0274187965,-93814192.75,-60.2423325473,-51012383.0,-32.7573563299,-11309882.37,-7.2625865536,2025-10-30
1641,600378,昊华科技,-1551788473.92,-44.4889501303,790761611.04,50.95807994,-1113365067.82,-71.7472185502,-1233551041.27,-79.4922157241,2025-10-30
1642,600377,宁沪高速,-109663936.92,12.2007838759,5433034129.06,4954.2577821398,-4178427336.81,-3810.2109537233,-1364270729.17,-1244.0468284166,2025-10-30
1643,600376,首开股份,-2534832656.48,69.3933570867,5049260836.04,199.1950365296,-606464571.0,-23.9252310976,-6977621000.28,-275.2694929364,2025-10-30
1644,600372,中航机载,-2330625171.16,14.9453495331,-1376950060.23,-59.0807169368,-1154298684.83,-49.5274271948,197587841.74,8.4778901466,2025-10-30
1645,600358,ST联合,30518365.97,233.3209831972,-82608078.8,-270.6831646269,50214687.96,164.539241745,63021148.74,206.5023691044,2025-10-30
1646,600353,旭光电子,-79453134.54,-250.2488306983,48765018.44,61.3758270486,-232888632.63,-293.1144680173,104600759.92,131.6508914665,2025-10-30
1647,600348,华阳股份,157721357.37,104.0586804844,714750977.91,453.1732352729,-3258911564.57,-2066.2462071797,2704013454.24,1714.4244123493,2025-10-30
1648,600335,国机汽车,736941212.04,508.3434751554,2567332124.09,348.3767880186,-1083888321.71,-147.0793469006,-770790014.96,-104.5931483227,2025-10-30
1649,600333,长春燃气,-241936265.56,17.5755258851,-155673154.39,-64.344695918,-31580844.73,-13.0533736465,-54682266.44,-22.6019304355,2025-10-30
1650,600328,中盐化工,-334777711.63,67.9349776769,164423643.76,49.1142743522,-6799941700.66,-2031.1811283827,6298963747.3,1881.536174147,2025-10-30
1651,600319,亚星化学,-101670917.91,-19972.9320345606,-50903753.0,-50.0671716617,-347072455.06,-341.368468186,294227040.46,289.3915452996,2025-10-30
1652,600316,洪都航空,205211134.54,117.8031991562,232539894.54,113.3173865352,-15082227.54,-7.3496146171,-12190946.7,-5.940684811,2025-10-30
1653,600302,标准股份,470271.64,100.6548773125,-62061808.21,-13197.0127328962,55687020.99,11841.4584791888,5929454.81,1260.857407859,2025-10-30
1654,600300,维维股份,493274865.41,650.2659103576,667382002.93,135.2961704982,-9296499.58,-1.8846489517,-164810637.94,-33.4115215465,2025-10-30
1655,600298,安琪酵母,1396386589.04,179.5402231907,2218132355.03,158.8480133252,-1374251703.56,-98.4148454551,529052793.22,37.8872725771,2025-10-30
1656,600292,电投水电,13542623.65,148.2981275961,271862795.38,2007.4603149738,-846594735.58,-6251.3347299583,588274563.85,4343.8744149846,2025-10-30
1657,600285,羚锐制药,-768721515.19,-7.0882078677,490387656.36,63.7926279764,-1194282277.6,-155.3595488094,-64804762.03,-8.4302001114,2025-10-30
1658,600280,中央商场,-52991601.5,32.4769953371,226889921.7,428.162039413,-39236824.37,-74.0434771914,-240644698.83,-454.1185622216,2025-10-30
1659,600279,重庆港,-591494777.77,45.1836813806,398303847.11,67.3385230233,-790351521.96,-133.6193575436,-199232422.43,-33.682870909,2025-10-30
1660,600273,嘉化能源,20960520.62,109.3903809365,553869925.58,2642.4435519579,-219336623.2,-1046.4273630242,-306492329.53,-1462.236244445,2025-10-30
1661,600268,国电南自,-962682592.33,-3207.3483054805,-518031825.97,-53.8112800727,-174556116.14,-18.1322605738,-269073936.53,-27.9504312921,2025-10-30
1662,600261,阳光照明,-1265089663.1,-181.5958753918,100780143.4,7.9662451081,-1227726707.04,-97.0466159712,-145122431.59,-11.4713158935,2025-10-30
1663,600258,首旅酒店,-13955109.88,-107.2434426183,2630802381.52,18851.892992189,-794253060.85,-5691.4855395607,-1851129493.26,-13264.8865482097,2025-10-30
1664,600255,鑫科材料,103273778.43,5597.9681915074,-321331525.56,-311.145317277,-79726155.48,-77.1988366186,504444846.97,488.4539470122,2025-10-30
1665,600251,冠农股份,-106075355.3,57.1524616046,1335105593.64,1258.6388137604,115504370.07,108.8889777869,-1556229991.52,-1467.0985424642,2025-10-30
1666,600250,南京商旅,-89161220.34,-745.5873064658,71214708.7,79.871841624,-84267534.7,-94.5114191783,-76191796.25,-85.4539630116,2025-10-30
1667,600237,铜峰电子,-22074654.25,90.3131756547,154560183.96,700.1703501653,-319387567.89,-1446.8519609543,140710481.33,637.4300577324,2025-10-30
1668,600229,城市传媒,-39543491.58,76.4141411238,27009234.39,68.3026038188,-4698667.35,-11.8822773667,-61854058.62,-156.4203264521,2025-10-30
1669,600222,太龙药业,174820329.6,13.1964770809,-88989041.18,-50.9031423197,89045121.83,50.9352213405,174764248.95,99.9679209791,2025-10-30
1670,600219,南山铝业,1155642120.78,438.4043590325,6220591766.67,538.2801175914,-3618803505.24,-313.1422297759,-1323419393.74,-114.5180995001,2025-10-30
1671,600218,全柴动力,-128075931.29,60.5064434762,-17666680.03,-13.7939110433,-80900915.34,-63.1663689853,-29429783.28,-22.9783871049,2025-10-30
1672,600215,派斯林,-146658933.73,-291.1208422799,40977655.36,27.9407836385,98480666.02,67.1494490757,-286114766.32,-195.0885357224,2025-10-30
1673,600210,紫江企业,28887707.21,112.04785952,894413662.19,3096.1739389285,-790899317.79,-2737.8403970953,-69994144.48,-242.2973341954,2025-10-30
1674,600202,哈空调,-19286829.07,-51.1557343935,12610376.42,65.3833575972,-16997515.71,-88.1301724006,-15074651.41,-78.1603412115,2025-10-30
1675,600199,金种子酒,-9041381.62,93.983825427,-117935749.64,-1304.399643735,-50578603.06,-559.4123241974,159472971.08,1763.8119679324,2025-10-30
1676,600198,大唐电信,-141459396.11,38.2262558102,-161885485.85,-114.4395425837,-14865214.94,-10.5084676938,35291289.22,24.9479993486,2025-10-30
1677,600185,珠免集团,-1073101145.98,-1003.2245396807,353162599.85,32.9104671235,510993514.28,47.6183923756,-1928285540.44,-179.6928041372,2025-10-30
1678,600163,中闽能源,1208054522.05,2445.940685751,1562165283.98,129.3124818017,143704050.94,11.895493814,-497814812.87,-41.2079756156,2025-10-30
1679,600162,香江控股,-308378542.33,-85.265782363,-31777804.9,-10.3048041734,-8972745.21,-2.9096529033,-267627992.22,-86.7855429233,2025-10-30
1680,600157,永泰能源,126050203.79,20.3832761056,4449714260.0,3530.1127060558,-636596829.96,-505.0343520432,-3688395684.3,-2926.1322658747,2025-10-30
1681,600152,维科技术,51586723.03,208.9385205897,67421442.6,130.6953391104,24541848.9,47.5739637227,-41524701.37,-80.4949392615,2025-10-30
1682,600148,长春一东,-52201581.51,-398.5068140131,12698099.53,24.3251241872,-62405149.22,-119.5464723766,-2494531.82,-4.7786518106,2025-10-30
1683,600131,国网信通,-720344368.34,-77.3752303875,1346919077.74,186.9826623125,-1921432747.53,-266.7380813926,-145830698.55,-20.2445809198,2025-10-30
1684,600119,长江投资,-17449505.06,-137.310608085,9078042.09,52.0246394312,-21456009.99,-122.9605648769,-3662610.93,-20.9897697236,2025-10-30
1685,600108,亚盛集团,-46374808.52,83.4852683511,-84533467.53,-182.283162406,-199977830.82,-431.2208226882,238300819.7,513.8583366813,2025-10-30
1686,600101,明星电力,-6741027.49,-103.6663598406,210515549.57,3122.9000309269,-146472291.92,-2172.8481620537,-70784285.14,-1050.0518688732,2025-10-30
1687,600100,同方股份,-57897020.04,97.3419192802,-62052375.08,-107.1771483871,1025306046.09,1770.9133309135,-979878744.85,-1692.4510867278,2025-10-30
1688,600095,湘财股份,2638213131.38,-41.7599650844,1670341812.1,63.3133764756,-131343066.79,-4.9784858254,1101634721.25,41.7568508073,2025-10-30
1689,600088,中视传媒,-479168874.53,-6.2889642174,-208009029.23,-43.4103799906,-244886586.71,-51.1065304378,-26273258.59,-5.4830895717,2025-10-30
1690,600080,金花股份,-102453210.95,71.7849212779,-57721288.63,-56.3391699438,-53103754.27,-51.8322010385,8371831.95,8.1713709823,2025-10-30
1691,600079,ST人福,-169737289.75,15.8011834313,1647954819.97,970.8855504864,-373003051.51,-219.7531562212,-1454245042.42,-856.7622615878,2025-10-30
1692,600073,光明肉业,-305870017.73,-270.5497115543,957187837.66,312.9394128799,-450321682.27,-147.2264871242,-784299366.49,-256.4159025166,2025-10-30
1693,600060,海信视像,75669892.52,-58.9011529913,3430653940.32,4533.7106028177,-2034601207.04,-2688.7856441745,-1318583172.64,-1742.5466440189,2025-10-30
1694,600057,厦门象屿,1761876320.14,170.009136766,7123598362.15,404.3188662405,-828253334.26,-47.009731886,-4438263455.46,-251.9055057796,2025-10-30
1695,600038,中直股份,-6878651433.03,-8.9845844118,-9023895899.43,-131.1869919167,98744437.45,1.4355202965,2046500028.95,29.7514716202,2025-10-30
1696,600036,招商银行,-292667000000.0,-270.7050616521,176134000000.0,60.1823915918,-325479000000.0,-111.2113767524,-142646000000.0,-48.7400356036,2025-10-30
1697,600035,楚天高速,-300268198.0,64.0551668657,1097964264.38,365.661189461,-2119027735.06,-705.711676819,720817301.28,240.057823666,2025-10-30
1698,600028,中国石化,22846000000.0,467.8904991948,114782000000.0,502.4161778867,-95071000000.0,-416.1384925151,3030000000.0,13.2627155738,2025-10-30
1699,600023,浙能电力,3846363858.86,3185.2039435739,10959192233.42,284.9234403078,-4147064066.38,-107.817778519,-2982478321.86,-77.5402024171,2025-10-30
1700,600021,上海电力,3358257732.89,260.556181682,12428628141.43,370.0915513335,-9474096698.74,-282.1134484692,433814641.05,12.9178483474,2025-10-30
1701,600017,日照港,-46098293.0,31.0961537732,1932869568.78,4192.9308939487,-1762765377.33,-3823.9276611175,-216202484.45,-469.0032328312,2025-10-30
1702,600006,东风股份,-705997072.15,48.7342754777,-258044680.95,-36.5503896729,-433572937.93,-61.4128521255,-17653221.43,-2.5004666629,2025-10-30
1703,301668,昊创瑞通,546778498.64,2415.7849589159,91194052.99,16.6784270444,-70155980.16,-12.8307862022,525740425.81,96.1523591578,2025-10-30
1704,301638,南网数字,-880607743.45,-18.5943943273,-132039759.87,-14.9941629349,-581255186.68,-66.0061407594,-167312796.9,-18.9996963057,2025-10-30
1705,301629,矽电股份,225908399.21,397.3894199919,-64617531.64,-28.6034215045,-145104580.87,-64.2316006742,435630511.72,192.8350221786,2025-10-30
1706,301602,超研股份,375611864.95,547.1709943305,63080448.02,16.7940509623,-23375488.23,-6.2233093284,341387354.51,90.8883308453,2025-10-30
1707,301592,六九一二,-292639062.13,-2070.2462943463,-50241790.06,-17.1685180011,-206768897.23,-70.6566292705,-35628374.84,-12.1748527284,2025-10-30
1708,301585,蓝宇股份,-297066833.16,-3711.5604931331,24893392.91,8.3797281054,-332491723.26,-111.9248889966,12132225.01,4.0840052324,2025-10-30
1709,301566,达利凯普,69848268.18,161.1148859032,111951379.43,160.2779601371,-5561500.18,-7.9622592298,-36515185.68,-52.2778683444,2025-10-30
1710,301565,中仑新材,-40697030.25,-121.9679783538,29285818.23,71.9605780817,-431917556.17,-1061.2999364247,360432061.03,885.6470823937,2025-10-30
1711,301555,惠柏新材,-131904058.51,-19.0827098553,-277169397.63,-210.1295447319,-54198270.09,-41.0891603353,199571500.44,151.3005002988,2025-10-30
1712,301526,国际复材,-818126507.07,57.0671928902,1462734653.67,178.7907665904,-1711690489.47,-209.2207592198,-572776171.18,-70.0107093744,2025-10-30
1713,301515,港通医疗,-376726978.02,-21.5253450483,-82112667.84,-21.7963333212,-338266835.01,-89.7909772185,43659078.02,11.5890500461,2025-10-30
1714,301510,固高科技,29977623.89,128.3990018628,13144305.8,43.8470568856,40451643.01,134.9394573714,-22163928.13,-73.9349062865,2025-10-30
1715,301507,民生健康,-14399603.73,62.5762987836,158147262.9,1098.275104408,-78729667.48,-546.7488477893,-93832141.12,-651.6300231548,2025-10-30
1716,301499,维科精密,136289390.09,4868.0187814769,77219851.2,56.6587400156,72611160.33,53.2771922173,-13634066.97,-10.0037625533,2025-10-30
1717,301489,思泉新材,8258040.23,104.2424988046,3882481.57,47.0145635268,-74133794.87,-897.7165623471,78444328.31,949.9145817312,2025-10-30
1718,301487,盟固利,117172907.33,1315.0522396348,302492310.7,258.1589188088,-26419828.69,-22.5477282181,-158899574.68,-135.6111905907,2025-10-30
1719,301468,博盈特焊,-151214138.21,-167.0263979934,23685999.31,15.6638787817,-139874342.07,-92.50083605,-38991785.0,-25.7858064474,2025-10-30
1720,301396,宏景科技,-46018433.04,5.5262065853,61390335.76,133.4037943157,-829674124.29,-1802.9169388902,722265355.49,1569.5131445745,2025-10-30
1721,301392,汇成真空,88499959.09,26.0524452753,149821093.5,169.2894494422,-49662622.19,-56.115983217,-10972476.07,-12.3982837764,2025-10-30
1722,301389,隆扬电子,-482910759.19,29.4383330862,31762554.62,6.577313513,-608415201.08,-125.9891583489,96054993.24,19.8908372638,2025-10-30
1723,301368,丰立智能,17398265.47,108.2360300244,4527177.85,26.0208574114,-161275266.38,-926.9617517797,174311503.41,1001.8901235331,2025-10-30
1724,301355,南王科技,-47352788.55,-188.3265256292,85796675.28,181.1861094292,-208131883.71,-439.5345872614,75696731.42,159.8569666918,2025-10-30
1725,301338,凯格精机,-12013259.16,95.0280158605,84999407.88,707.5466095247,-96947638.48,-807.0053029639,-1387984.61,-11.553772307,2025-10-30
1726,301337,亚华电子,-282385380.87,25.2115833082,-11416173.81,-4.0427637489,-271320489.4,-96.0816344543,335976.25,0.1189779191,2025-10-30
1727,301336,趣睡科技,77884083.48,9.0339841481,-1156452.15,-1.4848375924,68305873.13,87.7019669205,10751887.49,13.8049868594,2025-10-30
1728,301331,恩威医药,-29657510.52,-122.8817484496,76202035.01,256.9400926575,-79417346.6,-267.7815676621,-26442128.13,-89.1582862701,2025-10-30
1729,301329,信音电子,-206043873.38,-36.4792185641,53773222.84,26.0979479554,-192112968.74,-93.2388649022,-66965058.15,-32.5003879278,2025-10-30
1730,301326,捷邦科技,-68942373.7,53.7830204306,-137237593.28,-199.0613115197,-353726761.91,-513.0759835007,419920652.2,609.0893447146,2025-10-30
1731,301312,智立方,37139841.04,124.3430862734,45709217.73,123.0732723944,44446202.14,119.6725696594,-51444425.57,-138.5154705282,2025-10-30
1732,301311,昆船智能,-448632556.85,3.5754481924,-377376488.58,-84.1170536596,505065.59,0.1125788983,-71761133.86,-15.9955252387,2025-10-30
1733,301309,万得凯,253748523.2,144.2939115242,102851954.68,40.5330259199,215068565.35,84.7565781419,-67564283.7,-26.626473663,2025-10-30
1734,301308,江波龙,299341178.56,1421.4893000928,922296078.34,308.1086547386,-710725447.61,-237.4298955556,84940448.16,28.3757980003,2025-10-30
1735,301300,远翔新材,-49110512.26,-98.4050701533,58624232.42,119.3720645992,-53136801.12,-108.198425703,-54601850.66,-111.1815946267,2025-10-30
1736,301298,东利机械,31382811.85,223.4428605885,65433200.71,208.5001210942,-102989086.39,-328.1703592471,64885784.08,206.7558012014,2025-10-30
1737,301295,美硕科技,767786.65,100.5585267589,-19117464.18,-2489.944853821,-71939766.06,-9369.7599534975,92035287.19,11987.0913606013,2025-10-30
1738,301291,明阳电气,-1246282718.67,10.1239660309,-426721353.5,-34.2395306544,-572438595.41,-45.9316804153,-247161612.34,-19.8319056052,2025-10-30
1739,301279,金道科技,-17002120.8,84.4359109994,89335597.68,525.4379658331,-103599374.25,-609.3320678559,-2230504.17,-13.1189761338,2025-10-30
1740,301269,华大九天,-556363610.28,21.7639136956,184609616.48,33.18146857,-745979386.08,-134.08126849,5612278.71,1.0087429527,2025-10-30
1741,301268,铭利达,-235595838.37,64.8920295121,-62085837.76,-26.3526886508,-96864844.91,-41.1148369938,-74711635.68,-31.711780733,2025-10-30
1742,301262,海看股份,-392164528.46,-816.4044014201,373873312.34,95.3358310626,-578387840.8,-147.4860164103,-187650000.0,-47.8498146523,2025-10-30
1743,301260,格力博,-28649445.39,-174.1794128866,-49786934.34,-173.7797491793,-1069537971.52,-3733.1890965447,973334561.72,3397.3940803047,2025-10-30
1744,301257,普蕊斯,-62086912.29,62.9351409643,15238599.88,24.5439808777,-56757276.04,-91.4158458628,-20568236.13,-33.1281350149,2025-10-30
1745,301236,软通动力,-1845701435.14,-32.5958511198,-1609959315.26,-87.2275051971,-1498155735.34,-81.1699935221,1329750858.19,72.0458267449,2025-10-30
1746,301230,泓博医药,-4842402.24,93.9466983288,82514312.41,1703.995420463,-33589204.18,-693.6475434143,-56018538.93,-1156.8336572139,2025-10-30
1747,301225,恒勃股份,205205325.1,145.6305539301,51736338.0,25.2119860802,183096312.86,89.2259071595,-30019420.68,-14.6289676768,2025-10-30
1748,301220,亚香股份,149502721.5,217.3558551999,16816952.9,11.2485931569,-47971977.4,-32.0876950725,182860123.49,122.3122372993,2025-10-30
1749,301215,中汽股份,-125068989.87,-381.4304654273,162470279.61,129.9045269166,-207700907.4,-166.069069252,-79838362.08,-63.8354576646,2025-10-30
1750,301213,观想科技,-136739319.31,-45.6635937239,-123342551.71,-90.2026954152,-83283065.17,-60.9064500176,69886297.57,51.1091454328,2025-10-30
1751,301212,联盛化学,203131978.91,1441.6426220976,67063327.21,33.0146575492,148806252.8,73.2559460103,-12115590.42,-5.9643934377,2025-10-30
1752,301207,华兰疫苗,231101120.51,310.6109699324,181964118.25,78.7378779681,489074624.74,211.6279763857,-440093339.95,-190.433235018,2025-10-30
1753,301197,工大科雅,-263341864.54,3.1530800285,-77024323.26,-29.2487954373,-147640046.95,-56.0640243084,-38677494.33,-14.6871802543,2025-10-30
1754,301196,唯科科技,70620606.65,20.9617696451,228587495.56,323.6838458396,-67905065.48,-96.1547467534,-86791821.41,-122.8987196898,2025-10-30
1755,301185,鸥玛软件,-25600913.15,47.2787409187,38638622.88,150.9267370801,-17420256.8,-68.0454509491,-46819279.23,-182.881286131,2025-10-30
1756,301177,迪阿股份,-15664404.01,90.2946673456,-188237306.94,-1201.6882788508,167555313.77,1069.6564878117,3789526.12,24.1919585168,2025-10-30
1757,301172,君逸数码,344206069.29,1204.1934704825,-29117480.44,-8.4593163915,384270678.91,111.6397162033,-10947129.18,-3.1803998118,2025-10-30
1758,301168,通灵股份,-58962073.38,63.6280790248,206751560.94,350.6517818794,-556260092.62,-943.4201694961,286998545.55,486.7511081239,2025-10-30
1759,301167,建研设计,-25099003.32,89.6275694747,34686116.93,138.1971885009,-79814369.32,-317.998162327,20029249.07,79.8009738261,2025-10-30
1760,301166,优宁维,-496876375.44,-1503.1222768525,-42503324.92,-8.5541046065,-422496730.87,-85.0305532228,-30628706.49,-6.1642509091,2025-10-30
1761,301159,三维天地,-134749533.82,28.4640748731,-48287197.32,-35.8347787566,-74374033.24,-55.1942786974,-12080963.76,-8.9654957739,2025-10-30
1762,301153,中科江南,-720906660.04,-126.0735112409,-156944757.51,-21.7704685238,-529218210.09,-73.4100875224,-34743692.44,-4.8194439538,2025-10-30
1763,301151,冠龙节能,-183484512.7,76.3755636469,-178812175.81,-97.4535524436,115567920.45,62.9851090696,-120265749.46,-65.5454499621,2025-10-30
1764,301139,元道通信,-501251535.93,-10.4282784613,-56446679.81,-11.2611484981,-257953489.49,-51.4618851015,-186851366.63,-37.2769664004,2025-10-30
1765,301132,满坤科技,-282160300.79,-738.5045141426,36867643.11,13.0662049221,-277453409.7,-98.3318379386,-39931627.57,-14.1521069613,2025-10-30
1766,301131,聚赛龙,-64815537.4,40.2977989921,13930360.37,21.4923163933,620783.69,0.9577698726,-78066665.75,-120.4443701025,2025-10-30
1767,301129,瑞纳智能,-135712381.46,-435.6561253832,-50103635.31,-36.9189861463,-106320044.24,-78.3421844759,20711298.09,15.2611706222,2025-10-30
1768,301128,强瑞技术,-176280681.53,-556.2759051517,-30425050.08,-17.2594352461,-353735508.3,-200.666065748,207876628.8,117.9236584496,2025-10-30
1769,301127,武汉天源,-323685441.35,45.8812453644,-249517318.78,-77.0863582061,-2080878869.93,-642.8707022631,2006710747.36,619.9570604691,2025-10-30
1770,301125,腾亚精工,-21311723.33,-469.9682179252,23710178.04,111.2541565638,-60218948.07,-282.5625461514,13818194.01,64.8384637696,2025-10-30
1771,301111,粤万年青,-17512792.4,-55.6559623815,-1820451.14,-10.3949792724,-10584071.39,-60.4362294045,-5108269.87,-29.1687913231,2025-10-30
1772,301109,军信股份,-11045671.13,-101.3541161119,1158064038.28,10484.3248060745,-1463626892.83,-13250.6832369361,296229769.56,2681.8630219348,2025-10-30
1773,301103,何氏眼科,-403870371.99,-98.0985200397,170499922.2,42.2164966843,-517398406.38,-128.1100180314,-57028042.11,-14.1203826933,2025-10-30
1774,301099,雅创电子,-274773475.93,-535.795454674,-204221835.49,-74.3237078465,-391021554.33,-142.306877695,320167370.89,116.520479208,2025-10-30
1775,301095,广立微,-1165895126.16,-80.4549839346,-132576607.36,-11.3712292285,-983568885.6,-84.3616945925,-51568101.44,-4.4230480326,2025-10-30
1776,301088,戎美股份,-480118097.35,-840.6848535801,68269907.13,14.2193988327,-447439904.48,-93.1937177435,-100948100.0,-21.0256810891,2025-10-30
1777,301087,可孚医疗,71881419.67,-70.2665062363,589991388.19,820.7842734584,-166212273.98,-231.2312065386,-349847950.86,-486.7015043194,2025-10-30
1778,301082,久盛电气,40908457.16,-16.7666959723,-2575676.73,-6.2961962118,-14454932.21,-35.3348261301,57939066.1,141.6310223419,2025-10-30
1779,301071,力量钻石,302549973.37,35.6453767357,288367882.5,95.3124798816,22008695.63,7.2744001214,-4645749.98,-1.5355314457,2025-10-30
1780,301068,大地海洋,-32739055.0,31.4958804629,114713397.35,350.3870143778,-150161475.9,-458.6616073677,2709023.55,8.2745929899,2025-10-30
1781,301066,万事利,11462056.72,113.1172526312,1236997.09,10.7921040719,-652780626.35,-5695.1439195984,662945118.38,5783.8233972725,2025-10-30
1782,301062,上海艾录,25856204.56,107.6209859342,106295155.82,411.1011559076,-190420779.61,-736.4606787826,109501638.21,423.5023665438,2025-10-30
1783,301061,匠心家居,-353733483.26,-307.9687480932,556602258.03,157.3507412701,-802999111.96,-227.0068144411,-81826088.02,-23.1321296661,2025-10-30
1784,301058,中粮科工,-712400738.95,-83.5933980634,-657840470.32,-92.3413514828,2402715.61,0.3372702299,-57311559.78,-8.0448484465,2025-10-30
1785,301057,汇隆新材,36118818.39,120.8559494465,45955640.31,127.2346171843,-313318181.71,-867.4652042237,303896078.18,841.3787929013,2025-10-30
1786,301055,张小泉,-33059714.6,37.6609395217,41092451.13,124.2976584256,-57843125.28,-174.9655917477,-16308918.61,-49.3316981327,2025-10-30
1787,301053,远信工业,-121043652.12,-166.8270013004,-4079749.63,-3.370477971,-82227590.65,-67.9321791848,-34575308.41,-28.5643301441,2025-10-30
1788,301046,能辉科技,-75376717.57,31.1345419983,253429921.59,336.2177735514,-184117645.09,-244.2632831803,-144680234.69,-191.942869568,2025-10-30
1789,301045,天禄科技,-62246974.42,-180.818184105,90610381.74,145.5659212103,-228656779.82,-367.3379822081,75977109.06,122.0575132654,2025-10-30
1790,301043,绿岛风,-109596286.49,-322.8207468458,78560673.25,71.6818751493,-88865070.23,-81.0840157783,-99521300.78,-90.8071833155,2025-10-30
1791,301038,深水规院,-394080248.74,-18.3205873703,-141917240.36,-36.0122692811,-233998686.62,-59.3784355771,-18164321.76,-4.6092951418,2025-10-30
1792,301037,保立佳,-30735119.4,76.5595214642,112119618.78,364.7931778654,5079876.56,16.5279219966,-147929863.8,-481.3056421704,2025-10-30
1793,301027,华蓝集团,-85456050.62,-90.283235531,52331615.72,61.2380461539,-95852118.35,-112.1653968965,-41935547.99,-49.0726492574,2025-10-30
1794,301021,英诺激光,-146922766.46,17.5406971168,-4209437.97,-2.8650685468,-121818509.36,-82.913296758,-20624896.71,-14.0379174766,2025-10-30
1795,301018,申菱环境,-31122348.15,49.0159848344,-4773326.45,-15.3372953319,-239692004.72,-770.1604119482,213360171.44,685.552935825,2025-10-30
1796,301015,百洋医药,428379037.23,545.3481002666,621417565.21,145.0625523668,-529569994.74,-123.6218275675,342871620.93,80.0393089137,2025-10-30
1797,301010,晶雪节能,8719620.16,118.8863231519,24624961.09,282.4086443921,7233036.9,82.9512841991,-23213132.18,-266.2172405914,2025-10-30
1798,301008,宏昌科技,-15865563.05,94.0296722268,103256241.68,650.8199006527,-127788919.0,-805.4483701415,8667114.27,54.6284694888,2025-10-30
1799,301006,迈拓股份,-72185069.27,74.8306281493,71892458.45,99.5946380284,-116149784.08,-160.9055518747,-27927743.64,-38.6890861537,2025-10-30
1800,301001,凯淳股份,-220400126.9,-65.0829857621,19309118.61,8.7609380637,-181210917.39,-82.2190621842,-58298686.59,-26.4512944752,2025-10-30
1801,301000,肇民科技,-25650608.49,-46.2450654558,73347893.7,285.9499170501,-52028505.18,-202.8353643161,-46612547.28,-181.7210195936,2025-10-30
1802,300998,宁波方正,7381261.02,-97.9073250149,13057504.72,176.900731252,-118420418.56,-1604.3385844117,109773420.76,1487.1906096067,2025-10-30
1803,300993,玉马科技,-158085737.32,-156.3911978329,81315485.63,51.4375850779,-201564094.7,-127.5030234334,-35499208.27,-22.4556679634,2025-10-30
1804,300985,致远新能,30146207.33,113.1583536112,-76862022.26,-254.9641532635,-37651300.73,-124.8956471301,144659530.32,479.8598003937,2025-10-30
1805,300984,金沃股份,4535874.19,-39.8136363008,39578426.1,872.5644592889,-130526564.26,-2877.6495729922,92538166.34,2040.1396172763,2025-10-30
1806,300982,苏文电能,-334305941.38,-40.2737209894,3388132.54,1.013482598,-218887143.12,-65.4750981142,-118807006.71,-35.5384071906,2025-10-30
1807,300979,华利集团,-501710738.91,-63.2909628649,3762891818.44,750.0122135347,-2930610741.77,-584.1235824724,-1316216432.48,-262.3456765824,2025-10-30
1808,300978,东箭科技,-94928019.85,-1027.9667674643,233379609.84,245.8490235115,-140415391.3,-147.91775023,-188444858.65,-198.5134199025,2025-10-30
1809,300977,深圳瑞捷,-29196568.27,-89.2057489658,-50865558.32,-174.2175924568,16600442.36,56.8575121791,5202976.93,17.8205084991,2025-10-30
1810,300969,恒帅股份,-188963053.36,-864.0990836353,143077645.38,75.7172594515,-622697074.06,-329.53377022,289314151.18,153.1062004109,2025-10-30
1811,300968,格林精密,-101643280.77,-110.4084689106,18412639.81,18.1149601533,-92064532.74,-90.5761128946,-23076153.47,-22.7030781525,2025-10-30
1812,300961,深水海纳,-9279176.57,81.5374486586,35221863.42,379.5796227639,-2404014.03,-25.907622426,-42088071.86,-453.575503629,2025-10-30
1813,300959,线上线下,-54346642.89,57.4867694741,4397759.7,8.0920540187,24468568.92,45.0231470038,-83214639.51,-153.1182702093,2025-10-30
1814,300945,曼卡龙,196501169.41,150.2273495791,43080737.19,21.923908809,167443102.96,85.2122679284,-14022670.74,-7.1361767373,2025-10-30
1815,300940,南极光,199959502.9,161.0395039972,137306667.71,68.667237975,15007812.47,7.5054259749,48087682.81,24.0487109203,2025-10-30
1816,300921,南凌科技,104431896.14,2656.8244947796,50358635.6,48.2215084293,68198599.25,65.3043770828,-14013525.82,-13.4188177539,2025-10-30
1817,300919,中伟新材,-1810288177.99,-192.8016943691,2215312933.38,122.373496127,-5046356845.75,-278.7598630486,1282402447.62,70.8396852618,2025-10-30
1818,300913,兆龙互连,2971458.13,108.429707221,178736296.86,6015.1040008092,-148304393.96,-4990.9636101788,-31838080.06,-1071.46318969,2025-10-30
1819,300911,亿田智能,-661604113.82,-48.4187008154,-39351291.12,-5.9478607067,-583799437.18,-88.2399950341,-38453384.65,-5.8121441277,2025-10-30
1820,300906,日月明,-468349482.79,-35.1086092714,54992771.9,11.7418239842,-483213584.63,-103.1737201355,-40128670.06,-8.5681038486,2025-10-30
1821,300903,科翔股份,-392245775.27,-1011.5673730245,98961391.31,25.2294345916,-231442705.76,-59.0045120564,-260101695.75,-66.3108979494,2025-10-30
1822,300895,铜牛信息,-18209404.21,64.8478968167,-9637563.88,-52.926299888,-6873830.1,-37.748791892,-1647709.4,-9.0486727682,2025-10-30
1823,300879,大叶股份,415525785.78,500.6686454792,172627399.41,41.5443289725,-308456688.64,-74.2328633254,503632464.57,121.2036609532,2025-10-30
1824,300878,维康药业,9350950.63,400.6702042081,42981468.28,459.6481147286,5959212.76,63.7284164551,-39589730.41,-423.3765311838,2025-10-30
1825,300872,天阳科技,-359730046.57,-9.4845862413,-214151914.42,-59.5312836562,-12540251.69,-3.4860173092,-133012421.88,-36.9756218999,2025-10-30
1826,300870,欧陆通,48016971.63,-92.2701739468,421587102.08,877.9960246735,-189346329.17,-394.332092888,-183207120.88,-381.5465962571,2025-10-30
1827,300869,康泰医学,93551193.92,82.1841973923,19600893.57,20.9520506887,34205511.05,36.5634147644,46737425.1,49.9591968222,2025-10-30
1828,300868,杰美特,-123946130.58,-286.6689582087,10522257.16,8.489379306,-179087698.44,-144.4883334413,45420965.14,36.6457306311,2025-10-30
1829,300866,安克创新,15022345.93,-90.3818189205,-864866365.47,-5757.1991052532,643745593.97,4285.2534282573,243077967.48,1618.1092394801,2025-10-30
1830,300857,协创数据,113656106.52,268.2399430143,-1374013952.41,-1208.9222431425,-8061474990.12,-7092.8656954314,9543353264.17,8396.6920532252,2025-10-30
1831,300854,中兰环保,14181051.16,126.8855034479,-48617043.55,-342.8310285427,79567996.84,561.0867342784,-16542081.72,-116.6491928797,2025-10-30
1832,300853,申昊科技,-225757463.11,-14.55705758,-72830548.2,-32.2605273804,-121451930.86,-53.7975264192,-31415567.56,-13.9156274735,2025-10-30
1833,300844,山水比德,-170959877.74,-2.5622195767,-33712303.19,-19.7194240167,-205704766.02,-120.3234166632,68469532.48,40.0500593386,2025-10-30
1834,300837,浙矿股份,-53356263.88,27.8708564358,-11730780.39,-21.985760503,-18682656.4,-35.0149261613,-22193194.82,-41.5943568873,2025-10-30
1835,300834,星辉环材,-37714367.67,-209.9107748313,79127858.03,209.8082585458,-93108280.4,-246.8774797305,-23706566.45,-62.8581835375,2025-10-30
1836,300819,聚杰微纤,-963513.65,92.923510356,101695494.7,10554.6501287242,-37901495.0,-3933.6749406716,-64258454.18,-6669.1794330054,2025-10-30
1837,300815,玉禾田,136850057.79,163.4127953209,527109468.61,385.1729967253,-863937973.76,-631.3026006067,473678562.94,346.1296038814,2025-10-30
1838,300805,电声股份,-89286435.27,-17690.7535496899,-15196125.12,-17.0195227013,-277822161.0,-311.1583077092,203771559.81,228.2223040866,2025-10-30
1839,300793,佳禾智能,74004895.29,-68.0791603793,-102773316.48,-138.8736732581,218637562.5,295.4366216495,-46776662.96,-63.2075253626,2025-10-30
1840,300789,唐源电气,-96623030.74,-24.491483785,-91012796.85,-94.1936887644,-4053308.96,-4.1949718705,-1556924.93,-1.611339365,2025-10-30
1841,300788,中信出版,-221867456.37,-184.2253476011,101623576.45,45.8037326035,-215629199.38,-97.1882956193,-106251539.65,-47.8896460925,2025-10-30
1842,300786,国林科技,-47078856.09,31.0510583386,-8233130.3,-17.4879574055,-4798298.05,-10.1920446853,-34047427.74,-72.3199979093,2025-10-30
1843,300782,卓胜微,-284187994.51,-473.2520860441,55646650.73,19.5809294569,-532299791.51,-187.3055166978,199743921.21,70.2858407353,2025-10-30
1844,300780,德恩精工,-70886116.37,-2821.7863275026,49742500.36,70.1724158513,-29007177.5,-40.9208163536,-92888923.29,-131.0396563484,2025-10-30
1845,300776,帝尔激光,-126451208.95,56.5582519974,11329106.88,8.9592713064,-43874892.8,-34.6970923919,-91491707.1,-72.3533668517,2025-10-30
1846,300772,运达股份,-379899041.32,22.0025360961,39883740.75,10.498510502,-2254674598.4,-593.4931003158,1830923251.32,481.9499530608,2025-10-30
1847,300769,德方纳米,-1269037577.13,-163.2877200423,-1042326893.66,-82.1352269188,-313304540.86,-24.6883580523,86683492.9,6.8306482379,2025-10-30
1848,300766,每日互动,-15358722.8,91.4561600371,-73929680.26,-481.3530475334,-2197496.86,-14.3078098916,60826251.6,396.037173091,2025-10-30
1849,300762,上海瀚讯,-696137108.94,-366.1703298708,-141525978.01,-20.3301872853,-645636116.68,-92.7455394043,91024985.75,13.0757266896,2025-10-30
1850,300760,迈瑞医疗,2161730601.0,170.0620077522,7272860295.0,336.4369404604,-125901472.0,-5.8241055542,-4929402144.0,-228.030363345,2025-10-30
1851,300756,金马游乐,-60408747.3,-130.6205799389,73776030.98,122.1280597222,-98239272.86,-162.6242510412,-36365620.57,-60.1992628475,2025-10-30
1852,300755,华致酒行,-132901707.68,39.5806686816,555206625.91,417.7573302871,1482199.77,1.1152601391,-689610391.81,-518.8875326346,2025-10-30
1853,300752,隆利科技,-168140270.78,-500.4333764806,101600448.14,60.4260048284,-273544219.04,-162.6881042662,4578858.1,2.7232370204,2025-10-30
1854,300746,汉嘉数智,-94428122.72,-129.4097072587,-141378742.55,-149.7210136955,-337254441.69,-357.1546611067,384205061.52,406.8756748021,2025-10-30
1855,300740,水羊股份,39363881.37,118.1961382901,188989528.4,480.1089776275,-71623264.49,-181.9517334096,-79102281.37,-200.9514270874,2025-10-30
1856,300739,明阳电路,107180032.11,463.6278505964,209268816.75,195.2498171816,-83226164.68,-77.6508114819,-26587638.83,-24.8065225458,2025-10-30
1857,300725,药石科技,-9930364.51,94.9338307038,543482604.71,5472.9371128593,-307707118.32,-3098.648775784,-247171819.29,-2489.0508202503,2025-10-30
1858,300723,一品红,109864448.84,-45.3671851438,-11530019.26,-10.4947682182,-288985096.53,-263.0378612747,410418055.43,373.5676643021,2025-10-30
1859,300720,海川智能,46410593.64,183.6844263151,22970455.26,49.4939914757,53263815.42,114.7665031677,-31139152.17,-67.0949232228,2025-10-30
1860,300719,安达维尔,-12189852.08,92.490788993,-12382468.06,-101.5801338584,-62366332.03,-511.6250108754,62558948.01,513.2051447338,2025-10-30
1861,300712,永福股份,-52511877.94,87.0131486877,-154305721.57,-293.8491777923,-108505346.17,-206.6301005155,210839803.98,401.5087866804,2025-10-30
1862,300709,精研科技,-212627946.13,-4.0894910718,249731471.58,117.449975944,-606975260.07,-285.4635390679,143403062.73,67.4431867212,2025-10-30
1863,300706,阿石创,80866895.41,12.4880234657,-27880842.42,-34.4774487491,-86347049.69,-106.7767585886,194467060.77,240.4779604609,2025-10-30
1864,300705,九典制药,108334425.25,66.0923275378,455768933.16,420.7055440671,-294487006.72,-271.8314201976,-52925877.97,-48.8541641753,2025-10-30
1865,300702,天宇股份,-141181561.0,-261.555112483,215353400.86,152.5364922548,-251516526.53,-178.1511160158,-115302106.64,-81.669380777,2025-10-30
1866,300695,兆丰股份,-467130115.63,-94.9896647243,59712910.04,12.7829287905,-494877752.36,-105.9400230903,-30419291.12,-6.5119524737,2025-10-30
1867,300684,中石科技,-129284484.24,-40.9369990506,104652559.89,80.9475015546,-16334575.19,-12.6345982552,-218726449.68,-169.1822889388,2025-10-30
1868,300678,中科信息,-77221948.33,57.392905599,-48672019.52,-63.028738037,-4008444.66,-5.1908100568,-24541484.15,-31.7804519061,2025-10-30
1869,300675,建科院,-86441720.44,-19.3360123682,-83133000.51,-96.1723113409,-29692324.68,-34.3495299826,26383604.75,30.5218413235,2025-10-30
1870,300674,宇信科技,-946149456.81,-103.7997799616,-367999635.19,-38.8944508229,-891810005.1,-94.2567792732,316526502.23,33.4541757596,2025-10-30
1871,300670,大烨智能,-22412503.6,-555.6498001493,50386882.1,224.815946488,16516940.62,73.695205653,-89357930.65,-398.6967821391,2025-10-30
1872,300665,飞鹿股份,12961330.15,121.1696881371,-13714233.0,-105.8088393806,-27507369.16,-212.2264369603,54188742.31,418.0801019871,2025-10-30
1873,300663,科蓝软件,-75822025.02,84.6070176874,51678457.65,68.1575803816,-695340.74,-0.9170695979,-126881336.92,-167.341002679,2025-10-30
1874,300662,科锐国际,-143292304.12,22.1228404539,-59661573.09,-41.6362717149,-2293479.53,-1.6005601585,-90291350.95,-63.0120029854,2025-10-30
1875,300660,江苏雷利,122283094.16,7.6622786398,234212403.56,191.5329385218,-37899841.88,-30.9935254259,-84076917.32,-68.7559616458,2025-10-30
1876,300659,中孚信息,-322993531.5,-112.4854967496,-113704409.96,-35.2033086954,-199038665.46,-61.6231119353,-10250456.08,-3.1735793693,2025-10-30
1877,300657,弘信电子,120923604.62,138.9937378468,-198173815.58,-163.8834834628,-504107294.45,-416.8808034082,823242539.99,680.7955672319,2025-10-30
1878,300648,星云股份,182726442.11,605.8586997592,93202577.65,51.0066176377,-376066264.15,-205.8083437774,464576851.89,254.2471940708,2025-10-30
1879,300647,超频三,130931389.21,155.3431194874,69966995.75,53.4379083367,-74355648.85,-56.7897807383,134820290.96,102.9701829129,2025-10-30
1880,300645,正元智慧,-148174383.85,45.5709327325,-76249134.86,-51.459053096,-162720389.02,-109.8168150203,90795140.03,61.2758681163,2025-10-30
1881,300638,广和通,59208445.56,156.0519317186,297597559.91,502.6268754319,-93561756.11,-158.020963437,-145804128.99,-246.2556272352,2025-10-30
1882,300637,扬帆新材,-70568903.65,-273.4344882447,29171491.18,41.3376000918,-34365096.79,-48.6972235823,-65637031.05,-93.0112665141,2025-10-30
1883,300626,华瑞股份,24844993.33,-69.6524103285,31093430.98,125.1496853592,-8127793.14,-32.7140081386,-1561158.83,-6.2835952872,2025-10-30
1884,300622,博士眼镜,-10891325.33,90.1411523321,277804352.93,2550.6937357274,-143207944.63,-1314.8807908211,-144395894.93,-1325.7880979119,2025-10-30
1885,300614,百川畅银,25861302.09,122.5061442028,107399440.66,415.2901516182,-16530112.85,-63.9183316929,-66534780.19,-257.2754456,2025-10-30
1886,300613,富瀚微,201988449.98,897.9285710936,414202728.55,205.062580851,-256693426.21,-127.0832199739,54957286.77,27.2081333242,2025-10-30
1887,300605,恒锋信息,10592541.39,115.5849423593,31494273.24,297.3249957723,53478220.95,504.8667640845,-74360555.31,-702.0086358143,2025-10-30
1888,300604,长川科技,307533525.35,53.7993879854,85509190.66,27.8048354444,-380897198.87,-123.8555043508,603215533.25,196.1462681389,2025-10-30
1889,300597,吉大通信,-22190145.01,62.1093877097,-150693260.33,-679.099934958,-2641111.16,-11.902180715,131238031.76,591.4248496387,2025-10-30
1890,300593,新雷能,-226716639.68,17.7300462889,-127788342.03,-56.3647830218,-230577532.97,-101.7029598248,131655405.78,58.0704645084,2025-10-30
1891,300587,天铁科技,-35077327.2,-229.9135104825,-44120140.96,-125.7796545,-266851055.25,-760.7508226853,275321345.5,784.8983017725,2025-10-30
1892,300582,英飞特,45362198.48,80.6337112485,16817457.39,37.0737264805,-79952497.48,-176.2535771172,89468857.42,197.2321898363,2025-10-30
1893,300581,晨曦航空,-5154954.17,96.7197448072,-37877648.59,-734.7814808992,12763361.09,247.5940749246,19959333.33,387.1874059746,2025-10-30
1894,300571,平治信息,28785780.7,6.433364399,267964075.89,930.8904235833,-1232841537.87,-4282.814319745,993513137.81,3451.4024412407,2025-10-30
1895,300566,激智科技,-184471972.95,39.6607630988,191646112.24,103.8890131521,-261141097.03,-141.5613943159,-116252089.03,-63.0188354203,2025-10-30
1896,300564,筑博设计,-125945772.58,-245.0923208648,-12351189.99,-9.8067523324,-18544417.89,-14.724128893,-95050164.7,-75.4691187746,2025-10-30
1897,300561,*ST汇科,19393139.8,1175.3370499235,-18694049.3,-96.3951659854,49712105.89,256.3386145961,-11624916.79,-59.9434486106,2025-10-30
1898,300560,中富通,-23133805.83,-53.9026706193,-107401206.87,-464.2608642056,-25525418.49,-110.3381721001,109509397.59,473.3738944415,2025-10-30
1899,300554,三超新材,11303009.71,122.1007289684,33309835.6,294.6988143391,-11245776.06,-99.4936423885,-10634874.41,-94.0888726353,2025-10-30
1900,300552,万集科技,-48582113.99,-27.5606652565,-119494957.74,-245.9649198563,-5468170.79,-11.2555225389,76507477.59,157.480750232,2025-10-30
1901,300551,古鳌科技,-63391669.14,56.7676646674,-59659003.6,-94.1117411946,-671494.88,-1.0592793803,-2851886.5,-4.4988348448,2025-10-30
1902,300548,长芯博创,-213182444.32,-3.5385183037,464684296.43,217.9749359344,-161041815.53,-75.541781146,-519443156.8,-243.6613195129,2025-10-30
1903,300542,新晨科技,-273035146.73,9.5946258994,-335161692.74,-122.7540471452,-16324724.57,-5.9789828399,78493246.76,28.748403896,2025-10-30
1904,300541,先进数通,-226045782.34,-51.3733896681,-744564289.91,-329.3864995853,-36531634.5,-16.1611661681,555235767.99,245.6297844809,2025-10-30
1905,300529,健帆生物,-1266174805.58,37.7686141116,573240155.17,45.2733818935,-1242420218.16,-98.1239093279,-596469674.74,-47.1080037378,2025-10-30
1906,300528,幸福蓝海,-24133504.94,77.6191739296,156095870.16,646.8014925643,-94282893.22,-390.6721939246,-85946481.88,-356.1292986397,2025-10-30
1907,300525,博思软件,-448433370.47,9.0182767597,-282187685.17,-62.9274500411,-132476810.62,-29.5421392215,-33768874.68,-7.5304107374,2025-10-30
1908,300523,辰安科技,-40661692.43,71.9369845169,-125728626.8,-309.2065757382,-10309579.37,-25.3545259774,92495131.85,227.4748696435,2025-10-30
1909,300522,世名科技,-2565817.78,55.2621570262,-30086272.92,-1172.5802648386,-12232602.0,-476.7525619064,39751856.35,1549.2860272408,2025-10-30
1910,300521,爱司凯,-30677844.21,-328.2281639475,-39361999.27,-128.3075792437,-37414747.51,-121.9601587839,45860885.05,149.4918767305,2025-10-30
1911,300512,中亚股份,-9723855.17,-199.5440651143,110912804.79,1140.6258407899,-47289316.14,-486.3227116535,-72969219.67,-750.4145052995,2025-10-30
1912,300510,金冠股份,-14315275.97,86.6826987553,158615605.93,1108.0164033331,-2156429.75,-15.0638363837,-170774452.15,-1192.9525669494,2025-10-30
1913,300503,昊志机电,21628068.16,183.622244746,39441824.21,182.3640646877,-122485052.67,-566.3245175847,103174725.16,477.0408729838,2025-10-30
1914,300502,新易盛,3496616424.8,639.4720380693,4637420688.24,132.6259481981,-896254746.66,-25.6320579033,-296282522.92,-8.4734064857,2025-10-30
1915,300501,海顺新材,-31500240.0,90.6023846992,17717038.09,56.2441368383,-36434626.15,-115.6645985872,-12230658.73,-38.8271922055,2025-10-30
1916,300494,盛天网络,-298395719.07,64.0312096066,19785551.86,6.630641995,-282542967.51,-94.6873394801,-34716863.03,-11.6345043884,2025-10-30
1917,300492,华图山鼎,31610767.84,-83.7456562433,651643535.89,2061.4606364146,-395683936.38,-1251.7378204249,-224348831.67,-709.7228159897,2025-10-30
1918,300491,通合科技,-115842147.03,-252.7304053157,-17871182.12,-15.4271848185,-102584913.13,-88.5557767705,4613948.22,3.9829615889,2025-10-30
1919,300480,光力科技,-98688088.19,33.1133026945,-17610732.87,-17.8448414525,-39408544.41,-39.9324225778,-40972454.82,-41.5171228579,2025-10-30
1920,300479,神思电子,-354668611.77,-33.6575680011,-351743024.44,-99.1751208782,-18723298.43,-5.279096545,15797711.1,4.4542174232,2025-10-30
1921,300478,杭州高新,-3510472.88,-272.9205362892,-42875998.16,-1221.3738611762,-20975696.21,-597.5176828599,60341221.49,1718.8915440361,2025-10-30
1922,300473,德尔股份,-6864660.53,97.0784513119,194658534.98,2835.6614887117,-128588540.67,-1873.1959156326,-71139744.33,-1036.3184606013,2025-10-30
1923,300472,*ST新元,-2642924.83,96.2953533401,-21885671.72,-828.0852891302,9000.0,0.3405318191,19230933.12,727.6382930649,2025-10-30
1924,300470,中密控股,-183263367.38,-1310.4922692429,149764479.24,81.7209032995,-220162461.79,-120.1344627339,-116980608.45,-63.8319649597,2025-10-30
1925,300467,迅游科技,-19800959.88,-14.2791937618,7963785.46,40.2191889093,-20958330.69,-105.8450237615,-5517700.2,-27.865821826,2025-10-30
1926,300462,ST华铭,6511102.8,106.5374950408,95383766.06,1464.9402565108,-41166832.47,-632.2559132379,-43872938.96,-673.8173287634,2025-10-30
1927,300453,三鑫医疗,-144566508.98,-68.2326358725,325422401.9,225.1022067255,-272215709.56,-188.2979062583,-199338269.68,-137.8868944726,2025-10-30
1928,300450,先导智能,1425044104.38,496.6564681779,3847711558.97,270.0064894233,-1104949388.98,-77.5379081661,-1332597247.45,-93.5127020528,2025-10-30
1929,300442,润泽科技,-183291255.05,-113.9812599822,2763993203.37,1507.9787645166,-5533123348.13,-3018.7601403136,2585838889.71,1410.781375797,2025-10-30
1930,300438,鹏辉能源,-194507622.7,81.1140276719,-11506476.57,-5.9156944136,-621968315.02,-319.7655219813,442786216.21,227.644659918,2025-10-30
1931,300436,广生堂,98843567.69,230.5311933851,-45112721.63,-45.6405233889,-28157101.96,-28.4865293899,172113391.28,174.1270527788,2025-10-30
1932,300430,诚益通,-242281090.95,-265.4371671699,-100257427.66,-41.3806241613,-66901122.77,-27.6130186255,-74873589.85,-30.9036043863,2025-10-30
1933,300429,强力新材,146797183.77,103.6093389968,16632342.74,11.3301511057,65984857.55,44.9496753653,63091930.48,42.9789787922,2025-10-30
1934,300424,航新科技,-39081821.32,72.2469625443,-30872036.5,-78.993341296,-39164073.41,-100.2104612508,36974597.89,94.6081749549,2025-10-30
1935,300418,昆仑万维,-433172203.65,-274.6504351356,-734480869.42,-169.5586335483,-321980503.51,-74.3308321256,624316696.04,144.1266754375,2025-10-30
1936,300408,三环集团,3158424801.55,1229.0238682308,1990456334.4,63.0205390175,2040835111.54,64.6155992233,-878519444.71,-27.8151135426,2025-10-30
1937,300398,飞凯材料,140083768.31,154.4989920428,391879914.65,279.7468396073,-223335302.67,-159.4298221445,-28339578.81,-20.2304515019,2025-10-30
1938,300397,天和防务,51876070.89,135.7071338599,-97859642.22,-188.6411991909,-32639485.99,-62.9181922031,181968681.63,350.7757594361,2025-10-30
1939,300394,天孚通信,607745937.39,49.1700158829,1344182030.69,221.1749923764,-50447806.31,-8.3008051895,-673094942.55,-110.752684821,2025-10-30
1940,300382,斯莱克,34185681.45,-48.1532851141,112187499.11,328.1710188346,-102210394.79,-298.9859802546,23133899.73,67.6713136868,2025-10-30
1941,300380,安硕信息,18503916.83,177.7637646924,-225609810.03,-1219.2543454596,3466466.33,18.733689531,240628197.44,1300.4176340107,2025-10-30
1942,300378,鼎捷数智,-48996617.7,83.8702857403,35528881.59,72.512926928,-245900683.83,-501.8727728016,140433827.29,286.6194318756,2025-10-30
1943,300369,绿盟科技,-212993405.33,-28.3542795049,69674734.35,32.7121556848,-106913637.43,-50.1957500817,-175615681.33,-82.4512294444,2025-10-30
1944,300366,ST创意,-127414843.88,-19.973327078,-74470622.18,-58.4473676004,27076246.94,21.2504651071,-79999395.88,-62.7865588058,2025-10-30
1945,300359,全通教育,-76634837.93,26.5658655442,-48070123.06,-62.7262017621,-15934108.54,-20.7922518927,-12630606.33,-16.4815463452,2025-10-30
1946,300351,永贵电器,324786077.55,231.595199923,55258215.71,17.0137267357,-801477722.3,-246.7709602412,1070985648.44,329.7510954038,2025-10-30
1947,300340,科恒股份,-36140040.66,90.6624089621,52405834.31,145.0076794407,42682283.1,118.1024767004,-131227607.64,-363.1086330936,2025-10-30
1948,300337,银邦股份,227127380.47,449.2176483949,-304407429.76,-134.0249815456,-255825799.04,-112.6353848271,784511755.13,345.406068395,2025-10-30
1949,300335,迪森股份,-204445850.07,-25.9260064348,105648471.63,51.6755275756,-173107611.61,-84.6716191846,-137130083.07,-67.0740359968,2025-10-30
1950,300329,海伦钢琴,-7107214.93,50.3136269885,-12703760.41,-178.7445649966,1712879.72,24.1005757793,3293021.18,46.3334964882,2025-10-30
1951,300318,博晖创新,23406439.75,73.5740003586,-108747996.84,-464.6071679483,-126134188.46,-538.8866901896,258306054.7,1103.5683233286,2025-10-30
1952,300315,掌趣科技,22746310.89,116.3133381525,-6455324.21,-28.3796534797,54578619.32,239.9449281421,-23619608.73,-103.8392943991,2025-10-30
1953,300305,裕兴股份,-267617601.46,-3211.8821662152,-87157128.97,-32.5677864589,-186649684.36,-69.7449208653,9314123.78,3.4803853443,2025-10-30
1954,300296,利亚德,224113219.72,663.0223014344,578940691.15,258.3250965174,-237538408.27,-105.990359947,-149002695.46,-66.4854557202,2025-10-30
1955,300292,吴通控股,-249398745.75,-169.8949416092,109555646.42,43.9279059285,-144825962.45,-58.070044424,-213838393.55,-85.7415673471,2025-10-30
1956,300291,百纳千成,-19302129.69,88.2439672915,-148127388.39,-767.4147400778,116205741.59,602.035855402,12627893.69,65.422281856,2025-10-30
1957,300288,朗玛信息,1508597.83,106.6049297256,13669087.07,906.0789295978,-4414208.21,-292.6033779327,-7746281.03,-513.4755516651,2025-10-30
1958,300276,三丰智能,8810305.65,103.1061964042,188504514.46,2139.5910873989,-135923267.03,-1542.7758403592,-46810120.94,-531.3109760273,2025-10-30
1959,300272,开能健康,368781572.34,920.6708726626,196449677.83,53.2699279369,63159837.33,17.1266250993,116035296.68,31.4645051117,2025-10-30
1960,300267,尔康制药,-11887989.33,79.0890152229,211684847.35,1780.6614850823,-188085492.7,-1582.1472200127,-33140240.56,-278.7707798187,2025-10-30
1961,300264,佳创视讯,-23093584.06,44.9014039891,-19874472.18,-86.0605791131,-5397246.97,-23.3711967617,2178214.05,9.432117788,2025-10-30
1962,300259,新天科技,-130449497.07,-32.8748621548,41889700.31,32.1118143426,-115520257.62,-88.5555408144,-55183917.05,-42.3028975117,2025-10-30
1963,300255,常山药业,11156576.27,-86.6118641714,142350749.85,1275.9357925314,-72101196.77,-646.2663367782,-61858775.38,-554.4602025116,2025-10-30
1964,300254,仟源医药,-20542208.08,-146.1884692294,75411853.86,367.1068541722,-88810515.7,-432.3318863977,-7143546.24,-34.7749677745,2025-10-30
1965,300252,金信诺,-73243841.17,49.4767190967,-213015303.39,-290.83032783,-105086839.26,-143.475325135,243172729.16,332.0043368501,2025-10-30
1966,300242,佳云科技,-25814182.37,86.2380851416,-40576015.44,-157.1849724249,23513122.84,91.0860646407,-8714772.97,-33.7596319926,2025-10-30
1967,300241,瑞丰光电,12490316.05,116.3582212605,16813974.97,134.616088998,-44961649.17,-359.9720694818,38705731.2,309.8859231829,2025-10-30
1968,300236,上海新阳,195545627.96,444.1780194851,272515864.69,139.3617783905,-179054235.03,-91.5664732052,101758861.48,52.0384232271,2025-10-30
1969,300232,洲明科技,-523565118.57,14.5843413474,95427569.07,18.2264947922,-247772248.53,-47.3240557367,-405286014.69,-77.4089029836,2025-10-30
1970,300231,银信科技,-370517744.67,-44.2726094126,17305447.69,4.6706123901,55730604.05,15.0412780094,-443191707.71,-119.6141653363,2025-10-30
1971,300227,光韵达,-125563338.82,-2232.3964487563,-156427763.69,-124.5807615185,-412317403.01,-328.3740356738,443284833.59,353.0368320529,2025-10-30
1972,300225,*ST金泰,-113903366.01,-2.6389096702,-51640824.14,-45.3373995422,-6838240.81,-6.0035458561,-55424300.65,-48.6590542418,2025-10-30
1973,300217,东方电热,11066155.2,101.820134135,73155477.31,661.0740224392,-52640426.54,-475.6884897114,-7607090.41,-68.7419458025,2025-10-30
1974,300207,欣旺达,1680130233.58,149.3714827532,2421643611.93,144.1342798034,-6333542541.46,-376.9673573438,5593266832.83,332.9067426465,2025-10-30
1975,300203,聚光科技,-490418351.41,-190.8219021464,-74924519.73,-15.2776745639,-21706388.41,-4.4260962804,-393989495.24,-80.3374290761,2025-10-30
1976,300199,翰宇药业,24473569.69,111.9670893847,270699175.19,1106.0878270676,-165492033.13,-676.2071705364,-82668796.02,-337.7880589842,2025-10-30
1977,300196,长海股份,60157022.79,126.1605375763,207162024.22,344.3688111747,-400996963.21,-666.5837912388,247931551.04,412.1406604604,2025-10-30
1978,300176,鸿特科技,69334321.82,176.585548098,171180608.11,246.8915879128,-258412457.96,-372.704962242,155526706.23,224.3141667034,2025-10-30
1979,300169,天晟新材,6941089.33,105.1368749483,-25717927.44,-370.5171654951,95515823.05,1376.0926924996,-62773345.87,-904.373116172,2025-10-30
1980,300167,ST迪威迅,13894611.88,394.4649755408,-37931111.92,-272.9915182057,5189395.9,37.3482609289,46636327.9,335.6432572768,2025-10-30
1981,300166,东方国信,-60154573.04,89.5686256205,-271695958.2,-451.6630149122,-1136867283.24,-1889.9099865343,1348408668.4,2241.5730014464,2025-10-30
1982,300151,昌红科技,-94031098.98,38.4587312461,171343438.99,182.2199685515,-343890307.46,-365.7197578145,79971461.57,85.0478856862,2025-10-30
1983,300149,睿智医药,-1058469.33,96.3113169143,120235170.12,11359.343791284,-54485975.04,-5147.6196329657,-65052877.97,-6145.9388691026,2025-10-30
1984,300146,汤臣倍健,-271814282.04,71.1709610907,921241875.1,338.9232781243,-5785851.7,-2.1286047431,-1181431071.71,-434.6464294824,2025-10-30
1985,300139,晓程科技,166895880.62,1614.4149023572,167699521.04,100.4815220226,-12585008.57,-7.54063463,14823625.01,8.8819597913,2025-10-30
1986,300137,先河环保,-100045545.98,10.2022956034,-127608831.12,-127.5507368869,29861937.93,29.8483432096,-1777242.54,-1.776433446,2025-10-30
1987,300131,英唐智控,-708865.8,99.1448504883,62038800.6,8751.8399956663,-105170861.15,-14836.4981284187,42074757.26,5935.5039077919,2025-10-30
1988,300123,亚光科技,-38215909.38,57.5495992157,-121948373.24,-319.1036801647,-33189222.35,-86.8466114988,121318017.7,317.4542217318,2025-10-30
1989,300122,智飞生物,-209250629.34,93.2066038228,2985018894.57,1426.5280367304,-439564883.74,-210.0662182601,-2754297064.98,-1316.2670399928,2025-10-30
1990,300115,长盈精密,-8940770.06,-125.5091023075,444461683.34,4971.1789964096,-1701642067.59,-19032.38821903,1211187265.15,13546.7891134872,2025-10-30
1991,300110,华仁药业,39379212.0,135.1779362976,256623163.38,651.6716570662,-41356349.55,-105.0207646359,-175892477.2,-446.6632729979,2025-10-30
1992,300101,振芯科技,-177044544.63,-15.3162116316,8558793.46,4.8342599191,-254056179.01,-143.4984509356,68452840.92,38.6641910165,2025-10-30
1993,300093,*ST金刚,25896283.96,-77.6606070372,-133192704.99,-514.331342658,-220055260.11,-849.7561289099,378116178.57,1460.1175178417,2025-10-30
1994,300087,荃银高科,-279042678.91,-318.4114195656,-198861807.39,-71.2657318826,-21325208.36,-7.6422748102,-58967853.32,-21.1321986839,2025-10-30
1995,300084,海默科技,-268301451.17,-562.2959528026,66817871.33,24.9040290459,-142384960.02,-53.0690234433,-192553074.1,-71.7674366875,2025-10-30
1996,300076,GQY视讯,-76448279.94,-10.760678006,-55728614.7,-72.8971465986,-6093770.69,-7.9711024169,-14625894.55,-19.1317509844,2025-10-30
1997,300068,南都电源,-465758141.49,-393.8998558012,859837862.23,184.6103772828,-364641294.04,-78.2898379132,-969279900.66,-208.1079887427,2025-10-30
1998,300063,天龙集团,64657614.52,186.3543256037,110943916.23,171.5867760566,-16837087.83,-26.0403789329,-29229517.26,-45.2066125189,2025-10-30
1999,300058,蓝色光标,-114374315.66,79.0292164372,-364748319.97,-318.9075430661,154006160.8,134.6510008924,131821371.54,115.2543477785,2025-10-30
2000,300055,万邦达,-244322441.47,35.1262960577,-63986376.72,-26.1893161901,-731447762.61,-299.378050665,551308911.84,225.6480855884,2025-10-30
2001,300053,航宇微,108493449.19,220.5688591475,-18703050.52,-17.2388753972,69670606.11,64.2164173322,57040945.13,52.5754739626,2025-10-30
2002,300043,星辉娱乐,68994572.62,251.4807996921,408266801.22,591.7375609653,-144481658.94,-209.4101803279,-144569524.93,-209.5375323596,2025-10-30
2003,300035,中科电气,17622879.04,112.155955841,-1095663335.67,-6217.2777398238,-126517867.11,-717.9182630876,1240184425.22,7037.3542393672,2025-10-30
2004,300027,华谊兄弟,-16742809.75,55.4044609698,-28461006.27,-169.989426476,333745054.1,1993.3634741325,-322220560.01,-1924.5309767078,2025-10-30
2005,300013,新宁物流,-31772602.54,-341.3891368363,-112001379.04,-352.5093007379,-3928352.16,-12.3639609159,84046788.12,264.5259796209,2025-10-30
2006,300011,鼎汉技术,7466637.85,124.6590773189,-74386625.55,-996.2532942454,-12152306.25,-162.754729694,93461052.18,1251.7153511068,2025-10-30
2007,300007,汉威科技,-249559244.97,11.6918686335,-158663420.19,-63.5774564108,-184351728.19,-73.8709272069,94442290.94,37.8436354667,2025-10-30
2008,300005,探路者,62915650.91,1743.8465186784,-147223283.74,-234.0010499941,245084311.11,389.5442669116,-31811588.21,-50.5622810062,2025-10-30
2009,300001,特锐德,-165797070.22,86.6595315925,181780730.3,109.6404960949,-436734640.4,-263.4151736339,90089768.27,54.3373704677,2025-10-30
2010,003033,征和工业,-99411817.57,5.9918263529,183688695.56,184.7755126604,-187546864.99,-188.6565094315,-99014044.84,-99.599873798,2025-10-30
2011,003028,振邦智能,-64557905.99,-189.7660138029,119819454.07,185.599969876,-278109027.67,-430.7900378818,100993030.13,156.437896461,2025-10-30
2012,003025,思进智能,65805975.41,-31.5959905115,177370833.7,269.5360605096,-56756170.45,-86.2477458869,-52184152.3,-79.3000209705,2025-10-30
2013,003021,兆威机电,-13504390.66,-109.8492911809,102236472.07,757.0609784922,-79436735.02,-588.2289473104,-36071663.14,-267.1106312619,2025-10-30
2014,003020,立方制药,-37123572.63,79.7071438157,188023749.26,506.4807504762,-79656732.96,-214.5718402534,-145466764.44,-391.8447340449,2025-10-30
2015,003018,金富科技,-32170132.15,77.8560729359,150691489.56,468.4204866097,-126660765.15,-393.7216190453,-56460734.94,-175.5066925953,2025-10-30
2016,003011,海象新材,98926961.05,28.8227835042,129249683.44,130.6516262788,-879083.03,-0.8886182499,-35123807.36,-35.5047875596,2025-10-30
2017,002999,天禾股份,-535799130.51,-3534.0009934034,-877354756.28,-163.7469540954,-104220021.06,-19.4513232899,445837499.21,83.2098213347,2025-10-30
2018,002996,顺博合金,467431435.82,97.4328844798,66193794.12,14.1611772439,-1812354729.01,-387.7263252162,2213591865.11,473.5650398067,2025-10-30
2019,002988,豪美新材,-182866348.7,-614.5841017197,74048191.93,40.4930663604,-98097913.42,-53.6445956937,-158524233.45,-86.688575879,2025-10-30
2020,002981,朝阳科技,10707777.01,117.447305919,49858829.56,465.6319375482,-51285578.87,-478.9563587485,12712084.73,118.7182429941,2025-10-30
2021,002975,博杰股份,59682486.77,117.6406946017,89306135.08,149.6354121841,77182624.78,129.3220657468,-106697265.5,-178.7748320729,2025-10-30
2022,002968,新大正,-214185260.86,7.4425702999,-107102175.24,-50.0044563337,-9571441.97,-4.4687678002,-97511643.65,-45.5267758661,2025-10-30
2023,002965,祥鑫科技,111702339.91,-65.9605439439,74268024.39,66.4874383561,131862707.99,118.0482952248,-100696297.35,-90.1469901446,2025-10-30
2024,002960,青鸟消防,-460373094.1,56.5936992205,-276826676.76,-60.1309416879,-606554697.19,-131.7528554478,419934226.64,91.2160662779,2025-10-30
2025,002957,科瑞技术,-14726952.27,95.5414135889,456508428.81,3099.8160409601,-460291096.35,-3125.5013794514,-7611398.03,-51.6834569058,2025-10-30
2026,002956,西麦食品,-91081670.07,3.7980174672,204886506.22,224.9481219026,-189110272.95,-207.6271469382,-107206888.82,-117.704131619,2025-10-30
2027,002955,鸿合科技,-316066494.71,-493.0533153062,125819895.39,39.8080459321,-61496357.34,-19.4567783581,-372996698.97,-118.0120972051,2025-10-30
2028,002950,奥美医疗,82595904.94,-61.8875310827,551316700.13,667.4867241063,-209626167.84,-253.7972893357,-263381764.62,-318.8799309255,2025-10-30
2029,002949,华阳国际,-263851180.77,5.0444020822,-80549410.0,-30.528349263,-107474186.75,-40.7328807233,-75398823.66,-28.5762691832,2025-10-30
2030,002946,新乳业,175507998.91,703.9283202046,1070834953.23,610.1345579008,-368691837.46,-210.0712444731,-526473585.1,-299.9712767336,2025-10-30
2031,002929,润建股份,-211823549.41,83.7356244097,-2016147324.55,-951.8050897389,-1456254207.36,-687.4845650619,3261201511.15,1539.5840170904,2025-10-30
2032,002927,泰永长征,-25135015.87,-976.3674132374,-13838836.81,-55.0579990941,-76920344.75,-306.0286301303,65624165.69,261.0866292244,2025-10-30
2033,002926,华西证券,6090334078.96,-32.1434020089,9001283900.14,147.7962256822,-4802860670.41,-78.86038119,1892391469.42,31.072047032,2025-10-30
2034,002922,伊戈尔,425483833.18,571.7106567225,233379730.91,54.8504344256,-737678631.15,-173.3740682076,925605336.08,217.5418344716,2025-10-30
2035,002916,深南电路,-713903795.71,-150.2561113561,2314155787.42,324.1551314514,-2342250745.65,-328.090529806,-700251379.67,-98.0876392419,2025-10-30
2036,002905,金逸影视,-68253767.05,-5238.8040226251,331836680.58,486.1807559089,-81017240.02,-118.7000271511,-317042417.58,-464.5053764545,2025-10-30
2037,002897,意华股份,131570331.86,-68.4400739263,19582616.46,14.8837630666,-26501168.93,-20.1422072555,135248438.24,102.795543895,2025-10-30
2038,002895,川恒股份,-1069589863.75,-64.5704389337,42064876.01,3.9328042865,-886555482.88,-82.8874237618,-228421142.71,-21.3559561895,2025-10-30
2039,002892,科力尔,-55589006.62,-199.8147568515,-23050317.57,-41.4656043911,-302185604.39,-543.6067718492,269472897.98,484.7593334813,2025-10-30
2040,002885,京泉华,144848540.81,-22.4509821696,45508209.92,31.4177896895,-31194769.12,-21.5361293566,127892815.35,88.2941689539,2025-10-30
2041,002878,元隆雅图,-299028180.17,56.8099054045,-26754331.66,-8.9470937638,-50924729.14,-17.0300769349,-221286527.28,-74.0018974647,2025-10-30
2042,002872,ST天圣,11805761.64,-85.679303422,2799122.5,23.709800226,-10877335.28,-92.1358198792,19883974.42,168.4260196532,2025-10-30
2043,002866,传艺科技,-32521974.96,-117.3202021262,169524257.15,521.2606471732,-171444026.96,-527.16363988,-34320374.8,-105.5297989812,2025-10-30
2044,002856,美芝股份,-31087367.17,41.589092957,-42675543.82,-137.2761597553,-434563.24,-1.3978772716,12022739.89,38.6740370269,2025-10-30
2045,002853,皮阿诺,-16010406.49,92.9298152543,16891973.66,105.5062135402,-83958331.98,-524.3985031388,51055951.83,318.8922895986,2025-10-30
2046,002851,麦格米特,323285322.36,-49.777658338,90669134.52,28.0461648732,-416222984.34,-128.7478754994,657249794.11,203.3033202102,2025-10-30
2047,002843,泰嘉股份,89782209.02,126.4672611479,56938322.46,63.4182685874,48300189.84,53.7970610962,-18909356.28,-21.0613622525,2025-10-30
2048,002842,翔鹭钨业,-10546287.14,-2278.2305764272,-72506862.05,-687.5107901718,-88613919.4,-840.2380688451,149954133.07,1421.866587543,2025-10-30
2049,002833,弘亚数控,237687536.39,127.5420374344,469918725.77,197.7044033975,1140987.18,0.4800366049,-237024917.39,-99.7212226564,2025-10-30
2050,002812,恩捷股份,-42759958.02,94.8793306067,877327356.82,2051.7498085701,-862716582.43,-2017.5805177977,-90056087.7,-210.6084567667,2025-10-30
2051,002805,丰元股份,-58899316.21,83.710797096,18447786.68,31.3208842938,-76450605.57,-129.7987998662,-896476.47,-1.5220490282,2025-10-30
2052,002801,微光股份,-144391771.56,-385.4797365447,145814061.0,100.9850211163,-174540268.7,-120.8796504221,-113795025.0,-78.8099098519,2025-10-30
2053,002798,帝欧水华,219561544.68,1167.7525270358,170689204.77,77.7409382043,59900255.12,27.2817606595,-11101812.7,-5.0563557094,2025-10-30
2054,002795,永和智控,41050123.39,381.6937175621,47893148.85,116.6699266528,-44995861.99,-109.6120018021,33609098.99,81.8733202595,2025-10-30
2055,002792,通宇通讯,54568095.36,-70.2496443174,71006695.45,130.1249291945,-16766428.74,-30.7256990177,14577543.51,26.7144077759,2025-10-30
2056,002765,蓝黛科技,-201373664.61,-25.1423100817,27381188.14,13.5972040798,-282478997.85,-140.2760377813,55459632.69,27.5406582074,2025-10-30
2057,002763,汇洁股份,-167037336.44,-57.7309162419,97821075.47,58.5624014097,-11850763.56,-7.0946794367,-254598980.06,-152.4204022203,2025-10-30
2058,002757,南兴股份,23487545.72,-18.8322550814,380551342.49,1620.2260850352,-204347590.87,-870.0253032227,-152716205.9,-650.2007818125,2025-10-30
2059,002756,永兴材料,-1346916323.92,43.1795611879,464886249.12,34.5148574462,-1821665273.23,-135.2471004233,9008901.41,0.6688538293,2025-10-30
2060,002735,王子新材,-76766468.29,90.1858147586,-36227818.39,-47.192243172,6759539.08,8.8053276783,-50795238.45,-66.1685232908,2025-10-30
2061,002729,好利科技,32096675.72,93.0122365113,39636186.9,123.4900063975,-16524475.55,-51.4834486105,9434828.08,29.3950319413,2025-10-30
2062,002725,跃岭股份,74329226.08,731.424035869,28179780.34,37.9121132106,48219267.58,64.872554341,-3949364.74,-5.3133403215,2025-10-30
2063,002702,海欣食品,-66299743.07,36.6887108664,-84447101.36,-127.3716872037,8016291.31,12.0909839749,10052544.78,15.1622680791,2025-10-30
2064,002698,博实股份,642296329.72,117.4090468143,34277774.21,5.3367538664,865359410.55,134.7289982067,-257657808.89,-40.1150990544,2025-10-30
2065,002693,*ST双成,-16406355.16,-148.7070667067,32081773.07,195.5447919854,-51390022.73,-313.2324165168,2614710.4,15.9371802847,2025-10-30
2066,002688,金河生物,-68690452.24,-130.2074961134,364247585.56,530.2739662964,-213532547.37,-310.862049101,-218642201.14,-318.3007157619,2025-10-30
2067,002687,乔治白,-358120404.12,23.8197900364,-89664075.99,-25.0374105911,-274742520.64,-76.7179187444,6286192.51,1.7553293355,2025-10-30
2068,002685,华东重机,114294411.93,46.9133662359,-127417160.76,-111.4815314313,261560927.56,228.848395248,-17834292.31,-15.6038182522,2025-10-30
2069,002672,东江环保,-233535866.7,75.8949814304,81155739.13,34.7508672979,-330807577.75,-141.6517224632,16089720.86,6.8896144679,2025-10-30
2070,002671,龙泉股份,-162109535.92,-404.3422917272,145929519.7,90.0190842394,-234945114.13,-144.9298542474,-73093941.49,-45.089229992,2025-10-30
2071,002668,TCL智家,276127800.59,-67.4622209275,1929762472.57,698.8656949596,-1075272224.1,-389.4110704545,-664767415.3,-240.7462826559,2025-10-30
2072,002663,普邦股份,-201454909.28,-81.2052469926,-211244059.39,-104.8592263872,21722800.0,10.7829588654,-11917484.9,-5.9157083551,2025-10-30
2073,002662,峰璟股份,-35177159.87,-111.654449312,341091122.74,969.6380378647,-253468837.21,-720.5494648991,-122976805.92,-349.5927652331,2025-10-30
2074,002656,*ST摩登,-36400862.94,-143.1408480088,-206030097.48,-566.0033329968,37196551.47,102.1859056784,132983075.74,365.3294592472,2025-10-30
2075,002651,利君股份,-118912960.03,-202.4378197547,-64324251.34,-54.0935582831,10419955.25,8.762674184,-64681218.37,-54.3937501461,2025-10-30
2076,002647,*ST仁东,239607022.92,893.4722638805,22235565.35,9.2800140326,11781483.8,4.9170027057,205613656.16,85.8128671081,2025-10-30
2077,002645,华宏科技,-320509945.75,9.5975034058,-356994261.39,-111.3832085786,-210276540.83,-65.606869184,246570335.79,76.9306347773,2025-10-30
2078,002643,万润股份,366928090.71,-49.5742490646,981668430.64,267.5370067035,-365457631.69,-99.5992514454,-265562653.96,-72.374577113,2025-10-30
2079,002642,荣联科技,-14972723.34,94.6466936508,-341687257.49,-2282.0648570803,2318168.03,15.4826077886,324585147.82,2167.8430867207,2025-10-30
2080,002631,德尔未来,-491464527.31,50.9447644317,-138805386.98,-28.2432157901,-433811114.97,-88.2690592838,81150476.86,16.5119703154,2025-10-30
2081,002614,奥佳华,82618467.21,394.7122178773,-24292968.82,-29.4037999498,494624347.83,598.6849726621,-400802944.02,-485.1251270509,2025-10-30
2082,002612,朗姿股份,8018759.32,-94.4002586122,359208610.19,4479.6033383129,343524038.03,4284.0048481465,-699957849.46,-8729.0043450263,2025-10-30
2083,002600,领益智造,-2373977857.31,-773.4409265142,2296612307.33,96.7411006071,-6605454217.5,-278.2441376679,1951197914.33,82.1910747112,2025-10-30
2084,002598,山东章鼓,40274740.42,250.7968492539,126716659.84,314.6306059792,-51614707.52,-128.1565243667,-34450364.45,-85.5383897965,2025-10-30
2085,002596,海南瑞泽,-20942536.79,-252.8692872085,14304588.56,68.3039915529,25189640.48,120.2797957697,-60436765.83,-288.5837873225,2025-10-30
2086,002589,瑞康医药,-200028703.94,-241.7794513391,40576182.69,20.285180022,-127104968.35,-63.5433644504,-113499918.28,-56.7418155717,2025-10-30
2087,002583,海能达,277691621.9,210.2750451519,9329610.06,3.3597016706,249258536.56,89.7609135107,-10209053.37,-3.6763994895,2025-10-30
2088,002574,明牌珠宝,-126471285.56,64.450162211,-432135058.54,-341.6863018562,12431542.25,9.8295373491,293227399.63,231.8529445887,2025-10-30
2089,002561,徐家汇,-133638240.66,74.8671942578,36299168.15,27.1622613189,-115774769.93,-86.6329647549,-54162638.88,-40.529296564,2025-10-30
2090,002556,辉隆股份,106514024.55,945.0496191674,438420757.39,411.6084799558,267572406.64,251.208615739,-602253232.43,-565.4215348396,2025-10-30
2091,002553,南方精工,150852170.74,664.7913185133,81030003.64,53.714840988,85149650.0,56.4457571822,-16991278.8,-11.2635295314,2025-10-30
2092,002550,千红制药,-660739.15,-101.0581755129,291346733.72,44094.0624934969,-141502133.61,-21415.7332148398,-146429352.81,-22161.4464361617,2025-10-30
2093,002549,凯美特气,-233809880.29,28.9744430198,127834821.76,54.6746876571,-264785503.42,-113.2482096529,-96740895.96,-41.3758801981,2025-10-30
2094,002548,金新农,-54890738.65,82.1410159732,67880227.81,123.6642637346,-28031309.27,-51.0674659504,-94739657.19,-172.5967977842,2025-10-30
2095,002547,春兴精工,-3070822.24,87.6012020429,-43358631.55,-1411.9551104332,-106495295.43,-3467.9733018346,144763975.9,4714.176353627,2025-10-30
2096,002545,东方铁塔,954607019.75,137.9080669828,1452721513.42,152.1800576954,-82194934.45,-8.6103425545,-404147634.95,-42.3365454672,2025-10-30
2097,002529,*ST海源,3799081.9,135.9754368232,9466171.27,249.1699710396,6062363.44,159.5744340231,-11728975.87,-308.7318509769,2025-10-30
2098,002522,浙江众成,-185312711.38,-127.9404149481,68792485.08,37.122377935,-150205095.22,-81.0549336316,-104768274.93,-56.5359354735,2025-10-30
2099,002517,恺英网络,166540471.61,-6.321668642,1317139633.09,790.8826127108,-754128806.93,-452.820146142,-393521586.85,-236.291865302,2025-10-30
2100,002508,老板电器,-930908161.44,-15.8137840841,729194650.22,78.331534777,-724683270.28,-77.8469134011,-934845721.92,-100.422980552,2025-10-30
2101,002501,利源股份,-14051045.07,88.1092216736,-125199695.17,-891.0347561073,1357372.07,9.6602926205,109791278.24,781.3744649813,2025-10-30
2102,002500,山西证券,3011495033.0,-54.5580364091,3118574202.0,103.5556814083,-49312372.0,-1.6374714705,-51713111.0,-1.7171906456,2025-10-30
2103,002497,雅化集团,42633656.37,102.1576092618,-367371748.27,-861.6942095741,575837374.23,1350.6638258575,-238658451.02,-559.7888413529,2025-10-30
2104,002493,荣盛石化,8601789079.16,-47.5761210875,23646884991.31,274.9065894745,-24579421225.99,-285.7477787445,9528823580.57,110.7772289332,2025-10-30
2105,002492,恒基达鑫,-3488500.49,-104.6407702829,26435381.03,757.7863642496,-87782146.69,-2516.3289195926,57619674.32,1651.7032027133,2025-10-30
2106,002491,通鼎互联,102714771.04,226.093915186,156899311.43,152.7524326262,39435397.76,38.3931126563,-93770454.28,-91.2920832423,2025-10-30
2107,002483,润邦股份,724164888.29,546.8997036228,616970837.54,85.197563085,-183314575.2,-25.3139275549,44611487.55,6.1604046635,2025-10-30
2108,002466,天齐锂业,853928044.8,127.6920809754,2193061010.45,256.8203519962,-3143776488.09,-368.1547300424,1728911116.93,202.4656676237,2025-10-30
2109,002465,海格通信,-1268898532.55,-568.1669361199,-767258333.74,-60.4664844397,-1221061325.69,-96.2300211063,719238109.28,56.682082202,2025-10-30
2110,002456,欧菲光,454612489.13,-26.4112821761,202604973.14,44.5665215946,-374776827.07,-82.4387442121,628298800.54,138.2053541341,2025-10-30
2111,002453,华软科技,-49373909.31,28.9905949268,-49432513.88,-100.118695422,64281976.44,130.1942206691,-64445713.18,-130.5258467086,2025-10-30
2112,002446,盛路通信,-286454817.3,-20.2223722702,32477208.25,11.3376373126,-476776611.11,-166.4404235209,155798136.59,54.3883807082,2025-10-30
2113,002431,棕榈股份,-42085575.09,-117.0382973306,-36954297.82,-87.8075153802,-74528827.82,-177.0887712966,69472770.7,165.0750181064,2025-10-30
2114,002425,凯撒文化,-109189713.0,-98.8624283017,-14742451.69,-13.5016855388,-72958452.85,-66.8180644911,-21752289.15,-19.921555385,2025-10-30
2115,002421,达实智能,-756996667.61,-134.8818855144,-387541745.02,-51.1946434644,-278310332.85,-36.7650671077,-91144205.01,-12.0402386047,2025-10-30
2116,002413,雷科防务,-270446175.58,29.6279225976,-119312835.3,-44.1170355041,-98697954.68,-36.4944908052,-52409264.32,-19.3788151035,2025-10-30
2117,002408,齐翔腾达,122370097.44,-72.4158202569,945422070.43,772.5923981498,-751044464.92,-613.7483589798,-89094863.97,-72.8077086101,2025-10-30
2118,002401,中远海科,-256969633.01,36.2039758586,-219083655.75,-85.2566325382,14123114.87,5.4960248433,-52034211.73,-20.2491676236,2025-10-30
2119,002400,省广集团,-834318454.06,38.8683236339,-2079971871.73,-249.3019136288,5973710.3,0.7159988217,1238579089.66,148.4539966284,2025-10-30
2120,002379,宏桥控股,-50915326.37,-145.7687252147,-83735667.04,-164.4606310318,52532020.88,103.1752610172,-22975949.28,-45.1258018323,2025-10-30
2121,002377,国创高新,-89895631.34,-324.3866146984,-130743046.45,-145.4387098696,-2678217.8,-2.979252451,43525633.58,48.4179630658,2025-10-30
2122,002369,卓翼科技,-1969310.08,-171.6352846579,20629567.68,1047.5530435512,-15683162.52,-796.3785225738,-6149535.48,-312.268521979,2025-10-30
2123,002368,太极股份,-1157297003.21,-95.3377418605,-1808585676.72,-156.2767095831,-197403304.58,-17.0572725958,848691978.09,73.3339821788,2025-10-30
2124,002365,永安药业,-85570105.23,15.343145161,98664888.88,115.3029888356,-110081416.72,-128.6447135061,-76004051.88,-88.8207998292,2025-10-30
2125,002362,汉王科技,-64260281.28,43.0093106005,-214939318.84,-334.4823809648,-20129865.07,-31.3255165851,174268934.29,271.1922992224,2025-10-30
2126,002357,富临运业,-48539529.67,65.2156278468,69833330.05,143.8689878636,-70123162.4,-144.4660936699,-48249697.32,-99.4028941937,2025-10-30
2127,002349,精华制药,-292034423.49,-176.3039861794,224559700.16,76.8949418621,-476496188.5,-163.1643909665,-38695212.59,-13.2502230825,2025-10-30
2128,002314,南山控股,-1123255381.06,-100.5487394373,2183176396.79,194.361534661,-1005395683.67,-89.5073106813,-2301291606.51,-204.8769714629,2025-10-30
2129,002305,*ST南置,-85904565.5,93.1245409945,202767622.57,236.0382377698,119537907.75,139.1519845939,-408210095.82,-475.1902223637,2025-10-30
2130,002296,辉煌科技,-44426414.83,-146.4656067442,71239309.26,160.3534958484,-37749640.09,-84.9711601408,-77916084.0,-175.3823357076,2025-10-30
2131,002291,遥望科技,-194877477.72,17.3209865778,-53635844.65,-27.522854502,-72828057.19,-37.371202687,-68385822.02,-35.091701114,2025-10-30
2132,002275,桂林三金,116795462.57,0.491176607,431645188.97,369.5735942749,-135225907.07,-115.7801031773,-179660200.1,-153.8246402272,2025-10-30
2133,002267,陕天然气,-358104685.38,-449.3114188376,745779341.83,208.2573538625,-1062477864.62,-296.6947677584,-41406162.59,-11.5625861041,2025-10-30
2134,002266,浙富控股,-295981271.31,-196.9805616908,-1006266877.34,-339.9765373283,-87457308.33,-29.5482575444,805038061.7,271.9895276268,2025-10-30
2135,002229,鸿博股份,-324663693.59,-3.8029087476,-124959941.6,-38.4890408343,-116105600.71,-35.7618061404,-83598180.31,-25.7491619668,2025-10-30
2136,002228,合兴包装,88686578.29,417.7140260763,255163712.15,287.7140116012,-153890516.63,-173.5217657477,-13765117.17,-15.5210827111,2025-10-30
2137,002224,三力士,130088786.0,-44.8570048087,-63292951.6,-48.6536568955,-130358853.19,-100.2076022064,315266030.05,242.3468153896,2025-10-30
2138,002214,*ST大立,-83590728.57,-31.6611948025,-12233741.99,-14.6352857539,-49245968.41,-58.9131943847,-22019662.55,-26.3422306836,2025-10-30
2139,002212,天融信,-449468818.18,33.4348234423,-438997729.17,-97.6703413927,-219061626.4,-48.7378918269,208590537.39,46.4082332195,2025-10-30
2140,002199,*ST东晶,-6128184.09,60.2746747787,773393.88,12.6202781875,-4216608.28,-68.8068148423,-2681896.94,-43.7633220643,2025-10-30
2141,002197,证通电子,-21755458.85,73.8059798635,178606190.7,820.9718394425,-122046905.27,-560.9943973671,-78524518.21,-360.941677909,2025-10-30
2142,002193,如意集团,2274556.02,170.2440756133,1467849.34,64.5334442016,-385733.6,-16.9586326566,-75708.19,-3.3284821009,2025-10-30
2143,002191,劲嘉股份,156047471.81,145.7238407581,-31607027.7,-20.2547515403,227457800.29,145.7619259394,-47231746.64,-30.2675500552,2025-10-30
2144,002183,怡亚通,-560847114.0,-36.2515296885,509658715.0,90.8730208782,366144505.0,65.2841916915,-1434832008.0,-255.8330019329,2025-10-30
2145,002179,中航光电,-3628132306.61,-93.6748365084,-608426057.63,-16.769676688,-1162285913.23,-32.0353783988,-1864442876.12,-51.3885029144,2025-10-30
2146,002178,延华智能,-21994671.09,89.9637402267,-33648927.89,-152.9867291596,-45159092.4,-205.3183346785,56822890.64,258.3484445277,2025-10-30
2147,002170,芭田股份,-166842796.85,-232.5475891827,857303616.56,513.8391544292,-109322755.29,-65.5244082178,-914823676.9,-548.3147574675,2025-10-30
2148,002164,宁波东力,-38571482.84,63.0087138762,46010536.78,119.2864090055,-147215417.83,-381.6690647872,62012177.85,160.7720867441,2025-10-30
2149,002144,宏达高科,-204383886.8,32.4224264818,24988470.66,12.2262430034,-217209363.99,-106.2751899823,-11851713.74,-5.7987515188,2025-10-30
2150,002141,贤丰控股,-51300058.62,-9.7732244175,11736833.97,22.8787925116,-15058678.78,-29.354116126,-47867843.07,-93.3095289902,2025-10-30
2151,002134,天津普林,27021064.36,221.8764518406,83069690.65,307.4256792526,-162611128.21,-601.793941362,105083893.66,388.8962043093,2025-10-30
2152,002130,沃尔核材,-25838394.81,83.158408071,624581072.51,2417.2595747638,-703591016.69,-2723.0446080872,54957356.46,212.6964808152,2025-10-30
2153,002106,莱宝高科,-1945331344.52,-170.8722710369,151283102.14,7.7767267035,-2590353167.73,-133.157427141,484707496.97,24.9164492381,2025-10-30
2154,002104,恒宝股份,14032482.48,-97.2753567338,52881383.72,376.8498111105,15809021.92,112.6601935369,-52362702.76,-373.1535231534,2025-10-30
2155,002103,广博股份,66638729.68,148.8895006949,75308873.2,113.0106674627,-56193214.03,-84.3251579072,65124532.18,97.7277515534,2025-10-30
2156,002101,广东鸿图,-1752363383.11,-284.2246969586,-446258175.9,-25.4660751418,-1299057026.94,-74.1317148864,-12150770.95,-0.6933933377,2025-10-30
2157,002100,天康生物,887434272.1,9.6171331177,2350579030.51,264.8735917025,-242374265.56,-27.3117991022,-1220770492.85,-137.5617926003,2025-10-30
2158,002084,海鸥住工,123285161.22,-6.9847359157,145842364.5,118.2967707198,12563589.09,10.1906741782,-33428102.11,-27.1144570678,2025-10-30
2159,002082,万邦德,-72017540.09,50.1210012342,36573031.31,50.7835053298,-287768022.83,-399.5804667452,179098407.9,248.6872054727,2025-10-30
2160,002081,金螳螂,-951873385.96,32.0294978474,-619344845.67,-65.0658853168,257581451.25,27.0604741186,-580154849.32,-60.9487414899,2025-10-30
2161,002079,苏州固锝,-416143526.7,-329.4138167208,248400933.39,59.6911684197,-411476991.27,-98.8786235684,-265782930.14,-63.8680919171,2025-10-30
2162,002075,沙钢股份,-490637915.4,-143.5002306394,1975225540.37,402.5831429598,-2001613240.47,-407.9613861147,-462818479.62,-94.3299457896,2025-10-30
2163,002069,獐子岛,-36773867.35,32.3663372112,63749734.78,173.3560796673,-11618186.79,-31.5935952002,-90718036.0,-246.6915843704,2025-10-30
2164,002062,宏润建设,-204946799.45,25.9987041845,197367863.84,96.3019985526,-198529658.78,-96.8688749045,-203774420.61,-99.4279594299,2025-10-30
2165,002061,浙江交科,-980261615.41,69.7203860418,-790962454.49,-80.688914271,-549965977.86,-56.1040001174,361045776.8,36.8315734416,2025-10-30
2166,002058,*ST威尔,-19412322.36,46.0428702618,15416130.38,79.4141478495,-63875260.12,-329.0449176324,28741756.11,148.059338687,2025-10-30
2167,002055,ST得润,143639752.72,259.0499476639,-392306883.0,-273.1186009243,85888316.57,59.7942525962,444616182.11,309.5356081382,2025-10-30
2168,002051,中工国际,-8651314.0,99.568399452,676152872.49,7815.6089640256,-45755953.31,-528.890216099,-625656741.0,-7231.9273234101,2025-10-30
2169,002042,华孚时尚,-940795076.73,-108.0481132303,1622971720.11,172.5106519213,-609743825.52,-64.8115451071,-1948431014.34,-207.1047205213,2025-10-30
2170,002037,保利联合,-153379515.17,-8593.5363596575,-59300543.25,-38.6626227005,-107801518.2,-70.2841693563,14220156.41,9.2712226885,2025-10-30
2171,002034,旺能环境,35333890.73,-85.853192412,1177966341.16,3333.8144111026,-376612503.01,-1065.8676280171,-765499106.78,-2166.4727290563,2025-10-30
2172,002029,七匹狼,-158052128.58,45.810973257,-31136577.9,-19.7001952329,637872371.87,403.5835376599,-764713114.57,-483.8360112201,2025-10-30
2173,002027,分众传媒,2368128139.98,548.2462971441,5311219622.54,224.2792327355,2385420333.22,100.7302051332,-5317791795.62,-224.5567588106,2025-10-30
2174,002025,航天电器,-1331358219.75,-57.1888006724,-799995815.41,-60.088697658,-267540131.27,-20.0952776872,-264806536.42,-19.8899539201,2025-10-30
2175,002022,科华生物,7407317.01,100.9961073674,-24096981.35,-325.3132182337,-89058866.5,-1202.3093703127,121170122.91,1635.8166222185,2025-10-30
2176,002021,中捷资源,-168668.63,99.7176516789,1694568.26,1004.6730444185,5681379.84,3368.3678108964,-10062924.96,-5966.0915962856,2025-10-30
2177,002020,京新药业,146483747.88,113.6666659449,615483813.37,420.1720820758,514465812.65,351.2101650153,-981378371.85,-669.9571700295,2025-10-30
2178,002012,凯恩股份,-80785741.86,60.9871246343,50702641.14,62.761868583,-169383371.82,-209.66988471,37920393.66,46.9394633099,2025-10-30
2179,002007,华兰生物,327980779.38,319.2499787617,450628814.59,137.3948849813,736373293.07,224.5172093505,-859196666.44,-261.9655542206,2025-10-30
2180,001914,招商积余,-1766744774.57,5.802048946,-1206439170.77,-68.2859906046,-12446429.95,-0.7044837562,-547496372.82,-30.9889906398,2025-10-30
2181,001386,马可波罗,-1358740158.81,-79.6550538784,1520175783.0,111.8812727469,-2674229476.46,-196.816842361,-202272032.89,-14.8867339777,2025-10-30
2182,001366,播恩集团,-90987380.98,34.8597778532,-94128122.26,-103.4518427129,-64245962.11,-70.6097498554,67386703.39,74.0615925683,2025-10-30
2183,001326,联域股份,-103726669.43,59.8193390962,1604713.05,1.5470592653,-62913485.21,-60.6531430689,-53456639.08,-51.5360604691,2025-10-30
2184,001323,慕思股份,-210747067.19,80.9328620837,153960262.98,73.0545221971,-300461652.03,-142.5697904299,-62880181.67,-29.8368003448,2025-10-30
2185,001313,粤海饲料,-478027015.29,18.120167027,-416691746.47,-87.1690789729,-92846975.5,-19.422955718,31835407.35,6.6597506693,2025-10-30
2186,001298,好上好,195681938.29,159.7246063884,-409699953.82,-209.3703473096,81662633.58,41.732330686,525184678.97,268.3868953667,2025-10-30
2187,001289,龙源电力,-1561602908.21,-25.7095453282,15783858718.2,1010.7472671329,-17783771672.3,-1138.8152249719,467062253.03,29.9091561993,2025-10-30
2188,001287,中电港,-691329804.19,-209.0511327014,-5134072590.75,-742.6372419695,-39099294.36,-5.6556645067,4552208607.91,658.4713374601,2025-10-30
2189,001283,豪鹏科技,18191183.41,102.8514218084,380466659.58,2091.4893275764,-386373826.08,-2123.9620170483,25445385.73,139.877572319,2025-10-30
2190,001259,利仁科技,-152692187.72,-34.0970096713,14015387.88,9.1788506598,-153038869.98,-100.2270464948,-13668705.62,-8.951804165,2025-10-30
2191,001222,源飞宠物,-53562849.69,77.1459418944,16545694.8,30.8902436964,-53877550.44,-100.5875354874,-12326367.35,-23.0129043196,2025-10-30
2192,000998,隆平高科,6179316.35,100.7062049743,656025247.35,10616.4696900491,-327749133.39,-5303.9707764759,-308909775.83,-4999.0930765343,2025-10-30
2193,000989,九芝堂,-293536062.32,38.9170693693,310998522.11,105.9489998101,-377493117.97,-128.601956089,-227022110.31,-77.340449591,2025-10-30
2194,000985,大庆华科,76887080.94,-33.4373669189,118307104.06,153.8712389827,-32993455.62,-42.9115726812,-8426567.5,-10.9596663015,2025-10-30
2195,000983,山西焦煤,905967740.14,117.8954615659,4443680534.1,490.489929963,-1208757661.79,-133.4217111973,-2328955132.17,-257.0682187657,2025-10-30
2196,000978,桂林旅游,144244283.03,566.9615699836,107641689.75,74.6245795597,19336676.29,13.4055061898,17265916.99,11.9699142505,2025-10-30
2197,000973,佛塑科技,-246009644.3,-52.9100810765,148100770.42,60.201205055,-453892832.48,-184.5020481906,60664462.05,24.6593836687,2025-10-30
2198,000969,安泰科技,-654942839.48,-63.9985329267,203032737.73,31.0000698521,-213504576.63,-32.5989634148,-645787783.8,-98.6021595889,2025-10-30
2199,000967,盈峰环境,-1596803761.97,-69.4561998617,-1876927763.95,-117.5427944655,-1391043980.34,-87.1142724904,1669079618.73,104.5262829711,2025-10-30
2200,000937,冀中能源,-1769944993.42,-1070.2754148729,1122116510.54,63.3983832668,-2771965786.93,-156.6131036408,-120111824.59,-6.7861896859,2025-10-30
2201,000931,中关村,42928593.82,739.129694567,23256149.48,54.1740304318,-78673089.68,-183.2650051615,98345534.02,229.0909747297,2025-10-30
2202,000928,中钢国际,-1901663292.2,57.7016302083,-1211225236.89,-63.6929388004,-1937413.67,-0.1018799531,-705997648.24,-37.1252708687,2025-10-30
2203,000927,中国铁物,-181547440.43,35.9567075204,495137474.46,272.731729672,193251743.29,106.4469666068,-869655195.71,-479.0236610608,2025-10-30
2204,000925,众合科技,-535294334.63,-367.1727935773,-401880681.61,-75.0765804177,-354181146.65,-66.1656818944,222404539.98,41.5480840338,2025-10-30
2205,000911,广农糖业,-520381149.41,41.1017793581,-22619398.08,-4.3466982049,-62686717.26,-12.046308236,-435379521.4,-83.6655059265,2025-10-30
2206,000910,大亚圣象,-48185612.31,79.6559601948,-20074445.24,-41.6606623381,63972835.98,132.7633559338,-88857589.77,-184.4068914147,2025-10-30
2207,000903,ST云动,-111631285.18,60.9502784726,-425790337.8,-381.4256345015,-69308712.41,-62.0871759187,383466795.63,343.5119420256,2025-10-30
2208,000900,现代投资,-280442639.61,-184.386728852,2763584871.68,985.4367636545,-1770450695.7,-631.3058164629,-1273530253.27,-454.1143440388,2025-10-30
2209,000893,亚钾国际,45603798.83,182.6008512056,1405617117.83,3082.23690546,-1398375171.65,-3066.3567674763,44470664.28,97.5152628091,2025-10-30
2210,000887,中鼎股份,-168787637.36,-139.3784736137,1246851918.76,738.7104519395,-1465082939.27,-868.0037010917,-10129950.69,-6.0015951692,2025-10-30
2211,000882,华联股份,-361938394.37,-1105.482415022,411860246.0,113.7929140446,-87293696.6,-24.1183853269,-689997312.45,-190.6394356562,2025-10-30
2212,000860,顺鑫农业,-1016779259.73,-5.578131393,-819320848.62,-80.5800119131,-50049303.57,-4.9223371829,-147409107.54,-14.497650904,2025-10-30
2213,000856,冀东装备,-23547183.63,88.8703748493,-58954937.87,-250.3693808838,-1527729.76,-6.4879511028,36935484.0,156.8573319866,2025-10-30
2214,000831,中国稀土,114374792.62,117.6044897268,118384613.55,103.5058607217,93450752.14,81.705723787,-97460573.07,-85.2115845087,2025-10-30
2215,000830,鲁西化工,-23169923.8,-117.5101053956,3983209982.78,17191.2951339961,-1485691550.86,-6412.1555326824,-2528880829.75,-10914.4978273515,2025-10-30
2216,000828,东莞控股,-1132100617.5,-169.4829160806,1644248213.51,145.2386994666,-704197135.04,-62.2026986077,-2072150267.8,-183.0358747066,2025-10-30
2217,000818,航锦科技,-184965375.37,-161.0882248774,781036521.74,422.2609340681,-1079844897.21,-583.8092102643,113506797.3,61.3665109337,2025-10-30
2218,000801,四川九洲,261363524.79,504.3164142189,209463782.3,80.1426987443,119984303.81,45.9070575768,-67407866.26,-25.7908467963,2025-10-30
2219,000797,中国武夷,113508000.72,-41.198502036,-171090309.34,-150.7297355735,3420877.41,3.0137764636,291594558.36,256.8933965098,2025-10-30
2220,000793,*ST华闻,38500392.49,205.3057293511,-85499147.69,-222.0734443479,27818493.13,72.2550897039,96184627.38,249.8276541076,2025-10-30
2221,000790,华神科技,-49996410.49,-42.4888926465,-10340700.71,-20.6828862485,106681857.6,213.3790337235,-146337567.38,-292.696147475,2025-10-30
2222,000789,万年青,169620188.8,116.6191751804,415593509.22,245.0141767676,86767088.87,51.1537509089,-332740101.02,-196.1677459352,2025-10-30
2223,000782,恒申新材,-196872921.06,-21718.2945330972,-87683389.75,-44.538065102,-373004909.12,-189.4648116723,260890322.15,132.5171185277,2025-10-30
2224,000768,中航西飞,-9502563852.14,27.2673489488,-8229406087.19,-86.6019551696,-474523923.55,-4.9936409892,-791681909.73,-8.331245357,2025-10-30
2225,000767,晋控电力,1847651647.29,289.0755852895,1534159501.74,83.0329409762,-1945817869.85,-105.3130265493,2259310015.4,122.2800855732,2025-10-30
2226,000723,美锦能源,152642211.45,-81.2680653976,1577016204.48,1033.1455430968,-1843044267.8,-1207.4276507739,418661776.01,274.2765399119,2025-10-30
2227,000722,湖南发展,-16823274.03,93.1255567719,219786684.06,1306.4441776795,-231648144.18,-1376.9504304983,-4961813.91,-29.4937471811,2025-10-30
2228,000719,中原传媒,-308754335.53,55.6125508244,767281786.03,248.5088297507,-440585068.98,-142.6976136946,-635446916.01,-205.8098762951,2025-10-30
2229,000717,中南股份,397036299.31,227.8159958282,1286689378.25,324.0734866021,-538427103.88,-135.6115561262,-321372136.89,-80.942759503,2025-10-30
2230,000716,黑芝麻,-78192109.44,-45.0650654181,97076202.82,124.1508938885,12130087.44,15.5131860834,-187376675.78,-239.6362972197,2025-10-30
2231,000703,恒逸石化,-3723811435.83,-1036.3129838107,340161122.28,9.1347569054,-3864070660.21,-103.7665501274,-174113497.89,-4.6756797676,2025-10-30
2232,000676,智度股份,-43120805.51,-110.0676266451,-128205237.65,-297.3164256411,6364872.33,14.7605599077,81011490.43,187.8710044301,2025-10-30
2233,000663,永安林业,-63327644.87,47.5001351812,-11900773.7,-18.7923832071,-55270.28,-0.0872767022,-51371574.96,-81.120299145,2025-10-30
2234,000632,三木集团,-96809575.5,76.0905347556,-2184846.34,-2.2568494167,-2219804.59,-2.2929597393,-101662101.45,-105.0124441977,2025-10-30
2235,000631,顺发恒能,2411942918.69,428.24611095,73721314.62,3.0565115803,2366894108.76,98.1322605282,-28672504.69,-1.1887721085,2025-10-30
2236,000601,韶能股份,180074299.24,124.6371918343,485262315.01,269.4789412248,-161621601.45,-89.7527310294,-144010063.55,-79.9725802948,2025-10-30
2237,000591,太阳能,821849862.03,87.3090465639,3077833584.27,374.5007119266,-3053949667.86,-371.5945951876,796725633.36,96.9429661267,2025-10-30
2238,000590,古汉医药,-19590822.05,43.8603354109,33131727.89,169.1186199611,-64851050.76,-331.0277159095,12128500.82,61.9090959483,2025-10-30
2239,000573,粤宏远A,-8675039.45,-107.224704478,-48305963.05,-556.8385403711,164927426.37,1901.1720617593,-125296502.77,-1444.3335213882,2025-10-30
2240,000570,苏常柴A,-195015329.74,63.9304253244,-214915731.64,-110.2045320881,26957326.97,13.8231835446,-7056925.07,-3.6186514565,2025-10-30
2241,000567,海德股份,217031866.11,244.5788439397,1267421295.56,583.9793567077,-119912594.66,-55.2511466677,-930172532.89,-428.5879993395,2025-10-30
2242,000566,海南海药,-62692306.89,39.0882871362,25873667.52,41.2708812349,-105279617.53,-167.9306804178,16705533.95,26.6468643103,2025-10-30
2243,000560,我爱我家,-127495769.76,54.1861451973,2241393842.93,1758.0142832576,6120766004.31,4800.7600690061,-8489655617.0,-6658.7743522637,2025-10-30
2244,000557,西部创业,-206423235.65,-177.7588794037,323136222.44,156.5406246165,-453984145.34,-219.9288001229,-75575312.75,-36.6118244935,2025-10-30
2245,000553,安道麦A,-4264000.0,99.4145736025,2373860000.0,55672.138836773,-942083000.0,-22093.8789868668,-1408310000.0,-33027.9080675422,2025-10-30
2246,000551,创元科技,1819574.44,104.1864063112,323624908.01,17785.7470898525,-116053353.31,-6378.0492162772,-214290950.37,-11776.9817853674,2025-10-30
2247,000545,金浦钛业,-88130715.79,30.3816333966,-85106035.74,-96.5679615525,99002585.25,112.3360730281,-103519887.64,-117.4617574725,2025-10-30
2248,000544,中原环保,525184632.14,418.4832245253,-357001193.96,-67.9763214901,-740155170.8,-140.9323741603,1622340996.9,308.9086956504,2025-10-30
2249,000541,佛山照明,-453225170.57,9.774644671,41134245.61,9.0758961066,-138945796.94,-30.6571227642,-355806593.15,-78.5054794513,2025-10-30
2250,000533,顺钠股份,-83155658.04,-65.1264771661,140169637.47,168.5629586415,-27625441.27,-33.2213609045,-195388266.47,-234.9668935047,2025-10-30
2251,000516,国际医学,-305489233.7,40.8516466,921003855.55,301.4848819368,-147160133.41,-48.1719540907,-1079332955.84,-353.3129278461,2025-10-30
2252,000503,国新健康,-133454906.45,-36.9992500937,-182692908.18,-136.8948606235,-93190899.66,-69.8295043164,142621313.07,106.8685422393,2025-10-30
2253,000410,沈阳机床,1699085832.08,12083.6573238838,160904172.44,9.4700437966,-38213270.19,-2.2490488396,1575525665.94,92.7278443615,2025-10-30
2254,000333,美的集团,7518428000.0,171.0651317674,57066085000.0,759.016179978,18851353000.0,250.7352999856,-68843102000.0,-915.6581934415,2025-10-30
2255,000099,中信海直,204471529.83,29.9593385003,684263941.89,334.6499840144,-205890257.48,-100.6938509489,-274151492.58,-134.0780757145,2025-10-30
2256,000088,盐田港,-3948216423.63,-691.4458262353,246756422.28,6.2498200657,-1791730209.86,-45.380749625,-2403242636.05,-60.8690704407,2025-10-30
2257,000078,海王生物,-678321473.78,-100.7069738429,39703660.15,5.8532217665,-88830215.66,-13.0955924431,-629194559.17,-92.7575763839,2025-10-30
2258,000068,华控赛格,-42607591.61,83.007183926,250068468.82,586.9105935603,-26725495.94,-62.7247279889,-265950488.99,-624.1856883729,2025-10-30
2259,000066,中国长城,-403906655.19,-383.9863341059,-880138096.52,-217.9063120676,1177252297.52,291.4664273027,-696776102.72,-172.5091908655,2025-10-30
2260,000058,深赛格,-233617510.06,23.0847943616,53645853.11,22.9631131229,-263722292.47,-112.8863553088,-23541070.7,-10.0767578141,2025-10-30
2261,000021,深科技,2286714476.03,8266.4255138594,2033492584.88,88.9263878895,-1007465130.36,-44.0573207071,1100579858.38,48.1293082244,2025-10-30
2262,000017,深中华A,-38904538.97,-1.2558353765,-55013489.34,-141.4063520517,-20323.04,-0.0522382235,16541193.05,42.5173861147,2025-10-30
2263,000016,深康佳A,-603335563.56,78.9225283394,-1086328402.04,-180.0537657071,266169773.17,44.116373913,211223319.51,35.009260562,2025-10-30
2264,000011,深物业A,366344100.64,123.3190496218,-2375171150.41,-648.3443151563,-249064280.38,-67.986431321,2991829657.95,816.6719902745,2025-10-30
2265,000006,深振业A,-81306791.02,93.6025493807,501213858.32,616.4477186127,-34645548.4,-42.6108913725,-547875100.94,-673.8368272402,2025-10-30
2266,688819,天能股份,-1635162799.22,-3204.2373440771,2496611277.47,152.6827346281,-6058412811.53,-370.5082340682,1924930692.91,117.7210424447,2025-10-29
2267,688793,倍轻松,-16649242.52,67.2841004427,-28099557.89,-168.773791698,-3475610.67,-20.8754882742,14960759.28,89.858498139,2025-10-29
2268,688755,汉邦科技,319212312.05,446.8323055399,57531897.16,18.0230821269,-147847291.07,-46.3162871509,411973083.57,129.059271218,2025-10-29
2269,688695,中创股份,-100389623.9,-141.9040180616,-42014316.38,-41.8512538924,-36082709.25,-35.9426680251,-22292598.27,-22.2060780825,2025-10-29
2270,688690,纳微科技,-34378633.26,60.1264691428,52794048.56,153.5664555386,18147650.44,52.7875855411,-104886262.22,-305.0914253245,2025-10-29
2271,688689,银河微电,-82988941.55,13.543002638,26899203.29,32.4129971869,-80319814.0,-96.7837551604,-29112082.49,-35.0794719709,2025-10-29
2272,688681,科汇股份,-101123926.4,-38.3021619565,5266031.06,5.2075025639,-101804796.8,-100.6733029702,-4869312.68,-4.8151934496,2025-10-29
2273,688669,聚石化学,-19579726.22,-57.8892365649,160476330.6,819.6045685056,-134953892.96,-689.253217556,-48158867.83,-245.9629276165,2025-10-29
2274,688660,电气风电,-795579263.28,-113.48580744,-608732035.94,-76.5143165535,-332661310.29,-41.8137231127,144364394.99,18.1458217494,2025-10-29
2275,688657,浩辰软件,-55823013.92,31.8510705391,44320512.94,79.3946973259,-47688472.25,-85.4279783574,-51197801.13,-91.7145054249,2025-10-29
2276,688648,中邮科技,-470881557.97,9.6517993391,-105582993.67,-22.4224100271,-361196750.6,-76.7064975229,-3948563.16,-0.8385469962,2025-10-29
2277,688638,誉辰智能,179657637.77,1233.1184666033,59187200.78,32.9444389421,45735501.43,25.4570314948,75153078.47,41.8312738622,2025-10-29
2278,688627,精智达,-125006543.13,78.3858653603,-23896771.79,-19.1164167824,-63991670.82,-51.190657079,-36768537.57,-29.4132904161,2025-10-29
2279,688609,九联科技,-97468717.21,8.1266593011,278698889.5,285.9367574311,-240389138.14,-246.6320938872,-135799473.99,-139.3262144791,2025-10-29
2280,688582,芯动联科,-486351530.8,-88.9090872854,236787818.91,48.6865577498,-565913629.7,-116.3589695645,-157225549.25,-32.3275530749,2025-10-29
2281,688578,艾力斯,327445656.51,153.7039950827,1730339665.78,528.4356751659,-1039520309.41,-317.4634595827,-362533318.69,-110.7155680591,2025-10-29
2282,688577,浙海德曼,-93295917.47,-184.5250194927,86633818.31,92.8591739696,-73133180.29,-78.3884035585,-106770045.89,-114.4423558773,2025-10-29
2283,688573,信宇人,34723163.9,144.7762005022,-37023890.56,-106.6259130839,87715257.31,252.613090105,-15965876.82,-45.9804782363,2025-10-29
2284,688536,思瑞浦,-463210187.01,-2542.3733367171,127430255.88,27.510244691,-926677101.72,-200.0554235868,339539803.43,73.3014542754,2025-10-29
2285,688531,日联科技,50456413.17,118.4377525339,90538128.16,179.4382962874,-79645118.31,-157.8493462103,38884000.32,77.0645352633,2025-10-29
2286,688516,奥特维,21661457.96,-97.036943564,549091452.92,2534.877633509,97421951.56,449.7478966554,-622138528.28,-2872.0990499755,2025-10-29
2287,688485,九州一轨,-128901227.13,55.7978878027,-64047184.05,-49.6870243023,-56775899.22,-44.0460502077,-8078143.86,-6.2669254901,2025-10-29
2288,688439,振华风光,39142681.06,105.8235171128,83953153.23,214.4798234472,8294634.99,21.1907686581,-53105107.16,-135.6705921053,2025-10-29
2289,688435,英方软件,17404828.85,110.9728107595,-48877079.08,-280.8248187973,68620700.22,394.2624245914,-2173063.98,-12.4854084963,2025-10-29
2290,688433,华曙高科,-274305167.82,10.2534536637,-22914582.48,-8.3536823831,-234206121.37,-85.3815927827,-20514860.15,-7.4788456641,2025-10-29
2291,688420,美腾科技,-284610218.4,-2.8536451377,-31328580.6,-11.0075389338,-237984411.02,-83.6176622041,-15282303.43,-5.3695554277,2025-10-29
2292,688410,山外山,-139101243.88,-424.0167729812,166248249.28,119.5160047766,-270280306.26,-194.304737126,-33943174.9,-24.4017766867,2025-10-29
2293,688392,骄成超声,-151258572.08,67.8569181887,33736843.61,22.304087065,-207805656.16,-137.3843831146,22012008.68,14.552569403,2025-10-29
2294,688389,普门科技,-261200449.62,-160.0956682233,169895087.06,65.0439489316,-49900405.55,-19.1042571414,-376092710.89,-143.9862417684,2025-10-29
2295,688385,复旦微电,-16962408.59,94.1340830964,419104875.58,2470.7863470939,-194328931.46,-1145.6446791086,-235791824.91,-1390.0845723585,2025-10-29
2296,688380,中微半导,123329490.72,116.6785850838,224475064.8,182.0124801372,-86038564.66,-69.763171937,-14725050.33,-11.9396019914,2025-10-29
2297,688369,致远互联,-299053178.59,21.4861979932,-254365580.76,-85.0569727964,-39348614.16,-13.1577314595,-5338970.73,-1.7852914171,2025-10-29
2298,688363,华熙生物,59951259.66,115.8494628775,308759031.13,515.0167534111,-171773949.21,-286.5226688883,-88058867.47,-146.8840987986,2025-10-29
2299,688333,铂力特,-165046284.39,89.6672683055,-206750350.74,-125.2681037347,-478518140.24,-289.9296654927,518871230.06,314.3792251838,2025-10-29
2300,688332,中科蓝讯,50280010.61,103.7973742886,-16265156.71,-32.3491513082,405326063.36,806.1375851806,-338780896.04,-673.7884338724,2025-10-29
2301,688327,云从科技,-97173310.25,36.1808776124,31258581.22,32.1678670198,-162038537.87,-166.7521024581,33606646.4,34.5842354382,2025-10-29
2302,688326,经纬恒润,-701752664.38,61.4806055701,-313070704.77,-44.6126848762,-676495808.19,-96.4008891634,293207686.31,41.7821978017,2025-10-29
2303,688325,赛微微电,30831841.4,153.7640512792,-12035978.26,-39.0374940758,46719217.49,151.5291184976,-3506759.26,-11.3738236212,2025-10-29
2304,688309,恒誉环保,29159436.42,172.9172477853,59586701.04,204.3479173662,-34191269.44,-117.2562766561,5456765.62,18.713549677,2025-10-29
2305,688299,长阳科技,16854022.3,-10.6613221783,194951534.02,1156.7062778836,-125634653.48,-745.4283093004,-51156571.67,-303.527376192,2025-10-29
2306,688292,浩瀚深度,38536578.06,115.3803119662,-19693871.32,-51.1043593163,-274227932.7,-711.6042640658,332458382.08,862.7086233821,2025-10-29
2307,688288,鸿泉技术,-60562924.64,-242.8446223785,28054764.37,46.3233315378,-75834917.23,-125.2167356197,-12782366.95,-21.1059274729,2025-10-29
2308,688283,坤恒顺维,111858621.77,177.0484770772,13330826.08,11.9175668974,130446788.29,116.6175536815,-31918992.6,-28.5351205789,2025-10-29
2309,688281,华秦科技,87251775.03,122.3068089986,251479279.49,288.2225369095,-107912574.95,-123.6795181678,-56314929.51,-64.5430187416,2025-10-29
2310,688279,峰岹科技,-65942247.62,83.5704581687,175998031.32,266.8972285176,-2465387521.44,-3738.7071421149,2219995964.62,3366.5761249343,2025-10-29
2311,688269,凯立新材,-157631852.19,-88.2252006682,-82074845.54,-52.0674244448,-105208417.06,-66.7431205041,29651410.4,18.8105449426,2025-10-29
2312,688262,国芯科技,-115484052.45,80.1245922776,147877971.12,128.0505558844,-249574281.14,-216.1114680731,-13752443.89,-11.9085220844,2025-10-29
2313,688255,凯尔达,42362417.11,119.1181561555,38744365.61,91.4592892785,10793989.7,25.4801081628,-6135691.7,-14.4838092786,2025-10-29
2314,688231,隆达股份,70839683.68,622.8965970093,47277502.23,66.7387257735,-169671277.04,-239.5144475891,150271658.65,212.1292061789,2025-10-29
2315,688229,博睿数据,-25186366.7,75.2906515393,-52439509.56,-208.2059321403,-1767229.13,-7.0166100218,29022701.79,115.2317924046,2025-10-29
2316,688226,威腾电气,-289453278.42,-473.9282832825,-99976681.86,-34.5398339952,-646816660.67,-223.4615079161,458423620.09,158.3756876385,2025-10-29
2317,688225,亚信安全,-1790787332.08,-750.5035239202,-1177399894.51,-65.7476113114,102512212.46,5.724421355,-714132709.97,-39.8781417077,2025-10-29
2318,688217,睿昂基因,-21961958.45,10.4768579433,26861231.93,122.3079990391,-30164097.45,-137.3470290397,-18199331.59,-82.867525824,2025-10-29
2319,688212,澳华内镜,67129931.95,167.3955517772,-98694502.97,-147.0201147284,17160147.57,25.5625874651,148073526.96,220.5775019559,2025-10-29
2320,688209,英集芯,35750009.56,121.5257128512,26938532.06,75.3525170806,-20948832.22,-58.598116414,29974902.12,83.8458576345,2025-10-29
2321,688207,格灵深瞳,-180949809.42,51.197604215,-165684781.75,-91.5639437704,-5029257.34,-2.7793659226,-10235770.33,-5.656690307,2025-10-29
2322,688183,生益电子,271797154.55,663.9654353162,807562731.6,297.1196416449,-1156729414.33,-425.5855497255,625640402.61,230.1865167227,2025-10-29
2323,688181,八亿时空,57725466.78,171.2372171894,-36856274.12,-63.8475116372,-141617368.37,-245.3291004293,236892485.89,410.3777744974,2025-10-29
2324,688180,君实生物,282993583.57,121.70516154,-343410268.17,-121.3491358489,-908789645.64,-321.1343643116,1542571317.86,545.0905629733,2025-10-29
2325,688177,百奥泰,-91566890.47,-164.4430608319,-37992677.01,-41.4917191301,-63794866.19,-69.6702332716,9496421.75,10.3710213389,2025-10-29
2326,688162,巨一科技,-430766113.84,-9.8358806303,197931476.91,45.9487110408,-685378764.33,-159.1069358312,58933195.86,13.6810194596,2025-10-29
2327,688123,聚辰股份,322947337.76,230.9052223567,302488312.71,93.6649036366,66808802.34,20.6872125974,-42276327.73,-13.0907806899,2025-10-29
2328,688110,东芯股份,-304700329.65,54.9308986482,-167804097.59,-55.0718464213,-143054714.93,-46.9493141325,7750460.84,2.5436338874,2025-10-29
2329,688107,安路科技,-20938097.55,63.7386899684,-90883913.42,-434.0600343607,79955454.19,381.8658977926,-9996293.88,-47.7421306121,2025-10-29
2330,688101,三达膜,-43457742.23,64.7180039911,147219383.11,338.7644538247,-159352766.41,-366.6844116444,-30835318.53,-70.9547181876,2025-10-29
2331,688049,炬芯科技,-177098216.36,-524.665360823,228332558.44,128.9299029279,-342713712.99,-193.5161855574,-61842195.19,-34.9197165624,2025-10-29
2332,688047,龙芯中科,-319559835.24,-6.6695174614,-446631747.17,-139.7646693723,108044993.56,33.8105674259,19026918.37,5.9541019464,2025-10-29
2333,688039,当虹科技,-18142138.13,89.9963685506,2726162.54,15.0266882573,-35658603.69,-196.5512743563,14827764.64,81.7310756524,2025-10-29
2334,688036,传音控股,3454283246.11,243.6364792681,3284911327.23,95.0967564958,3125619156.72,90.48531733,-2889417754.11,-83.6473892917,2025-10-29
2335,688022,瀚川智能,-124827827.12,-175.0538442137,-49087785.19,-39.3243929038,-34883103.05,-27.9449733724,-43652451.8,-34.9701287022,2025-10-29
2336,688019,安集科技,54883411.1,-75.0585912908,275311764.95,501.6302001499,-845699371.95,-1540.9016221843,631540833.06,1150.6953019179,2025-10-29
2337,688015,交控科技,-458107785.96,-25.4858899912,-380046687.46,-82.960102209,20204156.49,4.4103499458,-98298149.56,-21.4574282675,2025-10-29
2338,688009,中国通号,-2896558348.87,-4.7238171405,-3750436480.8,-129.4790585615,-1106296060.99,-38.1934671339,1956473067.09,67.5447490244,2025-10-29
2339,605599,菜百股份,546851138.95,10093.907575128,1757757152.73,321.4324754091,-575021364.91,-105.1513517946,-635884648.87,-116.2811236145,2025-10-29
2340,605566,福莱蒽特,31769619.12,103.7276079166,141705251.13,446.0401322243,2026050.73,6.3773214351,-111731241.29,-351.6921020298,2025-10-29
2341,605398,新炬网络,-98424446.38,57.5162139752,72788745.46,73.9539292697,-153686702.88,-156.1468807116,-17495960.0,-17.7760308983,2025-10-29
2342,605337,李子园,-43508366.68,87.2320107911,316967669.4,728.5211870426,-328049624.1,-753.9920459731,-32426411.98,-74.5291410696,2025-10-29
2343,605318,法狮龙,45049964.17,175.2565518901,6819522.64,15.1376871561,144341846.85,320.4039104345,-106109440.89,-235.5372370322,2025-10-29
2344,605300,佳禾食品,-80829788.22,74.2582028971,1183970.27,1.4647697292,-866928958.37,-1072.5364713445,787395605.39,974.1403790975,2025-10-29
2345,605299,舒华体育,-90377896.47,27.7896340886,-6893368.94,-7.6272730493,-13776576.95,-15.2433033829,-71469853.79,-79.0789082082,2025-10-29
2346,605289,罗曼股份,131288868.29,136.238241576,-130113136.3,-99.1044693999,-3089373.19,-2.3531112959,253717493.56,193.2513371961,2025-10-29
2347,605222,起帆电缆,-1070226556.2,35.2967689714,-1177738833.35,-110.0457493348,-352137424.77,-32.9030729737,461505667.82,43.1222403468,2025-10-29
2348,605196,华通线缆,-68703144.53,-123.9248765203,90586807.27,131.8524907262,-782023114.25,-1138.2639318765,636705190.23,926.7482508781,2025-10-29
2349,605122,四方新材,44026573.39,144.3904841151,160843616.49,365.333034359,-8121686.89,-18.4472382578,-108695356.21,-246.8857961012,2025-10-29
2350,605089,味知香,-184335840.55,67.6637365985,131387178.47,71.2759808825,-246367833.29,-133.6516179138,-69355185.73,-37.6243629687,2025-10-29
2351,605077,华康股份,-67886311.09,96.0501410334,334074436.24,492.1086900673,-573019145.88,-844.0864390471,166865794.3,245.8018290002,2025-10-29
2352,605033,美邦股份,34257822.19,119.5663108494,67226904.44,196.2381148082,-101779583.21,-297.0988133616,68810500.97,200.8606985825,2025-10-29
2353,605001,威奥股份,-113238950.31,45.8436955865,-120249396.21,-106.1908432397,-91357569.26,-80.6768068848,94636999.71,83.572833774,2025-10-29
2354,603999,读者传媒,-264983950.13,-58.9221255831,-24115494.35,-9.1007377383,-204219385.6,-77.0685867955,-36642848.91,-13.8283276749,2025-10-29
2355,603986,兆易创新,501604068.08,-76.0065590871,1795645619.05,357.9806730681,-1041286068.48,-207.5912327557,-180448276.01,-35.974244926,2025-10-29
2356,603980,吉华集团,210718113.06,-20.8635967296,61737405.97,29.2985757482,186704355.38,88.6038474191,-52400186.95,-24.8674336482,2025-10-29
2357,603970,中农立华,-157261924.14,31.8540690889,-1564493581.15,-994.833040296,1004039529.63,638.4504927818,411021369.3,261.3610201883,2025-10-29
2358,603969,银龙股份,70116011.21,95.5108937845,69940457.29,99.7496236352,-39649719.22,-56.548737636,37255936.59,53.1347062491,2025-10-29
2359,603960,克来机电,-20665899.7,-255.8242982707,23634843.24,114.3663889939,-19482573.0,-94.2740131464,-24868890.57,-120.337807359,2025-10-29
2360,603927,中科软,-1822167258.75,-64.2923836642,-1471064710.89,-80.731596061,-11795923.4,-0.6473567859,-338491355.56,-18.5763054371,2025-10-29
2361,603920,世运电路,-250876831.86,-255.3713197449,787371829.01,313.8479640278,-1134343081.22,-452.1513895125,72241921.18,28.7957722698,2025-10-29
2362,603916,苏博特,44493067.67,112.3460378626,179483670.22,403.396932644,-874200278.6,-1964.801090102,740179412.7,1663.5836804732,2025-10-29
2363,603896,寿仙谷,-173596739.53,-246.7536286668,143934561.17,82.9131708117,-248258120.35,-143.0085156105,-69273180.35,-39.9046552012,2025-10-29
2364,603883,老百姓,128539174.0,838.6899764734,2156817724.0,1677.9458408532,-182890575.0,-142.2839196088,-1845387975.0,-1435.6619212443,2025-10-29
2365,603878,武进不锈,-49199206.83,19.5353762732,258602519.74,525.6233512739,-251529938.82,-511.2479550516,-56271787.75,-114.3753962222,2025-10-29
2366,603869,ST智知,-193021499.67,-6127.2651997202,94673964.0,49.0484035001,-280466944.01,-145.3034737009,-7228519.66,-3.7449297992,2025-10-29
2367,603867,新化股份,-148972361.93,15.6230263237,157492947.92,105.7195750135,-281079498.87,-188.6789571089,-27789837.54,-18.6543578822,2025-10-29
2368,603856,东宏股份,-102615501.67,25.4520211634,99246795.68,96.717156828,131293671.56,127.947210142,-333155968.91,-324.66436697,2025-10-29
2369,603823,百合花,-134786845.96,-230.8564741911,127665240.16,94.7163940596,-152094665.41,-112.8408817097,-113677537.78,-84.3387475761,2025-10-29
2370,603815,交建股份,-206301825.07,60.8558098617,-294935854.67,-142.9632794426,32102611.61,15.5609925405,56531417.99,27.4022869021,2025-10-29
2371,603788,宁波高发,177715831.35,196.224913207,101926003.93,57.3533619125,263601992.46,148.3278053832,-187875762.74,-105.7169534716,2025-10-29
2372,603767,中马传动,4904011.3,-93.922239045,83998801.59,1712.8590545866,-17409028.74,-354.995689753,-61726300.0,-1258.6900034264,2025-10-29
2373,603766,隆鑫通用,1317806659.2,198.0823450222,2667526437.3,202.4216844464,738270468.7,56.022669452,-2119881273.12,-160.8643618789,2025-10-29
2374,603755,日辰股份,-48646778.33,-218.0247561493,55565413.09,114.2221848959,-95751072.98,-196.8292172001,-8463410.67,-17.3976796831,2025-10-29
2375,603739,蔚蓝生物,-37405851.28,-193.6173517115,33756771.81,90.2446292622,-41512715.18,-110.9792018079,-29649907.91,-79.2654274543,2025-10-29
2376,603729,龙韵股份,-11828442.2,33.0069000404,-861411.84,-7.2825468091,-11346537.6,-95.9258827845,379507.24,3.2084295935,2025-10-29
2377,603728,鸣志电器,51900757.44,-76.303774,111367991.63,214.5787405102,-146527953.65,-282.3233433913,83535048.89,160.9515024642,2025-10-29
2378,603713,密尔克卫,126887088.72,26.7720524509,940032804.62,740.8419675341,-871283507.25,-686.6604916538,58978735.05,46.4812737411,2025-10-29
2379,603701,德宏股份,-84327542.23,-249.7483897925,-73385862.76,-87.0247855201,-85281881.55,-101.1317053655,74318605.13,88.1308800953,2025-10-29
2380,603693,江苏新能,-47101936.46,-111.3341221278,917945947.58,1948.849700393,-480208151.65,-1019.5082999566,-484837146.58,-1029.3359106196,2025-10-29
2381,603683,晶华新材,78471875.55,157.8050692598,65536328.37,83.5156900618,-70139873.47,-89.3821805308,84572341.8,107.7740798308,2025-10-29
2382,603680,今创集团,20146954.46,109.3402331591,185430090.95,920.3877008714,448812102.63,2227.6920490443,-610618821.76,-3030.8244502777,2025-10-29
2383,603661,恒林股份,-115526452.2,-735.7891173681,597457228.69,517.1605440247,-51676899.33,-44.7316595861,-654040153.32,-566.1388719769,2025-10-29
2384,603626,科森科技,-36869319.63,37.4765730936,183817844.67,498.5658713388,-53205391.16,-144.308036313,-178361200.28,-483.7659117931,2025-10-29
2385,603602,纵横通信,4276752.0,103.7483242997,-226032977.34,-5285.155120989,-48499093.86,-1134.016979708,278792029.34,6518.7794227956,2025-10-29
2386,603601,再升科技,274997863.4,23.6263953694,260659482.01,94.786002621,26820190.35,9.7528722654,-14793120.58,-5.3793583692,2025-10-29
2387,603589,口子窖,-1164914961.53,-634.3014875808,-390405437.51,-33.5136426609,67337290.62,5.7804468861,-841846814.64,-72.2668042253,2025-10-29
2388,603585,苏利股份,-29405047.84,96.0358848537,352156222.01,1197.604655929,-396985789.47,-1350.0600020449,15682350.37,53.3321709093,2025-10-29
2389,603583,捷昌驱动,-89958991.65,-158.233228708,456851203.87,507.8438469469,-585110117.54,-650.4187150257,40214257.57,44.7028772026,2025-10-29
2390,603535,嘉诚国际,-171439462.25,-745.6266395711,157643441.46,91.9528324407,-358880127.54,-209.333442155,30091473.45,17.5522444221,2025-10-29
2391,603518,锦泓集团,-424537393.39,-191.4116094176,142016235.0,33.4519967407,-115045547.31,-27.0990374703,-451876140.16,-106.4396557749,2025-10-29
2392,603517,ST绝味,-75431556.15,20.4359942487,602379574.71,798.5776847983,-424185573.71,-562.3449857862,-256009361.14,-339.3929201605,2025-10-29
2393,603515,欧普照明,467787392.54,113.5594015304,182187183.38,38.9465783571,1019049557.02,217.8445963425,-735606378.65,-157.2522881935,2025-10-29
2394,603506,南都物业,-285742223.01,-129.2497723952,-130238377.66,-45.5789754444,-228503697.48,-79.9684747578,72999852.13,25.5474502022,2025-10-29
2395,603505,金石资源,106085674.99,-39.5841780596,462233702.32,435.7173599202,-505473769.56,-476.4769320718,149268648.95,140.7057540654,2025-10-29
2396,603501,豪威集团,1551539587.59,633.3704106126,2676153376.81,172.483731528,-1771038238.08,-114.1471511424,762324520.36,49.133423759,2025-10-29
2397,603444,吉比特,1693130161.59,1059.4779765119,1859020368.12,109.7978413174,593013519.34,35.0246858034,-734944927.81,-43.4074676881,2025-10-29
2398,603416,信捷电气,-52216657.71,-179.4591167645,-6362825.83,-12.1854329807,-288993919.13,-553.4515838509,242837681.74,465.0578807412,2025-10-29
2399,603406,天富龙,-224695092.11,-264.3210041027,358598656.71,159.5934532181,-1454513108.24,-647.3274937078,870911752.94,387.5971409797,2025-10-29
2400,603386,骏亚科技,52183618.79,357.233887449,278710176.86,534.0951496323,-178389927.99,-341.8504353021,-47679411.13,-91.3685410011,2025-10-29
2401,603367,辰欣药业,-473019082.87,-27.4225254909,594880141.31,125.7623979355,-911036491.71,-192.6003674487,-156148856.71,-33.0111114678,2025-10-29
2402,603365,水星家纺,-179697342.0,65.4881818324,7612756.41,4.2364323953,66708270.62,37.1225694702,-253801866.19,-141.2385199276,2025-10-29
2403,603355,莱克电气,1974364558.03,772.0413706625,592977576.65,30.0338442684,368495862.6,18.6640233741,1061640936.0,53.771271961,2025-10-29
2404,603348,文灿股份,-110498036.24,-128.4806300031,154102283.0,139.4615580908,-427929006.82,-387.272951974,144563217.37,130.8287660932,2025-10-29
2405,603345,安井食品,2217290910.54,188.1867145459,1070130041.95,48.2629517337,-876484785.33,-39.5295349457,2039216543.26,91.9688315848,2025-10-29
2406,603341,龙旗科技,1388843686.84,35.5500155468,915761720.57,65.9369898317,-289867852.26,-20.8711646247,781535897.45,56.2724160289,2025-10-29
2407,603321,梅轮电梯,-227598432.5,-95.3428237981,-56311740.51,-24.7417084079,-348366429.66,-153.0618756173,177486891.11,77.9824751693,2025-10-29
2408,603319,美湖股份,69381742.32,-79.7409992146,158815925.55,228.9016104806,5362908.41,7.7295672185,-97624277.31,-140.706004268,2025-10-29
2409,603312,西典新能,-21388205.75,-109.9565008183,14108614.11,65.9644585194,52374131.82,244.8738918644,-87758298.06,-410.3116413119,2025-10-29
2410,603311,金海高科,169380631.72,2887.4099104718,99666910.19,58.8419757194,78191404.8,46.1631321161,-15676842.43,-9.2553925858,2025-10-29
2411,603306,华懋科技,-159562942.97,-56.0002034136,194599279.67,121.9576902054,-408828073.84,-256.2174313348,52029539.25,32.6075329782,2025-10-29
2412,603288,海天味业,-2770095057.86,53.7305585988,3148278631.61,113.6523680903,-10335381166.33,-373.1056498225,4387711408.08,158.3956982137,2025-10-29
2413,603285,键邦股份,-154924504.04,-53.8051691264,152739996.16,98.589953285,-278695907.53,-179.8914311567,-28621523.5,-18.4744974188,2025-10-29
2414,603280,南方路机,-161323511.38,-7.563335238,65604297.89,40.6662967653,-197359912.07,-122.3379719309,-29652547.42,-18.3807971735,2025-10-29
2415,603277,银都股份,-585919301.27,-1387.6864343044,339562118.3,57.9537348512,-824564691.11,-140.7300782416,-109374722.14,-18.6671990329,2025-10-29
2416,603271,永杰新材,157321097.1,416.2234344464,279701547.42,177.7902344796,-346442063.21,-220.2133531969,223730152.84,142.2124285707,2025-10-29
2417,603257,中国瑞林,430464792.67,282.8241055835,-11960563.68,-2.778523095,-30709147.23,-7.1339509648,471942455.77,109.6355529665,2025-10-29
2418,603255,鼎际得,-30136918.61,93.1604540959,-132611761.71,-440.0309249466,-2194426192.95,-7281.5214499795,2296664911.09,7620.7688676172,2025-10-29
2419,603238,诺邦股份,27708557.42,115.7997250353,324197165.33,1170.0254200025,-265595549.46,-958.5325769009,-34026019.33,-122.7996781436,2025-10-29
2420,603217,元利科技,-366422993.82,-155.7043074085,4608869.59,1.2578003203,-488930155.79,-133.4332626599,116615770.85,31.8254511362,2025-10-29
2421,603211,晋拓股份,-54580117.81,-211.3223231298,61671515.03,112.9926381703,-70045159.52,-128.3345700422,-49632280.11,-90.934725137,2025-10-29
2422,603210,泰鸿万立,70385016.68,578.1506072218,45791152.52,65.0580971348,-407804882.99,-579.3916123428,432398747.16,614.3335152222,2025-10-29
2423,603201,常润股份,-30295112.98,73.9774753951,154842936.92,511.1152317611,-129162512.57,-426.3476840481,-67128498.92,-221.5819395172,2025-10-29
2424,603192,汇得科技,60057179.57,129.1453040486,187328544.63,311.9169863974,-112864870.57,-187.9290226049,-14496048.64,-24.1370786037,2025-10-29
2425,603187,海容冷链,216708408.93,6.290807225,540284768.25,249.3141687107,-96327568.78,-44.450314252,-224480703.63,-103.5865219713,2025-10-29
2426,603181,皇马科技,75835104.94,277.3749837876,328139327.14,432.7010919278,-163876033.85,-216.0952160344,-91059483.47,-120.0756345522,2025-10-29
2427,603173,福斯达,470220259.13,203.8580881285,905522980.02,192.5742165375,-365369380.03,-77.7017520908,-79208250.0,-16.8449250031,2025-10-29
2428,603137,恒尚节能,-89374567.72,56.885645742,-220463255.81,-246.6733674178,167958757.29,187.9267912279,-36870069.2,-41.2534238101,2025-10-29
2429,603131,上海沪工,-382703680.92,-57.9755861106,26526001.44,6.9312114731,-340420024.75,-88.9513327731,-70685617.07,-18.4700645941,2025-10-29
2430,603128,华贸物流,-268145510.43,48.8819018788,-277748409.33,-103.5812268065,-94124948.5,-35.1021907281,80085012.87,29.8662516264,2025-10-29
2431,603115,海星股份,11637262.42,118.8464487026,62130660.77,533.8941284268,-245007773.51,-2105.3729362408,193743269.77,1664.8526326693,2025-10-29
2432,603110,东方材料,8855422.51,112.5533136671,9442738.65,106.6322768827,9474020.46,106.9855272213,-10061336.6,-113.6178041041,2025-10-29
2433,603107,上海汽配,-228974022.07,19.4588218497,81275868.01,35.4956720746,-89246787.67,-38.9768179216,-218134118.1,-95.2658804383,2025-10-29
2434,603106,恒银科技,-93442195.99,-61.7765926206,-70179466.31,-75.1046843093,-37860906.1,-40.5179969273,14584401.11,15.6079391708,2025-10-29
2435,603100,川仪股份,-35299665.9,89.9110690042,291978585.83,827.1426326162,63338761.2,179.4316166601,-390287867.0,-1105.6418157204,2025-10-29
2436,603099,长白山,79063148.9,-4.9099218773,216303944.5,273.583771339,-113803392.4,-143.9398682994,-23437403.2,-29.6439030396,2025-10-29
2437,603096,新经典,75700810.56,213.0428894131,-99312799.54,-131.1911970365,308367094.96,407.3497927946,-133347671.05,-176.1509157743,2025-10-29
2438,603086,先达股份,-75126362.81,64.0526217416,-129673773.47,-172.6075489611,-260118632.29,-346.2414824312,308472562.01,410.6049467484,2025-10-29
2439,603085,天成自控,-15748522.71,-141.9961641729,287569720.92,1826.0107707588,-125334228.57,-795.8475272758,-176252701.61,-1119.1697459857,2025-10-29
2440,603077,和邦生物,-47467513.66,91.1820214394,310136527.38,653.3658569131,-783711438.39,-1651.0480072825,447894221.34,943.5805392045,2025-10-29
2441,603072,天和磁材,-372273659.14,-773.2377597483,-93151433.94,-25.0223005719,-34953590.68,-9.3892194148,-244620799.94,-65.7099405059,2025-10-29
2442,603069,海汽集团,63789068.81,269.6886237012,94032765.77,147.4120370844,-141414755.0,-221.6912045247,110951912.22,173.9356198324,2025-10-29
2443,603065,宿迁联盛,38038898.64,-53.0280909705,102989764.61,270.7485450215,-54047063.9,-142.0836718,-10537382.89,-27.7015982763,2025-10-29
2444,603061,金海通,-125042288.28,-145.0875948006,49951017.31,39.9472994273,-214354148.19,-171.4253242951,40171806.84,32.1265768506,2025-10-29
2445,603039,泛微网络,-135020443.82,35.2307442784,23786583.86,17.6170239017,-136519906.41,-101.1105448535,-22041902.54,-16.3248630477,2025-10-29
2446,603037,凯众股份,273085439.66,2048.9264386133,111508129.91,40.8326895966,-133551928.33,-48.9048147335,296572622.9,108.6006721081,2025-10-29
2447,603031,安孚科技,126102631.97,-74.3503844365,810413478.86,642.6618272748,163761003.73,129.8632718221,-841357402.9,-667.2005094233,2025-10-29
2448,603022,新通联,-35978802.62,-409.006582987,25693224.35,71.4121162435,-41085176.6,-114.1927290742,-21213185.14,-58.9602310117,2025-10-29
2449,603021,ST华鹏,-26551615.38,-394.8642059772,24170793.96,91.033233248,-11787332.22,-44.3940304622,-38968633.87,-146.7655858685,2025-10-29
2450,603016,新宏泰,270304192.01,434.0518034915,48810223.81,18.0575164029,306192521.64,113.2770155591,-85559960.82,-31.6532126948,2025-10-29
2451,603006,联明股份,-7989205.06,95.3495973313,163025323.02,2040.5700166119,23542486.04,294.678705368,-194560632.33,-2435.294010716,2025-10-29
2452,601991,大唐发电,2987996000.0,22.1127329259,29723065000.0,994.7491562907,-14918753000.0,-499.2895907491,-11814233000.0,-395.3898532662,2025-10-29
2453,601988,中国银行,-385319000000.0,26.9565134971,51226000000.0,13.294439153,-832911000000.0,-216.1614143087,371843000000.0,96.5026380739,2025-10-29
2454,601958,金钼股份,330643836.94,9.1286927136,812414538.45,245.7068445517,376807220.77,113.9616646895,-859643588.22,-259.9908094993,2025-10-29
2455,601952,苏垦农发,89647520.24,-46.6137362961,787831015.91,878.8096020959,204965542.03,228.6349265225,-902524898.2,-1006.7483135995,2025-10-29
2456,601838,成都银行,6834498000.0,-80.5121097976,57590457000.0,842.6435562641,-38404083000.0,-561.9151984535,-12124459000.0,-177.4008712856,2025-10-29
2457,601718,际华集团,-475352200.54,77.1389336771,-374612357.23,-78.8073257691,-497006978.08,-104.5555227293,396325263.36,83.3750770292,2025-10-29
2458,601619,嘉泽新能,1839966364.94,5509.5980610919,2176408321.68,118.2852232057,-720835110.16,-39.1765373485,384393153.42,20.8913141427,2025-10-29
2459,601599,浙文影业,-241456484.72,-687.9036464901,-120184078.98,-49.7746329403,-31698428.5,-13.1280087742,-93075065.6,-38.547345584,2025-10-29
2460,601566,九牧王,-167750736.62,36.4125239821,92773183.72,55.3041885772,-94767722.9,-56.4931783964,-166283475.53,-99.1253325502,2025-10-29
2461,601528,瑞丰银行,189319000.0,105.3589848107,3102638000.0,1638.8413207338,-682398000.0,-360.4487663679,-2237623000.0,-1181.9326110956,2025-10-29
2462,601519,大智慧,-20845418.32,93.3343997455,-88729098.3,-425.6527594597,143078648.09,686.3793563343,-74009571.03,-355.0399895741,2025-10-29
2463,601512,中新集团,-186395978.92,82.5286636131,911207975.3,488.8560260686,-220894098.71,-118.5079742545,-876755254.12,-470.372407817,2025-10-29
2464,601368,绿城水务,405605838.08,1364.7483421689,329862274.87,81.3258202671,-1734784802.11,-427.7021283327,1810679222.83,446.4135011964,2025-10-29
2465,601330,绿色动力,415823453.04,1200.2966510145,1323217522.86,318.2161836198,-207191330.54,-49.8267543654,-700191451.51,-168.3867146961,2025-10-29
2466,601326,秦港股份,2134131978.82,193.514895482,1838178048.63,86.1323510857,1698234484.86,79.5749513954,-1401286268.25,-65.6607127468,2025-10-29
2467,601318,中国平安,23795000000.0,117.1472896514,340147000000.0,1429.489388527,-446846000000.0,-1877.8987182181,130514000000.0,548.4933809624,2025-10-29
2468,601298,青岛港,2812185980.0,106.3978844095,4271734771.0,151.9008629365,-1087442652.0,-38.6689450745,-371785894.0,-13.2205301016,2025-10-29
2469,601231,环旭电子,55328019.73,112.0788861792,1825362364.4,3299.1644618906,-1234130307.64,-2230.5701770324,-585367520.5,-1057.9947074856,2025-10-29
2470,601218,吉鑫科技,144178339.28,344.8720447221,153642573.48,106.5642552462,126245829.31,87.5622717951,-138382489.03,-95.9800825291,2025-10-29
2471,601212,白银有色,-1917533493.85,-128.7109606946,6059521887.76,316.0060518992,-3857828448.52,-201.1870176397,-4065283066.42,-212.0058439375,2025-10-29
2472,601199,江南水务,48225868.56,137.6458390782,167290228.02,346.8889892815,2932011.83,6.079749142,-121996371.29,-252.9687384235,2025-10-29
2473,601177,杭齿前进,-63382207.91,-1121.3242876674,136725194.2,215.7154171627,-110905823.48,-174.9794258311,-89253205.43,-140.8174444739,2025-10-29
2474,601139,深圳燃气,415947779.35,469.5159340304,1574638524.82,378.5663977533,-1374344916.32,-330.4128509756,221009440.45,53.1339392641,2025-10-29
2475,601133,柏诚股份,-824955231.38,11.5480452437,-687025636.64,-83.2803539521,-40506126.92,-4.9101000126,-97450922.71,-11.8128740813,2025-10-29
2476,601077,渝农商行,17744604000.0,30.4914559833,18967987000.0,106.8943944875,-4309979000.0,-24.2889556735,3116247000.0,17.5616598714,2025-10-29
2477,601068,中铝国际,1003271000.0,115.1031058244,79866000.0,7.960561005,-42584000.0,-4.2445161876,949498000.0,94.6402318018,2025-10-29
2478,601059,信达证券,2080949838.19,-48.5717391117,-1855529016.72,-89.167407242,1469251658.88,70.6048570665,2469532202.33,118.6733172039,2025-10-29
2479,601058,赛轮轮胎,-674564498.06,-347.9359444657,2506202818.18,371.5290124796,-3558310258.9,-527.4974104231,374750766.86,55.5544752115,2025-10-29
2480,601038,一拖股份,-758505527.4,-58.4658039842,1090850796.96,143.8158006177,-1488586014.32,-196.2524939564,-361360499.75,-47.6411162076,2025-10-29
2481,601033,永兴股份,119664153.46,-90.4939274757,1479826135.52,1236.6494833515,-16412173.81,-13.7151965191,-1343655698.74,-1122.8556421361,2025-10-29
2482,601022,宁波远洋,138138494.66,166.7477097708,1246523861.91,902.3725537028,-1007221198.56,-729.1386814653,-91588361.32,-66.3018382714,2025-10-29
2483,601020,华钰矿业,219747737.45,539.8165609572,662875886.84,301.6531112139,-431249473.82,-196.2475149116,12796048.31,5.8230625983,2025-10-29
2484,600995,南网储能,1843070272.67,21.885118163,3322964025.7,180.2950259127,-5092658609.68,-276.3138598238,3612350775.45,195.996366987,2025-10-29
2485,600990,四创电子,-292771642.13,-14.9190302618,-218497865.15,-74.6308158674,-40212202.83,-13.7350060742,-34061565.24,-11.6341750151,2025-10-29
2486,600983,惠而浦,381308561.29,63.4159454551,659460286.2,172.9466246362,-51981941.94,-13.6325137217,-222529210.01,-58.3593531856,2025-10-29
2487,600977,中国电影,-1490109963.95,-567.0880421191,111995421.5,7.5159165571,-2089686495.28,-140.2370661116,489660719.39,32.8607103661,2025-10-29
2488,600930,华电新能,-4433192540.0,-158.4780313682,26775063503.0,603.9679815711,-53941049503.0,-1216.7540438702,22735290218.0,512.8423819372,2025-10-29
2489,600927,永安期货,-12791562269.82,-36.2177662658,-12913093418.32,-100.9500883937,24441942.55,0.1910786348,118916672.29,0.9296493249,2025-10-29
2490,600925,苏能股份,-1017297766.1,46.6040596021,1481548103.97,145.6356391747,-3010817893.84,-295.9623026975,511972032.42,50.3266643731,2025-10-29
2491,600909,华安证券,4768444529.87,-28.9753209407,5092522347.03,106.7963004525,-283856024.08,-5.9528012186,-35580129.82,-0.7461579892,2025-10-29
2492,600871,石化油服,1368759000.0,64.8773501267,3100642000.0,226.5294328658,-1190201000.0,-86.9547524436,-517465000.0,-37.8054135169,2025-10-29
2493,600861,北京人力,-409933031.32,34.1795667069,965161330.4,235.4436594905,-640539832.93,-156.2547499204,-740341400.34,-180.600572234,2025-10-29
2494,600858,银座股份,1036509685.98,-22.4122288238,848381521.11,81.8498401496,-235509789.14,-22.721426758,423637954.01,40.8715866084,2025-10-29
2495,600855,航天长峰,-228940201.62,-43.2366178508,-161387474.52,-70.4932874952,-13324338.71,-5.8200082885,-54242543.32,-23.692887023,2025-10-29
2496,600848,上海临港,-1779054784.4,-57.0819170736,-2451378111.75,-137.7910412454,-221063619.7,-12.4259028805,893387289.25,50.2169633608,2025-10-29
2497,600816,建元信托,-267148336.8,88.4445066869,-96127189.78,-35.9827019443,1145278555.63,428.7051041936,-1316299702.65,-492.7224022493,2025-10-29
2498,600798,宁波海运,829876789.71,3591.9948653944,512610708.36,61.7694957512,-100548116.27,-12.1160294536,419273812.28,50.5224169996,2025-10-29
2499,600796,钱江生化,-184158529.61,-904.9723304004,304509722.08,165.3519512373,-334513379.25,-181.6442496356,-154264761.4,-83.7673724517,2025-10-29
2500,600775,南京熊猫,205722488.99,278.1068922869,-9127706.4,-4.4369025695,223081547.91,108.4380949332,-9303989.35,-4.5225922531,2025-10-29
2501,600757,长江传媒,-275125237.14,-18.5793045903,373297003.42,135.68257398,-124913462.45,-45.402400648,-523508778.11,-190.280173332,2025-10-29
2502,600748,上实发展,-384478369.55,66.7759476546,-499044744.56,-129.797872672,111152755.44,28.9100152943,3413619.57,0.8878573778,2025-10-29
2503,600737,中粮糖业,1391515790.09,-2.8797663691,3182344294.15,228.6962402305,-451887552.05,-32.4744825225,-1335979159.73,-96.0089112351,2025-10-29
2504,600722,金牛化工,67952478.77,11.7909440903,64533824.65,94.9690516345,4008311.62,5.8986981675,-589657.5,-0.867749802,2025-10-29
2505,600718,东软集团,-919555283.0,-29.6851225096,-32730363.0,-3.5593687084,-690532162.0,-75.0941433067,-240352642.0,-26.1379219329,2025-10-29
2506,600717,天津港,950743649.72,22.4654073923,1659911154.57,174.5908221484,197150605.33,20.736463019,-902656380.04,-94.9421413759,2025-10-29
2507,600714,金瑞矿业,23295594.72,-33.3803607649,34506244.84,148.1234767978,-4020095.63,-17.2568920361,-7190554.49,-30.8665847617,2025-10-29
2508,600712,南宁百货,-1630086.32,97.4140127497,-3417642.09,-209.6601908787,11249927.21,690.1430354927,-9462371.44,-580.482844614,2025-10-29
2509,600706,曲江文旅,-34804913.12,25.5661502255,127693758.88,366.884291421,3611689.69,10.3769536144,-166110361.69,-477.2612450354,2025-10-29
2510,600703,三安光电,965872853.35,333.10566803,1659516862.92,171.815250544,-1083746480.81,-112.2038451595,404568531.75,41.8863135398,2025-10-29
2511,600697,欧亚集团,190735625.76,187.0860514233,836141320.23,438.3771080512,-202600176.09,-106.2204164968,-442771802.92,-232.139015014,2025-10-29
2512,600671,天目药业,-41365499.42,50.4369274713,-30831088.8,-74.5333411473,-26636693.31,-64.3935010661,16102282.69,38.9268422134,2025-10-29
2513,600665,天地源,-1501845258.57,-77.7935355723,714792069.31,47.5942554821,18427566.04,1.2269949873,-2235064893.92,-148.8212504694,2025-10-29
2514,600663,陆家嘴,1292053077.44,136.731192491,7612277824.19,589.1613864093,-3407051677.02,-263.6928572447,-2910571252.61,-225.2671584032,2025-10-29
2515,600640,国脉文化,-618364235.69,10.6888784717,-253191278.32,-40.9453302288,-353375967.95,-57.1468962068,-11796989.42,-1.9077735644,2025-10-29
2516,600598,北大荒,-998059438.46,-167.133052414,2987908292.78,299.3717786378,-2941143970.49,-294.6862538596,-1044823760.75,-104.6855247782,2025-10-29
2517,600596,新安股份,-151392686.43,78.9054575091,468555713.35,309.4969277572,-620968727.15,-410.1708885634,-17366190.49,-11.4709573491,2025-10-29
2518,600580,卧龙电驱,97605591.52,-61.5344874762,1136845589.92,1164.7340815378,-708247879.0,-725.6222394338,-426950165.47,-437.4238799449,2025-10-29
2519,600572,康恩贝,-524180163.49,70.0743206363,531534559.39,101.4030282739,-613334617.43,-117.0083608938,-445091151.84,-84.9118648208,2025-10-29
2520,600558,大西洋,38097719.43,-33.3653131172,169692074.62,445.4126839056,22343492.78,58.6478485177,-154570810.87,-405.7219518192,2025-10-29
2521,600525,ST长园,-263829995.69,-25367.5658761756,-26893709.05,-10.1935752149,375781345.01,142.4331391991,-609075192.63,-230.8589631884,2025-10-29
2522,600523,贵航股份,-127575604.31,33.0582630169,-27465900.21,-21.5291162903,-39547150.74,-30.998991503,-60973321.56,-47.7938724177,2025-10-29
2523,600517,国网英大,439163197.79,-83.6144954413,-1941013115.0,-441.9799119707,1623068000.39,369.5819705653,757338719.69,172.4504064779,2025-10-29
2524,600515,海南机场,-1817957922.2,-34.407380047,-240658711.29,-13.2378592679,-1852944793.18,-101.924514894,275680501.95,15.1642949808,2025-10-29
2525,600506,统一股份,-60207432.31,66.439307337,303473062.6,504.0458477576,-60037326.97,-99.7174678715,-303729118.06,-504.471136547,2025-10-29
2526,600503,华丽家族,-30519112.76,70.0381135151,76104823.69,249.3677463316,-133466553.89,-437.3212122501,26842617.44,87.9534659185,2025-10-29
2527,600496,精工钢构,-376724544.59,-10.5169370682,760826548.78,201.9583166815,-712071743.28,-189.0165516173,-426411324.02,-113.189153758,2025-10-29
2528,600488,津药药业,9375228.72,-87.2809221008,33387660.96,356.1263618964,-54223559.06,-578.3705195834,28595880.75,305.0152866031,2025-10-29
2529,600483,福能股份,697325896.74,210.5564400038,3606355063.06,517.1692432362,-1705849896.59,-244.6273549519,-1203301121.95,-172.5593624983,2025-10-29
2530,600478,科力远,481463218.33,172.2681606237,289317917.58,60.0913852949,-139197693.0,-28.9113867271,329861448.45,68.5122841978,2025-10-29
2531,600475,华光环能,521730048.57,494.5877573853,858728028.45,164.592403831,-528955263.02,-101.3848568757,191961995.61,36.7933562838,2025-10-29
2532,600467,好当家,-31375995.6,56.2180658592,94695376.29,301.8083553339,-302805962.73,-965.0879818775,176734590.84,563.2796265435,2025-10-29
2533,600455,博通股份,82373508.02,24.8356325114,92009713.86,111.6981855837,-107182779.26,-130.1180219665,97546573.42,118.4198363827,2025-10-29
2534,600446,金证股份,-389473058.27,-358.5564733013,-29601538.23,-7.6004071659,-168348346.64,-43.2246449569,-191519958.95,-49.1741225441,2025-10-29
2535,600429,三元股份,215590010.51,179.8926571893,328710897.45,152.4703749828,22260097.74,10.3251990606,-132864836.81,-61.6284755011,2025-10-29
2536,600423,柳化股份,7518217.04,-81.5312481675,9543067.36,126.9325866655,-1345093.53,-17.8911239572,-678220.0,-9.0210218246,2025-10-29
2537,600410,华胜天成,-173313145.18,-14.3826858137,-164093981.93,-94.6806324238,82161775.74,47.4065459113,-84988975.64,-49.0378127705,2025-10-29
2538,600409,三友化工,-7012087.64,-103.9786754237,354959810.0,5062.1131426703,-1013279239.61,-14450.4645639312,663806901.58,9466.6087427852,2025-10-29
2539,600397,江钨装备,-322296558.82,-196.2576940211,-34594117.82,-10.7336292844,-350948738.96,-108.8900049833,63405455.46,19.673016582,2025-10-29
2540,600396,华电辽能,-96851317.27,-140.7601524175,587175860.86,606.2652294373,-680033036.92,-702.1412367828,-3994141.21,-4.1239926545,2025-10-29
2541,600375,汉马科技,-232247874.02,-263.1566993322,-54004641.58,-23.2530187016,-7236114.17,-3.1156858596,-170938617.94,-73.6018009471,2025-10-29
2542,600371,万向德农,-34330946.66,50.5126358766,1717953.34,5.0040954507,13437800.0,39.1419442437,-49486700.0,-144.1460396944,2025-10-29
2543,600362,江西铜业,1973122107.0,222.1988504633,6287997514.0,318.6826345766,-7730258116.0,-391.7779892372,3457046209.0,175.2069066955,2025-10-29
2544,600360,*ST华微,-18653140.17,94.8223771291,1737842150.59,9316.6198010187,-638162324.69,-3421.205860643,-1118697908.4,-5997.3704062934,2025-10-29
2545,600352,浙江龙盛,-1308191446.86,-162.4704328171,5564486386.36,425.357190625,-4442309036.47,-339.5763706553,-2546576622.03,-194.6639100984,2025-10-29
2546,600336,澳柯玛,62242508.03,77.0006254698,547895906.69,880.2600088446,-70496995.07,-113.261816243,-420356419.82,-675.3526378105,2025-10-29
2547,600332,白云山,-4382657714.04,0.3680600478,-1971973586.08,-44.9949257904,-3421114034.78,-78.0602606455,1006364008.77,22.9624140061,2025-10-29
2548,600323,瀚蓝环境,-1026590531.66,-667.9515926956,2661801029.24,259.2855619792,-8761975583.03,-853.5024737528,5089802070.4,495.7967089536,2025-10-29
2549,600281,华阳新材,-12168763.01,-130.032004859,-94437753.09,-776.066992285,67884906.78,557.8620170696,14384083.3,118.2049752155,2025-10-29
2550,600265,ST景谷,-25960021.55,28.2616938954,-32552402.01,-125.3943566545,-455349.77,-1.7540423421,7047730.77,27.1484010767,2025-10-29
2551,600249,两面针,21944030.15,355.5670307966,53798729.28,245.1633948379,-23482630.62,-107.0114762853,-8355163.33,-38.074880835,2025-10-29
2552,600233,圆通速递,-1538007199.16,46.8726336272,4671171794.11,303.7158601508,-6085113356.48,-395.6492115124,-109423023.24,-7.1145975974,2025-10-29
2553,600232,金鹰股份,11464581.17,147.9543745004,108192055.59,943.7070049546,-58081698.41,-506.6185807292,-38916326.7,-339.4483071203,2025-10-29
2554,600196,复星医药,-1455317329.64,-5721.1537034621,3381768565.71,232.3732767304,-1511832440.79,-103.8833531354,-3244426621.19,-222.9360260551,2025-10-29
2555,600184,光电股份,798679259.48,595.8333846754,-220649082.06,-27.6267449594,-133704995.65,-16.74076221,1152927276.3,144.3542276346,2025-10-29
2556,600183,生益科技,-259675939.04,71.0803792418,3175998085.6,1223.0621355761,-1776204563.25,-684.0081409993,-1654817825.67,-637.2626712308,2025-10-29
2557,600182,S佳通,-21881475.54,-103.7174095277,387620194.66,1771.4536387248,-144249710.25,-659.2320978826,-265277053.07,-1212.3362183006,2025-10-29
2558,600180,瑞茂通,-247042561.74,24.9409194832,42206673.53,17.0847781179,-38762547.33,-15.6906352723,-247968558.71,-100.3748329695,2025-10-29
2559,600168,武汉控股,-752953445.24,-257.1979862219,-382705590.99,-50.8272581007,-266663905.15,-35.4157228227,-103577553.34,-13.7561696536,2025-10-29
2560,600150,中国船舶,-2825224215.22,-92.2260059267,3094731394.8,109.5393200344,9953226927.0,352.2986555679,-14918536977.65,-528.0478942974,2025-10-29
2561,600120,浙江东方,1148255085.98,374.9748218886,1953921639.58,170.1644228218,-4610023981.42,-401.4808240527,3804481463.24,331.3272033098,2025-10-29
2562,600118,中国卫星,-198767099.12,78.1354310882,-328039615.63,-165.0371802387,-65679859.97,-33.0436275726,194952376.48,98.0808078113,2025-10-29
2563,600096,云天化,119554252.95,-78.121818678,7850443774.01,6566.4278604068,-1286956489.9,-1076.4623241285,-6444149150.7,-5390.1463073799,2025-10-29
2564,600081,东风科技,-787298670.87,-196.5462553993,142994179.28,18.1626344068,-812114768.11,-103.1520562854,-118334368.96,-15.0304291546,2025-10-29
2565,600066,宇通客车,-4140107835.96,-151.1890502198,1796162293.21,43.3844325891,-2544711698.7,-61.4648651563,-3396168751.27,-82.030924938,2025-10-29
2566,600059,古越龙山,-549064379.88,-56.8185915376,-189363740.83,-34.4884402939,-143227944.0,-26.0858196686,-216681120.71,-39.4637001871,2025-10-29
2567,600054,黄山旅游,-36274294.97,96.0687031572,500926909.38,1380.9418206316,-397675572.98,-1096.301315598,-139525631.37,-384.6405050336,2025-10-29
2568,600032,浙江新能,1607265527.83,558.4506594267,3668607695.51,228.251501198,-2059111058.7,-128.1126872347,-2231108.98,-0.1388139633,2025-10-29
2569,600027,华电国际,-186764000.0,-115.9120476908,22977330000.0,12302.8688612366,-8411242000.0,-4503.6741556189,-14752863000.0,-7899.2005954038,2025-10-29
2570,600012,皖通高速,350919233.63,-49.4465529286,2556577681.35,728.5373488663,-1824031337.88,-519.7866526185,-381627109.84,-108.7506962478,2025-10-29
2571,600011,华能国际,3619750545.0,-65.4655177088,52772770228.0,1457.9117972893,-35809492175.0,-989.2806625712,-13330873192.0,-368.2815438874,2025-10-29
2572,302132,中航成飞,-6475276834.23,65.4808709059,-4031518199.04,-62.2601674376,-1049495315.91,-16.2077289169,-1392829252.49,-21.5099568427,2025-10-29
2573,301662,宏工科技,-155685956.9,-114.2647177622,209189195.43,134.366130122,-439900067.35,-282.5560353093,75233550.29,48.3239155207,2025-10-29
2574,301658,首航新能,28967550.42,-75.2902513745,-15475213.34,-53.4225818739,-62982189.78,-217.4232507299,54009425.61,186.4480248655,2025-10-29
2575,301630,同宇新材,435198876.27,322.852118641,4530581.85,1.0410371205,-364860738.84,-83.837702424,795750068.52,182.8474547867,2025-10-29
2576,301618,长联科技,-159088865.08,-167.0818263725,8171680.78,5.1365510565,-187707078.0,-117.9888220999,20585243.39,12.9394620922,2025-10-29
2577,301607,富特科技,-194451694.95,-187.5369575653,-4157788.77,-2.1382116371,-285614685.85,-146.8820757379,98816631.92,50.8180872095,2025-10-29
2578,301600,慧翰股份,62393895.95,-83.697234316,111272323.36,178.3384763298,80016369.86,128.2439069426,-127628436.12,-204.5527598121,2025-10-29
2579,301595,太力科技,37810826.78,141.3232373635,70266861.12,185.8379387704,-521247034.66,-1378.5655566138,489134736.02,1293.6367111621,2025-10-29
2580,301590,优优绿能,-351222014.83,8.6510741775,-83781458.9,-23.854273184,-1066309745.84,-303.5999170941,797203367.17,226.9798969053,2025-10-29
2581,301589,诺瓦星云,156505336.97,-65.1396545099,310567910.54,198.439182045,-139680527.69,-89.2496897513,-12972113.81,-8.2886079549,2025-10-29
2582,301580,爱迪特,-559237642.74,-162.8972510736,140978542.91,25.2090582135,-651412965.75,-116.4823173487,-51955274.0,-9.2903749729,2025-10-29
2583,301578,辰奕智能,70663080.38,118.5930293557,64542848.17,91.338854495,48531827.56,68.6805999668,-43288593.25,-61.2605522109,2025-10-29
2584,301571,国科天成,-136800828.27,-126.1858087126,-212772496.26,-155.5345087824,-169209537.31,-123.6904333474,245181205.3,179.2249421298,2025-10-29
2585,301568,思泰克,-58867234.46,32.6594550687,58842492.66,99.9579701676,-45212891.91,-76.8048513316,-72458505.53,-123.0880067574,2025-10-29
2586,301563,云汉芯城,455969138.8,1702.6440709105,-129597671.45,-28.4224655623,-10121898.52,-2.2198648239,596431792.99,130.8052984813,2025-10-29
2587,301558,三态股份,-5502436.97,91.7546965933,64544298.95,1173.0129631998,-55542267.86,-1009.4121597907,-11061159.21,-201.0229153066,2025-10-29
2588,301557,常友科技,-10046615.65,91.1093725351,-57397708.83,-571.3138715524,-182973155.72,-1821.241720539,230324248.9,2292.5555920914,2025-10-29
2589,301533,威马农机,-251946782.57,-15.9068225639,-24526561.1,-9.7348181429,-184027723.55,-73.0422995177,-45193653.62,-17.9377776366,2025-10-29
2590,301528,多浦乐,-350279501.05,-3780.5109320755,48461315.58,13.8350418551,-386585713.34,-110.3649263463,-11929409.47,-3.4056830143,2025-10-29
2591,301519,舜禹股份,254555652.83,191.8824082057,-274016954.69,-107.6452051422,403391576.99,158.4689133812,125181030.53,49.1762917611,2025-10-29
2592,301518,长华化学,-40247057.01,-147.1847745012,49390117.35,122.7173389044,-447921448.26,-1112.929693589,357366418.06,887.9318007555,2025-10-29
2593,301502,华阳智能,-74478785.62,-202.2605174162,-24386085.04,-32.7423236523,-28609056.97,-38.4123569307,-21492514.56,-28.8572301241,2025-10-29
2594,301500,飞南资源,-94092582.2,-135.8119463722,67882433.82,72.1442989796,-415394420.6,-441.4741426875,253428897.45,269.3399325691,2025-10-29
2595,301456,盘古智能,-2250726.24,-100.3479405856,-17163445.39,-762.57365667,12307198.26,546.8100936167,1559882.39,69.3057361787,2025-10-29
2596,301439,泓淋电力,-372038921.42,-112.5220389511,-214642886.39,-57.6936643002,-296832987.22,-79.7854660171,116589772.91,31.3380579819,2025-10-29
2597,301428,世纪恒通,-204295295.89,-39.7441568257,-217008249.14,-106.2228320993,-322260146.12,-157.7423232954,334984364.58,163.9706695745,2025-10-29
2598,301421,波长光电,-52337380.02,91.3413537095,-16673347.9,-31.8574370624,-27851709.03,-53.2157112552,-7706530.25,-14.724715389,2025-10-29
2599,301395,仁信新材,-844649998.51,-670.2650893615,-79603529.89,-9.4244397124,-874227634.13,-103.501762348,109181165.51,12.9262020603,2025-10-29
2600,301393,昊帆生物,251737822.01,127.8387873525,47723128.59,18.9574725836,354383240.84,140.7747306346,-146729057.66,-58.2864571118,2025-10-29
2601,301383,天键股份,-67998024.44,85.998246514,-123132832.44,-181.0829556506,122636264.05,180.3526868023,-67261467.71,-98.9167968686,2025-10-29
2602,301382,蜂助手,-157771080.63,60.9462945044,-116903903.11,-74.097168279,-86048381.52,-54.5400216417,44900704.0,28.459400684,2025-10-29
2603,301381,赛维时代,73150075.24,349.7086127875,742147745.98,1014.5550001761,-348301942.27,-476.1470731605,-321290466.52,-439.2209652087,2025-10-29
2604,301372,科净源,-155881235.27,40.548353576,2686742.62,1.7235830954,-77193737.66,-49.5208660146,-81374240.23,-52.2027170808,2025-10-29
2605,301370,国科恒泰,56603118.2,-85.405058447,490326618.41,866.2537224142,-21067970.19,-37.2205116255,-412655530.02,-729.0332107887,2025-10-29
2606,301366,一博科技,-430800340.56,31.0050983704,57863718.91,13.4316790081,-456580979.88,-105.9843590853,-31026310.65,-7.2020162773,2025-10-29
2607,301361,众智科技,3435086.61,-88.6125006203,50320881.67,1464.9086728559,-37085319.43,-1079.6036211151,-10237568.0,-298.0293996139,2025-10-29
2608,301339,通行宝,6841311.97,103.3712431913,238513383.55,3486.3690560511,-89613709.79,-1309.8907078491,-142058361.79,-2076.478348202,2025-10-29
2609,301333,诺思格,-277897953.26,11.5759446831,34435014.14,12.3912442449,-248444955.34,-89.4015059937,-62065726.37,-22.3339990964,2025-10-29
2610,301330,熵基科技,-579423524.03,-15.5699146358,260778127.99,45.0064792289,-822982545.26,-142.0347140095,-17964657.71,-3.100436376,2025-10-29
2611,301327,华宝新能,732198094.26,153.8879525606,-527736530.43,-72.0756492768,1424446628.28,194.5438863399,-178390418.68,-24.3636824622,2025-10-29
2612,301325,曼恩斯特,-58093974.91,-147.9165866904,-501013762.0,-862.4194897598,191239563.29,329.1900125379,251395768.72,432.7398307819,2025-10-29
2613,301322,绿通科技,21627307.95,101.1914798697,121177612.95,560.2991053262,23245240.4,107.4809701408,-126802078.51,-586.3054190709,2025-10-29
2614,301320,豪江智能,-21829745.7,80.1067969252,78256463.27,358.4854553299,-95818904.14,-438.9373355824,-2802599.93,-12.8384451588,2025-10-29
2615,301319,唯特偶,-28620080.58,84.9844142917,81607205.51,285.1396776536,-67741065.31,-236.6906868786,-42425845.01,-148.2380348001,2025-10-29
2616,301318,维海德,254136951.98,21.8605856415,124961407.51,49.1708925193,197144663.67,77.5741827916,-62080800.05,-24.4280887003,2025-10-29
2617,301314,科瑞思,-82053519.66,-1214.9192169963,3047675.6,3.7142533466,-69772445.26,-85.032848742,-15328750.0,-18.6814046046,2025-10-29
2618,301306,西测测试,11552564.88,265.4799735757,-21370136.76,-184.98175065,-63068036.77,-545.9223767631,96804875.83,837.9513712802,2025-10-29
2619,301302,华如科技,-615686021.2,10.0442332338,-269464452.12,-43.7665373001,-357127684.71,-58.0048388973,10906115.63,1.7713761974,2025-10-29
2620,301299,卓创资讯,-28061645.12,11.2181170223,52301301.96,186.3800277437,17836916.18,63.563330317,-98199863.26,-349.9433580607,2025-10-29
2621,301296,新巨丰,432038922.92,188.242118968,213024292.66,49.3067363515,-1402338613.45,-324.5861747761,1681511728.34,389.2037589982,2025-10-29
2622,301290,东星医疗,-68943119.4,82.6709458946,48009972.24,69.6370756905,-123932844.26,-179.7610049249,7264370.71,10.5367595392,2025-10-29
2623,301276,嘉曼服饰,-27295813.36,-107.8005296819,-59807199.37,-219.1075920003,125915469.76,461.2995703748,-93403140.43,-342.1885224599,2025-10-29
2624,301275,汉朔科技,-20974914.37,-104.3255473177,-245175953.63,-1168.9008560658,-941466710.76,-4488.5366116515,1103999509.45,5263.4279691221,2025-10-29
2625,301273,瑞晨环保,-46094013.56,62.8740692293,-82020076.74,-177.940843952,-2571214.03,-5.5781951525,38497277.21,83.5190391045,2025-10-29
2626,301267,华厦眼科,-2560015017.17,9.1683531149,698110689.68,27.2697888488,-2866790736.89,-111.9833562562,-391334969.96,-15.2864325926,2025-10-29
2627,301266,宇邦新材,423217268.44,225.3434667766,-31407.24,-0.0074210677,208484444.52,49.2618000415,215904941.58,51.0151540781,2025-10-29
2628,301263,泰恩康,-50094586.75,-450.4298829734,-65590910.2,-130.9341277279,-94671918.74,-188.9863254337,110178795.11,219.9415191503,2025-10-29
2629,301259,艾布鲁,-102505186.95,-225.6378131741,41733545.03,40.7135934012,-253168541.67,-246.9812008572,108929809.69,106.2676074559,2025-10-29
2630,301255,通力科技,-70049140.05,72.809931643,55370937.8,79.0458494715,-113513257.66,-162.0480388181,-11906820.19,-16.9978106534,2025-10-29
2631,301222,浙江恒威,-46220316.72,60.9537805194,83465280.76,180.5813691534,-86866740.09,-187.9405989713,-40394766.19,-87.3961258957,2025-10-29
2632,301218,华是科技,24574870.47,70.7840225777,-31974830.48,-130.1118983273,-16284880.6,-66.266394445,72834581.55,296.3782927723,2025-10-29
2633,301216,万凯新材,-192406846.41,-108.8845933784,649117510.34,337.3671584205,-494961157.85,-257.247165101,-360106543.56,-187.1589032714,2025-10-29
2634,301205,联特科技,12015291.2,-84.1817055149,-107948830.93,-898.4287532707,-118900630.07,-989.5775981692,240177289.24,1998.9302401593,2025-10-29
2635,301202,朗威股份,172331559.78,158.5726506223,181734751.73,105.4564538045,-2506227.98,-1.4543058643,-4010846.26,-2.3274008923,2025-10-29
2636,301193,家联科技,-41862863.88,92.6191750165,-88974409.22,-212.5377983576,-614042916.48,-1466.7962474812,593643159.69,1418.0662875614,2025-10-29
2637,301192,泰祥股份,-107325841.49,24.7107763439,31529696.84,29.3775444965,-92413691.75,-86.1057229713,-47026538.62,-43.8166036875,2025-10-29
2638,301191,菲菱科思,-450664298.26,-117.4429262169,123073935.51,27.3094487372,-441110703.54,-97.880108374,-132340667.98,-29.3656871625,2025-10-29
2639,301189,奥尼电子,-29744059.36,-140.4210068638,-428651064.02,-1441.1316855979,11912893.74,40.0513379691,386081475.72,1298.0120535908,2025-10-29
2640,301186,超达装备,-79043357.26,-181.803505385,81880030.45,103.5887559541,-169372959.63,-214.2785497747,-5526195.81,-6.9913475358,2025-10-29
2641,301182,凯旺科技,-5923066.39,-173.9239814883,-89550785.52,-1511.8990675369,-9469071.5,-159.8677252037,93839132.24,1584.2998551971,2025-10-29
2642,301178,天亿马,-60994022.92,18.8490775777,-2598735.54,-4.2606396752,-380254232.03,-623.4286800999,321896818.47,527.7514140889,2025-10-29
2643,301173,毓恬冠佳,101993385.63,183.6692536587,261745015.22,256.629401606,-558751555.52,-547.8311677455,398999925.93,391.2017661395,2025-10-29
2644,301163,宏德股份,-101349342.02,-140.0555622877,27036576.75,26.6766179347,-156549817.5,-154.4655489417,25002162.17,24.6692890863,2025-10-29
2645,301160,翔楼新材,43712584.65,135.2322972182,68018087.41,155.6029869993,-133279589.8,-304.8998151611,108982393.64,249.3158309274,2025-10-29
2646,301157,华塑科技,-104646639.28,39.2882261616,49574344.12,47.3730876224,-173053530.36,-165.3694103802,19230171.51,18.3762915296,2025-10-29
2647,301141,中科磁业,63731353.95,115.9693427878,-44665661.24,-70.0842810825,94765667.71,148.6955192955,14123945.14,22.1616900703,2025-10-29
2648,301136,招标股份,-346464072.43,-927.9667820121,29126676.6,8.4068389532,-351780438.56,-101.5344639035,-23827783.51,-6.877418297,2025-10-29
2649,301120,新特电气,104222536.81,201.9481176036,-648127.42,-0.6218687818,102489266.02,98.336952023,2381398.21,2.2849167588,2025-10-29
2650,301117,佳缘科技,-164369140.86,-9.0612860204,-122261132.04,-74.3820472628,-35169707.97,-21.3967827452,-6949528.36,-4.2280006598,2025-10-29
2651,301116,益客食品,105530655.9,183.4102123762,67361128.44,63.8308630469,-374822282.9,-355.1785779245,412991810.36,391.3477148776,2025-10-29
2652,301115,联检科技,36081625.93,168.0148084729,-23549614.21,-65.2676081053,495021.82,1.3719498699,59719368.28,165.5118546926,2025-10-29
2653,301105,鸿铭股份,-131719500.99,-623.7337670327,14724330.62,11.1785502597,-143944099.17,-109.2807808169,-2824250.07,-2.1441396671,2025-10-29
2654,301098,金埔园林,-81900008.96,79.5898730466,-40420647.49,-49.3536545396,85511026.89,104.4090568192,-126990388.36,-155.0554022797,2025-10-29
2655,301091,深城交,-354977053.51,-6.1959191166,-355522503.0,-100.1536576758,-59240177.68,-16.6884527026,59785627.17,16.8421103784,2025-10-29
2656,301089,拓新药业,172158.76,-99.7291339848,-22789583.38,-13237.5392225176,24340252.5,14138.259650569,-1224188.16,-711.0809580645,2025-10-29
2657,301085,亚康股份,-129065245.38,6.3317172123,175784902.23,136.198479856,-50542001.42,-39.16003977,-253658235.54,-196.5348880662,2025-10-29
2658,301080,百普赛斯,-75766739.94,56.1920290747,177002426.27,233.614942929,-62259844.53,-82.1730545346,-188527774.51,-248.8265624987,2025-10-29
2659,301079,邵阳液压,-16837610.91,-138.8640814165,15564573.15,92.439320716,-25983516.07,-154.3183068482,-6426983.16,-38.170398368,2025-10-29
2660,301067,显盈科技,-9689087.65,-61.1622448556,44801488.97,462.3912032626,-68047398.98,-702.3096646256,12506444.3,129.0776257969,2025-10-29
2661,301063,海锅股份,-34616805.78,28.4835885189,-73024617.41,-210.9513450608,-66876324.26,-193.1903384877,103067017.49,297.7369377898,2025-10-29
2662,301056,森赫股份,-26861989.46,92.4958828578,66148136.26,246.2518137702,13397693.92,49.8760299938,-106803737.04,-397.6017383189,2025-10-29
2663,301048,金鹰重工,-4302488.96,98.3010142019,104011482.33,2417.4723816142,-16526301.2,-384.1102523131,-91391935.81,-2124.164330453,2025-10-29
2664,301042,安联锐视,-26790030.25,-40.5651056218,-19515835.46,-72.8473812007,7820127.08,29.1904376629,-16323833.11,-60.9324922655,2025-10-29
2665,301029,怡合达,-638115964.36,-600.4517986039,351386856.83,55.0663008694,-697325880.87,-109.2788646292,-291999063.6,-45.7595609433,2025-10-29
2666,301017,漱玉平民,-351493629.34,-1710.0710562429,624163644.07,177.5746676382,-728805481.89,-207.3452890906,-246851791.52,-70.2293785476,2025-10-29
2667,301011,华立科技,67150377.01,210.5440121083,91471174.54,136.2184080164,-140136983.03,-208.6912825659,118108213.18,175.8861505162,2025-10-29
2668,301007,德迈仕,17820620.1,38.054560378,64123710.42,359.8287268354,-19554571.97,-109.7300310554,-28034431.45,-157.3145675778,2025-10-29
2669,301004,嘉益股份,-43163370.79,-113.8713962133,692996049.48,1605.5188387663,-377903948.5,-875.5200105631,-357124344.36,-827.3782557379,2025-10-29
2670,300996,普联软件,-246424494.48,-45.5660602571,-149156013.93,-60.5280795015,-59055969.89,-23.9651378872,-38080110.23,-15.4530540117,2025-10-29
2671,300995,奇德新材,5557539.78,120.9288737458,46685832.43,840.0449529486,-41529694.45,-747.267605703,2918370.65,52.5119165229,2025-10-29
2672,300989,蕾奥规划,63482756.95,211.1498553338,-12363158.27,-19.4748288574,40596708.35,63.9491891979,35249206.87,55.5256396595,2025-10-29
2673,300986,志特新材,-43475899.77,67.1712458269,139265872.44,320.3289021659,-104121880.39,-239.4933306518,-79563094.41,-183.0050552856,2025-10-29
2674,300981,中红医疗,205377966.67,-67.3595122033,-90666375.21,-44.1461061671,-100101177.87,-48.7399790216,387456527.41,188.65535271,2025-10-29
2675,300973,立高食品,-172621716.28,40.804558133,328717549.26,190.4265328511,-400758571.16,-232.1599968975,-100684895.25,-58.3268996623,2025-10-29
2676,300955,嘉亨家化,-70169346.72,-50.9481655609,-30416903.79,-43.3478508947,-76009040.88,-108.3222866294,36241526.04,51.6486581878,2025-10-29
2677,300949,奥雅股份,14024887.04,-30.2644660651,31355302.7,223.5690213445,34008853.64,242.489323037,-50620670.57,-360.9346045043,2025-10-29
2678,300948,冠中生态,104508644.93,182.5297508278,-15257816.27,-14.5995733465,137343778.89,131.4185816704,-17577317.69,-16.8190083239,2025-10-29
2679,300947,德必集团,52463257.52,139.7717510781,470660889.87,897.1247919376,6068711.5,11.5675461015,-424244237.35,-808.6502009302,2025-10-29
2680,300939,秋田微,61470900.03,-37.967616174,61664205.9,100.3144672844,8569330.39,13.9404667669,-7437185.23,-12.0987088628,2025-10-29
2681,300933,中辰股份,-32188663.77,84.9022534571,-82838889.1,-257.3542340618,-76009579.37,-236.1377282174,126659804.7,393.4919622791,2025-10-29
2682,300928,华安鑫创,-92913636.28,41.8778166935,-45274810.16,-48.7278422982,-62847698.98,-67.6409852162,15636060.86,16.8285964106,2025-10-29
2683,300920,润阳科技,-139719209.28,-980.3897048652,6893988.06,4.9341734007,-406961899.44,-291.2712586459,263324862.42,188.4671862781,2025-10-29
2684,300915,海融科技,168913211.87,151.7573260491,-61678119.6,-36.5146804783,279579435.78,165.5166180815,-47682086.06,-28.2287486764,2025-10-29
2685,300896,爱美客,-334186265.96,60.2049341058,1072574907.01,320.9512227945,-261151784.83,-78.145576713,-1124423247.72,-336.4660257626,2025-10-29
2686,300894,火星人,-419766484.38,58.4320831936,-198912813.16,-47.3865400316,-218064357.18,-51.9489681274,-2789314.04,-0.664491841,2025-10-29
2687,300891,惠云钛业,-49973636.81,59.7067849299,7902703.77,15.8137455556,-255317324.27,-510.9040297402,193648995.8,387.5023075392,2025-10-29
2688,300884,狄耐克,-241407274.06,-267.1798450874,13353476.2,5.5315136016,-259011100.26,-107.292168916,4003474.02,1.6583899701,2025-10-29
2689,300867,圣元环保,-18161579.15,-894.035133766,530705155.56,2922.1311163352,-403650188.95,-2222.550063605,-145216772.0,-799.5822984369,2025-10-29
2690,300864,南大环境,-105362350.85,45.2985845136,-9327812.82,-8.8530796292,38563300.8,36.6006457609,-134735787.21,-127.8784937153,2025-10-29
2691,300861,美畅股份,-377858852.0,-5504.8643629533,239264817.09,63.3212152696,-337155155.16,-89.227803815,-279825541.75,-74.0555739978,2025-10-29
2692,300860,锋尚文化,211206363.51,155.2026913078,-23450881.41,-11.1033024859,293273060.96,138.8561670615,-58615816.04,-27.7528645756,2025-10-29
2693,300851,交大思诺,-68124533.29,6.7175095685,-12954975.91,-19.0166086788,-16426266.22,-24.1121156017,-38743291.16,-56.8712757195,2025-10-29
2694,300849,锦盛新材,20295710.58,-2.9815306916,17419688.51,85.8294093293,15441859.24,76.0843488536,-11566179.49,-56.9882953563,2025-10-29
2695,300843,胜蓝股份,403256647.51,453.8002911423,44559511.1,11.049913591,-128000328.6,-31.7416537062,486658936.08,120.6821856713,2025-10-29
2696,300842,帝科股份,-191577463.94,-277.976345858,49206448.3,25.6848834346,-861765516.44,-449.8261427607,615640967.96,321.3535429996,2025-10-29
2697,300833,浩洋股份,-191746620.4,59.2799034492,97429364.74,50.8115160188,-108048934.14,-56.3498506073,-177156585.01,-92.3909817239,2025-10-29
2698,300832,新产业,386983225.63,181.115684139,1064210655.47,275.0017533027,341719201.5,88.3033627475,-1024016805.42,-264.6152953408,2025-10-29
2699,300827,上能电气,-858701512.39,-304.4681721741,-893202531.1,-104.0178127338,-321101721.04,-37.393869279,356168870.87,41.4776107566,2025-10-29
2700,300816,艾可蓝,-89864252.6,-201.1450564151,96372282.2,107.2420672422,-409561606.19,-455.7558699264,223407766.65,248.6058251043,2025-10-29
2701,300814,中富电路,480109210.35,1385.4668143205,45784313.81,9.5362290127,117619110.05,24.4984073445,313805428.81,65.3612599061,2025-10-29
2702,300798,锦鸡股份,-66097596.13,-1391.7685467665,-36257828.56,-54.8549882036,-16230326.74,-24.5550938162,-13288947.55,-20.1050391059,2025-10-29
2703,300791,仙乐健康,-93478822.57,-390.2319362934,411096753.33,439.7752796064,-294337407.24,-314.8706831642,-214036504.12,-228.9679076346,2025-10-29
2704,300790,宇瞳光学,15485081.15,-86.9582724995,280870609.71,1813.814257667,-277234303.84,-1790.3316176034,9618266.74,62.1131180833,2025-10-29
2705,300787,海能实业,-180684087.52,61.7850435792,138785253.84,76.8109996541,-289018776.25,-159.9580683706,-30931996.99,-17.1193808014,2025-10-29
2706,300781,因赛集团,-24404814.66,25.2969985697,-51010082.13,-209.0164700722,15900138.44,65.1516459417,11027576.59,45.186069813,2025-10-29
2707,300779,惠城环保,-71601297.57,33.18911505,-135869411.07,-189.7583084122,-829687149.75,-1158.7599357943,894267421.61,1248.9542116688,2025-10-29
2708,300777,中简科技,-137702038.25,-247.6100956936,355912226.36,258.4654743555,-363635263.62,-264.0739877501,-129979000.99,-94.3914866053,2025-10-29
2709,300767,震安科技,34460065.85,191.8026077293,147918742.63,429.2468368281,-12202846.92,-35.411560074,-101169274.07,-293.5840996659,2025-10-29
2710,300759,康龙化成,-517041502.17,86.5967084562,2436103508.31,471.1620823639,-2743096786.88,-530.5370604424,-225634561.57,-43.6395454955,2025-10-29
2711,300751,迈为股份,-326949651.22,-122.0795244611,-1042164007.88,-318.7536686432,-428884831.2,-131.1776383916,1174394522.56,359.1973620947,2025-10-29
2712,300738,奥飞数据,314075381.87,78.1978300715,618397710.78,196.894677672,-2631091188.92,-837.7260176377,2326750667.95,740.8255477066,2025-10-29
2713,300735,光弘科技,374931063.2,142.5209815393,835344084.09,222.7993799608,106336391.29,28.3615847624,-554297584.82,-147.8398669049,2025-10-29
2714,300731,科创新源,79491717.99,9223.9900831292,41358607.13,52.0288253617,5789708.73,7.2834112489,32926841.03,41.4217252597,2025-10-29
2715,300730,科创信息,-62508124.25,43.4155584403,-101619104.0,-162.5694343244,-2812192.72,-4.4989235459,41923172.47,67.0683578703,2025-10-29
2716,300703,创源股份,-36473896.38,38.0885916314,84951270.46,232.909776282,-95925277.85,-262.9970674112,-23930847.15,-65.6108875802,2025-10-29
2717,300701,森霸传感,-64377521.09,73.8881358445,43571621.89,67.6814222609,-76034669.92,-118.1074832218,-31749817.73,-49.3181737856,2025-10-29
2718,300700,岱勒新材,-124607027.2,-301.5593787794,-75715217.4,-60.7632001994,-36218314.67,-29.0660290064,-12683808.01,-10.1790471172,2025-10-29
2719,300682,朗新科技,-969595063.87,-274.4342899296,-114884312.63,-11.8486899233,-228569723.0,-23.5737300567,-626141028.24,-64.5775800199,2025-10-29
2720,300656,民德电子,-11588477.26,85.7804124383,-9408760.3,-81.1906524809,-28274825.27,-243.9908595031,25890677.61,223.4174260269,2025-10-29
2721,300649,杭州园林,-150487903.07,-795.8057384335,-110099138.88,-73.161454598,-72655965.56,-48.2802697611,32267201.37,21.4417243591,2025-10-29
2722,300639,凯普生物,22671298.4,-84.3142719995,121210400.21,534.6425161516,-25151419.99,-110.9394775114,-76776317.32,-338.6498468919,2025-10-29
2723,300635,中达安,-26992579.98,16.5687547045,-10127853.12,-37.5208784322,-4615825.11,-17.1003479972,-12248901.75,-45.3787735706,2025-10-29
2724,300633,开立医疗,-153869295.98,34.9799970317,-380972060.0,-247.5945948628,325548443.09,211.574662129,-98824651.58,-64.226362349,2025-10-29
2725,300629,新劲刚,23276375.06,136.1377579547,138335972.37,594.3192271709,-80124164.58,-344.2295648419,-34935432.73,-150.0896623291,2025-10-29
2726,300625,三雄极光,-181474559.95,-351.087161933,-6066223.17,-3.3427402561,-59607110.43,-32.8459870333,-115799300.0,-63.8102112119,2025-10-29
2727,300624,万兴科技,13770371.48,123.5863649286,-37541132.85,-272.6225135213,-110260775.57,-800.7102475786,161255141.02,1171.0297086335,2025-10-29
2728,300616,尚品宅配,620674239.06,528.029182977,-170844442.28,-27.5256215787,869933004.83,140.1593541481,-77365621.78,-12.4647708752,2025-10-29
2729,300611,美力科技,141466229.88,257.8368641755,160555205.04,113.4936621809,-122277335.95,-86.4357069908,95215680.98,67.3062971006,2025-10-29
2730,300606,金太阳,-12617335.55,-140.1301818056,91723229.96,726.9619611567,-76161511.39,-603.625948507,-27988650.19,-221.8269465775,2025-10-29
2731,300602,飞荣达,-194449484.88,-481.6350935532,463861948.36,238.5513896559,-660190071.4,-339.5175213796,-3592067.46,-1.8473010932,2025-10-29
2732,300599,雄塑科技,-220228732.78,29.1835639646,-37706809.66,-17.1216576439,-158131132.1,-71.8031339979,-24278655.84,-11.0242907606,2025-10-29
2733,300598,诚迈科技,-138256252.07,55.0147179532,-272968061.4,-197.43632372,-107412249.54,-77.6906996478,241787451.82,174.8835573075,2025-10-29
2734,300594,朗进科技,-22199454.18,64.3136730953,22902882.81,103.168675339,-8106001.78,-36.5144192928,-37100081.06,-167.121591185,2025-10-29
2735,300590,移为通信,3591097.08,-96.8685051959,147537435.99,4108.4223763174,-41108189.01,-1144.7250824531,-104286748.45,-2904.035901196,2025-10-29
2736,300583,赛托生物,27799949.05,132.6131337524,77809222.82,279.8898036829,-27434338.17,-98.6848505393,-21573559.44,-77.602874024,2025-10-29
2737,300577,开润股份,852788451.63,619.8086999538,430185451.67,50.4445681514,-129779677.14,-15.2182732883,564371964.02,66.1795974068,2025-10-29
2738,300573,兴齐眼药,9391025.69,-58.9739084177,574520184.3,6117.7575620071,-131831709.77,-1403.8052298204,-431650001.25,-4596.4095456542,2025-10-29
2739,300567,精测电子,-683735242.42,-415.0461052875,-463987563.95,-67.8607061862,-519822223.87,-76.0268290443,298905153.1,43.7165052429,2025-10-29
2740,300553,集智股份,-25068762.34,-127.7365339644,23112230.14,92.1953378732,-33604177.91,-134.0480134369,-14205907.2,-56.6677644765,2025-10-29
2741,300549,优德精密,10048541.23,116.1164154134,23907368.2,237.9187949055,-16448769.61,-163.6931096117,1235153.99,12.2918736335,2025-10-29
2742,300539,横河精密,140656477.28,439.1578651929,54858883.46,39.0020314179,-427963617.35,-304.2615780133,514294230.55,365.6384977751,2025-10-29
2743,300537,广信材料,159207896.92,210.7863839103,47064513.48,29.5616702378,-43508831.56,-27.328312478,155640198.63,97.7590946435,2025-10-29
2744,300527,ST应急,83640874.93,120.3791079787,115099680.54,137.6117605612,-25432464.73,-30.4067416216,-6026340.88,-7.2050189397,2025-10-29
2745,300520,科大国创,-384668949.08,40.5903182665,-29236227.45,-7.600360653,-331202286.23,-86.1006033947,-24246404.71,-6.3031873948,2025-10-29
2746,300516,久之洋,58037971.93,-59.6703433131,176280287.68,303.7326802057,-105543092.32,-181.8517925597,-12717142.86,-21.9117630012,2025-10-29
2747,300514,友讯达,-91838131.85,-193.2966627425,51778143.67,56.3797875969,-81134109.94,-88.3446867936,-62325386.65,-67.8643885655,2025-10-29
2748,300513,恒实科技,-78797272.67,74.817889231,154104.47,0.1955708171,112376767.53,142.6150470977,-191349190.28,-242.8373264661,2025-10-29
2749,300496,中科创达,-486987930.61,65.5274772265,401142117.71,82.3720861434,-838480643.49,-172.1768838172,-64187715.27,-13.1805556638,2025-10-29
2750,300484,蓝海华腾,-38100954.23,5.9175392793,5678065.02,14.9026845515,-2595738.39,-6.8127910244,-41158563.62,-108.0250205062,2025-10-29
2751,300483,首华燃气,-149259070.51,68.3337377923,1058800010.75,709.3706313005,-405598382.82,-271.74119565,-802460698.44,-537.6294356504,2025-10-29
2752,300474,景嘉微,-304077557.13,22.9275751675,-145214634.2,-47.7557882175,-376417810.6,-123.7900666372,217554887.67,71.5458548547,2025-10-29
2753,300469,信息发展,-138630590.73,42.7892013405,-56340937.59,-40.6410571385,-142767092.97,-102.9838307824,60477439.83,43.6248879209,2025-10-29
2754,300461,田中精机,29921386.98,378.4409772701,23842662.12,79.6843479747,16350007.26,54.6432131336,-10160330.14,-33.9567485518,2025-10-29
2755,300460,ST惠伦,-22608505.74,-325.6546680944,22440639.16,99.2575069669,-5512449.77,-24.3821941768,-37826808.84,-167.3122906707,2025-10-29
2756,300451,创业慧康,-280234378.77,29.9447027736,-205443881.78,-73.3114483247,-82166120.37,-29.3204997655,7375623.38,2.6319480902,2025-10-29
2757,300449,汉邦高科,-191437977.06,42.242142185,-151633833.7,-79.2078123833,-1753950.59,-0.9161978292,-38050192.77,-19.8759897876,2025-10-29
2758,300446,航天智造,-1301257024.0,22.3818223948,358242476.84,27.5304932256,-1391923069.98,-106.9675739925,-267518982.97,-20.5585044335,2025-10-29
2759,300444,双杰电气,-100350982.78,8.0809409162,-307510843.18,-306.435308017,-423073736.13,-421.5940137403,630296172.72,628.0916790838,2025-10-29
2760,300443,金雷股份,-366900991.31,24.3261566128,-280055766.88,-76.3300654708,-102327384.03,-27.8896450142,10593537.23,2.8873013377,2025-10-29
2761,300439,美康生物,-96225368.38,73.3830518517,144977744.95,150.664785587,-150217872.4,-156.1104674671,-90497945.04,-94.0479070785,2025-10-29
2762,300433,蓝思科技,-3678378926.55,-271.5634387011,5843668374.18,158.8653178714,-6966342932.98,-189.3862234447,-2688537931.05,-73.0902928908,2025-10-29
2763,300432,富临精工,262620899.35,193.1258022024,116058158.38,44.1922781725,-744733528.1,-283.577403757,885185871.63,337.0584267364,2025-10-29
2764,300427,红相股份,24843816.1,111.7873793049,131135.71,0.5278404472,48388315.41,194.7700595401,-23759682.77,-95.636204496,2025-10-29
2765,300426,华智数媒,-114778046.32,-35.0405974712,-192490278.65,-167.7065299695,-12063960.0,-10.5106859602,89830932.21,78.2649078723,2025-10-29
2766,300423,昇辉科技,-219531535.11,-26.9919567804,-17278420.76,-7.8705871352,-198429941.3,-90.3878985771,-3823173.05,-1.7415142877,2025-10-29
2767,300419,ST浩丰,-96549480.62,42.7314121462,-75035737.56,-77.7173912052,-1745337.4,-1.8077128834,-19758848.03,-20.4649967075,2025-10-29
2768,300415,伊之密,55382617.27,129.8638424093,131840670.45,238.0542432786,-249667152.18,-450.8041773519,183136662.85,330.6753488322,2025-10-29
2769,300406,九强生物,-387239357.06,-236.8683926917,426833571.19,110.224739146,-249587544.21,-64.4530416807,-564320387.09,-145.7290889476,2025-10-29
2770,300404,博济医药,-125391571.97,52.8243336135,7794974.9,6.2165062432,-151446023.16,-120.778470818,18593184.08,14.8280971264,2025-10-29
2771,300400,劲拓股份,34310126.82,157.7286287849,138808994.01,404.5714979086,-11769156.69,-34.302282681,-89108810.75,-259.7157720153,2025-10-29
2772,300381,溢多利,-13804376.0,-157.5412417023,56054193.54,406.0610457148,-85945758.88,-622.5979274978,14250625.78,103.232668974,2025-10-29
2773,300370,安控科技,-60949457.41,-273.7060725762,-43130253.67,-70.7639665762,-18000069.87,-29.5327811516,183526.45,0.3011125247,2025-10-29
2774,300365,恒华科技,-225827633.95,36.1899469161,-259805845.24,-115.046082136,36623649.57,16.2175234844,-2623211.67,-1.1615990586,2025-10-29
2775,300355,蒙草生态,-276157103.81,52.6348058599,-293754386.44,-106.3721998773,-31676837.03,-11.470585617,49274119.66,17.8427854943,2025-10-29
2776,300352,北信源,-34587838.34,48.8594715047,31229025.24,90.2890343508,-15191012.85,-43.9200990263,-50625850.73,-146.3689353245,2025-10-29
2777,300350,华鹏飞,-60768538.84,-154.388401176,-114100576.86,-187.7625808322,-8822240.96,-14.5177770083,62526934.37,102.8935952115,2025-10-29
2778,300347,泰格医药,-448588449.28,91.75093872,739557629.57,164.8632796402,493706798.02,110.0578489732,-1684788363.95,-375.5755117311,2025-10-29
2779,300346,南大光电,145127904.52,116.1632071465,625603737.83,431.0706062346,-134588904.57,-92.7381298691,-344226402.03,-237.1882948138,2025-10-29
2780,300339,润和软件,-131131454.43,30.5511895106,-338127811.49,-257.8540846357,-137723777.47,-105.0272629619,344668566.24,262.8420219529,2025-10-29
2781,300323,华灿光电,-192741414.8,62.9223587088,-539175757.96,-279.7404795018,-884600278.82,-458.9570330476,1230267967.71,638.2997494268,2025-10-29
2782,300307,慈星股份,-91752647.66,-61.6754843124,-50812730.81,-55.3801248312,21803062.46,23.7628700817,-69343293.87,-75.5763409978,2025-10-29
2783,300300,海峡创新,-7025728.59,63.1444309652,-85838871.22,-1221.7789247108,101839861.32,1449.5274051001,-23037442.99,-327.9011236328,2025-10-29
2784,300299,富春股份,6920515.43,138.8537641869,7228650.64,104.4524893141,-10510188.85,-151.8700298599,9519321.58,137.5522051253,2025-10-29
2785,300289,利德曼,41480168.53,124.0751137421,9681515.67,23.3401068826,34327843.84,82.7572429345,-2540564.99,-6.1247701734,2025-10-29
2786,300281,金明精机,43204447.92,70.5748276722,-1716813.15,-3.9736953778,52664911.7,121.8969671769,-7720551.6,-17.869807327,2025-10-29
2787,300278,华昌达,13690539.46,102.7241032766,211440410.46,1544.4271650344,-214488459.27,-1566.6910708426,16665347.06,121.7289290074,2025-10-29
2788,300274,阳光电源,4624394557.95,1992.854197936,9913690247.24,214.3781228658,176367496.03,3.8138505229,-5463585916.71,-118.1470535925,2025-10-29
2789,300265,通光线缆,-60465917.67,79.7683953026,47372193.98,78.3452824425,-98946808.9,-163.6406304788,-8652957.04,-14.3104700523,2025-10-29
2790,300263,隆华科技,149984156.21,148.0149610669,154464272.97,102.9870600157,-95418362.5,-63.6189614364,90973778.57,60.6555924765,2025-10-29
2791,300261,雅本化学,86619730.61,2194.3378387358,5039810.55,5.8183170445,-82047974.01,-94.7220378454,162729697.72,187.8667788205,2025-10-29
2792,300251,光线传媒,1238699415.18,355.9128326043,3050943900.26,246.3021991349,-1250706855.17,-100.969358655,-560706394.73,-45.2657350007,2025-10-29
2793,300248,新开普,-167226676.3,22.985506797,-27067633.03,-16.186193273,-165161415.59,-98.764993268,25002372.32,14.951186541,2025-10-29
2794,300239,东宝生物,-49901618.32,59.8562943228,61417693.72,123.0775589805,-42377549.85,-84.9221954652,-68891600.13,-138.054841605,2025-10-29
2795,300238,冠昊生物,36950834.68,348.3737140459,52635840.17,142.4483117251,-30761002.58,-83.2484647408,15179779.24,41.0810185249,2025-10-29
2796,300230,永利股份,192566042.49,169.1989967359,250290179.47,129.9762804665,200398069.94,104.0671903253,-259911691.26,-134.9727542298,2025-10-29
2797,300220,金运激光,-22174745.32,-339.7272503694,-20507787.57,-92.4826295592,-1408970.36,-6.3539415658,-1539089.68,-6.9407321608,2025-10-29
2798,300215,电科院,-67145277.34,-346.1007839049,219329672.55,326.6494401972,-190391847.46,-283.5521052299,-96419273.9,-143.5979978335,2025-10-29
2799,300204,舒泰神,103861193.5,344.672809281,-107047029.72,-103.067398046,421342.72,0.4056786811,210633737.24,202.8031164884,2025-10-29
2800,300197,节能铁汉,-47052465.2,92.1636139869,46488643.8,98.8017176197,70927120.85,150.7404990334,-163623535.93,-347.7469995132,2025-10-29
2801,300195,长荣股份,-6777179.25,71.9542697334,73622971.32,1086.3364919852,-61743391.08,-911.0485174197,-24607451.69,-363.0928264145,2025-10-29
2802,300189,神农种业,16564167.54,131.4317053484,-11919122.3,-71.9572672229,-23785422.37,-143.5956398809,52268720.31,315.5529560045,2025-10-29
2803,300171,东富龙,272223459.24,71.6560414554,323663537.11,118.8962692685,-34849113.05,-12.8016568253,-25550703.06,-9.3859299016,2025-10-29
2804,300168,万达信息,-384619620.98,15.6777349507,-564283251.81,-146.7120295039,-124773856.99,-32.4408454962,304526391.38,79.1759896711,2025-10-29
2805,300162,雷曼光电,-177285753.03,-35.8672496424,-49842885.32,-28.1144336012,-120948068.45,-68.2221026692,-6629162.46,-3.7392527864,2025-10-29
2806,300161,华中数控,-351502180.04,-34.9375005196,-8720371.57,-2.4808869092,-119517382.9,-34.001889515,-223264425.57,-63.5172235759,2025-10-29
2807,300159,*ST新研,-67758821.98,-9.8390622611,-33172558.57,-48.9568112323,-5094295.92,-7.5182769876,-29485434.73,-43.5152705853,2025-10-29
2808,300153,科泰电源,35778477.59,-47.5900755398,49250768.16,137.6547340118,-7542144.92,-21.0801169531,-6769520.56,-18.9206501114,2025-10-29
2809,300142,沃森生物,-2082155424.47,-182.7286315461,79692089.76,3.8273842972,-195330460.09,-9.3811661605,-1967425412.91,-94.4898440236,2025-10-29
2810,300141,和顺电气,-79709796.27,-237.783643441,-77602324.98,-97.3560699078,-18031486.61,-22.6214185129,15924015.32,19.9774884207,2025-10-29
2811,300140,节能环境,-1436045.76,99.9520732282,1738854881.19,121086.314212578,-338968413.54,-23604.2905443347,-1401212301.96,-97574.3490207443,2025-10-29
2812,300136,信维通信,-79780627.89,85.2615495144,1294216175.72,1622.2185885832,-890876840.56,-1116.658096234,-487606981.29,-611.1846875438,2025-10-29
2813,300134,大富科技,84503299.2,138.7491082895,14559236.46,17.2291929402,146956550.17,173.9062871642,-81662232.55,-96.637922215,2025-10-29
2814,300132,青松股份,88933089.21,143.3802848508,139465688.51,156.8209198049,-18722597.38,-21.0524536439,-31430227.1,-35.3414318329,2025-10-29
2815,300128,锦富技术,39314438.89,111.4660401157,-457156686.07,-1162.8213424312,286275884.62,728.1698345511,207903072.2,528.8211610541,2025-10-29
2816,300120,经纬辉开,26334498.69,119.2691708713,164261529.34,623.7503560391,45129283.0,171.3694402587,-185094582.17,-702.8597139777,2025-10-29
2817,300113,顺网科技,-91208619.79,87.9232357679,225528584.8,247.2667444363,-231242217.7,-253.5311007144,-85542482.22,-93.7877170129,2025-10-29
2818,300106,西部牧业,120082894.5,598.7449316548,114579783.36,95.4172397635,-15017811.53,-12.5062038124,20520922.67,17.0889640489,2025-10-29
2819,300098,高新兴,-62158919.07,77.8421883669,10581806.9,17.0237949088,-77997065.92,-125.48008731,5041245.44,8.1102527448,2025-10-29
2820,300097,ST智云,-3231946.19,-110.1586227108,7712530.18,238.6342385236,5294859.57,163.828828165,-16221649.23,-501.9158202631,2025-10-29
2821,300094,国联水产,-33352776.89,69.0692338951,115117643.19,345.151600329,-16828392.85,-50.4557473745,-133160662.5,-399.2491028234,2025-10-29
2822,300088,长信科技,333365175.13,238.8615499237,368255754.7,110.4661740856,-727124482.61,-218.1165091184,689386430.21,206.7961747778,2025-10-29
2823,300085,银之杰,-47382177.68,51.8685727522,52533716.22,110.8723127392,-2284954.69,-4.8223927263,-99683375.35,-210.3815827614,2025-10-29
2824,300081,恒信东方,-50461700.44,-287.121570788,-66164998.92,-131.1192416091,-166474824.09,-329.9033180381,182179171.82,361.0246389469,2025-10-29
2825,300077,国民技术,-173795553.79,58.5773407187,-178576589.84,-102.7509541791,-121727957.83,-70.0408929777,125985577.32,72.490679176,2025-10-29
2826,300052,ST中青宝,3211615.82,111.5264337944,17465864.76,543.8341862446,-2384008.98,-74.2308268988,-11860961.95,-369.3144701847,2025-10-29
2827,300050,世纪鼎利,-31180749.53,72.2406561028,-1462569.95,-4.6906183207,-25779706.28,-82.6782764,-4363849.91,-13.9953335817,2025-10-29
2828,300049,福瑞医科,8072767.17,-78.6194989584,212737356.54,2635.2470232335,-163839700.89,-2029.5358139259,-57499127.91,-712.2604517033,2025-10-29
2829,300047,天源迪科,-315947494.48,-496.9017522873,1221407182.68,386.5854941152,-105674225.16,-33.4467678985,-1431802309.51,-453.1772951283,2025-10-29
2830,300042,朗科科技,-71864197.65,-507.7442786521,-150714393.72,-209.7211109961,-7833920.49,-10.9010059893,81200871.18,112.9921071066,2025-10-29
2831,300039,上海凯宝,186819682.17,354.344559558,201790933.51,108.0137441441,89680937.46,48.0040092234,-104652188.8,-56.0177533675,2025-10-29
2832,300037,新宙邦,-1203687149.76,37.301901006,922498041.02,76.6393527757,-1114285096.57,-92.5726503595,-1018753719.98,-84.6360883875,2025-10-29
2833,300032,金龙机电,165181320.5,19.3031022213,53768253.76,32.5510497175,38904456.2,23.5525760917,71162402.81,43.0813863181,2025-10-29
2834,300031,宝通科技,-66997312.09,12.119679318,214790602.89,320.5958510716,-316955176.57,-473.0864070251,24559976.78,36.6581524151,2025-10-29
2835,300026,红日药业,113019400.78,122.3774834635,536836636.49,474.995118347,-93364751.89,-82.6094911543,-329758334.99,-291.7714416412,2025-10-29
2836,300020,ST银江,-154608288.53,77.1120099812,-21147931.58,-13.6783944645,-12757144.06,-8.2512678856,-120703212.89,-78.0703376498,2025-10-29
2837,300016,北陆药业,88866050.68,118.2488191107,129222252.74,145.4123951174,-140143355.52,-157.7017932581,100733352.7,113.3541458512,2025-10-29
2838,300002,神州泰岳,135720014.98,128.9505305658,648690294.91,477.9621450864,-261753917.26,-192.8631656124,-250219322.88,-184.364349589,2025-10-29
2839,003816,中国广核,12628299474.76,160.0309937978,20792177275.64,164.6474833543,-14253792253.07,-112.8718263418,6070683412.25,48.0720577175,2025-10-29
2840,003042,中农联合,-172444817.37,8.1341690815,-89965998.51,-52.1708914667,-188801129.6,-109.4849543636,102246902.23,59.2925341506,2025-10-29
2841,003037,三和管桩,-779808650.01,-17.2526460647,-248841561.32,-31.9105925943,-605010622.19,-77.584497451,74581193.61,9.564037743,2025-10-29
2842,003032,*ST传智,-216103021.89,-134.7002738173,82677280.5,38.2582713453,-256749803.82,-118.8089835924,-43732466.71,-20.2368603306,2025-10-29
2843,003031,中瓷电子,287261064.27,132.4432461685,624876010.75,217.5289617958,-122552984.89,-42.6625812313,-214872200.78,-74.8003219044,2025-10-29
2844,003016,欣贺股份,-138736634.32,-108.2056680258,152576184.61,109.9754115831,-192155180.74,-138.503562294,-100604127.94,-72.5144648586,2025-10-29
2845,003010,若羽臣,-104776020.7,-215.0273824844,-143037604.32,-136.517500249,16167586.48,15.4306170171,36146280.28,34.498619091,2025-10-29
2846,002995,天地在线,-48794756.45,38.3099991119,-95853095.19,-196.4413846152,49918534.34,102.3030710096,-2860195.6,-5.8616863944,2025-10-29
2847,002991,甘源食品,132489214.56,198.2685619939,229839801.04,173.4781218255,119087547.92,89.8847112314,-215701530.73,-162.8068605028,2025-10-29
2848,002982,湘佳股份,-48136526.44,-28.2775525312,101222845.04,210.2828195677,-249764006.85,-518.8658703102,100404635.37,208.5830507425,2025-10-29
2849,002952,亚世光电,-95039927.09,-391.1245513715,-45255565.29,-47.6174242507,-38631726.3,-40.6478913472,-12389208.18,-13.0357930181,2025-10-29
2850,002948,青岛银行,-8831287000.0,-167.0045108784,13055237000.0,147.8293820595,-28654541000.0,-324.4661961501,6760581000.0,76.5526134526,2025-10-29
2851,002937,兴瑞科技,-187767085.74,-436.591815811,201331215.87,107.2239125811,-233119951.49,-124.153789026,-155681073.76,-82.9118016858,2025-10-29
2852,002919,名臣健康,-43856744.83,-25.0924324919,39902804.53,90.9844191234,-57270312.72,-130.5849600603,-26491701.2,-60.405078632,2025-10-29
2853,002917,金奥博,-210597874.44,12.4298633926,205530918.26,97.5940136179,-205150317.52,-97.4132896951,-210145905.82,-99.7853878529,2025-10-29
2854,002910,庄园牧场,9586122.43,120.5821383811,110663017.15,1154.4085521345,-54282853.37,-566.2649707052,-46792306.87,-488.1254877735,2025-10-29
2855,002908,德生科技,-308877158.5,18.6383583641,-136700566.6,-44.2572598323,-167680148.16,-54.2870016593,-4496443.74,-1.4557385084,2025-10-29
2856,002907,华森制药,-153583970.1,7.5382679102,24792419.87,16.1425830143,-136595761.73,-88.9388141491,-41600936.87,-27.086770086,2025-10-29
2857,002901,大博医疗,-184384652.06,-57.1872879416,468292048.05,253.9756117541,-319058783.65,-173.0397731511,-338987025.69,-183.8477454076,2025-10-29
2858,002898,*ST赛隆,-20136624.65,24.4498986796,-36788916.03,-182.6965376245,-14084522.42,-69.9448028893,30736813.8,152.6413405138,2025-10-29
2859,002888,惠威科技,-10046148.16,-4.9847723537,-6941100.74,-69.0921597955,19810794.43,197.1979122195,-22933992.05,-228.2864206733,2025-10-29
2860,002884,凌霄泵业,49135151.96,104.2899888124,299131923.82,608.7941359447,107730574.8,219.2535700056,-357682509.0,-727.9564522181,2025-10-29
2861,002875,安奈儿,-26076335.91,91.3776286223,-42993990.33,-164.8774217298,-5720285.03,-21.9366902227,22637939.45,86.8141119524,2025-10-29
2862,002870,香山股份,53326097.2,-84.4333683416,399134897.62,748.4794848628,-407480716.69,-764.1300190444,58039609.41,108.8390346519,2025-10-29
2863,002867,周大生,-67138731.99,-111.9992426986,580450183.37,864.5533899217,-149370950.49,-222.4810419599,-495557062.89,-738.1090589614,2025-10-29
2864,002861,瀛通通讯,130393299.84,2112.2912223915,29462794.45,22.595328507,119615028.19,91.7340295374,-18554000.45,-14.2292590745,2025-10-29
2865,002860,星帅尔,-34934494.11,92.9837417483,79218176.69,226.7620548349,91459746.33,261.8035516473,-206607047.82,-591.4127371344,2025-10-29
2866,002859,洁美科技,36432534.67,145.8623101894,206568209.08,566.9883002955,-594697838.94,-1632.3262828861,427893255.37,1174.4811587933,2025-10-29
2867,002850,科达利,145106209.5,337.2190287412,1928648069.47,1329.1285577066,-1355330688.21,-934.0266642483,-429813224.79,-296.2059489191,2025-10-29
2868,002835,同为股份,38784732.12,227.6229195461,90003868.22,232.0600486334,4815025.21,12.414744016,-56018304.24,-144.433907824,2025-10-29
2869,002830,名雕股份,-9996492.35,91.7391951345,101030570.87,1010.6602129296,-59322655.73,-593.4347134273,-51704407.49,-517.2254995023,2025-10-29
2870,002826,易明医药,-129715059.19,-14.8289831643,149597994.83,115.3281629474,-283730088.64,-218.7333455435,4804441.17,3.7038422524,2025-10-29
2871,002824,和胜股份,463594320.74,340.8020152728,396957433.96,85.6260347034,-385860217.11,-83.232300278,453074048.48,97.730715889,2025-10-29
2872,002820,桂发祥,-41810466.96,81.3030300084,63266654.11,151.3177410109,-56053300.37,-134.0652340086,-49023820.7,-117.2525070024,2025-10-29
2873,002813,路畅科技,-14327393.17,-293.0673255896,-68368572.87,-477.1878042208,11925671.91,83.2368580139,42079734.72,293.7012631726,2025-10-29
2874,002810,山东赫达,58186302.83,-30.7793669356,106895050.11,183.7117068983,-178671017.2,-307.0671421108,125582336.28,215.8280044823,2025-10-29
2875,002807,江阴银行,893119000.0,283.1460420708,-3410713000.0,-381.8878559296,4799707000.0,537.4095725206,-495322000.0,-55.4597987502,2025-10-29
2876,002806,华锋股份,-21285267.41,-192.4658338909,-20294430.16,-95.3449621707,2483676.17,11.6685222796,-3515777.31,-16.5174213801,2025-10-29
2877,002790,瑞尔特,-45200516.65,-129.8924897132,136566604.64,302.1350523435,-68236941.5,-150.9649591583,-109096931.27,-241.3621333463,2025-10-29
2878,002789,*ST建艺,-113714290.48,-242.8429688263,-712962749.56,-626.9772660503,38961629.44,34.2627380214,560257371.06,492.6886222436,2025-10-29
2879,002780,三夫户外,-41672725.99,35.0088269442,-10707435.24,-25.6941080422,-8432109.72,-20.2341208061,-22533181.03,-54.0717711517,2025-10-29
2880,002779,中坚科技,12320005.38,-69.4375819739,46831089.43,380.1223131446,-133447734.42,-1083.1791894883,95569259.73,775.7241720458,2025-10-29
2881,002778,中晟高科,230021910.8,577.0297786037,94920856.76,41.2660065425,334873292.55,145.5832148274,-199772238.51,-86.8492213699,2025-10-29
2882,002775,文科股份,-79249566.6,-183.256638282,-208043659.67,-262.5170945351,-370569449.85,-467.5980775017,499363542.92,630.1151720368,2025-10-29
2883,002773,康弘药业,-1844021273.38,-31.1151311296,1408275688.02,76.369817873,-2732633098.12,-148.1888054963,-519112267.76,-28.1510997326,2025-10-29
2884,002769,普路通,59162931.71,122.3627146221,228530110.84,386.2724585053,-171636535.51,-290.1082325523,3089546.61,5.2220985687,2025-10-29
2885,002768,国恩股份,549238218.21,79.650324254,402812683.33,73.3402501819,-291599898.37,-53.091698411,444483669.43,80.927301614,2025-10-29
2886,002767,先锋电子,-145223449.58,-198.0967887441,-3190264.97,-2.1967974037,-135360830.46,-93.2086593808,-6664391.67,-4.5890602993,2025-10-29
2887,002759,天际股份,-313056212.11,52.3708411046,-367978925.5,-117.5440420172,-326845546.02,-104.4047469357,379348591.78,121.1758710115,2025-10-29
2888,002755,奥赛康,34668447.97,-53.4583654422,601826250.71,1735.9480621422,-467786557.39,-1349.3149673005,-98203307.07,-283.2642152166,2025-10-29
2889,002752,昇兴股份,104853635.13,157.3719395765,545735626.84,520.4737309902,-268485463.07,-256.0573724861,-173491240.28,-165.4603963562,2025-10-29
2890,002745,木林森,-104732760.48,74.1424312911,487596641.41,465.5626751126,-567241292.13,-541.6082699723,-248247522.79,-237.0294849981,2025-10-29
2891,002742,*ST三圣,-17702550.04,51.8432565169,11604243.54,65.5512539932,-5994795.76,-33.864023807,-19346157.36,-109.2845794323,2025-10-29
2892,002730,电光科技,44149442.8,127.4947348063,16804086.34,38.0618310771,-91529735.63,-207.3179859701,118875092.09,269.2561548931,2025-10-29
2893,002721,金一文化,-429140521.5,0.0742195562,7764872.17,1.8094008328,-445067451.99,-103.7113555332,8162058.32,1.9019547004,2025-10-29
2894,002697,红旗连锁,224754782.88,144.1475362374,877749707.84,390.5366090957,-7786841.92,-3.4645945329,-645208083.04,-287.0720145629,2025-10-29
2895,002696,百洋股份,-26174914.25,-814.1205345177,-406478986.35,-1552.9334020645,-159638098.9,-609.8896728955,537691487.06,2054.2244453007,2025-10-29
2896,002694,顾地科技,12037080.53,103.7479499692,-26213407.46,-217.7721366462,-25152631.1,-208.9595648821,63403119.09,526.7317015283,2025-10-29
2897,002692,远程股份,-152628190.59,-653.0077625048,-198932238.17,-130.3378081081,-31681250.71,-20.7571422996,77990873.27,51.0986030618,2025-10-29
2898,002689,ST远智,109803189.21,201.6018584243,128760638.69,117.264935214,-44549390.66,-40.572037097,24093136.1,21.9421095811,2025-10-29
2899,002679,福建金森,-95474127.25,38.6672834765,-40129034.53,-42.0313185214,-20119544.68,-21.0732952052,-35225548.04,-36.8953862734,2025-10-29
2900,002677,浙江美大,-307058020.81,33.1815397821,-5451096.59,-1.7752659825,-106443116.12,-34.6654732676,-195163808.1,-63.5592607499,2025-10-29
2901,002675,东诚药业,221439784.43,51.268792059,340994327.57,153.9896403204,-350921807.98,-158.4727915462,228884431.24,103.3619283135,2025-10-29
2902,002674,兴业科技,300790129.2,40.9863595886,272561651.31,90.6152246535,-50158275.61,-16.6755058563,82110760.68,27.2983561324,2025-10-29
2903,002673,西部证券,1493319758.52,-79.6453793783,3032126200.27,203.0460109411,-528480979.65,-35.3896730178,-1009600467.16,-67.6077887137,2025-10-29
2904,002661,克明食品,207782314.51,603.3969606097,513831907.47,247.293379459,-214685906.36,-103.3225117673,-90917605.24,-43.7561808157,2025-10-29
2905,002653,海思科,349380737.0,196.285711923,389155044.55,111.3842302502,-107439333.67,-30.751361564,71014940.84,20.3259462585,2025-10-29
2906,002644,佛慈制药,51772542.75,195.1383645116,93505221.89,180.607744807,-17798690.52,-34.3786292397,-23933988.62,-46.2291155672,2025-10-29
2907,002640,跨境通,142813160.79,608.0156877653,-147322036.8,-103.1571852237,-229921.75,-0.1609947912,291324324.44,203.9898303689,2025-10-29
2908,002638,勤上股份,315091218.52,208.9859906699,3605609.5,1.1443065652,313120800.05,99.3746514171,-4790579.83,-1.5203787184,2025-10-29
2909,002637,赞宇科技,51762659.12,375.2805683235,621806204.89,1201.264029826,-340549764.59,-657.9062404822,-217116523.36,-419.4462321896,2025-10-29
2910,002635,安洁科技,249556061.61,3625.8063614332,574935768.72,230.3834116514,-208336420.56,-83.4828131266,-126192774.88,-50.5669043124,2025-10-29
2911,002634,棒杰股份,-110388668.29,59.4569232486,64404048.29,58.3429887213,-13611118.22,-12.3301770289,-163495417.83,-148.1088778066,2025-10-29
2912,002630,ST华西,19399223.07,133.7883704559,75288103.76,388.098551619,6964228.66,35.8995235782,-62914033.99,-324.3121323106,2025-10-29
2913,002620,ST瑞和,25617659.81,139.3972230549,31748006.0,123.9301569131,1076600.0,4.2025696648,-7206945.99,-28.1327257972,2025-10-29
2914,002617,露笑科技,-206847782.47,68.3344084161,-15104540.13,-7.3022490015,-103202951.27,-49.8931871725,-90384268.51,-43.6960297233,2025-10-29
2915,002606,大连电瓷,19450295.18,110.7897003018,124878535.5,642.0392818943,-184659868.56,-949.3936562458,77976183.43,400.8997432089,2025-10-29
2916,002599,盛通股份,-104049896.05,22.6133138692,107940218.86,103.7389011981,-114119413.48,-109.6775852858,-97420296.06,-93.6284415058,2025-10-29
2917,002586,ST围海,-397021373.94,-198.4765923554,-406447634.55,-102.3742451235,492236903.79,123.982469484,-482810643.18,-121.6082243605,2025-10-29
2918,002582,好想你,16750187.51,106.3862076119,198512743.05,1185.1374376047,234117305.58,1397.6996104684,-415879861.12,-2482.8370480731,2025-10-29
2919,002581,ST未名,-194816355.46,-182.9041401843,-230135432.67,-118.1294209753,39303553.71,20.1746684036,-3984476.5,-2.0452474283,2025-10-29
2920,002570,贝因美,163949553.83,1341.7725289276,102843471.37,62.7287290313,-42751971.26,-26.0762961907,98560078.31,60.1161003538,2025-10-29
2921,002558,巨人网络,2756310870.96,7614.3972472921,1851250272.84,67.1640594805,-19003128.36,-0.6894406781,924520682.65,33.5419597401,2025-10-29
2922,002555,三七互娱,692665705.02,159.2431993166,2967054364.94,428.3530054161,-972507888.59,-140.4007563161,-1299216992.23,-187.5676798799,2025-10-29
2923,002552,宝鼎科技,-88944706.51,-36.4373092549,-82501386.35,-92.755813794,-69798311.29,-78.4738227026,63379679.8,71.2573938201,2025-10-29
2924,002544,普天科技,-531106628.05,41.7244142545,-169823733.56,-31.9754498609,-142225180.79,-26.7790257697,-218758453.5,-41.189177831,2025-10-29
2925,002537,海联金汇,-261428063.52,53.1448916007,70575125.55,26.9960021123,-833509591.39,-318.8294248778,502763036.52,192.314103448,2025-10-29
2926,002534,西子洁能,-502980163.88,24.4913685652,347612624.71,69.1106030959,-438591571.1,-87.1985820905,-410509635.11,-81.6154720582,2025-10-29
2927,002531,天顺风能,-496519730.74,-282.6017428746,290354597.62,58.4779576004,-1652462532.69,-332.8090366575,860508799.48,173.3080774449,2025-10-29
2928,002528,ST英飞拓,-81108928.8,50.1108874197,-55706073.36,-68.6805684456,6798428.82,8.381850088,-33081016.47,-40.7859121794,2025-10-29
2929,002527,新时达,-74812944.84,36.9968807751,55427786.43,74.0884970489,21797577.39,29.1361039679,-153878248.9,-205.6839885518,2025-10-29
2930,002523,天桥起重,-279995600.32,-80.42076032,-56376839.6,-20.134901954,-166567132.21,-59.4891962658,-56918918.33,-20.3285045426,2025-10-29
2931,002512,ST达华,-53004.47,99.9775708679,-8648927.94,-16317.3557626366,7134249.26,13459.7124733065,1652082.51,3116.8739353492,2025-10-29
2932,002490,山东墨龙,70497038.3,195.6840671767,223948223.9,317.6704004883,-30048307.13,-42.6235028515,-120390660.46,-170.774068476,2025-10-29
2933,002474,榕基软件,-53286796.34,-61.9276730186,-5924265.79,-11.1176993119,-60661722.57,-113.8400630861,17307938.23,32.4807258435,2025-10-29
2934,002472,双环传动,1484674113.84,709.2527700017,1297894691.04,87.4195002756,-1224478140.3,-82.4745396236,1407792243.65,94.8216332815,2025-10-29
2935,002463,沪电股份,1526972609.0,256.2143840754,2895195011.0,189.6035982529,-1769306968.0,-115.8702492482,360396325.0,23.6020163607,2025-10-29
2936,002460,赣锋锂业,2376333781.26,201.2180293944,-429098746.0,-18.0571748541,-2988389936.6,-125.7563209414,5797127506.28,243.9525773693,2025-10-29
2937,002452,长高电新,118506351.22,11.9036605599,277410562.18,234.0891938062,9357717.28,7.8963846103,-168536472.85,-142.2172492149,2025-10-29
2938,002448,中原内配,23107310.49,-78.5896962878,124360814.82,538.1881845307,-138938565.29,-601.2753641326,33056342.24,143.0557755923,2025-10-29
2939,002440,闰土股份,-118402745.97,-127.7113200533,725038979.81,612.3498014089,-634836830.4,-536.1673204445,-206496379.12,-174.4016808295,2025-10-29
2940,002439,启明星辰,-1192582253.7,56.8989489725,-147180105.72,-12.3412959788,-947911879.58,-79.4839833176,-96948757.03,-8.129314077,2025-10-29
2941,002437,誉衡药业,-41788037.56,82.7653776315,308264860.41,737.6868558792,-328824664.41,-786.8870701044,-20260190.15,-48.483229491,2025-10-29
2942,002430,杭氧股份,349129298.41,210.9648367534,1946829310.76,557.6241580487,-1817532044.83,-520.5899513754,205584553.04,58.884932882,2025-10-29
2943,002426,胜利精密,-81822863.85,11.8197538916,81162188.52,99.192554136,-24239518.82,-29.6243833074,-147770199.4,-180.5976868164,2025-10-29
2944,002419,天虹股份,-1555756772.29,31.1669799766,1117402999.27,71.8237592902,-1485857667.19,-95.5070672778,-1187174148.09,-76.3084673154,2025-10-29
2945,002418,康盛股份,-78919014.58,-214.382428147,-163068921.84,-206.6281778958,-66372160.33,-84.1016080639,149808587.2,189.8257194382,2025-10-29
2946,002405,四维图新,-282024297.17,21.4209167329,-250166391.07,-88.7038434562,-197399221.8,-69.9936933735,162471575.83,57.6090703746,2025-10-29
2947,002390,信邦制药,-11547859.24,48.4901040373,461582302.36,3997.1244259815,-55204990.86,-478.0538947754,-417923310.93,-3619.05442597,2025-10-29
2948,002376,新北洋,-101167995.39,19.4953391327,-27438925.83,-27.1221404795,-38085169.18,-37.6454718048,-45524399.96,-44.9988158651,2025-10-29
2949,002370,亚太药业,-146267121.75,-369.7263455981,23548958.18,16.099966895,144780598.41,98.9836927655,-314596678.34,-215.0836596605,2025-10-29
2950,002354,天娱数科,56803553.2,335.1230029273,78497589.38,138.1913365589,50028248.09,88.0723920806,-71952406.29,-126.6688476981,2025-10-29
2951,002350,北京科锐,-35399693.61,6.078260713,21505209.22,60.7497043814,5371654.31,15.1742960523,-62276557.14,-175.9240004337,2025-10-29
2952,002348,高乐股份,-12751593.59,-582.8783053661,-2814556.62,-22.0721951349,-5487499.93,-43.0338364477,-4323146.12,-33.9027909687,2025-10-29
2953,002339,积成电子,-355118301.71,-56.5740135635,-188497462.12,-53.0801879859,-29570204.79,-8.3268602738,-137300244.15,-38.6632408099,2025-10-29
2954,002337,赛象科技,12749686.57,-33.0661512874,-75487647.26,-592.0745333271,99399242.9,779.6210703241,-12472792.19,-97.8282259844,2025-10-29
2955,002331,皖通科技,-359547810.91,-6655.2351507796,-240875149.66,-66.9939135634,-209837296.08,-58.3614444902,91695017.85,25.5028719596,2025-10-29
2956,002329,皇氏集团,-135161709.97,-476.9869554189,-26230097.11,-19.4064555086,-149951842.01,-110.9425458166,41855267.59,30.9668082768,2025-10-29
2957,002328,新朋股份,-308179918.48,-321.8629453484,337406787.37,109.4837032322,-283653819.97,-92.0416298924,-358243373.79,-116.2448791462,2025-10-29
2958,002326,永太科技,-108915120.53,65.0354652415,310769377.1,285.3317111414,-365524522.58,-335.6049378647,-61275804.35,-56.2601446446,2025-10-29
2959,002301,齐心集团,-531766419.46,30.8489785188,151681796.67,28.5241397575,23153036.83,4.3539862584,-713372329.37,-134.1514438039,2025-10-29
2960,002298,中电鑫龙,109632111.98,1104.122007488,101936185.99,92.9802264583,63000294.76,57.4651838975,-55304368.77,-50.4454103558,2025-10-29
2961,002295,精艺股份,-107261488.74,-18633.4902466572,-116244978.57,-108.3753171204,-32764460.95,-30.5463417811,42333945.96,39.4679828308,2025-10-29
2962,002290,禾盛新材,156736369.99,255.5000470477,82177453.29,52.4303665418,-1740847.66,-1.1106851971,74884852.87,47.7775853012,2025-10-29
2963,002286,保龄宝,-6803665.7,-118.8273896538,158046482.48,2322.9607310071,-71427776.89,-1049.8425413524,-95982794.25,-1410.7511815285,2025-10-29
2964,002279,久其软件,-105290174.18,70.5051761103,-309416266.76,-293.8700302946,190094738.83,180.5436645066,18323855.71,17.4031963122,2025-10-29
2965,002272,川润股份,30305231.84,-67.789286965,-6955166.85,-22.9503832431,-63019850.4,-207.9503985738,100380677.98,331.2321730781,2025-10-29
2966,002265,建设工业,-1540744445.38,-295.0446732806,-980172315.76,-63.6168002227,-454655273.47,-29.5088049698,-106187266.87,-6.8919454611,2025-10-29
2967,002249,大洋电机,-884291567.08,-145.5959219898,910290137.24,102.9400450177,-1571773691.4,-177.743829062,-248633735.85,-28.1167145663,2025-10-29
2968,002246,北化股份,-95464990.23,70.6543785428,-4440972.11,-4.6519379506,-94860729.17,-99.3670338639,6573373.77,6.885638132,2025-10-29
2969,002235,安妮股份,-1834904.98,98.3366997851,10907452.61,594.4423678004,16557501.1,902.3628624083,-29459740.87,-1605.5186067455,2025-10-29
2970,002222,福晶科技,38836114.67,162.3899223207,238104508.36,613.1007449721,-226647515.18,-583.599871166,27379121.49,70.4991261939,2025-10-29
2971,002221,东华能源,-2668258572.1,-525.7591975609,712582008.52,26.7058828545,-676274420.11,-25.3451605921,-2705157397.22,-101.3828804114,2025-10-29
2972,002218,拓日新能,31671520.84,-74.9634881669,396721460.43,1252.6125992944,-377109212.58,-1190.6886773297,4076658.88,12.8716865243,2025-10-29
2973,002215,诺普信,18275003.65,113.0022991912,-41263438.08,-225.7916817434,-421168541.07,-2304.6153595159,480967625.32,2631.8332654341,2025-10-29
2974,002211,ST宏达,24916337.26,224.9027912044,18694341.36,75.0284488644,10825958.21,43.4492361258,-4603962.31,-18.4776849902,2025-10-29
2975,002210,飞马国际,77757751.12,333.8767878235,53641858.64,68.985866833,-39670247.46,-51.0177402106,63865442.48,82.1338600462,2025-10-29
2976,002201,九鼎新材,54189949.43,188.2175354907,163419088.19,301.5671538891,-146453712.71,-270.2599176609,34951329.55,64.4978080209,2025-10-29
2977,002198,嘉应制药,-206812373.73,-348.0231632536,-71227192.33,-34.4404887606,-64578523.83,-31.2256576651,-69995657.57,-33.8450046811,2025-10-29
2978,002195,岩山科技,-538342381.51,46.1463650218,-200734861.89,-37.2875829183,-322156437.92,-59.8422953468,-15099772.7,-2.804864194,2025-10-29
2979,002187,广百股份,-484267276.03,-103.3351603147,-57456498.45,-11.8646254442,583319473.02,120.454034764,-1010130250.6,-208.5894093198,2025-10-29
2980,002169,智光电气,-502344274.56,-155.9512083967,162106317.63,32.2699642137,-711994433.98,-141.7343582951,47567246.44,9.4690531671,2025-10-29
2981,002159,三特索道,-61485965.24,-139.3980861416,193019379.44,313.9242893668,-147016582.6,-239.1059195804,-107488762.08,-174.8183697864,2025-10-29
2982,002157,正邦科技,-147875939.27,-204.8473441519,282953581.99,191.3452475006,-679853881.1,-459.7461118125,246409596.72,166.6326502719,2025-10-29
2983,002153,石基信息,747972526.41,3796.1643848666,-40326916.44,-5.3914970157,773086374.14,103.3575895963,15213068.71,2.0339074194,2025-10-29
2984,002132,恒星科技,52119431.85,892.9755615324,368102046.69,706.2664223766,-18355218.45,-35.2176103969,-299308317.43,-574.2739450641,2025-10-29
2985,002129,TCL中环,-3137786149.05,-1396.2397019571,632482344.14,20.1569614402,-5492643226.4,-175.0483610256,1693913302.8,53.9843450872,2025-10-29
2986,002126,银轮股份,75459301.14,-79.750434642,701066823.59,929.0661495649,-1053845263.11,-1396.5743747809,414732393.14,549.6106999064,2025-10-29
2987,002125,湘潭电化,221239586.71,228.539879798,210964472.53,95.3556620075,-144587717.8,-65.3534568339,155476033.58,70.2749611369,2025-10-29
2988,002123,梦网科技,107943113.26,-50.0462574697,238393092.15,220.8506730539,173811077.94,161.0209977188,-303707627.05,-281.3589657345,2025-10-29
2989,002120,韵达股份,-1321739796.99,-400.1738430187,1667470197.66,126.1572210701,130781002.36,9.8946103203,-3105349291.89,-234.9440713643,2025-10-29
2990,002110,三钢闽光,-1888445008.21,-307.1122957547,385764855.9,20.4276457203,-1748358113.39,-92.5818917569,-525851750.72,-27.8457539634,2025-10-29
2991,002099,海翔药业,110526514.85,370.8224506641,16957585.89,15.3425500777,53687213.77,48.5740583089,45409226.89,41.0844646207,2025-10-29
2992,002094,青岛金王,-205663887.71,12.1049501123,-49730544.88,-24.1804944143,-137079276.46,-66.6520885053,-22629339.73,-11.0030691251,2025-10-29
2993,002090,金智科技,-83777829.37,82.6948605053,110067105.47,131.3797532088,-148534282.06,-177.2954529581,-45300162.4,-54.0717785847,2025-10-29
2994,002088,鲁阳节能,-403274024.76,-152.1074898735,13030298.87,3.231127737,-9674930.7,-2.3990959263,-407860047.98,-101.1371977709,2025-10-29
2995,002065,东华软件,-664168275.85,40.450254109,613810955.78,92.4179877448,-110398925.47,-16.6221316923,-1166283992.86,-175.6006776095,2025-10-29
2996,002053,云南能投,-1307844635.16,8.9557291694,1228049867.88,93.8987579155,-2569205540.15,-196.4457758269,33311037.11,2.5470179113,2025-10-29
2997,002048,宁波华翔,-896878444.31,6.813364219,1679497415.12,187.2603166879,-1081305387.85,-120.5632039336,-1491570699.89,-166.3068958065,2025-10-29
2998,002046,国机精工,-22331536.36,91.5999436853,-727939415.17,-3259.6924969026,-450979802.48,-2019.4750383936,1156668409.66,5179.5290346965,2025-10-29
2999,002043,兔宝宝,-253289156.24,62.3013251476,472717962.99,186.6317413692,-114202711.63,-45.0878803204,-611544612.26,-241.4412923704,2025-10-29
3000,002041,登海种业,450604823.01,87.3609317158,207227403.35,45.9887228827,257993055.79,57.2548367473,-14615636.13,-3.24355963,2025-10-29
3001,002017,东信和平,1550441.57,-92.8983460163,111484034.2,7190.4698865885,-13700317.25,-883.6397007854,-97497596.05,-6288.3760301912,2025-10-29
3002,002016,世荣兆业,673726450.77,214.8985238459,12401688.53,1.8407602248,-164405193.24,-24.4023658344,825729955.48,122.5616056096,2025-10-29
3003,002004,华邦健康,-277600370.72,-303.1939781021,1131901142.14,407.7448236846,-449614603.23,-161.964698413,-971013081.29,-349.7881068284,2025-10-29
3004,002003,伟星股份,219201791.12,214.0615680264,724885530.17,330.6932513946,-658390589.99,-300.3582163385,148936163.9,67.9447750582,2025-10-29
3005,002001,新和成,1903443734.77,-20.5753749446,5642188919.25,296.4200525702,-1627169820.07,-85.4855749265,-2142708940.46,-112.5701223167,2025-10-29
3006,001896,豫能控股,1494972459.06,226.6164569775,3249915675.67,217.3896686842,-1225179337.06,-81.9533048676,-529763879.55,-35.4363638166,2025-10-29
3007,001387,雪祺电气,-116216273.83,-184.6203048956,172661772.16,148.5693582059,-298971008.47,-257.2539960344,14175524.6,12.1975383764,2025-10-29
3008,001378,德冠新材,-286961010.58,64.8406019985,151355756.0,52.7443626206,-375803238.4,-130.9596860007,-62217053.04,-21.6813611418,2025-10-29
3009,001358,兴欣新材,-431760253.12,-14.6573340081,30771962.65,7.1270948235,-427807700.29,-99.0845491679,-33506518.64,-7.7604453856,2025-10-29
3010,001319,铭科精技,-66734420.1,8.6040976663,94957826.22,142.2921276273,-102909935.56,-154.208181334,-61643313.08,-92.3710927399,2025-10-29
3011,001314,亿道信息,-251427002.57,66.5876760308,-423054291.19,-168.2612793637,-287904860.57,-114.508329506,462368188.26,183.8975859927,2025-10-29
3012,001311,多利科技,-204633022.08,-553.8550881246,268840326.71,131.3768051595,-303783964.29,-148.4530508332,-169632603.48,-82.8960065955,2025-10-29
3013,001308,康冠科技,-563464359.98,-211.9244332296,681353687.05,120.9222331425,-1755782855.11,-311.6049531815,501138187.0,88.9387550648,2025-10-29
3014,001286,陕西能源,-44364891.87,88.9421218054,6683578088.41,15065.0160671968,-4011678101.78,-9042.4611279009,-2716264878.5,-6122.554939296,2025-10-29
3015,001282,三联锻造,-1302721.17,98.4960555636,18816259.08,1444.3811548714,-227467870.87,-17460.9790727512,205010521.98,15737.099135343,2025-10-29
3016,001278,一彬科技,113980012.95,162.6019367561,-7234138.08,-6.346847919,-236088715.21,-207.131679581,357289855.89,313.467112911,2025-10-29
3017,001267,汇绿生态,-84059681.34,-20.9111577303,-225813322.65,-268.6345213904,13762307.25,16.3720668823,128767809.69,153.1861739627,2025-10-29
3018,001236,弘业期货,759810690.19,-63.8794489091,874254026.51,115.0620855692,-70702197.61,-9.3052385973,-43797655.77,-5.7642852799,2025-10-29
3019,001231,农心科技,-83764210.49,70.5653443804,-112232561.16,-133.9862937924,-111557712.86,-133.1806414785,140178932.54,167.3494344661,2025-10-29
3020,001228,永泰运,282482031.31,178.0091129257,-157809072.36,-55.8651718936,-110760501.07,-39.2097509907,546189720.86,193.3537925676,2025-10-29
3021,001212,中旗新材,-7625526.09,77.3483830943,19468657.18,255.3090363894,2894271.2,37.9550363587,-29832640.2,-391.220747892,2025-10-29
3022,000997,新大陆,-401369219.85,-52.2786454315,133611128.38,33.2888327685,-184491176.03,-45.9654519843,-364173890.37,-90.7328894094,2025-10-29
3023,000993,闽东电力,123438936.13,1412.0545395374,226308348.18,183.3362756316,-77024774.06,-62.3990909796,-25844637.99,-20.937184652,2025-10-29
3024,000981,山子高科,-359761192.19,-2464.9694960243,-193300195.68,-53.7301409591,-158279996.0,-43.9958504241,-9018823.12,-2.5068916036,2025-10-29
3025,000958,电投产融,2014322378.29,336.4721712672,-38562854.47,-1.9144331059,516745638.44,25.6535718418,1536114784.17,76.259629577,2025-10-29
3026,000921,海信家电,44625696.72,107.2826883882,6981159028.2,15643.809601456,-5238762627.34,-11739.340811215,-1723690722.26,-3862.5519576202,2025-10-29
3027,000920,沃顿科技,33852733.55,-84.1603178376,121955659.4,360.253505732,-13295325.88,-39.2740097646,-75600296.67,-223.3210991908,2025-10-29
3028,000908,*ST景峰,-38869342.97,-545.2950556641,30237662.81,77.7930896165,63727460.97,163.9530182416,-132753968.54,-341.5390083708,2025-10-29
3029,000897,津滨发展,-605306306.67,-679.4178417698,-662574147.04,-109.4609687259,86155628.24,14.2333934556,-28887787.87,-4.7724247297,2025-10-29
3030,000895,双汇发展,104736795.37,-96.8096502032,5995465900.37,5724.3167305148,-5679073203.65,-5422.2331164399,-215232890.92,-205.4988317713,2025-10-29
3031,000886,海南高速,-56799763.71,86.2462473844,-139852579.19,-246.2203538452,-156351755.89,-275.2683209886,239404571.37,421.4886748338,2025-10-29
3032,000880,潍柴重机,-440546952.1,-477.5110700832,413119575.1,93.7742442958,-736648974.47,-167.2123643027,-120334364.58,-27.3147649771,2025-10-29
3033,000839,国安股份,-118599616.87,-112.2648371638,73738778.98,62.1745507499,137106172.65,115.6042289751,-329436315.05,-277.7718206384,2025-10-29
3034,000823,超声电子,-182139791.77,67.2362985613,554509782.18,304.4418667614,-494285372.6,-271.3769285649,-256230786.29,-140.678093348,2025-10-29
3035,000819,岳阳兴长,26352802.02,103.6786330619,-84683401.15,-321.3449601516,-197501004.65,-749.4497340363,308282826.88,1169.8294042737,2025-10-29
3036,000777,中核科技,-301267926.85,-145.3128678024,-303476512.47,-100.7330968295,-22527936.56,-7.4777082299,24905828.91,8.2670031193,2025-10-29
3037,000762,西藏矿业,-232904876.34,67.3644044719,65488494.8,28.1181295253,-227423245.11,-97.6464077025,-70970126.03,-30.4717218228,2025-10-29
3038,000761,本钢板材,-751670355.81,-238.8684691718,-98960183.5,-13.165369997,-1382825395.92,-183.9669989952,713078973.76,94.8659167211,2025-10-29
3039,000759,中百集团,-240015781.49,-1937.4933972895,118540321.43,49.3885529919,-24135624.14,-10.0558488238,-334420478.78,-139.332704168,2025-10-29
3040,000758,中色股份,-408031820.98,60.7665101656,-315251560.05,-77.2615134018,-63966709.91,-15.6768924924,-77062313.11,-18.8863488453,2025-10-29
3041,000738,航发控制,369804965.64,201.9389503051,673334542.37,182.078285835,-71728025.44,-19.3961769323,-229510956.49,-62.0627027257,2025-10-29
3042,000735,罗牛山,-818644931.37,-175.163231135,-72563477.97,-8.8638523479,-556360769.09,-67.961181676,-189720684.31,-23.1749659761,2025-10-29
3043,000727,冠捷科技,-1105652381.03,-218.9787436578,-3314781701.87,-299.8032436544,-553507089.92,-50.0615834974,2732491357.4,247.1383776929,2025-10-29
3044,000713,国投丰乐,120323426.5,366.2490582814,136496264.48,113.4411381478,-78062920.37,-64.8775742519,61966730.54,51.5001378722,2025-10-29
3045,000711,ST京蓝,-8797568.39,98.0418524762,-57676348.62,-655.594205844,-6741858.63,-76.6332051214,55620638.86,632.2274109653,2025-10-29
3046,000709,河钢股份,4510162750.52,216.1068502569,8691305408.14,192.7049175141,-9291916354.15,-206.021752831,5108320182.27,113.2624356334,2025-10-29
3047,000695,滨海能源,1914278.65,104.2895526953,-140787482.31,-7354.5971120767,-68336465.03,-3569.8285111209,211038225.99,11024.4256231975,2025-10-29
3048,000692,惠天热电,-115146864.74,-22.4950132279,-484177270.74,-420.4867165365,-173670801.64,-150.8254714813,542701207.64,471.3121880178,2025-10-29
3049,000691,*ST亚太,5229884.1,-71.9992096792,10570310.17,202.1136600331,4146253.06,79.2800180792,-9568590.23,-182.9598906408,2025-10-29
3050,000690,宝新能源,-437358689.28,63.330750745,1446149921.12,330.6553537328,-1633015832.13,-373.3813622906,-250207069.94,-57.2086655811,2025-10-29
3051,000688,国城矿业,959663421.83,10040.5343399033,-316310698.99,-32.9605872012,1485691559.41,154.8138155122,-209725883.42,-21.8541082893,2025-10-29
3052,000686,东北证券,3468090116.59,3.2696496597,-2606332666.69,-75.1518149492,-626730382.32,-18.0713407452,6701730736.23,193.2398095474,2025-10-29
3053,000659,珠海中富,43110927.34,42.2594832005,77497571.81,179.7631751199,-128014070.2,-296.9411193371,93065974.1,215.8756024106,2025-10-29
3054,000636,风华高科,-226244664.22,-462.8407494063,258781353.48,114.3811962913,-286144098.62,-126.4755125194,-194842777.98,-86.1203859334,2025-10-29
3055,000619,海螺新材,37146058.81,-68.9648018709,173333255.41,466.6262342839,-140515838.34,-378.2792652613,4328641.74,11.6530309774,2025-10-29
3056,000615,*ST美谷,-19902487.54,48.9526934381,10264289.36,51.5728968018,-1035799.46,-5.2043718551,-29130977.44,-146.3685249467,2025-10-29
3057,000598,兴蓉环境,-203291653.97,-134.1542494373,2399067521.56,1180.1111726476,-2469888924.88,-1214.948511976,-132470250.65,-65.1626606715,2025-10-29
3058,000565,渝三峡A,-13300881.87,85.2134119384,-37754428.95,-283.8490659417,-23766493.3,-178.683590549,48220040.38,362.5326564907,2025-10-29
3059,000558,天府文旅,12216806.99,-35.4504638278,-357837257.75,-2929.0571426962,-28850297.11,-236.1525162312,398904361.85,3265.2096589274,2025-10-29
3060,000532,华金资本,221058346.98,567.0243213523,158539045.44,71.7181900642,257205815.1,116.3520032669,-194311296.3,-87.9004565784,2025-10-29
3061,000529,广弘控股,-70004516.9,94.8068740624,-141972502.23,-202.804773916,-294986026.33,-421.3814185039,366954011.66,524.1861924198,2025-10-29
3062,000525,红太阳,-7508099.66,-34.2115537235,187424075.3,2496.2917887001,-156776795.25,-2088.1022142692,-47922373.75,-638.27567454,2025-10-29
3063,000514,渝开发,-2872615.3,-101.5589072032,60407219.85,2102.864934612,-24434316.55,-850.5948064121,-38845518.6,-1352.2701281999,2025-10-29
3064,000507,珠海港,-1279347020.08,-1006.2483616172,692624991.62,54.1389459426,-1123006305.53,-87.7796475783,-850814770.93,-66.5038302803,2025-10-29
3065,000429,粤高速A,1157600031.11,760.2335490725,3044711345.74,263.0192867929,-1019183439.25,-88.0427964634,-868336719.57,-75.0118085897,2025-10-29
3066,000428,华天酒店,4695769.56,110.3311101204,22738673.26,484.2374177322,-30944823.76,-658.9936615203,12901920.06,274.7562437881,2025-10-29
3067,000411,英特集团,-23169388.93,82.712845702,-1112686631.32,-4802.3995569399,-700934557.56,-3025.2613035142,1790510785.4,7727.9154439918,2025-10-29
3068,000403,派林生物,-747543269.3,-10.7982183051,-96486845.09,-12.9071920051,-575403916.88,-76.9726570368,-75628923.45,-10.1169961066,2025-10-29
3069,000401,金隅冀东,-1384181978.45,-289.5000403262,2073210527.19,149.7787544895,-2091549895.99,-151.1036791804,-1371164804.03,-99.0595763691,2025-10-29
3070,000158,常山北明,-1075212167.13,49.5455719665,-1077023946.49,-100.1685043581,-989938719.91,-92.0691515752,991935854.61,92.2548948881,2025-10-29
3071,000063,中兴通讯,-1225018000.0,93.6975298127,1777478000.0,145.0981128441,-4540480000.0,-370.6459823447,1583210000.0,129.2397336202,2025-10-29
3072,000062,深圳华强,-551072780.05,-29.8749657854,349380513.89,63.4000673846,-84795697.39,-15.3873862872,-831063037.21,-150.8082175887,2025-10-29
3073,000060,中金岭南,2070395274.84,305.63731356,2031873892.6,98.1394189454,-852303066.39,-41.1662003265,910441232.67,43.9742711807,2025-10-29
3074,000059,华锦股份,-4744562771.75,-4.7213664994,-3804299497.6,-80.1822987832,-313404781.94,-6.6055566554,-626858492.21,-13.2121445614,2025-10-29
3075,000055,方大集团,-436542670.53,-844.3298296849,-194260921.87,-44.4998702267,-172095722.38,-39.42242855,-70761650.84,-16.2095610846,2025-10-29
3076,000049,德赛电池,-103540931.0,95.8478008956,692844643.58,669.1504865646,-898319144.83,-867.5980949312,85859981.96,82.9237105855,2025-10-29
3077,000048,京基智农,-229375802.59,-18.0638652065,524991936.6,228.8785175559,-88005965.81,-38.3675892646,-666361773.38,-290.5109282914,2025-10-29
3078,000032,深桑达A,-3911513496.98,-817.7704260181,-4671785132.81,-119.4367637084,204044.04,0.0052164984,758379619.36,19.3883932638,2025-10-29
3079,000030,富奥股份,-145763921.34,79.9414451549,137195823.71,94.1219352833,-100257213.11,-68.7805406086,-191934067.54,-131.6746049198,2025-10-29
3080,000012,南玻A,-511429744.0,-34055.5326572278,832463508.0,162.7718211086,-1008095440.0,-197.1131815908,-339378765.0,-66.3588242533,2025-10-29
3081,688798,艾为电子,-489814734.03,-6.5245823657,332317780.81,67.8456072719,-573706445.16,-117.1272330744,-251437450.0,-51.3331740618,2025-10-28
3082,688788,科思科技,-455021441.87,29.3260687232,-219258924.12,-48.1865037434,-199071180.34,-43.749846056,-36691337.41,-8.0636502006,2025-10-28
3083,688775,影石创新,999754752.11,1587.675262703,930196515.09,93.0424699784,-1721905798.85,-172.2328196206,1792309149.75,179.2748817615,2025-10-28
3084,688758,赛分科技,64814372.97,185.9166215341,45456049.79,70.1326692014,-136696544.55,-210.9046779073,157771514.06,243.4205668132,2025-10-28
3085,688708,佳驰科技,-1668710349.57,-777.607789197,167055304.25,10.011042617,-1664552656.88,-99.7508439562,-171212996.94,-10.2601986608,2025-10-28
3086,688692,达梦数据,-159900442.42,-110.0526117758,109585988.15,68.5338867682,-216626438.83,-135.4758220499,-52859991.74,-33.0580647183,2025-10-28
3087,688686,奥普特,-3461248.42,98.166858609,129073373.77,3729.0988137165,-92511397.31,-2672.7754291037,-44247339.01,-1278.3635740887,2025-10-28
3088,688683,莱尔科技,31638208.76,131.5458744932,53022616.41,167.5904499279,-43917524.23,-138.811664602,22264216.41,70.3712924423,2025-10-28
3089,688682,霍莱沃,-71242640.48,-353.8295922162,-56299095.64,-79.0244371358,20318044.36,28.5194993098,-36338359.72,-51.0064751603,2025-10-28
3090,688678,福立旺,-5416043.63,95.9926145289,-13282717.06,-245.2476007842,-247743078.25,-4574.2445071477,251868044.57,4650.4064918325,2025-10-28
3091,688676,金盘科技,41298927.92,195.7577624128,178054054.99,431.1348113804,-307570285.45,-744.7415730641,163797440.79,396.6142683105,2025-10-28
3092,688639,华恒生物,77993102.07,-15.9663200576,114741511.0,147.1175116192,-404451496.54,-518.573419707,365957739.31,469.2180841602,2025-10-28
3093,688629,华丰科技,43147382.1,109.4924171836,-6325623.9,-14.660504513,-233291416.64,-540.6849854745,282720698.27,655.2441527385,2025-10-28
3094,688620,安凯微,-61470901.34,-234.7793567512,-56855422.48,-92.4916037354,-22078355.23,-35.916758578,18233769.86,29.662441029,2025-10-28
3095,688619,罗普特,-64728083.11,63.3798967564,11006713.98,17.0045418482,-34780482.07,-53.7332181009,-40954315.02,-63.2713237474,2025-10-28
3096,688616,西力科技,17012317.76,124.6660017765,65703515.63,386.2114296059,4712928.0,27.7030329817,-52880098.62,-310.8341812444,2025-10-28
3097,688612,威迈斯,581056708.85,796.7045280181,610195081.31,105.0147209414,487551708.51,83.9077668469,-517770336.85,-89.1084000862,2025-10-28
3098,688597,煜邦电力,-284919376.96,40.7817740135,-18205066.48,-6.3895501507,-256043938.58,-89.8654002799,-10653704.99,-3.739199876,2025-10-28
3099,688591,泰凌微,138739466.6,128.4588913938,179358270.94,129.2770365459,5245821.21,3.7810590876,-42039182.18,-30.3008100076,2025-10-28
3100,688589,力合微,-316969744.93,-2.1227488101,48950099.26,15.4431456134,-315679333.95,-99.592891435,-50236398.55,-15.8489569915,2025-10-28
3101,688581,安杰思,-10059112.94,99.1247235564,119637771.27,1189.3471321339,-37930734.84,-377.0783275449,-89946684.71,-894.1810798478,2025-10-28
3102,688543,国科军工,-359801985.87,50.4560289195,8629823.13,2.3984923566,-144901215.85,-40.2724891859,-223530593.15,-62.1260031707,2025-10-28
3103,688522,纳睿雷达,69487467.14,120.917776855,77022292.13,110.8434301898,31722433.92,45.6520221928,-39257258.91,-56.4954523827,2025-10-28
3104,688521,芯原股份,548319257.83,1216.406542774,-391103061.24,-71.3276171966,-872744734.13,-159.1672591592,1814671498.03,330.9516257393,2025-10-28
3105,688517,金冠电气,-102646797.21,-49.4427151386,56750038.13,55.2867110056,-132787132.9,-129.3631525866,-26554554.19,-25.8698321933,2025-10-28
3106,688513,苑东生物,-405176030.23,-118.6642307211,218818190.7,54.0057097099,-586193177.33,-144.6761737108,-37606613.5,-9.281549424,2025-10-28
3107,688503,聚和材料,250721562.8,184.3165968666,-3450159831.34,-1376.0921848163,229922775.88,91.7044283357,3477079597.21,1386.829101725,2025-10-28
3108,688484,南芯科技,-208521832.18,-322.8000520052,-94083649.68,-45.1193281281,11712669.47,5.6169991159,-122071770.4,-58.5414817834,2025-10-28
3109,688469,芯联集成,-3061545293.9,-471.6099306317,772315596.72,25.2263325406,-3732979347.15,-121.9312141025,-88860261.6,-2.9024643789,2025-10-28
3110,688432,有研硅,-71138688.2,87.0544572461,201042551.91,282.6064930306,-193122989.06,-271.473925014,-79061554.59,-111.1372118189,2025-10-28
3111,688419,耐科装备,-490419713.66,-184.7188962986,25633421.14,5.2268333483,-464420853.08,-94.6986510012,-52587455.09,-10.722948859,2025-10-28
3112,688408,中信博,-549681181.34,-265.4562204636,-1013804346.18,-184.4349744171,55039078.47,10.0129093624,404968087.61,73.6732675881,2025-10-28
3113,688398,赛特新材,99679030.06,13.6814853583,48255857.1,48.4112426364,6576133.77,6.5973091492,42698525.47,42.8360162055,2025-10-28
3114,688393,安必平,-67768071.13,-196.6833195882,38671277.72,57.0641558409,-92982111.78,-137.206372012,-13482268.33,-19.8947204859,2025-10-28
3115,688373,盟科药业,63700257.64,-45.3395585674,-165628026.86,-260.0115493976,176885030.04,277.6833824435,54051580.14,84.8530008237,2025-10-28
3116,688367,工大高科,-81883437.2,-413.3349298305,24120339.44,29.456921039,-87243905.64,-106.5464624145,-18759871.0,-22.9104586245,2025-10-28
3117,688362,甬矽电子,739108998.34,3118.9455857976,1146913650.96,155.1751708525,-1833323677.79,-248.0451032131,1429734776.81,193.4403153014,2025-10-28
3118,688359,三孚新科,7942307.79,-46.3680437436,22815984.81,287.2714759144,-72290538.57,-910.1956318165,57479757.76,723.7160694323,2025-10-28
3119,688351,微电生理,168518040.96,820.3088275282,36818492.29,21.8483979996,134386603.37,79.7461224949,-3377786.49,-2.0044064545,2025-10-28
3120,688345,博力威,80156804.44,298.0666714868,114268028.53,142.5556187379,-159749740.41,-199.2965432268,119298866.24,148.8318640862,2025-10-28
3121,688337,普源精电,-84350176.73,-163.1421655704,-2825559.18,-3.3497963959,129734580.96,153.8047529826,-211189289.24,-250.3720767723,2025-10-28
3122,688329,艾隆科技,-19098020.12,70.6195237056,52007646.21,272.3195696895,-58017037.83,-303.7856147677,-13088628.5,-68.5339549218,2025-10-28
3123,688314,康拓医疗,-140569257.86,-93.3225627484,86083545.57,61.2392402724,-193046531.01,-137.3319699833,-33577694.13,-23.8869398908,2025-10-28
3124,688312,燕麦科技,27696938.55,129.3879144077,100951398.98,364.4857672546,-103374764.47,-373.2353461498,34773338.29,125.5493932199,2025-10-28
3125,688311,盟升电子,50969505.21,115.926059675,158587642.5,311.1422052198,-83805417.59,-164.422662619,-23810670.72,-46.7155225892,2025-10-28
3126,688310,迈得医疗,-7677721.02,96.0007892458,126246149.55,1644.3180107891,-155410402.89,-2024.1736120024,21744043.02,283.2096003926,2025-10-28
3127,688305,科德数控,-48580484.04,-124.7291770575,217564744.89,447.8439216679,-241097422.13,-496.2845202026,-25047806.8,-51.5594014654,2025-10-28
3128,688303,大全能源,-3579061435.32,77.6800311856,-1552285893.34,-43.3713117641,-2026688251.58,-56.6262493172,-290780.35,-0.0081244861,2025-10-28
3129,688291,金橙子,-316472600.41,40.975555777,23413241.74,7.3981891986,-348137072.86,-110.0054388307,8075770.54,2.55180718,2025-10-28
3130,688257,新锐股份,-45215630.11,-157.6472241257,125565158.72,277.7029943286,-302508081.43,-669.0343155543,127335037.97,281.6173028225,2025-10-28
3131,688238,和元生物,-200264341.06,35.9501479875,-110580815.39,-55.2174265297,-130674078.76,-65.2507970557,41056763.81,20.5012852476,2025-10-28
3132,688234,天岳先进,2116351458.8,1705.7773615498,70356833.36,3.3244399491,-434734997.9,-20.5417203316,2486845804.03,117.5062768374,2025-10-28
3133,688227,品高股份,-154544776.0,29.5541717045,-54239943.16,-35.0965879041,-113640734.87,-73.5325630612,13335902.03,8.6291509653,2025-10-28
3134,688215,瑞晟智能,71401562.8,282.9201760562,-54114536.67,-75.7890087386,-5410079.74,-7.5769766485,130622807.0,182.9411036365,2025-10-28
3135,688203,海正生材,-96645029.39,72.7265894377,36457035.77,37.7226185352,-110223927.71,-114.0502811223,-23191269.99,-23.9963401495,2025-10-28
3136,688191,智洋创新,-125382966.51,44.3507556684,-71745805.45,-57.2213335248,-55182191.72,-44.0109157216,1545030.66,1.2322492465,2025-10-28
3137,688188,柏楚电子,143319201.14,372.9781997313,784607386.38,547.4544793294,-280099465.48,-195.4375012225,-360785995.25,-251.735979813,2025-10-28
3138,688185,康希诺,-925848576.89,21.3496086865,33494897.39,3.617751134,-331393398.32,-35.7934770968,-621814639.43,-67.1615915335,2025-10-28
3139,688168,安博通,-273675960.62,-38.1847086789,-211093458.72,-77.1326273019,-30282797.49,-11.0652018619,-31622465.54,-11.5547107128,2025-10-28
3140,688163,赛伦生物,-107159105.87,-280.2744077701,38166287.22,35.6164666643,-110427075.57,-103.0496425604,-35085877.5,-32.7418535412,2025-10-28
3141,688153,唯捷创芯,12966731.51,102.8705753611,661613459.71,5102.3919111748,-303008151.94,-2336.812108019,-350826554.59,-2705.5897187309,2025-10-28
3142,688135,利扬芯片,-215008049.9,-171.5919651067,160095720.87,74.4603380871,-305075234.67,-141.890145421,-69961374.92,-32.5389560775,2025-10-28
3143,688129,东来技术,13978602.14,140.4519321837,22814840.72,163.2126051768,-42662624.71,-305.1995062362,33826386.13,241.9869010593,2025-10-28
3144,688128,中国电研,58053792.15,908.3261707387,628866160.74,1083.2473425941,-322772767.81,-555.989119498,-250509780.43,-431.5132072384,2025-10-28
3145,688117,圣诺生物,17448048.11,124.4173066776,60102105.21,344.4632020217,-187781211.91,-1076.2304799147,146032252.57,836.9546647817,2025-10-28
3146,688111,金山办公,-315915353.47,89.2300510548,1276591802.13,404.0929914004,-871021219.43,-275.7134814319,-721520555.75,-228.3904684672,2025-10-28
3147,688089,嘉必优,60905334.68,145.4276742861,173864870.77,285.4673924435,-141486551.69,-232.3056796804,27392471.58,44.9754881472,2025-10-28
3148,688085,三友医疗,-59048255.68,72.4821744246,25579036.19,43.318868433,-80392530.57,-136.1471725866,-5455831.15,-9.2396144258,2025-10-28
3149,688080,映翰通,47581740.19,32.2325231191,87528467.56,183.9539016658,-7181137.29,-15.0922123935,-27943978.06,-58.7283650165,2025-10-28
3150,688078,龙软科技,-833669.99,85.9874514043,11818193.29,1417.6104971705,-11562085.84,-1386.8900138771,-1089777.44,-130.7204832934,2025-10-28
3151,688077,大地熊,79354909.73,189.421533065,77733406.41,97.9566439865,-10522499.83,-13.260048894,10241983.37,12.9065528584,2025-10-28
3152,688070,纵横股份,-93004746.29,-2.6005351848,-95843427.83,-103.0521899723,-8006308.81,-8.6084948665,10818826.03,11.6325525971,2025-10-28
3153,688069,德林海,-133734092.25,-102.4733325028,-128785173.07,-96.299433378,4920110.49,3.6790248524,-9869029.67,-7.3795914744,2025-10-28
3154,688056,莱伯泰科,-36604653.2,73.4114666035,2583396.37,7.0575627527,2517014.63,6.8762149343,-40904476.85,-111.7466586188,2025-10-28
3155,688029,南微医学,215753307.55,198.4364072415,477528500.46,221.3307901893,-102142202.46,-47.3421258844,-189997684.73,-88.0624667531,2025-10-28
3156,688023,安恒信息,-621233784.87,-193.8503148484,-325801260.97,-52.4442277456,-36924722.16,-5.9437723864,-258493227.92,-41.6096539202,2025-10-28
3157,688018,乐鑫科技,2000877754.72,1391.8690815347,310067696.91,15.4965837457,-261363151.14,-13.0624247545,1958321976.24,97.8731445047,2025-10-28
3158,688006,杭可科技,500146031.93,757.3567634968,444162122.4,88.8064873145,55061299.04,11.009044464,-49495580.97,-9.8962258641,2025-10-28
3159,688002,睿创微纳,-127478801.58,77.0908056585,767233151.74,601.8515566751,-936420724.51,-734.5697581902,31617049.95,24.8018098367,2025-10-28
3160,605567,春雪食品,-43490694.18,16.3229379386,72808433.22,167.4115223792,-93946725.68,-216.0156958893,-25339663.91,-58.2645653002,2025-10-28
3161,605500,森林包装,-97681481.66,67.7881724749,-30520125.67,-31.2445359666,-409523214.41,-419.2434507038,344021182.2,352.1866953221,2025-10-28
3162,605376,博迁新材,-29075492.43,44.8277152202,171663078.21,590.4047149787,-213436811.78,-734.0780634889,12077370.37,41.5379736012,2025-10-28
3163,605365,立达信,-65061939.48,82.7599211969,3665273.18,5.6335135554,145410049.79,223.4947973457,-237854276.44,-365.5812881402,2025-10-28
3164,605333,沪光股份,981432238.24,702.8427587229,263608677.51,26.8595902232,-160346524.51,-16.3380127799,895758535.39,91.2705432416,2025-10-28
3165,605296,神农集团,-341896165.32,-191.8485760958,406568547.16,118.9157961978,-644445719.05,-188.4916487574,-104018993.43,-30.4241474404,2025-10-28
3166,605208,永茂泰,116410852.41,378.8839422865,-252598085.6,-216.9884339566,-189112260.15,-162.452431397,557205735.33,478.6544585788,2025-10-28
3167,605166,聚合顺,-287506840.94,-177.8819344342,96470425.77,33.5541322963,-339598659.97,-118.1184624546,-43274292.5,-15.0515696804,2025-10-28
3168,605162,新中港,-222855244.95,-14.7488096483,263928427.94,118.4304313768,-364801524.88,-163.6943859956,-121982148.01,-54.7360453811,2025-10-28
3169,605138,盛泰集团,217093305.61,607.5721497213,501743514.41,231.118832983,-271360126.41,-124.997003315,-5473103.35,-2.5210834275,2025-10-28
3170,605111,新洁能,14357807.3,101.7010582706,258869665.3,1802.9888540153,-217449957.9,-1514.5067304253,-26531947.91,-184.7910851262,2025-10-28
3171,605090,九丰能源,-1301283999.23,-18.1384325752,1015438353.69,78.0335694814,-1969493013.74,-151.3499754785,-307442216.51,-23.6260660003,2025-10-28
3172,605060,联德股份,168964890.06,790.2746211702,219559484.16,129.9438505136,-83221159.61,-49.2535221847,36077352.94,21.3519820166,2025-10-28
3173,605018,长华集团,201941701.35,649.9055865532,243610167.7,120.6339087328,10589993.27,5.2440844061,-52224531.99,-25.8611924337,2025-10-28
3174,605009,豪悦护理,-927343516.16,-8.5456513672,65676479.0,7.082216876,-955073140.63,-102.9902214214,-39429331.49,-4.2518582168,2025-10-28
3175,605005,合兴股份,-61538176.33,-202.2254761094,208451080.79,338.7345761957,-271911558.6,-441.8583305782,-5293858.01,-8.602559136,2025-10-28
3176,603995,甬金股份,-39797768.35,-151.4382966497,450945907.08,1133.0934516583,-542340770.72,-1362.7416641818,27719589.07,69.6511141686,2025-10-28
3177,603987,康德莱,58287429.29,136.7025106912,194869065.45,334.3243437285,-76558802.92,-131.3470225957,-61349573.71,-105.2535245718,2025-10-28
3178,603979,金诚信,1940193362.8,436.9083483189,2613525162.94,134.7043657117,-622945274.14,-32.1073809489,-56042363.94,-2.8884937458,2025-10-28
3179,603967,中创物流,-95826606.75,-9410.7518069187,471019351.48,491.5329546301,-38812096.07,-40.5024213904,-525609434.3,-548.5005178898,2025-10-28
3180,603958,哈森股份,-24256813.71,89.0234118131,32460312.15,133.8193570601,-86704262.25,-357.4429159847,29979210.34,123.5908833634,2025-10-28
3181,603949,雪龙集团,-37675026.33,9.7978511857,45755024.44,121.4465626095,-59285582.95,-157.3604287113,-24125472.22,-64.0357142917,2025-10-28
3182,603926,铁流股份,143427206.09,155.8543973176,89707333.66,62.5455491364,40389549.75,28.1603127127,6492594.83,4.5267526343,2025-10-28
3183,603893,瑞芯微,161180343.52,-70.9373545667,847304869.9,525.6874699457,-399782502.32,-248.0342786156,-281662820.87,-174.7501058248,2025-10-28
3184,603889,新澳股份,486332895.59,347.7720020544,243851082.33,50.1407748769,-225503793.67,-46.3681967054,449508566.75,92.428164088,2025-10-28
3185,603888,新华网,-488908120.64,61.5343699226,65545246.31,13.406454821,-361388139.72,-73.9173935681,-193411780.33,-39.5599443259,2025-10-28
3186,603871,嘉友国际,1028978025.45,235.5300837962,1372330121.61,133.3682632348,-179790586.99,-17.4727333863,-169037033.49,-16.4276621375,2025-10-28
3187,603868,飞科电器,-15115448.89,94.8901150679,745173087.57,4929.8773261242,-538612588.65,-3563.3251289436,-221530574.09,-1465.5904412906,2025-10-28
3188,603859,能科科技,-354606896.49,-1026.5950156175,-11595922.77,-3.2700781865,-423704804.96,-119.4857768289,78874776.11,22.2428770818,2025-10-28
3189,603836,海程邦达,-322581721.55,34.492620723,170853942.51,52.9645454457,-257775234.68,-79.9100561065,-230095640.76,-71.3294106233,2025-10-28
3190,603816,顾家家居,-731672244.6,67.4763241167,1855065884.54,253.5378235584,-585345956.29,-80.0011153368,-2024256094.91,-276.6615940197,2025-10-28
3191,603813,*ST原尚,17147532.32,-63.1949035411,21380043.3,124.6829158914,-40030603.15,-233.4481860303,35798092.17,208.7652701389,2025-10-28
3192,603811,诚意药业,32087617.85,137.5998456896,196955344.08,613.804817175,-6729032.72,-20.9708079654,-157856373.49,-491.9541682026,2025-10-28
3193,603786,科博达,62081753.71,-66.684106892,706012061.24,1137.2295707656,-579697822.85,-933.7652179704,-114740537.96,-184.8216764236,2025-10-28
3194,603703,盛洋科技,23295885.43,1.1004120504,29365907.07,126.0561963109,-92515554.42,-397.1325953589,82587562.98,354.5156642711,2025-10-28
3195,603679,华体科技,-58602766.71,47.7059703389,-111853974.25,-190.8680776174,42163250.65,71.9475427818,11087956.89,18.9205348356,2025-10-28
3196,603667,五洲新春,-2341382.53,94.5924636485,140984623.49,6021.4263019209,-97640097.72,-4170.189897163,-50260993.0,-2146.6373971792,2025-10-28
3197,603659,璞泰来,796628742.37,144.5845293133,1668540110.59,209.4501518519,-1504537184.14,-188.863030433,628730835.22,78.9239455947,2025-10-28
3198,603655,朗博科技,10440822.83,144.5685418637,18295842.43,175.2337217851,12181942.79,116.6760799254,-19959500.0,-191.1678832692,2025-10-28
3199,603650,彤程新材,302998263.62,807.3769216851,268526609.41,88.6231512359,65406992.12,21.5865897509,-28106643.39,-9.276173089,2025-10-28
3200,603607,京华激光,-31059008.89,65.2743053137,88288844.22,284.2616277058,-160279820.27,-516.0493718188,41071105.07,132.2357233467,2025-10-28
3201,603600,永艺股份,331865310.18,108.1738117569,361918796.05,109.0559287,-103432868.09,-31.1671225998,85563935.66,25.7827296302,2025-10-28
3202,603599,广信股份,700356155.52,-62.6212072476,254867790.12,36.3911687091,235580897.7,33.6372995144,192196444.54,27.4426722783,2025-10-28
3203,603569,长久物流,263022641.48,360.7612947595,175570865.2,66.7512364001,139980080.16,53.2197834271,-51385651.41,-19.5365886073,2025-10-28
3204,603567,珍宝岛,-847583720.84,-68.5023933761,223271909.47,26.342165851,-585047150.17,-69.0252934058,-485808480.14,-57.3168724452,2025-10-28
3205,603558,健盛集团,288762900.13,92.9689056958,387935595.95,134.3439880176,36596076.24,12.6733996035,-108233814.77,-37.4818976819,2025-10-28
3206,603556,海兴电力,-193225601.49,87.7665219153,123538415.25,63.934806929,470017721.89,243.2481608367,-797501406.07,-412.7307147295,2025-10-28
3207,603551,奥普科技,-105225768.97,72.7238477239,99253704.27,94.324522635,-18258905.39,-17.3521235043,-186126639.0,-176.8831350171,2025-10-28
3208,603538,美诺华,6623330.18,-74.4682180651,31925429.36,482.0147643613,-47309692.86,-714.2886067021,15127252.41,228.3934516156,2025-10-28
3209,603527,众源新材,255774509.59,261.0660553738,-118228094.71,-46.2235642244,-161547434.13,-63.1600992566,536775152.09,209.8626454022,2025-10-28
3210,603519,立霸股份,101982883.18,122.2205074955,214939401.12,210.7602711532,148899681.58,146.0045812955,-264069020.78,-258.9346491743,2025-10-28
3211,603496,恒为科技,-7677013.3,97.0160623682,125315618.73,1632.3485948631,-46477021.06,-605.4049829509,-86500619.05,-1126.7483286762,2025-10-28
3212,603466,风语筑,-369894537.79,3.7219283645,94542854.51,25.5594081153,-333957069.5,-90.2844014662,-130480322.8,-35.2750066491,2025-10-28
3213,603439,三力制药,-209154325.11,-513.8171406745,50063635.17,23.9362179786,-266491122.04,-127.4136319676,7273161.76,3.477413989,2025-10-28
3214,603421,鼎信通讯,-164356338.52,-79.3850993744,-187607344.89,-114.1467050066,168954540.37,102.7977027789,-145639718.83,-88.6121704471,2025-10-28
3215,603409,汇通控股,190687045.89,579.1694872948,108596088.99,56.9499036933,-350050762.3,-183.5734360801,432141719.2,226.6235323868,2025-10-28
3216,603400,华之杰,243959575.91,636.1769995441,100077137.98,41.0220167037,-226745373.19,-92.9438298719,369390542.15,151.4146516988,2025-10-28
3217,603396,金辰股份,317308218.71,-48.4584573193,290999458.75,91.7087681917,118986138.52,37.4985996277,-94701623.66,-29.8453106714,2025-10-28
3218,603395,红四方,-61938171.71,-218.3089040255,-27761998.98,-44.8221156898,-37332591.6,-60.2739644541,3156418.87,5.0960801439,2025-10-28
3219,603383,顶点软件,-535756503.68,-7.8607878252,-109779618.67,-20.4905806866,-302744697.61,-56.5078903439,-123232187.4,-23.0015289695,2025-10-28
3220,603381,永臻股份,436972545.7,1399.4089579605,-2486597800.72,-569.0512653917,-289114819.35,-66.163154229,3215158383.89,735.7804089819,2025-10-28
3221,603379,三美股份,184155797.2,123.8355821415,1560924441.39,847.610808415,-1620242800.84,-879.8217734522,241459102.6,131.1167534616,2025-10-28
3222,603375,盛景微,-136944343.47,-271.0067872288,61976002.69,45.25634365,-227950472.47,-166.4548287969,29093334.8,21.2446414819,2025-10-28
3223,603370,华新精科,715372192.57,381.2811849466,58416937.54,8.1659502769,-48675378.68,-6.8042033483,705537038.36,98.6251696233,2025-10-28
3224,603366,日出东方,-203798867.46,-189.4731874539,16977426.52,8.3304812885,-429392900.5,-210.6944488218,209482952.49,102.7890660536,2025-10-28
3225,603363,傲农生物,-778621955.87,-523.5816886346,-291468594.15,-37.4339038288,-133607659.96,-17.1595032676,-353526276.38,-45.4040980626,2025-10-28
3226,603350,安乃达,-194295739.11,-145.4917896982,-86842162.23,-44.6958655027,-34160812.96,-17.5818641811,-72359891.24,-37.2421400343,2025-10-28
3227,603339,四方科技,-209147070.47,54.203538471,351717047.98,168.1673318157,-539017023.04,-257.7215266887,-23415191.92,-11.195562944,2025-10-28
3228,603337,杰克科技,342710729.69,132.5183728575,827214053.51,241.3738415072,-190028214.72,-55.4485746308,-298038203.01,-86.9649465833,2025-10-28
3229,603335,迪生力,-43142670.24,20.7907608655,37160783.63,86.1346398433,-12028122.06,-27.8798739,-67909067.51,-157.4058052787,2025-10-28
3230,603332,苏州龙杰,-31326734.78,86.4448379062,-30376437.54,-96.9664976364,22403563.69,71.5157958445,-23353860.93,-74.5492982081,2025-10-28
3231,603325,博隆技术,-127350564.83,-137.5243368292,104411188.87,81.9872208729,-205376328.39,-161.2684864525,-40100869.83,-31.4885684909,2025-10-28
3232,603299,苏盐井神,-331557834.59,-208.7171271155,176548225.23,53.2480933374,-1092364419.74,-329.4642158255,584256058.66,176.2154284131,2025-10-28
3233,603296,华勤技术,-556349158.35,-139.3081132825,-826826265.6,-148.6164314604,-5252203982.34,-944.0481581597,5442353729.48,978.2262896956,2025-10-28
3234,603289,泰瑞机器,-65580683.23,-109.5914015866,-15358935.46,-23.4199076672,-42930136.93,-65.4615579094,-14888993.26,-22.7033213542,2025-10-28
3235,603281,江瀚新材,-28068755.33,97.1629114407,385204232.13,1372.359506509,-149907.82,-0.5340736283,-419531990.65,-1494.6583335015,2025-10-28
3236,603275,众辰科技,-40642663.82,41.5124160601,84047824.3,206.7970364153,-100357562.81,-246.926636636,-24332925.31,-59.8703997793,2025-10-28
3237,603273,天元智能,-107187422.5,25.5434532763,-251757371.95,-234.8758521085,156495723.82,146.0019470288,-12223201.54,-11.403578195,2025-10-28
3238,603268,*ST松发,3406227919.33,4789.5902916617,-822496186.35,-24.1468335599,-7180848149.21,-210.8152572075,11405004574.54,334.8279928603,2025-10-28
3239,603221,爱丽家居,-101899749.63,-207.4808872413,80153231.18,78.6589088502,-82077818.09,-80.5476150707,-99860746.23,-97.9990103927,2025-10-28
3240,603219,富佳股份,-97527030.79,67.6506424599,41463774.49,42.5151613395,-172417091.49,-176.7890297627,42565542.5,43.6448666131,2025-10-28
3241,603214,爱婴室,-362688684.54,17.12246592,213521117.36,58.8717339309,-633627318.56,-174.7028086536,57592081.06,15.8792053667,2025-10-28
3242,603196,日播时尚,16794297.57,-21.5610121399,76487808.21,455.4391625562,-32741103.43,-194.9536936185,-26864981.81,-159.964902956,2025-10-28
3243,603183,建研院,-101387588.67,19.5027254817,-12048197.65,-11.883306239,-95501506.06,-94.1944742081,6162115.04,6.0777804471,2025-10-28
3244,603182,嘉华股份,-27787634.62,72.3205313984,94430151.6,339.8279590593,-35361440.12,-127.2560280987,-88584820.44,-318.7922313339,2025-10-28
3245,603153,上海建科,-1493993745.34,-12.9745266085,-422155721.27,-28.2568600161,-886385594.88,-59.329940145,-185434713.57,-12.4120140495,2025-10-28
3246,603151,邦基科技,31930266.05,113.8936844744,-672415699.56,-2105.8881830394,-106635660.02,-333.9642076675,810981625.63,2539.8523907069,2025-10-28
3247,603130,云中马,-69700983.93,47.9290758469,6448889.29,9.2522213122,-52898770.13,-75.8938642575,-23251103.09,-33.3583570547,2025-10-28
3248,603120,肯特催化,17841255.79,-64.9861427577,78721831.7,441.234813438,-335974400.78,-1883.1320212802,275263489.73,1542.8481771125,2025-10-28
3249,603112,华翔股份,-129004630.0,-223.6417751271,-183326063.2,-142.1081268168,125822728.3,97.5334980613,-77678923.37,-60.2140584954,2025-10-28
3250,603095,越剑智能,151748358.39,189.115869036,58403499.39,38.4870716294,341815717.84,225.251674197,-248536388.92,-163.7819292129,2025-10-28
3251,603082,北自科技,-152658826.58,-151.9811073572,34965977.13,22.9046547215,-93456112.77,-61.2189382453,-94168690.94,-61.6857164762,2025-10-28
3252,603073,彩蝶实业,-47181919.29,82.465213849,52653522.17,111.5968213297,55781076.81,118.2255356488,-151495589.03,-321.0882289439,2025-10-28
3253,603067,振华股份,-125750321.12,-242.6610942828,32059873.81,25.4948643665,-99761356.71,-79.3328842594,-60928372.79,-48.4518625856,2025-10-28
3254,603063,禾望电气,479260161.97,410.0784713645,19636595.22,4.0972725835,-32222567.28,-6.7233978196,488153143.81,101.8555645859,2025-10-28
3255,603059,倍加洁,14674095.97,188.437343147,136064864.57,927.2452957114,-101305126.57,-690.3670711784,-20085642.03,-136.878224533,2025-10-28
3256,603040,新坐标,-9924848.0,-142.6875025265,234485057.15,2362.6060283241,-120537056.15,-1214.4977550286,-126910694.36,-1278.7167557629,2025-10-28
3257,603035,常熟汽饰,103336226.73,161.0891066996,30397288.24,29.4159068914,-215917211.18,-208.9462892275,284155338.14,274.9813372637,2025-10-28
3258,603017,中衡设计,15262601.91,109.7503115606,128119259.47,839.4326224682,-266181243.62,-1744.009607206,153978109.52,1008.8588461389,2025-10-28
3259,603015,弘讯科技,-10800783.65,-132.079757394,2926789.95,27.0979407128,79329447.12,734.4786238728,-98333975.61,-910.4337129279,2025-10-28
3260,603005,晶方科技,-197194547.7,-132.285719234,309709597.22,157.0578907137,-612046661.34,-310.3770710086,102054405.3,51.7531577269,2025-10-28
3261,601975,招商南油,504843613.41,-70.0997494573,1506424819.34,298.3943501166,-226817812.57,-44.9283315754,-759654541.77,-150.4732399483,2025-10-28
3262,601966,玲珑轮胎,-294913780.0,-172.4634631854,1370199078.0,464.6100558611,-827461548.0,-280.5774447027,-891080730.0,-302.1495740213,2025-10-28
3263,601965,中国汽研,-415114145.5,64.3338340521,39051527.23,9.4074190565,-1050783873.01,-253.1313096412,596603248.94,143.7202888428,2025-10-28
3264,601921,浙版传媒,-1366012734.81,68.5368107947,73684141.56,5.3941035601,-513740045.33,-37.6087303023,-925325911.35,-67.7391863026,2025-10-28
3265,601898,中煤能源,-4674581000.0,-235.2986243166,21110314000.0,451.5979934886,-23608454000.0,-505.0389329012,-2202430000.0,-47.1150248546,2025-10-28
3266,601890,亚星锚链,-182300630.39,-32.7024291906,25393992.29,13.9297336689,-108754047.4,-59.6564296938,-94351916.47,-51.7562206275,2025-10-28
3267,601865,福莱特,-1244993687.64,9.5720032947,2261810118.1,181.6724165395,-2513977891.87,-201.9269588937,-1004499300.68,-80.6830838303,2025-10-28
3268,601789,宁波建工,-894900983.07,4.4858798259,-1798223024.67,-200.941004501,4214025.67,0.4708929535,899108015.93,100.4701115475,2025-10-28
3269,601717,中创智领,-973970376.61,36.1875242485,877673238.98,90.1129295159,1382730138.18,141.9683977446,-3328753678.5,-341.7715526509,2025-10-28
3270,601702,华峰铝业,210811975.0,44.6989651517,218275738.61,103.5404836988,-356079998.74,-168.908810204,330894254.06,156.9617921657,2025-10-28
3271,601600,中国铝业,8166338000.0,163.5707157492,25380218000.0,310.7906873313,-7945815000.0,-97.2996096904,-9164513000.0,-112.2230429355,2025-10-28
3272,601598,中国外运,-626816989.01,67.521358001,582310190.23,92.8995544855,917466543.71,146.3691252464,-2021090838.04,-322.4371504723,2025-10-28
3273,601568,北元集团,-297527816.73,-5.4415301852,321183091.01,107.9506093044,-108856169.85,-36.5868882602,-511655125.41,-171.9688367405,2025-10-28
3274,601388,怡球资源,-12969485.01,68.0690441654,-985999.37,-7.6024558357,63917635.45,492.8309443337,-107273530.97,-827.122517874,2025-10-28
3275,601101,昊华能源,155396366.92,198.9454123954,1702821218.32,1095.7921681635,-616756142.21,-396.8922532967,-930668709.19,-598.8999148668,2025-10-28
3276,601100,恒立液压,-1654439928.6,20.9569850141,1058993247.08,64.0091688295,-2229284903.13,-134.7455936352,-687804422.64,-41.5732484903,2025-10-28
3277,601096,宏盛华源,108706257.17,178.5813305947,418428102.18,384.9162992758,-95449359.63,-87.8048440953,-217213324.94,-199.8167636296,2025-10-28
3278,601061,中信金属,2071980137.67,939.6343672379,5835641870.61,281.6456472972,511450221.03,24.6841276,-4250727457.7,-205.1529056876,2025-10-28
3279,601009,南京银行,2619292000.0,-87.7455477062,174518916000.0,6662.8278175935,-185186529000.0,-7070.0986755199,13061914000.0,498.681093975,2025-10-28
3280,601001,晋控煤业,-2836210618.45,-468.9466038416,1510892083.73,53.2715050815,-613342204.78,-21.6254110605,-3733760497.4,-131.6460940211,2025-10-28
3281,600998,九州通,-755587662.49,56.5541688778,-2316560607.98,-306.5905814748,1158496279.31,153.3238744916,404777597.05,53.5712290108,2025-10-28
3282,600967,内蒙一机,-321387171.27,90.0809087874,-664055511.86,-206.6216611061,75682755.99,23.5487794024,266985584.6,83.0728817037,2025-10-28
3283,600965,福成股份,-1285006.64,90.6365405476,71837463.18,5590.4351731599,-52609790.5,-4094.1259649833,-20512679.32,-1596.3092081765,2025-10-28
3284,600961,株冶集团,813525677.5,680.2291165403,1602805369.92,197.0196410819,-111996517.55,-13.7668079383,-676981085.84,-83.2156998314,2025-10-28
3285,600903,贵州燃气,10568493.52,112.8140115995,544720698.35,5154.1943732961,-549914914.53,-5203.3424961593,15762709.7,149.1481228632,2025-10-28
3286,600867,通化东宝,912628869.66,218.2143733496,380247605.21,41.6650861978,904936747.69,99.157146763,-372555461.27,-40.8222305535,2025-10-28
3287,600866,星湖科技,872882416.68,473.7337701583,1847071829.76,211.6060301438,-1878642838.42,-215.2228985853,913895518.33,104.6985826345,2025-10-28
3288,600853,龙建股份,-1094242987.42,-128.2907794869,-1369407529.15,-125.1465666121,-270133687.09,-24.686809986,545298228.82,49.8333765982,2025-10-28
3289,600845,宝信软件,-955311829.98,2.9225792193,1839692307.96,192.5750577169,-993126791.26,-103.9583893021,-1806843947.98,-189.1365616207,2025-10-28
3290,600838,上海九百,41136841.85,-17.1753875516,-7724186.63,-18.7768099899,67251903.44,163.4833896224,-18390874.96,-44.7065796326,2025-10-28
3291,600828,茂业商业,-44717570.62,81.9123205967,245029853.16,547.9498321638,22286798.5,49.8390189606,-312034222.28,-697.7888511243,2025-10-28
3292,600826,兰生股份,-384667364.85,-1.037453255,319168523.48,82.9726024729,-419168098.46,-108.9689785936,-284638334.33,-73.9959664738,2025-10-28
3293,600824,益民集团,-93091887.86,78.9013036879,62009588.73,66.6111625357,-109167499.63,-117.2685420175,-45933976.96,-49.3426205182,2025-10-28
3294,600818,中路股份,-88710639.8,-1043.8524194446,-2063314.45,-2.3258928745,-132006312.16,-148.8055011863,47224605.69,53.2344325286,2025-10-28
3295,600802,福建水泥,14850136.98,-69.926248992,60141390.16,404.9887906152,15606249.05,105.0916168047,-60897502.23,-410.0804074199,2025-10-28
3296,600795,国电电力,3850915581.91,467.2551137329,42783284543.15,1110.9899355916,-33152832306.37,-860.9077919575,-5778233142.55,-150.0482942211,2025-10-28
3297,600794,保税科技,-34170653.43,-118.9243616089,-82783906.87,-242.2660925685,92616414.37,271.0408057011,-44103313.34,-129.0678079374,2025-10-28
3298,600792,云煤能源,217070696.9,437.0041062207,553602583.82,255.0333102192,121141923.98,55.8075897438,-457673810.9,-210.840899963,2025-10-28
3299,600769,祥龙电业,18956162.89,-36.6611595684,55273532.36,291.5860803726,-36317369.47,-191.5860803726,,,2025-10-28
3300,600768,宁波富邦,-68922283.61,-23.174571201,-60970452.91,-88.4626128394,-36611973.71,-53.1206625671,28660142.92,41.5832752759,2025-10-28
3301,600763,通策医疗,-43134932.94,-1481.8470657387,681619443.27,1580.202858361,-311237279.63,-721.5434415139,-413517096.5,-958.6594166617,2025-10-28
3302,600761,安徽合力,-80536418.07,91.2492240235,962716452.82,1195.3802712994,943035421.15,1170.9428402072,-2015032683.11,-2502.0142829777,2025-10-28
3303,600753,*ST海钦,-10957596.27,71.0359161199,-26492105.53,-241.769315799,-8660187.55,-79.0336432974,24680224.86,225.2339313465,2025-10-28
3304,600749,西藏旅游,122456595.71,55.1909690495,39718106.23,32.4344360544,164467868.37,134.3070721642,-81729378.89,-66.7415082186,2025-10-28
3305,600746,江苏索普,-4668042.53,98.3430228457,488091478.26,10456.0203794887,-118335392.15,-2535.01101135,-379316548.71,-8125.8160411405,2025-10-28
3306,600740,山西焦化,371237665.77,314.8062980317,-1403201651.19,-377.9793325334,1359328431.64,366.1612376591,415110900.85,111.8180990576,2025-10-28
3307,600734,实达集团,-31812412.12,-172.6969312612,-84774733.72,-266.4831997027,2845154.13,8.9435347413,50117167.43,157.5396648357,2025-10-28
3308,600721,百花医药,-183793863.03,-89.7714763383,12364837.9,6.7275575453,-198723400.93,-108.1229795456,2564700.0,1.3954220003,2025-10-28
3309,600704,物产中大,2431941655.17,-3.8222257468,-8010881681.87,-329.4027085247,-1383019940.47,-56.8689605497,11882225754.48,488.5900831223,2025-10-28
3310,600696,*ST岩石,-5141141.64,87.9224422864,7260375.5,141.2210751696,79100.0,1.5385687759,-12480617.14,-242.7596439455,2025-10-28
3311,600679,上海凤凰,-69189528.99,-177.037160879,58801448.39,84.9860509941,-156556886.49,-226.2725137392,30722664.28,44.4036326428,2025-10-28
3312,600673,东阳光,1401775798.29,176.306810482,485793628.16,34.6555867745,-1718237415.92,-122.5757655408,2631735045.0,187.7429363676,2025-10-28
3313,600633,浙数文化,-301184856.63,66.6883920542,323954222.55,107.5599305273,-419112674.74,-139.1546306244,-205564141.21,-68.2518183384,2025-10-28
3314,600618,氯碱化工,-279538807.8,75.6375322211,570676241.25,204.149200514,-2088349217.03,-747.0695154871,1242287331.98,444.406034982,2025-10-28
3315,600610,中毅达,72600100.26,64.6844338963,120938196.64,166.5813080242,-851079.92,-1.1722847723,-47604710.48,-65.5711360033,2025-10-28
3316,600600,青岛啤酒,-1949360131.0,52.1526385601,5816206274.0,298.3648932543,-4678452495.0,-239.999393678,-3089167869.0,-158.4708653816,2025-10-28
3317,600595,中孚实业,79916226.58,-69.5028714398,313876018.07,392.756304323,-264424463.66,-330.877063365,17417929.33,21.7952349296,2025-10-28
3318,600592,龙溪股份,-216638801.59,-68.037215407,16628099.2,7.6754944534,-7102399.37,-3.2784521138,-226164501.42,-104.3970423396,2025-10-28
3319,600579,中化装备,-7159631.34,-101.7122510026,-15226958.22,-212.6779647847,-10439449.78,-145.8098788086,17651516.9,246.5422598142,2025-10-28
3320,600566,济川药业,-1539464440.21,-26.7132883105,703511369.4,45.6984488258,-562765677.29,-36.5559387142,-1680210132.32,-109.1425101116,2025-10-28
3321,600561,江西长运,74330570.07,-72.2501830572,211459043.6,284.4846251022,-135931456.13,-182.874227928,-1197017.4,-1.6103971742,2025-10-28
3322,600560,金自天正,22058950.39,-29.5860928567,-157089668.73,-712.1357360739,-2972682.49,-13.4760831202,182121301.61,825.6118191941,2025-10-28
3323,600550,保变电气,-258093144.6,18.563369766,-470170696.61,-182.1709357444,59995015.16,23.2454896286,147513190.79,57.1550209203,2025-10-28
3324,600529,山东药玻,-210406992.88,41.1392743067,510956528.22,242.8419898151,-358343783.34,-170.3098259402,-370341793.4,-176.0121126826,2025-10-28
3325,600522,中天科技,-1964854667.67,19.8174074063,417292192.0,21.2378146265,-836243328.74,-42.5600601663,-1559114634.12,-79.3501249621,2025-10-28
3326,600508,上海能源,-488100802.64,1.3739359418,435078973.33,89.1371149109,-715013418.85,-146.4888840548,-208166357.12,-42.648230856,2025-10-28
3327,600505,西昌电力,90363307.64,64.5022808697,355180514.73,393.0583375113,-70350209.41,-77.8526276288,-194466997.68,-215.2057098825,2025-10-28
3328,600490,鹏欣资源,203814370.58,85.6499039601,498254237.85,244.4647236758,-227802947.99,-111.7698164961,-63673696.42,-31.2410239959,2025-10-28
3329,600487,亨通光电,-120542869.21,92.7506295215,493324531.24,409.2523551771,-1715326704.93,-1423.0013904362,1067179742.25,885.3113827835,2025-10-28
3330,600486,扬农化工,987977210.86,4.0700144702,2125801113.29,215.1670190287,-445930674.28,-45.1357247291,-684041524.24,-69.236569095,2025-10-28
3331,600480,凌云股份,-744154193.1,-218.4493916625,397002073.79,53.3494371827,-298118427.07,-40.0613783856,-874604229.08,-117.5299739207,2025-10-28
3332,600461,洪城环境,-442611421.5,-560.4826098997,980740768.93,221.5805379821,-631335816.8,-142.6388443977,-792016373.63,-178.9416935844,2025-10-28
3333,600456,宝钛股份,259498328.85,-24.5462076139,250331953.97,96.4676555257,-259668730.64,-100.0656658526,263465843.84,101.5289173566,2025-10-28
3334,600395,盘江股份,739976331.06,995.6549938788,590809456.33,79.8416694604,-3103033662.12,-419.3422859451,3252200536.85,439.5006164848,2025-10-28
3335,600389,江山股份,-198882882.08,74.5200305188,310398927.63,156.0712135623,-1141519442.03,-573.965657623,626828021.27,315.1744457413,2025-10-28
3336,600368,五洲交通,234747314.44,127.7565799838,680557398.29,289.9106215181,-820639532.85,-349.58420496,374829449.0,159.6735834419,2025-10-28
3337,600361,创新新材,-1545304365.4,-260.9353280354,-1113944627.27,-72.0857749588,-2110403570.79,-136.5687962865,1683896266.99,108.9685828043,2025-10-28
3338,600346,恒力石化,4240689520.88,-42.4235282308,20134497926.84,474.7930219296,-7828301891.36,-184.5997414528,-7991073015.5,-188.4380588618,2025-10-28
3339,600338,西藏珠峰,-129029884.92,-1482.1379179607,510217200.67,395.4256031355,-325137812.5,-251.9864391893,-283079939.82,-219.390988371,2025-10-28
3340,600330,天通股份,-598638963.13,-4.437001778,-47498179.06,-7.9343614408,-659597374.67,-110.1828339441,108792396.22,18.1732902334,2025-10-28
3341,600327,大东方,46397114.87,131.6531452213,267404098.97,576.3377738449,125884252.06,271.319137866,-346891236.16,-747.6569117109,2025-10-28
3342,600315,上海家化,-139140283.66,48.2959951451,733861157.01,527.4253707886,-641185923.38,-460.8197615486,-207760800.42,-149.3175052939,2025-10-28
3343,600288,大恒科技,-3122366.74,92.0540250919,50817940.77,1627.545544826,32128320.43,1028.9733111236,-86144916.61,-2758.9621522166,2025-10-28
3344,600276,恒瑞医药,15528606009.65,1211.2542043948,9110430290.27,58.6686936652,-1526266923.22,-9.828743947,8091020391.18,52.1039711237,2025-10-28
3345,600269,赣粤高速,-306476283.54,-179.6115887262,2088741121.82,681.5343418074,-1218993029.75,-397.7446527574,-1176224375.61,-383.7896890499,2025-10-28
3346,600267,海正药业,202595061.08,248.5768391255,1644663551.07,811.7984428162,-198673150.61,-98.0641628433,-1243626568.21,-613.8484134709,2025-10-28
3347,600262,北方股份,656128410.04,4769.0158736813,837566073.27,127.6527674238,4111965.33,0.6267013083,-185121942.75,-28.214285484,2025-10-28
3348,600241,时代万恒,-69874040.73,62.5439391999,30549279.37,43.7204991308,-103451686.57,-148.0545356891,2382815.41,3.410158315,2025-10-28
3349,600239,云南城投,74236615.98,139.2567614384,673560077.38,907.3151685167,-61202140.74,-82.4419862518,-538121320.66,-724.8731822649,2025-10-28
3350,600226,亨通股份,-173497659.66,12.9694283851,8980451.08,5.1761223163,-422211889.3,-243.3530746913,239975766.95,138.3164288327,2025-10-28
3351,600223,福瑞达,-171600763.43,-115.0621878899,38668487.81,22.5339835541,-29757061.2,-17.3408676076,-180518191.56,-105.1966133202,2025-10-28
3352,600216,浙江医药,933414929.78,431.285237675,1488665773.91,159.4859613249,-243028902.44,-26.0365347378,-367648297.37,-39.3874455658,2025-10-28
3353,600203,福日电子,-236886213.06,-70.8723236766,-115771074.02,-48.8720185631,-99557670.65,-42.0276340121,-20678851.42,-8.7294448895,2025-10-28
3354,600201,生物股份,43327262.9,123.6523229566,191625360.75,442.2743278113,109961694.92,253.7933106317,-258259792.77,-596.067638443,2025-10-28
3355,600197,伊力特,-26373112.3,84.0285186289,-274337903.42,-1040.2181596899,-113878695.82,-431.798471582,361843486.94,1372.0166312718,2025-10-28
3356,600195,中牧股份,-84162433.51,90.3086218241,42994163.24,51.0847434502,-331945771.45,-394.4108524506,204242810.7,242.6769310036,2025-10-28
3357,600193,*ST创兴,17623048.82,1487.90895424,-10130551.41,-57.484669727,2178828.0,12.3635133867,25574772.23,145.1211563403,2025-10-28
3358,600178,东安动力,-161664042.09,-120.8672415423,-375117654.99,-232.0353061451,-72611488.74,-44.9150521051,286065214.28,176.9504279256,2025-10-28
3359,600156,华升股份,11653722.53,127.578447126,-76918416.0,-660.0330135027,105144931.91,902.2433101468,-16572793.38,-142.2102966442,2025-10-28
3360,600143,金发科技,826736225.01,41.1685738045,2320472747.45,280.6787312872,-1594696001.78,-192.8905439895,111323794.14,13.4654549749,2025-10-28
3361,600141,兴发集团,-10957072.02,97.557786804,642779082.73,5866.339853902,-2578687221.04,-23534.4553392832,1919096629.76,17514.6848196038,2025-10-28
3362,600127,金健米业,6591052.21,-92.5501894741,134723111.28,2044.0304064895,-34102558.1,-517.4068876022,-94055517.78,-1427.0182481228,2025-10-28
3363,600116,三峡水利,1024696090.4,337.0821780344,766504784.88,74.8031335399,194350623.18,18.9666599688,63840682.34,6.2302064913,2025-10-28
3364,600114,东睦股份,191644781.7,171.1061513259,809147664.24,422.2122079518,-135614814.09,-70.7636351415,-487822125.56,-254.5449561594,2025-10-28
3365,600111,北方稀土,992116418.03,-2.8466682577,2725124766.47,274.6779225649,-940354067.81,-94.7826334411,-792430750.16,-79.8727584544,2025-10-28
3366,600103,青山纸业,-185218818.55,61.0003036531,-20782064.9,-11.2202772173,64564095.57,34.8582806409,-228768370.03,-123.5124874572,2025-10-28
3367,600099,林海股份,5156079.77,107.750479822,119726746.05,2322.0499175869,-78500814.61,-1522.4903048775,-37034863.15,-718.2756047624,2025-10-28
3368,600094,大名城,183106665.9,126.6412222416,300743635.4,164.2450502399,801774220.15,437.8727646037,-919447964.91,-502.1378989076,2025-10-28
3369,600078,澄星股份,59307258.42,127.0070821101,370532128.56,624.7669145924,268971308.97,453.5217377023,-582654400.29,-982.4335432331,2025-10-28
3370,600076,康欣新材,140001199.04,460.5363068223,-61794846.3,-44.1387978987,97959519.99,69.9704864399,103836525.35,74.1683114588,2025-10-28
3371,600071,凤凰光学,-10566314.08,88.494225496,103698673.2,981.408203607,24346687.81,230.4179832784,-139384008.66,-1319.1355812887,2025-10-28
3372,600056,中国医药,-1619156249.08,-55.6317869132,-312537801.01,-19.3025102542,-185832066.41,-11.4770928695,-1115809824.4,-68.9130419028,2025-10-28
3373,600051,宁波联合,-56753633.7,81.3808575657,426352566.67,751.2339543292,114911802.61,202.474793451,-598758242.21,-1055.0130505741,2025-10-28
3374,600029,南方航空,1430000000.0,8511.7647058824,32387000000.0,2264.8251748252,-4980000000.0,-348.2517482517,-25970000000.0,-1816.0839160839,2025-10-28
3375,600020,中原高速,39207132.39,1556.9822704731,1868028835.33,4764.5127849403,-1368483391.27,-3490.3939866284,-460338311.67,-1174.1187983118,2025-10-28
3376,600010,包钢股份,-5564205837.26,-240.9268699101,740107618.48,13.3012264486,-1388076452.6,-24.9465331298,-4913666262.92,-88.3084919328,2025-10-28
3377,301628,强达电路,-46650466.06,-284.0360938254,94948311.52,203.5313246343,-101295926.24,-217.1380798419,-39997268.02,-85.7381959883,2025-10-28
3378,301622,英思特,-422941969.74,-1001.5587660861,36793037.69,8.6993110929,-297607171.8,-70.3659587113,-158178177.37,-37.3994989117,2025-10-28
3379,301609,山大电力,440463831.33,1027.1989932505,84176764.72,19.1109368653,-175880781.49,-39.9308113356,532167848.1,120.8198744703,2025-10-28
3380,301603,乔锋智能,-119912282.12,-119.6934351587,-109035947.15,-90.9297573379,16789518.08,14.0014999157,-27722898.69,-23.1193153861,2025-10-28
3381,301591,肯特股份,-37952623.06,-119.3914668826,47094306.24,124.0870918607,-47780633.22,-125.8954701088,-37558444.0,-98.9613917874,2025-10-28
3382,301584,建发致新,188657714.47,132.3179790669,50576688.13,26.8087039388,-53278391.12,-28.2407699413,191359392.18,101.4320526026,2025-10-28
3383,301556,托普云农,-83560484.36,51.1035125039,5939711.62,7.1082781119,-39352617.4,-47.0947693774,-50016720.0,-59.8569053101,2025-10-28
3384,301552,科力装备,105778985.48,-26.9458327808,101733026.8,96.1750827335,136373764.7,128.9233055896,-132706684.92,-125.4565680677,2025-10-28
3385,301538,骏鼎达,125052418.99,855.3298187352,94637148.4,75.6779830125,36366181.13,29.0807498357,-7210471.76,-5.7659594418,2025-10-28
3386,301529,福赛科技,14972819.4,-71.7743956526,187068395.86,1249.3865775206,-138314769.06,-923.7723728906,-33128210.4,-221.2556601063,2025-10-28
3387,301525,儒竞科技,1763883734.85,1467.0847773464,82765792.46,4.6922476139,1737479681.65,98.5030729249,-55297348.27,-3.1349769363,2025-10-28
3388,301522,上大股份,-316268019.17,-6792.2296296851,-89917772.23,-28.4308772243,-320817743.64,-101.4385660877,94404594.23,29.8495543361,2025-10-28
3389,301516,中远通,-20879023.72,95.6860741895,-41071383.07,-196.711223766,21300153.48,102.0169992891,-1163081.8,-5.5705755959,2025-10-28
3390,301508,中机认检,-164576255.93,83.2435009929,109597691.03,66.5938658105,-520314002.45,-316.1537486132,246021173.94,149.4876478686,2025-10-28
3391,301503,智迪科技,104397581.19,188.5087874323,106222252.98,101.7478104082,82136675.76,78.6767996191,-87272354.47,-83.5961460747,2025-10-28
3392,301486,致尚科技,-38487882.81,91.8491704438,-55384831.43,-143.9019956058,12969216.53,33.6968821954,7859852.68,20.4216291107,2025-10-28
3393,301418,协昌科技,64330465.56,112.5133661164,-66333448.47,-103.1135837314,229848944.38,357.2940789083,-99185030.35,-154.1804951769,2025-10-28
3394,301397,溯联股份,-356357974.13,56.5992369443,183383265.89,51.4604075685,-581400311.14,-163.150638781,41660856.94,11.6907323434,2025-10-28
3395,301390,经纬股份,-60750631.3,65.8324862424,16131096.02,26.552968545,-50463571.57,-83.0667443122,-26418155.75,-43.4862242329,2025-10-28
3396,301388,欣灵电气,-56304026.41,86.2821287147,34129111.82,60.6157569824,-109743768.87,-194.9128257202,19070922.97,33.8713306774,2025-10-28
3397,301380,挖金客,12093977.24,107.644754818,44113452.95,364.7555479441,-62084292.29,-513.3488434612,30035572.19,248.3514859831,2025-10-28
3398,301376,致欧科技,-73541979.45,57.8348365521,2082042906.31,2831.0944604443,-63561134.14,-86.4283700484,-2103776749.63,-2860.6474361495,2025-10-28
3399,301367,瑞迈特,778868020.73,309.4148014002,88319891.41,11.3395195411,816362698.09,104.8139962564,-130017055.08,-16.6930791379,2025-10-28
3400,301365,矩阵股份,-682881647.0,-143.1347310968,153650915.17,22.5003726261,-751896590.58,-110.1064282344,-84511561.2,-12.3757259506,2025-10-28
3401,301359,东南电子,-39318870.0,83.4407746712,37752206.26,96.0154914421,-33791262.31,-85.9415906663,-43019000.0,-109.4105705479,2025-10-28
3402,301358,湖南裕能,102159058.84,231.8380293027,-1339925625.39,-1311.607253047,-1632512264.41,-1598.0102821492,3069418006.96,3004.5480467545,2025-10-28
3403,301353,普莱得,20878097.03,112.1777399908,102243069.35,489.7145041671,-51808169.25,-248.146031583,-28227799.17,-135.2029312319,2025-10-28
3404,301332,德尔玛,-158738241.24,44.2639511832,22694891.48,14.2970536291,-173695780.54,-109.4227699533,-7870702.33,-4.9582899927,2025-10-28
3405,301316,慧博云通,62300598.86,141.2998517825,-126490373.58,-203.0323558594,137734544.62,221.0806110059,51413170.63,82.5243602321,2025-10-28
3406,301315,威士顿,-177349076.69,52.7667594691,34801226.16,19.623009496,-176976162.61,-99.7897287728,-35502730.5,-20.0185595339,2025-10-28
3407,301313,凡拓数创,-129212477.85,38.3411575146,-31266571.31,-24.1977956233,-120891556.25,-93.5602801382,22945649.71,17.7580757616,2025-10-28
3408,301310,鑫宏业,-92398366.79,-194.271201341,-676704643.66,-732.3772780508,134886294.15,145.9834181448,446902243.39,483.668985628,2025-10-28
3409,301303,真兰仪表,13873073.48,-79.2876404978,112214990.55,808.8689987246,44173223.4,318.4097847076,-142355378.92,-1026.1271889407,2025-10-28
3410,301301,川宁生物,-337819583.74,-142.864065649,570941265.31,169.0077463802,-301972005.97,-89.3885436205,-609054753.75,-180.2899485599,2025-10-28
3411,301293,三博脑科,-218323343.78,-197.5358408914,113775872.75,52.1134711388,-405286445.84,-185.6358732983,73187229.31,33.5224021595,2025-10-28
3412,301272,英华特,-156416955.44,66.9037609009,15953124.03,10.1991014882,-130264680.46,-83.2804091433,-42075816.29,-26.8997796125,2025-10-28
3413,301261,恒工精密,4945666.82,103.3337954807,-56119881.88,-1134.7283171817,223738148.22,4523.9227866142,-163776708.66,-3311.5192474692,2025-10-28
3414,301239,普瑞眼科,-103806233.0,68.1335839427,414125450.17,398.940832551,-300349269.24,-289.3364498064,-217582413.93,-209.6043827445,2025-10-28
3415,301237,和顺科技,-31039437.0,78.6636907581,13002532.94,41.8903633465,-297708697.38,-959.1304680558,253637994.84,817.1475366644,2025-10-28
3416,301233,盛帮股份,-181600861.23,-1768.7366949778,52826757.17,29.0894860367,-208010232.96,-114.5425366109,-26417385.44,-14.5469494258,2025-10-28
3417,301228,实朴检测,-111787424.0,-12.2049770601,-14941268.83,-13.3657868617,-93654404.18,-83.7790163051,-3191750.99,-2.8551968332,2025-10-28
3418,301223,中荣股份,-136492814.84,51.8477490292,245187042.43,179.6336625612,-291299891.53,-213.4177479389,-84992296.6,-62.2686964875,2025-10-28
3419,301219,腾远钴业,242789925.42,134.8197746212,764572100.73,314.9109665104,-385931319.6,-158.9568920261,-126782466.76,-52.2189981898,2025-10-28
3420,301211,亨迪药业,-7318308.28,99.3764124333,18870338.04,257.8510950621,46747617.31,638.776278908,-72815730.94,-994.9803718845,2025-10-28
3421,301201,诚达药业,627280396.84,170.8637137881,66461897.92,10.5952454843,613019523.82,97.7265552866,-52842341.61,-8.4240384167,2025-10-28
3422,301199,迈赫股份,-55798849.1,41.8061004104,-2416499.95,-4.330734395,-40048349.15,-71.7727153803,-13334000.0,-23.8965502247,2025-10-28
3423,301198,喜悦智行,-247335624.05,-471.0966122927,-31695504.58,-12.814775349,-85335528.66,-34.5019157623,-129887243.14,-52.5145715013,2025-10-28
3424,301190,善水科技,-298181447.25,20.802835185,-74154664.97,-24.8689734569,-148405145.2,-49.7700801202,-75621637.08,-25.3609464229,2025-10-28
3425,301188,力诺药包,-130321290.54,-178.2064602387,-60472268.24,-46.4024473587,-78607445.82,-60.318191674,8758423.52,6.7206390327,2025-10-28
3426,301187,欧圣电气,-91240044.24,-183.9378904354,-42621207.35,-46.7132690531,-388209960.4,-425.4819949219,329866696.2,361.5371944936,2025-10-28
3427,301181,标榜股份,-128116419.78,-2758.2458209804,56753682.73,44.2985238172,-87327660.95,-68.1627390931,-97119331.79,-75.8055305922,2025-10-28
3428,301171,易点天下,308839053.9,-50.3996253894,173892826.15,56.3053227738,207350956.52,67.1388394381,-56789706.58,-18.3881234782,2025-10-28
3429,301170,锡南科技,-116762714.08,-217.3838421351,52603279.98,45.0514364919,-142956921.53,-122.4337089596,-30151572.81,-25.8229461756,2025-10-28
3430,301162,国能日新,-238597073.71,3.0209911918,48243402.89,20.2196121435,-588524976.95,-246.6606014059,301684500.35,126.4409892624,2025-10-28
3431,301161,唯万密封,-170758952.62,-83.1747465872,94289089.17,55.2176549008,10219853.63,5.9849591914,-275042515.97,-161.0706271911,2025-10-28
3432,301156,美农生物,-59069531.98,46.8824346746,77592844.58,131.3584888505,-73746995.16,-124.8477729347,-63165401.39,-106.9339797908,2025-10-28
3433,301155,海力风电,-317845642.66,-177.6618725281,-568250623.28,-178.7819453885,-448957194.36,-141.2500705068,699362174.98,220.0320158952,2025-10-28
3434,301149,隆华新材,169924354.2,319.4965488795,34028256.09,20.0255320964,93181802.31,54.837226099,39686515.21,23.3554015237,2025-10-28
3435,301135,瑞德智能,-104375706.02,51.9798636014,54562397.42,52.2749972197,-148767449.07,-142.5307236164,-9709883.61,-9.3028195739,2025-10-28
3436,301133,金钟股份,-147973984.09,22.8406389257,-213338465.29,-144.1729548623,-138177323.17,-93.3794707359,202788356.59,137.0432497558,2025-10-28
3437,301130,西点药业,-105397027.92,41.8256649663,38510024.22,36.5380551805,-118468141.84,-112.4017860636,-25438910.3,-24.1362691169,2025-10-28
3438,301126,达嘉维康,-222911207.44,9.9913849523,-188214852.88,-84.4348990082,-184175653.87,-82.6228775059,149479299.31,67.0577765141,2025-10-28
3439,301119,正强股份,97295690.58,-43.6289877296,89689197.11,92.1820859437,-13329072.58,-13.6995508234,21420377.44,22.0157514812,2025-10-28
3440,301112,信邦智能,-174488441.62,63.8642922061,22512168.37,12.9018106649,-184741568.93,-105.8761068726,-18860086.4,-10.8087883787,2025-10-28
3441,301092,争光股份,-79037254.77,-87.4888256432,89232285.51,112.8990192912,-150153715.39,-189.9784042689,-18752388.53,-23.7260119732,2025-10-28
3442,301086,鸿富瀚,250227229.82,1668.5967413613,122805432.35,49.0775653946,-29064680.83,-11.6153149483,158016868.84,63.1493498744,2025-10-28
3443,301081,严牌股份,-12281976.87,-103.0602012674,2618102.98,21.3166252283,-165896884.16,-1350.7343802708,150659832.66,1226.6741279085,2025-10-28
3444,301078,孩子王,166958308.72,111.4458584816,1094438272.53,655.5159074865,-1970881343.17,-1180.4631696859,1045960128.23,626.4798297545,2025-10-28
3445,301065,本立科技,-55652876.65,4.3780949241,103036203.71,185.1408407116,-130424322.21,-234.3532447213,-31158628.98,-55.9874544778,2025-10-28
3446,301060,兰卫医学,-82492878.73,53.3008063226,171758891.35,208.2105679839,-26617005.57,-32.2658221895,-227607418.1,-275.9115957693,2025-10-28
3447,301052,果麦文化,-53143830.39,-1113.5367586395,-9752171.31,-18.3505239243,-23592486.74,-44.3936512797,-19794455.61,-37.2469493914,2025-10-28
3448,301047,义翘神州,40055933.57,108.4624320579,82991441.81,207.1888841761,587562619.06,1466.8553861894,-630798194.49,-1574.793390816,2025-10-28
3449,301041,金百泽,-90006175.76,-110.9082206209,48687021.55,54.0929787749,-109615177.74,-121.7862850126,-29052051.15,-32.2778419422,2025-10-28
3450,301031,中熔电气,24968531.2,269.5598593237,278409292.41,1115.0407293882,-294448099.03,-1179.2768131671,42185671.57,168.9553591763,2025-10-28
3451,301028,鼎熔岩,-183520452.24,48.4974646734,178223724.35,97.1138214704,-467879224.71,-254.9466389164,107211779.82,58.4195268219,2025-10-28
3452,301023,奕帆传动,48709983.63,89.8784464124,48808942.75,100.2031598301,34095763.1,69.9974842098,-34202764.17,-70.2171538997,2025-10-28
3453,301012,扬电科技,-37927783.4,76.4205767015,101554515.42,267.7575811615,-34913954.13,-92.053769032,-106039756.24,-279.5833205481,2025-10-28
3454,301009,可靠股份,159241201.22,160.0211959757,89716017.68,56.3397016555,-32375553.85,-20.3311414395,107519660.58,67.5200009522,2025-10-28
3455,301005,超捷股份,-18609243.07,-158.3994215123,-22690421.48,-121.9309210732,21243071.51,114.1533346095,-17928337.84,-96.3410374756,2025-10-28
3456,301003,江苏博云,-202578358.79,-190.6920538895,135554918.95,66.9148075637,-161277638.45,-79.6124716447,-175278175.8,-86.5236429236,2025-10-28
3457,300994,久祺股份,102369237.42,-0.3900715712,97955008.66,95.6879343138,6077349.28,5.9366948833,-12346796.3,-12.0610415894,2025-10-28
3458,300992,泰福泵业,56421748.66,124.9819471896,162840972.13,288.6138341994,-24528276.86,-43.4730887336,-78386044.44,-138.9287753422,2025-10-28
3459,300975,商络电子,48442687.66,132.5647286734,-1220243369.11,-2518.9423379528,-8463399.49,-17.4709536131,1280690297.93,2643.7226334729,2025-10-28
3460,300966,共同药业,-18747130.7,-28.5126419662,-6166008.36,-32.8904111177,-141110218.94,-752.703019988,128573083.96,685.8280662651,2025-10-28
3461,300965,恒宇信通,-101982706.8,-36.8478644884,-5588163.86,-5.479521024,-75331748.34,-73.8671787637,-21062794.6,-20.6533002123,2025-10-28
3462,300964,本川智能,13940793.99,119.6429666533,-7161278.35,-51.3692287192,54859165.38,393.5153580158,-33824617.83,-242.6304976192,2025-10-28
3463,300963,中洲特材,-60326328.56,-4929.347047112,-80369272.43,-133.2242063265,-52516605.6,-87.0542047785,71714977.54,118.8784055848,2025-10-28
3464,300962,中金辐照,-75414434.07,-5572.4954244172,129843311.93,172.1730243437,-168547080.75,-223.4944580948,-36710665.32,-48.6785663417,2025-10-28
3465,300960,通业科技,-95767753.68,-60.4114016716,-12713766.96,-13.2756240712,-74388156.54,-77.6755783461,-8665830.18,-9.0487975827,2025-10-28
3466,300957,贝泰妮,-219798968.93,78.2032863841,441879613.87,201.0380740279,-352913851.59,-160.56210514,-305987730.07,-139.2125411505,2025-10-28
3467,300953,震裕科技,-11624574.14,95.9781517411,239592883.11,2061.0895523954,-234009958.75,-2013.0626372348,-18872239.32,-162.3477909187,2025-10-28
3468,300943,春晖智控,-20335070.92,86.5090829225,4823323.75,23.7192374149,-4355766.56,-21.4199723086,-20694116.38,-101.7656464608,2025-10-28
3469,300942,易瑞生物,141859810.93,152.7664271302,7828976.36,5.5188120643,154991728.36,109.2569680898,-24165720.5,-17.0349307119,2025-10-28
3470,300936,中英科技,-220322386.61,-88.8307094232,6622945.96,3.0060249718,-228782845.47,-103.8400359538,2277916.68,1.0339015999,2025-10-28
3471,300935,盈建科,-529529980.85,-20.137062971,-56424974.97,-10.6556714465,-466570003.65,-88.1102148175,-6533812.44,-1.2338890481,2025-10-28
3472,300925,法本信息,-551227277.08,-108.6332045152,-347496945.59,-63.0405932433,-63196758.73,-11.4647372069,-140651890.94,-25.51613405,2025-10-28
3473,300922,天秦装备,-171975306.88,-943.0468128648,8214661.41,4.7766516944,-162673518.69,-94.591207099,-17516449.6,-10.1854445954,2025-10-28
3474,300917,特发服务,-296170470.36,-14.6713534254,65759053.64,22.2031094322,-333419895.1,-112.5770218397,-28508784.8,-9.6258025877,2025-10-28
3475,300910,瑞丰新材,149105757.77,129.0183669024,547906364.97,367.4615743647,-317144114.21,-212.6974296319,-86667596.77,-58.1249162113,2025-10-28
3476,300909,汇创达,-124990350.06,-4.2221902854,65440697.37,52.3565998004,-319875366.57,-255.920050161,128885396.22,103.1162775031,2025-10-28
3477,300902,国安达,6539406.6,106.4830969811,27732512.01,424.0830048708,-41654405.13,-636.9753049153,20461299.72,312.8923000445,2025-10-28
3478,300899,*ST凯鑫,11839326.88,-89.0542829092,-19292024.88,-162.948663176,32097410.44,271.1084064604,-836635.19,-7.0665773357,2025-10-28
3479,300898,熊猫乳品,-53025285.95,-280.3004040846,30811675.97,58.1075149676,-8777177.9,-16.5528157798,-75066464.88,-141.567298573,2025-10-28
3480,300892,品渥食品,-25978728.64,-382.5928147989,861083.93,3.3145730183,-7925598.63,-30.5080311659,-21667129.41,-83.4033478322,2025-10-28
3481,300888,稳健医疗,406817727.72,150.0300094203,706730465.61,173.7216491451,412610939.38,101.4240312713,-712574848.32,-175.1582587892,2025-10-28
3482,300883,龙利得,4522949.82,-85.3387889903,-39292530.97,-868.7368317962,-200298304.17,-4428.4883127445,243789778.54,5390.0615359911,2025-10-28
3483,300882,万胜智能,-350279334.47,1.3720010311,-29485111.95,-8.4175996265,-333910882.64,-95.3270289682,13861276.02,3.9572063368,2025-10-28
3484,300871,回盛生物,-31764694.55,64.7695136908,181515060.75,571.4365062264,-145096883.15,-456.7866469536,-68052667.23,-214.2399547488,2025-10-28
3485,300848,美瑞新材,-231748442.19,40.8026204107,253261447.93,109.2829127724,-716793082.79,-309.2979076866,231761691.71,100.0057171992,2025-10-28
3486,300845,捷安高科,-17593795.24,86.3030339432,-38849316.4,-220.8125982487,41796647.31,237.5647024411,-20541126.15,-116.7521041924,2025-10-28
3487,300840,酷特智能,140801272.86,136.2092223428,58497447.44,41.5461069717,81632354.59,57.9770004431,2103273.33,1.4937885768,2025-10-28
3488,300839,博汇股份,-284039489.47,-280.3564121842,-17465849.93,-6.149092143,-5143414.81,-1.8108097644,-255987989.59,-90.1240845305,2025-10-28
3489,300838,浙江力诺,-12320033.85,73.6807715296,-74564610.12,-605.2305620897,-172536771.59,-1400.456960514,234884405.39,1906.5240262307,2025-10-28
3490,300836,佰奥智能,-170201646.25,-808.5941003789,-290390798.32,-170.6157400461,62550189.39,36.7506371226,57433789.05,33.7445555407,2025-10-28
3491,300830,金现代,2390145.85,101.0397642256,4618249.71,193.2204141433,9825870.75,411.0992117908,-12053974.61,-504.3196259341,2025-10-28
3492,300829,金丹科技,3284931.66,-93.5902780663,261118844.26,7948.9886331456,-162593190.6,-4949.6673729888,-96894729.24,-2949.6726041479,2025-10-28
3493,300826,测绘股份,-135700515.05,68.4668990553,-98522732.68,-72.6030646558,-33123741.48,-24.4094441851,-4054040.89,-2.9874911591,2025-10-28
3494,300823,建科智能,40838086.11,407.489140718,83824586.53,205.2608104704,7287383.09,17.8445754543,-50481356.76,-123.6134245469,2025-10-28
3495,300820,英杰电气,107100341.62,-39.7656366935,263698825.86,246.2166057281,-42581247.83,-39.7582745171,-110282403.46,-102.9711033521,2025-10-28
3496,300812,易天股份,-18616711.23,55.2813442681,132588328.88,712.2005989239,-61303021.29,-329.2902840498,-89984681.07,-483.3543366403,2025-10-28
3497,300809,华辰装备,-103169720.46,77.112234037,98077613.1,95.0643392874,-175803423.65,-170.4021517807,-25339581.62,-24.5610645323,2025-10-28
3498,300796,贝斯美,37656561.53,-75.3300191108,75558442.56,200.6514654818,-142793586.05,-379.1997469982,100811982.34,267.714252826,2025-10-28
3499,300795,米奥会展,-82674301.69,19.2879840558,95174663.18,115.120008557,-63336239.05,-76.6093426316,-109922847.25,-132.9589062175,2025-10-28
3500,300784,利安科技,5988802.08,-97.1682108744,53968936.43,901.1641344808,-20519604.82,-342.6328762563,-23704927.19,-395.8208481987,2025-10-28
3501,300783,三只松鼠,-626088746.32,-8590.9720550564,-505842635.08,-80.7940788032,-193281185.67,-30.8712122373,73583640.1,11.7529089179,2025-10-28
3502,300774,倍杰特,-252974848.14,9.4041655147,-44880694.73,-17.7411687604,-184680762.84,-73.0036065632,-23413390.57,-9.2552246763,2025-10-28
3503,300771,智莱科技,-8400572.13,94.4487888645,73428995.2,874.0951695156,4368743.25,52.0053060957,-82242381.04,-979.0092837403,2025-10-28
3504,300765,新诺威,-56161044.76,97.7381202055,-175121559.93,-311.8203385966,-244872397.4,-436.018237279,340066748.32,605.5206945904,2025-10-28
3505,300761,立华股份,239136915.86,324.2903778925,1340874098.75,560.7139717128,-1822135643.85,-761.9633452648,720398460.58,301.2493733932,2025-10-28
3506,300753,爱朋医疗,-55962018.61,58.3323696664,-50180829.57,-89.6694415541,-17903425.18,-31.9921004008,12122236.14,21.6615419549,2025-10-28
3507,300745,欣锐科技,-345767714.24,-69.5214185159,281054481.33,81.2841887068,-625554942.6,-180.9176845718,-758293.13,-0.2193070951,2025-10-28
3508,300741,华宝股份,-1309624954.0,-744.3957837145,160068924.0,12.2225010688,-1267026110.0,-96.747248602,-194753170.0,-14.870911661,2025-10-28
3509,300736,百邦科技,-52157808.5,-202.5655919007,-54093801.74,-103.7117994327,-69113.14,-0.1325077529,2008719.48,3.8512344321,2025-10-28
3510,300732,设研院,-9885837.18,94.3865631341,-17830040.89,-180.3594431645,-72920562.97,-737.6265827797,82521485.59,834.7445349085,2025-10-28
3511,300726,宏达电子,-344939698.71,-6.3764229423,292248222.55,84.7244383998,-361702631.99,-104.8596706447,-275485289.27,-79.8647677551,2025-10-28
3512,300724,捷佳伟创,-1438205461.7,40.640160732,-806088395.43,-56.048208472,-318575035.29,-22.1508709134,-300094392.99,-20.8658916255,2025-10-28
3513,300718,长盛轴承,-99415218.89,74.7052602167,154163283.08,155.070103754,-85049743.65,-85.5500240301,-176673546.7,-177.7127774526,2025-10-28
3514,300713,英可瑞,39453082.0,638.9319040501,17003224.67,43.0973293037,-13408846.93,-33.9868173797,35796855.13,90.7327217934,2025-10-28
3515,300699,光威复材,-333896161.61,15.2924192173,288200699.04,86.3144690404,-560922006.02,-167.9929482613,-54371280.52,-16.2838890564,2025-10-28
3516,300692,中赋科技,60487314.13,-44.5629459616,112099618.96,185.3274865521,115299523.41,190.6176940874,-166907748.05,-275.9384351094,2025-10-28
3517,300687,赛意信息,-175565457.24,51.0320828818,-107497253.19,-61.2291591295,-167458584.51,-95.3824215438,99606660.99,56.7347714954,2025-10-28
3518,300677,英科医疗,1751216301.21,220.9016258579,1106682279.07,63.195064956,-4655521900.31,-265.8450527838,5378215691.67,307.1131583205,2025-10-28
3519,300673,佩蒂股份,-187739132.87,22.0516435051,-6224346.74,-3.3154231858,-61593217.32,-32.8078735522,-121729079.96,-64.8394813053,2025-10-28
3520,300672,国科微,-198486280.21,-157.3923691317,-35480474.76,-17.8755300983,-685888223.3,-345.5595130174,531078438.96,267.5643064085,2025-10-28
3521,300668,杰恩设计,109613541.14,178.7994679228,33248977.17,30.3329103541,79057920.13,72.1242278169,-2576180.45,-2.3502392343,2025-10-28
3522,300666,江丰电子,34937344.07,112.6682606896,370093670.91,1059.3068270115,-968032152.36,-2770.7662907073,635717168.53,1819.5921454598,2025-10-28
3523,300654,世纪天鸿,151046173.92,167.1310958463,67941662.84,44.9807241566,105498438.49,69.8451577766,-22393927.41,-14.8258819332,2025-10-28
3524,300652,雷迪克,-497503.48,-102.8411235164,60097256.47,12079.7660490737,-151366717.28,-30425.2579861351,90032314.74,18096.8210996233,2025-10-28
3525,300650,太龙股份,-342897640.5,-454.8174400282,-247226778.96,-72.0992942965,-24869038.38,-7.2526128625,-66487690.62,-19.3899527926,2025-10-28
3526,300644,南京聚隆,-3220011.12,-213.2088628452,-25931693.18,-805.3293051982,19073669.34,592.3479338792,3243580.45,100.7319642424,2025-10-28
3527,300643,万通智控,82728472.4,3326.995491651,106792628.42,129.0881184215,1786312.47,2.1592474975,-34968270.36,-42.2687248363,2025-10-28
3528,300641,正丹股份,-764707511.39,-9123.9248376775,988985788.36,129.3286352794,-1308504059.38,-171.1117047878,-442871654.67,-57.913862238,2025-10-28
3529,300619,金银河,-5658286.77,98.6439159888,255551286.58,4516.4074739888,-130772799.44,-2311.1730591908,-130308141.21,-2302.9610641314,2025-10-28
3530,300608,思特奇,-34134958.66,77.5007722689,11705423.67,34.2916005453,-64736061.25,-189.6473990046,19163248.35,56.1396559488,2025-10-28
3531,300607,拓斯达,82445129.7,131.1517858782,186533249.2,226.2513866844,-119539709.45,-144.9930516029,20575610.08,24.9567320166,2025-10-28
3532,300601,康泰生物,705602751.47,170.6841434962,362463299.73,51.3693149545,673787659.66,95.4910759994,-330268014.23,-46.8065088383,2025-10-28
3533,300588,熙菱信息,-18443223.12,69.5035854438,37858607.57,205.2711032322,-106340828.36,-576.5848391471,50038997.67,271.3137359149,2025-10-28
3534,300585,奥联电子,31645574.38,234.8836505563,14343112.42,45.3242284301,14304311.96,45.2016189949,2998150.0,9.474152575,2025-10-28
3535,300576,容大感光,82591769.2,156.6675323826,102827146.27,124.5004765802,-249059987.54,-301.5554575867,228585770.8,276.7658000478,2025-10-28
3536,300570,太辰光,18871065.74,-2.0580291788,65542985.31,347.3199988439,127111833.17,673.5805752643,-173591799.94,-919.8833936127,2025-10-28
3537,300562,乐心医疗,-267649802.33,21.0727833376,104361923.95,38.9919675044,-214816891.41,-80.2604334245,-155001811.39,-57.9121710686,2025-10-28
3538,300558,贝达药业,-57352997.01,63.3891018317,668430246.92,1165.4669882438,-730471677.77,-1273.6416854426,2786569.4,4.8586290957,2025-10-28
3539,300545,联得装备,144845926.0,513.2661844306,210158217.66,145.0908723936,-50341157.12,-34.7549693044,-15730943.64,-10.8604667556,2025-10-28
3540,300543,朗科智能,14677980.74,141.0691180563,113095460.45,770.511029094,-84810572.0,-577.8081706353,-18260369.85,-124.4065527368,2025-10-28
3541,300536,农尚环境,-723657.19,98.027628837,10064961.24,1390.8465747435,-18190000.0,-2513.6211249418,7401381.57,1022.7745501983,2025-10-28
3542,300533,冰川网络,-80412208.65,56.6196675511,590400050.09,734.2169304909,-655443057.9,-815.1039113387,-12767614.91,-15.8777070352,2025-10-28
3543,300532,今天国际,-960815677.4,4.4222837033,-28381646.93,-2.9539117229,-897634622.02,-93.4242272617,-34435741.74,-3.5840112261,2025-10-28
3544,300531,优博讯,11797499.94,-79.5185442586,-2536300.36,-21.4986257504,4279541.23,36.2749841218,7996350.08,67.7800391665,2025-10-28
3545,300530,领湃科技,-110992862.42,-479.9579505641,-82202345.07,-74.0609290343,44202673.21,39.8247889515,-72975046.15,-65.7475125507,2025-10-28
3546,300519,新光药业,-212784967.92,-78.3109313315,50588056.01,23.7742621128,-215373023.93,-101.2162776512,-48000000.0,-22.5579844616,2025-10-28
3547,300518,新迅达,101833580.36,131.3738303207,-37322082.39,-36.6500738342,157874641.94,155.0320055348,-18718646.29,-18.3816047946,2025-10-28
3548,300517,海波重科,-63940618.83,-1714.4307319821,144497466.66,225.9869693225,-189306682.45,-296.0663908388,-19131403.04,-29.9205784837,2025-10-28
3549,300507,苏奥传感,-71217501.25,-157.8854323284,91354128.96,128.2748304231,-178893639.85,-251.193367796,15848840.15,22.2541367948,2025-10-28
3550,300506,ST名家汇,-92988324.84,-1060.0077505233,-88379331.3,-95.0434707283,-747094.51,-0.803428292,-3861899.03,-4.1531009798,2025-10-28
3551,300497,富祥药业,-6232350.92,-168.6257256792,28885723.09,463.4803697799,-192721538.58,-3092.2767516435,157114077.55,2520.9440156171,2025-10-28
3552,300493,润欣科技,90904177.34,413.8072862107,105736710.97,116.3166688969,-12342116.26,-13.5770617161,-1380917.82,-1.5190917078,2025-10-28
3553,300490,华自科技,-102986300.91,36.3548433033,-16667377.56,-16.1840724569,-51810046.95,-50.3077074254,-35843698.63,-34.8043364149,2025-10-28
3554,300488,恒锋工具,53961.47,100.0663756765,70888826.82,131369.339678849,-36681993.63,-67978.1214818648,-35522538.5,-65829.4492347966,2025-10-28
3555,300477,ST合纵,-14666180.34,97.2978739743,103673786.27,706.8901640821,23850312.09,162.6211565458,-142192084.19,-969.5236311952,2025-10-28
3556,300476,胜宏科技,2191687505.35,4767.8885599307,2383398963.0,108.7472076736,-3638856556.22,-166.0298992141,3402272679.15,155.2353002353,2025-10-28
3557,300471,厚普股份,486216710.6,535.5621074697,76746454.87,15.7844132455,-140415126.36,-28.8791239171,549860661.94,113.089626488,2025-10-28
3558,300464,星徽股份,-2670774.72,88.5106611068,15107856.01,565.6731695439,-25677216.72,-961.4145486595,4299170.29,160.9709069734,2025-10-28
3559,300458,全志科技,-208080532.12,-4.7325849458,272188552.18,130.8092349663,-415888200.05,-199.8688660649,-63426554.07,-30.4817338863,2025-10-28
3560,300456,赛微电子,1656288643.68,830.3936300342,21431027.37,1.2939186326,1128647439.9,68.1431611698,507204278.11,30.6229400319,2025-10-28
3561,300454,深信服,35210304.11,-52.1383077815,12998553.01,36.9169007157,257542026.28,731.4393692125,-234038437.67,-664.6873510062,2025-10-28
3562,300441,鲍斯股份,-337033998.19,-251.3800621783,248925803.38,73.8577724256,-547074545.24,-162.3202846532,-39157771.91,-11.6183447724,2025-10-28
3563,300440,运达科技,-113301293.8,6.6328353722,-559508.54,-0.4938236107,-80033684.07,-70.6379259987,-32708101.19,-28.8682503906,2025-10-28
3564,300435,中泰股份,-337013467.19,60.5524260869,400362230.15,118.7971013408,-697691698.33,-207.0219045391,-39754125.21,-11.7960049316,2025-10-28
3565,300428,立中集团,46492806.01,109.2600985707,-217249336.26,-467.2751655671,-335371661.58,-721.3409780168,557408052.64,1198.9124780296,2025-10-28
3566,300425,中建环能,-126347177.76,-267.6076351573,191907079.59,151.8886950958,-93062862.26,-73.6564630171,-225218619.64,-178.253779493,2025-10-28
3567,300417,南华仪器,33399533.28,-16.0101203466,-2666260.28,-7.9829267602,37254422.33,111.5417452624,-1150865.09,-3.445752012,2025-10-28
3568,300414,中光防雷,-51166296.27,-291.8100234482,11516849.53,22.5086636508,-56575002.42,-110.5708377277,-5039568.97,-9.8493917625,2025-10-28
3569,300405,科隆股份,-4397340.8,93.8653291198,-14017845.47,-318.7800561194,-12268357.39,-278.9949187018,21659488.77,492.5587930324,2025-10-28
3570,300403,汉宇集团,49235375.48,164.9959270702,187929321.91,381.6957219842,-23747582.89,-48.2327648738,-115409979.9,-234.4045897383,2025-10-28
3571,300396,迪瑞医疗,-351673379.58,8.0037129955,-58210987.0,-16.552571329,-265176908.77,-75.4043166664,-32445646.99,-9.2260742137,2025-10-28
3572,300385,雪浪环境,-13701731.15,90.5584597229,-81729768.86,-596.4922823639,53955867.33,393.7886880082,14072034.05,102.7025993719,2025-10-28
3573,300384,三联虹普,-154814636.96,5.0010814411,-44643332.13,-28.8366352217,-73417336.34,-47.4227358483,-71968064.14,-46.4866020121,2025-10-28
3574,300377,赢时胜,87227031.68,142.3895238186,-212268699.4,-243.3519693513,303522880.13,347.968828337,-4027149.05,-4.6168589856,2025-10-28
3575,300376,易事特,111952287.62,132.6877343232,1038415785.71,927.552091865,-200512417.6,-179.1052437272,-720917197.32,-643.9503940884,2025-10-28
3576,300375,鹏翎股份,-114448681.96,-888.7319335002,30954380.43,27.0465154337,-36225846.59,-31.652480369,-109150390.46,-95.3705963151,2025-10-28
3577,300371,汇中股份,7664941.46,118.9201179467,121451506.92,1584.5066469692,-95820156.0,-1250.1094300595,-19138079.04,-249.6833033869,2025-10-28
3578,300358,楚天科技,-6224111.31,-106.0586495667,147964543.11,2377.2798354726,-207910907.78,-3340.4111434505,31828216.36,511.3696522243,2025-10-28
3579,300333,兆日科技,-10411173.53,42.5734248373,-11177264.54,-107.3583540587,2829120.05,27.1738823856,-2400000.0,-23.0521563499,2025-10-28
3580,300310,宜通世纪,-62168183.1,76.6504708738,-125010974.41,-201.0851341898,13825234.52,22.2384406792,49017556.82,78.8466935589,2025-10-28
3581,300304,云意电气,-91673685.72,-131.8716359597,244658359.07,266.8795927081,-316583369.15,-345.3372324496,-18013685.0,-19.6497881137,2025-10-28
3582,300301,ST长方,-68451029.09,-568.6816863234,-26627897.52,-38.9006533196,-5543273.81,-8.0981599308,-37259998.05,-54.4330721471,2025-10-28
3583,300294,博雅生物,-536817463.21,-1489.2139020603,26110641.88,4.8639702822,-363760941.02,-67.7625013994,-199109424.11,-37.0907129063,2025-10-28
3584,300290,荣科科技,-118500977.29,20.1014908194,-160731967.5,-135.6376725119,-11206883.02,-9.4572072537,53437873.23,45.0948797656,2025-10-28
3585,300285,国瓷材料,221627083.43,333.2639055154,621633757.1,280.4863681276,-208152844.67,-93.9203103919,-191886177.89,-86.5806538264,2025-10-28
3586,300284,苏交科,-525103084.97,42.8836505198,-493180224.8,-93.9206489004,19162778.16,3.6493364272,-59688509.1,-11.3670078902,2025-10-28
3587,300277,海联讯,-48321407.82,-186.8527716868,24997725.03,51.7321952273,-59639971.75,-123.423497867,-13679161.1,-28.3086973603,2025-10-28
3588,300275,梅安森,-42138241.97,48.855693333,-14390746.77,-34.1512747026,-5694585.74,-13.5140562913,-22052909.46,-52.3346690061,2025-10-28
3589,300271,华宇软件,-382592440.46,41.1890851799,-269523821.99,-70.4467191422,-114487837.91,-29.9242289713,1419219.44,0.3709481134,2025-10-28
3590,300257,开山股份,141918942.34,-77.4974200949,412379793.17,290.5741730953,-676393216.94,-476.6053113048,396385392.56,279.304077401,2025-10-28
3591,300256,星星科技,1674516.05,101.8198602176,188238155.82,11241.3467652341,-185353271.09,-11069.0650645003,-1597710.0,-95.4132389475,2025-10-28
3592,300253,卫宁健康,-120807250.75,66.1093030843,-10839721.6,-8.9727409015,-173466804.08,-143.5897290958,63499274.93,52.5624699973,2025-10-28
3593,300235,方直科技,-122762499.14,-22.0574132908,-1255054.72,-1.0223437359,-111473347.62,-90.8040716024,-10034096.8,-8.1735846617,2025-10-28
3594,300228,富瑞特装,52327367.74,143.4255207819,239909299.53,458.477676007,-52519799.65,-100.3677462068,-138621222.07,-264.9115139114,2025-10-28
3595,300226,上海钢联,5879773.44,-98.940966414,-379083472.25,-6447.246243726,529449875.36,9004.5965335698,-144201219.83,-2452.496193969,2025-10-28
3596,300222,科大智能,-97266954.59,-3501.0215859441,43935390.24,45.1699042344,128636200.54,132.2506714456,-270687290.4,-278.293169084,2025-10-28
3597,300219,鸿利智汇,95289508.59,152.0040894242,347198321.31,364.3615403705,-251645702.1,-264.0854232786,-1722653.93,-1.8078106976,2025-10-28
3598,300218,安利股份,8745329.97,-91.4280674138,101054093.2,1155.5206441227,-36685286.27,-419.4843007164,-55600269.54,-635.7709741168,2025-10-28
3599,300212,易华录,-377597592.25,-16.5252851697,-215830073.81,-57.1587526615,332455858.44,88.0450154512,-494388375.31,-130.9299596865,2025-10-28
3600,300206,理邦仪器,-303119256.25,-25.9645633045,182450664.39,60.1910504292,-366324195.72,-120.8515091558,-126839688.82,-41.8448139485,2025-10-28
3601,300194,福安药业,158156771.81,255.5197379975,161035789.93,101.8203571602,-135326565.9,-85.5648255533,131959341.34,83.435783261,2025-10-28
3602,300185,通裕重工,-277651982.58,-336.6330567863,144923461.72,52.1960838793,138188959.55,49.7705646709,-567488268.78,-204.3883366172,2025-10-28
3603,300181,佐力药业,-106964861.91,26.3814079584,266001441.72,248.6811434804,-229885655.8,-214.9169846014,-143080551.29,-133.7640686251,2025-10-28
3604,300173,ST福能,-32179105.02,79.823915909,190287770.64,591.3395370124,-26586802.29,-82.621322978,-195921765.31,-608.8477761834,2025-10-28
3605,300164,通源石油,-17970422.17,-321.2666525548,53836576.4,299.5843719792,-71697190.61,-398.9733236746,2603243.46,14.4862676868,2025-10-28
3606,300157,新锦动力,-17647115.69,-169.310706631,-53575543.19,-303.5937664327,-50184164.36,-284.3760149906,86394287.28,489.566050326,2025-10-28
3607,300154,瑞凌股份,-89737594.24,46.783672378,128390819.3,143.0736141161,-215264023.68,-239.8816521694,-3284383.03,-3.6599856034,2025-10-28
3608,300152,ST新动力,-23146146.05,-605.0200907969,-16149742.29,-69.7729213974,-588803.75,-2.5438522194,-6407600.01,-27.6832263832,2025-10-28
3609,300148,天舟文化,-537259.97,99.7715917214,9290583.34,1729.2528494166,-9473309.92,-1763.2636803371,923931.87,171.9710980887,2025-10-28
3610,300147,ST香雪,-1296030.42,98.1349386506,27270008.25,2104.1179149175,-13391083.96,-1033.2383988333,-15170345.81,-1170.5238994313,2025-10-28
3611,300145,南方泵业,-120447653.46,-333.115817014,192316967.68,159.6685050771,-84803016.97,-70.4065330739,-228087859.19,-189.366793489,2025-10-28
3612,300144,宋城演艺,378604296.08,-52.3195800495,1307789079.44,345.4237294665,-334874537.67,-88.4497458527,-594310245.69,-156.9739836139,2025-10-28
3613,300143,盈康生命,-160510629.56,-35.1259061525,247729510.37,154.3383831022,-592977424.75,-369.4318727523,184851554.5,115.1646809976,2025-10-28
3614,300130,新国都,-1335751173.57,-194.9857468237,58654346.89,4.391113259,-1101771949.82,-82.4833226143,-288962394.19,-21.6329508001,2025-10-28
3615,300129,泰胜风能,129788943.29,227.3075299255,260663376.83,200.8363503258,-397595643.85,-306.340150225,270544653.83,208.4496929954,2025-10-28
3616,300127,银河磁体,-108496370.61,-423.9449505412,115046502.53,106.0371898923,-110240998.89,-101.6080061206,-111779323.37,-103.0258641294,2025-10-28
3617,300118,东方日升,-1278810315.28,30.1217123987,1033170148.62,80.7915088168,-487641081.68,-38.1324013306,-1853678596.39,-144.9533659716,2025-10-28
3618,300112,万讯自控,-37736422.9,9.6139025018,-19613839.51,-51.975884312,-24469074.41,-64.842061143,6342257.58,16.8067270096,2025-10-28
3619,300111,向日葵,-35854796.88,86.9336877534,10975835.77,30.6119033577,-48658481.78,-135.7098241076,1059241.21,2.9542524353,2025-10-28
3620,300109,新开源,-26999549.51,-905.3283269352,213795586.24,791.8487164418,58393916.95,216.2773750294,-303645420.7,-1124.6314335265,2025-10-28
3621,300107,建新股份,-48391889.62,64.2027112609,29458598.44,60.8750736359,-54127294.38,-111.8519958717,-24258982.17,-50.1302643077,2025-10-28
3622,300099,尤洛卡,-70660389.62,-161.3537963594,12328640.26,17.4477388623,129424219.69,183.1637504209,-212413249.57,-300.6114892832,2025-10-28
3623,300074,华平股份,-25485630.92,72.3476891447,-1068144.99,-4.1911655762,-16195526.97,-63.5476791641,-8223665.06,-32.2678496201,2025-10-28
3624,300070,碧水源,193528011.68,246.4913742799,45179692.61,23.3452988112,-1069220442.06,-552.4887238691,1218570243.66,629.6609121758,2025-10-28
3625,300067,安诺其,5671124.45,115.1888327101,34314614.77,605.0760316149,-98101504.29,-1729.8422059844,69416385.51,1224.0321319346,2025-10-28
3626,300061,旗天科技,-153694981.05,36.7898530977,-163800646.22,-106.5751432486,-7622987.53,-4.9598155242,17728652.7,11.5349587728,2025-10-28
3627,300054,鼎龙股份,734690059.05,2270.9855366339,770174413.07,104.8298399554,-1252933007.97,-170.5389902226,1213262759.64,165.1394005805,2025-10-28
3628,300041,回天新材,-39457140.65,81.5903927639,143220067.91,362.9762966871,-127434483.7,-322.9693829829,-56470481.44,-143.1185344648,2025-10-28
3629,300040,九洲集团,22164277.79,109.0206761134,306242054.83,1381.6920078856,-75722553.32,-341.642322107,-208355223.72,-940.0496857786,2025-10-28
3630,300036,超图软件,-468032982.57,35.8252252298,-316075780.93,-67.5328006147,-141164887.68,-30.1613119026,-10170844.6,-2.1731042424,2025-10-28
3631,300030,阳普医疗,-130310349.72,-1765.1870708445,71345913.5,54.7507651183,-44586782.84,-34.2158415934,-157581472.51,-120.9278256475,2025-10-28
3632,300025,华星创业,-38031119.07,31.7209650119,-37316866.69,-98.1219264711,46366226.94,121.9165464331,-47065313.58,-123.7547427762,2025-10-28
3633,300021,大禹节水,-694066091.86,-1350.4676311969,-839124708.13,-120.8998275483,-18689235.17,-2.6927169313,163756093.94,23.5937320466,2025-10-28
3634,300015,爱尔眼科,-247981906.94,79.8764942945,5078358713.04,2047.8746920309,-2633292262.66,-1061.8888672782,-2698941198.25,-1088.3621436555,2025-10-28
3635,300009,安科生物,-111474771.0,-221.1716433984,555838297.62,498.6225068092,-211346451.48,-189.5912856192,-452897275.39,-406.2778253117,2025-10-28
3636,300008,天海防务,87077036.58,117.6652623843,-141910216.72,-162.9708845105,-440807.3,-0.5062268048,228035570.9,261.877964451,2025-10-28
3637,300004,南风股份,-403175425.27,23.1577439487,-6146309.8,-1.5244753065,-404636249.34,-100.3623296408,7607022.95,1.8867774356,2025-10-28
3638,003040,楚天龙,-341122123.93,-55.3891127616,-58649515.69,-17.1931140128,-305216361.8,-89.474220635,23034881.33,6.7526787957,2025-10-28
3639,003036,泰坦股份,-145042566.08,49.7459296307,-106039380.34,-73.1091452709,7618711.04,5.2527414854,-48517269.39,-33.4503661244,2025-10-28
3640,003035,南网能源,-28548585.85,-115.4668705919,1215318973.04,4257.0198728075,-2696660901.93,-9445.8650810194,1452793343.04,5088.845208212,2025-10-28
3641,003029,吉大正元,-100995805.82,74.2538500392,-78575176.85,-77.8004355845,-94315047.7,-93.3851133067,71894418.73,71.1855488911,2025-10-28
3642,003019,宸展光电,33695152.09,308.9730262556,136289015.33,404.4766290592,-150223867.37,-445.8322875907,44484086.64,132.0192487073,2025-10-28
3643,003013,地铁设计,-325752070.24,42.4037554334,-418600095.5,-128.5026662122,-17776567.78,-5.4570851282,110624593.04,33.9597513405,2025-10-28
3644,003012,东鹏控股,-852999326.9,-76.8690910315,651155472.05,76.3371612984,-1100487216.85,-129.0138435219,-403653300.22,-47.3216434633,2025-10-28
3645,003007,直真科技,-130122942.16,-221.8174498325,-6023118.63,-4.6287906883,-894000167.29,-687.0426939707,768463179.18,590.5670179476,2025-10-28
3646,003005,竞业达,-903309323.14,-79.7682337181,-55355773.85,-6.128108327,-778456523.4,-86.1782894805,-69497025.89,-7.6936021925,2025-10-28
3647,003002,壶化股份,-45562414.69,67.8134403685,82009848.09,179.9945166383,-287705969.09,-631.4546124201,160133706.31,351.4600957819,2025-10-28
3648,002993,奥海科技,-42318567.62,94.9382739561,627342240.75,1482.427870393,-449423220.49,-1062.0000764808,-207042284.85,-489.2469109757,2025-10-28
3649,002986,宇新股份,-141574260.77,87.1930328267,-166773088.38,-117.7990176131,-1085106375.0,-766.4573836362,1113353603.65,786.4096182418,2025-10-28
3650,002980,华盛昌,123173821.1,408.4905746192,76430471.31,62.0509054825,156736782.37,127.2484534216,-113657233.5,-92.2738553412,2025-10-28
3651,002979,雷赛智能,129877089.41,264.4478785528,190737930.57,146.8603365201,-241202821.7,-185.7162204633,180238858.59,138.7764842966,2025-10-28
3652,002976,瑞玛精密,16392957.47,120.2956326121,-15281538.43,-93.2201432107,-103758415.19,-632.9450642441,132882640.2,810.6080946235,2025-10-28
3653,002961,瑞达期货,-918728321.91,-147.6559428129,-2019364095.51,-219.7999177071,815044512.61,88.7144211376,291029870.85,31.6774680729,2025-10-28
3654,002953,日丰股份,-112808387.29,-2200.8547957874,78968474.2,70.0023075385,-93714999.4,-83.0744961889,-101537682.29,-90.0089831344,2025-10-28
3655,002939,长城证券,7945784306.1,47.3195629043,11007962502.64,138.5384007239,-3049890684.0,-38.3837588148,-11244809.98,-0.1415191949,2025-10-28
3656,002921,联诚精密,49364017.89,153.0301353149,68185653.84,138.1282495925,20066521.83,40.6500983666,-40463587.09,-81.9698007163,2025-10-28
3657,002920,德赛西威,4428564923.89,896.8247098402,2259552303.53,51.0222237308,-1418451632.54,-32.0296000379,3571529270.41,80.6475535933,2025-10-28
3658,002915,中欣氟材,174066835.84,441.8326859822,-9731828.3,-5.5908572434,-36244039.17,-20.8219095815,220470052.18,126.6582753206,2025-10-28
3659,002913,奥士康,-51424551.32,-123.2888389233,185393057.42,360.5146815309,-79574497.95,-154.7402863174,-163447040.9,-317.8385356888,2025-10-28
3660,002906,华阳集团,-136008142.31,45.2536651743,534379157.11,392.9023277827,-535784460.11,-393.9355769516,-136199916.68,-100.1410021244,2025-10-28
3661,002893,京能热力,-448351397.63,-44.1657059786,-262942763.75,-58.6465805928,-117360268.61,-26.1759569013,-68048365.27,-15.1774625059,2025-10-28
3662,002881,美格智能,-26024784.81,-124.3941418514,41331169.96,158.8146463525,-26113568.39,-100.3411501023,-49471865.63,-190.0951957574,2025-10-28
3663,002877,智能自控,-81322642.09,-1882.3395202402,-30513453.39,-37.5214732402,-34514098.06,-42.4409453173,-16295085.03,-20.0375745441,2025-10-28
3664,002871,伟隆股份,1724344.57,-99.4023053989,80837106.03,4687.9902912908,-10308243.94,-597.8065010522,-69816164.34,-4048.8522743456,2025-10-28
3665,002865,钧达股份,-481882366.16,-221.3926901912,-854938582.37,-177.4164489941,-1786643163.91,-370.763341715,2161334707.24,448.5191530172,2025-10-28
3666,002864,盘龙药业,-4745523.56,-107.6317839374,89155948.33,1878.7378716544,-47808037.26,-1007.4344096187,-46093434.63,-971.3034620357,2025-10-28
3667,002863,今飞凯达,-93766051.51,79.9942151297,210104837.53,224.0734617129,-508350191.81,-542.1473802337,186562698.2,198.9661452046,2025-10-28
3668,002862,实丰文化,-34949958.91,-10.3431546479,-38903978.19,-111.3133731865,-52635054.99,-150.6011927669,55617802.37,159.1355300681,2025-10-28
3669,002858,力盛体育,62184824.19,-1.3533258495,52956764.35,85.1602702746,-19561904.12,-31.4576817975,22827399.39,36.7089554201,2025-10-28
3670,002855,捷荣技术,31351735.69,144.3896457649,36287825.7,115.7442320221,-21168194.13,-67.518412184,16159918.28,51.5439350465,2025-10-28
3671,002852,道道全,58078377.98,-83.2228563971,403505578.97,694.7604134347,-116039052.71,-199.7973372293,-228065274.9,-392.6853380419,2025-10-28
3672,002849,威星智能,-153459586.23,49.4342319998,-45528387.69,-29.6679984669,-101799710.11,-66.3364945852,-6589595.75,-4.2940267936,2025-10-28
3673,002847,盐津铺子,17187624.07,144.256046737,619032320.97,3601.6165960395,-686645940.09,-3995.0020857653,87297726.08,507.9103762362,2025-10-28
3674,002840,华统股份,268062133.58,602.7519153712,511725792.56,190.8982017437,-898106077.89,-335.0365327231,654442418.91,244.1383309794,2025-10-28
3675,002836,新宏泽,-97542944.9,-35.1550251204,5525471.65,5.6646553533,-68222122.26,-69.940601373,-34846294.29,-35.7240539802,2025-10-28
3676,002831,裕同科技,-645265491.15,-271.8845505631,2164512803.73,335.4453063765,-1587829872.5,-246.0738865285,-1215694866.28,-188.4022751803,2025-10-28
3677,002825,纳尔股份,87077587.01,-25.3021676585,85095994.42,97.724336815,-99793409.39,-114.6028648894,99844802.04,114.6618842671,2025-10-28
3678,002818,富森美,-79118986.57,-124.904699908,1019082738.94,1288.038160143,-312655005.79,-395.1706402526,-785546719.72,-992.8675198904,2025-10-28
3679,002816,*ST和科,-35309330.41,53.1076057584,-28610004.63,-81.0267549619,-34093319.5,-96.5561201646,27178277.86,76.9719435187,2025-10-28
3680,002809,红墙股份,-186349455.29,59.2269929821,28763599.35,15.4353010076,-226491151.01,-121.5410856219,11378096.37,6.1057846143,2025-10-28
3681,002803,吉宏股份,455184505.33,229.6016164057,145874645.33,32.0473662047,-155653310.04,-34.1956521405,470426843.7,103.3486065961,2025-10-28
3682,002800,天顺股份,2162806.37,103.4319842222,115077787.77,5320.7623838282,-563087.11,-26.0350218036,-112315667.71,-5193.0523817534,2025-10-28
3683,002799,环球印务,-18176253.77,64.7746029964,130266385.18,716.6844544997,-31496594.59,-173.2843026322,-116946044.36,-643.4001518675,2025-10-28
3684,002796,世嘉科技,-29981310.67,-295.8603770714,13321127.81,44.431439161,-114266525.93,-381.1258526611,69797009.51,232.8017286444,2025-10-28
3685,002793,罗欣药业,28306191.65,111.7806282221,280115794.72,989.5919528263,43012421.27,151.954108846,-292989491.23,-1035.0720960727,2025-10-28
3686,002786,银宝山新,46022847.06,426.7573190269,46448188.64,100.9241965832,8840646.03,19.2092549565,-11873674.79,-25.7995225165,2025-10-28
3687,002772,众兴菌业,-153869066.45,-148.0725255113,293501801.9,190.7477628035,-421941768.07,-274.2213089381,-25437468.83,-16.5318926129,2025-10-28
3688,002766,索菱股份,54766703.11,-44.7566706419,-66170773.0,-120.8229987244,95370444.17,174.1394656867,26883408.12,49.087139801,2025-10-28
3689,002758,浙农股份,-299512578.84,67.9087000929,1525589857.0,509.3575244514,-1969881441.74,-657.6957299654,145263380.91,48.499926605,2025-10-28
3690,002753,永东股份,-58616691.29,49.3045028643,76872929.39,131.1451187336,-107112258.32,-182.7333750212,-28297171.39,-48.2749380206,2025-10-28
3691,002746,仙坛股份,-171632275.11,35.9959284981,585492663.32,341.1320294768,-535407568.86,-311.950400073,-221717369.57,-129.1816294039,2025-10-28
3692,002738,中矿资源,710602811.63,135.1975845363,491706365.72,69.1956684765,-534823071.93,-75.2632924014,782757210.6,110.153970374,2025-10-28
3693,002737,葵花药业,-352533730.03,67.5893127195,220323992.2,62.4972799571,-276914999.75,-78.5499304496,-296007935.81,-83.9658479728,2025-10-28
3694,002731,ST萃华,97557729.38,1339.182396319,45560340.92,46.7009033621,-54823327.99,-56.19578104,106820716.45,109.4948776779,2025-10-28
3695,002724,海洋王,-267043203.57,-130.3718664573,-78010600.73,-29.2127265128,-150829463.38,-56.4812964208,-37118996.66,-13.899996766,2025-10-28
3696,002723,小崧股份,-48580830.44,-38.2578615973,-17947084.96,-36.942729874,11154586.16,22.9608799581,-45433836.24,-93.5221481982,2025-10-28
3697,002718,友邦吊顶,-52141534.79,68.0665650775,-55441048.43,-106.3279948572,-6434068.28,-12.3396219653,9733581.92,18.6676168226,2025-10-28
3698,002715,登云股份,7562154.42,162.5482313463,45849882.09,606.3071387267,-63438674.1,-838.8968351694,24762669.62,327.4552230051,2025-10-28
3699,002703,浙江世宝,61920156.74,-38.9577276383,191968801.7,310.0263497492,-117935526.62,-190.4638696494,-11996616.57,-19.3743317227,2025-10-28
3700,002700,万憬能源,-263153419.14,-987.6148807027,66696612.17,25.3451436763,-302376230.59,-114.904921843,-27473800.72,-10.4402218333,2025-10-28
3701,002682,龙洲股份,-116840311.28,-78.6430698115,17319505.9,14.8232281396,4311694.14,3.6902453381,-138656108.04,-118.6714640872,2025-10-28
3702,002669,康达新材,-194201868.44,-410.3551464048,-427448070.62,-220.105024763,-99264580.96,-51.1141225146,332366550.71,171.1448779457,2025-10-28
3703,002659,凯文教育,-71678188.67,45.0482509777,97766648.06,136.3966499071,-31629269.58,-44.126770175,-137683475.08,-192.0855948438,2025-10-28
3704,002658,雪迪龙,130931061.23,179.7628579827,155427765.39,118.7096201084,78991166.56,60.330349283,-103776784.27,-79.2606302088,2025-10-28
3705,002657,中科金财,-161093178.78,-2177.4298736658,-250088784.85,-155.2448010176,62520023.65,38.8098516172,26474545.7,16.4343058474,2025-10-28
3706,002650,ST加加,54855019.14,-60.0339705027,84617698.26,154.2569842953,56481622.86,102.9652778278,-86244301.98,-157.2222621232,2025-10-28
3707,002649,博彦科技,-337101388.15,-110.2697145206,-48535426.86,-14.3978721436,614587.79,0.1823154136,-297983076.86,-88.3956837126,2025-10-28
3708,002641,公元股份,-148657184.24,86.3977538599,114337598.54,76.9136043606,-310598863.16,-208.9363287405,42139445.45,28.3467265073,2025-10-28
3709,002627,三峡旅游,-109955560.39,-36.8540361221,199666967.44,181.5887861713,-103555325.95,-94.1792534936,-206067201.88,-187.4095326777,2025-10-28
3710,002613,北玻股份,-63120496.45,-280.7514661739,-17675854.83,-28.0033520395,-14725730.05,-23.329553597,-34277620.76,-54.3050557075,2025-10-28
3711,002603,以岭药业,190139426.87,1201.8510284351,1278238969.04,672.2640275517,-1081026937.2,-568.5443334901,-7307247.28,-3.8430994562,2025-10-28
3712,002601,龙佰集团,365666220.39,-46.8447025759,2538859737.92,694.310711887,-1082145455.11,-295.9380426105,-1162656183.41,-317.9555886158,2025-10-28
3713,002593,日上集团,-120205508.31,-953.2056497408,189121228.76,157.331582736,-148541446.77,-123.5729118061,-156942491.52,-130.5618134531,2025-10-28
3714,002591,恒大高新,-47132182.33,27.1229104591,4098276.89,8.6952835354,-71149379.1,-150.9571074003,19918919.88,42.2618238649,2025-10-28
3715,002584,西陇科学,41677901.04,144.9250689011,147665898.59,354.3026277842,-30651676.45,-73.5441941296,-75336517.87,-180.7589057753,2025-10-28
3716,002577,雷柏科技,-6765606.94,98.3073752995,24818237.36,366.8294297924,-16493796.47,-243.7888664871,-12602096.88,-186.2670561822,2025-10-28
3717,002575,群兴玩具,-21691973.54,-487.3787225827,45250656.59,208.6055310115,-66055451.63,-304.5156380455,-884476.08,-4.0774348096,2025-10-28
3718,002573,清新环境,-166926482.37,-458.1937440947,633823354.93,379.7020975528,-112042115.9,-67.1206355692,-688707721.4,-412.5814619836,2025-10-28
3719,002572,索菲亚,-796863805.15,58.3544396179,-405093035.57,-50.835918629,688687126.26,86.4246966432,-1081812846.28,-135.7588133993,2025-10-28
3720,002568,百润股份,-20188408.3,-145.9950016943,755385131.5,3741.6775026291,-428804362.53,-2124.0127312563,-346812884.63,-1717.8812686783,2025-10-28
3721,002565,顺灏股份,-67180105.12,-268.4251746756,107760854.13,160.4059028153,-86689994.7,-129.0411715569,-87691734.94,-130.5322978929,2025-10-28
3722,002559,亚威股份,-34689872.64,85.7311716416,249513012.2,719.2675937135,-234772055.82,-676.7740494651,-54316726.23,-156.5780502964,2025-10-28
3723,002551,尚荣医疗,-120330752.68,-252.1260942681,118748643.28,98.6851994484,76639819.87,63.6909669084,-312877777.17,-260.0148093497,2025-10-28
3724,002543,万和电气,-280689807.79,-164.5543823101,552547982.62,196.8535968479,-320055407.67,-114.0245918403,-510047732.71,-181.712238405,2025-10-28
3725,002540,亚太科技,-324061163.5,-398.302935466,-172100049.54,-53.1072738496,26288890.54,8.112323691,-181242506.55,-55.9284872623,2025-10-28
3726,002539,云图控股,92771940.38,-32.078259566,555243915.94,598.5041529429,-2665591336.76,-2873.273239561,2203714696.15,2375.410805383,2025-10-28
3727,002533,金杯电工,-1067100896.03,-14.6632054713,-1201029075.38,-112.5506575665,-399112789.97,-37.401598242,531573223.14,49.8147105974,2025-10-28
3728,002526,山东矿机,-6207537.86,-110.4531048407,83188593.12,1340.122202976,93048222.38,1498.9553745549,-182621389.63,-2941.929533878,2025-10-28
3729,002515,金字火腿,-305753114.58,-195.7018880405,-35066743.0,-11.4689732754,-234448619.55,-76.6790617561,-36237752.03,-11.8519649685,2025-10-28
3730,002514,宝馨科技,-8228609.41,81.3692370269,38229369.27,464.590884865,6207468.69,75.4376393471,-53487090.28,-650.0137218203,2025-10-28
3731,002511,中顺洁柔,521869021.91,200.8809174345,840385412.98,161.0337800669,-155380846.06,-29.7739163538,-145553047.64,-27.8907238271,2025-10-28
3732,002496,*ST辉丰,10404773.15,145.6072917909,-18116830.21,-174.1203767619,38879999.99,373.6746532528,-10635056.96,-102.2132516171,2025-10-28
3733,002495,佳隆股份,-16163627.06,20.8277509728,31332955.9,193.8485451544,-16616566.96,-102.8022169673,-30880016.0,-191.0463281872,2025-10-28
3734,002487,大金重工,1343710482.78,141.8198077426,1509074852.19,112.3065475435,-1300020701.12,-96.7485717928,1057642272.8,78.7105768954,2025-10-28
3735,002476,宝莫股份,56708109.28,-38.9082307158,-9964403.91,-17.5713915285,75074080.55,132.3868517275,-8401567.36,-14.815460199,2025-10-28
3736,002468,申通快递,271610673.35,140.0379295095,1927919840.42,709.8100441494,-2601708173.83,-957.8814196589,945601893.37,348.1460730932,2025-10-28
3737,002458,益生股份,-35705736.29,-126.9737088522,230417081.09,645.3223068097,-151720289.47,-424.9185291622,-114402526.43,-320.4037735025,2025-10-28
3738,002414,高德红外,218162322.06,192.3697745218,1413649218.04,647.9804600041,-788333584.32,-361.3518488785,-408991182.43,-187.4710438393,2025-10-28
3739,002412,汉森制药,-141204.54,-101.3111553279,161811220.93,114593.497439955,-132533425.47,-93859.1814894904,-29419000.0,-20834.3159504645,2025-10-28
3740,002398,垒知集团,-72455597.0,43.5192821231,226828296.12,313.0583495434,-329280631.21,-454.4585164484,30533681.99,42.1412330506,2025-10-28
3741,002394,联发股份,375718745.15,89.6943210637,563467526.07,149.9705653081,194358907.44,51.7298936901,-378853690.96,-100.8343863197,2025-10-28
3742,002383,合众思壮,29608311.52,104.775077157,27396312.42,92.5291278481,31862943.43,107.614861484,-37660417.38,-127.1954240098,2025-10-28
3743,002381,双箭股份,98840356.51,159.0027368272,173794367.83,175.833408505,-75418267.9,-76.3031119706,-2984371.33,-3.0193854367,2025-10-28
3744,002378,章源钨业,11495196.2,105.6047914693,463490661.98,4032.0378522987,-154325789.31,-1342.5241868425,-298293383.33,-2594.9394698457,2025-10-28
3745,002372,伟星新材,-33144685.89,94.7773217854,947687004.79,2859.2426790079,-169854598.72,-512.4640471287,-817401259.75,-2466.1608272976,2025-10-28
3746,002367,康力电梯,-374773224.28,-1.8172528969,324362443.12,86.5489907245,-375782190.02,-100.2692203377,-323534151.09,-86.3279791964,2025-10-28
3747,002366,融发核电,-288645212.28,68.693335444,-250276482.68,-86.7073043419,59905614.79,20.7540649356,-98284014.18,-34.0501106544,2025-10-28
3748,002363,隆基机械,149525065.69,54.9105687284,254383922.36,170.1279455629,-72080842.48,-48.2065278804,-37391300.8,-25.006710833,2025-10-28
3749,002360,同德化工,-107177968.2,-61.4391159249,51492152.31,48.0435981152,26457566.1,24.6856387972,-185127568.15,-172.7291263859,2025-10-28
3750,002358,森源电气,35115242.53,154.7698941371,-113205724.04,-322.3834320475,-14053412.17,-40.0208318595,162374378.74,462.404263907,2025-10-28
3751,002342,巨力索具,-185879329.85,-152.9952539079,-109616602.01,-58.9719158652,-29715628.97,-15.9865160876,-48741313.94,-26.2220194033,2025-10-28
3752,002332,仙琚制药,-79675994.43,76.6018085792,127511295.57,160.0372815956,-164082018.86,-205.9365810667,-84618815.77,-106.2036518971,2025-10-28
3753,002330,得利斯,-148867413.51,-8.9988037238,-31190797.14,-20.9520649312,-106148332.58,-71.3039409211,-11528283.79,-7.7439941477,2025-10-28
3754,002324,普利特,-17929887.92,91.5508546661,688796423.65,3841.6103141486,-385134387.71,-2148.0022040762,-324447466.12,-1809.5342679643,2025-10-28
3755,002320,海峡股份,-1649555340.45,-40124.6918574572,1320782551.49,80.0690052102,-2556828917.37,-155.0010996704,-413508974.57,-25.0679055398,2025-10-28
3756,002318,久立特材,-1012104655.48,53.0697102903,598226762.33,59.1072038935,-496768993.01,-49.0827692888,-1145503138.07,-113.1803052054,2025-10-28
3757,002316,亚联发展,-24638807.84,17.6553513828,20401888.59,82.8038788341,-7562985.88,-30.6954213415,-37477291.26,-152.1067557463,2025-10-28
3758,002315,焦点科技,27209186.51,111.5138726852,417221441.94,1533.3844758154,-7982295.52,-29.3367665258,-381531458.73,-1402.2156031375,2025-10-28
3759,002310,东方新能,43613162.13,177.9982768649,66786923.84,153.1347890825,11482336.31,26.3276858389,-34656098.02,-79.4624749214,2025-10-28
3760,002309,中利集团,1541215272.31,1030.5730126602,1041190085.02,67.5564344402,-35732219.88,-2.3184444459,541876629.75,35.159048803,2025-10-28
3761,002303,美盈森,116916672.63,404.1536976837,222223829.22,190.0702647631,-409641528.97,-350.370498711,314226490.2,268.7610613025,2025-10-28
3762,002300,太阳电缆,315550862.12,-23.4071490386,-247192087.77,-78.3366859178,-116759491.13,-37.0017975377,679502441.02,215.3384834555,2025-10-28
3763,002294,信立泰,-114895675.5,60.9017884057,776454330.96,675.7907358837,-384792997.18,-334.9064231578,-497904012.8,-433.3531359063,2025-10-28
3764,002293,罗莱生活,-932538397.63,-20.1270751813,543129044.29,58.2420032966,-1483761824.41,-159.109997849,10778020.05,1.1557722532,2025-10-28
3765,002292,奥飞娱乐,-120824485.81,24.0661521554,50346603.9,41.6692060078,-63047100.05,-52.1807311054,-109211063.35,-90.3881879719,2025-10-28
3766,002287,奇正藏药,94092750.59,229.5537474718,502538743.19,534.0886944413,18377903.54,19.531689131,-425018183.24,-451.701305972,2025-10-28
3767,002285,世联行,-192196223.15,66.0098039815,-6225646.19,-3.2392135953,-151227795.76,-78.6840621951,-34697848.57,-18.0533456908,2025-10-28
3768,002284,亚太股份,646816911.43,-33.9008937898,606594834.27,93.7815359417,-32277034.26,-4.9901345635,72519771.08,11.2117926725,2025-10-28
3769,002282,博深股份,-42958726.49,32.8881780607,68600858.62,159.6901589622,-359746.53,-0.8374236375,-108335412.59,-252.1848793986,2025-10-28
3770,002274,华昌化工,-523686089.68,-336.9185277334,-29664933.73,-5.6646403856,-491265490.36,-93.809154003,-8398352.52,-1.6036997517,2025-10-28
3771,002273,水晶光电,-602470652.46,-20.7826686512,824148315.5,136.7947653773,-1081163337.7,-179.4549383087,-352193256.01,-58.458159675,2025-10-28
3772,002271,东方雨虹,-3488292443.12,1.4543096547,416312258.62,11.9345572485,-917685421.7,-26.307582769,-2979744841.28,-85.4213025389,2025-10-28
3773,002268,电科网安,-474609946.17,56.0793295054,-262760787.24,-55.3635231121,-139111593.04,-29.3107201319,-72737565.89,-15.325756756,2025-10-28
3774,002255,海陆重工,283312747.31,301.7640846667,378907822.35,133.7418898188,-44276364.59,-15.6280876912,-53006550.48,-18.7095536587,2025-10-28
3775,002252,上海莱士,-205618737.11,80.4962116183,690903086.19,336.0117350689,-2671044847.28,-1299.0279411409,1773832354.42,862.6803079094,2025-10-28
3776,002251,步步高,-102779233.42,-113.3920338699,399436105.78,388.6350311135,-214316127.98,-208.5208469149,-287899211.22,-280.1141841986,2025-10-28
3777,002250,联化科技,-79576765.36,-115.6224248744,917446154.12,1152.9070702604,-245827242.57,-308.9183651257,-751494715.24,-944.3644911178,2025-10-28
3778,002247,聚力文化,-105675112.11,53.992477228,1753327.77,1.6591681191,-107976058.42,-102.1773776853,-319426.55,-0.3022722603,2025-10-28
3779,002245,蔚蓝锂芯,-257971479.87,1.2443395452,1050234432.87,407.1126131459,-215794553.45,-83.6505467809,-1089930910.25,-422.5005457189,2025-10-28
3780,002243,力合科创,-164057440.79,36.4901113076,-59893706.41,-36.5077658908,-146292829.38,-89.1717124658,43178071.52,26.3188742382,2025-10-28
3781,002242,九阳股份,241900229.56,-26.7309391384,347031788.32,143.4607106207,41416700.92,17.1213979397,-134763427.93,-55.7103348662,2025-10-28
3782,002239,奥特佳,89935272.61,2.3460923642,1048094452.4,1165.3875303687,-138349599.39,-153.8324123283,-846538768.45,-941.2755906361,2025-10-28
3783,002233,塔牌集团,-388233596.82,-165.1180554315,260408178.25,67.0751270325,-89304488.64,-23.0027718805,-559337286.43,-144.072355152,2025-10-28
3784,002227,奥特迅,-92382645.85,-5.0044348696,-39147779.24,-42.3756852597,-90012101.43,-97.4339938003,36741912.61,39.7714443789,2025-10-28
3785,002216,三全食品,295979715.45,208.7273285791,52642796.77,17.7859474897,520141541.95,175.7355368624,-276773701.61,-93.5110371294,2025-10-28
3786,002209,达意隆,168660797.05,124.9414786254,170727063.61,101.225101859,-144257842.79,-85.5313417897,143031964.17,84.8045109899,2025-10-28
3787,002205,国统股份,-65069702.27,-1678.277529493,-71921964.52,-110.5306494589,-29773149.84,-45.7557800349,36625412.09,56.2864294938,2025-10-28
3788,002200,*ST交投,-102150946.21,-51.8293995384,-122201958.59,-119.6288072935,56917613.76,55.7191253451,-36856467.9,-36.0803979478,2025-10-28
3789,002196,方正电机,-7572436.78,-57.3856166295,-25467109.03,-336.3132604456,-199321705.62,-2632.2003261413,219849800.01,2903.2900029045,2025-10-28
3790,002194,武汉凡谷,-25965425.97,78.1716495105,135890436.94,523.3514639698,-114477821.55,-440.8855902548,-50677664.06,-195.1736286497,2025-10-28
3791,002188,中天服务,-248960025.7,-272.5980766827,-48165331.1,-19.3466123586,-199396212.55,-80.0916580842,-1398482.05,-0.5617295572,2025-10-28
3792,002185,华天科技,626677843.96,18.8985640801,2615179695.36,417.3084656759,-4522204139.76,-721.6154493645,2539293760.63,405.1992239879,2025-10-28
3793,002182,宝武镁业,51525230.2,144.1796838743,429845240.61,834.2422516921,-1055700317.07,-2048.8997583751,667179219.64,1294.8592700125,2025-10-28
3794,002166,莱茵生物,89141866.1,4.0778485253,346457702.23,388.6587945571,-114708288.15,-128.6806000015,-144100245.04,-161.6527130791,2025-10-28
3795,002156,通富微电,1439875267.94,163.9945709145,5466252788.15,379.6337717482,-5970772048.54,-414.6728665659,1958051461.3,135.9875750975,2025-10-28
3796,002155,湖南黄金,256876248.09,892.0060182915,768469537.44,299.1594369483,-207552950.8,-80.7988096771,-304040338.55,-118.3606272712,2025-10-28
3797,002154,报喜鸟,-23583740.35,91.1365122942,95913678.51,406.6940912958,-160225600.75,-679.3901152749,41127417.7,174.3888674555,2025-10-28
3798,002151,北斗星通,-1234551715.26,-65.3888906712,317999292.61,25.7582804089,-1559858211.13,-126.3501716331,6221187.82,0.5039228202,2025-10-28
3799,002145,钛能化学,-416840581.25,55.650377531,477838064.33,114.6332880779,-222426305.74,-53.3600411632,-677398692.64,-162.5078562669,2025-10-28
3800,002142,宁波银行,8615000000.0,-79.1651551428,222407000000.0,2581.6250725479,-207253000000.0,-2405.7225769008,-6471000000.0,-75.1131746953,2025-10-28
3801,002139,拓邦股份,32457769.04,-89.629635985,557895959.4,1718.8364323884,-434519997.91,-1338.7241660834,-119427107.05,-367.9461361094,2025-10-28
3802,002138,顺络电子,27996726.61,106.4461457977,1328479711.92,4745.1251370419,-573902940.54,-2049.8930054738,-731197423.46,-2611.7246978396,2025-10-28
3803,002131,利欧股份,155879679.26,107.487592971,-213840372.94,-137.1829695539,121104954.13,77.6913031287,239302716.57,153.5175833733,2025-10-28
3804,002122,ST汇洲,-36085683.59,34.6116404802,-35584912.04,-98.6122708504,-214219151.56,-593.6402757224,213794494.27,592.4634730468,2025-10-28
3805,002119,康强电子,54996991.74,188.6838509841,131069341.26,238.3209283148,-36695108.9,-66.722029222,-38266278.74,-69.5788579145,2025-10-28
3806,002116,中国海诚,-301566281.71,-47.7967675577,-105659370.22,-35.0368647386,-35947879.36,-11.9203908196,-164858599.63,-54.667451114,2025-10-28
3807,002115,三维通信,27484815.08,-15.0368652298,-80375739.74,-292.4368947219,12211392.52,44.4295967954,83176262.65,302.6262407366,2025-10-28
3808,002108,沧州明珠,-161871163.19,1.5092939854,-89302910.75,-55.1691289481,-684742204.32,-423.0167936189,610731739.63,377.2949595186,2025-10-28
3809,002102,能特科技,-104882004.32,-778.9480092479,88273038.5,84.1641414772,271432857.26,258.7983124654,-462799183.4,-441.2569977095,2025-10-28
3810,002098,浔兴股份,-22373029.68,-6700.9841185956,190693749.74,852.3376246645,-196179010.73,-876.8549165488,-18636606.66,-83.2994320687,2025-10-28
3811,002078,太阳纸业,-598055892.4,-366.3112986356,3322730929.51,555.5886952599,-6929108886.46,-1158.605570903,3009096669.03,503.1463960592,2025-10-28
3812,002077,大港股份,35999485.64,488.1943720486,84124396.62,233.6822182996,-11134865.97,-30.9306251799,-36989987.75,-102.7514340619,2025-10-28
3813,002073,软控股份,-241664465.25,70.9326136813,264466124.95,109.4352554797,-514694838.46,-212.979114628,6987242.55,2.8912991171,2025-10-28
3814,002068,黑猫股份,-145110490.23,4.918896798,-117766386.54,-81.1563563415,-267514759.74,-184.3524608841,236189032.44,162.7649607314,2025-10-28
3815,002059,云南旅游,-73380085.95,59.8425070162,13591638.69,18.5222441675,-108817191.55,-148.2925376023,21763229.98,29.6582236151,2025-10-28
3816,002049,紫光国微,-1128335469.35,-57.0708714781,285499316.69,25.3026980402,-1052233896.77,-93.2554125393,-356677718.95,-31.6109639942,2025-10-28
3817,002045,国光电器,601489321.04,1988.8792702346,203665710.7,33.8602371773,-579135787.9,-96.2836359087,993202919.97,165.1239490425,2025-10-28
3818,002040,南京港,256946083.51,319.2916428763,231587492.0,90.1307732877,-8049555.64,-3.1327800487,33408294.48,13.0020640998,2025-10-28
3819,002039,黔源电力,136767721.25,469.525349786,1455723168.05,1064.3762685708,-136062248.8,-99.4841820544,-1182893198.0,-864.8920865164,2025-10-28
3820,002036,联创电子,-167230972.14,73.5813066805,4521709.52,2.7038708573,-811462332.97,-485.2344769548,638959070.09,382.0817770258,2025-10-28
3821,002035,华帝股份,-528590548.42,-180.9573692637,299536385.94,56.6669961912,-596106152.43,-112.7727603552,-235075576.82,-44.4721490996,2025-10-28
3822,002026,山东威达,-257611789.63,-781.6227463804,274901755.77,106.7116362046,-294626441.17,-114.3683841462,-236307083.25,-91.7299179472,2025-10-28
3823,002015,协鑫能科,445523113.13,-68.1315829316,2343434911.68,525.9962598161,-1859173135.6,-417.3011636901,-42363046.42,-9.5086080097,2025-10-28
3824,002010,传化智联,-2950428093.0,-853.4872513673,242714833.28,8.2264276786,672067490.01,22.7786432621,-3892636657.3,-131.9346391303,2025-10-28
3825,002005,ST德豪,2241645.67,102.0303173501,-86409379.71,-3854.7296241515,12947266.96,577.5786572014,76051531.05,3392.6651329333,2025-10-28
3826,001391,国货航,-3099994708.0,-170.254360098,2893041216.0,93.3240695068,-5474453429.0,-176.595573369,-526407286.0,-16.9809091816,2025-10-28
3827,001389,广合科技,67353549.01,-84.7931551734,759551839.65,1127.7087114403,-637989810.29,-947.2252311386,-66632854.95,-98.9299835412,2025-10-28
3828,001388,信通电子,35579798.95,301.6015625164,-17282915.01,-48.575077769,-435960082.89,-1225.30226633,488825166.33,1373.8840037206,2025-10-28
3829,001382,新亚电缆,56660088.28,176.2562023513,-372406185.92,-657.2636881179,-5009988.31,-8.8421823228,434076262.51,766.1058704408,2025-10-28
3830,001380,华纬科技,106431236.35,128.6881150293,178828457.42,168.0225313102,-36575500.16,-34.3653812681,-36130308.05,-33.9470904305,2025-10-28
3831,001373,翔腾新材,-20621061.83,78.8051445796,-8221685.5,-39.8703304795,25682467.15,124.5448336353,-35789067.07,-173.5558884651,2025-10-28
3832,001337,四川黄金,127881196.13,922.3528622473,402477109.79,314.727357868,-169326476.1,-132.4092057505,-105269437.56,-82.3181521175,2025-10-28
3833,001336,楚环科技,-86387980.47,15.3833331831,24645259.98,28.5285752091,-138925895.67,-160.8162326682,27892655.22,32.2876574591,2025-10-28
3834,001335,信凯科技,88764448.48,91.6914324869,-7206469.44,-8.1186438528,-90625458.56,-102.0965714448,179476499.55,202.1941245886,2025-10-28
3835,001318,阳光乳业,83577934.94,296.0208910228,96897839.79,115.9371069165,37558895.15,44.9387690387,-50878800.0,-60.8758759552,2025-10-28
3836,001317,三羊马,-209434650.54,13.8675931377,58018904.79,27.7026292643,-210293152.1,-100.4099138122,-57160403.23,-27.2927154521,2025-10-28
3837,001301,尚太科技,126043629.26,-38.7436392672,-475131692.09,-376.9581175022,-579951972.87,-460.1200205634,1178656876.02,935.1181673678,2025-10-28
3838,001300,三柏硕,20895030.23,118.0401325327,-13427665.37,-64.2624835772,-6288959.38,-30.0978716507,43532202.89,208.3375922926,2025-10-28
3839,001288,运机集团,-609333495.57,-105.1590129524,-804610078.35,-132.0475706981,-132258144.02,-21.7053789069,325867796.71,53.4793834705,2025-10-28
3840,001285,瑞立科密,1605113238.32,2923.4653334786,215691759.32,13.4377908157,-281484456.77,-17.5367351069,1669740533.17,104.0263386599,2025-10-28
3841,001268,联合精密,77725725.57,812.7063432029,88811206.56,114.2623062168,-126593100.48,-162.8715583568,115507619.49,148.60925214,2025-10-28
3842,001255,博菲电气,-42107655.94,35.2844973768,-14586531.39,-34.6410434501,-112504295.71,-267.1825187094,84983171.16,201.8235621596,2025-10-28
3843,001239,永达股份,13702470.28,103.1811647235,4479609.84,32.6919872728,6877832.6,50.1941070439,-1022360.74,-7.4611418168,2025-10-28
3844,001229,魅视科技,45431711.55,538.143026253,87009420.81,191.5169335283,21568485.85,47.4745174992,-62140734.67,-136.7783263054,2025-10-28
3845,001221,悍高集团,829145184.06,390.4208192778,791059515.12,95.4066344867,-1097551713.98,-132.3714754762,1134664725.63,136.8475325484,2025-10-28
3846,001215,千味央厨,-61197339.08,-125.1685446008,111334957.79,181.9277757232,-170826319.41,-279.1401096487,-1705977.46,-2.7876660745,2025-10-28
3847,000995,皇台酒业,-19911211.62,-1488.1227785766,-14336200.57,-72.0006438764,-229115.26,-1.1506846714,-5345895.79,-26.8486714522,2025-10-28
3848,000972,*ST中基,-55456664.1,-5.27118287,-37369039.83,-67.3842187165,-24414200.89,-44.0239262246,6326575.0,11.4081420199,2025-10-28
3849,000968,蓝焰控股,111634717.64,120.2742008704,890950179.05,798.0941752575,-467613324.84,-418.8780468348,-311702136.57,-279.2161284227,2025-10-28
3850,000963,华东医药,-837099861.91,-251.5662294021,2610851944.18,311.8925307457,-1078391895.93,-128.8247609394,-2362637939.62,-282.240870788,2025-10-28
3851,000957,中通客车,-170636468.65,-130.6365205733,449383358.96,263.3571607027,-605700875.04,-354.9656646273,-27241998.83,-15.9649335488,2025-10-28
3852,000955,欣龙控股,-138997121.39,-72.2660644284,-23872577.47,-17.1748718472,-120246048.76,-86.5097403151,4599176.24,3.3088284088,2025-10-28
3853,000953,河化股份,-42640226.19,-182.289461856,42724569.8,100.1978029141,-7719541.2,-18.1038936463,-77628729.31,-182.0551536572,2025-10-28
3854,000950,重药控股,-3060404005.2,-34.5471070607,-2330265161.4,-76.1424033376,-61763249.0,-2.0181403793,-668375594.8,-21.839456283,2025-10-28
3855,000932,华菱钢铁,-1833581157.13,-147.3660775006,6001040192.45,327.2852237336,-5807927490.88,-316.7532273276,-2067459545.22,-112.7552787713,2025-10-28
3856,000922,佳电股份,-811811100.52,-58.738167651,-804976243.4,-99.158072966,116977031.96,14.4093905448,-123811889.08,-15.2513175788,2025-10-28
3857,000919,金陵药业,-576957307.09,-390.1004766425,89292277.59,15.4764098648,-583790011.13,-101.1842651018,-82469941.34,-14.29394174,2025-10-28
3858,000892,欢瑞世纪,-137309094.41,-127.0270176558,-142325080.17,-103.65306157,-721699.51,-0.5256021191,5606356.52,4.0830190776,2025-10-28
3859,000885,城发环境,847825019.8,1040.96272783,1601826127.93,188.9335759763,-1021045609.26,-120.4311721658,267044501.13,31.4975961895,2025-10-28
3860,000875,电投绿能,1964356462.27,317.5795972703,5161784148.82,262.7722741755,-4203668025.58,-213.9972100951,1006240339.03,51.2249359196,2025-10-28
3861,000863,三湘印象,48754937.88,113.745957019,-51854558.39,-106.3575519625,11026667.89,22.6165151049,89630261.44,183.8383255879,2025-10-28
3862,000838,财信发展,24599636.87,110.3278303872,73987582.06,300.7669684353,-10597133.35,-43.0784137425,-38790811.84,-157.6885546929,2025-10-28
3863,000833,粤桂股份,-177777278.27,51.0742393565,354576066.05,199.4495975529,-462041711.81,-259.89919314,-70280041.25,-39.5326342792,2025-10-28
3864,000820,*ST节能,12701999.53,181.6360714215,-23334164.38,-183.7046547269,-431465.0,-3.396827397,36467628.91,287.1014821239,2025-10-28
3865,000812,陕西金叶,175917155.27,120.7649839239,160591966.66,91.2884058485,-239405558.79,-136.089944396,254730747.4,144.8015385475,2025-10-28
3866,000796,凯撒旅业,-38589844.59,-110.801950054,-123425260.2,-319.8387075961,-19822993.39,-51.368419854,104627995.81,271.1283160677,2025-10-28
3867,000778,新兴铸管,-1794993518.55,58.4415949194,736488198.82,41.0301313742,-847144000.96,-47.1948222768,-1691540980.36,-94.2366065882,2025-10-28
3868,000757,浩物股份,-38492006.28,-127.3330584391,231338429.89,601.003824553,-223708773.41,-581.1824194943,-46389805.45,-120.5180242166,2025-10-28
3869,000755,山西高速,-42929437.95,-125.9613961582,861998988.23,2007.9438012535,-3318484.64,-7.7300910482,-901609941.54,-2100.2137102054,2025-10-28
3870,000752,ST西发,399247199.98,615.1306384207,101295339.23,25.3715841301,155951860.75,39.0614788927,142000000.0,35.5669369772,2025-10-28
3871,000731,四川美丰,-31175879.11,-142.1374878515,-85736714.06,-275.0097720019,239487071.86,768.1806534308,-186629110.25,-598.6330316188,2025-10-28
3872,000728,国元证券,7693989084.24,49.245381306,10012069912.2,130.1284652549,-3161473407.18,-41.0901727643,896918523.81,11.6573927255,2025-10-28
3873,000718,苏宁环球,-90457412.34,-291.3280528411,9956136.25,11.0064349537,177487711.12,196.2113513184,-277901259.71,-307.2177862721,2025-10-28
3874,000707,双环科技,-288069413.67,-194.4082898819,-55303532.24,-19.197988268,-871093296.23,-302.3900681201,638327414.8,221.5880563881,2025-10-28
3875,000702,正虹科技,-228180902.21,-344.0672329814,-36113832.57,-15.8268427464,-10832590.93,-4.7473696638,-181234478.05,-79.4257873006,2025-10-28
3876,000683,博源化工,137302931.98,132.5220422688,2971082714.38,2163.8887615399,-2022555161.58,-1473.0604309853,-811483132.81,-591.0166091196,2025-10-28
3877,000672,上峰水泥,-658258026.25,-26.1958064881,755071117.83,114.7074684575,-497315657.12,-75.5502610357,-916006353.35,-139.1561237116,2025-10-28
3878,000630,铜陵有色,643875284.75,136.6419130187,1179846871.68,183.241522019,-3293075306.66,-511.4461425459,2766128524.78,429.6062592081,2025-10-28
3879,000605,渤海股份,-176805182.21,-197.7831633275,26238591.49,14.8403973017,-150805014.77,-85.2944539775,-52238757.54,-29.545942538,2025-10-28
3880,000603,盛达资源,-24869021.8,-106.4018035784,423418496.16,1702.5940930254,-458215125.31,-1842.5136661789,9927607.35,39.9195731535,2025-10-28
3881,000597,东北制药,363585634.87,458.2342658146,379202723.95,104.2952987088,-74420303.54,-20.4684389048,67353417.68,18.5247741441,2025-10-28
3882,000589,贵州轮胎,-717696317.5,-501.000365004,443226917.96,61.7568889728,-1225594431.97,-170.7678306389,77368356.99,10.7800966932,2025-10-28
3883,000582,北部湾港,772550169.29,-53.4998369199,2227794220.0,288.3688734477,-1623663440.83,-210.1693204368,168419255.71,21.8004295908,2025-10-28
3884,000581,威孚高科,944375171.69,181.5075036779,949443901.67,100.5367284245,617733634.54,65.4118885225,-659731342.41,-69.8590308372,2025-10-28
3885,000572,海马汽车,-425477995.29,-208.9312563237,-297097337.66,-69.8267221687,-27456368.08,-6.4530641735,-101170664.89,-23.7781192,2025-10-28
3886,000571,新大洲A,-259292818.41,-517.367590048,-137337994.32,-52.9663702844,-113462641.37,-43.7584974647,-8489856.19,-3.2742349912,2025-10-28
3887,000563,陕国投A,865930333.45,720.3398719702,1028948862.41,118.8258249726,663057526.09,76.5716941048,-826076055.05,-95.3975190774,2025-10-28
3888,000559,万向钱潮,1989700904.22,113.2262816796,1461829176.01,73.4697950285,-248975166.33,-12.5131956166,773229090.71,38.8615740723,2025-10-28
3889,000547,航天发展,-573678800.99,-129.9961046746,-17479041.23,-3.046834082,-387115930.28,-67.4795599231,-171955862.87,-29.9742403891,2025-10-28
3890,000546,金圆股份,75876941.45,27.5160585817,-85035100.64,-112.0697527009,242259830.33,319.2799099442,-81244633.33,-107.0742069691,2025-10-28
3891,000526,学大教育,-90699365.62,-235.6129334215,761781138.02,839.8968755874,-476367834.12,-525.2162800298,-375853117.88,-414.3944285726,2025-10-28
3892,000519,中兵红箭,-1167122548.9,-16.2388931821,-785681882.02,-67.3178564462,-511515108.61,-43.8270264842,130054299.26,11.1431571074,2025-10-28
3893,000517,荣安地产,-668428461.51,62.7630426891,903505171.48,135.1685667961,-394297935.8,-58.9888011216,-1177635697.19,-176.1797656745,2025-10-28
3894,000421,南京公用,-2321149.38,99.094176694,1577074178.68,67943.6744687238,315054751.24,13573.2216958824,-1894449680.0,-81616.8789619219,2025-10-28
3895,000407,胜利股份,-186615374.79,-31.4555124741,-44791627.61,-24.0021100407,196358782.78,105.2211174995,-338182529.96,-181.2190074588,2025-10-28
3896,000400,许继电气,1418867076.15,304.3954932324,1914872417.28,134.9578441467,-177115655.09,-12.4828927295,-319327465.04,-22.5058055407,2025-10-28
3897,000155,川能动力,1216641386.05,-39.9639760496,1321816476.71,108.6447076243,-2230024550.2,-183.2934976378,2124849459.54,174.6487900135,2025-10-28
3898,000090,天健集团,-1009226978.93,27.1262137502,-995326943.66,-98.6227047473,729092242.08,72.2426428644,-742992277.35,-73.6199381172,2025-10-28
3899,000061,农产品,1293512342.92,770.5658989421,660342439.1,51.0503392344,-1169830789.58,-90.438316726,1803698171.71,139.4418987637,2025-10-28
3900,000042,中洲控股,2301389858.06,64.564612904,5097969102.32,221.5169709063,-39233262.14,-1.704763841,-2757326357.16,-119.8113543215,2025-10-28
3901,000037,深南电A,-424490487.16,-539.2020477012,-49666179.21,-11.7001866266,-289579804.83,-68.2182083201,-85173244.99,-20.0648183096,2025-10-28
3902,000025,特力A,-184370158.62,-1122.6900796511,171018483.79,92.7582234946,-239997930.85,-130.1717873686,-115390711.56,-62.5864361259,2025-10-28
3903,000019,深粮控股,31944642.64,138.8257393318,1265157178.48,3960.4674647254,-999223.94,-3.1279859702,-1232156733.5,-3857.1623648628,2025-10-28
3904,000010,美丽生态,-54996471.33,-170.342124937,-41181592.28,-74.8804264784,-3499060.0,-6.3623354651,-10315819.05,-18.7572380564,2025-10-28
3905,688759,必贝特,-31331747.68,,-77616311.61,-247.7241691166,51371087.75,163.958577334,-5062244.7,-16.1569177427,2025-10-27
3906,688506,百利天恒,2338272370.36,-48.3925867997,-1892401585.71,-80.9316147126,-970082886.83,-41.4871637337,5226103942.33,223.5027881515,2025-10-27
3907,688372,伟测科技,-43570572.92,38.2122259936,499931657.79,1147.406665292,-1982870680.95,-4550.9401140783,1439980100.74,3304.937264387,2025-10-27
3908,688353,华盛锂电,-303563077.55,82.018210693,-196108957.04,-64.6023747759,-256736399.77,-84.5743170883,149457179.07,49.2343075041,2025-10-27
3909,688116,天奈科技,-85144308.33,91.1266386939,122277200.38,143.6117137814,-832580858.34,-977.8467576636,631046749.16,741.1496570202,2025-10-27
3910,688098,申联生物,-37208916.9,-169.9335802642,-18106094.12,-48.6606319895,-16348259.7,-43.9364030507,-2754545.57,-7.4029179011,2025-10-27
3911,603259,药明康德,12031245675.74,1749.3899897948,11412834667.47,94.8599586033,404963671.69,3.3659330264,422657302.68,3.5129970252,2025-10-27
3912,603136,天目湖,-251512927.89,-535.8366976879,116863345.47,46.464150551,-217218316.48,-86.364672505,-151157956.88,-60.099478046,2025-10-27
3913,603083,剑桥科技,-10679105.37,87.6830440472,-387819185.78,-3631.5699896498,-676789454.73,-6337.5107865426,1055211232.48,9881.0826929784,2025-10-27
3914,601137,博威合金,-734735303.18,32.9032451186,-1231588620.68,-167.6234441641,-1338603154.59,-182.1884900312,1731684471.91,235.6882083133,2025-10-27
3915,600969,郴电国际,-203047618.41,-133.5847641903,879005326.21,432.9060016036,-368279745.69,-181.376047931,-713773198.93,-351.5299536726,2025-10-27
3916,600908,无锡银行,2343193000.0,-57.0866722879,7011326000.0,299.2210202062,-2925694000.0,-124.8592838917,-1741547000.0,-74.3236686009,2025-10-27
3917,600581,八一钢铁,123611943.1,13.5260426537,517253335.99,418.4493205252,-275269890.53,-222.6887496682,-118371502.36,-95.760570857,2025-10-27
3918,301678,新恒汇,494916141.67,437.3692491485,96215750.29,19.4408187951,-188062379.24,-37.9988372587,593633062.54,119.9461913966,2025-10-27
3919,301665,泰禾股份,81875640.8,586.5764848126,409854967.14,500.5823015678,-581472310.28,-710.189629783,239613201.01,292.6550542613,2025-10-27
3920,301613,新铝时代,-260781045.7,-853.9900813356,-633061695.84,-242.7560232151,-329740847.4,-126.443563609,702021497.54,269.1995868241,2025-10-27
3921,301601,惠通科技,94828686.67,-46.4644141108,-29685772.94,-31.3046336319,-75302419.14,-79.4089022893,200153652.32,211.0686748373,2025-10-27
3922,301596,瑞迪智驱,-29162910.56,-129.3350301975,74959603.05,257.0374548033,-34281902.15,-117.5530888094,-71977230.37,-246.8108600543,2025-10-27
3923,301586,佳力奇,-186320153.54,-159.9832113626,-80388419.88,-43.1453164634,-60650498.31,-32.551764883,-45281235.35,-24.3029186536,2025-10-27
3924,301560,众捷汽车,214663098.45,1006.3945985249,16777542.7,7.8157553958,-86532795.1,-40.3109783306,289619329.07,134.9180791488,2025-10-27
3925,301512,智信精密,176188910.55,195.711377662,173581198.22,98.519933904,19005547.17,10.7870280318,-15412075.96,-8.7474721944,2025-10-27
3926,301505,苏州规划,-13582010.41,90.958981601,30743850.82,226.3571436918,2949875.71,21.7189916732,-47275736.94,-348.076135365,2025-10-27
3927,301491,汉桑科技,982866270.16,530.7366002334,77195407.58,7.8541109736,-37761910.41,-3.8420191593,962298386.0,97.9073568008,2025-10-27
3928,301469,恒达新材,-189545621.75,45.1499448154,-105413240.91,-55.6136511816,-13954562.56,-7.3621128418,-69460515.35,-36.6458031099,2025-10-27
3929,301446,福事特,-230357348.84,28.8362553318,15247741.3,6.619168599,-214419935.58,-93.0814391899,-31183820.92,-13.5371504651,2025-10-27
3930,301399,英特科技,-247471981.36,-263.1087834927,36709353.34,14.8337412334,-238053723.02,-96.1942122546,-46131761.29,-18.6412057787,2025-10-27
3931,301391,卡莱特,68230157.96,387.1449170778,136364582.73,199.8596907982,99552760.4,145.9072694194,-167265384.88,-245.1487580874,2025-10-27
3932,301362,民爆光电,-518420643.61,-235.4318967618,162327065.59,31.3118444628,-473265107.09,-91.2897881138,-216602386.29,-41.7812039238,2025-10-27
3933,301349,信德新材,10819273.65,115.1792340637,-196449829.97,-1815.7395433842,-16429904.14,-151.8577371412,223699007.76,2067.5972805254,2025-10-27
3934,301348,蓝箭电子,-93465222.0,47.0417512238,144212173.03,154.2950093565,-240792498.41,-257.6279104221,3208930.64,3.4332884161,2025-10-27
3935,301323,新莱福,105987511.02,2586.5645822733,38446519.1,36.2745749287,116441641.76,109.8635496196,-48799320.71,-46.0425197652,2025-10-27
3936,301321,翰博高新,-306526158.45,-1517.0572962834,16878692.78,5.5064444957,-319409373.37,-104.2029740578,-3332400.35,-1.0871503975,2025-10-27
3937,301317,鑫磊股份,-116056112.73,74.6453481854,-64515861.79,-55.5902315461,-169151460.91,-145.7497213469,116214373.65,100.1363658633,2025-10-27
3938,301288,*ST清研,67421523.06,671.8735692881,-20532365.95,-30.4537260775,88847554.1,131.7792154012,-890223.24,-1.3203843515,2025-10-27
3939,301287,康力源,106541676.19,185.8826918157,67724907.57,63.566587266,-65206182.39,-61.2025122204,113634944.97,106.657740927,2025-10-27
3940,301283,聚胶股份,13597658.61,261.9668430564,728462954.17,5357.2675639486,-406371848.02,-2988.5428048704,-305328942.08,-2245.4523299729,2025-10-27
3941,301280,珠城科技,-64596511.08,92.4919109318,-9281399.67,-14.3682677513,-98971369.81,-153.2147296429,43524392.16,67.3788590627,2025-10-27
3942,301265,华新环保,-139842318.17,22.2735481786,69895631.42,49.9817453934,-245228273.97,-175.3605612229,35562181.23,25.4302000248,2025-10-27
3943,301248,杰创智能,-72042176.74,73.4521769048,-171741477.09,-238.3901831698,-645403934.62,-895.869563949,745103234.97,1034.2597471188,2025-10-27
3944,301231,荣信文化,-178479276.34,49.2022499694,-15041732.0,-8.4277190655,-156475625.31,-87.6715933182,-7026210.21,-3.9367092662,2025-10-27
3945,301226,祥明智能,-58570895.39,-124.1921600257,63139474.81,107.8000846488,-115217166.0,-196.7140253411,-11060667.98,-18.884239188,2025-10-27
3946,301217,铜冠铜箔,138707742.87,124.387230098,-404405831.69,-291.5524564977,3869237.11,2.7894889138,539763766.97,389.1374452513,2025-10-27
3947,301206,三元生物,106871316.0,561.7797842812,25102480.63,23.4885108274,365311444.29,341.8236604198,-282787819.71,-264.6059113841,2025-10-27
3948,301150,中一科技,-433509166.89,-18.9830390303,-322151581.02,-74.3125187712,-201949256.83,-46.584771962,90591670.96,20.8972907332,2025-10-27
3949,301123,奕东电子,-298672873.04,4.2818530376,-20363393.06,-6.8179586759,-318177611.64,-106.5304687371,39009930.64,13.0610892924,2025-10-27
3950,301121,紫建电子,-203710670.06,-326.3121396634,18941207.36,9.2980929052,-687858665.78,-337.6645246797,462071939.33,226.8275585142,2025-10-27
3951,301110,青木科技,49790204.35,-80.6364374686,29368857.64,58.9852120983,40471437.56,81.2839354414,-19936412.27,-40.0408323892,2025-10-27
3952,301106,骏成科技,-378866201.65,-134.5044356014,118125402.0,31.1786592432,-500240018.89,-132.036063579,6755432.43,1.7830654729,2025-10-27
3953,301101,明月镜片,-1139828859.57,-90.1407629028,160617965.19,14.0914106395,-1225535731.9,-107.5192755132,-74784649.74,-6.5610419592,2025-10-27
3954,301097,天益医疗,65047676.65,-73.0792496451,33748705.96,51.8830305679,-179543079.12,-276.0176663743,209161035.04,321.5503547735,2025-10-27
3955,301090,华润材料,-736666358.39,-269.2666614061,109238430.92,14.8287524842,-785946126.75,-106.6895641153,-69463392.62,-9.4294237586,2025-10-27
3956,301083,百胜智能,531135.78,103.6694839621,28764698.05,5415.6957849836,-5133355.92,-966.4865582959,-21968185.4,-4136.0771063098,2025-10-27
3957,301030,仕净科技,-13553832.16,-122.2778766362,-213219178.1,-1573.1283638678,-22437000.56,-165.5399026278,222102346.5,1638.6682664956,2025-10-27
3958,301024,霍普股份,-176102769.34,-152.6832912306,-83790450.46,-47.5804274822,-54494759.51,-30.9448623177,-37803466.01,-21.4667072822,2025-10-27
3959,300997,欢乐家,-144616725.82,71.156241667,4097481.21,2.8333383893,-31912613.83,-22.0670283116,-116477642.19,-80.5423034781,2025-10-27
3960,300991,创益通,73277514.01,1403.4459892891,42108065.33,57.463828978,-28167744.05,-38.4398194051,59669537.46,81.4295330104,2025-10-27
3961,300988,津荣天宇,-16042100.26,62.222643236,92029828.55,573.6769316887,-115308119.16,-718.7844315343,5156495.49,32.1435186567,2025-10-27
3962,300926,博俊科技,6708351.41,-54.5062834297,-177929031.39,-2652.3510847205,-634095211.7,-9452.3255110752,819444859.17,12215.2941771725,2025-10-27
3963,300923,研奥股份,-119090666.76,-222.9314536013,-37919129.28,-31.8405550255,-44851081.52,-37.6612901248,-36320455.96,-30.4981548497,2025-10-27
3964,300904,威力传动,13396635.64,105.9299365753,-15436937.95,-115.229960453,-545457283.87,-4071.5990083462,573550129.77,4281.2997619901,2025-10-27
3965,300900,广联航空,-301479985.57,-113.6437749606,-49854327.38,-16.5365297088,-244944647.63,-81.2473992815,-6681227.99,-2.2161431305,2025-10-27
3966,300875,捷强装备,-127576342.01,41.1615520242,-100080517.72,-78.4475523778,-13981694.93,-10.9594731356,-13514130.23,-10.5929751685,2025-10-27
3967,300863,卡倍亿,-105876111.16,-370.0040763162,166454950.91,157.2167215874,-492897273.83,-465.5415356965,221196626.1,208.9202405307,2025-10-27
3968,300862,蓝盾光电,-129796978.23,-436.3349340008,-21839074.29,-16.8255644991,-49048023.22,-37.7882627846,-58909880.72,-45.3861727163,2025-10-27
3969,300852,四会富仕,16729150.16,-82.4582265002,105437092.02,630.259702445,-65727215.34,-392.8903423747,-22196825.16,-132.6835191729,2025-10-27
3970,300835,龙磁科技,-8404984.02,-33.4357199757,56945826.85,677.5245106296,-167933108.27,-1998.0181743403,103079458.49,1226.4087384904,2025-10-27
3971,300822,贝仕达克,-2873986.44,91.4292666198,41338540.44,1438.3693626613,-10078382.55,-350.6760647764,-35059228.22,-1219.8814765459,2025-10-27
3972,300813,泰林生物,-7303878.75,-159.4711069149,14859155.99,203.4419860817,18597586.88,254.6261721554,-40384964.1,-552.9248976101,2025-10-27
3973,300810,中科海讯,-82819126.73,33.0247839909,-151645311.49,-183.1042145426,29419708.36,35.5228429973,39406476.4,47.5813715453,2025-10-27
3974,300806,斯迪克,225962608.62,284.6642555305,276984005.36,122.5795750242,-275371524.72,-121.8659699504,224867755.06,99.5154713575,2025-10-27
3975,300747,锐科激光,273871897.94,224.754300979,461236920.65,168.4133801676,-39030919.0,-14.2515239035,-154141745.5,-56.2824249802,2025-10-27
3976,300743,天地数码,-110463185.52,-12145.2880085321,74086550.59,67.0689970068,-132328563.26,-119.7942668746,-56308812.14,-50.9751840624,2025-10-27
3977,300733,西菱动力,81485649.25,215.480497119,4796258.97,5.8860167577,-53905217.39,-66.153019441,130459100.49,160.1007069229,2025-10-27
3978,300710,万隆光电,35299006.9,157.3607142644,32516403.25,92.1170483411,13869696.47,39.2920302526,-11344168.47,-32.1373587142,2025-10-27
3979,300696,爱乐达,52363701.36,152.8339307936,-15310585.4,-29.2389288808,70141058.76,133.949772339,-2466772.0,-4.7108434582,2025-10-27
3980,300691,联合光电,-33582915.96,-138.9609127681,74297012.77,221.2345493122,-166100314.43,-494.5976538423,56211301.62,167.3806458229,2025-10-27
3981,300667,必创科技,-43878517.01,46.7471130161,-29469640.03,-67.1618870421,-6236969.78,-14.2141763328,-7348782.62,-16.7480195794,2025-10-27
3982,300640,德艺文创,54490145.7,149.996293233,-10130184.92,-18.5908567317,-96704197.32,-177.4709831983,156709238.41,287.5918872979,2025-10-27
3983,300631,久吾高科,-39646378.94,-5.3713070367,76906632.5,193.9814796615,-143823854.3,-362.7666842353,27535493.66,69.4527328755,2025-10-27
3984,300628,亿联网络,328150866.38,99.3042384237,1459675269.72,444.8183501151,1062625584.42,323.8222699645,-2220765521.76,-676.7513815394,2025-10-27
3985,300617,安靠智电,97986496.24,218.1613578543,27628125.63,28.1958501326,-181342339.86,-185.0687051977,251640309.55,256.8112129794,2025-10-27
3986,300612,宣亚国际,125276357.56,-24.9902153828,90963527.77,72.6102909932,32098008.19,25.6217604145,2366021.43,1.8886416209,2025-10-27
3987,300591,万里马,-123977792.86,-52.2332874919,-89428945.57,-72.1330356889,-4770697.59,-3.8480259085,-29757496.58,-24.0022796773,2025-10-27
3988,300568,星源材质,-699265359.15,-140.585387355,542734862.15,77.6150076717,-2690735777.19,-384.7946622811,1466761555.64,209.7575028488,2025-10-27
3989,300540,蜀道装备,-197845705.87,-307.4178157568,-180570276.84,-91.2682314968,55935390.5,28.272228732,-72768786.3,-36.7805740236,2025-10-27
3990,300538,同益股份,-139131115.98,56.6292830334,-26929134.13,-19.3552203907,-69720864.06,-50.1116256913,-41614331.38,-29.9101542361,2025-10-27
3991,300535,达威股份,-49356587.56,-729.3356426278,51211597.44,103.7583835749,-86204416.9,-174.6563552336,-14875770.59,-30.1393822495,2025-10-27
3992,300486,东杰智能,-222365726.99,-21.0816591698,-319900291.4,-143.8622290091,-24784946.53,-11.1460281517,120774988.07,54.3136704135,2025-10-27
3993,300482,万孚生物,-625658209.72,-8.6208884946,52709195.72,8.4245990704,-292041488.37,-46.6774804251,-386059525.34,-61.7045408088,2025-10-27
3994,300468,四方精创,-37270299.24,62.7492058718,59348593.81,159.2383077684,-25526840.35,-68.4911065125,-58835414.67,-157.8613959902,2025-10-27
3995,300459,汤姆猫,-34878062.96,-127.7983283223,137311215.79,393.6893397649,-51303852.33,-147.0949014251,-117476648.68,-336.821023618,2025-10-27
3996,300416,苏试试验,-145774662.07,33.9038412519,119778406.93,82.1668218805,-224841959.76,-154.239397003,-40041102.85,-27.4678070121,2025-10-27
3997,300391,*ST长药,10014382.08,482.2583324022,-134023825.83,-1338.3134851392,1408095.86,14.0607363365,142629476.28,1424.2464002332,2025-10-27
3998,300388,节能国祯,-36046967.99,-110.7008115361,363022061.83,1007.0807118388,-787659895.87,-2185.0933373606,386948600.24,1073.4567199864,2025-10-27
3999,300387,富邦科技,-125940122.2,-881.3427674344,-38718164.14,-30.7433115544,-36283221.21,-28.8098983677,-63659017.39,-50.5470506761,2025-10-27
4000,300341,麦克奥迪,-14220002.42,-127.3826508216,49269616.14,346.4810671952,-38534318.42,-270.9867219558,-37742850.79,-265.4208464614,2025-10-27
4001,300338,ST开元,-137219128.5,-2201.5685393207,-97438643.32,-71.009519143,-3083393.17,-2.2470578291,-36697092.01,-26.7434230279,2025-10-27
4002,300283,温州宏丰,50514814.01,227.1738585275,4916840.92,9.7334633738,-172016803.97,-340.5274419816,216003738.08,427.6047379631,2025-10-27
4003,300279,和晶科技,-63848199.65,-140.9768954345,108432317.61,169.8283087141,36896540.01,57.7879097802,-210256702.14,-329.3071743488,2025-10-27
4004,300269,联建光电,-55372415.65,38.4289070288,-27258607.96,-49.2277745878,-49008824.09,-88.5076504514,20369221.39,36.7858637751,2025-10-27
4005,300247,融捷健康,7272153.87,-91.7785959354,42264663.01,581.184938679,-24010760.68,-330.1739912167,-8609201.54,-118.3858550562,2025-10-27
4006,300245,天玑科技,-436095181.04,9.8800921292,-114438851.19,-26.2417142324,-359961035.79,-82.5418512838,38415503.41,8.8089722336,2025-10-27
4007,300233,金城医药,-246219072.35,-333.1192846023,184182261.57,74.8042220337,-137383034.72,-55.7970726673,-294991504.58,-119.8085516952,2025-10-27
4008,300224,正海磁材,-173663296.62,1.4522823021,-227492921.28,-130.9965465977,209346490.27,120.5473432467,-169856195.47,-97.8077686972,2025-10-27
4009,300192,科德教育,54200185.87,-7.2755001787,160821301.02,296.7172500215,-21777288.84,-40.1793619163,-84427917.8,-155.7705318622,2025-10-27
4010,300182,捷成股份,-62303309.68,54.0672419798,1026644841.32,1647.8175021408,-1153469740.72,-1851.3779551109,64664679.25,103.7901189875,2025-10-27
4011,300180,华峰超纤,-83866254.34,-213.2577554376,447929055.88,534.0992743804,16195258.59,19.3108166299,-551399210.28,-657.4744688663,2025-10-27
4012,300170,汉得信息,-111367713.9,70.1336609908,45649521.03,40.9899058097,-315794113.23,-283.5598416912,170260661.52,152.8815269324,2025-10-27
4013,300163,先锋新材,13768906.22,107.5635412345,10162995.68,73.8112056079,4705703.17,34.1763034392,-1288659.79,-9.3592023172,2025-10-27
4014,300100,双林股份,81723718.25,251.0657584593,644728337.93,788.9121441559,-454010859.08,-555.5435665459,-111869809.16,-136.88781122,2025-10-27
4015,300096,ST易联众,-121047459.34,28.3505971683,-125276126.93,-103.4933964026,10326336.89,8.5308167113,-6097669.3,-5.0374203087,2025-10-27
4016,300091,*ST金灵,-48065587.13,-127.6930571045,-220074222.0,-457.8623400662,-3265120.53,-6.7930524206,175289071.17,364.6872568016,2025-10-27
4017,300086,康芝药业,-95233237.38,-361.0581687397,57178624.43,60.0406181739,-83981084.76,-88.1846370768,-68417892.98,-71.8424521336,2025-10-27
4018,300083,创世纪,-67213276.43,77.0459722103,177675791.3,264.346273143,-782022085.83,-1163.493475347,537830625.11,800.1851028199,2025-10-27
4019,300082,奥克股份,-284395926.43,-47.776519143,-534867975.38,-188.071602183,242006644.19,85.0949755954,6576946.41,2.3126021855,2025-10-27
4020,300072,海新能科,-21257930.41,-111.3847230123,-98448911.13,-463.1161605633,1262126460.58,5937.2028990474,-1189441966.57,-5595.2858233578,2025-10-27
4021,300071,福石控股,38899125.67,242.7504069225,40556195.22,104.2599146419,-715079.45,-1.8382918322,-941990.1,-2.4216228097,2025-10-27
4022,300057,万顺新材,307648350.69,155.182567247,148443285.22,48.2509608412,-233640857.76,-75.9441281697,388144879.44,126.1651097981,2025-10-27
4023,300044,ST赛为,-4925495.45,-28.8742846349,31327325.91,636.0238523822,103953.39,2.1105164152,-36024331.65,-731.3849340781,2025-10-27
4024,300024,机器人,-676179889.2,-1682.2016428361,-352064659.98,-52.0667156186,-219189828.45,-32.415904695,-116427275.5,-17.2183877929,2025-10-27
4025,300022,吉峰科技,206140686.27,301.1763671614,197898010.35,96.0014318041,-54704992.12,-26.5376976811,63193749.64,30.6556414376,2025-10-27
4026,300017,网宿科技,-801371307.03,-949.192147646,795816997.0,99.3068993136,-922277331.63,-115.0873912679,-661768310.08,-82.5794864721,2025-10-27
4027,300012,华测检测,-228321627.22,61.8655071232,596154260.49,261.102843278,-543353380.8,-237.9771848229,-286751661.98,-125.5911082412,2025-10-27
4028,300010,豆神教育,-217378548.92,-9643.649579267,-238646326.63,-109.7837518079,-38430262.27,-17.6789579565,59695706.77,27.4616364248,2025-10-27
4029,003039,顺控发展,288905887.38,1641.7895232853,396639498.96,137.2902098178,-318710026.39,-110.3162103342,210964434.17,73.0218536158,2025-10-27
4030,003038,鑫铂股份,-252224820.47,68.4630979963,-230966741.47,-91.5717735628,-828924910.89,-328.6452575704,805176888.67,319.2298391449,2025-10-27
4031,002998,优彩资源,-352291576.22,-156.7898167395,-59467784.3,-16.8802742711,-84460803.35,-23.9746871771,-208862402.31,-59.2868000283,2025-10-27
4032,002997,瑞鹄模具,60054167.73,113.1853216096,306277833.15,510.0026271732,-206358409.51,-343.6204635085,-41956011.4,-69.8636131111,2025-10-27
4033,002985,北摩高科,-140062425.01,74.3621198565,218949128.1,156.3225312459,-39262187.89,-28.0319206862,-319749365.22,-228.2906105597,2025-10-27
4034,002972,科安达,-74864655.51,-2622.1263014166,97013373.98,129.5850135409,-79866082.51,-106.680625144,-97892602.43,-130.7594374984,2025-10-27
4035,002971,和远气体,-242329189.69,-1107.368806658,199883934.85,82.484464668,-344506135.28,-142.1645224501,-97706989.26,-40.3199422179,2025-10-27
4036,002969,嘉美包装,-242825287.4,-1606.53678885,321177106.41,132.2667461239,-206204837.68,-84.9190131258,-357934631.94,-147.4041833833,2025-10-27
4037,002951,金时科技,-54726579.91,28.1841933481,-375127464.06,-685.4575321113,490409940.09,896.1092414262,-170009055.94,-310.6517093149,2025-10-27
4038,002943,宇晶股份,65106670.51,-26.6246038717,172353659.88,264.7250405065,-61429230.08,-94.3516687289,-45817759.29,-70.3733717776,2025-10-27
4039,002941,新疆交建,-348430763.46,77.1575083637,125438028.27,36.0008476359,-555982519.32,-159.5675748602,82259642.27,23.6086048927,2025-10-27
4040,002909,集泰股份,-157237168.29,-4707.1643032075,-24066175.31,-15.3056529647,-152913614.62,-97.2502979308,19805973.06,12.5962412548,2025-10-27
4041,002903,宇环数控,-77294117.52,-220.5568767273,39207679.64,50.7253085978,-103609998.88,-134.0464219068,-13057884.55,-16.8937623832,2025-10-27
4042,002879,长缆科技,122404232.35,135.3699793868,16297982.17,13.3148845077,-62737465.33,-51.2543268525,168843715.51,137.9394423448,2025-10-27
4043,002876,三利谱,8008787.92,122.2334281779,-273281866.16,-3412.2749770604,-574635267.56,-7175.0591138141,863405953.94,10780.7318980673,2025-10-27
4044,002848,*ST高斯,-21430274.67,-49.6552932134,-41755689.81,-194.8443986509,-1681303.0,-7.8454570736,21665082.42,101.0956824101,2025-10-27
4045,002828,贝肯能源,-164711948.45,-1468.9464798184,-2925319.84,-1.7760216351,-219921333.67,-133.5187493922,60092781.27,36.483559229,2025-10-27
4046,002802,洪汇新材,-11591431.31,48.766197191,79232497.63,683.5436928453,-66332692.61,-572.2562713439,-25512175.2,-220.0951247323,2025-10-27
4047,002788,鹭燕医药,-106865205.53,15.0738615423,329702878.75,308.5221958961,-193497945.16,-181.0673026832,-242673248.35,-227.083499392,2025-10-27
4048,002782,可立克,25761839.33,116.3772004811,272009646.85,1055.8626787694,-238520916.54,-925.8691255878,-4812530.83,-18.6808510384,2025-10-27
4049,002777,久远银海,-291526027.01,-0.0180951987,10109589.75,3.4678172147,-232311810.3,-79.6881886268,-69323806.46,-23.7796285879,2025-10-27
4050,002762,*ST金比,-44186075.82,72.6344400312,-15224343.61,-34.4550705793,-34486883.88,-78.0492117483,5542156.55,12.5427670304,2025-10-27
4051,002760,凤形股份,-172858638.74,-55.0219415709,25412321.91,14.7012160313,-171579719.68,-99.2601358721,-26526263.4,-15.3456394157,2025-10-27
4052,002733,雄韬股份,118337080.75,-32.6506100006,218958850.31,185.0297885686,-85430946.54,-72.1928798637,14088597.24,11.9054797961,2025-10-27
4053,002719,麦趣尔,-11898501.46,66.3608594696,-3844616.74,-32.3117726457,1088174.9,9.1454785601,-9142059.62,-76.8337059144,2025-10-27
4054,002691,冀凯股份,6576729.2,-87.2703964398,-52486357.31,-798.061706874,-18751288.97,-285.1157224172,77716333.31,1181.6866856856,2025-10-27
4055,002670,国盛证券,1414856027.09,-65.3903692344,-363412303.31,-25.6854617256,-26893480.13,-1.9007927036,1805436704.63,127.6056835509,2025-10-27
4056,002667,威领股份,33288673.74,165.9754872456,23955426.67,71.9626947505,-259113130.29,-778.3822579229,269024454.28,808.1561205508,2025-10-27
4057,002646,天佑德酒,-66128825.66,40.3667363385,53206603.04,80.45901694,-86521476.13,-130.8377629067,-32725813.32,-49.487969873,2025-10-27
4058,002628,成都路桥,-10687195.4,-108.5916179288,-65522570.98,-613.0941610743,83762855.93,783.7683582542,-28927480.35,-270.6741971799,2025-10-27
4059,002623,亚玛顿,117856160.45,-72.8515317256,110523334.41,93.7781563458,-146883540.13,-124.6294971507,157524578.19,133.6583319773,2025-10-27
4060,002590,万安科技,-207834120.72,-160.9111074235,219698370.33,105.7085186825,-308573048.51,-148.470832143,-120117483.56,-57.7948813909,2025-10-27
4061,002585,双星新材,-71346289.51,75.8934523957,-379832290.85,-532.3784789071,-123768381.48,-173.4755687087,426390222.4,597.6347548393,2025-10-27
4062,002569,*ST步森,-2220820.99,91.6386371708,-22720699.17,-1023.0765681839,-3700.0,-0.1666050536,20462000.0,921.3709746142,2025-10-27
4063,002566,益盛药业,30500464.95,108.0513360952,41548844.03,136.2236415022,-1190789.53,-3.904168451,-9857589.55,-32.3194730512,2025-10-27
4064,002541,鸿路钢构,789131731.53,-25.5761526315,377731063.74,47.8666677118,-819129881.53,-103.8014122106,1230536346.79,155.9354791632,2025-10-27
4065,002538,司尔特,-112217592.34,-442.5241654839,25652852.51,22.8599206016,-34723380.27,-30.9429025752,-103461256.06,-92.1970021835,2025-10-27
4066,002518,科士达,235320808.86,121.4942891215,493498163.27,209.7129300467,-162072479.68,-68.8729910734,-108547265.94,-46.1273554455,2025-10-27
4067,002494,华斯股份,-3862697.68,42.6252807721,-14053086.61,-363.8153377305,107220072.6,2775.7821471547,-101296274.05,-2622.4230432137,2025-10-27
4068,002480,新筑股份,302853605.69,155.7441110402,262772801.28,86.7656175601,264574398.29,87.3604914451,-230980729.78,-76.2681128573,2025-10-27
4069,002469,三维化学,158317773.23,128.1468788922,118589420.06,74.9059424223,458647452.31,289.7005452721,-417984154.61,-264.0159383765,2025-10-27
4070,002462,嘉事堂,-70840310.23,83.3547763974,932244051.29,1315.9796283546,-10590143.34,-14.9493181292,-992494218.18,-1401.0303102254,2025-10-27
4071,002451,摩恩电气,49342974.09,1699.7984496783,-146048525.48,-295.9864665101,-43935891.39,-89.0418386818,239955738.58,486.3017339456,2025-10-27
4072,002449,国星光电,-198045865.19,-276.3945388421,84897683.47,42.8676879412,-94903909.39,-47.9201670274,-189862225.53,-95.8678058478,2025-10-27
4073,002438,江苏神通,-330464088.62,-2.7435086592,53744846.31,16.2634453064,114144642.61,34.540710032,-498333863.28,-150.7981897098,2025-10-27
4074,002404,嘉欣丝绸,-136251265.13,-12.0693590219,61749379.52,45.3202247048,-225730624.66,-165.6723146347,27736448.83,20.3568376437,2025-10-27
4075,002397,梦洁股份,48950939.14,141.1127444124,126672705.73,258.7748222107,-43000182.74,-87.8434275122,-33242353.23,-67.9095310816,2025-10-27
4076,002386,天原股份,-462394232.72,38.3899147437,51830795.09,11.2092217901,-537070065.17,-116.1498191729,22609044.22,4.8895601675,2025-10-27
4077,002374,中锐股份,-30831879.84,48.145565774,25037846.65,81.2076551282,42789502.29,138.7833064739,-99046946.97,-321.2484852821,2025-10-27
4078,002338,奥普光电,-71860698.28,62.961980319,-76488390.23,-106.4398093266,-138748534.26,-193.0798580879,143376226.21,199.5196674145,2025-10-27
4079,002319,乐通股份,9463363.39,229.5029295173,16051125.03,169.6133221193,1541967.35,16.294073116,-8129728.92,-85.9073944956,2025-10-27
4080,002313,日海智能,-3186881.64,86.7623653626,179539194.57,5633.6950929248,23231705.09,728.9792252843,-204094630.17,-6404.2111764778,2025-10-27
4081,002307,北新路桥,530225696.3,30.3861615698,389663799.25,73.4901763474,-1456626362.44,-274.7181761662,1599469191.94,301.6581812427,2025-10-27
4082,002283,天润工业,116276245.46,184.6721793361,582912220.54,501.3166861674,44754292.01,38.4896260048,-515005634.54,-442.915603701,2025-10-27
4083,002270,华明装备,-162579819.74,-51.9698465377,360151404.49,221.5228218766,41804738.0,25.713362253,-566273650.34,-348.3050056554,2025-10-27
4084,002256,兆新股份,56728875.64,507.8607404551,77139.9,0.1359799558,-55508420.96,-97.8486182456,111769452.02,197.0239155263,2025-10-27
4085,002225,濮耐股份,242998413.36,3611.3903122961,280817023.26,115.5633155695,-146876911.03,-60.4435679226,105292789.4,43.3306489306,2025-10-27
4086,002219,新里程,-155685657.62,36.0739547611,150956067.08,96.9620897568,-377809810.18,-242.6747691185,71168098.79,45.712687911,2025-10-27
4087,002163,海南发展,-66716356.58,87.6694529982,-439661612.37,-659.0012328428,74419681.0,111.5463805503,298676286.76,447.6807518736,2025-10-27
4088,002114,罗平锌电,-62490364.16,33.7453445002,81479804.32,130.387789246,-45465708.3,-72.7563503768,-98504460.18,-157.6314388692,2025-10-27
4089,002060,广东建工,-7631504808.31,-135.8838144721,-5045936423.87,-66.1198092724,-2819154659.86,-36.9410061406,243952361.72,3.1966482083,2025-10-27
4090,002057,中钢天源,-514226668.86,-1377.8011030092,229386480.32,44.6080482034,-542318844.22,-105.4629946405,-202801331.59,-39.4381201659,2025-10-27
4091,002056,横店东磁,217725852.03,106.5104947708,2990641251.8,1373.5811452413,-1409580479.88,-647.4107078868,-1556201363.44,-714.7526804606,2025-10-27
4092,002038,双鹭药业,-36850921.9,68.36633056,-5831738.3,-15.8252168448,-10472195.04,-28.4177287841,-20547000.0,-55.757085415,2025-10-27
4093,002023,海特高新,116468951.15,246.8138373078,256852183.13,220.5327519428,363923932.65,312.4643341051,-500647098.49,-429.8545608479,2025-10-27
4094,001965,招商公路,997742489.98,142.3662996727,4666432532.86,467.699088665,85615751.95,8.5809467683,-3751394830.23,-375.9882803333,2025-10-27
4095,001395,亚联机械,-111640852.96,-26.3125787448,-27094828.3,-24.2696356948,-414850463.67,-371.5937783265,327292361.8,293.1654077538,2025-10-27
4096,001390,古麒绒材,59897217.52,244.4397880986,-219334024.19,-366.1839953029,-209072340.01,-349.0518402465,488303581.97,815.2358359668,2025-10-27
4097,001359,平安电工,85732594.04,-74.604614429,132420318.02,154.4573793699,24173090.81,28.1959167114,-71522093.33,-83.424622958,2025-10-27
4098,001338,永顺泰,231489456.4,440.1956035395,1255431741.43,542.3278282103,-81406647.83,-35.16646032,-943085859.26,-407.3990556315,2025-10-27
4099,001333,光华股份,135654428.51,287.1936678961,-69541712.32,-51.2638717982,14902318.08,10.9855006163,192267784.26,141.7335109306,2025-10-27
4100,001332,锡装股份,103284108.66,624.2073382206,87617994.85,84.8320191622,66884633.7,64.7579134562,-49712900.0,-48.1321866887,2025-10-27
4101,001277,速达股份,15188057.98,-97.0765074482,-2533665.11,-16.6819557401,62799733.88,413.4809991027,-45078010.79,-296.7990433626,2025-10-27
4102,001258,立新能源,587555368.95,511.9709699598,445971652.95,75.9029151154,-1442820183.53,-245.5632711022,1584403899.53,269.6603559868,2025-10-27
4103,001234,泰慕士,-70614845.25,23.9753809986,25200385.31,35.6870927364,-38211505.12,-54.1125665357,-60105461.54,-85.117316801,2025-10-27
4104,001217,华尔泰,-54975580.03,53.6862529491,112620590.94,204.8556666042,-187017103.53,-340.182138011,19420932.56,35.3264714068,2025-10-27
4105,001216,华瓷股份,329717345.63,1366.8192690934,289741178.51,87.8756250923,142766539.81,43.2996752225,-97733078.88,-29.6414732726,2025-10-27
4106,001206,依依股份,42349154.49,200.3272674708,263500109.6,622.2086669103,-95726300.56,-226.0406416912,-127164341.69,-300.2759871393,2025-10-27
4107,000960,锡业股份,461168672.93,-10.3087938249,3230960572.03,700.6027862869,-610885592.08,-132.4646767958,-2178676612.77,-472.4251105193,2025-10-27
4108,000952,广济药业,-54170619.62,-5134.1595938362,47642907.07,87.9497177699,23094484.86,42.6328608054,-125735648.52,-232.110412253,2025-10-27
4109,000913,钱江摩托,-782801606.41,-156.9773655823,195180432.15,24.9335758322,-238589858.61,-30.4789689567,-719349676.19,-91.8942514041,2025-10-27
4110,000912,泸天化,-90609124.86,80.6958875687,8812425.82,9.7257597771,387774480.9,427.9640505293,-487196828.26,-537.6906895556,2025-10-27
4111,000902,新洋丰,482545234.66,480.9840430049,1223037528.58,253.4555189301,-357195209.79,-74.0231555787,-382702632.01,-79.3091723887,2025-10-27
4112,000815,美利云,-136934929.93,12.7861425639,-48600323.8,-35.4915461123,-7196996.97,-5.2557787656,-81137609.16,-59.252675122,2025-10-27
4113,000809,和展能源,-837934519.21,-425.56918964,-53842909.99,-6.4256703544,-530772084.28,-63.342907126,-253319524.94,-30.2314225196,2025-10-27
4114,000766,通化金马,44705868.85,-55.6973284568,70813021.95,158.397596941,-8069119.1,-18.0493508069,-18038034.0,-40.3482461341,2025-10-27
4115,000668,*ST荣控,-43489394.42,-16.0758781986,-18701012.94,-43.001318343,-8814.0,-0.0202670102,-24779567.48,-56.9784146468,2025-10-27
4116,000657,中钨高新,776373131.57,975.0872670739,-22631929.53,-2.9150840762,-851212764.2,-109.6396474307,1650420683.29,212.5808604366,2025-10-27
4117,000635,英力特,433320827.51,5144.9966203656,-305582749.93,-70.5211313488,-69392658.39,-16.0141525596,808296235.83,186.5352839084,2025-10-27
4118,000629,钒钛股份,-26068543.36,83.1258795645,374087605.3,1435.0153751744,-138312314.66,-530.5717037962,-265966572.98,-1020.2586669576,2025-10-27
4119,000626,远大控股,-189841707.88,-229.1756250955,-464590975.69,-244.7254509445,190177269.84,100.1767588186,98826532.57,52.0573343306,2025-10-27
4120,000537,绿发电力,449148210.75,113.7747974746,4057512571.72,903.3794356978,-6050010044.99,-1346.9963589274,2441645684.02,543.6169232296,2025-10-27
4121,000534,万泽股份,-167947023.64,-147.7830273617,16637887.1,9.9066281375,-387069998.38,-230.4714843948,202274702.5,120.4395875056,2025-10-27
4122,000520,凤凰航运,75682391.6,17489.1478235807,-4613887.85,-6.0963822,59547421.8,78.6806819144,21181910.18,27.9878974913,2025-10-27
4123,000504,*ST生物,-44712598.29,83.9781770376,17324884.94,38.7472113064,-56693204.02,-126.7946981124,-5344267.76,-11.952487586,2025-10-27
4124,000409,云鼎科技,-251199113.27,-531.4047005574,-202036308.26,-80.4287505756,-36987004.47,-14.7241779593,-12175800.54,-4.8470714651,2025-10-27
4125,000070,特发信息,110184789.66,-48.022857807,-351237343.8,-318.7711705797,-138241134.59,-125.462992684,601934910.36,546.2958292314,2025-10-27
4126,000045,深纺织A,87098869.81,368.7301591342,170135083.01,195.3355805662,9340499.86,10.7240195887,-82013252.12,-94.1610979556,2025-10-27
4127,000029,深深房A,-237117887.18,15.9204502025,-92004446.37,-38.8011412653,-109591809.01,-46.2182799929,-35456510.81,-14.9531151916,2025-10-27
4128,000008,神州高铁,-320916690.38,-464.5839652131,-40292622.49,-12.5554773864,4961982.14,1.5461901137,-285702092.57,-89.0268724359,2025-10-27
4129,689009,九号公司,1171728107.32,856.1566779403,4840105362.89,413.0741024861,-3287223218.66,-280.5448805166,-482940646.95,-41.2161015796,2025-10-25
4130,688778,厦钨新能,-102840843.5,-126.530103007,897018136.2,872.2391859806,-491940104.21,-478.3509036563,-537599831.9,-522.7493412187,2025-10-25
4131,688777,中控技术,-370860672.95,83.181288377,-466204332.65,-125.7087544337,540046539.54,145.6197917251,-420358254.51,-113.3466784618,2025-10-25
4132,688720,艾森股份,31747760.53,111.3856874284,18060104.88,56.8862325358,-23677599.91,-74.5803783156,37468662.92,118.0198612264,2025-10-25
4133,688707,振华新材,-676010526.88,6.8580214441,-137374911.76,-20.3214160575,-354084073.44,-52.3784851508,-184548523.28,-27.2996522897,2025-10-25
4134,688693,锴威特,56905072.4,128.4447830908,-55245397.37,-97.0834321792,125622375.67,220.7577819899,-13470404.92,-23.6717121196,2025-10-25
4135,688677,海泰新光,38380075.16,124.3694392466,124294919.71,323.8527261654,-74441838.06,-193.9595942678,-10083784.7,-26.2734886734,2025-10-25
4136,688670,金迪克,-29653925.7,17.7166182256,-131130318.71,-442.202223195,91999778.31,310.2448533821,9476614.7,31.9573698129,2025-10-25
4137,688665,四方光电,55781118.61,148.3446317061,27464662.66,49.2364860089,-25066317.07,-44.9369207621,53459262.39,95.8375588768,2025-10-25
4138,688663,新风光,-2107752.99,-111.4820077784,68603729.77,3254.8277760953,-13040182.58,-618.6769816894,-57657492.78,-2735.4957176457,2025-10-25
4139,688662,富信科技,-67006078.03,-20.315440232,77216312.72,115.2377739306,-44727139.22,-66.7508687794,-98706391.61,-147.3096090862,2025-10-25
4140,688655,迅捷兴,-10803159.6,-136.8289230909,-30884338.44,-285.8824601647,-47173787.74,-436.6665816915,67184943.42,621.9008688902,2025-10-25
4141,688617,惠泰医疗,-106233541.82,84.3030363403,676059199.46,636.3895883331,-593778301.1,-558.9367453324,-187638264.54,-176.628079348,2025-10-25
4142,688593,新相微,29297963.29,116.869271484,46215384.4,157.7426524245,-54994926.35,-187.7090424534,39739742.59,135.639949428,2025-10-25
4143,688584,上海合晶,-577102810.59,-165.3727676722,298347711.02,51.6974974901,-821746445.95,-142.3916901583,-54920290.75,-9.5165522923,2025-10-25
4144,688571,杭华股份,-38513448.37,52.8691003629,144482414.65,375.1479567915,-15677571.58,-40.7067459382,-167105791.71,-433.8894562352,2025-10-25
4145,688545,兴福电子,73078364.72,558.5825746597,85458844.67,116.9413751901,-919968576.96,-1258.8795336142,907412440.58,1241.6977912091,2025-10-25
4146,688508,芯朋微,-438766429.52,46.7715711572,30549921.54,6.9626843543,-595032564.1,-135.6148793678,126013632.88,28.7199804729,2025-10-25
4147,688399,硕世生物,-515737620.91,4.50958498,19424952.97,3.7664409542,-455140170.95,-88.2503335993,-78573559.67,-15.2351809301,2025-10-25
4148,688395,正弦电气,30379029.65,155.3104091781,24620867.61,81.0456024885,25473427.6,83.8520120408,-19319651.59,-63.5953544685,2025-10-25
4149,688387,信科移动,-533169813.98,-1.5947183167,-382655352.29,-71.7698831135,138952527.98,26.061589448,-289208278.73,-54.2431831561,2025-10-25
4150,688371,菲沃泰,106706280.67,1643.7450923696,40770778.6,38.2084150474,24783531.63,23.2259352255,42216569.47,39.5633407939,2025-10-25
4151,688366,昊海生科,-346973574.61,-199.6613165358,377020887.47,108.6598274505,-387149496.45,-111.5789572405,-342081266.43,-98.5900055399,2025-10-25
4152,688365,光云科技,-140792684.3,8.0242534807,51613214.78,36.6590175027,-194643873.27,-138.2485703982,2238603.21,1.5899996659,2025-10-25
4153,688328,深科达,2355674.89,-96.6722294134,101735626.93,4318.7465028334,-85690540.14,-3637.6216643376,-14078185.66,-597.628548819,2025-10-25
4154,688322,奥比中光,-6073855.57,99.1031647416,117685465.25,1937.5743116328,-57886771.35,-953.0482027909,-65207642.13,-1073.5790698099,2025-10-25
4155,688306,均普智能,-75879025.55,-407.0671949005,8285375.42,10.9191905931,-83708270.78,-110.3180624333,-5139643.85,-6.7734710781,2025-10-25
4156,688259,创耀科技,-45367427.03,81.1115165009,50547387.17,111.4177957162,-7857823.77,-17.3204086818,-88033344.09,-194.0452651895,2025-10-25
4157,688237,超卓航科,-96141877.98,41.5362271304,-40621997.98,-42.2521369808,-34005123.77,-35.3697311562,-21514756.23,-22.3781318631,2025-10-25
4158,688233,神工股份,-65366587.18,-163.4162551939,126031317.47,192.8069414469,-178855724.08,-273.6194924595,-13326285.03,-20.3869983197,2025-10-25
4159,688232,新点软件,-155115128.01,-61.9709630006,-144602350.65,-93.2225969866,132790760.53,85.6078721873,-143301216.5,-92.3837786413,2025-10-25
4160,688208,道通科技,-555614191.74,-1083.4241904105,202110558.48,36.3760612102,-55712942.57,-10.0272713329,-729264987.51,-131.2538445475,2025-10-25
4161,688199,久日新材,98650683.38,166.7019290585,-19948382.46,-20.2212308892,-61454551.26,-62.2951095263,177575464.39,180.0042922217,2025-10-25
4162,688175,高凌信息,-102105933.28,57.5828610272,-49746154.09,-48.7201404384,-39333426.77,-38.5221754569,-13026352.42,-12.7576841047,2025-10-25
4163,688146,中船特气,332700571.12,402.6819020366,617659898.28,185.6503871336,-595671534.51,-179.0413321218,308411764.65,92.6994996167,2025-10-25
4164,688127,蓝特光学,8483112.66,126.7069985661,389338228.09,4589.5680476558,-402777209.9,-4747.9884571048,19494007.78,229.7978178684,2025-10-25
4165,688109,品茗科技,-173418000.55,-55.3533242393,27655532.57,15.9473252386,-154400042.3,-89.0334577785,-46673288.92,-26.9137510362,2025-10-25
4166,688088,虹软科技,-128683000.73,87.561352125,150419928.92,116.891841243,-78404989.09,-60.9287851894,-192796154.39,-149.8225509945,2025-10-25
4167,688083,中望软件,-25959279.41,91.2043055649,-28518275.2,-109.8577304461,-58634510.62,-225.87110256,57981883.33,223.3570601643,2025-10-25
4168,688048,长光华芯,-493893637.64,-8.9033618736,-36184605.47,-7.3263963559,-470927346.19,-95.3499519533,13256982.25,2.6841775718,2025-10-25
4169,688035,德邦科技,-200338274.84,-306.9625964952,-9890514.84,-4.9369072624,-172939377.8,-86.3236832493,-16894872.77,-8.4331727342,2025-10-25
4170,688021,奥福科技,6025855.36,119.5184580788,55567849.81,922.1570464313,-20078737.75,-333.2097528142,-29763160.14,-493.9242375044,2025-10-25
4171,605499,东鹏饮料,-1115629179.07,-367.1655669321,3132633683.92,280.7952447543,-1959722198.89,-175.6607155546,-2275485725.68,-203.9643430245,2025-10-25
4172,605258,协和电子,-191421845.83,11.1580474821,100896944.13,52.7092107447,-243919363.12,-127.42503974,-49250526.25,-25.7287907952,2025-10-25
4173,605183,确成股份,-37360575.36,-157.5988986056,515664877.34,1380.2380513981,-428858157.5,-1147.8895958309,-114945824.64,-307.6660986412,2025-10-25
4174,605155,西大门,5652859.74,111.7102533581,136620671.47,2416.8417005514,-80020911.49,-1415.5828230403,-49705777.16,-879.303210166,2025-10-25
4175,605088,冠盛股份,-5401148.29,-105.7100211148,188818844.39,3495.9018758954,-751075199.88,-13905.842971773,542130491.19,10037.3191418153,2025-10-25
4176,605007,五洲特纸,-334846968.28,-2525.2604504215,181325086.71,54.1516286205,-1381047212.23,-412.4413069421,867928016.19,259.2013959834,2025-10-25
4177,603993,洛阳钼业,3388070158.81,238.587996714,15864160180.24,468.2358816859,-2814624858.97,-83.0745742278,-9714890780.39,-286.738182063,2025-10-25
4178,603976,正川股份,44469138.81,-71.1209500308,105822452.35,237.9682970748,-16819368.45,-37.8225639176,-44533945.09,-100.1457331573,2025-10-25
4179,603956,威派格,-156477819.81,41.3310158526,-40245136.82,-25.7193874946,-44737382.98,-28.5902392009,-71495300.01,-45.6903733045,2025-10-25
4180,603948,建业股份,-393498221.32,-174.6485929963,292835796.19,74.4185819208,-523867723.46,-133.1308999829,-162536567.0,-41.3055404558,2025-10-25
4181,603936,博敏电子,-175122896.58,-230.8941523937,204866246.74,116.9842726113,-735567599.09,-420.0293699196,352612224.51,201.3512975152,2025-10-25
4182,603931,格林达,-84262529.16,80.3669317627,121636364.68,144.3540395625,-159739821.63,-189.5739698564,-45234566.85,-53.6828971323,2025-10-25
4183,603919,金徽酒,-15014165.72,94.5010110521,283181643.93,1886.0964319368,-299974583.24,-1997.9437341657,1778773.59,11.8473022289,2025-10-25
4184,603909,建发合诚,28383202.4,-62.013624897,67344666.04,237.2694422952,-5165088.3,-18.197693929,-33796375.34,-119.0717483662,2025-10-25
4185,603886,元祖股份,-378344644.99,-292.195975177,529891566.41,140.0552574027,-547776939.04,-144.7825273315,-360100315.36,-95.1778544056,2025-10-25
4186,603881,数据港,981114568.28,291.3060657985,788203419.54,80.3375512935,-298940133.21,-30.4694418853,491851281.95,50.1318905918,2025-10-25
4187,603826,坤彩科技,25669296.98,114.0769481126,111125127.84,432.9106789585,-64654252.09,-251.8738714986,-22945716.45,-89.389734623,2025-10-25
4188,603798,康普顿,-9762339.6,-106.2079013391,163591253.46,1675.7381955858,-138052907.28,-1414.1375217064,-35300685.78,-361.6006738794,2025-10-25
4189,603790,雅运股份,10728147.95,139.0013128621,107494353.11,1001.9842531161,-43925475.02,-409.4413614048,-53209796.54,-495.9830605244,2025-10-25
4190,603787,新日股份,-37439632.45,92.3628953171,657709470.32,1756.719890876,-648893559.79,-1733.1728901361,-45789980.74,-122.3034996435,2025-10-25
4191,603722,阿科力,-57631154.54,16.0042529633,-70901892.07,-123.027020083,-22302938.48,-38.6994476477,35213387.9,61.1013056758,2025-10-25
4192,603708,家家悦,646106283.96,782.7720384096,1584371753.47,245.2184404955,-491928049.37,-76.1373262546,-446266142.75,-69.0700824042,2025-10-25
4193,603707,健友股份,578870100.7,316.2801051762,900324655.05,155.5313798314,-269281482.6,-46.5184645526,-57009193.08,-9.8483568267,2025-10-25
4194,603699,纽威股份,1206977114.13,2053.7343601981,1673188877.61,138.6263963104,138510801.58,11.4758432416,-605466930.85,-50.163911458,2025-10-25
4195,603696,安记食品,-26349704.39,7.6601587071,-6738389.92,-25.5729241599,2772211.53,10.5208448982,-22050873.95,-83.685469953,2025-10-25
4196,603688,石英股份,-326051040.76,79.8669381729,-48784892.33,-14.9623482926,-173841214.17,-53.3171781218,-102422802.34,-31.4131192777,2025-10-25
4197,603677,奇精机械,13034228.89,-41.3564825961,18055510.25,138.5238083693,33587902.42,257.6899846048,-43040035.83,-330.2077644426,2025-10-25
4198,603656,泰禾智能,117707457.75,4302.0537798461,88484711.23,75.1734112021,-37950809.3,-32.2416353436,70768337.81,60.1222209389,2025-10-25
4199,603615,茶花股份,-7503523.53,21.0417683064,-263151695.38,-3507.0416495382,204740329.16,2728.5891533681,51743982.31,689.5957892731,2025-10-25
4200,603610,麒盛科技,-110230496.23,81.3823309918,261307857.13,237.0558657241,-375240735.06,-340.4146292484,14597169.41,13.2424056039,2025-10-25
4201,603606,东方电缆,-896439754.25,-178.8316694041,323053765.17,36.0374206564,-556240382.74,-62.0499459225,-675168230.82,-75.3166320011,2025-10-25
4202,603568,伟明环保,563681719.57,661.1628921177,2296321626.88,407.379119662,-1715680108.19,-304.370365159,-15002987.85,-2.661606245,2025-10-25
4203,603486,科沃斯,435583238.44,134.3504103735,1962908583.14,450.6391453835,-780854737.84,-179.2664797288,-786293538.79,-180.5151046689,2025-10-25
4204,603477,巨星农牧,-107635194.6,-53.1598719548,970242269.62,901.4173042801,-644400983.86,-598.6898488499,-432798685.12,-402.0977401754,2025-10-25
4205,603320,迪贝电气,49560826.39,187.4928265354,72569046.62,146.4242061844,-1168499.77,-2.3577084062,-22360349.6,-45.1169829656,2025-10-25
4206,603303,得邦照明,-188967884.94,-46.9081088009,249006570.36,131.7718989335,-67037740.86,-35.4757322289,-368691027.64,-195.1077706972,2025-10-25
4207,603261,*ST立航,-121023466.81,-59.7307877044,-66293901.81,-54.7777249796,-34123835.22,-28.1960483528,-20605729.78,-17.0262266676,2025-10-25
4208,603209,兴通股份,74695896.96,13935.4902374234,388530067.08,520.1491419108,-1205673979.04,-1614.110049024,888930513.77,1190.066054426,2025-10-25
4209,603207,小方制药,-14284297.59,-105.3007297719,133936717.8,937.6500101326,87630189.38,613.4721628969,-235851204.77,-1651.1221730294,2025-10-25
4210,603186,华正新材,-7965666.3,-137.9722856496,151794157.18,1905.6052747276,-15965419.77,-200.4279261611,-145918329.09,-1831.8408478899,2025-10-25
4211,603167,渤海轮渡,-67172668.43,50.7966898657,535150269.86,796.6785931955,-2272480.11,-3.3830427808,-600072393.04,-893.3282048566,2025-10-25
4212,603156,养元饮品,-293732588.15,88.1265900658,-165004678.9,-56.1751353295,1714067794.06,583.5470299212,-1842795703.31,-627.3718945917,2025-10-25
4213,603132,金徽股份,-89382125.92,-166.0505252405,422658089.04,472.8664536557,-1130613803.28,-1264.9215843131,618573594.6,692.0551376834,2025-10-25
4214,603105,芯能科技,85233723.58,137.0016482323,295165395.52,346.3011858715,-230013573.29,-269.8621667914,20090377.17,23.5709251294,2025-10-25
4215,603080,新疆火炬,-37287237.17,-294.2155992473,233339630.11,625.7895403893,-143769305.05,-385.5724262823,-126857562.23,-340.217114107,2025-10-25
4216,603078,江化微,-90380301.59,72.6359398802,148759843.04,164.593213812,-130479305.33,-144.3669727082,-108650275.94,-120.2145534244,2025-10-25
4217,603066,音飞储存,-172866770.19,-105.7783843848,4509853.25,2.6088607111,-125861371.42,-72.8083085498,-51668460.67,-29.8891803284,2025-10-25
4218,603058,永吉股份,14980794.97,-40.3711088524,197340383.93,1317.2891313524,-113907241.6,-760.3551201929,-72100410.54,-481.2856105726,2025-10-25
4219,603057,紫燕食品,181088408.05,213.2144216928,252437090.91,139.3999172163,-287994624.81,-159.0353727835,216324670.5,119.4580441837,2025-10-25
4220,603042,华脉科技,-131212015.52,-692.8002416369,-31906696.49,-24.3169014389,-91015890.56,-69.3655151926,-7879175.03,-6.0049188321,2025-10-25
4221,601996,丰林集团,129395022.82,138.537940167,249270935.07,192.64337193,-19272404.13,-14.8942391369,-100580632.64,-77.7314539987,2025-10-25
4222,601963,重庆银行,8333981000.0,232.3162444836,54368226000.0,652.3680099583,-49404163000.0,-592.8038832822,3372754000.0,40.4699026792,2025-10-25
4223,601956,东贝集团,-87461510.07,-71.5887452208,309100752.67,353.4134643029,-247699977.79,-283.2102688277,-154705019.14,-176.8835445628,2025-10-25
4224,601918,新集能源,423328092.19,-45.0296449995,2623275108.84,619.6789575832,-5220972760.0,-1233.3159212256,3021025743.35,713.6369636424,2025-10-25
4225,601900,南方传媒,-1947875568.43,-58.4239037635,-97860545.59,-5.0239628843,-1007579480.07,-51.7270967612,-842614097.92,-43.2581070155,2025-10-25
4226,601677,明泰铝业,-185938611.48,91.9657903661,849028012.55,456.6173780648,-841517204.53,-452.5779760491,-219633154.45,-118.1213265506,2025-10-25
4227,601633,长城汽车,-6648437088.43,-455.5083082302,21386307349.86,321.6742080192,-18144638598.59,-272.9158501051,-9703554429.68,-145.9524140879,2025-10-25
4228,601606,长城军工,-233360005.86,-78.9322800852,-151687139.94,-65.0013439025,-59545584.61,-25.5166194355,-22127281.31,-9.482036662,2025-10-25
4229,601399,国机重装,-119297470.7,78.8426434277,128128444.69,107.4024821634,-557819012.58,-467.5866213314,311813413.88,261.3747064798,2025-10-25
4230,601369,陕鼓动力,675118613.57,203.4609700658,568683764.12,84.2346445038,1005414542.67,148.9241331021,-897910028.01,-133.0003365278,2025-10-25
4231,601311,骆驼股份,-189331779.09,-381.6087885473,266023498.62,140.5065224119,-384771965.68,-203.2262980517,-63997649.69,-33.801853021,2025-10-25
4232,601238,广汽集团,-14774444112.0,-133.6792948518,-10825899676.0,-73.2744974629,-6186270780.0,-41.8714283468,2108289100.0,14.2698370512,2025-10-25
4233,601168,西部矿业,3142744540.0,99.1858033303,8809983325.0,280.3276948816,-2187931543.0,-69.6184979451,-3477609752.0,-110.6551839559,2025-10-25
4234,601121,宝地矿业,-168592440.67,33.6731188338,574771199.58,340.9234704094,-972049314.47,-576.567555821,228685674.22,135.6440854116,2025-10-25
4235,601088,中国神华,-18360000000.0,4.0902679831,65253000000.0,355.408496732,-8880000000.0,-48.3660130719,-74652000000.0,-406.6013071895,2025-10-25
4236,601011,宝泰隆,-15260824.7,86.3359767039,57493254.72,376.7375345056,-71607899.3,-469.2269304424,-1146180.12,-7.5106040632,2025-10-25
4237,600988,赤峰黄金,1962595527.33,139.1341361074,3035640395.2,154.6747841278,-2011894745.0,-102.5119397748,955065542.11,48.6633913514,2025-10-25
4238,600980,北矿科技,-67164849.18,68.5412374782,76238245.23,113.5091437869,-116104953.59,-172.8656507198,-27637718.58,-41.1490815768,2025-10-25
4239,600975,新五丰,-45228228.23,-1768.6361586215,811431761.1,1794.0825737714,-32257036.05,-71.3205829907,-824402953.28,-1822.7619907807,2025-10-25
4240,600963,岳阳林纸,-514283678.64,-580.5285388469,-236825452.83,-46.0495758793,-453240802.46,-88.1305048721,176102820.8,34.2423506936,2025-10-25
4241,600929,雪天盐业,190960374.24,189.0139573683,461252163.81,241.5433912118,-305054106.15,-159.7473336361,34759052.53,18.202233143,2025-10-25
4242,600917,重庆燃气,-164163901.96,-191.3705566254,159658997.15,97.2558493334,-256235426.57,-156.0851219487,-67587472.54,-41.1707273847,2025-10-25
4243,600901,江苏金租,-1596681732.05,-210.6147177957,-4281390732.58,-268.1430272947,-31773198.8,-1.9899519211,2712838683.94,169.9047862505,2025-10-25
4244,600894,广日股份,76995206.66,116.1371719386,4628296.22,6.0111485127,574460401.49,746.0989149971,-502109853.56,-652.1313148457,2025-10-25
4245,600874,创业环保,-263681738.57,-248.7326819889,521309785.88,197.7041674206,-795436109.68,-301.665224901,10444585.23,3.9610574804,2025-10-25
4246,600872,中炬高新,1597604.14,101.5784232221,516311698.92,32317.8743715574,-157351270.51,-9849.2027261522,-357449843.2,-22374.1184846955,2025-10-25
4247,600864,哈投股份,1017517662.41,-45.3110080714,1156082056.71,113.617885902,-292201196.66,-28.7170638363,154272791.9,15.1616819638,2025-10-25
4248,600862,中航高科,259815787.21,429.1892567667,1020729896.32,392.8667719853,-273952152.86,-105.4409186608,-487112472.09,-187.4837850774,2025-10-25
4249,600839,四川长虹,1023659538.12,154.2145679835,1002489856.31,97.9319606743,-3769032955.63,-368.1920419119,3692552002.42,360.7207147409,2025-10-25
4250,600812,华北制药,-87571051.17,-110.1216477798,661445878.34,755.3248128265,-619405954.89,-707.318168064,-132651402.2,-151.4785998657,2025-10-25
4251,600805,悦达投资,-223055476.74,-305.9312224947,-7942191.14,-3.560634895,-598110910.96,-268.1444632974,383249308.38,171.8179324629,2025-10-25
4252,600801,华新建材,-39407311.0,86.2495263378,3227478638.0,8190.0504147568,-6959082848.0,-17659.3699783271,3774978049.0,9579.3850257887,2025-10-25
4253,600797,浙大网新,-107362020.34,66.9389865663,37472206.24,34.9026649474,-6470014.88,-6.0263535089,-138201243.03,-128.7245178438,2025-10-25
4254,600771,广誉远,179711694.91,248.5811555817,201284927.31,112.0043564281,-12651299.96,-7.0397755507,-8921932.44,-4.9645808774,2025-10-25
4255,600750,华润江中,115014135.29,235.9766447379,973774302.08,846.6561954535,-480420292.39,-417.7054334919,-378339874.4,-328.9507619616,2025-10-25
4256,600745,闻泰科技,-1553520652.66,-208.4674613277,5422301325.22,349.0331020663,2029901282.05,130.6645829635,-8956917412.93,-576.556056567,2025-10-25
4257,600733,北汽蓝谷,-4737453299.58,-122.7500276986,754303386.9,15.9221281815,-2041612434.69,-43.0951463916,-3450144251.79,-72.8269817899,2025-10-25
4258,600719,大连热电,-70601163.44,-1154.1805325572,-223511919.73,-316.5839043431,-27019382.75,-38.2704497114,179930139.04,254.8543540545,2025-10-25
4259,600693,东百集团,58890885.52,134.5059573446,414743091.15,704.2568429526,-138317871.02,-234.8714402894,-217534054.0,-369.3849261718,2025-10-25
4260,600664,哈药股份,-835114704.08,-1133.8436681703,-333718510.61,-39.9607992746,-90380095.41,-10.8224768368,-409863720.67,-49.0787335761,2025-10-25
4261,600662,外服控股,-1402744883.92,-221.6559448216,423940595.7,30.2222164957,-801019511.48,-57.1037200465,-1025664258.2,-73.1183745496,2025-10-25
4262,600621,华鑫股份,1535961346.09,-23.2591904359,-190637614.88,-12.4116153942,344130700.54,22.4049063094,1382864805.25,90.0325264545,2025-10-25
4263,600604,市北高新,114862228.14,120.5052440837,-39843799.56,-34.6883394178,65532705.99,57.0533125216,89173321.71,77.6350268961,2025-10-25
4264,600603,广汇物流,-9151014.68,98.1544807505,904130998.23,9880.1174497733,-157267723.59,-1718.5823549569,-756014289.32,-8261.5350948164,2025-10-25
4265,600601,方正科技,303580417.44,142.980708746,545837507.69,179.7999727034,-1077967379.91,-355.0846227172,843291058.43,277.7817704914,2025-10-25
4266,600583,海油工程,824499500.0,-59.6928727032,2528966200.0,306.7274388887,-600347100.0,-72.8135189894,-1111560900.0,-134.8164431877,2025-10-25
4267,600578,京能电力,1409747819.76,32.6793772069,9403987528.78,667.0687762001,-4675296421.08,-331.6406207939,-3318943287.94,-235.4281554062,2025-10-25
4268,600576,祥源文旅,135762931.62,141.8729910002,328677198.86,242.0964212676,-421662304.29,-310.5872120309,228748037.05,168.4907907633,2025-10-25
4269,600562,国睿科技,378479132.01,142.238548751,-42057859.76,-11.1123325444,-11117483.34,-2.9374098595,431654475.38,114.0497424753,2025-10-25
4270,600549,厦门钨业,-1115444892.83,-287.3208613678,2445294327.16,219.2214373725,-1645556757.34,-147.5247022885,-1951151724.59,-174.9213911984,2025-10-25
4271,600539,狮头股份,-23927224.66,57.5627930066,-33938116.02,-141.8389157215,5587826.48,23.3534250604,4342549.37,18.1489889935,2025-10-25
4272,600535,天士力,365734781.57,131.0796602154,872617299.66,238.5929213279,140885950.26,38.5213431589,-643460306.77,-175.9363175708,2025-10-25
4273,600531,豫光金铅,186004299.19,-61.0464480089,-960082231.21,-516.1613120723,-1116193160.37,-600.0899792267,2296651863.21,1234.7305267735,2025-10-25
4274,600513,联环药业,64412768.29,209.5856978418,-172881155.25,-268.395785245,-292760382.53,-454.5067543316,529894111.52,822.653839584,2025-10-25
4275,600510,黑牡丹,-1469641321.23,-66.7607460251,-523483109.91,-35.6197871105,-156538105.78,-10.6514496781,-786558430.44,-53.5204351618,2025-10-25
4276,600497,驰宏锌锗,290017973.17,295.8608456125,3414292363.51,1177.2692313482,-794834583.44,-274.0639053339,-2329075411.85,-803.0796803358,2025-10-25
4277,600438,通威股份,3784696976.02,727.4259039738,2825402944.5,74.6533464212,-9865846404.17,-260.6773135784,10806631392.27,285.5349176101,2025-10-25
4278,600422,昆药集团,-1411818361.96,-774.8776637008,176163667.24,12.4777855273,-1474880041.24,-104.4666991859,-113813810.48,-8.061505187,2025-10-25
4279,600390,五矿资本,2311728452.21,-41.3508083858,2235682704.25,96.7104376863,1549922051.37,67.0460256648,-1470732982.15,-63.620490579,2025-10-25
4280,600380,健康元,-335507818.5,55.5853829162,3001401972.07,894.5848074387,-1353419011.0,-403.3941793222,-1885905046.43,-562.1046492632,2025-10-25
4281,600367,红星发展,12787011.94,336.4424102712,192122518.32,1502.4817308492,-150881542.5,-1179.9593463115,-28886284.04,-225.9033163928,2025-10-25
4282,600351,亚宝药业,67149881.55,566.0218627127,456662073.39,680.0638554365,-44576010.07,-66.3828573351,-344988534.84,-513.7589626024,2025-10-25
4283,600309,万华化学,10640502196.01,-38.827885524,17021574671.69,159.9696551735,-24917572111.63,-234.1766549418,18690685661.36,175.656048155,2025-10-25
4284,600282,南钢股份,-974843030.14,33.2005265342,3139835690.38,322.0862839763,-1304407337.03,-133.8069101076,-2824724216.05,-289.7619543573,2025-10-25
4285,600235,民丰特纸,-37167723.95,-238.1937252533,27247058.73,73.3083865094,-91412469.42,-245.945836078,27042212.56,72.7572465733,2025-10-25
4286,600231,凌钢股份,-27633267.51,95.3376523919,23118.41,0.0836615141,-383243471.38,-1386.8916198249,356451434.15,1289.9358862321,2025-10-25
4287,600179,安通控股,-288556676.51,7.8303245043,1535737571.19,532.2134943347,-1822781770.89,-631.6893419123,5565462.83,1.9287243315,2025-10-25
4288,600161,天坛生物,-68568319.36,-109.6859911298,116895028.07,170.4796459372,286708846.28,418.1360268942,-472162694.04,-688.6018185177,2025-10-25
4289,600158,中体产业,-80394890.78,79.9897893911,-41261964.05,-51.3241123281,7266077.08,9.0379836449,-46244826.17,-57.5220958961,2025-10-25
4290,600129,太极集团,-155401218.66,85.7065726619,166372623.71,107.0600508443,-314927960.79,-202.6547561889,-6941400.61,-4.4667607306,2025-10-25
4291,600126,杭钢股份,2368577335.27,180.5018354597,2143284115.97,90.4882472721,-463304332.13,-19.5604477519,647667476.49,27.3441557869,2025-10-25
4292,600075,新疆天业,-20676941.09,98.3326629793,762272245.49,3686.5813089667,-737613112.02,-3567.3222108116,-45304390.47,-219.1058642224,2025-10-25
4293,600063,皖维高新,310200886.46,64.0358674502,295634718.98,95.3042792217,-301852024.9,-97.3085629589,325342808.55,104.8813277946,2025-10-25
4294,600062,华润双鹤,-630388437.05,-23.7781693051,1147181437.63,181.9800888161,-516448977.08,-81.9255155594,-1262228197.19,-200.2302267943,2025-10-25
4295,600055,万东医疗,-803253264.41,-50.3147615573,-403852005.54,-50.2770450409,-329288779.09,-40.9943903971,-70112479.78,-8.728564562,2025-10-25
4296,600030,中信证券,125758106472.42,148.8556999507,56202060885.02,44.6906068018,34533121369.53,27.4599565294,35382512070.78,28.1353727909,2025-10-25
4297,600022,山东钢铁,1265454397.8,222.1399729842,3259486819.95,257.5744195616,-346549812.12,-27.3854050152,-1645165717.79,-130.0059267762,2025-10-25
4298,301633,港迪技术,-410460284.34,-4485.7618427188,-159597752.73,-38.8826297742,-139900661.78,-34.0838485762,-110961869.83,-27.0335216496,2025-10-25
4299,301606,绿联科技,-9069604.55,-12.9458655231,5879203.02,64.8231462308,254890256.37,2810.3789417147,-282032243.72,-3109.6421256867,2025-10-25
4300,301598,博科测试,-253900529.61,-368.8093565877,139118481.73,54.7925134082,-259344289.64,-102.1440522548,-131683894.49,-51.8643638484,2025-10-25
4301,301577,美信科技,7575238.73,-95.9437885768,65579977.79,865.7149976051,-45175330.36,-596.3552037125,-11826279.76,-156.117584957,2025-10-25
4302,301539,宏鑫科技,-105497109.52,-163.1187447,-22920324.81,-21.7260216079,-248406180.91,-235.4625468321,151263653.81,143.3817992723,2025-10-25
4303,301509,金凯生科,224167399.6,41.8963397215,149201647.03,66.5581379345,125851446.54,56.1417256767,-48178667.6,-21.4922721529,2025-10-25
4304,301459,丰茂股份,17034373.29,111.5608128546,28488366.46,167.2404729837,19276246.7,113.1608798976,-33115814.36,-194.405827536,2025-10-25
4305,301408,华人健康,-115236794.27,58.7476808839,589977142.98,511.969416294,-650893558.76,-564.8313656096,-54262128.84,-47.0875028967,2025-10-25
4306,301387,光大同创,151164218.82,-1.5476719838,79813446.77,52.799165962,5811411.13,3.8444356577,65499423.96,43.3299787948,2025-10-25
4307,301369,联动科技,65837013.84,112.7459193883,-40254200.65,-61.1422029982,113832785.97,172.9008946953,-7207700.84,-10.9477942871,2025-10-25
4308,301356,天振股份,6312512.5,100.6408771444,183036722.98,2899.585909414,-173121407.86,-2742.5119215209,-3924008.08,-62.1623811438,2025-10-25
4309,301335,天元宠物,-527595.76,99.7775189174,-176520755.58,-33457.5766075148,-125155855.88,-23721.9222307624,302350346.44,57307.1979274435,2025-10-25
4310,301328,维峰电子,-336321399.04,-85.6876133854,65680029.71,19.5289475774,-367206929.64,-109.1833379286,-33082956.03,-9.836708614,2025-10-25
4311,301305,朗坤科技,57422989.9,123.1613367042,366811363.78,638.7883396855,-190891205.89,-332.4299313262,-118313890.29,-206.0392370652,2025-10-25
4312,301292,海科新源,-198926432.91,-1295.1073703252,-445792629.34,-224.0992425284,-38513799.93,-19.3608256915,282519590.19,142.0221466082,2025-10-25
4313,301285,鸿日达,40076087.92,155.8191744213,6476247.84,16.159880308,6272698.12,15.6519721499,28052004.04,69.9968622087,2025-10-25
4314,301282,金禄电子,-57551666.81,41.3925060466,118566192.03,206.0169558971,-193523445.27,-336.2603656796,16947660.35,29.4477315591,2025-10-25
4315,301235,华康洁净,-522373175.35,-845.7194872472,-304696222.79,-58.3292246172,-20683793.96,-3.9595819495,-196993158.6,-37.7111934333,2025-10-25
4316,301209,联合化学,-164548493.63,-2508.1033078605,50410754.75,30.6358044598,-269192424.78,-163.5945846975,54589958.98,33.1756054253,2025-10-25
4317,301203,国泰环保,-62289619.71,54.0754664238,83602728.86,134.2161490939,-23655245.78,-37.9762244338,-122237102.79,-196.2399246602,2025-10-25
4318,301175,中科环保,-146287676.68,-244.6820939663,511200467.15,349.448756554,-589851353.1,-403.2132893807,-67636790.51,-46.2354670229,2025-10-25
4319,301169,零点有数,-90246474.89,1.1784289122,-60739939.65,-67.3045010612,-19340048.06,-21.4302531856,-10157556.08,-11.255349411,2025-10-25
4320,301122,采纳股份,29487453.8,-69.6954860125,33682759.82,114.2274271914,26250413.74,89.0223140935,-28657310.2,-97.1847565896,2025-10-25
4321,301102,兆讯传媒,-69369088.31,-21.7841730403,304739266.61,439.3012421443,-23358168.45,-33.6723013363,-350750186.47,-505.628940808,2025-10-25
4322,301096,百诚医药,-59048732.31,89.3242487004,-179785617.22,-304.4699017011,-188482691.32,-319.1985398272,308906820.22,523.138784078,2025-10-25
4323,301077,星华新材,-224635455.64,-317.0582578456,133586439.64,59.4681009992,-272994983.32,-121.5280030226,-84877796.41,-37.7846837082,2025-10-25
4324,301073,君亭酒店,-97741972.48,54.18081101,190614891.41,195.0184619499,-126977179.86,-129.9105968892,-161379684.03,-165.1078650608,2025-10-25
4325,301072,中捷精工,-23805694.02,-1555.7003464621,35788140.22,150.3343703819,-43072093.83,-180.9318971915,-17811443.49,-74.8200975575,2025-10-25
4326,301050,雷电微力,-28349226.87,90.4954783905,233336258.46,823.0780314751,-176226989.82,-621.6289094165,-85458495.51,-301.4491220585,2025-10-25
4327,301039,中集车辆,323694861.18,21.1330813066,972688490.49,300.4954996641,191055895.29,59.02345641,-804355835.96,-248.4920004685,2025-10-25
4328,301002,崧盛股份,8834744.33,4.3810355864,-8059765.51,-91.2280560585,26377548.18,298.5660613905,-9947287.97,-112.59282214,2025-10-25
4329,300983,尤安设计,-900388685.9,23.0104765776,91431985.57,10.1547239544,-986102975.44,-109.519698646,-5717696.03,-0.6350253085,2025-10-25
4330,300958,建工修复,-4789175.59,96.4965661427,-19651617.45,-410.3340351737,569328.14,11.8878109458,14293113.72,298.4462242279,2025-10-25
4331,300951,博硕科技,155071106.08,217.0313521243,78127548.74,50.3817575788,208401524.0,134.3909444307,-123646795.31,-79.7355474115,2025-10-25
4332,300930,屹通新材,61185818.8,219.5503656051,-81913209.07,-133.8761344974,-29311599.65,-47.9058713684,172410627.52,281.7820058657,2025-10-25
4333,300912,凯龙高科,12918588.23,358.8204863359,498008.42,3.854975568,-34735128.57,-268.8771245865,47155708.38,365.0221490185,2025-10-25
4334,300907,康平科技,-24193568.95,-137.1280828039,85758233.59,354.467064232,-123600564.03,-510.8818971084,13288370.78,54.9252192079,2025-10-25
4335,300897,山科智能,-18587017.67,51.9881770491,14272562.1,76.7878007833,3995520.9,21.4962990348,-36855100.67,-198.2840998182,2025-10-25
4336,300893,松原安全,-14189471.2,-110.5522463346,104959738.66,739.7015518098,-294837697.62,-2077.8624760872,175242100.26,1235.0150177549,2025-10-25
4337,300889,爱克股份,-213429059.92,-53.3760109141,-20024704.31,-9.3823701034,-138349426.14,-64.8222065879,-56965906.88,-26.6907922011,2025-10-25
4338,300887,谱尼测试,-384985544.72,-52.6112906448,-27302871.68,-7.0919212564,-257147679.72,-66.794112986,-100520968.23,-26.1103227403,2025-10-25
4339,300880,迦南智能,-333630430.54,-921.4657683036,4418324.6,1.3243170273,-283693017.74,-85.0321169088,-54239515.46,-16.2573645852,2025-10-25
4340,300877,金春股份,110257078.29,74.9069719468,-210382731.61,-190.8110888415,275564422.93,249.9290088254,44686170.01,40.5290714238,2025-10-25
4341,300865,大宏立,-249836365.43,-6.5115850437,65531382.5,26.2297213567,-303029520.17,-121.2911978,-12330676.15,-4.9355009343,2025-10-25
4342,300825,阿尔特,-105929134.88,60.4007423665,-61698803.39,-58.2453575779,-35864936.64,-33.8574809288,-9187171.01,-8.6729406602,2025-10-25
4343,300807,天迈科技,-21582274.14,26.5831603824,8404259.59,38.9405654635,-22057059.82,-102.1998871709,-7929473.91,-36.7406782926,2025-10-25
4344,300803,指南针,2263747681.0,-28.7086056727,2299338117.0,101.5721909424,-524408191.0,-23.1654877176,488817755.0,21.5932967752,2025-10-25
4345,300770,新媒股份,-179847874.74,-140.0082559659,753802350.64,419.1333101543,-708182203.38,-393.7673460995,-225468022.0,-125.3659640549,2025-10-25
4346,300737,科顺股份,-714558563.88,-335.33990982,-823918265.17,-115.3045120187,74929183.95,10.4860801812,35701365.97,4.9962827086,2025-10-25
4347,300721,怡达股份,-81563318.8,-741.3852579041,-114836126.42,-140.7938373641,-73594745.39,-90.2301996446,106656032.86,130.7647045623,2025-10-25
4348,300698,万马科技,-785841.55,99.1147965263,22351703.49,2844.3015630823,12305758.89,1565.9338565134,-35298846.76,-4491.8529390562,2025-10-25
4349,300693,盛弘股份,77110012.15,136.4321996458,349916152.46,453.7882211448,-98218734.44,-127.3748138555,-175173088.53,-227.1729489411,2025-10-25
4350,300689,澄天伟业,29421366.23,-27.0803946526,26973146.97,91.6787709964,1558197.7,5.2961432444,746153.47,2.5360938855,2025-10-25
4351,300685,艾德生物,45302965.39,-12.6879042373,275386593.47,607.877632511,-124680577.78,-275.2150476391,-109005154.34,-240.6137289284,2025-10-25
4352,300671,富满微,8377155.1,110.8943382207,-103078002.12,-1230.4654848756,149153615.83,1780.4805336599,-37693720.76,-449.9584919945,2025-10-25
4353,300661,圣邦股份,711135897.86,257.2977367409,305983427.74,43.0274197465,367833025.11,51.7247162205,43746208.21,6.1515961072,2025-10-25
4354,300653,正海生物,-44192931.67,-153.5861061687,74197030.82,167.8934345747,-36675585.49,-82.9897092229,-81714377.0,-184.9037253518,2025-10-25
4355,300651,金陵体育,-100233825.68,-281.7917815207,40348634.35,40.2545089707,-109648707.33,-109.3929185942,-30959197.75,-30.8869760682,2025-10-25
4356,300636,同和药业,77126105.32,120.4873557688,193181615.14,250.4750036819,31641373.22,41.0255037367,-149102322.28,-193.3227688101,2025-10-25
4357,300634,彩讯股份,-64568885.17,65.8428622885,166479071.87,257.8317272037,-110800434.58,-171.6003525356,-120001260.92,-185.8499811543,2025-10-25
4358,300621,维业股份,-644718461.15,-55.1470024167,-890104310.25,-138.060931071,-32930950.37,-5.107803228,278316799.47,43.1687342989,2025-10-25
4359,300615,欣天科技,15958469.34,128.5166668012,-2486352.77,-15.5801456708,9353285.01,58.6101637364,8694572.2,54.4824946225,2025-10-25
4360,300603,立昂技术,-55440635.21,63.7228824764,41728973.57,75.2678489558,-92681171.71,-167.1719152548,-4183174.62,-7.5453223149,2025-10-25
4361,300595,欧普康视,13359480.1,110.0404638896,574717482.27,4301.9449706729,-102598719.41,-767.9843724607,-458759282.76,-3433.9605982122,2025-10-25
4362,300586,美联新材,-137504418.67,-48.3889717848,19039284.72,13.8463075617,-261381830.55,-190.0897680803,103679342.68,75.4007352512,2025-10-25
4363,300572,安车检测,-227066285.5,-576.9998004417,21637262.89,9.5290513263,-176134627.71,-77.569696145,-72568920.68,-31.9593551813,2025-10-25
4364,300563,神宇股份,5795466.3,153.192860081,171516563.79,2959.4954902939,-124925388.94,-2155.5709665674,-40076330.25,-691.5117468632,2025-10-25
4365,300559,佳发教育,50799418.24,121.5420663665,25791969.64,50.7721752209,-125050618.5,-246.1654539215,150058067.1,295.3932787007,2025-10-25
4366,300556,丝路视觉,-278908397.76,15.9997474842,5684064.58,2.0379682454,-207911200.91,-74.544618441,-76681261.43,-27.4933498044,2025-10-25
4367,300550,和仁科技,-168749042.84,-127.3114962401,-18044754.09,-10.6932482616,-99744768.49,-59.1083462231,-50959520.26,-30.1984055153,2025-10-25
4368,300534,陇神戎发,-131376477.62,-605.667603556,-80815697.32,-61.5145867693,-39428422.59,-30.0117824014,-11132357.71,-8.4736308293,2025-10-25
4369,300499,高澜股份,97901277.82,158.6535976355,113674293.74,116.1111440741,-20113847.02,-20.5450301241,4166363.19,4.2556780491,2025-10-25
4370,300481,濮阳惠成,-158607501.4,-71.1873136108,122278329.46,77.0949219808,-292758049.04,-184.5802036195,12926086.49,8.1497321223,2025-10-25
4371,300463,迈克生物,25941394.68,589.0489268559,310378651.88,1196.4609293705,-484482792.58,-1867.6050326374,201763424.71,777.7662966809,2025-10-25
4372,300457,赢合科技,-341199234.33,80.4920783118,151910707.85,44.5225816958,-175829451.69,-51.5327802641,-319187238.56,-93.5486385797,2025-10-25
4373,300448,浩云科技,-55686499.47,68.6383063017,-160292238.52,-287.847575347,124226374.05,223.0816719175,-19620635.0,-35.2340965705,2025-10-25
4374,300447,全信股份,197533426.97,253.8130267317,236008549.86,119.4777782577,-12853287.29,-6.5068922699,-25621835.6,-12.9708859878,2025-10-25
4375,300437,清水源,-65445602.12,-475.6524852479,-21596836.89,-32.9996763578,-12384336.91,-18.9231002677,-30837985.56,-47.1200272609,2025-10-25
4376,300421,力星股份,57672794.03,34.5602671342,-38834028.28,-67.3350908919,-12800351.86,-22.1947836502,105061024.84,182.1673921075,2025-10-25
4377,300420,五洋自控,-7593730.26,93.1420168577,144689537.02,1905.3815722446,-191116321.75,-2516.7646888474,38833054.47,511.3831166028,2025-10-25
4378,300413,芒果超媒,-1767791174.1,80.0765744624,674318887.17,38.1447139826,-2058313945.28,-116.434224553,-383730012.89,-21.7067501248,2025-10-25
4379,300412,迦南科技,65003909.9,388.0316226123,65524822.3,100.8013554889,-7495809.05,-11.5313202876,8298483.83,12.7661302878,2025-10-25
4380,300411,金盾股份,-1310969.05,98.2016440385,33652996.35,2567.0321011774,-35952653.98,-2742.4487237132,906452.75,69.143718534,2025-10-25
4381,300410,正业科技,73794535.87,451.8880250271,43328652.31,58.7152582494,64161444.09,86.9460635988,-33715588.04,-45.688461405,2025-10-25
4382,300402,宝色股份,-275846397.76,-6391.687211892,-231944905.06,-84.0848047839,-13411251.89,-4.861855003,-37074173.28,-13.4401513237,2025-10-25
4383,300399,天利科技,-12926593.07,95.125853686,-51017605.49,-394.6717067191,47505001.07,367.4982326182,-9413988.65,-72.8265258991,2025-10-25
4384,300393,中来股份,-140390248.12,71.9442197655,-393005413.17,-279.9378293242,-365787616.02,-260.5505873224,601768230.09,428.6396228715,2025-10-25
4385,300390,天华新能,-314367979.68,86.2590749587,490517836.05,156.033014733,-3202809684.36,-1018.8091317761,2411905959.31,767.223799881,2025-10-25
4386,300368,汇金股份,-129228543.63,-1529.1371266779,-52792585.84,-40.8521092609,-741697.46,-0.5739424427,-75694260.33,-58.5739482964,2025-10-25
4387,300363,博腾股份,-726159297.2,-27.4986445733,375133343.87,51.659924388,-885217370.05,-121.9040193334,-220421816.03,-30.3544713784,2025-10-25
4388,300360,炬华科技,-28163381.72,58.9400043406,245114093.43,870.3290530481,-61359204.52,-217.8687386694,-212688328.53,-755.1945666346,2025-10-25
4389,300348,长亮科技,-293882666.98,-2346.3537537483,-395122205.76,-134.4489655754,-51458936.6,-17.5100277702,154984252.34,52.73677891,2025-10-25
4390,300343,ST联创,10846610.98,106.5449085758,33478715.46,308.6559988344,85538177.76,788.6166279746,-106913157.15,-985.6826002807,2025-10-25
4391,300331,苏大维格,148145436.57,199.6843414011,119385958.57,80.5869970308,163089009.02,110.0870960294,-135052532.37,-91.1621279041,2025-10-25
4392,300322,硕贝德,-55340207.81,49.2201523635,-106366655.51,-192.2050164235,-79805824.69,-144.2094777887,131387001.29,237.4168917852,2025-10-25
4393,300317,珈伟新能,-169661508.12,-214.9195299956,47411558.91,27.9447939815,-112258805.22,-66.1663369988,-104070700.2,-61.3401951646,2025-10-25
4394,300316,晶盛机电,-712738515.59,2.9909234197,379742931.17,53.2794177477,-1268787296.4,-178.0158176733,175077335.92,24.5640346481,2025-10-25
4395,300313,*ST天山,-15760462.24,-485.8848087744,-51013529.64,-323.6804153531,-846261.03,-5.3695190986,36099328.43,229.0499344517,2025-10-25
4396,300311,ST任子行,-86472423.97,-75.5471046422,-10524831.63,-12.1713156019,-65101831.36,-75.2862338895,-10264268.58,-11.8699905805,2025-10-25
4397,300306,远方信息,-3334452.12,97.3470483747,33786586.68,1013.2575147008,79976412.78,2398.4873646949,-116281011.23,-3487.2598869406,2025-10-25
4398,300303,聚飞光电,-10496223.4,-108.367980341,394239798.1,3756.0156932254,-255074478.82,-2430.1548194944,-149583872.86,-1425.1208950069,2025-10-25
4399,300295,三六五网,277993449.3,70.2795607864,83632419.04,30.084312868,197630146.76,71.0916560292,-3269116.5,-1.1759688972,2025-10-25
4400,300268,*ST佳沃,-219397612.07,-381.8007118054,-603523515.99,-275.0820805641,-164947243.64,-75.1818773613,550656724.27,250.9857418568,2025-10-25
4401,300260,新莱应材,47442730.71,-53.9527639017,164581235.03,346.9050633616,-299440549.91,-631.1621304861,181938265.4,383.4902896128,2025-10-25
4402,300246,宝莱特,182466004.93,525.7034235904,37761959.61,20.6953397289,123417823.96,67.6388042843,24114007.48,13.215616514,2025-10-25
4403,300243,瑞丰高材,8988677.84,116.2985950829,28221085.34,313.9625854029,-17389138.24,-193.4560182213,-3808980.6,-42.375315567,2025-10-25
4404,300234,开尔新材,-82866921.08,14.7890252467,87484911.57,105.5727791377,-200708965.23,-242.206374527,30518049.29,36.8277822951,2025-10-25
4405,300213,佳讯飞鸿,-458853.61,99.7750527327,6250871.3,1362.2800744665,-19499891.43,-4249.6977260351,12844633.06,2799.2877859237,2025-10-25
4406,300193,佳士科技,38651716.9,188.1223490098,70983998.76,183.6503122064,139370112.11,360.5793565926,-159078822.42,-411.5698736788,2025-10-25
4407,300188,国投智能,-356135907.52,5.4322720968,-353224618.98,-99.1825343981,-113078489.34,-31.7514990632,110481021.03,31.0221515711,2025-10-25
4408,300184,力源信息,32497486.55,363.7788311163,-66768930.74,-205.4587533632,-2117577.58,-6.5161272603,104698723.35,322.1748340104,2025-10-25
4409,300183,东软载波,65033478.4,223.3888266216,26227830.65,40.3297367683,84217629.55,129.4988852234,-45428561.46,-69.8541160302,2025-10-25
4410,300177,中海达,53162598.23,164.3987722273,-130024776.79,-244.5794244808,55326776.46,104.0708661767,127487316.83,239.8064072761,2025-10-25
4411,300174,元力股份,77811649.31,109.9380942506,133105154.39,171.0607030828,-102978772.0,-132.3436438029,48379764.18,62.175477077,2025-10-25
4412,300165,ST天瑞,4235524.52,103.4407471203,106066132.38,2504.2030067152,16552672.29,390.8057245765,-118367764.57,-2794.6424111364,2025-10-25
4413,300155,安居宝,-81627719.32,-304.2734613004,-16131802.34,-19.7626522882,-63501141.96,-77.7936006163,-1907254.16,-2.3365275618,2025-10-25
4414,300138,晨光生物,816461196.67,-34.1621775823,2336559728.91,286.1813566205,-286091084.39,-35.0403773697,-1229027805.6,-150.5310736888,2025-10-25
4415,300133,华策影视,-405882909.71,63.0072937964,274243755.29,67.5672093427,-1225065660.24,-301.827357332,544938995.24,134.2601479893,2025-10-25
4416,300119,瑞普生物,10607963.53,-58.4631454365,205880305.22,1940.8089463897,60287008.01,568.3183943789,-255755380.55,-2410.9753000819,2025-10-25
4417,300103,达刚控股,-57589966.37,-223.3208164966,-6913373.64,-12.0044759109,3736806.22,6.4886410872,-54216232.53,-94.141802726,2025-10-25
4418,300073,当升科技,539860807.66,70.811414081,729719371.57,135.1680583617,-1351679812.93,-250.3756141863,1160901913.82,215.0372646705,2025-10-25
4419,300066,三川智慧,-312429762.93,12.4813583811,-80994238.02,-25.9239828051,-377657562.71,-120.8775883476,145362668.62,46.526511193,2025-10-25
4420,300059,东方财富,16684271210.29,-72.1020237899,-6585303323.06,-39.4701287222,8425002441.02,50.4966763896,14884135062.5,89.2105796825,2025-10-25
4421,300048,合康新能,-131371700.2,-133.855971709,268325548.87,204.2491255434,-452665889.08,-344.5687986004,52850717.4,40.2299104903,2025-10-25
4422,300003,乐普医疗,-57237260.07,93.6727030524,1012677029.32,1769.2618900372,-717911672.76,-1254.2733035823,-347946072.34,-607.9013424375,2025-10-25
4423,003041,真爱美家,-141067884.62,45.9054760104,7559713.56,5.3589189207,64283179.21,45.5689680065,-216676430.01,-153.5972773631,2025-10-25
4424,003009,中天火箭,-203981092.63,15.7915658978,-45816054.79,-22.460932138,-120474225.58,-59.0614669363,-37690785.32,-18.4775877186,2025-10-25
4425,002978,安宁股份,-1568796538.25,-1191.6336592222,-124516756.86,-7.9370876863,-3520463012.36,-224.4053276843,2068227875.36,131.8353161123,2025-10-25
4426,002963,豪尔赛,-326848953.57,-91.8122016619,15808659.55,4.8366866032,-308361595.67,-94.3437610254,-34296017.45,-10.4929255778,2025-10-25
4427,002947,恒铭达,798090638.29,213.529238093,703998135.21,88.2102986095,329973229.47,41.3453326776,-231822601.6,-29.0471521,2025-10-25
4428,002940,昂利康,-81244388.0,64.5316068688,200028936.62,246.2064661254,-161016801.96,-198.1882145017,-121392568.48,-149.4165584459,2025-10-25
4429,002935,天奥电子,-130951817.25,-38.9496599822,-81798110.34,-62.4642804184,-6248678.54,-4.7717386984,-42905028.37,-32.7639808832,2025-10-25
4430,002918,蒙娜丽莎,209849680.73,124.2459263154,365421045.25,174.1346681962,-23607484.64,-11.2497119642,-132059199.14,-62.9303788696,2025-10-25
4431,002902,铭普光磁,-57117772.72,-367.8138238962,-112230072.8,-196.4888815784,-70744958.84,-123.8580488543,124278598.64,217.5830616667,2025-10-25
4432,002900,哈三联,86517994.23,569.5180551941,27645727.39,31.9537312857,-172641631.66,-199.544191005,231513898.5,267.5904597193,2025-10-25
4433,002896,中大力德,-41301385.89,-22.1795006367,34782084.11,84.2152953478,-138576158.09,-335.5242326712,60486286.97,146.450986248,2025-10-25
4434,002889,东方嘉盛,2913768.26,-97.801257984,-129323690.1,-4438.3656681057,-74405865.65,-2553.5958597476,206262677.72,7078.8978159849,2025-10-25
4435,002887,绿茵生态,-39231781.62,88.1491401378,-51724890.3,-131.8443572128,170624152.18,434.9130861113,-158131043.5,-403.0687288986,2025-10-25
4436,002882,金龙羽,-72217791.89,46.6898755273,-220351046.19,-305.1201655759,-191222704.86,-264.7861418295,338528927.6,468.7611165343,2025-10-25
4437,002857,三晖电气,60483628.23,141.6465697046,-110435080.8,-182.5867330248,158256117.37,261.6511641269,12662591.66,20.9355688978,2025-10-25
4438,002819,东方中科,-146052397.36,76.7245232682,-55623576.39,-38.0846719365,-5170228.81,-3.5399821595,-86031444.59,-58.9045069749,2025-10-25
4439,002808,*ST恒久,10077084.26,-49.2633381254,-26511808.12,-263.0900708575,901855.94,8.9495722843,35490877.08,352.1939101063,2025-10-25
4440,002787,华源控股,-21009932.16,-146.0511401224,391611423.05,1863.9347336665,-77825165.68,-370.4208328105,-334450286.94,-1591.8675243357,2025-10-25
4441,002785,万里石,68956160.56,157.3434710603,11308445.17,16.3994704435,48077951.62,69.7224892302,9928131.57,14.3977441455,2025-10-25
4442,002783,凯龙股份,104071576.15,-71.315949606,277646658.32,266.7843311221,-227257717.37,-218.3667489022,53658136.12,51.5588771738,2025-10-25
4443,002749,国光股份,-244047508.32,47.1439189573,233127732.58,95.5255532764,16717181.76,6.8499702681,-493607359.13,-202.2587169719,2025-10-25
4444,002748,世龙实业,-20298863.75,-129.7865603462,29493684.37,145.2972182741,-175598014.53,-865.0632700069,123642664.84,609.1112604271,2025-10-25
4445,002706,良信股份,359173178.59,178.4743570373,343086770.39,95.5212668543,61286700.82,17.0632732267,-45459093.18,-12.656594615,2025-10-25
4446,002690,美亚光电,424620383.49,283.9335759421,648784133.62,152.7915660307,405430873.19,95.4807844734,-617785607.0,-145.4912743289,2025-10-25
4447,002686,亿利达,-19589366.84,43.9680004643,36527385.84,186.4653724561,-18280661.13,-93.3193057198,-38357821.59,-195.8093995753,2025-10-25
4448,002678,珠江钢琴,-471984749.84,-88.1812502981,-161113202.8,-34.1352560341,-396142129.1,-83.9311289685,77054843.27,16.3257061369,2025-10-25
4449,002676,顺威股份,-38297723.51,-978.3378094709,138400603.8,361.3807587385,-54071415.89,-141.1870234947,-125324842.62,-327.2383607534,2025-10-25
4450,002648,卫星化学,-1438438350.31,-378.7063571024,6621187829.21,460.3039002529,-966738278.08,-67.2074877503,-7027196186.17,-488.5295351487,2025-10-25
4451,002639,雪人集团,-40129298.48,80.8739356252,-168291499.14,-419.3731401108,-67242571.6,-167.564782209,192314509.18,479.2371570508,2025-10-25
4452,002626,金达威,1631823927.07,542.1200326069,503141134.24,30.8330528738,-307630782.12,-18.8519592719,1440401295.74,88.2694065117,2025-10-25
4453,002609,捷顺科技,-7328724.83,93.4267693506,266804092.02,3640.5254421321,-87183107.88,-1189.6081501535,-186952014.6,-2550.9487521583,2025-10-25
4454,002608,江苏国信,-562082139.7,-1299.9149410674,4781869800.22,850.7421713795,-4032050722.6,-717.3419039345,-1311878445.11,-233.3962160424,2025-10-25
4455,002595,豪迈科技,-204453937.6,-141.1256924075,543927838.17,266.0393067284,-556205740.41,-272.0445235436,-228509787.61,-111.7659020376,2025-10-25
4456,002578,闽发铝业,32302916.31,121.2117821193,-127255386.23,-393.9439554273,-69444294.56,-214.9784059543,228317595.07,706.8018035242,2025-10-25
4457,002571,德力股份,40549087.48,199.5711317142,27262164.19,67.2324974106,26867088.48,66.2581827353,-15218484.05,-37.5310148656,2025-10-25
4458,002560,通达股份,-146020918.62,-95.2240816946,-181223715.36,-124.1080504579,-130248027.68,-89.1981977041,165624861.6,113.4254346331,2025-10-25
4459,002554,惠博普,-505881105.11,-73.7600009815,-455569917.01,-90.0547406116,10144034.8,2.0052211276,-61008663.87,-12.0598819078,2025-10-25
4460,002532,天山铝业,-813123856.41,-210.2392445891,4856219968.65,597.2300443982,-1141368645.54,-140.3683628936,-4508980912.72,-554.525719197,2025-10-25
4461,002530,金财互联,-13259688.98,89.8059478863,45290791.21,341.5675230265,-58628143.34,-442.1532317118,68474.59,0.5164117356,2025-10-25
4462,002519,银河电子,-11226971.77,97.4315869319,-112772729.52,-1004.4803873235,101477329.16,903.8708855683,,,2025-10-25
4463,002513,蓝丰生化,-31504609.55,-268.8344064893,-249670099.24,-792.4875210523,-79508855.18,-252.3721332074,294185727.81,933.7862998845,2025-10-25
4464,002507,涪陵榨菜,-51600626.84,91.5260652995,446958791.53,866.1886858776,-12524965.01,-24.2728931353,-485595999.36,-941.0660860104,2025-10-25
4465,002488,金固股份,-1053270572.01,-211.8742467554,-175256768.77,-16.6392922604,-479646484.36,-45.5387720028,-400205382.35,-37.9964458312,2025-10-25
4466,002482,广田集团,-120596316.68,-136.6926303202,-82765140.1,-68.6299070971,-17501850.5,-14.5127570906,-20329326.08,-16.8573358123,2025-10-25
4467,002479,富春环保,5358464.22,121.3622474053,495938867.59,9255.2426820161,-12833244.23,-239.4948198422,-477747159.14,-8915.7478621738,2025-10-25
4468,002478,常宝股份,-173360121.45,-228.9287778982,249246928.46,143.7740850521,-387458738.67,-223.4993465794,-20487206.35,-11.8177157345,2025-10-25
4469,002445,中南文化,-7280572.67,-120.7607359131,-84750250.17,-1164.0602190432,73717687.32,1012.5259462591,3566152.94,48.9817642326,2025-10-25
4470,002443,金洲管道,38749696.36,-84.5975817711,78953844.16,203.7534524825,-101126293.77,-260.9731256485,60922145.97,157.219673166,2025-10-25
4471,002434,万里扬,182214869.23,197.7985308827,648670528.64,355.9920940487,84310981.13,46.2700884326,-550766640.54,-302.2621824813,2025-10-25
4472,002432,九安医疗,144774020.16,191.2115303996,-34068848.59,-23.5324325126,-663441752.47,-458.2602263423,879148650.57,607.255811228,2025-10-25
4473,002424,ST百灵,-151730504.54,34.6740042445,535705927.9,353.0640918411,-31148461.11,-20.5288061253,-656287882.98,-432.5352274875,2025-10-25
4474,002416,爱施德,1657710743.73,-4.5341091104,2701399586.98,162.9596476465,-247462354.41,-14.9279574465,-793641857.67,-47.8757745084,2025-10-25
4475,002406,远东传动,-59721924.17,-306.1372902984,49677123.23,83.180714487,41313093.32,69.1757573021,-150790531.73,-252.4877318098,2025-10-25
4476,002395,双象股份,126614755.75,256.6510268495,129595644.07,102.3542977296,46766276.96,36.9358821434,-47381120.58,-37.4214840121,2025-10-25
4477,002391,长青股份,59323113.15,57.5369755642,569750917.7,960.4197882525,-718933986.36,-1211.8952431612,204789944.9,345.2110552293,2025-10-25
4478,002389,航天彩虹,-878383527.29,-6.2247893315,-922946891.83,-105.0733379162,-27809536.98,-3.1659902669,72828531.25,8.2911995714,2025-10-25
4479,002364,中恒电气,-258162716.23,-37.7774100077,-69954073.61,-27.0968924683,-216061784.94,-83.6920946972,28231466.96,10.9355321993,2025-10-25
4480,002355,兴民智通,121829198.61,312.1946584164,35788547.45,29.3760016961,-15292405.96,-12.552332392,101199212.05,83.0664678128,2025-10-25
4481,002347,泰尔股份,-27076041.93,71.4631026305,-100942372.59,-372.8106672717,1724621.48,6.3695479733,71444658.97,263.8667023589,2025-10-25
4482,002344,海宁皮城,-260219398.81,-327.4933472338,7249844.52,2.786050753,-73896219.79,-28.3976598701,-193573023.52,-74.3883908752,2025-10-25
4483,002327,富安娜,-172126578.47,9.865099909,401164692.7,233.0637698523,-52478167.93,-30.4881258876,-520813103.24,-302.5756439647,2025-10-25
4484,002306,*ST云网,-6238708.13,77.9201469322,-41688856.53,-668.2289932676,-192643.93,-3.0878817535,35642792.33,571.316875021,2025-10-25
4485,002297,博云新材,29604425.44,-41.7210791221,43501728.05,146.9433282472,-81272969.95,-274.5297999947,67329308.04,227.429875903,2025-10-25
4486,002281,光迅科技,972303869.48,210.4987036711,1076447808.37,110.7110484859,-93966089.46,-9.6642718814,2539393.83,0.2611728606,2025-10-25
4487,002264,新华都,313698230.45,709.0984362252,541291322.14,172.5516020169,-3189465.81,-1.0167305711,-224157148.41,-71.4562999251,2025-10-25
4488,002262,恩华药业,471727791.65,184.096281035,911146556.95,193.1509173464,-29563302.85,-6.2670258936,-410077661.04,-86.9309945903,2025-10-25
4489,002258,利尔化学,-283359774.1,33.0210066282,638346991.8,225.2779152678,-839408714.05,-296.2342543913,-99191974.61,-35.0056654742,2025-10-25
4490,002254,泰和新材,98841007.13,118.0744560868,-52154689.83,-52.766246869,-369888068.14,-374.2253128335,499225567.18,505.0794014304,2025-10-25
4491,002241,歌尔股份,2610082009.28,302.2495836455,1474712030.89,56.5006013469,-9211925791.51,-352.93625866,10456595825.23,400.623267317,2025-10-25
4492,002240,盛新锂能,192375324.35,117.8599984981,112726356.29,58.5970974557,-667942829.4,-347.2081628228,769075463.93,399.7786444434,2025-10-25
4493,002236,大华股份,-3358895302.43,52.138511487,1563656132.5,46.5526904446,-2467955490.45,-73.4752133734,-2532302180.53,-75.3909232806,2025-10-25
4494,002234,民和股份,38411582.89,-76.5494537634,98118206.23,255.4391119756,-104402903.0,-271.8005745792,44709277.15,116.3953000272,2025-10-25
4495,002232,启明信息,-198338096.1,-14.7799019172,-192905946.34,-97.2611667315,-1128139.3,-0.5687960721,-4304010.46,-2.1700371964,2025-10-25
4496,002226,江南化工,361511331.94,731.8002931606,916650542.8,253.5606665166,-280797733.59,-77.6732867772,-272820487.1,-75.4666487592,2025-10-25
4497,002223,鱼跃医疗,847084947.5,265.3833105796,1503500671.45,177.4911330779,-232474065.74,-27.4440085881,-402721555.89,-47.54205078,2025-10-25
4498,002202,金风科技,-2532571174.91,-7.1985205235,-633426068.64,-25.0111852696,-1841740599.39,-72.7221654276,-78405917.16,-3.0959018225,2025-10-25
4499,002192,融捷股份,-771344063.33,-11.866168665,226342370.02,29.3438921462,-924468160.13,-119.8515946488,-73218273.22,-9.4922974974,2025-10-25
4500,002190,成飞集成,-23096994.33,76.1285459284,95996469.34,415.6232103989,-132347949.79,-573.0094050294,12618230.53,54.6314829961,2025-10-25
4501,002173,创新医疗,85323002.63,204.0851854255,71724207.53,84.0619824891,23043184.92,27.0070018749,-9444389.82,-11.068984364,2025-10-25
4502,002171,楚江新材,-532958682.55,28.4757120001,-1349297599.1,-253.1711450209,-876616645.87,-164.48116422,1717211307.55,322.2034584996,2025-10-25
4503,002167,东方锆业,-73759412.13,-314.4982613397,337815834.19,457.996917864,61992385.66,84.046745859,-481606190.35,-652.9420130155,2025-10-25
4504,002165,红宝丽,293861892.14,70.7669555707,37144494.36,12.6401195097,-77979440.98,-26.5360848296,331751097.43,112.8935415933,2025-10-25
4505,002162,悦心健康,44467406.32,192.1010319847,32096895.16,72.1807225027,-26311761.54,-59.1708932845,38682267.13,86.9901582558,2025-10-25
4506,002150,正泰电源,-62524813.94,-145.0259662722,-33937048.28,-54.2777277395,-45912775.51,-73.4312869032,1907355.57,3.0505577703,2025-10-25
4507,002121,科陆电子,485372129.31,4350.2900075293,107121892.13,22.0700542246,113114185.75,23.3046314198,265910743.82,54.7849222818,2025-10-25
4508,002117,东港股份,-171005443.45,76.3672639797,-33777857.56,-19.7525042937,-15636685.61,-9.1439695103,-121592068.85,-71.1042095485,2025-10-25
4509,002105,信隆健康,-2617590.82,95.3471371711,59214819.84,2262.1877868597,-56872991.94,-2172.7227764346,-2985407.4,-114.0517218043,2025-10-25
4510,002097,山河智能,370790557.17,327.9935157937,121208542.72,32.6892204713,-117843840.58,-31.7817803882,344484195.51,92.9053312844,2025-10-25
4511,002093,国脉科技,15300714.08,125.8055633075,286631213.15,1873.3191905381,-268508256.95,-1754.8740244808,-2822242.12,-18.4451660572,2025-10-25
4512,002085,万丰奥威,-71717859.2,-205.2275535509,560092792.72,780.9669710833,-485768400.48,-677.3325443602,-141183894.7,-196.8601632493,2025-10-25
4513,002074,国轩高科,-1522901202.51,-399.9270560999,457189319.49,30.0209441516,-5770828605.66,-378.9365059367,3808558617.95,250.0857318697,2025-10-25
4514,002064,华峰化学,51603973.31,101.241151141,2930650559.01,5679.1180427227,-1211308340.32,-2347.3160352272,-1658017646.45,-3212.965087959,2025-10-25
4515,002063,远光软件,-590199939.51,-2.4691494461,-622732885.88,-105.5121907327,-22714741.95,-3.8486520295,55247688.32,9.3608427622,2025-10-25
4516,002033,丽江股份,-248009890.26,-312.2487111623,315224876.06,127.1017360354,-419046898.44,-168.9637852751,-144187867.88,-58.1379507603,2025-10-25
4517,002011,盾安环境,-115218618.83,-361.3448098949,732123260.3,635.4209655821,-223509169.91,-193.9870241283,-631978739.39,-548.5040055223,2025-10-25
4518,002009,天奇股份,-248546270.16,-174.3945529895,10871387.68,4.373989468,-4249259.76,-1.7096453539,-261565224.53,-105.2380405313,2025-10-25
4519,001400,江顺科技,157367777.76,225.8783221345,20553684.78,13.0609233177,-139806014.75,-88.8403056458,274913599.53,174.6949746912,2025-10-25
4520,001328,登康口腔,-268747226.94,-174.1735512311,176843722.93,65.802994488,-316460599.87,-117.7539963754,-129130350.0,-48.0489981126,2025-10-25
4521,001299,美能能源,-171127183.59,76.6104972173,11033260.06,6.4474035209,3329732.67,1.9457648984,-185490176.32,-108.3931684194,2025-10-25
4522,001260,坤泰股份,-24652033.89,60.3447968811,75970012.91,308.1693512551,-79475374.79,-322.388713015,-21051909.97,-85.3962397745,2025-10-25
4523,001219,青岛食品,12541672.05,-72.9736750436,127129896.51,1013.6598692995,-58176346.62,-463.8643586602,-55735377.37,-444.4014892735,2025-10-25
4524,001210,金房能源,-247851426.6,35.412921384,-64287560.8,-25.9379426142,-204329403.3,-82.4402772673,20765537.5,8.3782198815,2025-10-25
4525,001205,盛航股份,-133931499.29,5.8972025837,344028685.75,256.8691365166,-271870011.84,-202.9918378285,-208011211.98,-155.3116429538,2025-10-25
4526,001203,大中矿业,501765479.83,30.1359394904,1027944706.56,204.8655692513,-1329378081.59,-264.9401234299,804466409.47,160.3271731133,2025-10-25
4527,000999,华润三九,-838704376.33,-2.4914848768,2925359803.57,348.7951042262,-5364974310.72,-639.6740570493,1604819094.47,191.3450245118,2025-10-25
4528,000990,诚志股份,303744211.67,198.5157380047,932078152.68,306.8628526468,-575734901.43,-189.5459664119,-51509701.94,-16.9582497249,2025-10-25
4529,000965,天保基建,276659698.93,-59.9034437105,-946338928.29,-342.0588296561,41670053.58,15.0618444758,1181328573.64,426.9969851803,2025-10-25
4530,000962,东方钽业,-235442174.7,18.2544947965,-239121436.89,-101.5627031116,-223222668.6,-94.8099756912,225454263.97,95.7578073076,2025-10-25
4531,000917,电广传媒,-777348567.19,-136.1199392047,-100158381.27,-12.8846164382,-36360772.13,-4.6775376793,-638779251.93,-82.1741081017,2025-10-25
4532,000915,华特达因,-239392519.84,43.6182892632,954987097.75,398.9210266003,-221304173.59,-92.4440637234,-973075444.0,-406.4769628769,2025-10-25
4533,000909,ST数源,-626394.69,-103.6776853618,45867970.93,7322.5350824733,-18979616.78,-3029.9772783834,-27506688.59,-4391.2710355192,2025-10-25
4534,000906,浙商中拓,-553729624.67,57.3624096475,-5524146350.5,-997.6252135313,-544274793.4,-98.2925184334,5531487384.44,998.9509569289,2025-10-25
4535,000905,厦门港务,401655699.41,-18.5488749245,-315527919.02,-78.5568135803,619177743.78,154.1563445233,121842966.94,30.3351768988,2025-10-25
4536,000899,赣能股份,263146978.06,112.389927055,2083397597.11,791.7239302801,-4098450847.63,-1557.4759314528,2278200228.58,865.7520011727,2025-10-25
4537,000878,云南铜业,2455967147.73,196.0162622088,-5074662357.04,-206.6258240356,-1149341244.17,-46.7979079131,8681433739.96,353.4833007837,2025-10-25
4538,000869,张裕A,81473633.0,119.1269039618,357912343.0,439.2983715357,90360318.0,110.9074367655,-369323793.0,-453.304682019,2025-10-25
4539,000868,安凯客车,-47360141.46,48.4870866059,-34433072.54,-72.704750194,-37952403.02,-80.1357467483,22003683.33,46.4603412314,2025-10-25
4540,000862,银星能源,-5554313.09,95.5279183702,1044188308.25,18799.5939611319,-280018641.46,-5041.4630382314,-769723979.88,-13858.1309229005,2025-10-25
4541,000822,山东海化,-913883954.28,-196.1955631465,-131198303.7,-14.3561229066,-1861473667.1,-203.6881880224,1078788016.52,118.0443109289,2025-10-25
4542,000821,ST京机,24078799.05,129.5256298571,77363388.83,321.2925556185,-139687714.98,-580.1274170275,82122484.71,341.0572285581,2025-10-25
4543,000816,智慧农业,-64396672.15,-145.079074935,44013107.69,68.3468667255,9527774.47,14.7954454041,-118358919.3,-183.7966394044,2025-10-25
4544,000813,德展健康,-182347372.23,8.1252163313,26411149.81,14.4839760985,-191552325.58,-105.0480318073,-17206267.42,-9.4359832059,2025-10-25
4545,000810,创维数字,-353025533.1,-714.9404719605,-83628442.57,-23.6890634611,-264124752.1,-74.8174642725,-16514305.45,-4.6779351355,2025-10-25
4546,000807,云铝股份,4391950128.05,46.1619739419,6976992588.16,158.8586478612,-1443805942.02,-32.8739147742,-1141193164.66,-25.9837459759,2025-10-25
4547,000802,北京文化,58188470.56,177.1397053407,85857289.47,147.550345702,-40000.0,-0.0687421402,-27628818.91,-47.4816035618,2025-10-25
4548,000792,盐湖股份,3239104085.11,169.5548133152,8859232596.02,273.5087346142,-5675090234.56,-175.2055533086,54824999.55,1.6925976477,2025-10-25
4549,000786,北新建材,846879893.47,97.5705056151,1539261327.65,181.7567449078,2327388952.51,274.8192477417,-3018850278.53,-356.4673458193,2025-10-25
4550,000779,甘咨询,-501925898.89,29.6549968143,-123232472.28,-24.5519254042,-333778035.51,-66.4994646118,-44914236.69,-8.9483799878,2025-10-25
4551,000756,新华制药,-11937526.9,-104.568493315,321998862.97,2697.3665958399,-95943641.64,-803.7145586663,-244116975.19,-2044.9543463647,2025-10-25
4552,000753,漳州发展,-24882818.25,-127.3933611412,-90468357.37,-363.5776159318,-221538420.71,-890.3268853398,287110697.47,1153.8512020036,2025-10-25
4553,000751,锌业股份,439738783.29,1714.9974515627,256129717.99,58.2458786268,-112244188.99,-25.5251966065,296466254.26,67.4187189135,2025-10-25
4554,000737,北方铜业,13656597.99,-97.1845899797,-288454448.98,-2112.1984347143,-806270783.0,-5903.8919033158,1108164216.87,8114.4968730972,2025-10-25
4555,000733,振华科技,175896632.06,154.6665024012,642039895.43,365.0097718818,-140312071.8,-79.7696181881,-325875130.58,-185.2651337115,2025-10-25
4556,000721,西安饮食,-46942706.87,-592.7316393733,21219547.34,45.2030757382,-16995344.1,-36.2044399081,-51166910.11,-108.9986358301,2025-10-25
4557,000715,中兴商业,-36589302.19,94.1547348606,97745670.72,267.1427572257,-95912088.51,-262.1315050283,-38422884.4,-105.0112521974,2025-10-25
4558,000708,中信特钢,-21659202.57,99.1572466763,9039735553.19,41736.2343972482,-331427077.25,-1530.1905791724,-8753784553.32,-40416.0057371863,2025-10-25
4559,000701,厦门信达,389660568.83,-51.4169527375,-1435017751.26,-368.2737916153,-1785437484.76,-458.2032742294,3620678165.41,929.1877226073,2025-10-25
4560,000698,ST沈化,410337097.55,201.2921854932,459048748.81,111.8711302368,111447958.71,27.1600982157,-162331062.56,-39.5604159432,2025-10-25
4561,000682,东方电子,-512729952.01,-3392.816235964,-354764561.56,-69.1913082451,-68380917.63,-13.3366341018,-87739676.84,-17.1122588989,2025-10-25
4562,000670,盈方微,22093238.64,128.8282789298,270439570.9,1224.082966317,-2803697.26,-12.6902954596,-244210154.09,-1105.361500273,2025-10-25
4563,000652,泰达股份,249505599.74,158.9173927433,11001668.12,4.4093872568,2205469496.95,883.9358712783,-1966981799.69,-788.3517651466,2025-10-25
4564,000639,西王食品,-12381543.72,-104.5424846335,161413699.98,1303.6637727109,-6940612.49,-56.0561158363,-165167365.32,-1333.9803909363,2025-10-25
4565,000637,茂化实华,12393559.18,-7.3804031617,-45350637.29,-365.9210129338,120693952.45,973.8441612864,-62949755.98,-507.9231483526,2025-10-25
4566,000625,长安汽车,-8862819629.74,-273.043733338,1554807049.25,17.5430293541,-7858785090.44,-88.6713869711,-2895294033.58,-32.6678659223,2025-10-25
4567,000610,西安旅游,-55025674.23,11.5448457281,15534610.62,28.2315679678,-21429969.58,-38.9454011784,-49130315.27,-89.2861667894,2025-10-25
4568,000599,青岛双星,245796276.2,161.9217596525,-107322512.18,-43.6631969529,-321864670.41,-130.9477407006,670648261.63,272.8472017551,2025-10-25
4569,000595,*ST宝实,-60592975.22,15.8508588079,363960798.66,600.6650066918,-3696379804.26,-6100.3437953645,3271826030.38,5399.6787886726,2025-10-25
4570,000576,甘化科工,-8461299.44,85.8153896564,11398217.48,134.7100118702,-35600760.89,-420.7481503574,15744286.28,186.0740940756,2025-10-25
4571,000543,皖能电力,228814097.92,-78.9832081986,6372572410.31,2785.043608868,-2128671598.98,-930.306138621,-4015086713.41,-1754.737470247,2025-10-25
4572,000528,柳工,292527676.6,113.5199514733,645171216.33,220.5504873346,-144354905.7,-49.3474352163,-205537006.7,-70.26241383,2025-10-25
4573,000518,*ST四环,68128239.09,956.3236332138,83971253.59,123.2546954268,-1621538.42,-2.3801267164,-14197661.13,-20.8396126476,2025-10-25
4574,000505,京粮控股,488852998.36,275.8261313057,149087907.96,30.4974927964,-46807265.23,-9.5749162605,400885239.06,82.0052736518,2025-10-25
4575,000430,ST张家界,5900028.7,120.7720170138,41887740.63,709.9582520675,-43326526.64,-734.344337003,7338814.71,124.3860849355,2025-10-25
4576,000423,东阿阿胶,510209063.83,133.3251549909,1309738675.6,256.7062736534,813120339.06,159.3700301904,-1612600441.92,-316.0666001922,2025-10-25
4577,000422,湖北宜化,-2335504918.66,-23.837763393,3117177816.12,133.4691180145,-3430650638.57,-146.8911759149,-2030685832.76,-86.9484716789,2025-10-25
4578,000419,通程控股,179640817.76,112.7394747073,297667442.07,165.7014512524,71239032.56,39.6563728936,-189265656.87,-105.357824146,2025-10-25
4579,000151,中成股份,-48492130.85,77.5928080849,-86740637.19,-178.8756972926,-1775535.19,-3.6614913778,34394626.4,70.9282636112,2025-10-25
4580,000089,深圳机场,1462494248.13,49.8894779592,1527548270.82,104.4481557978,829142495.37,56.6937269278,-894196518.06,-61.1418827256,2025-10-25
4581,000056,皇庭国际,-17338957.41,76.2579535306,162036368.69,934.5219834068,7287335.53,42.0286834882,-186657652.29,-1076.5217762306,2025-10-25
4582,000026,飞亚达,83181250.78,151.5170951041,373922398.56,449.5272613163,-67259047.98,-80.8584234419,-224310532.81,-269.6647750624,2025-10-25
4583,000020,深华发A,-45732377.78,-230.8596632493,-44676025.37,-97.6901432611,-1434582.92,-3.1369086622,,,2025-10-25
4584,000001,平安银行,-22108000000.0,-13.333675091,71783000000.0,324.6924190338,-13245000000.0,-59.9104396599,-80581000000.0,-364.4879681563,2025-10-25
4585,688783,西安奕材,-1152052095.35,-216.5358530309,450094337.5,39.0689222577,-1950765312.16,-169.3296093149,349090726.67,30.3016441773,2025-10-24
4586,688779,五矿新能,269476405.45,121.5187565003,420957023.67,156.2129430096,-151438766.22,-56.1974121508,,,2025-10-24
4587,688765,禾元生物,-85584051.04,3.231172245,-118869895.32,-138.8925785535,-331602803.67,-387.4586440352,364911078.65,426.3774315608,2025-10-24
4588,688721,龙图光罩,1606434.22,-95.88357974,43413929.4,2702.5027766154,-96505085.65,-6007.4097307265,54699330.94,3405.0152977941,2025-10-24
4589,688719,爱科赛博,57394535.91,109.9091816863,-42043411.82,-73.2533352756,110780571.97,193.0158859438,-11342624.24,-19.7625506682,2025-10-24
4590,688700,东威科技,-2038105.62,-105.4188211568,78480886.43,3850.678083602,-51063364.58,-2505.4326958777,-30941640.8,-1518.1568853139,2025-10-24
4591,688698,伟创电气,63450697.0,128.2162608447,-40557116.18,-63.9191027011,-3592063.63,-5.6611886076,106020028.23,167.0904075806,2025-10-24
4592,688687,凯因科技,228684141.48,264.7374187197,38012458.16,16.6222536963,-20666189.22,-9.0370014668,211904048.17,92.6623275224,2025-10-24
4593,688636,智明达,-45544460.05,51.7137536973,-29383312.4,-64.5156674769,-17981241.31,-39.480633408,1820093.66,3.9963008849,2025-10-24
4594,688600,皖仪科技,25583508.74,-60.2771117177,73943348.52,289.0273936678,-44487315.87,-173.8905961732,-3872523.91,-15.1367974947,2025-10-24
4595,688336,三生国健,-171272300.0,58.2079307482,2813241200.0,1642.5546921481,-2881715500.0,-1682.5344787219,-106102200.0,-61.9494220607,2025-10-24
4596,688315,诺禾致源,110747505.82,132.7552380623,-86861093.82,-78.4316478975,204165491.11,184.3522249989,-32816934.74,-29.6322111248,2025-10-24
4597,688308,欧科亿,-45969048.3,75.8549281247,-146428636.8,-318.5374555601,37761085.39,82.1445881228,61602937.95,134.0096004337,2025-10-24
4598,688285,高铁电气,-205236370.19,-80.7426177676,-154806776.91,-75.4285299271,-32792338.08,-15.9778396244,-17637255.2,-8.5936304485,2025-10-24
4599,688270,臻镭科技,-28914897.95,92.888993461,21530484.11,74.4615600831,-29875077.31,-103.3207081058,-20570304.75,-71.1408519773,2025-10-24
4600,688258,卓易信息,27221753.92,190.7879962271,57729907.64,212.0726967471,23442218.89,86.1157549175,-56180409.82,-206.3805660175,2025-10-24
4601,688186,广大特材,1561450159.93,1353.2504084242,-390910606.63,-25.0350998489,-83008057.65,-5.3160875563,2029544338.26,129.9781696747,2025-10-24
4602,688150,莱特光电,-48066343.41,-119.1348837835,170143114.24,353.9755724472,-94558581.54,-196.7251403616,-122255778.94,-254.3479912694,2025-10-24
4603,688114,华大智造,-186402109.81,85.323101524,-288729045.45,-154.8958033492,-140859416.47,-75.5675011477,240774491.8,129.1694026669,2025-10-24
4604,688068,热景生物,-149595085.93,26.4429232319,1246014.51,0.8329247597,-130152133.74,-87.0029472766,-19662720.15,-13.1439612657,2025-10-24
4605,688063,派能科技,-756164315.82,-253.8378415355,358008446.41,47.3453241471,-1317859513.66,-174.2821614414,176570718.3,23.3508398381,2025-10-24
4606,688038,中科通达,-49839709.27,-144.3590659968,38544306.16,77.3365389256,11119799.18,22.3111236861,-99503814.61,-199.6476626117,2025-10-24
4607,688013,天臣医疗,30599962.27,117.2980047159,63784159.86,208.4452238771,-1314434.97,-4.2955444141,-39136609.17,-127.8975732868,2025-10-24
4608,688004,博汇科技,-12671600.44,-308.6132880121,-50244484.09,-396.5125346866,30434832.06,240.181437255,7138051.59,56.3310974316,2025-10-24
4609,605389,长龄液压,29537013.46,110.567852284,106356010.01,360.0770611221,11741924.1,39.7532543901,-89085883.79,-301.6076216055,2025-10-24
4610,605377,华旺科技,-793934984.63,-694.7036686674,210645693.5,26.5318568369,-619521326.04,-78.0317454242,-379123610.15,-47.7524756422,2025-10-24
4611,605259,绿田机械,-202286827.35,-118.0891979166,145673825.3,72.0135004381,-247358723.99,-122.2811822354,-104513251.5,-51.6658711144,2025-10-24
4612,603998,方盛制药,-126639111.39,-3858.0234846583,224876245.74,177.5725076335,51630009.44,40.7694028119,-403128590.67,-318.328663432,2025-10-24
4613,603977,国泰集团,-350629693.49,34.7395957108,8881264.83,2.5329471505,-736453111.91,-210.0372916451,376992062.41,107.5185785487,2025-10-24
4614,603938,三孚股份,130517553.55,-58.5898764077,43774341.74,33.5390455532,74000140.83,56.6974623851,12671958.63,9.7090071683,2025-10-24
4615,603900,莱绅通灵,7283863.56,140.63621153,91431587.92,1255.2622267955,-51119994.28,-701.8252587916,-33216334.82,-456.0263182634,2025-10-24
4616,603877,太平鸟,-589625285.99,-10.2772718082,-74468440.32,-12.6297908332,-14353872.62,-2.4344058779,-500802973.05,-84.9358032889,2025-10-24
4617,603637,镇海股份,-65348244.98,77.8018230306,122144573.1,186.9133182343,-139755642.68,-213.8628860236,-47737175.4,-73.0504322107,2025-10-24
4618,603529,爱玛科技,371799898.76,111.7379316845,5569479681.61,1497.9777294682,-4272102812.3,-1149.0328067727,-925195417.43,-248.8422994508,2025-10-24
4619,603236,移远通信,-942613123.08,-757.8614778307,-800229141.73,-84.8947592746,-523217562.7,-55.5071375402,384174260.41,40.7563029841,2025-10-24
4620,603208,江山欧派,-514002325.11,37.7418641438,-283648.08,-0.0551842017,-447185196.77,-87.0006174922,-67378032.46,-13.1085073293,2025-10-24
4621,603160,汇顶科技,-228757017.27,29.1523283296,727611496.6,318.0717712109,-836586551.28,-365.7096780085,-119318544.79,-52.1595124005,2025-10-24
4622,603093,南华期货,4450433213.25,-33.4646382802,7270475382.6,163.365565423,-2874072580.17,-64.5796137691,80820806.33,1.8160211031,2025-10-24
4623,603088,宁波精达,121028814.1,479.3012080385,137297094.24,113.4416587165,-64080056.01,-52.9461157548,46455751.47,38.3840425236,2025-10-24
4624,603062,麦加芯彩,-407877920.29,-165.3431992857,117535232.68,28.8162773303,-421120628.14,-103.2467331991,-104292524.83,-25.5695441312,2025-10-24
4625,603050,科林电气,-23650740.83,92.0512457188,305093819.1,1289.996881252,-16998749.28,-71.8740668725,-311857881.23,-1318.5966709103,2025-10-24
4626,603025,大豪科技,-192438749.23,-586.7113344771,216398868.75,112.4507769957,-350498841.54,-182.1352731414,-58200652.49,-30.243728315,2025-10-24
4627,603023,威帝股份,-39715866.03,-390.0222506587,-32318439.56,-81.3741277493,-7569114.48,-19.0581629878,171688.01,0.4322907371,2025-10-24
4628,601929,吉视传媒,-50934959.26,82.9317322021,104133275.42,204.443621695,-262396026.44,-515.1589993438,107327791.76,210.7153776489,2025-10-24
4629,601686,友发集团,-735608013.63,-193.9691562373,408077379.65,55.4748415037,-504842246.17,-68.6292477537,-639388846.69,-86.9197772241,2025-10-24
4630,601208,东材科技,-78878530.64,54.9021565794,-364862834.77,-462.562920239,-114408591.97,-145.0440202698,400703368.72,508.0005490325,2025-10-24
4631,601065,江盐集团,-16306944.66,96.4002913054,385367440.61,2363.2105746657,-260734435.87,-1598.9165432662,-142280475.71,-872.5146167878,2025-10-24
4632,600989,宝丰能源,336168674.13,-89.9732317113,13581792234.85,4040.1718780013,-3524272295.54,-1048.3642786351,-9717612591.21,-2890.6954570824,2025-10-24
4633,600987,航民股份,193814975.38,324.2548026742,667988953.89,344.6529106331,-20447804.59,-10.5501675244,-452846476.48,-233.6488579338,2025-10-24
4634,600971,恒源煤电,-183038221.25,78.464740256,391720828.56,214.0103995138,-198543026.04,-108.4708017179,-376216023.77,-205.5395977959,2025-10-24
4635,600970,中材国际,-1024841810.14,67.5226682268,-629110632.1,-61.3861208506,99049610.0,9.6648681797,-581986510.3,-56.7879359079,2025-10-24
4636,600959,江苏有线,241789314.63,-42.2940292864,469762669.91,194.2859512336,61139324.84,25.2861979999,-289112680.12,-119.5721492335,2025-10-24
4637,600724,宁波富达,-13765110.14,99.0009781461,249777157.01,1814.567079156,-6524669.4,-47.40005226,-257017597.75,-1867.167026896,2025-10-24
4638,600711,盛屯矿业,1533302705.0,236.1222878711,3075475765.62,200.5785130093,-1683588972.69,-109.8014741121,163827452.81,10.6846125214,2025-10-24
4639,600710,苏美达,-1798879077.93,-346.2503126329,449200826.86,24.9711518896,-355957633.53,-19.7877465972,-2382054990.11,-132.4188501237,2025-10-24
4640,600584,长电科技,-2812272593.38,-245.5665831143,3692679424.03,131.3058852375,-5911589447.27,-210.2068434328,-529023518.64,-18.8112461034,2025-10-24
4641,600481,双良节能,-148908641.24,88.0483925427,1749106478.58,1174.6171773611,-135554150.56,-91.0317557337,-1775802522.73,-1192.5449778753,2025-10-24
4642,600435,北方导航,-273478400.13,70.5301595118,-195765313.15,-71.5834643822,-71502517.75,-26.1455814119,-6210944.43,-2.2710914014,2025-10-24
4643,600428,中远海特,3020118463.27,325.5012421628,4262329833.92,141.1312134195,-1049493970.31,-34.7500928548,-153592439.55,-5.0856428785,2025-10-24
4644,600419,天润乳业,-132337377.41,-929.7032766046,453897784.88,342.9853256603,-203477204.55,-153.7564129895,-382757957.74,-289.2289126708,2025-10-24
4645,600310,广西能源,862618413.2,40.2641602251,1231936771.34,142.8136418709,-889272249.95,-103.0898757019,519690464.65,60.2456957442,2025-10-24
4646,600293,三峡新材,4268450.44,103.2651762162,-81262129.11,-1903.7852319541,-18998605.9,-445.0937446049,104529185.45,2448.878976559,2025-10-24
4647,600173,卧龙新能,55921442.33,119.1088559571,925895896.95,1655.7081834302,-1014716950.21,-1814.5400188751,144157811.38,257.7862897908,2025-10-24
4648,600160,巨化股份,728776080.33,217.442312591,3627605699.16,497.7668445865,-3246288186.26,-445.4438439843,343018574.4,47.0677597218,2025-10-24
4649,600015,华夏银行,-7840000000.0,-119.2790045738,88871000000.0,1133.5586734694,-82454000000.0,-1051.7091836735,-14315000000.0,-182.5892857143,2025-10-24
4650,301656,联合动力,3182577157.9,635.0936292181,1250436771.55,39.2900693215,-2410178959.58,-75.730417206,4342536406.5,136.4471681612,2025-10-24
4651,301631,壹连科技,-989182509.86,-1429.3877980836,387849079.42,39.2090514697,-1201091283.41,-121.4226162956,-176207731.07,-17.8134701446,2025-10-24
4652,301626,苏州天脉,-102739663.16,-687.243383935,129114012.09,125.6710486669,-163928094.3,-159.5567760863,-69630205.13,-67.7734411311,2025-10-24
4653,301617,博苑股份,-622040319.29,-840.1669189895,-30478290.54,-4.8997291003,-485319868.74,-78.0206449148,-105053897.14,-16.888599321,2025-10-24
4654,301616,浙江华业,170750026.43,1937.970496801,-18567698.02,-10.874199207,-48860910.28,-28.6154627918,237759347.71,139.2441059489,2025-10-24
4655,301608,博实结,-521145216.62,-155.8481977205,223160044.99,42.8210866901,-676125252.04,-129.7383589981,-68513740.61,-13.1467657046,2025-10-24
4656,301581,黄山谷捷,-302065237.95,-823.6958581577,12958040.7,4.289815269,-261136934.91,-86.4505087319,-53880524.91,-17.8373801884,2025-10-24
4657,301559,中集环科,452610913.45,156.7084239711,526044162.24,116.2243654777,235715113.21,52.0789725138,-278963422.57,-61.6342678182,2025-10-24
4658,301551,无线传媒,128072968.22,-74.8619594007,361708715.6,282.423934283,-112469631.56,-87.8168384189,-121166115.82,-94.6070958642,2025-10-24
4659,301548,崇德科技,-208759146.41,-174.408435407,41021114.71,19.6499724278,-170801536.65,-81.8175105557,-81919867.15,-39.2413307674,2025-10-24
4660,301448,开创电气,-123823437.42,41.9299226323,-56429599.02,-45.5726316405,-44586201.2,-36.0078852025,-22611322.14,-18.2609388102,2025-10-24
4661,301429,森泰股份,-17310295.81,78.1618452785,93039896.79,537.482997467,-16571288.78,-95.7308237935,-92759592.25,-535.8637037064,2025-10-24
4662,301419,阿莱德,-16252027.76,65.29238514,56375006.72,346.8798327969,-17207021.28,-105.8761499433,-52892817.6,-325.453650345,2025-10-24
4663,301413,安培龙,58042226.91,115.4564059085,73150048.07,126.0290170869,-92331622.27,-159.0766364171,75955041.55,130.8616943106,2025-10-24
4664,301398,星源卓镁,-45336116.29,89.4899482622,54781954.78,120.8351293913,-71167114.73,-156.9766458926,-30076461.04,-66.3410620522,2025-10-24
4665,301377,鼎泰高科,1469004.62,102.4789576527,22010442.35,1498.3235621138,-34637153.04,-2357.8654939833,17213019.93,1171.747161013,2025-10-24
4666,301371,敷尔佳,-689054276.4,-113.4029160869,243189087.54,35.2931686036,-328253531.28,-47.6382692224,-603989832.66,-87.6548993812,2025-10-24
4667,301297,富乐德,609553041.73,331.7679459952,215890221.96,35.4177909354,-237347872.35,-38.9380178756,627565252.09,102.9549865437,2025-10-24
4668,301281,科源制药,-73937197.12,-29.9310666101,27239921.33,36.8419718235,-129634477.79,-175.3305275822,27968645.03,37.8275700452,2025-10-24
4669,301258,富士莱,158000589.83,969.7471159424,59391148.61,37.589194239,149460306.57,94.5947776086,-49243528.44,-31.1666738035,2025-10-24
4670,301234,五洲医疗,-27829140.21,72.207370989,69076293.49,248.2156939408,-77484728.18,-278.4301907831,-20571047.54,-73.9190912287,2025-10-24
4671,301208,中亦科技,-135974521.93,48.4437335436,-109269853.08,-80.360534848,-1384467.6,-1.0181816272,-25320201.25,-18.6212835247,2025-10-24
4672,301195,北路智控,-466855411.97,49.2414333547,-2534032.28,-0.5427873845,-406179367.73,-87.0032471116,-58142011.96,-12.4539655039,2025-10-24
4673,301158,德石股份,-67243521.9,-211.869440087,108752102.84,161.7287431817,-148483740.26,-220.8149366132,-27731508.97,-41.2404171977,2025-10-24
4674,301148,嘉戎技术,-54171184.74,-124.0046418217,57006336.7,105.2336901502,-44626304.7,-82.3801526848,-66531028.46,-122.8162699031,2025-10-24
4675,301137,哈焊华通,-254808277.65,-73.0395602167,57709312.57,22.6481310192,-190440831.41,-74.7388715808,-122838606.05,-48.2082478571,2025-10-24
4676,301108,洁雅股份,125280160.17,141.1921677642,-2385714.02,-1.9043031369,153649843.82,122.644993119,-24542806.91,-19.5903380685,2025-10-24
4677,301100,风光股份,-151165001.46,-3.9193594204,-36570790.52,-24.1926306796,-87703876.78,-58.0186391909,-27597409.53,-18.2564808411,2025-10-24
4678,301075,多瑞医药,-8692736.11,88.6513757672,-34726029.47,-399.4833045726,-13323530.69,-153.2720022948,39356824.05,452.7553068674,2025-10-24
4679,301040,中环海陆,60507373.24,16.3051078429,-6451976.81,-10.6631249458,69127537.55,114.2464692291,-4319652.0,-7.1390506127,2025-10-24
4680,301035,润丰股份,622584935.83,-17.4184834278,1740314337.78,279.5304283198,-568861729.22,-91.3709433817,-589461668.47,-94.6797191108,2025-10-24
4681,301033,迈普医学,-11110882.4,-173.4893180185,83758188.56,753.8392140664,-67647380.08,-608.838953061,-27698233.41,-249.2892320596,2025-10-24
4682,301032,新柴股份,-140440724.5,19.8491696651,120466059.21,85.7771559061,-267154225.13,-190.2256101862,6247441.42,4.4484542801,2025-10-24
4683,301025,读客文化,-112621211.47,39.0459252056,-7943819.11,-7.053572774,-87461846.31,-77.6601895579,-17215546.05,-15.2862376681,2025-10-24
4684,301022,海泰科,16938696.99,-56.9730671061,46717331.93,275.8023947036,-142154105.67,-839.2269237352,108496556.27,640.5248073925,2025-10-24
4685,301019,宁波色母,-12887035.39,96.0902369473,79399648.0,616.1203534958,55673960.58,432.0152687964,-147951512.73,-1148.0647662752,2025-10-24
4686,301013,利和兴,-26339508.87,50.9780022518,-40901700.18,-155.2864952109,-35700219.27,-135.5386672022,50270234.44,190.8548663079,2025-10-24
4687,300990,同飞股份,66654990.9,-32.8466718062,-41264944.63,-61.9082593409,181285589.22,271.9760167577,-77063352.23,-115.6152767999,2025-10-24
4688,300970,华绿生物,115910829.61,258.5674878707,165750904.8,142.9986355526,-65857005.64,-56.8169565015,16016930.45,13.8183209489,2025-10-24
4689,300967,晓鸣股份,-34559877.39,-216.7275527082,246321659.74,712.7388125841,-58095404.42,-168.1007249083,-222786132.71,-644.6380876758,2025-10-24
4690,300956,英力股份,-54954038.1,-131.9230598902,106352773.65,193.5304070949,-235528673.82,-428.5921143618,71152563.75,129.4764974696,2025-10-24
4691,300941,创识科技,-51149538.51,-155.8990505689,-194331467.3,-379.9280950736,170972672.88,334.2604407791,-27769474.81,-54.2907631602,2025-10-24
4692,300938,信测标准,-21809715.63,80.9707744238,128751467.57,590.3399647857,-99866466.36,-457.8989843528,-50666532.13,-232.3117503665,2025-10-24
4693,300937,药易购,-137259000.58,-127.0741378302,-114155305.67,-83.1678106264,-17030462.21,-12.4075376755,-6071875.73,-4.4236630781,2025-10-24
4694,300932,三友联众,43559831.63,226.7574173569,133817129.42,307.2030455872,-133396570.39,-306.2375711713,39908938.13,91.6186693948,2025-10-24
4695,300918,南山智尚,-193293714.52,-150.3953931349,-178246428.69,-92.2153258489,-192649425.57,-99.666678789,180248291.79,93.2509845121,2025-10-24
4696,300916,朗特智能,169961893.21,203.6067552636,126296619.39,74.3087859312,-40381032.25,-23.7588741143,92968456.87,54.6995888985,2025-10-24
4697,300905,宝丽迪,-244858819.28,-1524.0363673587,82335451.84,33.6256836009,-304305285.15,-124.2778536811,-22405125.99,-9.1502221794,2025-10-24
4698,300901,中胤时尚,-91937272.36,10.7981086427,-55865662.84,-60.7649774743,-96188316.56,-104.6238528628,56013676.7,60.9259718742,2025-10-24
4699,300885,海昌新材,41259319.8,69.3981684826,59093892.47,143.2255615373,11296791.69,27.3799755904,-29522472.05,-71.553462813,2025-10-24
4700,300846,首都在线,-76505551.6,-1172.8048440066,87415602.0,114.2604689096,-326233485.12,-426.4180550265,162577401.16,212.504057235,2025-10-24
4701,300824,北鼎股份,-90939101.36,-417.544038154,42301485.85,46.5162787155,-39890461.99,-43.8650276871,-92794706.01,-102.0404915182,2025-10-24
4702,300818,耐普矿机,97429550.15,130.4037186317,-41898036.98,-43.0034182807,-289958136.38,-297.6080007899,433849373.88,445.295470637,2025-10-24
4703,300817,双飞集团,-18033158.89,89.4069952378,72725016.36,403.2849530335,-32653511.51,-181.0748283713,-61735683.95,-342.3453668133,2025-10-24
4704,300808,久量股份,-25507863.99,32.6273788384,24315806.32,95.3267052448,-36596147.45,-143.4700587409,-12933919.32,-50.7056150412,2025-10-24
4705,300804,广康生化,328902653.9,232.6161038965,41285155.18,12.5523934485,146352610.89,44.4972423161,139875455.96,42.5279195231,2025-10-24
4706,300797,钢研纳克,-120204621.48,27.6214394217,15353490.06,12.7727951479,-75679367.86,-62.9587838872,-60065501.65,-49.9693779744,2025-10-24
4707,300785,值得买,119226186.98,210.0797539567,-35309489.54,-29.6155487602,143198083.3,120.1062341481,11398005.7,9.5599850911,2025-10-24
4708,300778,新城市,207507538.54,266.072123073,-21492726.22,-10.3575640534,253160298.09,122.0005306174,-24160033.33,-11.642966564,2025-10-24
4709,300775,三角防务,-738937985.35,-76.3845733881,-39158398.3,-5.2992807348,-481129360.04,-65.1109253522,-218650227.01,-29.589793913,2025-10-24
4710,300768,迪普科技,-774626343.53,-1033.9124865209,-54400576.55,-7.022815194,-683720892.09,-88.2646062583,-35984894.14,-4.6454518931,2025-10-24
4711,300749,顶固集创,4605316.63,104.2435611012,-24892694.06,-540.5207949839,-74839986.51,-1625.0779810117,104337997.2,2265.5987759956,2025-10-24
4712,300729,乐歌股份,-104133581.71,-115.7516043381,606148819.62,582.0877469749,-808545146.58,-776.4499533222,85897722.56,82.4880131361,2025-10-24
4713,300727,润禾材料,-156414324.25,-1252.5334365562,49409986.54,31.5891698391,-170290352.56,-108.8713283624,-36338585.34,-23.232261824,2025-10-24
4714,300722,新余国科,-69407001.68,-125.3519589909,8826099.84,12.7164401665,-28013303.12,-40.3609181234,-50219798.4,-72.3555220431,2025-10-24
4715,300715,凯伦股份,-117733969.41,78.8256478142,56359231.38,47.8699832023,-313675154.32,-266.4270608491,139065783.57,118.1186570596,2025-10-24
4716,300711,广哈通信,-131318865.07,33.0414943414,-5292617.31,-4.0303556592,-70420412.38,-53.6255109595,-55341392.92,-42.1427590701,2025-10-24
4717,300694,蠡湖股份,35402575.15,-45.9939270473,150282720.78,424.4965801026,-41548202.48,-117.3592663922,-72660997.9,-205.2421260096,2025-10-24
4718,300676,华大基因,-1020342612.64,-5.5230494679,-436673090.75,-42.7967121377,-770736272.26,-75.5370071496,180044633.76,17.6455076491,2025-10-24
4719,300669,沪宁股份,-24080341.44,92.1223824197,18093192.52,75.1367772965,-46042437.69,-191.2034254361,3868903.73,16.0666481397,2025-10-24
4720,300664,鹏鹞环保,131349814.48,196.300085227,130669299.31,99.4819062572,262343435.9,199.7288210407,-262135504.6,-199.5705175814,2025-10-24
4721,300655,晶瑞电材,-279453776.61,69.3321493703,304797834.25,109.0691412181,-482660811.78,-172.7157949465,-99834203.95,-35.7247646323,2025-10-24
4722,300623,捷捷微电,-191160022.42,-184.0749097158,588585221.59,307.9018374966,-940527005.15,-492.0103028046,162650159.38,85.0858654027,2025-10-24
4723,300592,华凯易佰,33311235.6,104.9707503457,579360293.15,1739.2338732401,-157975768.21,-474.2416946251,-453654647.09,-1361.8667663291,2025-10-24
4724,300589,江龙船艇,19480480.15,104.4154624339,-184361765.62,-946.3923075839,-8504444.97,-43.6562389865,211507210.66,1085.7392067926,2025-10-24
4725,300575,中旗股份,115205320.37,626.5690212963,-34360102.51,-29.8251004378,-138996009.14,-120.6506858308,288270407.96,250.2231728831,2025-10-24
4726,300569,天能重工,-128173323.0,22.6022112224,300577399.06,234.5085482882,-153198812.23,-119.524725305,-275979300.41,-215.3172703574,2025-10-24
4727,300565,科信技术,35396003.28,212.0149440707,-61811773.7,-174.6292461639,159463635.36,450.5131104734,-57660044.99,-162.8998746946,2025-10-24
4728,300555,ST路通,-29776350.25,-41.5562617708,-11707290.82,-39.317413725,-27385145.73,-91.9694505877,9320970.0,31.3032655841,2025-10-24
4729,300515,三德科技,-12301174.52,87.7453811203,99725455.2,810.6986453843,-48276542.56,-392.4547406551,-63783111.07,-518.5123661671,2025-10-24
4730,300509,新美星,228354463.32,63.3806408288,176851970.57,77.446250885,-15309750.92,-6.704379979,73277944.51,32.0895608716,2025-10-24
4731,300508,维宏股份,-33073945.72,-298.4099986662,55360670.56,167.3845359386,-103730172.53,-313.6310780944,15210329.74,45.988857419,2025-10-24
4732,300504,天邑股份,-240079581.52,-13.0179125122,107572390.22,44.8069717295,-344679009.99,-143.5686482823,-1184816.96,-0.4935100905,2025-10-24
4733,300489,光智科技,51614425.81,-7.307729983,30995990.53,60.0529600854,-66541622.54,-128.920590505,86600630.1,167.783771186,2025-10-24
4734,300487,蓝晓科技,178364322.41,150.9239350484,538849072.9,302.1058615418,-59015306.33,-33.0869456025,-307195117.01,-172.2290157915,2025-10-24
4735,300485,赛升药业,14061620.14,219.0644886821,30441953.96,216.4896623356,-36069519.92,-256.5104131735,19987800.0,142.1443603297,2025-10-24
4736,300465,高伟达,-242555276.26,-97.961994932,-191732750.81,-79.0470336355,-12342990.99,-5.0887332489,-38264669.93,-15.7756493777,2025-10-24
4737,300445,康斯特,36312448.63,227.2826564062,137826672.05,379.5576372565,-83574099.59,-230.1527513101,-20123436.56,-55.4174596295,2025-10-24
4738,300434,金石亚药,-112902160.24,40.1098406318,151576205.8,134.2544779283,-287586388.27,-254.7217764998,23480813.94,20.7974886309,2025-10-24
4739,300395,菲利华,173265659.36,999.0750293589,209112260.35,120.6888088052,-554752035.68,-320.1742559542,518637945.0,299.3310658995,2025-10-24
4740,300386,飞天诚信,-23926913.1,71.7637899298,-10358563.62,-43.2925199198,-8552735.62,-35.7452529888,-7038338.33,-29.4159898545,2025-10-24
4741,300374,中铁装配,226456361.96,54.8237496969,160337788.66,70.8029517353,-1397974.35,-0.6173261541,67630839.35,29.8648440541,2025-10-24
4742,300364,中文在线,154926087.73,171.8465522648,-172698298.41,-111.4714125558,178941955.55,115.5015002133,151394410.55,97.7204115642,2025-10-24
4743,300357,我武生物,8813154.69,101.7461117533,286891077.51,3255.2597520559,-150256198.08,-1704.908212385,-127817678.53,-1450.305628642,2025-10-24
4744,300353,东土科技,92988002.59,138.7973743062,-208827114.08,-224.5742550259,-33980914.32,-36.5433317993,334326057.02,359.5367657203,2025-10-24
4745,300349,金卡智能,-411375194.76,-28.9797305893,-271885079.21,-66.0917533855,145070233.9,35.2647013597,-284943909.64,-69.2661865055,2025-10-24
4746,300344,*ST立方,-47611765.48,-289.6333866256,-29343651.18,-61.6310924079,-10130385.93,-21.2770642463,-8133504.23,-17.082971295,2025-10-24
4747,300332,天壕能源,-74594267.83,41.9592942322,-106717840.22,-143.0643980087,-210873983.06,-282.6946214427,242953578.13,325.7000640903,2025-10-24
4748,300328,宜安科技,11852129.21,118.8867365006,-47686835.0,-402.3482545209,-176001144.12,-1484.9749019906,233201699.83,1967.5932965128,2025-10-24
4749,300327,中颖电子,-4237431.01,-166.0900828219,170674664.4,4027.7862694926,-72185538.77,-1703.5212750284,-104948307.47,-2476.6965461462,2025-10-24
4750,300320,海达股份,63782646.46,32.5523767084,262229620.77,411.1300413576,-50756030.7,-79.5765518005,-149144593.55,-233.8325576433,2025-10-24
4751,300298,三诺生物,-8443571.13,-174.5238012903,537228973.66,6362.5800669959,-273718017.55,-3241.7328324206,-270035805.33,-3198.1231776513,2025-10-24
4752,300270,中威电子,-31616282.54,-1560.4694507199,-47015107.35,-148.7053618354,10194055.75,32.2430562072,5211496.8,16.48358498,2025-10-24
4753,300250,初灵信息,-11654422.1,85.3837735816,15413084.27,132.250952795,-46081580.33,-395.3999600718,19020112.01,163.2008163665,2025-10-24
4754,300244,迪安诊断,-443318249.82,72.2480283206,871715623.1,196.6342742384,-323265736.07,-72.9195642637,-989452791.43,-223.19243384,2025-10-24
4755,300229,拓尔思,-41346412.74,18.1576066048,35863465.32,86.7390009032,-74352552.45,-179.8283031651,-2657805.94,-6.4281415578,2025-10-24
4756,300211,*ST亿通,4669607.15,107.8461716943,20631777.48,441.8311180631,-3849076.21,-82.4282661551,-10600238.6,-227.0049333807,2025-10-24
4757,300201,海伦哲,-155265888.65,-13.6987963715,-21176655.56,-13.6389620052,33527932.14,21.5938815869,-167606883.62,-107.9482976443,2025-10-24
4758,300198,ST纳川,2788209.35,434.1248342599,14342809.71,514.4093541613,3602289.49,129.1972387224,-15151223.74,-543.4033760772,2025-10-24
4759,300191,潜能恒信,-47565725.4,-150.2041332148,157956441.24,332.0803791211,-433163684.97,-910.6634689734,229806038.29,483.1336773642,2025-10-24
4760,300187,永清环保,5064141.99,-86.9475588289,143953513.81,2842.6042179358,-47624362.82,-940.4231341468,-91265009.0,-1802.1810837891,2025-10-24
4761,300160,秀强股份,-965667776.05,-1377.7172021878,182476736.37,18.8964301073,-1070318262.36,-110.837110744,-80772740.21,-8.3644439851,2025-10-24
4762,300150,世纪瑞尔,-143833199.98,-583.186483822,-25521380.34,-17.7437339526,-126701956.62,-88.0895068994,8383129.95,5.828369216,2025-10-24
4763,300126,锐奇股份,43041997.27,183.7810690891,-49359274.93,-114.6770086443,93385297.17,216.9632059223,-263858.49,-0.613025665,2025-10-24
4764,300124,汇川技术,3966245241.61,177.7914517266,3930659053.66,99.1027738886,-3061449522.31,-77.1876002571,3074498961.92,77.5166126811,2025-10-24
4765,300105,龙源技术,-159269048.32,-137.5706200116,45991068.75,28.8763380174,-153444757.87,-96.3431121668,-51815359.2,-32.5332258506,2025-10-24
4766,300095,华伍股份,101897128.58,1498.571737405,38538430.23,37.8209187708,-8880059.99,-8.7147303499,71967154.88,70.6272648532,2025-10-24
4767,300079,数码视讯,-217140106.31,-27.5141469132,37517437.67,17.2779862309,-283807779.59,-130.702606908,40332477.17,18.574402424,2025-10-24
4768,300065,海兰信,-161805370.23,19.193617003,-27644911.8,-17.0852869473,-92817843.94,-57.3638834163,-41170178.63,-25.4442597124,2025-10-24
4769,300034,钢研高纳,-193447253.06,68.262876145,-282786106.95,-146.1825394141,-67711783.66,-35.0027113794,157056309.2,81.188182678,2025-10-24
4770,300014,亿纬锂能,334879289.15,134.6560045757,4903825467.82,1464.3561506198,-7963347211.08,-2377.9754284873,3312066463.55,989.0329354069,2025-10-24
4771,003030,祖名股份,473852.23,103.8278836044,62393116.69,13167.2096784265,-52495413.37,-11078.4354375625,-9437092.84,-1991.5687301925,2025-10-24
4772,003023,彩虹集团,-160714047.06,16.5242274207,-89064692.0,-55.4181128715,-56279191.66,-35.0182157002,-15322812.72,-9.5342087393,2025-10-24
4773,003000,劲仔食品,-282168767.45,-0.5455763026,281468276.06,99.7517473687,-410132693.54,-145.3501382334,-153565564.22,-54.4233033329,2025-10-24
4774,002977,天箭科技,-70657267.57,7.9421438459,-48169806.97,-68.173888726,-865860.6,-1.2254374246,-21621600.0,-30.6006738494,2025-10-24
4775,002973,侨银股份,2907697.97,102.3111355932,461751171.73,15880.3003783092,-237418417.68,-8165.1677763492,-221425056.08,-7615.13260196,2025-10-24
4776,002868,*ST绿康,-13559010.78,64.0019312175,87494879.7,645.289550393,-29180575.36,-215.2116834588,-70957162.8,-523.3210884725,2025-10-24
4777,002846,英联股份,-18391014.18,-4.3628538793,234742130.15,1276.3957868364,-200468061.35,-1090.0326615375,-53750082.78,-292.2627444791,2025-10-24
4778,002838,道恩股份,-155084564.59,6.4545805779,-165408277.26,-106.6568279682,-240107615.53,-154.823670663,246569583.03,158.9904086728,2025-10-24
4779,002823,凯中精密,21579513.27,165.0525879634,351921850.83,1630.8145898696,-116697951.18,-540.7812016883,-224211480.14,-1039.001562893,2025-10-24
4780,002728,特一药业,-118015906.32,55.6939594527,191193447.51,162.0065069802,-154905885.92,-131.2584809542,-154303467.91,-130.7480260259,2025-10-24
4781,002683,广东宏大,-878340007.24,20.2172861862,-235565774.32,-26.8194289658,-1692321280.16,-192.6726855444,1040863010.43,118.5034271296,2025-10-24
4782,002655,共达电声,-52827176.33,-284.6720101307,-1968672.36,-3.7266280289,-146035089.09,-276.4393239149,96848492.37,183.330813983,2025-10-24
4783,002632,道明光学,-23742623.52,-153.1520552733,367433123.33,1547.5674919433,-289583500.97,-1219.677769502,-104392318.96,-439.6831667405,2025-10-24
4784,002587,奥拓电子,47422594.45,127.0742527338,-49917354.47,-105.2606991434,73044037.05,154.0279225486,25121068.07,52.9727830401,2025-10-24
4785,002579,中京电子,211191382.66,177.7415706036,365928928.62,173.2688730056,-154463342.07,-73.1390363208,586900.74,0.2778999468,2025-10-24
4786,002576,通达动力,-34197725.42,-146.5482726994,52404450.86,153.2395801662,-64760740.47,-189.3714850173,-23276890.66,-68.0656107215,2025-10-24
4787,002557,洽洽食品,-501120678.73,-155.6945086829,581346577.98,116.0092972921,-268073331.47,-53.4947654025,-821161714.08,-163.8650626354,2025-10-24
4788,002524,光正眼科,-25655898.2,-75.642387591,53705546.89,209.3302151082,-4388747.69,-17.1061938888,-74972697.4,-292.2240212194,2025-10-24
4789,002481,双塔食品,-172900896.61,-249.5373552192,133478539.55,77.1994490295,-388364714.16,-224.6169463401,81985278.0,47.4174973106,2025-10-24
4790,002461,珠江啤酒,514820204.45,191.3552992909,1290853043.93,250.7386137475,-356979989.45,-69.3407108665,-419062539.89,-81.3997850643,2025-10-24
4791,002454,松芝股份,-797708399.72,-279.215583342,123502402.84,15.4821489762,-833381183.38,-104.4719077388,-88484376.22,-11.0923209848,2025-10-24
4792,002410,广联达,-1342224208.59,-9.9052953139,-135399894.53,-10.0877255576,-765320162.07,-57.0188018643,-433128566.33,-32.2694646362,2025-10-24
4793,002393,力生制药,-367922167.95,8.6431276387,124819596.56,33.9255438876,-350088014.01,-95.1527373196,-142651184.41,-38.7721091134,2025-10-24
4794,002356,赫美集团,125149383.45,144.7517888901,29483342.42,23.5585199121,146307283.82,116.9061163441,-50639776.75,-40.4634648242,2025-10-24
4795,002353,杰瑞股份,2072693775.0,231.2455738211,2927423407.04,141.2376223806,-96713239.22,-4.6660650206,-730068135.1,-35.2231547132,2025-10-24
4796,002333,罗普斯金,-110468083.42,-231.9684849881,-99359120.95,-89.9437356691,-126927328.85,-114.8995482862,116850261.9,105.7773958617,2025-10-24
4797,002322,理工能科,-108206531.53,77.6726519404,231624568.23,214.0578437872,8954734.09,8.2755947939,-348785833.85,-322.3334385811,2025-10-24
4798,002312,川发龙蟒,157533266.94,141.9176418206,-321477754.05,-204.0697563724,-1308988904.25,-830.9285585682,1783010573.42,1131.8311414814,2025-10-24
4799,002276,万马股份,-170131635.52,60.3185228129,-592262866.15,-348.1203624122,-267489219.31,-157.2248562076,687609199.56,404.163045549,2025-10-24
4800,002261,拓维信息,-545390998.56,-270.4820542421,775818355.3,142.2499376316,-399391260.28,-73.2302625703,-921751643.73,-169.0074911694,2025-10-24
4801,002237,恒邦股份,1509815640.51,507.1665973752,-576725858.26,-38.1984291847,-1894098372.44,-125.4522950763,3922750153.52,259.816499993,2025-10-24
4802,002213,大为股份,-73836501.34,36.8987026257,-39841040.12,-53.9584614614,-8829397.48,-11.9580388016,-24422453.18,-33.076395464,2025-10-24
4803,002189,中光学,-62880786.97,40.0006816612,-116471090.51,-185.2252430708,-36246912.87,-57.6438600988,88803462.23,141.2251126443,2025-10-24
4804,002176,江特电机,-442937823.48,-1197.7210882002,-338186132.5,-76.3507008372,-6369124.34,-1.4379274025,-99847016.1,-22.541993663,2025-10-24
4805,002158,汉钟精机,-47465054.17,-75.1582787389,605705190.51,1276.1076566786,-312735653.76,-658.8755858993,-345387827.27,-727.6676142262,2025-10-24
4806,002128,电投能源,1296375876.44,-57.9988073101,7849773836.6,605.5168087636,-5255047487.99,-405.364492158,-1298300983.21,-100.1484991201,2025-10-24
4807,002092,中泰化学,807494724.02,-44.5997688532,1393589180.45,172.5818310629,-2359594268.0,-292.2117257006,1776309881.16,219.9778931455,2025-10-24
4808,002083,孚日股份,-116392801.02,71.0712800618,546210246.15,469.2818124174,-100353895.69,-86.2200194604,-562249151.48,-483.0617929569,2025-10-24
4809,002054,德美化工,5720557.89,102.2691752487,286451962.08,5007.4130458629,-180031661.14,-3147.0997165278,-101898170.34,-1781.2628121136,2025-10-24
4810,002032,苏泊尔,-275778478.92,-133.5398028158,1352363553.8,490.3803803314,128647358.9,46.6488028376,-1754272580.41,-636.1165625686,2025-10-24
4811,002014,永新股份,-580959616.23,-60.1626110246,189285564.39,32.5815356355,-322558579.59,-55.5216869777,-445378631.56,-76.6625801721,2025-10-24
4812,001379,腾达科技,-1669022.4,-100.2705483125,83403268.44,4997.1329587907,-93952742.86,-5629.2080238108,6276653.43,376.0676567313,2025-10-24
4813,001360,南矿集团,13419899.06,111.0972485432,-12820263.6,-95.5317438878,10746901.84,80.0818381118,13206845.61,98.4124064641,2025-10-24
4814,001306,夏厦精密,28847585.84,108.4354935319,-27087234.43,-93.8977513759,-209508409.01,-726.2597645849,265458643.78,920.2109502415,2025-10-24
4815,001218,丽臣实业,-140275628.76,-50.9823043361,228299648.39,162.7507574966,-299018008.97,-213.1646185537,-67394311.28,-48.0442054516,2025-10-24
4816,001208,华菱线缆,787766990.09,4854.0327752589,23949477.77,3.0401728013,-87155849.13,-11.0636584455,850973361.45,108.0234856442,2025-10-24
4817,000988,华工科技,-694837288.57,8.2820296076,-168468356.99,-24.2457277065,-585321230.5,-84.2386037895,59535469.34,8.5682605582,2025-10-24
4818,000980,众泰汽车,-29276678.96,-1964.2828563223,-22615732.74,-77.248286156,-6221876.15,-21.2519874898,-488394.0,-1.6682015083,2025-10-24
4819,000975,山金国际,2106498263.57,543.6711235136,3692372358.87,175.2848517716,-219272798.68,-10.4093510292,-1358607260.75,-64.4960066783,2025-10-24
4820,000930,中粮科技,643934902.51,743.8424226798,1213280312.17,188.4166097288,-226865569.41,-35.2311341606,-362351798.03,-56.2714952424,2025-10-24
4821,000877,天山股份,-1386412161.41,-289.3299155744,4869332764.09,351.2182668059,-5311131874.3,-383.0846282319,-919120489.21,-66.2948951829,2025-10-24
4822,000798,中水渔业,-16658692.16,-111.44247314,352936200.73,2118.6309065573,-162822026.29,-977.3998146203,-202586414.34,-1216.1003540628,2025-10-24
4823,000677,恒天海龙,11341487.85,-73.7754180827,43097789.52,380.0011964039,-34950944.81,-308.1689569504,989154.82,8.7215613426,2025-10-24
4824,000609,ST中迪,1399129.36,-93.4563055958,19265450.44,1376.9599145572,179360.0,12.8194007736,-18045000.0,-1289.7306364867,2025-10-24
4825,000586,汇源通信,9479752.69,149.0270712291,13643119.63,143.9185185115,-18626531.96,-196.4875305202,14064135.67,148.3597318402,2025-10-24
4826,000513,丽珠集团,-908282653.01,-258.9890198783,2525421252.84,278.0435412337,-1626324229.17,-179.0548596057,-1750752190.63,-192.7541151235,2025-10-24
4827,000153,丰原药业,19232696.6,123.8168582059,88813551.8,461.784187871,-155364180.46,-807.8127768105,85791438.85,446.0707753795,2025-10-24
4828,688607,康众医疗,-90023568.75,-523.0462354208,-73601209.17,-81.7577109994,-39558817.92,-43.9427346297,23858281.86,26.5022617869,2025-10-23
4829,688580,伟思医疗,-49802872.38,90.5808498837,104406251.44,209.6390156844,-76217199.14,-153.0377576587,-78006112.57,-156.6297461215,2025-10-23
4830,688549,中巨芯,-336796477.67,-177.3650122145,86336114.17,25.6345062654,-413544048.79,-122.7875219037,-9856286.71,-2.9264815292,2025-10-23
4831,688295,中复神鹰,81398546.39,108.9947412278,33903088.41,41.6507295444,115005079.92,141.2864050041,-68672413.99,-84.3656515203,2025-10-23
4832,688278,特宝生物,87628507.87,209.9468670152,471118206.7,537.6312094677,-299370701.1,-341.6361962298,-83917940.47,-95.7655704859,2025-10-23
4833,688273,麦澜德,-134084938.28,67.9094426301,59327695.24,44.2463530961,-138216490.14,-103.0812945235,-55148679.13,-41.1296599286,2025-10-23
4834,688100,威胜信息,-480812675.32,12.0671267416,400538693.02,83.304520363,-377589621.52,-78.5315447994,-501663192.47,-104.3365156994,2025-10-23
4835,688076,ST诺泰,337375957.87,351.9355776838,384369220.18,113.9290489479,-934270893.1,-276.922783413,887492088.4,263.0573008234,2025-10-23
4836,688046,药康生物,-396923814.7,-472.5762709699,87174324.67,21.9624828346,-593459253.5,-149.5146502985,109306499.26,27.5384079291,2025-10-23
4837,605098,行动教育,-107973636.35,66.3246847217,155569704.93,144.0811944369,-41780672.2,-38.6952534085,-221781625.64,-205.4034976845,2025-10-23
4838,605086,龙高股份,32574465.93,112.4603412236,76421412.59,234.6052664508,-13457346.66,-41.3125626953,-30389600.0,-93.2927037555,2025-10-23
4839,605003,众望布艺,-26138606.57,92.1649576966,60303271.78,230.7057632109,-39193525.12,-149.9449674757,-48051203.79,-183.832308204,2025-10-23
4840,603499,翔港科技,26381403.35,-18.5493120068,220085937.66,834.246513501,-83132337.76,-315.1171931875,-110469342.85,-418.7394483319,2025-10-23
4841,603310,巍华新材,-85861103.37,-130.8355154499,17700998.68,20.6158527963,-149029223.56,-173.5701239685,49757691.92,57.9513772442,2025-10-23
4842,603298,杭叉集团,-443209475.15,2.6914781263,688725522.57,155.3950357981,-332193943.6,-74.951904737,-818793250.42,-184.7418199132,2025-10-23
4843,603239,浙江仙通,-5954639.71,87.14913023,97211239.19,1632.5293204011,-46095909.9,-774.1175309497,-57069969.0,-958.4117894515,2025-10-23
4844,603175,超颖电子,151076190.06,-11.593383425,325644362.49,215.549758278,-954225101.05,-631.6184573301,774529384.94,512.6746872769,2025-10-23
4845,603166,福达股份,6744890.84,-80.1430451936,332567523.74,4930.6583550283,-411368122.17,-6098.9589294821,85545489.27,1268.3005744538,2025-10-23
4846,603103,横店影视,-302795508.65,-316.0148529904,637324836.31,210.4802806196,-750919791.76,-247.9956836572,-189200553.2,-62.4845969623,2025-10-23
4847,600688,上海石化,1421284000.0,-78.498008551,2666922000.0,187.6417380341,125719000.0,8.8454524219,-1357565000.0,-95.5168003017,2025-10-23
4848,600110,诺德股份,-283227317.22,44.8556621349,589714935.59,208.2125909952,-637090953.2,-224.9397972813,-235479022.72,-83.1413526885,2025-10-23
4849,600050,中国联通,-733959816.0,-142.6093607767,58363344989.0,7951.8447354616,-43685895717.0,-5952.0827659317,-15405945007.0,-2099.0175035686,2025-10-23
4850,301636,泽润新能,268991618.98,636.963881794,-137808547.89,-51.231539634,-338187957.38,-125.7243473467,748486238.94,278.2563418809,2025-10-23
4851,301632,广东建科,580796813.77,747.0277171743,23107165.92,3.9785283549,-87817499.09,-15.1201757668,645513127.73,111.1426771679,2025-10-23
4852,301588,美新科技,-127075673.62,-162.523798538,-10126197.7,-7.968635862,-172149745.43,-135.4702599844,56298733.21,44.3033128263,2025-10-23
4853,301575,艾芬达,528633698.29,574.2097616243,39964506.21,7.5599619054,-92131407.63,-17.4282131328,580335992.45,109.7803629105,2025-10-23
4854,301550,斯菱智驱,192854980.98,225.5968831553,153020880.78,79.3450498413,82267149.24,42.6575185261,-44304452.78,-22.9729367398,2025-10-23
4855,301536,星宸科技,62850663.14,125.4066817246,331836644.69,527.9763619213,-247505983.54,-393.8001147079,-20158498.4,-32.0736447205,2025-10-23
4856,301520,万邦医药,-118348148.87,-47.5432093711,6359396.46,5.3734650865,-90419418.2,-76.4012103808,-34288127.13,-28.9722547056,2025-10-23
4857,301517,陕西华达,-61625400.74,90.3361803612,-40296870.09,-65.3900333403,-12498208.38,-20.2809364806,-8830322.27,-14.3290301791,2025-10-23
4858,301511,德福科技,1079498506.0,85.8657183686,-413299983.73,-38.2862951114,-1056628042.14,-97.8813806844,2549789524.36,236.2013018256,2025-10-23
4859,301501,恒鑫生活,-35044612.61,-163.5173353077,246500215.67,703.3897575448,-889606366.26,-2538.4967902489,600156066.19,1712.5487243045,2025-10-23
4860,301498,乖宝宠物,-32859023.14,80.7286693958,497981458.54,1515.5090168636,-401684899.62,-1222.4493038292,-122671358.52,-373.326248919,2025-10-23
4861,301458,钧崴电子,377492990.88,544.7854563339,117167244.07,31.038256842,-332590467.99,-88.1050710941,595297272.95,157.6975698442,2025-10-23
4862,301386,未来电器,-267732659.75,45.120331495,102440474.87,38.262225821,-300007292.77,-112.0547986376,-70000000.0,-26.1454841054,2025-10-23
4863,301373,凌玮科技,-56875858.08,46.6167209825,66975373.55,117.7571219335,-102040146.56,-179.4085399406,-20158304.53,-35.4426380726,2025-10-23
4864,301360,荣旗科技,-660761088.25,-34.1970724725,-47472484.9,-7.1845158173,-611793438.34,-92.5892049667,-17539.09,-0.0026543769,2025-10-23
4865,301357,北方长龙,127299124.61,653.0360842817,-11488528.41,-9.024829075,139259645.02,109.3956030308,-471992.0,-0.3707739558,2025-10-23
4866,301345,涛涛车业,347750066.69,203.4587248831,612050996.06,176.0031283058,-170088486.91,-48.9111299184,-94172342.26,-27.0804670597,2025-10-23
4867,301307,美利信,-177091476.86,-197.1024755414,72260567.89,40.804091293,-647951203.87,-365.8850303576,397086997.58,224.2270518157,2025-10-23
4868,301289,国缆检测,-11734448.28,20.8204066317,97647270.06,832.1419783019,-50259607.28,-428.3082261793,-58970861.32,-502.5448143183,2025-10-23
4869,301286,侨源股份,58779029.9,201.7369265992,152242578.65,259.0083213503,3981540.0,6.7737422798,-97445088.75,-165.7820636301,2025-10-23
4870,301278,快可电子,58521537.02,122.5938048005,-64207427.18,-109.7158934121,-143008874.93,-244.369649555,264407306.0,451.8119643878,2025-10-23
4871,301270,汉仪股份,22964618.41,123.3667063868,19815296.96,86.2862016961,14046124.4,61.1641968058,-10894341.24,-47.4396789248,2025-10-23
4872,301252,同星科技,88573433.87,129.9907782599,31838139.66,35.9454728906,32918411.15,37.1651066372,23816883.06,26.8894204722,2025-10-23
4873,301251,威尔高,69887723.97,-33.2271111249,-110249541.19,-157.7523704125,-73082134.03,-104.5707742055,254726446.4,364.4795279202,2025-10-23
4874,301246,宏源药业,-490515979.13,-203.2772808144,-185389921.1,-37.7948790636,-641811573.14,-130.8441723506,336104507.56,68.520603173,2025-10-23
4875,301229,纽泰格,-28253661.56,61.7117395363,88262686.12,312.3937969334,-141047321.51,-499.2178490228,24120131.95,85.3699330219,2025-10-23
4876,301227,森鹰窗业,-157045913.9,-89.8921509316,76903336.66,48.9686963196,-173463552.04,-110.4540371235,-60485152.92,-38.5143117818,2025-10-23
4877,301210,金杨精密,-13748279.59,71.993253303,33423933.86,243.1135738926,-248836165.72,-1809.9440303861,203113659.25,1477.3750993378,2025-10-23
4878,301183,东田微,-123834128.09,-278.2570523136,32648174.38,26.364439984,-140442534.85,-113.4118170945,-15583993.52,-12.5845707967,2025-10-23
4879,301180,万祥科技,-87410706.51,49.0502432263,-112887583.69,-129.1461746475,-116767497.51,-133.5848915678,143484815.89,164.1501614835,2025-10-23
4880,301179,泽宇智能,-51943145.62,75.7648636068,-62631960.75,-120.5779126436,-262576048.27,-505.5066364115,273301249.34,526.1545986055,2025-10-23
4881,301176,逸豪新材,267080506.41,74.4144240768,-126748710.64,-47.4571178345,-91326641.8,-34.1944243807,485241911.79,181.6837620658,2025-10-23
4882,301118,恒光股份,-1716160.33,-107.3004029751,99734400.48,5811.4850190017,-83897961.08,-4888.7018079482,-16885095.69,-983.8880082958,2025-10-23
4883,301113,雅艺科技,27760103.8,111.1157214368,-2999814.09,-10.8062063154,100992169.31,363.8032841577,-70102077.69,-252.5281540554,2025-10-23
4884,301093,华兰股份,153136759.02,217.6298431962,76392286.01,49.8850089938,81506737.58,53.224802524,-5302493.58,-3.4625870457,2025-10-23
4885,301069,凯盛新材,57165051.32,115.4435929477,67712718.94,118.4512519038,22417733.07,39.2158015297,-32610142.59,-57.0455931325,2025-10-23
4886,301049,超越科技,-12619050.79,74.6062645578,24645757.71,195.3059554173,-33565891.85,-265.9937931037,-3698916.65,-29.3121623136,2025-10-23
4887,301016,雷尔伟,-158186732.43,-2483.6032200057,-7316963.44,-4.625522841,-57785478.1,-36.5299144956,-93600000.0,-59.1705755357,2025-10-23
4888,300987,川网传媒,-524433.01,99.4684544591,67862682.47,12940.2004023355,13751766.14,2622.2159699673,-82138881.62,-15662.4163723027,2025-10-23
4889,300971,博亚精工,-20728576.19,-124.5779597142,31975497.42,154.2580499833,-21223372.53,-102.3870252132,-31480652.06,-151.870788285,2025-10-23
4890,300952,恒辉安防,93035965.58,-75.7952873521,117263819.43,126.0413848547,-308425195.63,-331.5117908512,281808029.99,302.9022467098,2025-10-23
4891,300950,德固特,-22827887.59,81.5707698533,60549551.91,265.2437798779,-79723331.7,-349.2365703383,-2663991.37,-11.6698987565,2025-10-23
4892,300931,通用电梯,-210968955.24,-97.2134125619,-10827841.26,-5.1324334652,-203201113.98,-96.3180169086,3060000.0,1.4504503739,2025-10-23
4893,300929,华骐环保,-2930933.82,35.1160106101,-14907468.08,-508.6252025984,-8218240.0,-280.396641641,20194774.26,689.0218442394,2025-10-23
4894,300927,江天化学,-427474418.77,-784.6376136073,107645665.17,25.1817794103,-570404632.12,-133.4359688145,34049676.51,7.965313248,2025-10-23
4895,300908,仲景食品,31886373.76,151.5248213537,193956847.63,608.2750239643,-34935209.96,-109.5615645195,-127135263.91,-398.7134594448,2025-10-23
4896,300886,华业香料,-4105018.28,67.9271309535,4670363.62,113.7720541405,-29231216.15,-712.0849203624,20594380.63,501.6879152606,2025-10-23
4897,300873,海晨股份,98976997.65,-49.6082830488,247570603.59,250.1294335735,-279494928.25,-282.3837203451,128965206.42,130.2981596553,2025-10-23
4898,300856,科思股份,-178826067.73,-438.5904104916,164749079.35,92.1281116569,-276544647.63,-154.6444828433,-76020729.8,-42.5109888983,2025-10-23
4899,300847,中船汉光,-7052483.63,-109.5843015595,64348058.66,912.4169872054,-28155011.58,-399.2212255585,-42956659.69,-609.0997433481,2025-10-23
4900,300821,东岳硅材,238766458.67,30.1566293859,264166663.43,110.6380958622,-10248300.0,-4.2921857857,-18004297.75,-7.5405472989,2025-10-23
4901,300800,力合科技,43508186.34,117.9086544125,-134651173.91,-309.4846860721,217948590.87,500.936971187,-39745081.48,-91.3508119355,2025-10-23
4902,300792,壹网壹创,219869077.83,54.9944699603,224293171.89,102.012149277,-6748181.53,-3.0691817133,4284822.68,1.9488064089,2025-10-23
4903,300773,拉卡拉,180616573.85,170.600428761,289984071.71,160.552304547,1378192.03,0.7630484848,-110347509.66,-61.0948969454,2025-10-23
4904,300716,ST泉为,-9978157.15,-12.8752951411,-45853751.58,-459.5412849356,36464004.88,365.4382701319,-589007.09,-5.9029646572,2025-10-23
4905,300686,智动力,-59494080.93,-144.4641991464,-24917941.15,-41.8830592228,50171928.64,84.3309584008,-86998219.84,-146.2300425186,2025-10-23
4906,300683,海特生物,-249585850.66,-1546.2117178046,-76040333.68,-30.4666043684,-151918057.34,-60.8680567982,-21629159.58,-8.6660199378,2025-10-23
4907,300658,延江股份,32099901.71,140.3353772818,184515435.71,574.8162015478,-77401706.27,-241.127549141,-73766838.28,-229.8039381754,2025-10-23
4908,300642,透景生命,92914026.21,183.4154218741,103104566.22,110.9677089947,-222966441.49,-239.9707025784,213108193.15,229.3606270687,2025-10-23
4909,300627,华测导航,-232429273.05,38.1649118224,51511341.09,22.1621572937,-286907523.29,-123.4386355579,-21518690.89,-9.2581672728,2025-10-23
4910,300620,光库科技,52127676.47,-36.5345472573,64800688.09,124.3114837994,-307277176.53,-589.4703108565,293688767.17,563.4027584925,2025-10-23
4911,300618,寒锐钴业,-844485241.54,-1166.9499448272,-225327161.86,-26.6821906146,-1305230774.52,-154.5593351211,688644240.49,81.5460361669,2025-10-23
4912,300584,海辰药业,30385437.32,452.3319241821,58486668.79,192.4825638481,-6132352.46,-20.1818798769,-21988756.49,-72.366101756,2025-10-23
4913,300579,数字认证,65723159.91,129.6739929605,-70733394.14,-107.623240022,169443072.58,257.8133382692,-32986518.53,-50.1900982472,2025-10-23
4914,300578,会畅科技,-57309390.33,66.7109983571,-14465868.32,-25.2417068768,-57511408.15,-100.3525038721,15377499.62,26.8324257708,2025-10-23
4915,300557,理工光科,-92570228.4,-46.7212420453,-40686198.24,-43.9517098999,-31915133.97,-34.4766719513,-19968896.19,-21.5716181489,2025-10-23
4916,300547,川环科技,-44177201.57,-176.8358749907,32260996.8,73.0263476488,-16513600.85,-37.3803687493,-59924597.52,-135.6459788994,2025-10-23
4917,300546,雄帝科技,-25325371.21,-175.5059667429,14492626.95,57.2257236817,-49808276.64,-196.6734316626,11853597.24,46.8052260388,2025-10-23
4918,300475,香农芯创,-254307320.08,-170.2158159872,-46852479.89,-18.423567153,-87588938.09,-34.4421615793,-117861098.91,-46.3459325012,2025-10-23
4919,300466,赛摩智能,19231817.88,178.5019753634,30578470.47,158.9993762462,2065185.63,10.7383797147,-13444309.74,-69.906598658,2025-10-23
4920,300455,航天智装,501238.54,-98.0706674545,-19280120.87,-3846.4960954519,-4615092.15,-920.7376890851,24396451.56,4867.233784537,2025-10-23
4921,300407,凯发电气,68845454.03,138.3529809912,143145874.1,207.9234949015,-108771641.42,-157.9939343164,-21355756.7,-31.019850186,2025-10-23
4922,300383,光环新网,537129625.24,159.8791432139,1031398443.05,192.020397793,-2105222416.49,-391.9393601776,1610966393.36,299.9213444316,2025-10-23
4923,300345,华民股份,-149868964.36,-194.8949595677,-96229136.43,-64.2088486038,-38277727.83,-25.5407969178,-15393660.84,-10.2714133682,2025-10-23
4924,300334,津膜科技,46542260.68,255.1923388864,5291492.62,11.3692213113,-40147994.63,-86.2613763135,81302075.51,174.6844143841,2025-10-23
4925,300326,ST凯利,-57033887.11,85.4457555121,114953777.13,201.5534675171,-172258079.99,-302.0275992372,1356092.81,2.3776966269,2025-10-23
4926,300324,旋极信息,-382932330.76,-3.1178136328,-371095148.78,-96.9088058048,-33219089.87,-8.6749243147,21335249.95,5.571545737,2025-10-23
4927,300321,同大股份,-18025907.44,58.2856814761,-12633661.71,-70.0861343711,-2030874.81,-11.266422047,-3818398.8,-21.1828381606,2025-10-23
4928,300319,麦捷科技,6205043.94,104.4739714958,314636957.05,5070.6644480265,-56429759.94,-909.417571989,-252007582.4,-4061.334373081,2025-10-23
4929,300314,戴维医疗,58986090.22,119.1329420798,14804238.4,25.0978465343,72600504.89,123.0807205889,-26777237.04,-45.3958500049,2025-10-23
4930,300293,蓝英装备,-30872047.37,-566.687464249,-5167673.7,-16.7390054766,-8040401.04,-26.0442754043,-21604122.43,-69.979558437,2025-10-23
4931,300286,安科瑞,-571359.13,-101.7838580662,137840493.71,24125.0181317659,-769517410.47,-134681.913715109,631426896.92,110513.136793666,2025-10-23
4932,300258,精锻科技,-677464271.51,-607.6309304144,332547312.57,49.0870628246,-1127106095.92,-166.3712971029,114577483.72,16.9126976194,2025-10-23
4933,300214,日科化学,-132122487.36,-200.5036911465,64918496.74,49.1350852055,-8543478.24,-6.4663316675,-190001848.96,-143.8073508579,2025-10-23
4934,300210,森远股份,15667320.99,114.611139452,36791421.87,234.8290552896,-454364.78,-2.9000796007,-20669736.1,-131.9289756889,2025-10-23
4935,300190,维尔利,-34613869.01,-174.5382182704,263805680.19,762.1386679247,65163872.28,188.2594293668,-369650901.67,-1067.9271408903,2025-10-23
4936,300179,四方达,37826102.28,-76.9256048214,-71357149.04,-188.6452601217,-25570801.38,-67.6009417801,133620148.07,353.2485242093,2025-10-23
4937,300175,ST朗源,15561081.68,-78.1179289979,-41126853.07,-264.2930222702,18803906.89,120.8393303029,38862076.26,249.738913137,2025-10-23
4938,300158,振东制药,-274711430.65,34.6310063263,-602736850.57,-219.4072700739,391432853.28,142.4887389483,-63407433.36,-23.0814688744,2025-10-23
4939,300121,阳谷华泰,-32277528.29,-148.2828419287,199185795.52,617.1036199873,-190624202.35,-590.5786856953,-42959411.49,-133.0938698404,2025-10-23
4940,300102,乾照光电,-73383389.87,43.8367951018,248683438.05,338.8824616722,-56690280.56,-77.2521965263,-265773156.71,-362.1707271643,2025-10-23
4941,300092,科新机电,-84891739.88,-201.368236545,14820165.47,17.4577237914,-34515650.75,-40.6584324915,-65193736.87,-76.7963254872,2025-10-23
4942,300080,易成新能,-77570014.44,-665.2830721919,-356518896.53,-459.6091661241,83510656.09,107.6584253502,195030600.38,251.4252469694,2025-10-23
4943,300075,数字政通,-818281953.65,8.9288969607,-83471746.75,-10.2008539205,-686239441.36,-83.8634456374,-48570765.54,-5.935700442,2025-10-23
4944,300069,金利华电,-38304931.19,-104.2721354914,-5540650.89,-14.4645890695,-95972673.14,-250.5491333843,63188264.59,164.9611750419,2025-10-23
4945,300062,中能电气,-166870448.53,52.6018031742,-155595295.68,-93.2431698067,-46328796.2,-27.7633317392,35116664.22,21.0442678913,2025-10-23
4946,300056,中创环保,-25913456.15,-956.5470583589,-42178720.93,-162.7676396612,-1193152.73,-4.6043751289,17457323.34,67.3677923892,2025-10-23
4947,300046,台基股份,-324704210.9,-1000.5922352255,6652958.84,2.0489290304,-305908298.48,-94.2113739862,-25448871.26,-7.8375550442,2025-10-23
4948,300045,华力创通,-61786044.82,8.1216556875,28080717.89,45.4483176125,-82272706.57,-133.1574254505,-7375189.34,-11.9366587738,2025-10-23
4949,300033,同花顺,447697173.4,161.1439505495,2195884161.73,490.4842586013,-68676297.84,-15.3398998074,-1666560000.0,-372.2516243164,2025-10-23
4950,300018,中元股份,102569722.12,247.0762120235,132184199.13,128.8725331393,-8682117.12,-8.4646004109,-20932359.89,-20.4079327284,2025-10-23
4951,003027,同兴科技,113851134.9,178.4168703568,228839464.19,200.9988432623,-90119839.74,-79.155855424,-24868489.55,-21.8429878383,2025-10-23
4952,002987,京北方,-418480876.69,15.8413557113,-513599638.31,-122.7295360238,110144726.87,26.3201338473,-15025965.25,-3.5905978235,2025-10-23
4953,002970,锐明技术,359850150.12,62.3711207133,274670712.5,76.3291921397,-48411953.65,-13.4533648614,140497898.44,39.0434458324,2025-10-23
4954,002942,新农股份,118021589.12,1396.8813884216,139911461.42,118.54734584,21463368.26,18.1859678556,-42415177.09,-35.9384900731,2025-10-23
4955,002827,高争民爆,334116673.07,466.2257118787,200933623.15,60.1387597044,-59617197.04,-17.8432271853,192800246.96,57.7044674809,2025-10-23
4956,002771,真视通,-112051277.23,-69.6809689578,-88008287.39,-78.5428685559,-3124120.12,-2.7881164742,-20918869.72,-18.6690149699,2025-10-23
4957,002652,扬子新材,-4200690.49,-121.6057700707,5164244.7,122.9379958436,937072.56,22.3075840086,-10302007.74,-245.2455796142,2025-10-23
4958,002625,光启技术,-221843991.03,41.6347753285,244722532.63,110.3128966864,-426465289.19,-192.236574545,-40101234.47,-18.0763221414,2025-10-23
4959,002611,东方精工,520985914.01,356.6221936451,506265662.57,97.174539456,94005242.97,18.0437206539,-123923091.03,-23.7862651748,2025-10-23
4960,002484,江海股份,272499076.28,395.8610033615,640632002.84,235.0951098938,-202163018.31,-74.1885150841,-170774044.92,-62.6695867198,2025-10-23
4961,002429,兆驰股份,-611504778.47,-251.9709351653,1537272578.86,251.3917524416,-482518064.5,-78.9066711314,-1656664245.74,-270.9159934751,2025-10-23
4962,002407,多氟多,-273659259.87,62.4338667041,312142096.79,114.0623185703,-1178683327.27,-430.7120204264,592262149.23,216.4232080111,2025-10-23
4963,002402,和而泰,68644244.9,129.8707415589,441224621.04,642.7700117945,-521851824.46,-760.2266223778,151854454.47,221.219498723,2025-10-23
4964,002385,大北农,482042019.99,166.4048615382,478919961.85,99.3523265586,-733309835.78,-152.1257080026,736624414.31,152.8133199519,2025-10-23
4965,002373,千方科技,-491881821.31,39.345891432,1702375.93,0.3460945,-307943148.87,-62.6051086925,-178524216.03,-36.294127633,2025-10-23
4966,002208,合肥城建,-1504285661.21,-375.4045679473,-3356603290.87,-223.1360291083,81286247.76,5.4036443912,1771031381.9,117.7323847171,2025-10-23
4967,002112,三变科技,-37155671.16,-199.9353905634,-100285308.15,-269.9057910114,-35214373.36,-94.7752315074,98247257.12,264.4206228894,2025-10-23
4968,002008,大族激光,-667990195.3,80.9253577,-862368917.33,-129.0990381891,757876318.67,113.4562039986,-553652713.93,-82.8833593405,2025-10-23
4969,001296,长江材料,-17472151.28,92.353612745,185339986.46,1060.7737049081,-173620201.2,-993.6967601622,-29157870.6,-166.8819719606,2025-10-23
4970,001270,*ST铖昌,-225080668.89,28.4163743093,-106135001.35,-47.1542055892,-111165012.79,-49.3889650045,-7780654.75,-3.4568294063,2025-10-23
4971,000852,石化机械,-64417185.34,90.9011596174,183224769.77,284.4346098063,-126718225.1,-196.7149362878,-121822362.8,-189.114693784,2025-10-23
4972,000848,承德露露,115216104.76,134.0715326314,237166894.5,205.8452635541,-117592683.6,-102.0627141014,-4358106.14,-3.7825494527,2025-10-23
4973,000837,秦川机床,-297711838.53,53.8771713903,162279061.77,54.5087701488,-300925362.19,-101.0794074149,-159615446.6,-53.6140743976,2025-10-23
4974,000554,泰山石油,62469572.81,-80.2410989259,160626520.33,257.1276112589,-28190491.17,-45.1267551577,-69966456.35,-112.0008561013,2025-10-23
4975,000530,冰山冷热,-327435034.93,-374.6867610049,-15219276.0,-4.6480291894,-159532827.62,-48.7219785916,-156254367.78,-47.7207235363,2025-10-23
4976,000521,长虹美菱,-1303599690.57,-459.8536979224,1344895114.32,103.167799444,-2698805261.4,-207.0271480519,44627301.76,3.423390024,2025-10-23
4977,000506,招金黄金,145872011.41,12139.0273532636,73643153.17,50.484772547,431482062.79,295.7949634198,-356230756.59,-244.2077497573,2025-10-23
4978,000404,长虹华意,1322287298.06,890.6067941308,473992001.21,35.8463702938,-74800970.58,-5.6569378447,894630219.27,67.6577791061,2025-10-23
4979,688334,西高院,-199410152.23,40.7240759593,352602591.76,176.8227885175,-465530355.89,-233.4536886332,-86482388.1,-43.3690998843,2025-10-22
4980,688182,灿勤科技,136059882.86,153.9105359052,24818389.86,18.2407843799,112754287.39,82.8710748678,-1437275.11,-1.0563548048,2025-10-22
4981,605218,伟时电子,-107457388.78,-69.2397881553,-45442564.73,-42.2889158632,-258373665.77,-240.4429036508,198753095.04,184.959915085,2025-10-22
4982,603848,好太太,-90530264.52,55.228335674,138211853.5,152.6692252948,-190311339.55,-210.2184728599,-38430778.47,-42.4507524348,2025-10-22
4983,603223,恒通股份,-886705525.86,-1481.5673116485,-339018168.9,-38.2334562053,-432791264.22,-48.80890573,-114847069.89,-12.9521094141,2025-10-22
4984,603138,海量数据,-421377854.13,-126.4842649085,8216677.24,1.9499546926,-420991508.74,-99.9083137886,-8594293.14,-2.0395692502,2025-10-22
4985,601798,蓝科高新,-25139585.5,49.8023028442,24802491.7,98.6591115434,-3600193.8,-14.3208160691,-46005190.75,-182.9990027083,2025-10-22
4986,601728,中国电信,-37612330419.26,-387.9585827894,87311582156.6,232.1355289166,-83391560614.79,-221.7133575219,-41488540593.19,-110.3056899977,2025-10-22
4987,601179,中国西电,-1733126155.46,-18.7718165952,555169265.29,32.0328248201,-1453635682.97,-83.8736221475,-871438532.91,-50.2813098841,2025-10-22
4988,600976,健民集团,-4562967.62,94.8039304262,139050345.38,3047.3664719979,28033320.27,614.365969794,-171646633.27,-3761.7324417919,2025-10-22
4989,600968,海油发展,-229532136.48,91.477903999,331062495.45,144.2336138752,1126783040.15,490.9042617865,-1685832143.25,-734.4645369067,2025-10-22
4990,600623,华谊集团,-1651497654.28,-78.0004145763,2116239702.94,128.1406423712,-3249517955.78,-196.7618874516,-528806557.01,-32.0198188377,2025-10-22
4991,600511,国药股份,-3134388051.58,-18.625246767,-2050432782.11,-65.4173238402,-7874515.47,-0.2512297565,-1076080754.0,-34.3314464033,2025-10-22
4992,600386,北巴传媒,-31478816.17,58.6497951588,372889041.13,1184.5713609947,-80098150.76,-254.4509626011,-324269706.54,-1030.1203983936,2025-10-22
4993,600312,平高电气,-242477488.9,-189.8650155846,130491890.33,53.8160845042,-104129211.23,-42.9438673678,-269583246.25,-111.1786696047,2025-10-22
4994,600228,*ST返利,-104966362.64,-843.5533245248,-100375938.09,-95.6267661044,467422.76,0.4453071901,-4976880.0,-4.7414046508,2025-10-22
4995,600176,中国巨石,178294488.87,122.0557398799,2134790213.47,1197.3394281562,-522437706.42,-293.0195485745,-1445274119.04,-810.6106521856,2025-10-22
4996,600048,保利发展,-12292806488.01,39.5497477025,6977471172.67,56.760603687,-4034746520.63,-32.8220128135,-15228137289.77,-123.8784430929,2025-10-22
4997,301567,贝隆精密,-2903816.64,-146.2185678414,33326661.55,1147.6847777138,-50498583.45,-1739.0417409413,13988975.14,481.7444375551,2025-10-22
4998,301535,浙江华远,-305222169.6,-1884.7044353119,97584673.56,31.971685965,-549719016.89,-180.1045506001,150596839.56,49.3400724323,2025-10-22
4999,301488,豪恩汽电,-408491063.43,39.530854176,-48727482.12,-11.9286531536,-302519335.2,-74.057760936,-57173857.91,-13.9963546399,2025-10-22
5000,301479,弘景光电,127034954.32,399.1192272661,58742596.78,46.2412861834,-464156205.78,-365.3767644225,533033668.41,419.596064141,2025-10-22
5001,301363,美好医疗,-6762173.88,86.3587782297,221973418.65,3282.5748433727,-240232049.5,-3552.5861026809,10153194.94,150.1469071955,2025-10-22
5002,301277,新天地,163071545.71,209.2472618173,104035043.17,63.7971773169,173535100.16,106.4165421407,-114498597.62,-70.2137194576,2025-10-22
5003,301256,华融化学,-187268738.79,7.7245458108,-47769242.19,-25.508391042,123149360.25,65.7607676784,-262547892.05,-140.1984622454,2025-10-22
5004,301232,飞沃科技,21331986.27,145.8449376499,-132035642.57,-618.956157663,-82628505.36,-387.3455772668,236355446.12,1107.9861159127,2025-10-22
5005,301165,锐捷网络,-367488076.38,67.6062089279,277124473.87,75.4104668102,-295287281.94,-80.3528878675,-348442081.48,-94.8172481982,2025-10-22
5006,301138,华研精机,314861583.97,436.5762102442,52923226.19,16.8084100711,259823011.33,82.5197561589,1954276.35,0.6206779263,2025-10-22
5007,301051,信濠光电,315386413.43,378.2587050736,-140762239.38,-44.631675109,570207790.66,180.7965614177,-113832715.0,-36.093094107,2025-10-22
5008,301036,双乐股份,-39763162.35,-940.5187500402,1811070.28,4.5546434764,-19453135.92,-48.9225070903,-22360000.0,-56.2329520051,2025-10-22
5009,301020,密封科技,118263646.59,369.4800260981,35787576.34,30.2608429318,125630691.05,106.2293398457,-43154620.8,-36.4901827775,2025-10-22
5010,300972,万辰集团,1924847348.2,82.112017062,2381772431.91,123.7382504196,-43328372.97,-2.2510030736,-413596713.34,-21.487247481,2025-10-22
5011,300876,蒙泰高新,-36524280.67,30.7547950928,13652969.13,37.3805284582,-216670458.26,-593.2230677385,166421213.15,455.6454229821,2025-10-22
5012,300859,西域旅游,69832921.08,89.2809084774,169551009.54,242.7952417253,-50918964.27,-72.9154150829,-48799124.19,-69.8798266424,2025-10-22
5013,300858,科拓生物,-7849888.81,87.2284124811,72598301.79,924.8322307128,-40081381.74,-510.5980824714,-40366756.04,-514.2334753656,2025-10-22
5014,300850,新强联,86712524.97,1140.2645539468,79373327.68,91.536173935,-163555428.64,-188.6179980304,170889717.61,197.0761636443,2025-10-22
5015,300828,锐新科技,106840901.66,329.6717256373,48619225.82,45.5061919776,39819769.7,37.2701550449,18843845.47,17.6372954339,2025-10-22
5016,300811,铂科新材,224671928.43,177.5082082492,313818873.7,139.678719942,-415647881.0,-185.0021424147,327208472.41,145.6383424029,2025-10-22
5017,300758,七彩化学,-11964642.6,66.0069751486,32059063.11,267.9483556826,-154409387.29,-1290.5474275512,109311804.18,913.6236478973,2025-10-22
5018,300717,华信新材,10680199.68,138.2710143902,27220372.48,254.8676363324,-44058987.09,-412.52961939,29550440.41,276.684343883,2025-10-22
5019,300688,创业黑马,-137962603.41,-27.0524477899,-56312468.83,-40.8171978769,-78214701.41,-56.6926830002,-3368778.14,-2.441805284,2025-10-22
5020,300681,英搏尔,-18612186.2,-109.4221385826,614222323.26,3300.108416388,-595536280.17,-3199.7115963196,-37298229.29,-200.3968200683,2025-10-22
5021,300679,电连技术,249576163.24,240.691870413,508610374.86,203.7896441139,-88012977.35,-35.2649773149,-171910043.69,-68.8807943268,2025-10-22
5022,300600,国瑞科技,-23343006.96,71.2151613918,-23460543.03,-100.5035172641,-234928704.19,-1006.4200580181,234970071.8,1006.5972743042,2025-10-22
5023,300580,贝斯特,-2507448.15,-140.6403240337,159690879.16,6368.6612686288,-76152344.75,-3037.0456414024,-85092457.05,-3393.5879013091,2025-10-22
5024,300498,温氏股份,-4328430826.26,-700.7466903993,8198647196.99,189.4138436324,-3062038863.89,-70.742469657,-9463240146.9,-218.6298112814,2025-10-22
5025,300389,艾比森,885615101.31,485.443635006,579317043.59,65.414088212,409958020.49,46.2907667093,-102943176.21,-11.6239183431,2025-10-22
5026,300354,东华测试,11799630.64,126.3558678417,29139851.57,246.9556247906,-12385303.14,-104.9634816366,-4961152.45,-42.0449809097,2025-10-22
5027,300342,天银机电,-130402149.68,-78.9112113386,-38270857.98,-29.3483336539,-62689995.85,-48.0743576727,-28616985.61,-21.9451793396,2025-10-22
5028,300200,高盟新材,88535339.34,309.5228959199,-29203716.51,-32.9853781865,157611936.92,178.0214975115,-39179896.0,-44.2533978997,2025-10-22
5029,300135,宝利国际,-51659036.63,-158.3044549449,-184969546.06,-358.0584504214,138128474.4,267.3849212275,-3473765.38,-6.7244099128,2025-10-22
5030,300029,*ST天龙,-14229890.15,20.6354032543,-14193890.15,-99.7470113991,-36000.0,-0.2529886009,,,2025-10-22
5031,300019,硅宝科技,-44882375.4,80.0557088549,292319847.93,651.3020875673,-244553384.42,-544.8762063962,-93975746.5,-209.3822924087,2025-10-22
5032,300006,莱美药业,-25670732.85,-108.0751683749,-3447886.41,-13.4311958686,-43245008.04,-168.4603563626,21520303.63,83.8320579149,2025-10-22
5033,003008,开普检测,-57657991.31,-119.6953846103,76960230.86,133.4771279947,-35669472.17,-61.863882802,-98948750.0,-171.6132451927,2025-10-22
5034,003006,百亚股份,-61958719.0,-129.5749611093,154835836.0,249.9016094894,17019010.0,27.4683051469,-233711133.0,-377.2045916572,2025-10-22
5035,002967,广电计量,-366150184.59,26.0656602885,258291975.25,70.5426314449,-171515475.99,-46.8429303626,-452612197.9,-123.6138112034,2025-10-22
5036,002588,史丹利,442455975.5,164.4160344041,990729911.58,223.9160428245,-770952133.08,-174.2438063377,224006175.0,50.6279013967,2025-10-22
5037,002546,新联电子,-94856563.85,24.3233224885,63975796.08,67.4447750196,-63173444.88,-66.5989176879,-95658915.05,-100.8458573318,2025-10-22
5038,002536,飞龙股份,103170397.84,-68.3155980308,399890133.83,387.6016204281,-289567938.02,-280.6695952351,-8955410.33,-8.6802130432,2025-10-22
5039,002420,毅昌科技,13176411.54,110.3364919042,-117701304.92,-893.2728350408,-68828384.79,-522.3606182993,199695063.72,1515.5496859959,2025-10-22
5040,002396,星网锐捷,-707366534.74,64.5027493367,125129443.47,17.6894774243,-390174292.18,-55.1587151806,-445741147.22,-63.0141695046,2025-10-22
5041,002384,东山精密,-215195302.47,70.8525860921,2945841401.14,1368.9152910532,-6860307778.3,-3187.9449502651,3692314263.72,1715.7968697921,2025-10-22
5042,002343,慈文传媒,-56216945.58,-26.8947934763,-108514506.7,-193.028108483,-34417988.89,-61.2235128303,86785887.63,154.3767394949,2025-10-22
5043,002334,英威腾,-37896523.88,-526.1506923944,275187894.13,726.1560321506,-578751430.64,-1527.1887006645,262498825.61,692.6725692341,2025-10-22
5044,002302,西部建设,-1458688074.83,25.1026927647,-1040433875.8,-71.3266868875,-60429187.61,-4.1427080027,-357317046.61,-24.4957817079,2025-10-22
5045,002299,圣农发展,605238374.37,74.3841136035,3086375928.39,509.9438599878,-2159238946.15,-356.7584339637,-321115261.88,-53.0559983435,2025-10-22
5046,002204,大连重工,666931358.26,342.8536875206,-90971572.41,-13.6403201444,941734884.31,141.2041693117,-194863002.87,-29.2178498517,2025-10-22
5047,002186,全聚德,-1381632.86,-103.1824092999,96863872.35,7010.825752219,-50971201.99,-3689.2001823118,-47274303.22,-3421.6255699072,2025-10-22
5048,002148,北纬科技,14281902.57,130.0692578158,-17765959.84,-124.3949099423,46804914.83,327.7218465859,-14742111.13,-103.2223196997,2025-10-22
5049,002137,实益达,-47020776.29,-2905.6200453112,10754581.48,22.8719777268,-52027722.77,-110.6483705184,-5904066.49,-12.5562931024,2025-10-22
5050,002136,安纳达,-153271557.44,24.4972863436,-118046345.62,-77.0177765475,-6130888.39,-4.0000170236,-30894094.37,-20.1564431692,2025-10-22
5051,002080,中材科技,169903249.49,109.8642332202,3621489670.46,2131.5011227452,-2480289405.55,-1459.8245842826,-979395787.89,-576.443235094,2025-10-22
5052,001367,海森药业,-531593118.58,-149.4541456665,107204217.22,20.1665923566,-625896088.86,-117.7396898086,-14144018.2,-2.6606849686,2025-10-22
5053,001339,智微智能,-610409878.9,-642.3248451036,57677919.37,9.4490474948,-694552044.67,-113.7845353882,29877999.99,4.8947438472,2025-10-22
5054,000795,英洛华,-238621302.19,-259.0602153273,202908281.05,85.0335989234,-128917085.88,-54.0258077116,-321343004.56,-134.6665203864,2025-10-22
5055,000739,普洛药业,-30731520.38,-111.2540083895,774024106.67,2518.6651916308,-238325527.35,-775.5084174264,-569785623.07,-1854.0756071438,2025-10-22
5056,000550,江铃汽车,-1881397297.0,-162.4394382882,201904797.0,10.731640644,-655869708.0,-34.8607765646,-1427432386.0,-75.8708640794,2025-10-22
5057,688668,鼎通科技,26694679.42,122.3108567508,135287907.3,506.7972728627,-109095397.58,-408.6784331198,320588.93,1.2009469189,2025-10-21
5058,688499,利元亨,-227679501.38,-164.1149813987,571389636.64,250.9622663335,-42552843.62,-18.6898000751,-739486212.16,-324.7926175514,2025-10-21
5059,688458,美芯晟,-270811040.78,57.306302199,-82491902.27,-30.4610558094,-127742724.94,-47.1704272367,-59081441.85,-21.8164819572,2025-10-21
5060,688152,麒麟信安,48921421.22,262.5086091719,-10439943.11,-21.340228574,65282776.3,133.44415324,-5921411.97,-12.103924666,2025-10-21
5061,688148,芳源股份,-96097383.95,-470.8467343246,-59829724.62,-62.2594727981,43890889.57,45.673344857,-80416925.29,-83.6827413864,2025-10-21
5062,605020,永和股份,218117552.67,246.1994163995,501709665.23,230.0180150971,-492150348.38,-225.6353706318,205134626.24,94.0477388128,2025-10-21
5063,603950,长源东谷,69083828.81,-68.4166632668,280649866.37,406.2453850696,-481779263.16,-697.3835577137,270213224.85,391.1381715584,2025-10-21
5064,603897,长城科技,357523480.37,27.0896414658,982130241.45,274.7037034976,-89219980.11,-24.9549987647,-534011267.46,-149.3639709782,2025-10-21
5065,603530,神马电力,-151221658.93,17.5400869417,28347152.85,18.7454317395,-156703222.07,-103.6248531981,-22519294.64,-14.8915802137,2025-10-21
5066,603429,集友股份,6349031.92,103.316944124,-34798895.53,-548.0976622653,41420404.51,652.3892938626,-272477.06,-4.2916315973,2025-10-21
5067,603309,维力医疗,-1446977.61,96.8928381243,160116878.76,11065.6085936257,-60137219.34,-4156.057351848,-99903625.39,-6904.2965626814,2025-10-21
5068,603227,雪峰科技,-663309397.22,-600.0075682419,99022821.96,14.9286023046,-578106747.79,-87.1549159733,-184985468.34,-27.8882628703,2025-10-21
5069,603206,嘉环科技,-20458058.24,95.8671265859,-659975227.96,-3225.991539459,-49768338.03,-243.2700965368,689285628.91,3369.2622282319,2025-10-21
5070,603193,润本股份,2803433.64,101.8154782947,220109889.62,7851.4392664561,-42162777.55,-1503.9691665396,-175120824.8,-6246.6548985265,2025-10-21
5071,603071,物产环能,217924646.95,-53.1985900868,1781334020.65,817.4082397659,-429547408.53,-197.1082273354,-1122249572.21,-514.9713847959,2025-10-21
5072,603049,中策橡胶,1393652606.12,340.5659252698,830093103.82,59.5624117642,-2657898685.87,-190.7145779514,2813505934.54,201.8800038248,2025-10-21
5073,600941,中国移动,-69690000000.0,-243.6390532544,161047000000.0,231.090543837,-141841000000.0,-203.5313531353,-88661000000.0,-127.2219830679,2025-10-21
5074,600829,人民同泰,-420893269.89,16.2463719636,-313939721.76,-74.5889146296,-8776393.73,-2.0851827192,-98177154.4,-23.3259026512,2025-10-21
5075,600674,川投能源,979827380.7,151.4985886781,577484534.41,58.9373746626,1232222750.52,125.7591668483,-829879904.23,-84.6965415109,2025-10-21
5076,600509,天富能源,-576737649.05,-97.1553850203,639507309.03,110.8835724672,-1063178001.78,-184.3434364882,-153066956.3,-26.540135979,2025-10-21
5077,600495,晋西车轴,-341113655.97,-293.4401717352,-105413186.17,-30.9026579045,-218867702.2,-64.1626913404,-16914672.4,-4.9586617551,2025-10-21
5078,600449,宁夏建材,948944877.68,1722.8879225974,658166400.45,69.3577062199,528330648.3,55.6755888278,-237552171.07,-25.0332950477,2025-10-21
5079,600381,*ST春天,-82436177.65,-188.6742930808,-68916595.11,-83.5999400683,-5111075.6,-6.2000395284,-8249579.48,-10.0072319159,2025-10-21
5080,600105,永鼎股份,65441672.07,111.0415513675,30114411.3,46.0171788823,-271054401.31,-414.1923528789,317629334.8,485.3624987764,2025-10-21
5081,301200,大族数控,-461688723.04,38.3074142421,-695697598.32,-150.6854214977,-103274192.69,-22.3687925514,337940945.55,73.1967078002,2025-10-21
5082,301076,新瀚新材,-42638640.54,74.6345129847,63910982.22,149.8898215576,-76096600.68,-178.468637171,-30940520.0,-72.5645086432,2025-10-21
5083,301070,开勒股份,7082842.54,64.9480790683,12202723.89,172.285686447,23320480.02,329.2531196098,-27163961.69,-383.5177972204,2025-10-21
5084,301026,浩通科技,83284377.73,401.9020483725,353239888.26,424.1370325239,-1083057150.93,-1300.4325426326,813111704.55,976.3075941877,2025-10-21
5085,300980,祥源新材,-23187287.0,62.9576486661,28450905.74,122.7004510705,-21977629.38,-94.7830998081,-27865167.93,-120.1743348845,2025-10-21
5086,300946,恒而达,26874281.07,154.0897624058,-18210956.98,-67.7635131246,-141070718.41,-524.9283433575,184984796.57,688.333935662,2025-10-21
5087,300802,矩子科技,-330780315.28,-402.7891270368,37731024.33,11.4066716147,-308420613.9,-93.2403168063,-56905861.27,-17.2035210807,2025-10-21
5088,300801,泰和科技,-104594055.58,44.9857553914,169602582.73,162.153175713,-254213515.21,-243.0477657648,-22838532.56,-21.8354020535,2025-10-21
5089,300750,宁德时代,27024225000.0,941.4612046458,80660430000.0,298.4745353475,-57291490000.0,-212.000492151,4276539000.0,15.8248349398,2025-10-21
5090,300748,金力永磁,844479411.14,257.9414323628,-199007204.06,-23.5656667806,-647774494.56,-76.7069612373,1693582683.03,200.5475397847,2025-10-21
5091,300690,双一科技,59631661.3,3369.7068536969,132945398.17,222.9443139294,-31274404.3,-52.4459718515,-45519610.45,-76.3346340814,2025-10-21
5092,300680,隆盛科技,-43811645.27,79.1798051198,147634197.27,336.9747845811,-168591714.74,-384.8102797807,-22827514.85,-52.1037607908,2025-10-21
5093,300596,利安隆,650198706.27,443.0143687713,282249771.24,43.4097712773,-283922050.35,-43.6669663615,657622666.49,101.1417986761,2025-10-21
5094,300505,川金诺,299098906.74,310.4482649706,203206812.08,67.9396706243,202042304.4,67.5503319628,-111390125.69,-37.2419033236,2025-10-21
5095,300452,山河药辅,40891424.74,218.5208836858,103081364.45,252.0855291921,11825732.8,28.9198355772,-74477944.45,-182.1358510337,2025-10-21
5096,300240,飞力达,104006932.99,142.1102627017,280225929.98,269.4300484824,-66119119.66,-63.5718386834,-103171739.04,-99.1969824261,2025-10-21
5097,300221,银禧科技,-30220292.33,-302.7784830167,80414664.48,266.0949258925,-111835569.81,-370.0677961311,1230201.49,4.0707795827,2025-10-21
5098,300205,*ST天喻,-672205.03,99.8458649519,-4912567.13,-730.8138009619,-3287761.0,-489.1009220803,7534555.08,1120.8715709848,2025-10-21
5099,300172,中电环保,455946805.27,40538.7413203659,228838558.31,50.1897492569,272021883.16,59.6608814923,-44942512.85,-9.8569640867,2025-10-21
5100,003017,大洋生物,90643098.03,224.9487799778,113780223.1,125.5255232586,-3526484.48,-3.8905162739,-20309031.05,-22.4054908663,2025-10-21
5101,003015,日久光电,7167421.24,119.4872440163,135886968.64,1895.8976190996,-126914818.84,-1770.7180112662,-715212.07,-9.9786526569,2025-10-21
5102,002962,五方光电,-44529588.32,27.2362198658,34919527.79,78.4187078916,-39975038.97,-89.7718583939,-40682216.63,-91.3599657326,2025-10-21
5103,002890,弘宇股份,-27981147.6,-37.9187901923,-41624224.63,-148.7581039385,18074407.9,64.5949485646,-4416754.16,-15.7847498721,2025-10-21
5104,002841,视源股份,-1287260526.61,-26.0750178717,1024143566.01,79.559929388,-2661031828.6,-206.7205335355,365186586.91,28.3692834015,2025-10-21
5105,002722,物产金轮,-122812594.4,-4.1386201033,-83163483.95,-67.7157618535,-29541640.44,-24.0542434465,-9610632.83,-7.8254456532,2025-10-21
5106,002695,煌上煌,-92698124.46,-210.2577007002,281876300.29,304.0798310991,-315567079.45,-340.4244490256,-58180603.49,-62.7635174163,2025-10-21
5107,002380,科远智慧,-279161523.0,4.1001972563,336160647.01,120.417972863,-653774614.75,-234.1922367109,38452444.74,13.774263848,2025-10-21
5108,002230,科大讯飞,-356357326.89,56.8785960038,122671557.01,34.4237504756,-2238051588.2,-628.0357998338,1758659964.32,493.5102582759,2025-10-21
5109,002217,合力泰,98710764.15,245.0309832245,-348386399.07,-352.9365840392,-503676118.35,-510.2545023202,955345889.82,967.8234162672,2025-10-21
5110,000948,南天信息,-1577383404.68,-36.7027562497,-2058024030.52,-130.4707545682,-21759899.33,-1.37949336,502531015.9,31.8585205353,2025-10-21
5111,000933,神火股份,4641404217.72,348.6032767902,6898271177.77,148.6246587064,-1328413653.68,-28.6209429596,-932607555.64,-20.0932198941,2025-10-21
5112,000729,燕京啤酒,634950459.23,177.7577068827,4064724183.12,640.1639882345,-2181335462.95,-343.5441980143,-1248438260.94,-196.6197902202,2025-10-21
5113,000665,湖北广电,-2414556.18,98.6211547155,102853782.62,4259.7386414923,-165725045.96,-6863.5821080792,60456707.16,2503.8434665869,2025-10-21
5114,000633,合金投资,-17411745.63,-230.973422977,17064677.52,98.0067012385,-4797603.19,-27.553832292,-29678819.96,-170.4528689465,2025-10-21
5115,000536,华映科技,301791581.41,40.7624256398,-39870247.43,-13.211186092,-53771916.55,-17.8175667786,397846041.88,131.8280781794,2025-10-21
5116,688358,祥生医疗,-19973458.26,-103.7937489491,73290282.91,366.9383736955,27667475.26,138.5212059917,-115991387.67,-580.7276144176,2025-10-20
5117,603178,圣龙股份,40439188.98,-46.7659924225,67139479.22,166.0257807178,-12058375.19,-29.8185386358,-13801957.11,-34.1301530969,2025-10-20
5118,600573,惠泉啤酒,52281549.88,491.7763562974,199145759.12,380.9102055641,-88416740.94,-169.1165260841,-58447468.3,-111.79367948,2025-10-20
5119,300976,达瑞电子,-22236380.7,95.3847887236,142891959.48,642.6043941584,-58939284.21,-265.0579022062,-105374025.9,-473.8811919154,2025-10-20
5120,300890,翔丰华,-5596569.76,97.5189207628,-234836510.74,-4196.0793988209,-394760507.54,-7053.6154192421,623980005.35,11149.329537706,2025-10-20
5121,300373,扬杰科技,631753722.75,41.5295622944,1017314498.92,161.030234138,-902609136.71,-142.8735762381,546563601.95,86.5152957977,2025-10-20
5122,300302,同有科技,-21122761.02,75.7220448673,-24400746.92,-115.5187378056,-68768317.1,-325.565000877,72294842.16,342.2603801252,2025-10-20
5123,688551,科威尔,-180705914.62,24.1548048731,44269831.13,24.4982745712,-142375853.8,-78.7887071098,-83145684.76,-46.0116011891,2025-10-18
5124,688475,萤石网络,-21122023.57,96.252404691,510118494.73,2415.1023837249,-253067899.03,-1198.123362524,-276008867.3,-1306.7349649776,2025-10-18
5125,688449,联芸科技,-288856024.4,-314.7357587468,108639535.98,37.610271832,-391960050.31,-135.693915723,-4681057.56,-1.620550435,2025-10-18
5126,688256,寒武纪,3191207242.08,206.5162518628,-29304811.71,-0.9182986089,-873685352.88,-27.3778945272,4094220046.38,128.2969025763,2025-10-18
5127,688195,腾景科技,-28568526.3,22.8237668205,94598265.4,331.1275646725,-90008866.55,-315.0630368708,-32313847.1,-113.1099545026,2025-10-18
5128,688027,国盾量子,-637215432.78,-444.6824861618,-106077582.24,-16.6470516537,-529757493.95,-83.1363251262,-1380356.59,-0.2166232202,2025-10-18
5129,688005,容百科技,894182404.13,138.6268281596,1371333585.46,153.3617278898,-1375948964.5,-153.8778842152,904981264.75,101.2076798392,2025-10-18
5130,605228,神通科技,-223326354.04,56.7920622309,171565096.81,76.8225933511,-401940247.44,-179.9788695641,6704646.19,3.0021742032,2025-10-18
5131,603822,ST嘉澳,216830902.89,75.0729287196,107072053.21,49.3804396804,-434871125.96,-200.5577250124,537261820.66,247.7791742317,2025-10-18
5132,603799,华友钴业,-2743478985.28,-295.5854932347,4179261763.33,152.3343822116,-8758492166.09,-319.247649174,1729503129.24,63.0405094597,2025-10-18
5133,603737,三棵树,-88853147.66,-126.6854359605,1087759636.42,1224.2218368924,-447537247.96,-503.6819288299,-729125246.19,-820.5958543866,2025-10-18
5134,603595,ST东尼,-133743237.02,-292.7923614882,190236507.96,142.2400954237,-25395795.82,-18.9884710329,-300777352.55,-224.8916350851,2025-10-18
5135,603333,尚纬股份,-27296690.81,72.1139463587,-61281903.58,-224.5030505952,8007292.15,29.3342962549,25979878.05,95.1759252828,2025-10-18
5136,603163,圣晖集成,50963864.85,180.2651027773,120801875.65,237.0343693626,44751528.37,87.8103112896,-110370585.03,-216.5663560934,2025-10-18
5137,603162,海通发展,-49321200.76,-105.1072108922,791408323.39,1604.6006812386,-1017811601.68,-2063.6391369154,182500870.77,370.0251980037,2025-10-18
5138,601899,紫金矿业,31848807913.0,311.9521772979,52107388420.0,163.6085989854,-37841176203.0,-118.8150473524,18065343585.0,56.7221970579,2025-10-18
5139,601609,金田股份,-874136810.12,-163.5456221058,-1200890571.85,-137.380162687,-1734726260.54,-198.4502014395,2125224204.9,243.1226073878,2025-10-18
5140,600602,云赛智联,-369116019.65,70.9370567367,-322263230.69,-87.3067581829,-153103111.75,-41.478316735,106389306.61,28.8227280709,2025-10-18
5141,600444,国机通用,-27658726.53,-108.4145108868,149048851.78,538.8854458586,-157415334.0,-569.1344242811,-19292244.31,-69.7510215775,2025-10-18
5142,600436,片仔癀,-144979289.07,-106.8596513326,486737382.18,335.7289067303,1427772037.31,984.811035058,-2059229254.96,-1420.3609827096,2025-10-18
5143,600388,龙净环保,-198460635.89,-1379.3652836979,764262720.06,385.0953699874,-1254364020.43,-632.0467607114,296543927.56,149.4220383957,2025-10-18
5144,600318,新力金融,76250880.07,42.8830467499,-174059744.55,-228.2724401216,8273865.35,10.8508457114,242036759.27,317.4215944102,2025-10-18
5145,301587,中瑞股份,-86478318.71,-175.7270389362,38776650.6,44.8397369172,-80677456.77,-93.2921198902,-42056981.9,-48.6329782162,2025-10-18
5146,301221,光庭信息,261017782.55,395.291687271,98239920.68,37.6372520371,202004952.63,77.3912607243,-50155300.63,-19.2152810969,2025-10-18
5147,300855,图南股份,24044009.5,-66.1371353106,173385212.47,721.1160537514,-210720956.66,-876.3969115051,60660304.53,252.2886398377,2025-10-18
5148,300632,光莆股份,-357689243.76,-51.0034825491,-21299432.67,-5.9547311085,-530964076.65,-148.4428413526,192402127.04,53.7903027269,2025-10-18
5149,300610,晨化股份,-20005492.02,88.6085957159,38848839.5,194.1908724922,-45833433.74,-229.1042564421,-13754149.15,-68.7518664187,2025-10-18
5150,300401,花园生物,-46533015.69,84.777183874,345236673.62,741.9176868311,-530607825.42,-1140.2824801962,136424771.45,293.178444223,2025-10-18
5151,002912,中新赛克,-108696593.87,-452.6502788447,51191202.18,47.0954979889,-107764054.16,-99.1420708996,-48501296.5,-44.620806203,2025-10-18
5152,002415,海康威视,321014123.53,101.5036938357,13697028509.05,4266.7993415467,-2830713175.49,-881.8033126899,-10592827103.72,-3299.8009518201,2025-10-18
5153,002311,海大集团,-702318113.46,-817.9259509213,5017432819.17,714.410282607,-2006152374.42,-285.6472495828,-3676114440.72,-523.4258337165,2025-10-18
5154,002107,沃华医药,49637015.91,161.418007751,108701252.84,218.9923202416,14923594.47,30.0654545734,-73987831.4,-149.057774815,2025-10-18
5155,002028,思源电气,-459652499.58,41.4078641662,431552673.64,93.886724,-701844253.3,-152.6901852903,-189987127.77,-41.3327737679,2025-10-18
5156,688313,仕佳光子,149494327.53,154.9046482131,-45567903.62,-30.4813596428,-214910951.58,-143.7585994939,410444643.43,274.5553294306,2025-10-17
5157,605507,国邦医药,-378797160.21,25.0338494597,405510368.7,107.0521142437,-512418594.6,-135.2751943325,-275122300.54,-72.6305076805,2025-10-17
5158,603725,天安新材,125545799.7,305.7164683579,161375859.6,128.5394334065,-101003164.17,-80.4512491946,65036326.73,51.8028694591,2025-10-17
5159,603129,春风动力,2274522591.02,31.2504182189,3207611143.97,141.0234902319,-464792695.12,-20.4347363686,-490666148.0,-21.5722697122,2025-10-17
5160,600660,福耀玻璃,3097648628.0,447.6954114067,9884629654.0,319.1010615165,-4451657212.0,-143.7108512489,-2236351625.0,-72.1951355226,2025-10-17
5161,300841,康华生物,-106580730.38,61.5265977497,153725204.88,144.2335817478,-87683619.23,-82.2696738119,-172677727.63,-162.0158981969,2025-10-17
5162,300422,博世科,151477489.69,279.8805482688,-35861866.42,-23.6747166152,-39970044.64,-26.3867883748,227229307.68,150.0086304209,2025-10-17
5163,300125,*ST聆达,-9169047.11,68.2671744975,-23396759.77,-255.1711152676,-4702.75,-0.0512894082,14232417.32,155.2224255068,2025-10-17
5164,002911,佛燃能源,548416408.56,-61.1814236171,523694130.45,95.4920608275,-104100058.17,-18.9819371822,138229857.91,25.2052739036,2025-10-17
5165,002660,茂硕电源,-94410051.32,36.0069459223,24660253.23,26.1203684197,-93315931.87,-98.8410985539,-25132790.34,-26.6208840993,2025-10-17
5166,002248,华东数控,-27042298.47,-220.2985346681,24854162.13,91.9084676089,-20442837.0,-75.5957820031,-31405777.71,-116.1357557859,2025-10-17
5167,000408,藏格矿业,1326891956.84,262.5198619457,1340431505.03,101.0203956788,1296697845.3,97.7244483709,-1309779945.7,-98.710368915,2025-10-17
5168,688528,秦川物联,-13806107.79,89.7709314608,-12666145.13,-91.7430554843,-13217639.09,-95.7376205593,11990274.83,86.8476113064,2025-10-16
5169,688041,海光信息,-2957554322.08,-45.4413239963,2254504302.55,76.2286692663,-4373253490.33,-147.8672245403,-838805134.3,-28.3614447261,2025-10-16
5170,605188,国光连锁,-359993543.42,27.563765312,185133473.18,51.4268871106,-538517411.24,-149.5908526925,-6609605.36,-1.8360344181,2025-10-16
5171,603588,高能环境,-157349630.62,-247.2990231996,366964953.24,233.2162788016,162087233.98,103.0108766963,-686120806.01,-436.0485647831,2025-10-16
5172,603456,九洲药业,-26313933.57,95.4456700669,1342005039.49,5099.9788227025,-528636612.74,-2008.9608090471,-835569005.33,-3175.3861622673,2025-10-16
5173,601026,道生天合,-350478947.61,-585.16545793,-326560615.42,-93.1755295566,-48953948.92,-13.9677288048,25110179.5,7.1645328974,2025-10-16
5174,600770,综艺股份,-12610246.44,94.0054082881,43066161.09,341.5172042427,-42573623.36,-337.6113509166,-34473294.81,-273.3752664869,2025-10-16
5175,301107,瑜欣电子,33642707.92,130.4033324022,104630426.02,311.0047689051,-46803278.55,-139.1186424746,-23588064.31,-70.1134533109,2025-10-16
5176,300511,雪榕生物,-44973332.27,-637.8460554652,248156943.68,551.7868726964,-42832187.28,-95.239078623,-250337152.32,-556.6346536589,2025-10-16
5177,300078,思创智联,181136253.08,10771.4509352456,34036713.51,18.7906688646,482422914.64,266.3315081531,-336463972.37,-185.751867254,2025-10-16
5178,002741,光华科技,-342428930.59,-203.7514464404,35238916.71,10.2908701812,-389992747.52,-113.8901280473,12039881.87,3.5160235583,2025-10-16
5179,002664,信质集团,-179692831.08,-1476.9402606547,90639002.41,50.4410787371,-765635849.41,-426.0803532385,491185914.43,273.3475294912,2025-10-16
5180,002392,北京利尔,-239482450.84,-619.8077261392,-68552904.28,-28.6254395842,-369415352.41,-154.2557089734,197639770.23,82.5278718907,2025-10-16
5181,001207,联科科技,80219551.58,163.3238144289,320121802.52,399.0570829865,-257446428.29,-320.9272842086,16958794.72,21.1404755898,2025-10-16
5182,603326,我乐家居,-60130897.22,33.3680465967,-11457272.9,-19.0538864871,314753400.67,523.4470384142,-363410472.69,-604.3656248141,2025-10-15
5183,600415,小商品城,2382249114.72,307.4768357677,9605196694.05,403.1986677925,-1535760147.82,-64.4668157637,-5688038962.4,-238.7675968585,2025-10-15
5184,300763,锦浪科技,-8136501.17,-112.5970997672,1706597250.77,20974.5837321621,269815213.99,3316.1085871263,-2000805714.29,-24590.4925530786,2025-10-15
5185,300708,聚灿光电,-80167722.23,-82.3182478263,552562477.94,689.2580487128,-494364421.07,-616.6626758481,-138980108.37,-173.3616778724,2025-10-15
5186,300707,威唐工业,-9412685.92,94.3632590314,127515080.48,1354.7151319376,-92786553.14,-985.7606418466,-48090973.19,-510.9165821396,2025-10-15
5187,003022,联泓新科,287870468.47,507.199899221,261337517.95,90.7830245106,-2934800979.4,-1019.4866444614,2960307265.65,1028.3469788977,2025-10-15
5188,002521,齐峰新材,-188397982.96,-424.1824031228,339411848.93,180.1568379859,-305067129.08,-161.926961365,-221494590.43,-117.5673894964,2025-10-15
5189,002891,中宠股份,614380754.99,1314.546424619,234411293.8,38.1540749602,78168677.93,12.7231651212,310741146.55,50.5779427539,2025-10-14
5190,002837,英维克,166245055.97,233.2794639079,-319034472.29,-191.906141466,-239670177.1,-144.1667998495,742277270.35,446.4958467601,2025-10-14
5191,300409,道氏技术,-139704018.37,86.2918132253,835914276.05,598.3466229555,-286775599.01,-205.2736938822,-673183930.19,-481.8644002115,2025-10-11
5192,000655,金岭矿业,-319928132.23,-45303.8018174996,208457212.19,65.1575123253,-462897919.12,-144.6880947585,-65487425.3,-20.4694175669,2025-10-11
