序号,股票代码,股票简称,净利润,净利润同比,营业总收入,营业总收入同比,营业总支出-营业支出,营业总支出-销售费用,营业总支出-管理费用,营业总支出-财务费用,营业总支出-营业总支出,营业利润,利润总额,公告日期
1,600127,金健米业,12722727.42,123.940543206226,4108074490.27,36.4254273385,3796337156.24,217986468.84,91275281.52,22374901.54,4153353464.05,22391116.2,13899373.12,2026-03-04
2,300500,启迪设计,169810737.14,49.98,1254286084.37,14.6798843795,871813708.95,29295404.79,95001423.02,18958987.6,1085159658.2,209855502.62,209517636.5,2025-12-31
3,002586,ST围海,-1278261160.57,-770.26,3329627634.27,-5.9685503865,3061090947.17,14820982.17,154937277.46,130414434.78,3414598889.77,-1217478264.69,-1272405331.32,2025-11-29
4,300343,ST联创,-962878170.93,24.56,3464406071.22,14.8193699282,3092783414.52,210639616.14,211856674.49,16142145.79,3601888882.46,-952623064.08,-948241548.25,2025-11-28
5,600169,ST太重,-835955293.21,-2246.05,7066962779.34,8.3759854369,5235921282.28,354516835.27,520429741.16,906544259.23,7235367631.4,-832570487.47,-824819715.9,2025-11-01
6,300237,ST美晨,83000077.86,103.92,2954595368.97,-12.8401840365,2143858320.29,162447776.04,195403095.89,207814330.23,2871496943.97,130986709.07,132446589.44,2025-10-31
7,000711,ST京蓝,-1036745832.56,-1111.1,1901408713.75,-23.6645010117,1488680118.47,69806287.96,289921906.39,340587187.43,2244425496.43,-1039676370.26,-1056138335.48,2025-09-05
8,603616,韩建河山,-85439749.11,-619.4,921858444.09,-12.0865042036,718275054.85,32125373.7,121445016.16,50464669.8,961410274.41,-88696667.16,-89832736.58,2025-04-30
9,601212,白银有色,34223640.1,124.1,61700280812.11,-0.3975901276,59298422873.85,259435797.8,947958727.02,1265650187.78,61963479286.89,352198643.82,337259164.31,2025-04-30
10,600125,铁龙物流,454675457.64,-10.48,16368454209.34,4.668062909,15368217291.38,212671326.94,126421308.46,33507967.7,15779498340.93,626078896.93,625981123.34,2025-04-30
11,002528,ST英飞拓,4952157.23,-45.9,4259002535.82,-0.2769088231,3343718146.06,344159163.87,298702408.09,19867729.01,4235147991.29,492229.8,2474183.41,2025-04-30
12,603559,ST通脉,15772156.15,-66.54,716672435.37,-0.4270356872,587982041.35,9647442.83,49445290.37,11463282.58,675650635.69,18446724.21,18222012.89,2025-04-29
13,002602,世纪华通,2285373120.16,69.77,14689715624.19,17.2969902027,7161076189.53,2202181258.58,851782177.65,211422309.1,11808987583.07,3064937498.37,3062615185.77,2025-04-29
14,600293,三峡新材,10823561.34,-95.67,3181543686.68,-65.341202126,2683375433.61,73112836.37,114614539.2,103331744.0,3023444944.48,46761049.76,22369436.57,2025-04-25
15,002122,ST汇洲,-1664665012.16,-160.48,1119320912.15,-40.1844495717,987017090.55,58571714.99,186811810.1,107773485.51,1416507572.32,-1782698498.1,-1631099580.35,2025-04-25
16,600326,西藏天路,395544242.51,-3.56,5621295713.83,11.9469330855,3873602515.26,83858163.48,475121090.47,80937364.2,4715062952.51,884744773.42,902527115.64,2025-04-10
17,603869,ST智知,45826922.47,-43.17,2345629632.62,-22.6286951487,1555022919.66,125174865.44,235554371.24,96391623.44,2188256916.54,60832888.09,59345844.72,2025-04-04
18,300437,清水源,117818707.79,-54.18,1694855586.35,1.039465881,1147665418.36,64127583.4,94291186.87,77159929.77,1412596972.64,227909226.24,226786804.46,2025-02-28
19,000833,粤桂股份,83029249.63,-6.16,3501991589.0,10.5365729384,3240425476.54,19808679.35,168117422.01,11053722.03,3502590466.03,68723171.24,67166133.65,2025-01-25
20,300732,设研院,252472772.98,-10.46,1580829245.01,38.7031846224,938694945.01,39760563.48,132314181.8,25621505.31,1247880794.66,294133935.6,300903503.56,2024-10-31
21,002097,山河智能,502834351.91,17.14,7427355609.17,29.0475045758,5192292648.43,582674446.01,498395587.49,141746043.23,6677870595.04,629720498.3,618063688.33,2024-10-31
22,002808,*ST恒久,-97645746.35,-381.73,303519768.64,-4.7971212798,238635126.06,12272866.59,9568411.93,-4729131.82,272127303.79,-91681331.67,-91915989.46,2024-09-03
23,002055,ST得润,-585481081.75,-324.3,7486212149.89,0.430723541,6335470767.29,205148499.94,508092225.79,209947801.43,7581959404.73,-665122802.36,-672515574.12,2024-08-31
24,300376,易事特,394257935.96,-27.08,2888135625.65,-14.032113302,1828744308.6,218442087.0,63495067.31,273797520.45,2555641873.27,415199133.19,452939278.49,2024-08-30
25,002569,*ST步森,23741718.54,123.07,359122422.13,12.2754958831,234189595.76,54574752.61,63250849.89,-827954.64,353866612.12,-22089175.29,23636939.8,2024-08-30
26,300528,幸福蓝海,130427130.87,101.24,2118846994.96,33.6093330486,1234953198.55,629887379.4,133782145.32,-991058.88,2042537170.56,127278465.84,129584960.91,2024-08-28
27,300335,迪森股份,82037786.3,-49.25,1460955401.39,-17.7204604969,1040020534.04,118510973.22,86860582.13,57202842.14,1348295271.18,153780722.74,141732247.31,2024-08-28
28,300277,海联讯,10835146.21,35.13,327630091.46,24.0401783945,252601065.91,12585707.07,31781304.58,-1956649.34,320504288.72,18147875.75,17919042.06,2024-08-02
29,002092,中泰化学,383258654.67,-85.87,83115316851.95,18.3662423471,77245247087.83,2755804517.98,838068425.15,1372560466.26,82540691845.31,451516232.82,454218022.02,2024-07-02
30,000547,航天发展,664358699.43,50.64,4039258215.89,14.8888201556,2542529651.58,152002639.16,274873132.39,5881541.67,3397373823.65,783459457.83,782293021.57,2024-06-29
31,600136,ST明诚,3230128.55,-40.96,1782335445.21,-33.205478151,1388321288.21,78643083.52,246195005.16,510534899.55,2228333273.54,-138896558.23,-134198370.08,2024-05-29
32,002388,新亚制程,51774982.52,60.97,1506186044.0,80.8623479122,1288944311.62,66605418.29,74513262.95,-1652668.77,1446501862.91,60125891.31,64562372.95,2024-05-23
33,600594,益佰制药,128105183.11,114.66064015437,3361025745.29,-13.4395009474,735601505.67,1788970864.18,366411486.25,45029689.34,3096386873.26,238752799.78,208322649.86,2024-05-18
34,603377,ST东时,244294668.63,9.42,1114188921.19,6.0204709743,539973862.32,57017520.23,226758452.28,41969040.04,908492040.07,260429750.95,346605748.91,2024-04-30
35,601118,海南橡胶,135145295.96,-42.47,13747601241.97,4.19170028,12859713390.74,384948463.7,772114181.75,140977378.76,14215753034.16,-19163651.36,153983560.27,2024-04-30
36,600624,ST复华,4748602.34,29.74,1399901826.36,38.8484764318,868138364.01,331705226.05,102978816.63,18153067.42,1390647396.76,3925861.79,33312649.44,2024-04-30
37,600517,国网英大,952752773.09,-18.13,7603296316.62,5.0270410704,4462800900.24,242621653.03,948457624.16,72990044.5,6476882215.63,1650229826.88,1650597661.56,2024-04-30
38,600287,苏豪时尚,236275057.33,212.52,3857334114.52,-21.8921919414,3407730902.58,245719714.0,109481698.43,-1559772.79,3773020550.06,362789945.76,363597108.96,2024-04-30
39,300419,ST浩丰,-29604542.56,95.3,621046072.25,9.2321672144,488478858.76,19676267.27,40060144.6,-1740362.5,598707587.18,-29248405.4,-29258405.4,2024-04-30
40,002197,证通电子,19515178.98,108.44,1332727744.76,0.0247100104,919822630.53,104794265.79,85044305.13,73739261.65,1269623904.88,15761872.07,5870583.21,2024-04-30
41,603936,博敏电子,201557149.92,61.58,2669288071.08,36.9531599456,2131539426.46,60991785.48,99658049.58,34491600.67,2447555317.06,227125134.69,231023420.18,2024-04-27
42,603021,ST华鹏,-97448967.88,-593.47,866432732.16,8.0384114238,712781379.59,71342305.91,83193157.14,64096911.37,959552579.76,-91045667.54,-92188530.79,2024-04-27
43,002748,世龙实业,-18240404.85,-132.05,1682657612.31,13.3219537974,1529830251.09,48406751.49,94454551.41,16719903.29,1701770734.24,-24910557.65,-19704214.18,2024-04-27
44,000752,ST西发,-334711153.65,20.08,318364145.2,-1.4709653382,231241108.15,12209752.59,29021793.6,62982780.09,338102672.8,-292001530.27,-301953090.03,2024-04-27
45,300511,雪榕生物,220327429.85,45.47,1964574723.12,6.3872754335,1533688702.86,21948290.12,105417178.26,74331553.4,1762698208.3,205492180.38,208066068.04,2024-04-26
46,300078,思创智联,114086372.61,-20.48,1539064250.5,18.8802996726,936028688.01,128313322.23,152597375.93,34118702.43,1399087689.99,131353770.92,131612429.62,2024-04-26
47,000903,ST云动,186569751.1,-19.66,6811286574.48,4.2549024455,5946792247.27,242781129.28,248646392.19,70644581.39,6590112017.53,173045544.07,172970964.9,2024-04-26
48,300069,金利华电,17331965.99,109.71,197971172.15,7.4272706968,109964422.77,22085147.01,29175948.76,6781452.35,179117532.58,28860655.44,28846109.54,2024-04-24
49,000909,ST数源,58520292.75,-25.48,1317102210.58,-28.1172328846,946447928.04,11599052.18,57912523.05,91289350.12,1174509809.62,105577976.92,110621694.06,2024-04-20
50,688579,地纬智能,78176632.64,-4.956466265661,488570549.34,20.2858913108,266940171.56,27064864.59,42863794.69,-6562410.43,409353252.04,83178986.79,83556170.57,2024-04-13
51,002626,金达威,450709531.58,-34.42,3191784933.45,11.1104814378,1674792523.91,275705033.43,282237976.99,51457395.55,2370888965.07,580789355.36,611861432.7,2024-04-09
52,002313,日海智能,62742854.88,8.98,4773459061.6,7.9946425072,3857256346.4,256591353.98,247701532.93,122849547.74,4694375920.83,59159800.38,51803703.11,2024-03-29
53,688500,慧辰股份,42590703.34,-23.531652608419,376722449.43,4.5791662473,233479705.89,50536998.71,24558361.11,-6653061.77,329585169.8,53190524.84,53128791.78,2024-03-28
54,002310,东方新能,16486763.94,-98.97,8097778725.23,-39.0831135415,5734224869.53,29303151.9,830878063.75,802677051.43,7659802040.1,37136058.17,42801156.86,2024-03-27
55,002196,方正电机,16282390.75,-103.8,1116214467.04,-18.143185234,902323089.26,37586242.85,76512765.44,11150082.57,1112522980.57,17926538.01,16711191.09,2024-02-28
56,300091,*ST金灵,149941647.36,12.97,2077867350.09,49.675995748,1567047767.2,73334320.14,132565736.33,66578830.37,1927126922.0,163415263.43,156071305.04,2024-02-08
57,600338,西藏珠峰,595153076.62,-33.37,2234298037.31,9.1866923957,1049558936.55,132414085.59,132615839.83,88330944.43,1524181711.9,761726672.77,760251793.31,2024-02-02
58,600771,广誉远,59358908.31,-65.23,1202902458.53,-7.066662507,269140959.67,608322782.49,106366648.0,34487928.44,1096511848.56,66952125.38,84592554.25,2024-01-30
59,605081,*ST太和,148262269.07,61.698178508945,532365068.73,67.1988690471,225383702.61,36263720.15,62648959.93,-4917006.09,348337354.79,170699689.67,172334909.88,2024-01-27
60,300266,兴源环境,35442382.48,102.74,2085208393.12,-15.8105577399,1658999476.11,47682001.88,116635634.38,112813705.24,2028398035.84,65820484.03,65291564.92,2024-01-13
61,601801,皖新传媒,557027382.28,-48.75,8832683700.93,-10.1635103489,7009853144.79,761131250.28,449954691.74,-141414910.57,8114044575.77,621578127.46,597510880.0,2024-01-06
62,300149,睿智医药,138922368.49,-13.75,1327826062.35,33.1934628353,820815175.22,57594495.91,181998421.39,51002203.85,1179216630.59,135601252.34,143958825.56,2024-01-04
63,002564,天沃科技,-32333802.1,-43.18,8389655448.08,46.4312476617,7243033764.17,67563387.94,256510673.21,501392544.28,8200531209.02,-2165448.03,-38956184.36,2024-01-03
64,002104,恒宝股份,86769193.4,-40.36,1136072299.54,19.903605854,817979584.73,88136353.75,72317016.29,-4119517.06,1109977027.2,90970814.41,91112004.0,2023-12-30
65,000635,英力特,51084979.73,90.286191368578,2087210111.84,5.0352132635,1806374820.6,19051254.56,168856193.17,-9275679.83,2016221634.12,67220307.81,70863231.6,2023-12-26
66,600853,龙建股份,228235911.31,52.58,11106371251.76,5.7228402966,10111199495.73,31951143.67,325933444.84,273309925.72,10792986090.16,312249687.29,312903315.42,2023-12-13
67,002652,扬子新材,-317617025.45,-901.97,2195365436.27,-19.8907605287,2022270548.27,43973772.89,40534568.72,74212424.41,2264069831.02,-331522630.12,-350583778.26,2023-12-13
68,000908,*ST景峰,-890146547.74,-572.56,1344029111.24,-48.0206241398,536813022.88,906506732.75,278683476.03,98509307.39,2031246783.8,-915723447.11,-927099613.68,2023-12-01
69,600168,武汉控股,257014927.32,-10.78,1529490559.62,5.383751428,1071850212.31,7099371.3,64682163.3,220023336.36,1383814151.47,269583614.06,295292508.4,2023-11-08
70,002873,新天药业,71422165.77,0.63,773337464.67,11.3902763148,162580430.46,381858791.29,109070140.9,6066787.13,692644488.74,83434863.08,83044356.25,2023-10-30
71,603318,水发燃气,-120107151.05,-2840.92,323609212.96,-23.4296525204,296149855.04,6056005.46,53319775.42,35542586.16,402357770.47,-126837891.01,-127707614.35,2023-10-28
72,300462,ST华铭,276263637.0,425.14,1440180755.33,445.6410776902,724754913.46,269518577.32,91558473.86,474468.48,1142898146.85,312720906.71,317534753.24,2023-10-27
73,300201,海伦哲,-3454660.15,-54.21,1534557800.53,-4.4234216927,1173115257.25,108045033.82,94889264.3,46071209.78,1502081811.28,-743726.9,-4215966.88,2023-10-24
74,600530,交大昂立,-77794294.01,84.63,342161085.22,31.5681968823,152617490.0,89088589.79,69036688.76,9466705.04,347096295.09,-94525172.22,-88157262.83,2023-08-31
75,002383,合众思壮,-1140162401.44,-654.01,1413087015.17,-32.6556735369,731468537.47,196125065.6,408040775.57,319707060.01,1880237807.33,-979391309.74,-1221456920.16,2023-08-31
76,600023,浙能电力,4286702877.4,6.38,54370549106.11,-3.9960128774,47571044321.7,,1475926751.09,1155131000.85,50850244354.44,5799178892.71,5770895704.45,2023-08-30
77,300825,阿尔特,130312189.43,6.239958272535,885410404.07,11.4273509381,592066877.41,31861764.75,71153583.49,1680217.73,757654617.16,139685567.57,139315957.75,2023-08-26
78,000885,城发环境,624128458.1,7.4,2262975204.28,11.5841767039,952322265.38,10525303.34,217888036.1,166106238.81,1372357023.23,895692202.83,861468917.21,2023-08-24
79,688619,罗普特,101740344.04,86.037351190631,507338760.39,39.2057117282,300422711.96,25440676.52,28619416.92,1000154.15,391475763.04,116965451.5,116559998.74,2023-08-17
80,002471,中超控股,-462882994.87,-641.76,7380895485.76,-3.3428652663,6507801253.23,261998659.92,165366719.73,192152803.53,7368748290.34,-207020354.38,-468437333.53,2023-08-05
81,600302,标准股份,-164594447.59,-680.14,541667689.31,-27.5029716071,440768918.22,69236267.07,85866927.79,-1481259.11,638119698.46,-148850603.43,-147338620.21,2023-07-27
82,600257,大湖股份,-131096174.57,-842.34,1112490033.62,3.9624880484,875392415.49,104006030.25,129642275.4,7867337.75,1137017556.95,-77865483.05,-148123283.83,2023-07-22
83,600589,大位科技,-624387137.95,-506.282294101053,1427743202.53,-16.0203603144,1113181824.66,25937091.56,86239254.61,52471502.37,1345464080.52,-559588813.59,-594613932.12,2023-07-19
84,600185,珠免集团,523240474.16,2.66,4192746376.31,36.1944850143,2931968777.33,121227917.23,122387167.54,76160413.22,3392650143.65,703139242.92,705029867.85,2023-07-18
85,002290,禾盛新材,-1198141827.5,-2006.78,1726050720.03,-0.4742125723,1490073444.15,51767658.15,56125289.65,30758943.19,1698019135.05,-1188188053.46,-1186776339.27,2023-07-18
86,300013,新宁物流,-262408746.72,42.66,898624297.5,-4.3772782353,630480791.03,51507748.27,203885026.78,67019569.73,997717861.91,-199709070.13,-293766726.81,2023-07-17
87,300657,弘信电子,178246898.93,50.98,2469638009.46,9.3091454121,2079822663.42,35215377.37,73031775.32,34453900.93,2329683085.78,228677475.62,226145980.49,2023-07-08
88,002111,威海广泰,331698794.49,41.26,2551437384.89,16.6533193445,1769863583.39,210708633.89,129477219.0,42756740.74,2291873913.76,343574264.99,381630129.2,2023-07-05
89,600510,黑牡丹,781340730.12,18.06,7776961217.28,15.0725358751,5001411518.85,190517872.52,292299259.13,-140839013.38,6061461475.11,1722788275.17,1722399101.31,2023-06-30
90,688189,南新制药,91474296.99,70.898434772877,1014222981.82,44.7813056178,115491419.55,621493975.64,60055682.82,14733342.49,896737947.95,109258367.82,110642241.36,2023-06-28
91,688135,利扬芯片,60837907.16,281.977419917669,232013365.71,67.6622284508,109078601.24,8775215.91,21083454.98,2004478.24,164494995.56,70380027.01,70570852.32,2023-06-16
92,001335,信凯科技,49761675.79,,1036629696.71,,881788483.53,51570183.15,21775308.91,6407901.78,966756750.07,64745660.43,66800872.75,2023-06-15
93,300911,亿田智能,98336008.88,29.012381549067,654940632.35,6.588151919,372550853.52,104367818.43,38232673.16,-4909508.41,548929574.97,109344259.04,112527464.16,2023-06-14
94,603613,国联股份,158942121.75,69.34,7197680121.94,95.9296255455,6743980685.35,138975459.97,35091862.42,8312493.41,6952817552.77,238395339.88,242636238.96,2023-06-03
95,601158,重庆水务,1662985044.84,17.14,5638549427.06,9.0409013678,3269285967.03,153725116.24,847597287.06,12241832.68,4374926792.99,1727936807.08,1778906587.01,2023-06-02
96,300175,ST朗源,45619641.97,-21.99,525849311.9,50.6626979298,412620833.79,19625858.77,66741414.92,7074501.78,519707021.11,-26382138.13,28949090.15,2023-06-02
97,688570,天玛智控,207801011.78,,976154044.22,,462298005.94,82820631.9,100045974.82,5390160.19,728439546.37,245015885.65,241295538.15,2023-05-17
98,002584,西陇科学,38527214.95,-45.41,3337661961.68,-0.5191054711,2805585979.96,183125153.01,121310602.69,70602309.51,3281802563.68,51681823.45,46196705.11,2023-04-29
99,002551,尚荣医疗,59758852.86,-38.84,1530819966.88,-6.109552392,1200999693.25,64606038.55,92183165.92,-4714076.65,1416455223.83,72230943.49,70824170.29,2023-04-29
100,002086,东方海洋,-1024176845.86,-29.54,585575782.24,-19.2347467473,535266772.86,33717272.75,104472892.42,39150774.82,729546544.91,-882230772.14,-1032385380.18,2023-04-29
101,603880,南卫股份,28051595.53,-28.53,491688011.57,2.4726150136,385702921.08,11876979.28,31516576.94,3609808.69,459062982.44,25402270.31,28050319.44,2023-04-28
102,603829,洛凯股份,48279633.81,-19.77,614338989.24,9.6782118501,490596249.09,15365816.97,24853996.15,1489323.28,558583830.19,56470666.9,55450714.47,2023-04-28
103,300890,翔丰华,61688857.67,0.220422354226,645528809.36,7.6690932118,503482715.41,11418685.24,20002767.71,5436715.75,569822255.43,69365951.11,67913637.11,2023-04-28
104,300311,ST任子行,-101246695.46,-147.21,996255799.76,-15.513528549,386658819.5,253649320.65,125018232.63,810481.39,971933621.87,-208602383.74,-97340119.78,2023-04-28
105,300052,ST中青宝,45121083.33,42.25,435213105.96,30.3012025233,223223870.35,101373805.62,39664241.26,10157281.63,417562880.36,43700583.38,48048489.31,2023-04-28
106,002491,通鼎互联,-2022789745.98,-579.49,3538707092.82,-18.188293574,2920561131.41,285874867.58,308839689.75,168076244.97,3952325074.06,-2122558981.83,-2128355549.63,2023-04-28
107,603020,爱普股份,115545106.76,5.48,2474657720.6,-1.0040325735,1975927426.87,144202425.02,138523042.97,-15998962.68,2284917790.08,174626594.18,172051654.65,2023-04-27
108,300322,硕贝德,92879537.71,48.84,1749506400.24,1.5759988321,1370074568.46,46398447.86,128414933.54,21115350.98,1691583567.94,99974823.17,97553243.99,2023-04-27
109,300868,杰美特,131162824.95,113.984717917793,829342937.25,28.198610565,505074521.37,86485593.45,41124397.73,-3322193.62,667323357.08,155246394.2,149997576.76,2023-04-26
110,300008,天海防务,-358271940.85,80.93,589369324.87,-42.703316982,580501059.94,20357839.49,100520500.87,68184719.67,807938361.19,-309901418.06,-358876696.34,2023-04-22
111,002218,拓日新能,68881276.98,-12.34,1053891907.66,-5.965028544,734598755.91,33865665.33,96548626.04,108907671.44,1000973684.45,69756563.22,67623534.38,2023-04-22
112,000504,*ST生物,18806368.87,153.44,134160531.96,40.6564474327,49682243.27,34731239.03,39785886.83,10461240.06,151168566.14,16594676.15,17449806.12,2023-04-21
113,603042,华脉科技,23657423.47,-122.81,1153549656.06,11.9792324204,874289922.57,111497286.29,77725561.2,22425908.31,1148292906.74,22762762.75,26893276.76,2023-04-20
114,301360,荣旗科技,22749633.04,-5.715035125181,102063487.91,14.3965206689,47459488.19,7064023.0,9690704.34,-272771.79,78749936.55,25395691.17,25419171.79,2023-04-19
115,688592,司南导航,12147470.81,33.16,213999063.47,12.57572077,95739352.29,42896985.1,20069536.65,1235668.92,208765437.23,11655817.8,12375531.85,2023-04-18
116,301307,美利信,-25425828.96,-0.644090809973,1376455895.61,23.4980293885,1155376794.39,45415263.07,84184780.24,42277189.2,1408671398.64,-34816501.97,-34858210.8,2023-04-18
117,688478,晶升股份,-11131798.03,,22950327.11,,13259293.41,1364249.58,10375917.94,371400.74,36876564.32,-14806264.97,-15019539.15,2023-04-17
118,301458,钧崴电子,21070540.18,,309497984.88,,189428778.05,24222587.32,49422270.87,-165836.51,281232158.88,25055881.22,25261462.8,2023-04-14
119,688539,高华科技,20698852.27,,130235685.08,,55614702.45,7062781.23,16883717.69,4987359.49,107583674.01,22350640.8,22309880.8,2023-04-13
120,688352,颀中科技,41287280.08,,669250646.97,,440986444.37,11550428.02,87193142.86,29546720.21,637348086.67,46588469.03,46891448.43,2023-04-13
121,301357,北方长龙,52177451.23,249.014754290704,156621279.28,161.6497632485,60972164.3,3565644.54,17986481.42,134232.95,95827452.38,60062994.47,60051061.43,2023-04-13
122,688507,索辰科技,-12591222.63,,115841991.29,,40787652.07,10925346.89,20587110.59,1529807.21,133300515.65,-14367566.02,-16549714.16,2023-04-12
123,603137,恒尚节能,52712920.8,-5.121672246256,1303174925.3,16.4647469482,1103118049.12,18963764.45,48227161.87,16715226.12,1233951235.77,59784048.29,61045227.44,2023-04-12
124,601177,杭齿前进,19732791.53,36.03,1652875834.57,1.0948830042,1230135877.46,69699877.59,153967404.91,61106637.9,1631098571.86,38018918.57,36742385.6,2023-04-12
125,301429,森泰股份,47062627.03,122.449071303524,533584499.96,21.1056666782,377222275.72,45574451.99,21368042.78,1952099.96,474520382.27,54844240.26,54490640.89,2023-04-12
126,301387,光大同创,103103846.69,77.91706362384,664027478.83,34.492831059,381888027.02,52165680.17,66316425.17,1297155.74,535329935.82,125052943.46,125256924.52,2023-04-12
127,688433,华曙高科,17950543.09,,155049627.15,,63840933.6,38521394.36,19834556.33,-5407567.25,149753820.63,19546299.51,18735550.43,2023-04-11
128,688603,天承科技,22985277.13,,167788049.3,,94808522.99,18050109.29,14647208.52,188646.72,138346439.3,27791485.82,27749928.14,2023-04-10
129,600753,*ST海钦,19389151.32,-7.36,2039782445.6,5.6709594955,1994334269.9,4282367.66,17097843.25,-1349012.19,2015514872.69,28321779.42,32121452.92,2023-04-04
130,001286,陕西能源,526992786.4,90.212073565746,7267761178.44,30.6460286744,4476334473.45,25411694.72,558371778.37,545199902.17,6008695476.45,1139805061.67,1139843646.58,2023-04-04
131,603125,常青科技,77435942.05,69.865260736915,542966290.63,32.6022997602,351229809.33,21672748.31,42086009.21,2820358.88,439600088.84,95961036.7,95887565.28,2023-04-03
132,601061,中信金属,711938007.06,-45.399970007147,63302576661.62,41.4964695878,61601769662.46,196412554.43,140390875.32,412302475.44,62382381099.04,877117013.89,881754997.97,2023-04-03
133,001367,海森药业,68957547.5,17.775426678873,266817904.04,8.2012119152,138666517.54,27423844.81,16132073.15,-1536358.43,193349220.2,80491496.05,80109848.61,2023-04-03
134,001287,中电港,85904783.23,81.711857576976,17183149470.78,20.0187868927,16544387904.01,203094665.04,79414712.78,170343233.04,17052956874.0,99408044.04,101930863.6,2023-04-03
135,688146,中船特气,195650350.33,,1036909919.57,,590956417.23,100520894.4,45196874.29,17864660.24,813975446.87,223112370.62,223107333.59,2023-03-31
136,603135,中重科技,123358700.92,-32.037257364239,589153906.01,-30.2820130184,389531071.51,5879930.83,30214522.06,813367.82,461017686.29,144147301.4,143742265.82,2023-03-31
137,301600,慧翰股份,25182700.0,182.741026173686,275191600.0,-9.0588868319,202367400.0,8741500.0,12284900.0,89000.0,256994900.0,27028700.0,27028700.0,2023-03-31
138,001328,登康口腔,63163019.62,,943912911.61,,544996602.37,275975949.11,38261668.66,-1886690.83,897423890.89,68228414.98,68092685.1,2023-03-31
139,688712,北芯生命,-19626497.73,,29126.21,,8737.86,,14739655.08,-143196.37,38016458.6,-35806128.94,-35986828.94,2023-03-30
140,688535,华海诚科,4086905.68,74.717783227419,172169760.44,28.4636582963,120621819.22,15780293.58,12525799.41,5684996.69,167947975.13,1975520.99,4646999.97,2023-03-30
141,688484,南芯科技,-9853434.16,,107485130.42,,66858672.89,6937124.88,19505312.1,138191.55,118450237.83,-9953813.31,-9853434.16,2023-03-30
142,688343,云天励飞,-499997586.73,-156.729609844031,230411454.69,73.1527959413,129709458.93,78002800.72,333065325.73,-871000.94,740190875.13,-508549201.06,-509661044.41,2023-03-30
143,301203,国泰环保,105759016.04,138.574667665814,363654307.45,74.4177273232,184359005.91,928934.95,36354449.26,-3678826.8,245458877.59,125952469.45,124931673.35,2023-03-30
144,301383,天键股份,8279491.09,-47.585795900885,554102475.53,30.8940591197,458653347.95,12526779.21,30939435.74,2993397.55,543483942.11,1975844.28,4349230.03,2023-03-29
145,301310,鑫宏业,43694883.27,-8.37200005942,539429398.7,-1.4625232291,428017309.77,16300831.11,9891769.1,4873828.03,479886794.7,51031849.49,50064162.55,2023-03-29
146,301141,中科磁业,28112633.51,107.031514258501,260174912.07,10.7343998845,196508860.91,10052531.95,8716429.04,2848113.5,227405292.6,32858820.48,32545360.44,2023-03-29
147,688581,安杰思,54739518.71,46.693656330343,182839773.85,49.7685708495,69335535.21,19845215.74,20706941.81,-3041699.42,123747074.43,63079794.26,63092193.12,2023-03-28
148,600748,上实发展,739419488.07,18.93,7993533413.95,9.2540406091,5139476869.65,172039993.56,356985133.92,142940991.11,6465737974.61,1274258364.5,1283209036.77,2023-03-28
149,301632,广东建科,209330852.98,43.069916568693,1649044455.32,10.4959782041,1151596700.57,24270451.08,257997051.87,-16700759.88,1510554956.12,246926289.3,248377251.19,2023-03-28
150,301320,豪江智能,62570400.0,44.416058060082,508846000.0,25.2698150544,376168100.0,17885700.0,20135200.0,-603400.0,435646200.0,71508800.0,71611600.0,2023-03-28
151,000700,模塑科技,89987377.28,834.07,5490928084.66,10.5500984266,4503585467.29,148634751.31,539263052.38,163638680.67,5608688058.37,119410971.74,119886399.83,2023-03-28
152,301563,云汉芯城,-30427678.78,-3412.75275534434,827082410.42,-11.6878716054,719906755.55,83982424.36,33073464.78,3498550.99,866676360.91,-40898604.71,-40799066.64,2023-03-27
153,301232,飞沃科技,66284919.92,102.138973928216,526139561.64,92.6931373418,361108466.83,15453659.24,26536480.61,13593379.8,439666269.57,78635616.98,76385883.83,2023-03-27
154,001396,誉帆科技,20041943.79,,340269587.06,,192552598.51,15327219.57,74167852.35,1009770.15,305460321.44,27374073.79,26974102.24,2023-03-26
155,301272,英华特,31313000.0,51.844901244805,251330400.0,30.7205560647,181433500.0,14345800.0,10183900.0,-198400.0,217163100.0,35919700.0,35907600.0,2023-03-25
156,301658,首航新能,53026969.91,,525924838.43,,341042119.84,51733950.92,42531539.06,-2641638.39,454850277.94,64405515.29,64412577.21,2023-03-24
157,301628,强达电路,10213571.83,,399343924.56,,308188628.44,26662012.55,31158083.52,1751935.33,394526024.11,10570014.5,10617605.34,2023-03-24
158,301170,锡南科技,131089666.22,20.83151363259,686448270.33,18.5104780229,450161132.0,31684582.74,22000489.11,3873618.76,536568503.09,152235727.23,151644485.02,2023-03-24
159,688573,信宇人,-25609285.69,,127971979.62,,97235337.87,10598517.53,15149142.7,5753951.19,154931533.69,-26982873.52,-26961718.32,2023-03-23
160,301386,未来电器,60972387.99,50.577016174379,351183840.15,-0.4088826966,222200282.87,14046448.28,24287195.4,1819410.22,280510468.49,70866388.05,70481562.05,2023-03-23
161,688472,阿特斯,1753465000.0,-8.779971206216,21680326000.0,-11.2830524902,16009674000.0,1391242600.0,1171825000.0,339863300.0,19313677100.0,2145863200.0,2108322100.0,2023-03-22
162,301293,三博脑科,50852149.44,-25.50011912987,1019065092.62,7.4122633604,768251931.52,12864198.14,158601249.74,983130.84,941098311.98,89897550.1,84052152.99,2023-03-22
163,301292,海科新源,122349007.26,105.895544020761,1046579092.04,1.4436103144,741805265.51,79584788.48,32146594.64,11531555.88,908754049.42,142841822.54,138073286.41,2023-03-22
164,001391,国货航,472448900.0,,12265383200.0,,11201753400.0,252820200.0,293412300.0,192990000.0,11970346500.0,476574800.0,508241700.0,2023-03-22
165,001386,马可波罗,984204007.02,,8129622160.6,,4300027009.61,909016927.78,284930681.52,67841196.95,5920906108.38,1965803853.22,1965106535.96,2023-03-22
166,001373,翔腾新材,47636388.28,82.410051402087,694792005.51,58.5141022989,576704558.0,14968489.29,17387721.75,-1251394.54,631335216.34,60821678.97,60395487.2,2023-03-22
167,001306,夏厦精密,27557056.58,,303337965.55,,210878301.51,8191102.75,22429854.74,5077357.49,267897576.95,31146879.92,30935049.05,2023-03-22
168,688591,泰凌微,53861689.54,,320092741.03,,164309743.46,41074868.99,28964186.1,-1153103.77,299465131.35,57915486.72,57431889.7,2023-03-21
169,601133,柏诚股份,166418039.06,10.588380082427,1856824343.9,33.4403599839,1542235900.24,10100636.06,49845897.54,-1521798.88,1610271651.78,222322306.19,222407930.7,2023-03-21
170,601065,江盐集团,40142573.49,-18.514076450576,1381586524.47,39.9545775774,917159502.62,204151864.01,109707192.3,45343068.24,1347926661.61,65192158.63,23823223.17,2023-03-21
171,301535,浙江华远,30187327.86,,273684666.68,,175095526.54,15346837.91,26907836.09,1582756.14,238795246.48,37403272.46,37299407.62,2023-03-21
172,001360,南矿集团,64758152.68,,393116096.15,,218907705.48,46686622.73,30379604.92,-99665.84,316797041.73,72153410.69,75802318.75,2023-03-21
173,688717,艾罗能源,133954.39,,388643574.53,,246642028.04,85083214.09,18544232.2,2095238.66,383961417.99,620676.73,948726.95,2023-03-20
174,301522,上大股份,27439569.85,,665527614.15,,555818029.85,7672033.61,27470829.88,16465153.74,644861280.31,29955188.31,29973305.29,2023-03-20
175,301315,威士顿,46165535.83,88.77890253849,191041315.18,23.8788919154,96278366.51,11097974.39,19851934.66,-507337.05,152476290.1,50784767.89,52089473.98,2023-03-20
176,001400,江顺科技,47572348.03,37.937242754085,431920232.58,0.0130209001,272964625.25,44493936.81,35457178.12,4063545.78,381752703.73,57513325.42,56815304.69,2023-03-20
177,001389,广合科技,105060475.04,58.723312221338,1334425883.12,29.3899043972,1024236600.69,55587500.08,41048472.66,-1036220.53,1190775608.96,121211999.25,120049336.15,2023-03-20
178,001387,雪祺电气,58952400.0,,1626538600.0,,1445984700.0,20834400.0,32505200.0,5025400.0,1567151400.0,66503600.0,62065000.0,2023-03-20
179,001369,双欣材料,253729340.25,,3341092373.1,,2496244537.41,247843445.77,72840424.76,79824484.89,3017916037.31,305711373.85,288669628.83,2023-03-20
180,001356,富岭股份,95180000.48,,1071539284.49,,813288779.86,62046314.16,47687974.11,10951946.06,968878577.5,110390933.7,111045524.88,2023-03-20
181,001326,联域股份,35795124.1,,523928175.38,,384876970.58,36185170.57,30147008.73,-851792.03,477649947.89,45739553.58,45808230.37,2023-03-20
182,001221,悍高集团,51699316.33,,802479153.74,,545832319.98,95638327.1,62303406.32,1432017.86,740273448.51,61214803.29,61363021.68,2023-03-20
183,001358,兴欣新材,59820059.97,-3.113684487461,311054400.42,2.9293558862,185367612.33,8100900.12,27021164.42,1649838.33,236833191.08,70143379.84,72017613.11,2023-03-18
184,301618,长联科技,61820630.78,,459259767.77,,301802224.55,40093549.36,16061773.08,-371849.07,377612174.96,75740526.73,74823993.74,2023-03-17
185,301584,建发致新,227438354.44,,6940725349.85,,6473333417.24,68505866.47,64165655.6,-5129394.14,6615371448.45,317134733.52,316613618.92,2023-03-17
186,301281,科源制药,30145515.78,51.434779319422,311006854.1,14.5695573292,169504171.2,34900738.73,27632008.23,4402383.21,271938213.57,38959495.93,39561497.62,2023-03-17
187,301262,海看股份,362340075.23,50.970820115453,862146059.75,23.992780142,342880414.61,24077298.82,53560989.85,-1107549.82,458275867.04,423001045.35,422980041.87,2023-03-17
188,001324,长青科技,71005300.0,83.678416034188,420037500.0,24.5692734612,239638600.0,23583100.0,45466100.0,1208400.0,336296100.0,81916200.0,82292400.0,2023-03-17
189,603172,万丰股份,122612838.88,,672834598.47,,383582638.41,23710843.41,85516896.88,4627198.45,527093180.29,143421026.2,141781121.15,2023-03-15
190,301678,新恒汇,74452672.93,,413802173.94,,267250877.09,4242763.0,29484176.07,1750454.29,330559104.26,82068792.64,82528389.25,2023-03-15
191,301314,科瑞思,64330277.78,-32.342847755184,248389637.94,-1.5040818717,125589958.49,5989131.53,22581604.28,4154860.37,176247322.5,86600556.51,85530153.2,2023-03-15
192,001282,三联锻造,53108203.31,,530472292.34,,388532296.74,10904778.45,24137577.92,8008423.73,466402414.62,63352019.8,60872667.49,2023-03-15
193,301501,恒鑫生活,70252784.86,,544363251.37,,309626439.79,55881137.56,64206620.64,400205.17,458413256.19,84485896.98,86286984.24,2023-03-14
194,301439,泓淋电力,116036830.43,106.732085717415,1247637318.12,-2.8517218256,955897209.14,47295130.4,27164755.62,18345839.8,1135228196.18,122857629.08,122612371.86,2023-03-14
195,301390,经纬股份,38084060.0,61.71326456725,284364461.64,46.6958032495,165883365.85,25212400.18,24478594.54,693745.15,237493453.74,44588881.41,44548943.6,2023-03-14
196,301345,涛涛车业,71753784.24,83.703266106298,751663537.28,21.9349423086,432129021.92,134034428.01,50870352.38,6046427.66,669073897.43,89552630.16,89103453.45,2023-03-14
197,301246,宏源药业,313832495.66,2461.9553178284,1601725322.96,20.5162864462,1009831463.78,71911326.7,60315686.58,30326736.19,1236691858.05,416966708.38,376609037.58,2023-03-14
198,001380,华纬科技,44544115.44,,415238343.33,,294246852.98,18835232.32,25041583.97,3962056.78,368068210.66,43850234.24,43326790.26,2023-03-14
199,688479,友车科技,92656208.56,9.206562057387,486976244.12,0.0485606891,283126695.89,19456502.04,27210183.63,-502758.63,405775880.35,98809721.07,99145196.54,2023-03-10
200,688334,西高院,95014029.03,,399943120.3,,224560843.62,6549725.99,57063243.97,-1301053.88,313528052.47,109114799.65,111109569.7,2023-03-10
201,603103,横店影视,300602155.77,-3.48,2934114674.62,3.2703889877,2309287869.31,107384022.87,93634563.37,3056278.94,2637086305.79,362842524.01,405126641.27,2023-03-10
202,301603,乔锋智能,59148345.71,,455798417.31,,315755392.86,41523436.02,18338255.12,-807900.82,397531954.69,67878579.22,68654176.62,2023-03-10
203,301602,超研股份,100604288.81,,336153160.02,,108514645.57,63490626.57,30987392.43,-9314376.7,246061659.86,113119023.05,113271682.83,2023-03-10
204,301488,豪恩汽电,18955200.0,178.018403894947,638191700.0,-5.5291432544,507932300.0,31880800.0,17372400.0,5687200.0,618901400.0,16926600.0,15866900.0,2023-03-10
205,688562,航天软件,-61738357.1,,951009665.93,,806131220.25,42699210.45,94757920.52,5602156.94,1069270848.2,-73334643.26,-72500513.71,2023-03-08
206,301560,众捷汽车,50602680.03,,363973044.27,,261216355.54,11786393.88,13396503.1,584970.29,307006773.42,57016579.71,56999040.24,2023-03-08
207,301210,金杨精密,-26716022.93,-165.769109883837,549197223.34,-9.6381574838,440890728.68,13850135.4,25262536.59,11499751.62,523016576.36,-20743825.67,-20909534.99,2023-03-06
208,603231,索宝蛋白,65990495.97,,1063307326.66,,890924578.91,40222283.87,32402485.19,6387580.89,983806823.63,81556386.71,81128292.35,2023-03-04
209,603119,浙江荣泰,21398669.69,,304159367.62,,224457069.82,15044641.46,15138492.79,1227192.68,276322432.2,23911895.92,24269795.53,2023-03-04
210,603091,众鑫股份,111020477.5,,556351746.79,,333552259.61,23525647.84,21780094.03,-556322.74,399635110.28,156699460.62,156964797.04,2023-03-04
211,601096,宏盛华源,258269946.98,,8002600275.78,,6781204764.59,367921642.61,162315677.16,226909001.8,7630094585.98,329505663.78,328141839.46,2023-03-04
212,688549,中巨芯,-6206021.14,58.887964975342,331263254.9,112.2141692715,264534919.22,32451162.77,28771770.41,-15032618.61,335312603.67,-2400327.86,-2758234.12,2023-03-03
213,603409,汇通控股,33667025.68,110.436237162155,266400339.83,8.1326683411,187937670.92,17615170.07,13907775.99,2976347.32,235780075.28,40518187.63,38596169.87,2023-03-03
214,603376,大明电子,36957277.96,,867231357.9,,613650750.33,39381655.14,58717188.56,13337051.51,794539082.49,52323097.88,55385863.41,2023-03-03
215,603370,华新精科,36108692.39,,367630687.86,,287180602.84,11340712.06,13041049.07,-764149.29,325353095.53,41241242.95,40984743.96,2023-03-03
216,603325,博隆技术,22268208.45,-58.748901701178,367321779.74,32.7896288612,247456263.12,7260363.14,77496545.05,-2400114.05,347450180.84,35514905.9,35520828.43,2023-03-03
217,603296,华勤技术,505420669.02,177.845693672122,35300097708.54,14.3103182393,32521535198.94,131937850.18,751801416.28,-53328910.47,34945326578.18,551318311.89,542216755.55,2023-03-03
218,603271,永杰新材,14297855.29,,3400235599.35,,3122091345.37,47183811.5,27969992.97,69967043.46,3385417236.84,15125485.12,14317396.34,2023-03-03
219,603262,技源集团,56708720.1,,614464059.94,,387503742.76,43501947.92,59518812.5,7809952.01,525210952.78,69912401.1,67627923.4,2023-03-03
220,603207,小方制药,141941024.55,,339612135.59,,118281544.34,35074133.13,12238651.11,4157537.85,182234040.18,165077159.68,165032498.77,2023-03-03
221,603194,中力股份,149634361.04,,2163870440.25,,1594586519.36,191078651.01,122019147.25,15171162.65,1995364963.56,179008641.65,178795860.01,2023-03-03
222,600930,华电新能,3280242016.0,8692.086665421,15162054909.0,12539.1686743336,7365977913.0,,473640779.0,3289298624.0,11260167094.0,3853214541.0,3878017696.0,2023-03-03
223,301295,美硕科技,59882275.07,91.988924943931,394327134.84,36.6128484441,273816679.79,19485719.15,12460657.67,2807470.53,325276241.13,68924428.81,69098166.49,2023-03-03
224,301157,华塑科技,16217366.86,-33.437160449517,107279820.67,24.6786382042,58046314.29,12959372.13,10576772.84,240893.14,89547764.88,19408969.82,19442696.22,2023-03-03
225,688502,茂莱光学,43675421.24,42.497629631482,221896406.25,20.745917614,96048322.44,10982644.88,30667139.44,3030123.68,166741065.03,48338776.99,49423433.16,2023-03-02
226,603373,安邦护卫,63311112.92,65.235640177621,1957681508.77,7.2198680641,1557034736.53,1678865.08,164588593.2,1732792.09,1745174158.1,231114700.51,225927896.28,2023-03-02
227,603273,天元智能,42253637.43,124.166796040447,703691411.64,30.8530760885,589493020.32,22725136.33,19760066.52,-1286040.63,650168679.51,51639924.65,52049913.26,2023-03-02
228,603257,中国瑞林,178907319.43,,1496469348.97,,1084993402.0,23294537.83,122209295.07,552168.38,1317908413.68,198843429.28,199618120.44,2023-03-02
229,603072,天和磁材,70234071.86,-6.574466481748,900967552.01,8.6738604223,725903946.68,18120856.6,29604040.25,13102840.62,828534774.58,78053813.76,78414670.4,2023-03-02
230,603004,鼎龙科技,93341270.35,,630432662.73,,414195833.96,14515644.18,54912576.06,4549844.42,511478640.39,112729096.03,112243079.84,2023-03-02
231,601033,永兴股份,125649607.74,,1454427219.83,,914570639.84,2217900.17,183258605.22,143645745.49,1329749013.53,129247422.3,129661242.23,2023-03-02
232,301261,恒工精密,40151500.0,-46.853995594633,415769300.0,-7.4741104946,281104300.0,37143600.0,35103300.0,11980200.0,380379300.0,49595200.0,49413800.0,2023-03-02
233,001388,信通电子,56774764.87,3.861343152226,383172429.56,34.9823150867,216318940.24,54573407.77,16570197.26,49558.62,324282568.02,63506129.55,63396676.71,2023-03-02
234,001378,德冠新材,55645347.46,83.024640366804,1058294842.99,5.0535587143,907116946.78,12592765.37,35240871.06,9445221.23,1003253625.32,62119855.02,60771330.15,2023-03-02
235,001359,平安电工,100586919.53,,668167309.99,,384770025.81,37161969.88,41217209.75,5428274.01,514470026.19,154699995.88,152127425.03,2023-03-02
236,603395,红四方,105281943.14,,2515863613.64,,2170705713.27,101597897.47,83113323.81,18632785.2,2431881083.63,120908547.27,118798672.86,2023-03-01
237,603391,力聚热能,140412465.88,,694419937.44,,314420510.34,89432674.53,40628341.61,5206268.93,540651756.75,174225376.69,174071781.45,2023-03-01
238,603375,盛景微,15808511.82,1325.8427273764,75102610.78,2112.5841590544,40588374.48,1309198.27,5988961.18,78640.69,59275893.09,18097790.79,18097790.79,2023-03-01
239,603361,浙江国祥,70916829.95,627.348162435235,832727582.99,1.6265393865,579092162.35,115392237.04,47251826.41,-226459.6,778986252.77,81160208.31,79976185.48,2023-03-01
240,603285,键邦股份,78308812.12,,370789688.14,,241365143.91,13067795.63,17595514.39,3210038.94,280310699.5,89260963.37,88423105.7,2023-03-01
241,603193,润本股份,35671838.11,,278636892.24,,127929707.04,76297589.06,14657507.65,1811517.23,231855863.87,41697987.7,41740658.86,2023-03-01
242,603124,江南新材,61236850.9,,2990344704.63,,2875609867.19,22950356.81,9196950.07,11804447.71,2931652153.08,71823929.13,73361971.91,2023-03-01
243,603049,中策橡胶,1437608276.6,79.239055829481,27506563740.01,2.3238214383,22223181086.1,1745223173.24,767127426.91,270172118.21,26001021509.09,1538874800.61,1521693118.59,2023-03-01
244,301399,英特科技,43683243.03,388.185077495751,299914035.21,22.9131224981,199668177.71,11523449.93,20082720.94,1642360.69,248527809.41,50198289.47,50221561.78,2023-03-01
245,301397,溯联股份,40546367.66,78.730645255798,370005495.32,28.0063115728,250228146.99,21482762.91,26116013.11,726228.19,316620613.76,47700250.91,47580500.2,2023-03-01
246,301395,仁信新材,109335597.55,62.093155147803,1240709856.65,-8.3252852562,1092253842.42,4776857.51,12341581.6,341644.06,1116776541.31,128205285.19,128128543.33,2023-03-01
247,301382,蜂助手,62440519.3,51.192297274064,423440397.54,45.4463035128,282775740.51,18056811.41,14700199.33,4743287.14,350072862.33,67351772.01,67345780.83,2023-03-01
248,301378,通达海,42751853.75,22.059793127089,244744280.38,43.6052242864,106478074.39,24254085.29,20027173.44,5388.9,211197195.94,44170444.76,44170551.53,2023-03-01
249,301355,南王科技,64001752.6,13.929908849351,691410756.74,34.7827414036,508259289.85,53481159.95,32263917.57,841569.3,617099607.17,74857307.72,74801124.58,2023-03-01
250,301332,德尔玛,110683000.0,173.800663630589,1516766500.0,56.9095124906,965762000.0,256650100.0,81593700.0,3798300.0,1369106300.0,123186300.0,123998800.0,2023-03-01
251,301323,新莱福,108928521.43,43.649892780404,595715559.56,18.679498403,362401276.54,35954216.1,43902402.94,-236658.59,473287669.9,126352249.47,126052607.36,2023-03-01
252,301322,绿通科技,48535639.52,84.964205387651,418030901.98,31.3850758639,293206150.45,28908282.53,15079279.46,759209.54,356552703.19,55778968.95,55519487.99,2023-03-01
253,301225,恒勃股份,35897908.84,321.215840863862,494910719.61,5.1898949719,327405050.46,26220192.4,41938377.92,10367146.13,449179176.64,39464322.53,39343718.49,2023-03-01
254,001395,亚联机械,110926941.69,,473451032.26,,286436888.56,12775370.66,29175653.65,1700375.43,366950430.51,129096415.24,128335750.29,2023-03-01
255,688458,美芯晟,-19181196.0,,150348101.49,,122369581.34,12805940.25,12096816.83,-311504.4,179263848.89,-25138040.56,-25144797.43,2023-02-28
256,603344,星德胜,52591697.98,,1060950738.68,,888448386.52,19172972.52,35587251.2,504328.9,981110099.54,64498482.95,63699684.57,2023-02-28
257,603341,龙旗科技,97616685.1,,9973944597.29,,9234518280.35,63465940.21,176070477.63,12480774.21,10017596870.62,83926797.51,80472108.84,2023-02-28
258,603312,西典新能,28268088.71,,167334493.53,,109385990.46,6702829.02,5385677.38,1327738.38,133658819.08,32325447.03,32319965.57,2023-02-28
259,603270,金帝股份,54504438.7,,532807704.43,,334650278.7,20638480.53,52368442.98,22750043.0,464265350.23,64994825.99,65254219.24,2023-02-28
260,603153,上海建科,180212456.78,22.805104826542,2548459493.08,25.0951601998,1690235764.88,101546279.4,370061945.22,-18026198.43,2315124133.73,291077265.46,289261529.31,2023-02-28
261,603120,肯特催化,69424518.27,109.19109950163,465571387.87,16.8961513193,295690931.4,34872284.66,27728132.67,1961607.97,375109313.34,89028725.97,86986236.4,2023-02-28
262,603075,热威股份,172801868.5,,1336620390.4,,913570122.81,38948285.35,79153970.26,17094802.66,1132142953.8,220957731.67,219794994.53,2023-02-28
263,301353,普莱得,37003949.02,15.272750807948,294882688.86,12.4463230805,195130225.57,18909611.77,21483299.68,2880383.09,254035735.87,42904974.98,42448462.58,2023-02-28
264,301305,朗坤科技,83964980.35,282.917576822945,783790021.3,46.8270946763,609763690.01,3506107.73,49974915.21,4772838.21,693563426.14,90968370.58,90863529.75,2023-02-28
265,001368,通达创智,41313193.35,-34.838116317789,583269807.3,9.6382367781,433343725.01,5472434.93,63256437.22,12436.16,531013876.64,54512490.47,49222938.55,2023-02-28
266,688552,航天南湖,86757686.44,,667233681.93,,462806012.66,8377268.74,43565816.11,-6442335.81,564474581.27,96913152.4,95698753.69,2023-02-27
267,603400,华之杰,81204330.33,4.212482778797,595765595.48,0.385628547,419388802.07,19907069.75,33024264.53,-2343050.3,504720287.23,91224013.22,91126137.13,2023-02-27
268,603350,安乃达,24614451.06,,541593467.7,,455721737.1,12758695.67,18922014.71,1661154.81,513283655.84,28100906.73,27494221.93,2023-02-27
269,601083,锦江航运,351026616.66,,3339116552.58,,2699076469.53,,217819975.93,-5089232.6,2918749703.58,455450662.51,459384725.43,2023-02-27
270,301393,昊帆生物,58123646.68,46.355819677551,191251848.11,34.7857705761,101998551.12,8932211.28,6512104.34,-3500655.96,122847564.92,67446060.48,67520040.95,2023-02-27
271,001277,速达股份,68742174.64,-34.180707025817,618613396.04,-1.7342832436,447745943.4,43161040.79,24072697.61,-2073921.69,532070840.55,90342582.37,89480421.24,2023-02-27
272,301601,惠通科技,30542781.5,,168656832.25,,114008991.08,6652096.05,35895103.37,-520723.32,171195290.06,29163507.49,30592416.21,2023-02-24
273,301557,常友科技,49654302.44,,308384960.85,,165249983.07,12657070.45,37887621.89,3174949.96,235143031.64,66069133.29,65958246.31,2023-02-24
274,301408,华人健康,51948073.79,166.387356303409,1522362890.95,37.8177122396,945701700.41,376601498.45,104844192.05,7826125.86,1444112710.52,76749919.99,77212191.94,2023-02-24
275,688512,慧智微,-78875175.01,,60427415.44,,56767393.49,14200500.29,15867769.79,-1152711.26,138581829.86,-68075294.32,-68078090.43,2023-02-23
276,600925,苏能股份,1895780133.06,22.645798816477,11275429987.24,-2.3012304858,6911040717.04,175087430.74,1008314604.62,338691659.2,8931866003.0,2606421751.03,2605321726.21,2023-02-23
277,301428,世纪恒通,50755575.82,30.048030744714,836755362.61,122.7053973338,637620022.79,30644156.31,70793534.49,9137670.04,786004629.79,53980297.71,53842899.2,2023-02-23
278,301337,亚华电子,40128400.0,165.142682666333,164566500.0,46.2716543104,69792300.0,22747200.0,16728000.0,11100.0,131973900.0,43184600.0,43367700.0,2023-02-23
279,603107,上海汽配,110865436.61,-8.150273107209,1336598072.64,1.7656877304,1031088322.71,37301096.39,78310968.67,3707133.52,1203623847.16,127235632.98,127144189.29,2023-02-22
280,301251,威尔高,15595733.47,,331083393.78,,254200991.63,7376046.86,21982581.51,3216812.57,304838321.18,18493146.03,17542183.44,2023-02-22
281,001366,播恩集团,59075150.85,109.362988958835,1026349622.93,-17.2813968892,762076582.89,116061175.88,52367631.77,-3406.86,952419333.05,73880946.01,74326571.11,2023-02-21
282,688361,中科飞测,-97468796.77,-75.123230323191,55983680.09,87.5452366903,37004923.62,12021027.24,67656637.5,1763055.43,174552404.05,-97291905.01,-97468796.77,2023-02-20
283,001278,一彬科技,57430969.83,139.330778459227,1306225757.68,-6.1459024537,1001994986.02,48532657.5,94793555.86,16856368.31,1241423565.28,52137659.21,66369605.02,2023-02-20
284,301325,曼恩斯特,59074609.24,497.222584930559,121509329.97,269.3517074752,31506168.14,8257807.61,5449064.79,216715.98,53372727.22,67152957.16,68712496.53,2023-02-18
285,688449,联芸科技,-25861594.93,,176930090.15,,114247906.27,9965089.43,14399378.33,644046.9,220600442.64,-25846330.74,-25818142.76,2023-02-17
286,601121,宝地矿业,115768669.56,126.618804585281,591775517.16,-25.9632319099,362781887.03,33260397.97,111670345.25,7113548.39,537934694.24,143868651.44,131673999.82,2023-02-17
287,603291,联合水务,136945907.06,14.344752057766,685517412.37,24.9366288252,388043362.11,18694564.32,72548891.8,51494335.83,538390082.61,178111773.26,180539037.03,2023-02-16
288,603061,金海通,7227991.26,-72.615714140917,71588346.19,-31.6761477521,30669032.08,10302819.85,10637115.37,1882613.57,63963158.91,7489341.32,7478987.19,2023-02-16
289,301630,同宇新材,16820180.44,,278443535.54,,231215686.44,9612957.27,8623992.28,1606907.97,258514115.75,18971883.71,19557958.47,2023-02-15
290,301303,真兰仪表,150808601.87,46.313502212129,631273688.98,40.8681100052,394822297.16,57167677.06,33146858.28,1764697.05,529928458.07,176546399.14,176824928.12,2023-02-15
291,688486,龙迅股份,33185511.41,31.589305689196,104547722.09,29.5403617296,39791493.48,3861872.05,11623848.04,-981097.3,86052413.47,33928434.89,35854727.93,2023-02-14
292,001337,四川黄金,134526689.81,8.987267473796,378459264.03,7.4737552731,183282311.09,1708770.3,31443234.45,19025713.23,250765093.23,161402886.34,158525522.67,2023-02-14
293,603073,彩蝶实业,75889448.39,-4.986385940646,865227653.48,-5.2137683129,691883481.18,30422237.53,19007638.25,2973140.16,776310702.9,88920659.42,88077934.0,2023-02-13
294,688522,纳睿雷达,70973101.35,2417.25825224994,104957087.23,10852.5747895035,18884076.79,2664677.67,7725859.95,1975759.2,53534781.06,82252283.4,81214899.32,2023-02-10
295,688307,中润光学,22595726.42,,284208681.86,,213435129.04,6611782.85,25046385.36,4334436.42,272278531.1,6157261.31,21318392.26,2023-02-10
296,688709,成都华微,-10709671.83,-354.99049195604,142264102.86,22.6389482598,37900702.72,13394828.51,52611004.82,2613460.89,154812540.26,-14255799.92,-14851729.28,2023-02-09
297,603065,宿迁联盛,129583481.6,285.580204359754,994593270.63,14.8916412508,683926047.53,38923342.11,68469888.38,11694416.7,839483967.22,159183794.18,154441319.51,2023-02-09
298,301446,福事特,37826263.32,,123211541.34,,68690508.09,12022769.51,15369131.03,1476998.24,105277381.04,41831981.05,41573423.65,2023-02-09
299,603190,亚通精工,105292886.09,-4.795741267564,1006762139.42,17.3536002038,738666654.7,26822050.37,54781859.44,21732147.19,878817590.77,127688080.17,127082165.58,2023-02-07
300,301616,浙江华业,4483117.26,,529247378.99,,399569111.25,33037383.75,44889772.05,18075804.83,522624190.15,6682913.73,6672248.68,2023-02-06
301,301419,阿莱德,51353021.93,-14.82527050105,270060740.96,2.2252091188,159624660.6,7401607.01,19067796.48,2392259.28,209059799.16,59117189.64,59116635.82,2023-02-06
302,001311,多利科技,199221840.35,18.229178248928,1609901458.24,-4.8927713645,1154671630.64,18612427.16,60275106.7,9019574.25,1295568291.01,327632695.29,324154094.78,2023-02-06
303,001260,坤泰股份,56453769.91,58.379143089473,324084424.67,5.6883835781,206959364.1,11106132.43,22394352.43,1449228.65,251949855.68,73578673.03,73628257.03,2023-02-06
304,001225,和泰机电,104779766.3,72.367773513363,335259341.66,14.5248956338,184644689.14,16253360.37,33353652.26,-586859.19,263127163.05,95831985.49,121679814.23,2023-02-06
305,688515,裕太微,-27489912.71,,1326226.55,,1030178.98,2351663.85,8770272.82,-46777.67,31685066.36,-27578285.96,-27489912.71,2023-02-03
306,301575,艾芬达,37817131.41,-15.19423576248,591646884.31,0.8910926926,427941755.91,55732719.68,34551741.91,5658329.71,546842583.91,40715760.84,40967575.57,2023-02-03
307,301358,湖南裕能,55254975.55,371.843632284921,583811682.12,260.2457751427,448473367.32,17814584.8,17829718.93,6266731.03,509335540.68,64969764.76,64896194.44,2023-02-03
308,688582,芯动联科,37925847.69,,79890972.73,,7798406.53,1805873.86,11503420.55,-184108.41,37381436.98,42830528.04,42830528.04,2023-02-02
309,301373,凌玮科技,65346741.31,31.961798795959,332599622.7,7.933519881,186582967.79,43637698.54,14153716.2,-49138.12,257666426.0,82139709.76,82054914.26,2023-01-31
310,688646,ST逸飞,-14902802.27,,119900910.38,,80936222.82,11533043.03,15448294.69,2396435.13,128985679.75,-22704941.45,-22682460.48,2023-01-30
311,688523,航天环宇,66673503.48,,202122805.03,,65560473.01,9376466.77,21453902.39,131144.66,129494167.07,75905420.61,77300993.91,2023-01-30
312,301567,贝隆精密,56957323.65,98.21192226833,246410571.09,52.949391837,141250539.14,4183710.26,15255968.93,3894061.11,177740425.34,66087886.69,66066883.46,2023-01-30
313,300804,广康生化,-17061800.66,-120.888407834056,434774423.75,-1.308546118,303427599.76,10247110.18,39420109.55,1924586.91,380518734.58,37928565.44,-21618983.04,2023-01-30
314,001314,亿道信息,58195312.8,850.880645627413,1109061959.95,4.3896825038,861942462.4,55383478.86,57583204.85,3104994.82,1046393709.54,61508803.08,62959769.37,2023-01-30
315,688016,心脉医疗,141755858.84,56.38,333732539.52,44.3932798937,68931692.71,55437273.33,15976883.16,-9158250.27,182491888.1,164266488.96,164336401.9,2023-01-21
316,301571,国科天成,26738089.87,,108250634.88,,48765441.26,3565153.18,13234777.06,40365.38,77665764.24,30215479.85,30198944.7,2023-01-18
317,002871,伟隆股份,52983867.54,-31.79,355225906.74,2.4577490039,226827008.02,29360618.97,23740598.22,-432163.7,306386020.52,62301109.73,60845953.81,2023-01-17
318,000702,正虹科技,9366630.01,-83.2,1123012450.63,-16.3103442716,984643955.6,35081352.55,65972938.26,2577473.9,1097889588.45,32444179.01,17252197.77,2023-01-17
319,688435,英方软件,18221768.46,293.203137320375,102121691.26,60.782377665,21176409.9,32887501.41,8384912.95,-171133.09,96039538.73,18092792.67,18079257.16,2023-01-16
320,301592,六九一二,5326908.9,,56444957.73,,28239534.75,5595692.96,11610979.8,404356.9,54044156.51,4460042.42,4438002.96,2023-01-16
321,301317,鑫磊股份,53800308.71,2.051793075111,610642155.18,-18.889816355,476788988.36,41496973.38,24171192.03,76695.94,573190836.64,59319189.85,60634945.67,2023-01-16
322,688485,九州一轨,35749651.86,-21.591800807181,238918318.51,6.2738780418,121027020.95,30837758.81,18655511.7,1054727.21,188139176.45,41137879.87,41125523.79,2023-01-13
323,301611,珂玛科技,12576295.43,,175596447.85,,95794946.68,20802294.17,27460424.7,2416430.17,156662859.87,17206022.24,16859180.35,2023-01-13
324,001379,腾达科技,12753686.04,,906212922.31,,828556681.39,25263809.53,11154903.82,3183017.22,888883255.28,20534953.5,15953257.31,2023-01-13
325,001279,强邦新材,125135189.76,,1264707529.28,,1018741962.97,38313776.74,25178106.88,-4644255.03,1114491178.44,152436305.13,152437179.49,2023-01-13
326,688693,锴威特,9338071.11,,106679541.28,,83113458.14,2025845.3,8210970.8,214522.69,101302512.05,9522488.17,10010284.19,2023-01-12
327,688450,光格科技,16381684.86,,114973238.7,,45591439.98,27457428.34,10393643.32,557003.8,106167008.86,16031405.28,16941678.31,2023-01-12
328,603281,江瀚新材,320571838.38,-2.156084221324,1505644280.52,1.7768596497,907010050.01,46598199.71,144337215.67,-5287424.03,1173605111.83,369171823.58,368723264.51,2023-01-12
329,301626,苏州天脉,36651436.52,,288880724.86,,187269291.54,11989390.94,21226758.66,885138.93,244683088.82,40080556.3,39527788.83,2023-01-12
330,688638,誉辰智能,13617461.95,-57.326215040106,152372290.5,-1.9333144016,86627044.29,12561492.84,7764599.7,405254.46,132602246.46,13524556.02,13290770.77,2023-01-11
331,301505,苏州规划,51060315.78,-31.321764811452,309465965.49,5.2390676366,180106777.4,6484214.55,41471718.47,-4299130.87,238133901.17,66769649.52,66955054.37,2023-01-11
332,688612,威迈斯,34138024.34,-50.179903868324,728861715.12,18.3539201281,547963578.5,26476172.0,41501204.97,4021139.97,687298781.31,47739434.77,47567093.82,2023-01-10
333,603307,扬州金泉,82741934.91,32.322310852607,595617762.19,21.2715628681,471161485.68,13256556.15,12919267.4,-5693087.13,513512553.6,92859684.47,93049173.09,2023-01-10
334,301260,格力博,154326379.34,207.214950656901,3725063563.76,19.7032016593,2440193886.57,379798652.44,339251341.84,63741806.08,3409137262.65,162506027.64,158200607.73,2023-01-10
335,603173,福斯达,70815977.27,398.185474200633,718665417.14,29.6213630244,532960168.7,25861707.29,29470637.37,4442719.63,638660085.8,79148744.71,79440740.53,2023-01-09
336,301631,壹连科技,81917967.88,,735238889.24,,546504125.63,17158644.47,26683149.44,5805756.32,631425584.25,101384616.54,101623815.34,2023-01-09
337,688620,安凯微,23243571.26,,267772695.31,,183856426.58,3971171.62,21218402.43,519779.66,252085626.17,22432517.03,22614129.76,2023-01-06
338,688593,新相微,-8798046.24,,157678742.47,,114368926.28,11449640.3,9875701.52,1325907.19,168962155.56,-8557942.87,-8722282.53,2023-01-06
339,688443,智翔金泰,-157979882.19,,31132.08,,20011.04,,14094520.86,19838892.39,160454678.41,-157977612.14,-157979882.19,2023-01-06
340,301617,博苑股份,17340766.7,,338317885.9,,272773803.94,10252997.42,14502710.26,6354537.95,314988838.33,21717571.62,21008178.88,2023-01-06
341,301589,诺瓦星云,237538747.32,40.043435886301,1212924975.48,29.9898825187,586807105.11,182661307.93,68303753.86,-11119563.98,982346423.47,272533139.96,271898837.5,2023-01-06
342,301556,托普云农,27260718.67,,227883354.05,,98580841.55,25086267.36,52255980.76,355971.95,204524883.19,33961724.78,34499711.82,2023-01-06
343,301510,固高科技,50160247.54,-33.461208700639,247543329.3,-17.2709974809,111793675.86,23293150.52,16797103.18,3033781.52,209823823.81,57277760.99,57194160.33,2023-01-06
344,001390,古麒绒材,35817434.27,,459218200.42,,377838074.0,2434015.9,8292021.63,10814061.07,415339902.03,35819384.62,35814622.76,2023-01-06
345,001239,永达股份,11550868.33,,403331020.97,,323850702.04,10413471.61,26659751.9,15164019.05,385648128.23,15609222.17,15836008.88,2023-01-06
346,301596,瑞迪智驱,26384192.06,,371842153.49,,275772918.01,23413118.22,20597458.8,4214392.41,343404330.17,32012130.67,31380961.17,2023-01-05
347,301552,科力装备,35318713.98,,157444376.13,,79655912.52,9668276.27,14713475.54,-298548.13,116754166.38,41807483.05,41712705.67,2023-01-05
348,688759,必贝特,-58937458.58,,350485.45,,109687.65,,13897071.93,-682346.88,61491681.54,-58937458.57,-58937458.58,2023-01-04
349,688758,赛分科技,-10823187.15,,73730710.88,,23682863.89,14467447.07,25154006.5,1735161.45,85771101.83,-11754793.25,-11815496.58,2022-12-30
350,688648,中邮科技,50491179.4,,1224603034.5,,945864701.03,63913667.46,74764945.34,4060409.24,1159729799.97,51401635.3,53008896.53,2022-12-30
351,688563,航材股份,332481738.37,,1324639503.49,,793302246.27,15350447.19,47213954.11,9911500.45,955767017.58,380442441.54,380753154.61,2022-12-30
352,688506,百利天恒,7730860.05,-76.449914594531,1206623638.95,8.6175376734,229836807.08,771709813.28,59063929.04,3112956.29,1265426342.53,11771462.53,12298462.12,2022-12-30
353,688765,禾元生物,-49935650.67,,10249951.75,,3182795.82,2806690.63,25139999.64,-329561.49,65684535.8,-49926344.48,-49935650.67,2022-12-29
354,688710,益诺思,36167270.46,,244766411.79,,138824167.62,4644494.92,51069863.73,686052.17,208372462.63,43645852.24,43775355.33,2022-12-29
355,688610,埃科光电,4541401.74,,33606309.44,,11964182.12,1997521.77,3190622.56,81656.56,31681367.39,3637021.26,3632865.91,2022-12-29
356,688584,上海合晶,135150967.74,-27.292826787563,1113569188.84,-10.2224684541,949734287.36,10506131.13,107134487.12,13866017.82,1141165044.45,75673757.28,152399511.24,2022-12-29
357,688530,欧莱新材,-8141278.57,,161048308.64,,123859099.13,16131197.64,14664993.87,2339529.29,167524099.29,-7697132.97,-6982882.23,2022-12-29
358,301606,绿联科技,225406214.23,,2045446648.21,,1029451649.14,611177744.3,66324636.14,4567582.33,1781698244.18,262896784.21,262641880.05,2022-12-29
359,301613,新铝时代,3522256.63,,351048856.34,,278785334.39,18416047.47,23655856.59,5956496.82,348779698.9,3191866.0,3147389.02,2022-12-28
360,688525,佰维存储,18661274.56,113.677031580248,1173506283.88,-7.9478041078,990202916.35,45627220.43,39043486.16,22050550.36,1144283009.93,19291088.49,18748655.78,2022-12-27
361,301595,太力科技,32837184.84,,359478576.97,,168989134.14,99558390.51,32092159.48,4516436.32,320022053.24,37461960.24,37661272.12,2022-12-27
362,301297,富乐德,43914587.3,71.771921259446,321865913.24,138.4901213894,190458805.92,34035687.57,21473683.0,1994017.46,268880382.88,51409658.25,50494336.86,2022-12-27
363,688631,莱斯信息,36312653.9,,1022995257.64,,727035284.32,75880927.69,94398344.57,1799837.51,986253352.26,35821664.63,36532059.63,2022-12-26
364,688496,清越科技,46790777.07,-22.176116392472,435733837.11,-6.4906111486,303166552.37,21354584.06,22331654.03,1840373.59,393031945.62,50470119.79,50668716.19,2022-12-23
365,601059,信达证券,210067991.93,200.279919007784,2222965979.52,34.0089728742,,,1572582579.36,,1901918401.22,321047578.3,230477495.07,2022-12-23
366,301565,中仑新材,-56456403.4,,1264171892.08,,1201219981.49,20562247.95,78654017.76,1356711.44,1310799063.33,-56538941.11,-59403652.69,2022-12-23
367,300784,利安科技,33105508.51,,234493862.36,,156291837.74,4934865.85,21337933.54,1749168.19,196181247.41,37523412.77,38075675.56,2022-12-23
368,688548,广钢气体,84387341.63,,240551156.87,,172915287.83,2899659.82,22099271.42,3086727.24,210215959.13,88332452.65,89285949.76,2022-12-22
369,301502,华阳智能,46471169.45,,314554952.85,,202513892.44,10774175.63,24823661.51,4854749.76,259589398.59,54801137.26,55008087.43,2022-12-22
370,301301,川宁生物,91389165.58,-76.564525840895,3143433429.42,-6.1495963066,2476200309.47,56040173.15,213597526.91,186113665.48,2984936186.48,117301340.02,110256757.87,2022-12-22
371,688653,康希通信,-71741449.35,,28572204.47,,20182592.14,9082098.4,30049086.77,363614.29,97939071.41,-70534533.67,-70538193.67,2022-12-21
372,301280,珠城科技,62072352.22,17.673291542939,627056254.78,20.3282665198,445447243.32,23433692.5,44226978.45,5885917.94,543251046.72,80688424.63,80666758.28,2022-12-21
373,688651,盛邦安全,18096223.64,,106720845.53,,24798755.29,42390850.54,7851745.13,31028.09,91504966.0,19908574.73,19787142.95,2022-12-20
374,688147,微导纳米,54551094.35,292.932498068451,215815556.33,414.9428608381,99315354.32,10097283.27,11042622.08,3307388.25,155836641.44,61098691.45,61294653.0,2022-12-20
375,688141,杰华特,-79950619.67,-61.171607553621,256843961.12,29.8540873808,221595278.97,21364254.34,14381294.12,6592994.35,325325716.84,-80006116.18,-79950619.67,2022-12-20
376,688691,灿芯股份,5308550.65,,405714297.87,,341207224.8,12307361.12,25922150.78,-191819.59,412372144.02,-1658404.87,-1686702.58,2022-12-19
377,688498,源杰科技,13206998.03,-14.967806215584,81312287.93,15.4821233979,44729326.35,4753311.43,7024452.68,1832879.44,70121093.32,10762761.17,14205863.07,2022-12-16
378,301608,博实结,176597314.31,,786805256.34,,509982706.18,22022171.13,16380150.27,-736854.84,591958129.1,202101576.89,202868550.67,2022-12-16
379,301607,富特科技,-60953749.41,,200103488.68,,176852113.78,13143944.53,21136148.73,2991257.58,255771231.04,-60006324.91,-60953749.41,2022-12-16
380,301105,鸿铭股份,58901064.74,0.941797122807,265018823.46,22.9377555132,147027466.12,30039887.14,14397325.48,-1228624.17,205425161.09,68238559.7,67855963.73,2022-12-16
381,688719,爱科赛博,-17431739.25,,238080363.74,,145412896.52,39023472.99,30232086.53,7308000.37,256458121.07,-22023133.32,-21888903.25,2022-12-15
382,688692,达梦数据,89361190.4,,301619329.26,,59407112.04,95651086.79,32234321.95,930297.78,254154315.59,87559774.5,87970095.84,2022-12-15
383,301590,优优绿能,9057569.53,,98978012.27,,68747894.25,6488079.98,4293785.96,207941.37,87689284.37,9626120.96,9727670.81,2022-12-15
384,301392,汇成真空,22320187.89,-3.855879486282,295412049.56,-9.4717200084,205779432.95,16153062.75,27322731.61,1177884.2,268078807.47,26155980.94,23881212.65,2022-12-15
385,688671,碧兴物联,33391471.2,,359504040.7,,202177125.41,53020207.9,27556037.03,2538181.49,320441446.7,39350282.22,39660062.14,2022-12-13
386,688172,燕东微,-125675256.03,,1041492983.31,,793163084.78,28864954.42,256127513.82,-21250002.23,1164896770.53,-171058424.34,-202881622.71,2022-12-13
387,301629,矽电股份,5283767.55,,93317296.4,,52067367.54,9632339.44,11044347.47,256848.6,91660798.64,4217673.16,3360171.27,2022-12-13
388,301398,星源卓镁,49188303.5,60.211221825603,146992291.11,38.6386401971,68101190.88,4601248.12,9740365.16,-756588.74,90302210.6,56222118.17,57496424.15,2022-12-12
389,301265,华新环保,85789580.69,50.047042478819,583195057.5,38.201711309,406402153.95,2227159.36,46109407.8,5701383.37,483013719.43,98752446.56,98618855.11,2022-12-12
390,603082,北自科技,43721425.31,,776957822.35,,658536782.92,16258402.64,13011416.42,-525137.66,717993405.31,48594876.53,48594876.53,2022-12-09
391,301587,中瑞股份,3200990.97,-95.335531529682,279485131.73,-27.0146385953,196193259.03,8103821.81,21194499.04,2955918.52,246952233.02,4525757.04,2871699.94,2022-12-09
392,301536,星宸科技,63149190.95,,711049255.54,,444602679.72,6598205.5,25212599.24,-2458381.92,649595096.23,59390472.49,59408472.49,2022-12-09
393,301368,丰立智能,62432606.16,111.496619470308,305864936.62,7.1505656709,223458193.75,7477028.77,15624334.11,4155243.32,264732112.97,73121670.99,72990494.59,2022-12-09
394,688695,中创股份,26996800.67,32.871878415001,69016383.49,-46.6256532126,4197317.35,21359538.67,11066702.52,-93414.8,57150988.0,28760759.87,28765484.87,2022-12-08
395,688652,京仪装备,-29339845.39,,230966033.95,,167317937.51,51369577.12,22722895.67,2862102.7,266830125.02,-34356128.42,-34023390.5,2022-12-08
396,688602,康鹏科技,141368643.45,-56.175681276269,687261243.26,-2.9729259081,424530004.79,13828722.15,55583894.99,3786001.16,553501883.27,166643259.34,165318206.96,2022-12-08
397,688475,萤石网络,211099222.73,59.811468535411,2364440342.88,54.6870967486,1571274817.0,299184022.1,25556903.56,-26997382.33,2188826047.66,242663972.45,242698811.46,2022-12-08
398,688410,山外山,-33992781.09,-25.602177381214,142305644.5,24.995687194,101107177.44,35816886.16,27655555.07,1798086.4,179853199.07,-33338255.09,-34968667.2,2022-12-08
399,301255,通力科技,37241505.7,59.83180278138,307282882.5,8.7266114432,208514385.43,20507559.18,12829271.35,6431397.74,262470156.26,42478762.06,42665544.49,2022-12-08
400,688503,聚和材料,70776144.5,1319.54528228188,894014763.2,310.5030200094,729317656.61,11254899.43,8804382.3,18305065.61,808803026.2,78390339.37,78506470.4,2022-12-06
401,688629,华丰科技,-96564072.94,,528662660.48,,416964502.87,32991627.81,72854867.22,20481278.36,641111846.97,-96187658.26,-96736587.05,2022-12-05
402,688143,长盈通,46605498.83,112.160641822715,177697182.98,27.7626982346,80509304.32,10113989.24,19239212.21,2164202.28,128480146.84,53796359.56,53419503.83,2022-12-05
403,688084,晶品特装,-373686994.39,-131.532783383636,110354188.18,132.1882925166,50351132.22,2519045.66,397216950.14,2344306.66,477572433.02,-373246263.42,-373577438.62,2022-12-05
404,301287,康力源,35630725.98,141.672144236552,381852022.37,2.8686393607,260024423.49,45883098.67,15655492.17,5839550.21,344254127.17,44207087.86,43716416.51,2022-12-04
405,002842,翔鹭钨业,66725979.6,-37.35,1479785363.58,-11.6627927217,1284117026.64,12035087.72,49301423.12,33813546.52,1430509134.94,71382848.9,70494286.96,2022-12-03
406,688469,芯联集成,-772008566.14,,269769277.54,,755236254.31,6453047.82,28609913.19,5486418.88,969760187.06,-786958801.58,-772008566.14,2022-12-02
407,688020,方邦股份,128658027.01,9.82,291693846.84,6.1834777607,95413286.57,10889781.55,24901673.34,-4271265.37,163640159.3,148477186.14,154828560.01,2022-12-02
408,301586,佳力奇,8173514.22,-66.599036661418,181900443.78,76.8432439684,84008997.35,4717194.87,62742862.8,4846343.99,165235900.46,18556550.88,18224565.18,2022-12-02
409,301662,宏工科技,6603902.9,,219801034.74,,150955549.47,12801373.67,17926541.7,2124627.77,203950386.29,6252608.5,6006123.31,2022-11-30
410,688489,三未信安,20478631.0,72.886600221567,133778089.04,28.6307456191,38976745.26,28013274.39,12760710.97,436287.95,114478258.85,21759928.75,21751506.75,2022-11-29
411,688429,时创能源,106044060.31,,345343568.09,,84988722.92,19622819.49,31726117.61,-179502.65,217820824.69,121542069.82,118519026.57,2022-11-29
412,301538,骏鼎达,56687296.41,,281602509.63,,142605946.77,37827878.8,21892152.69,-1037409.19,217304043.29,64560497.83,64537826.56,2022-11-29
413,001223,欧克科技,58999115.93,39.415039415877,226208291.5,21.8491861602,116212208.63,14956344.97,13065958.87,2558799.2,163159726.73,67915827.21,67755092.71,2022-11-29
414,688576,西山科技,-54198766.34,,82495994.16,,28370923.34,55057001.06,13970887.66,2720906.07,135809079.08,-54212639.82,-54318946.34,2022-11-28
415,301391,卡莱特,62788398.02,161.602846151928,329694257.43,44.6131105195,188388604.03,34492966.31,13911723.08,147796.06,267649846.36,71671567.86,71667967.86,2022-11-28
416,301290,东星医疗,47378972.81,-6.133748568753,295602807.65,14.0220930349,138175659.91,46576987.26,38097651.84,2404275.14,239261691.11,58830364.0,58920462.06,2022-11-25
417,001301,尚太科技,88432936.93,-23.367687587181,546784843.45,16.6327867317,338518603.86,12765784.73,57905826.04,1211135.54,432709811.49,111860852.89,111504745.58,2022-11-25
418,001220,世盟股份,53676000.0,,372892100.0,,277739800.0,2373600.0,17232000.0,885900.0,300733700.0,72171100.0,71675900.0,2022-11-25
419,301591,肯特股份,45511929.12,,245432478.05,,151835719.06,11526457.3,16713165.37,-782694.08,196307898.55,51620177.37,52322405.92,2022-11-24
420,301539,宏鑫科技,43136499.72,,542352544.17,,422499674.46,29384171.31,18512374.96,5754150.56,495682751.27,51876531.21,49431831.58,2022-11-24
421,688627,精智达,446845.59,,157196307.76,,101696271.24,21555759.34,15060992.06,373788.58,157414992.37,-853283.05,-1099271.5,2022-11-23
422,688543,国科军工,13168566.56,,307916328.63,,175745868.62,13763777.57,36772132.49,18373550.63,293001217.54,17098387.41,17369867.81,2022-11-23
423,688623,双元科技,22855904.61,,125669955.22,,69283927.05,15210420.74,7728565.91,-5964.29,104764156.96,25837178.58,25841028.59,2022-11-22
424,688480,赛恩斯,36094858.88,242.441101605577,467019345.12,60.8095932815,341689351.51,24504817.09,24614554.93,3227067.93,421023402.8,42291962.83,42310842.86,2022-11-22
425,688420,美腾科技,63284104.57,314.837303617177,241458385.45,81.4438346112,83159714.52,27040792.73,28640120.12,1006466.63,180415206.0,70902755.2,71001353.15,2022-11-21
426,002412,汉森制药,159695917.65,10.06,887490963.28,-3.7376069264,232402326.1,362651709.81,54221382.81,9816912.64,710177569.24,184955166.64,186103174.15,2022-11-19
427,603205,健尔康,68907081.9,,748957590.49,,575773911.48,30946589.39,19210669.6,15467665.23,676381962.58,74919939.45,78229666.26,2022-11-18
428,301588,美新科技,20942227.04,395.633773184171,349652559.26,8.7840381096,250937368.19,26927685.51,30723142.88,8928410.33,329915124.44,24042373.05,23781982.61,2022-11-18
429,301516,中远通,51035092.85,235.21980598891,931018954.99,-2.0033483695,736304338.55,23320096.63,23129843.9,5297649.77,871602420.91,51060404.34,51087904.78,2022-11-18
430,301498,乖宝宠物,4160235.15,-90.655778685349,1403141726.55,14.9068412727,997925654.11,245915608.48,102200002.69,7484969.11,1396290356.27,11466124.21,10200521.03,2022-11-18
431,301555,惠柏新材,22742974.21,106.949972792458,551350783.12,23.8207531507,434767216.87,32108482.71,26663142.99,3902006.51,530945788.86,24163938.9,23799546.45,2022-11-17
432,301365,矩阵股份,123191180.21,189.170932908187,456742425.17,57.5441118139,219458173.28,12352951.0,50570139.94,1832101.23,308033417.95,148042243.15,148040318.26,2022-11-16
433,301377,鼎泰高科,71193232.07,2.403643001155,700295401.08,32.3063136968,455767884.13,32360510.59,53944730.61,14683930.3,601719886.67,80131412.51,79063366.82,2022-11-15
434,301335,天元宠物,87183972.38,-0.33764423178,1048740698.15,18.2738691121,765055580.94,104697280.87,39220807.31,1371711.21,932162396.66,110077000.93,110047525.04,2022-11-15
435,688376,美埃科技,71283231.08,102.891632063653,792452937.75,23.8491774779,546561201.36,73292287.19,32840421.86,8611882.59,696349712.58,82345531.56,83071303.38,2022-11-14
436,601136,首创证券,433970302.57,148.243472906432,1339618763.5,64.3204994189,,,718805779.06,,755571049.45,584047714.05,586350268.45,2022-11-14
437,301580,爱迪特,48583293.88,2.560970814208,299164703.73,40.741883997,144904715.95,54271626.69,25384517.88,-510171.57,237990692.14,57475248.59,56791363.86,2022-11-14
438,001256,炜冈科技,84681103.16,12.755691851284,382104367.93,6.773595879,242705345.54,24513240.28,13353143.28,-1513018.02,299184012.58,98639650.98,98578669.41,2022-11-14
439,688531,日联科技,8318449.19,,149030568.31,,90197935.94,20338708.1,16713849.06,-1063544.44,141324192.53,9128635.92,9104088.96,2022-11-11
440,688362,甬矽电子,-39603868.06,-1.425342222791,365771691.83,848.9650419837,303822647.25,7460740.77,76204285.89,8147748.13,425933176.62,-42149562.95,-42204380.03,2022-11-11
441,301578,辰奕智能,21442129.74,247.050199434504,351324954.41,11.6841332167,264970466.82,22695340.32,27146715.09,-637967.37,331044487.17,25115458.78,24784222.8,2022-11-11
442,301568,思泰克,68077015.91,24.979431711774,226489117.71,15.7658668143,103204582.47,33172145.84,7691327.36,18948.87,156008173.42,79640675.76,79618463.24,2022-11-11
443,301329,信音电子,54075012.0,34.954190729159,723866603.38,13.9102291391,513112594.1,60425691.54,44090141.47,-1817558.17,651457819.14,63792450.29,62881967.8,2022-11-11
444,301311,昆船智能,79314358.24,25.310032056498,1546770273.33,1.7541262644,1167706121.25,83484105.3,108917283.71,28846005.53,1471481245.21,84273613.18,84426766.06,2022-11-11
445,301361,众智科技,49832720.35,35.239584442348,139095993.29,15.4174603512,63855543.51,10774763.68,10455157.57,97372.44,95651766.54,55464446.62,57609011.15,2022-11-10
446,301396,宏景科技,34746641.06,47.50127706322,402244203.29,6.9700725801,300285764.36,16231704.01,15790724.06,3500909.03,357000359.23,40025373.09,39922873.09,2022-11-08
447,688432,有研硅,124768906.76,-15.780434526445,624502577.06,-10.3103946742,425775854.07,12199967.37,41288212.36,-12505136.79,507576959.57,125202716.22,125419600.51,2022-11-07
448,301356,天振股份,338394535.91,19.362272273369,1727755750.35,-15.986871441,1115557148.89,127421637.28,35431071.41,-10360782.68,1342498464.2,401442828.66,400489970.72,2022-11-07
449,688347,华虹公司,1039622164.31,,6522230198.13,,4616414411.07,60942667.5,574336679.24,-106689520.68,5627465683.88,1168546648.51,1168619134.19,2022-11-04
450,601022,宁波远洋,184740283.35,30.192890772246,5113780144.34,9.0643238965,4760910960.7,,114336936.18,25828183.69,4907935372.5,255608486.99,256241504.43,2022-11-04
451,301566,达利凯普,42418179.59,-25.494238440701,161582560.81,5.902760346,58538532.51,11223190.73,30591871.36,-481667.23,110856976.29,51721893.8,51700560.16,2022-11-04
452,301508,中机认检,58910682.27,,347548997.62,,198605543.98,6081542.95,62898181.53,-4354280.44,282482249.32,70908190.84,70900400.97,2022-11-04
453,301359,东南电子,57251789.08,8.720644453812,226308462.11,1.8196798977,122343596.06,7801310.7,16655917.97,485154.03,158982953.39,66895266.64,66530546.32,2022-11-04
454,001333,光华股份,91709867.49,120.672786889478,737683743.29,7.8479514135,551321329.75,27110715.56,19473565.18,10029124.78,634247944.19,102612636.7,102484751.08,2022-11-04
455,301577,美信科技,21475782.57,3.179258463321,289125020.55,4.4518159222,221519935.54,7220920.83,17689059.0,442435.69,257113943.06,25189637.9,25219125.0,2022-11-03
456,603310,巍华新材,43347578.5,,518543509.56,,407595191.19,7574889.0,21270340.37,9744064.35,466060388.02,51896168.06,51057129.6,2022-11-01
457,001338,永顺泰,143509279.87,-10.662230333331,2938144697.33,20.7925558952,2472590405.65,140732494.95,123097649.2,31424773.53,2794683520.16,145963174.15,145983699.7,2022-11-01
458,301165,锐捷网络,392007007.39,19.650651927631,5219955297.85,21.8929686363,2848769701.58,1126819108.18,178679740.76,16873628.06,5071521146.25,351489983.09,367129987.59,2022-10-31
459,002524,光正眼科,72665393.43,197.12,1284867050.87,9.3232348944,800735311.55,146297922.54,157334335.85,33420332.91,1147788610.94,217364020.11,216196015.34,2022-10-29
460,603275,众辰科技,120951558.41,,449782275.32,,259818912.73,23421157.53,15995754.03,967064.24,324327279.68,140408961.19,139651955.36,2022-10-28
461,301598,博科测试,63331100.0,,333612200.0,,165954700.0,26859000.0,47275700.0,749100.0,263481000.0,72617000.0,72616800.0,2022-10-28
462,301388,欣灵电气,48508418.62,-10.366911685897,375566023.48,5.5150135531,255958674.66,15713212.88,19839771.2,4978218.64,319186069.88,55992365.19,55441029.86,2022-10-28
463,301277,新天地,109154271.17,281.754396806189,406522630.22,37.76099179,241554098.06,5979358.49,19549954.82,-4250820.35,285328479.52,126088569.91,126142491.38,2022-10-28
464,301267,华厦眼科,217758752.38,32.594776840333,2456383413.19,14.4612848656,1468362505.08,350570444.66,339357363.91,14982770.39,2201956913.32,316229151.46,283407907.78,2022-10-28
465,301459,丰茂股份,43980976.23,39354.6446989851,392640589.61,31.0007912408,270867111.4,22522038.6,16676784.03,4892702.85,336860682.44,54660495.12,52409280.82,2022-10-27
466,603280,南方路机,31870088.5,-56.805303297582,1003859968.08,15.3018169806,717141307.84,59176175.01,102191767.54,-2171728.45,939101786.29,62457595.04,58354584.56,2022-10-26
467,301367,瑞迈特,38802448.02,55.386986946862,257936488.73,36.3732283134,131858720.11,46669146.62,18844455.64,247936.09,225238733.8,43621575.06,43709467.06,2022-10-25
468,301230,泓博医药,47254676.97,414.681245601912,245199739.5,94.8903436299,146390619.1,5804541.46,30433862.59,155660.51,195098783.92,51149191.55,52022634.57,2022-10-25
469,688372,伟测科技,11277809.6,75.893838431358,77933235.29,78.3798753465,37695464.29,2847104.07,7212675.01,5912198.62,67115785.28,11806685.33,12100096.91,2022-10-21
470,301559,中集环科,378359320.77,-24.922162158844,4227440289.02,-11.1951212991,3369845812.12,46414722.18,154717024.21,9125636.45,3766764850.71,451627064.55,432176816.95,2022-10-21
471,301528,多浦乐,33831285.07,76.89715648706,96565230.46,33.2136266158,23844565.49,11785332.3,8935703.47,-390685.2,59475066.38,37266661.1,37632679.84,2022-10-21
472,301413,安培龙,27235699.69,143.05219388347,350736248.96,35.444921267,234299952.34,16029498.99,36714823.85,631067.63,314650552.26,31578241.88,31057630.5,2022-10-21
473,301379,天山电子,38084123.7,9.039493941782,560847740.67,10.5122804089,451843408.4,24142180.89,21414283.77,262285.97,523064281.37,42374530.84,42325280.19,2022-10-21
474,301291,明阳电气,-78548243.71,-494.691574136117,386119257.42,50.7855740625,287195778.95,14914067.55,130023152.61,3531052.38,450567506.71,-73256010.84,-73098579.96,2022-10-21
475,688426,康为世纪,8971580.31,36.442937970808,73938453.34,32.4377688192,23896134.8,19835905.41,8189264.55,224921.81,66342707.24,8380206.29,8354463.17,2022-10-20
476,688152,麒麟信安,20335803.13,85.03847356624,141312864.04,77.3514532709,30002274.5,38895506.54,15793004.86,981705.14,144879948.14,21305692.08,22805694.18,2022-10-20
477,300576,容大感光,37837085.18,-10.21,455112179.64,7.5813947325,309008157.77,44337542.81,29113595.57,63897.98,408687157.41,45464727.96,45901819.71,2022-10-20
478,688419,耐科装备,13357083.96,46.99591491819,86527080.73,38.0378708612,49935793.42,10239947.06,6952936.54,197745.7,79602080.0,10082445.34,14277490.31,2022-10-19
479,688291,金橙子,16055461.01,-6.849458103478,92423064.58,32.7308084942,33251614.23,14063301.91,16695316.41,-942025.34,78456507.25,17136075.2,17029802.13,2022-10-19
480,603130,云中马,92306184.83,62.989884980047,1650655010.73,8.4146043986,1383655215.03,27211897.54,47718029.39,18600662.6,1526140102.72,106697697.71,107693571.72,2022-10-18
481,301223,中荣股份,175235935.63,48.659795750837,2063166607.0,9.3761459059,1539799363.45,98618895.36,108898054.68,22796316.42,1861815609.43,202025576.32,201338992.8,2022-10-17
482,688244,永信至诚,1695690.84,-47.539711805002,163085353.22,-9.6531789873,54318407.26,49891345.66,24669221.5,1954727.17,167793124.8,1430129.31,1181009.28,2022-10-14
483,301486,致尚科技,35502821.09,-5.842370306321,462158554.15,11.7502299912,357022831.9,10548668.6,34358582.41,288431.27,424990399.17,40411853.0,39459215.45,2022-10-14
484,688061,灿瑞科技,22853053.4,461.65028394814,198631435.11,69.6394513643,131884674.13,6673271.84,14174195.1,1444383.64,170771600.36,28299197.36,26976673.85,2022-10-13
485,301551,无线传媒,338111891.37,20.333588373925,586736774.01,35.6005537745,181291836.97,14439254.62,35176595.2,-712316.36,248533908.6,350328318.26,338111891.37,2022-10-13
486,301273,瑞晨环保,35560728.27,14.275127025876,196742816.25,36.3526472684,98882249.3,21222017.37,14589640.25,2185288.69,152665536.72,41318827.98,41528347.85,2022-10-13
487,688720,艾森股份,17093984.93,,176295224.93,,112363771.61,18115650.27,12914479.51,174039.35,168034748.46,16742211.89,18390625.55,2022-10-10
488,688459,哈铁科技,108726116.49,49.871505130104,689362986.35,-12.6894961205,423879535.24,22693636.69,92435006.6,103700.61,605422440.59,123090292.5,123101325.78,2022-09-30
489,603151,邦基科技,53429056.2,22.613834400953,1004665232.64,-13.3986577235,853152882.64,31396755.44,27230653.51,599844.17,941791864.04,60239126.45,60636202.95,2022-09-30
490,603062,麦加芯彩,29144800.0,,700500200.0,,523700800.0,67514900.0,28627200.0,9910000.0,661215800.0,35873400.0,35368200.0,2022-09-30
491,301585,蓝宇股份,10826204.79,,128181014.11,,92335468.7,7836639.31,9870308.26,430781.24,119034217.38,10705164.16,10710934.41,2022-09-30
492,301418,协昌科技,94205567.93,14.919573912794,468052891.19,18.3923741342,322029308.81,11266939.93,11707157.43,-84706.47,361266822.33,115083666.64,115083616.64,2022-09-30
493,301376,致欧科技,107994347.06,165.743276244753,2325566308.87,45.8331541247,1028016126.21,999592061.41,106895023.75,5357191.01,2150517715.19,143352503.88,143007621.31,2022-09-30
494,301363,美好医疗,232496160.61,77.433003209714,742447861.09,27.478028272,379905232.55,20299072.9,39515975.58,-5337356.92,481396294.12,265459737.65,265486918.37,2022-09-30
495,301252,同星科技,41205951.87,92.797930835877,413037040.22,12.4239052954,306934536.15,15657332.98,24637817.87,5002958.32,373699193.56,47613730.54,47375758.34,2022-09-30
496,301525,儒竞科技,9429281.26,380.364041402569,620873307.84,12.3102607468,478947409.39,22933342.75,21565438.37,-2043540.47,581807672.12,34886003.93,34847468.86,2022-09-29
497,301520,万邦医药,26601402.07,-4.670693063538,103046778.42,-1.6623531451,53779271.02,4788590.29,11287626.43,231984.76,77358444.95,28343913.79,30490522.55,2022-09-29
498,301468,博盈特焊,82075590.63,33.689918034712,439366816.64,108.8381427463,252597661.22,5264111.44,55109496.14,3171369.08,333670607.11,102616936.84,102613540.19,2022-09-29
499,301456,盘古智能,49150661.78,12099.0557735306,189854977.37,96.9779435492,68312802.94,11178912.1,34495239.55,1432852.73,128751007.64,59555102.62,59640923.63,2022-09-29
500,301370,国科恒泰,149416560.6,59.827514873543,4246329662.22,16.7613195518,3625121230.95,193065442.25,82718943.68,97944258.3,4005744301.11,219765361.97,219450883.02,2022-09-29
501,688409,富创精密,-33343998.53,-585.900704298122,253351200.44,12.6347823171,209817708.93,13538825.18,37020499.77,6900243.45,297266749.4,-34126769.66,-34215580.87,2022-09-28
502,301389,隆扬电子,105838650.85,26.987536069647,268459642.89,25.3957533214,114318316.6,8986191.58,7578175.35,-3480738.06,145344241.83,123411446.26,123407314.7,2022-09-28
503,301380,挖金客,116315965.2,89.010070265243,258422418.49,22.974599336,168455352.93,4175341.25,8596825.48,-236445.25,190152280.4,127346865.77,127614766.16,2022-09-28
504,301172,君逸数码,54367587.69,7.676926545907,293223786.17,0.737255184,188366967.08,8080673.24,14114917.44,-62720.41,224078087.52,59965561.32,59973969.06,2022-09-28
505,301381,赛维时代,54107976.2,915.7391255842,2878775073.9,28.222565171,972611251.0,1661484698.83,116009337.32,-176766.14,2784652775.82,63208897.54,61696578.42,2022-09-27
506,688137,近岸蛋白,-8498332.95,31.368329703344,35983211.77,38.3723253526,10428107.12,13266109.46,9065661.63,933148.2,44035153.89,-9707249.6,-9708010.21,2022-09-26
507,301319,唯特偶,54160094.82,32.093274170658,518216943.8,10.9286029146,369932530.0,36194843.16,22243615.34,1587054.75,454025593.34,61483811.07,61368694.72,2022-09-26
508,301313,凡拓数创,52975943.07,47.43586244626,550352669.9,34.0734593734,336934863.41,65540715.87,39551811.86,-1012299.6,476574059.97,60838828.34,62367733.23,2022-09-26
509,301299,卓创资讯,58757470.45,30.387750579688,220125485.94,8.289803396,72800188.84,49511740.57,20105060.54,132692.35,160542247.22,67646627.05,67836587.17,2022-09-26
510,002396,星网锐捷,606162344.66,4.8,9265767751.41,1.4695820279,5717070661.14,1460657534.18,276112837.31,-5046736.61,8717550335.71,830191578.42,852139160.11,2022-09-24
511,688275,万润新能,-73385747.15,-2788.03647090459,766427659.82,-18.3592517156,607567132.17,21911566.41,69211796.78,11425715.13,759756214.78,-62174215.43,-62202431.98,2022-09-23
512,301511,德福科技,19355616.99,-67.426256079927,755469515.78,12.2298487807,672760748.14,10657239.08,38381281.41,25478366.5,771913212.15,13091163.57,15032945.02,2022-09-23
513,301285,鸿日达,37749206.17,51.518516934115,481822017.01,-1.068577008,363449136.08,16267205.4,23176894.82,4586464.37,437279622.14,32162081.71,41140793.06,2022-09-23
514,301176,逸豪新材,26189518.19,14.379693491546,756056865.22,28.5090988908,640206170.46,9961723.13,11350093.02,26170760.89,713426576.3,29777987.3,28422829.59,2022-09-23
515,001300,三柏硕,76765260.43,52.052268703663,573798889.27,-0.4673275703,419630932.43,16413573.0,25623091.71,-4033924.02,482311762.41,88634621.71,88847700.74,2022-09-23
516,688252,天德钰,17277692.08,-0.419774039484,464230356.06,-5.6178729383,372058380.99,18248161.61,11821433.46,-419864.53,458694777.49,21983975.76,21992259.67,2022-09-22
517,688031,星环科技,-211348868.16,-51.839166855026,174245645.02,54.0026359559,68491351.5,149144651.59,77474208.45,-1146877.06,404580542.09,-211361105.17,-211348828.04,2022-09-22
518,603162,海通发展,102550700.0,,557734500.0,,378932100.0,4442300.0,13641400.0,42485100.0,441197800.0,151334300.0,153991800.0,2022-09-22
519,301533,威马农机,44860907.3,76.599415021112,507449889.8,1.7265966178,417975040.25,19303467.73,14385975.46,-1708946.9,461000150.56,50423932.46,51082177.35,2022-09-22
520,301489,思泉新材,36563795.9,45.33944648884,272655678.23,38.6996782826,180826933.42,13288523.08,17270452.43,486197.27,229271630.85,42357052.03,42175369.78,2022-09-22
521,301469,恒达新材,32087935.26,17.058709215524,583343127.9,7.7316229086,463006468.38,20150905.88,23598840.62,14208051.55,547649072.01,34974209.11,34974625.19,2022-09-22
522,688392,骄成超声,9618491.21,-59.424865159626,134286809.68,23.5946849953,72706428.69,14129001.9,16211014.24,-1340284.84,122965318.34,8951406.05,9496373.68,2022-09-21
523,603052,可川科技,75300407.63,-0.89654508048,479071800.73,19.5814903431,328680592.76,17162893.16,13004026.62,9015227.64,388818638.99,86405740.93,88263293.38,2022-09-21
524,301366,一博科技,79912331.47,100.124322362089,405856117.01,19.0479839336,226046292.04,27685494.31,28055517.68,269283.48,326912987.52,89355448.46,89116700.93,2022-09-21
525,002592,ST八菱,-406482396.56,-5687.88,750904447.3,5.7487482699,634580864.77,25004385.21,89674246.65,-4835595.2,773076888.56,-376522473.3,-409725466.47,2022-09-21
526,688132,邦彦技术,27890098.54,160.03313615504,270105446.74,14.8444881958,95803533.72,24941347.64,36688457.64,17283265.76,234674621.84,28682761.08,28618011.42,2022-09-20
527,301622,英思特,427187.49,-96.299045855512,127072666.06,32.8663196806,106259649.25,7204309.28,5815969.17,2567388.93,128459823.54,96067.86,116392.65,2022-09-20
528,301518,长华化学,44816374.02,218.334895800814,1514838188.57,1.5513072018,1377264347.89,39582809.71,18987140.33,14208831.14,1457176830.47,58896519.02,58928026.9,2022-09-20
529,301362,民爆光电,201621121.15,64.664876814818,1081627395.19,23.8382298366,675640054.5,64957562.08,46500141.2,-788377.38,849387660.09,234991820.91,234320075.37,2022-09-20
530,301227,森鹰窗业,75862756.91,26.913163662415,728368008.9,19.1867595725,450225396.2,98598300.05,38835527.86,5350704.47,622480505.61,89211961.11,91001543.19,2022-09-20
531,001299,美能能源,86932273.24,44.443679969161,456217313.8,18.9677562677,338275566.57,8422359.35,24761919.79,-1683116.39,371539746.19,95387542.31,102390090.38,2022-09-19
532,688716,中研股份,13672110.16,16.640101255896,111884426.48,30.708410872,61996587.69,7907734.18,15345074.88,234164.29,97845619.49,15246050.47,14864022.73,2022-09-16
533,688428,诺诚健华,-2141387789.33,-289.378691339305,1247012.57,-22.8789902971,,3458594.29,66017164.85,-69810942.56,234106818.5,-2151150137.12,-2150351284.27,2022-09-16
534,301507,民生健康,43691198.71,31.317206566892,350481972.42,12.8433480781,116578799.1,120989345.35,31057430.13,3284073.49,295594248.85,59870164.66,58650953.58,2022-09-16
535,301499,维科精密,52178147.8,-5.994667254257,537973715.21,1.6548098946,406557678.67,13740885.82,29610200.78,2568338.72,483529092.61,53495821.37,58390557.64,2022-09-16
536,301372,科净源,35134994.56,0.126380999593,310936922.17,13.0183355412,188795783.19,14073782.3,31705110.49,10390748.84,263580321.53,42464975.62,40338176.12,2022-09-16
537,301316,慧博云通,37358416.17,111.639329326572,540306418.08,74.4803467495,405617705.66,11394566.77,46070785.9,4160895.39,507417671.22,36373784.55,36016287.52,2022-09-16
538,688073,毕得医药,-1102451.84,94.145633673573,248598603.37,52.5372580199,100296415.02,59094657.34,48852067.96,1330583.71,234822959.75,5254873.36,5258966.97,2022-09-15
539,301529,福赛科技,48919196.29,324.699194886367,427302341.37,21.1091703395,286044239.12,16356329.97,35982761.73,509538.91,365877747.48,54961979.13,56325038.34,2022-09-15
540,001322,箭牌家居,556245147.82,182.231981246407,6657949905.13,-2.239596755,4496418535.66,582055886.13,443540848.15,41525771.03,5831823676.22,702921812.53,698107028.71,2022-09-15
541,688184,ST帕瓦,20268032.32,-43.79570120703,537494055.56,-15.7664697861,467901675.41,6028996.61,19048310.63,-1028296.98,511170391.95,24296028.02,21442101.26,2022-09-14
542,603057,紫燕食品,247335992.54,99.592458552631,2434990976.87,21.5985736134,1815081830.18,136901751.27,130394283.33,7989464.51,2121733415.09,329869420.79,327730633.23,2022-09-14
543,301548,崇德科技,33334332.88,9.936237187139,257636611.88,9.6457221969,166717197.77,16280402.23,18156711.66,4679239.61,221625591.8,39028743.17,39075777.55,2022-09-14
544,301526,国际复材,102273780.21,-43.33476452412,5485450178.73,5.3394777932,3915634568.01,425225197.98,348988723.28,309416388.29,5205865438.12,241335044.35,199497862.14,2022-09-14
545,301326,捷邦科技,68555737.27,3077.08323985039,607410518.19,35.568611555,402642521.49,31065615.09,45496954.43,1092614.59,520297996.03,77724972.23,77480451.11,2022-09-14
546,301327,华宝新能,36451571.53,692.544649529536,318968563.07,55.2298296195,163759175.07,84298680.68,23450302.24,-685433.1,281204008.02,37985757.64,38056722.2,2022-09-13
547,301309,万得凯,51113632.03,-4.934234414041,512228851.08,23.3223091992,391846542.97,9439888.81,30442719.36,720740.99,451567305.6,60676008.86,60565044.63,2022-09-13
548,001298,好上好,52901386.98,52.395153961162,4119120574.13,-4.3913254082,3849472695.98,61033281.05,59708302.06,36010795.11,4049077604.81,62766418.05,62666777.61,2022-09-13
549,688455,科捷智能,12728294.3,-20.158380406887,462494526.36,24.4997526193,348656154.41,36172564.05,27959155.09,579321.26,441216560.81,7368073.33,7403393.97,2022-09-09
550,301550,斯菱智驱,24875664.0,-25.249484320175,310125763.65,28.9885339354,235814550.97,10820166.78,18865341.13,2633711.48,285149404.65,29407525.59,29522860.68,2022-09-08
551,301161,唯万密封,47209645.28,4.807968290947,289337921.07,18.323306108,174964922.98,25356393.8,13082793.6,3487012.29,232386593.33,53572789.17,54034052.43,2022-09-08
552,300904,威力传动,8355565.32,449.939362396662,92285067.03,161.9960262217,70328179.03,2790105.89,6375002.99,1749392.63,85906347.55,7940666.42,8005917.52,2022-09-08
553,688391,钜泉科技,38094991.88,392.172185186959,300176488.61,75.1663882594,190923316.12,4235159.78,13473050.91,-339391.1,261522255.85,38510044.01,38500904.58,2022-09-07
554,301509,金凯生科,58160997.23,117.944508646163,415302541.85,38.1220478457,249420546.36,20175668.91,50893692.74,2001241.74,342866087.41,71564216.23,69513312.72,2022-09-07
555,301503,智迪科技,34386498.14,699.410457170388,587829653.23,33.0969664437,463700199.66,20805949.67,22552873.76,9466697.04,548532853.53,38363620.55,38489116.79,2022-09-07
556,301369,联动科技,31740134.61,-27.983106147203,148139307.66,-4.9256659331,47124811.33,29756553.65,18465116.15,-2139891.33,122437024.95,33113676.86,33078176.24,2022-09-07
557,688387,信科移动,-1637441061.95,-170.491726750233,4488201238.24,-12.8551856175,3743576186.94,391107851.82,169978157.26,144956715.98,5969579891.46,-1678103194.52,-1685111133.85,2022-09-06
558,301519,舜禹股份,53733779.67,47.151058655047,329314829.44,36.204270843,210413512.32,21643071.21,20095765.24,-1048457.89,264744735.49,61912936.04,61978677.47,2022-09-06
559,301515,港通医疗,34648892.68,45.144702371044,457329763.39,16.0438508661,327729455.56,33777133.68,28169742.56,1966593.84,407117517.65,39727291.95,39927347.4,2022-09-06
560,301500,飞南资源,538438315.57,67.647701393925,4280076908.15,7.6711863218,3527338923.16,9388213.33,107531533.09,-211282.23,3681276221.91,659230878.38,646304998.49,2022-09-06
561,301339,通行宝,416168037.98,381.77931645465,1430568186.19,302.4913272765,824043313.03,42791383.33,36052198.04,-71153623.12,878131150.53,557603266.83,558134295.97,2022-09-06
562,001238,浙江正特,41591450.08,-12.97317596801,674814641.93,-4.130827321,489135732.85,51371116.58,44756920.56,-8082358.12,609761210.51,47913875.28,48139198.9,2022-09-06
563,301276,嘉曼服饰,89483779.62,28.161372807509,896517968.3,23.00949963,442397163.61,234424283.92,77828402.03,-50695.89,762029377.64,118290728.87,117849013.99,2022-09-05
564,001332,锡装股份,167204535.56,100.469071522477,759399085.36,25.925451868,469162684.86,23657707.61,42052359.48,-1803946.66,563722399.41,192865618.58,194375318.55,2022-09-05
565,301331,恩威医药,82591973.5,-4.239703301169,620670190.7,4.7509069095,214603180.53,238237363.83,55116395.52,1505758.68,523795242.95,112781418.31,109809164.3,2022-09-02
566,301231,荣信文化,46054564.73,11.339066750637,402490983.98,14.6850713972,246394376.57,62876177.03,27143521.41,1895041.44,340398470.1,54084122.37,53614947.15,2022-09-02
567,301421,波长光电,19372756.42,4.459715174542,225334777.49,-2.9282094271,145785343.3,13380908.48,21297706.26,1056492.29,196357601.27,22696634.25,22874710.04,2022-09-01
568,301371,敷尔佳,661041599.08,231.202184045412,1342465758.54,259.4425676621,309177695.94,115405048.81,7333646.18,-591669.26,450620088.89,889717426.61,889863517.95,2022-09-01
569,301349,信德新材,72629588.08,100.288546532708,230344537.78,41.2008486755,102424539.14,9403068.82,18171330.3,1101863.61,144349513.66,85598791.38,84630653.48,2022-09-01
570,301328,维峰电子,43429728.47,63.47218238794,231939250.45,1.1210161887,126437417.28,10540709.81,15733056.65,787489.57,184551098.12,47746312.5,47804681.39,2022-09-01
571,002237,恒邦股份,305536032.49,-24.7,28536077559.21,34.5980616023,26960032506.23,125418225.8,486513162.38,350338626.57,28032781344.2,391097113.96,349619889.86,2022-09-01
572,002168,*ST惠程,-1185053360.29,-59.87,1092321442.57,-42.453619644,352747944.61,582524579.58,99841837.89,63522070.77,1176343070.61,-1213282985.56,-1209886922.79,2022-09-01
573,688448,磁谷科技,41126253.48,38.388163549396,213394000.36,30.1217158494,111249507.88,25007444.42,14637170.48,2539172.83,170027462.93,47384237.29,47311815.4,2022-08-31
574,603163,圣晖集成,73347232.12,112.170182586057,934423099.73,0.1661640684,781887701.76,3390789.37,38238503.05,363923.28,834146655.59,98832268.5,99018118.7,2022-08-31
575,301517,陕西华达,44842262.05,13.833119758878,553620512.04,9.9403593413,323673678.13,30828517.82,80252448.4,12257010.49,481716789.95,56585002.23,57305332.0,2022-08-31
576,301348,蓝箭电子,31701017.61,194.780759059336,489935334.58,1.0616868267,389914103.39,9269832.62,20112220.07,1943133.58,452627050.09,35745477.94,35070928.18,2022-08-31
577,688293,奥浦迈,-12265352.51,71.126959129354,58521116.16,72.915190585,29368605.96,6502833.42,9695930.16,2405733.97,71457643.93,-12265964.73,-12265352.51,2022-08-30
578,688035,德邦科技,35738002.88,2212.35528552885,327166438.21,65.9178689173,196935001.33,38719043.42,27215779.52,2540326.42,287707664.33,39188329.38,38544416.13,2022-08-30
579,603182,嘉华股份,73948246.53,1.106838582081,869912953.13,5.0056996147,716683459.29,23791131.32,20216658.57,3571884.85,779892591.08,95838846.11,95815930.96,2022-08-30
580,301487,盟固利,-7937510.74,-109.631236949126,1587197024.41,-31.8775512819,1445296754.38,14639748.55,41680423.26,25282419.01,1611990682.63,-15692576.22,-14698939.07,2022-08-30
581,301296,新巨丰,115543160.39,33.665069211104,935141160.86,8.7104123356,646636199.71,51612451.64,57853620.32,4246036.75,768157977.77,159602887.94,159627795.09,2022-08-30
582,301283,聚胶股份,80003155.73,29.400122070419,758833381.84,29.9775430222,588552593.07,36655061.08,7506453.0,-585151.33,667969057.98,91030104.18,91213636.18,2022-08-30
583,301205,联特科技,56417418.15,17.302639405532,377237340.88,13.9037243,236272711.1,12725608.82,24909529.56,649650.7,302792922.52,65933101.58,66094326.77,2022-08-29
584,300716,ST泉为,25957352.64,-53.23,2032885788.65,86.1579010272,1794542519.45,33281656.42,82294202.58,19922491.82,1992046361.4,27242273.06,27160105.42,2022-08-29
585,001255,博菲电气,36655957.22,96.427672348657,194881562.35,51.6976427039,101821136.72,7673044.49,18760774.25,5023989.39,148696370.66,41715263.42,42992963.44,2022-08-26
586,301115,联检科技,79517189.93,294.478679944229,771231329.08,17.5311413529,493934107.75,40545819.56,89081210.45,4358509.44,670478587.58,95793386.83,92554101.55,2022-08-25
587,688416,恒烁股份,-5065951.8,19.331349442086,133638118.81,32.3396732932,111353080.6,4858670.15,11356550.71,-5615.96,146236385.17,-9796486.97,-7612193.91,2022-08-24
588,301665,泰禾股份,529703514.15,36.904582167845,3104599567.34,29.5663021679,1755117467.38,128162988.75,225997583.13,30273941.24,2272898685.59,864215917.06,918008716.01,2022-08-24
589,301512,智信精密,47903013.75,14.431507032884,244265109.48,8.1975996464,110845254.44,21937018.15,24988530.87,-515028.03,191597931.27,56123545.55,56184739.69,2022-08-24
590,688114,华大智造,-243845234.01,-295.710872808831,1091311962.19,-0.5440832193,525226215.36,125257577.98,171748363.11,73774871.2,1249562599.24,-130427150.86,-130950246.52,2022-08-23
591,301558,三态股份,153348030.49,-5.311190455662,1566505073.55,28.8990285717,697720382.76,604238594.37,28779993.94,20125394.44,1385265029.0,181077918.77,173246824.07,2022-08-23
592,301152,天力锂能,71403279.06,75.025378966832,1011683342.25,8.1278339421,849429757.13,7555311.04,11561351.83,12388582.81,917272444.06,80107341.46,79729581.61,2022-08-23
593,688247,宣泰医药,4638438.67,112.376027016509,138861930.42,126.6826819755,52696091.7,5501240.57,47701221.75,-921816.66,157143700.79,2296017.71,1603771.19,2022-08-22
594,301282,金禄电子,49148155.14,23.841018863646,609402630.57,15.4663933586,453503460.81,22026076.71,37994149.2,8588266.28,551851220.9,52533433.16,52415055.19,2022-08-22
595,001283,豪鹏科技,150809733.06,88.633985351045,2070877493.48,8.147028195,1518506619.32,85989492.92,142758570.77,4731391.16,1877430005.68,181812936.22,179352383.76,2022-08-22
596,001269,欧晶科技,58567820.96,17.096531678419,573756023.62,4.6778080305,441888196.79,2287799.08,21024588.51,7788873.68,501554129.76,65732273.28,65928473.45,2022-08-22
597,603237,五芳斋,163141257.49,68.212950809949,2506966738.68,3.4670658949,1368165896.29,761496238.63,158140103.52,1785805.73,2313178963.41,217158109.72,211545491.74,2022-08-19
598,688381,帝奥微,2539228.2,131.335163261699,136648100.51,40.3073471455,82252869.72,16020946.59,13101865.37,-898714.93,132777257.31,-1627916.73,-1432825.52,2022-08-17
599,002379,宏桥控股,324583753.48,3652.18,2878271808.86,89.6508780429,2373277912.4,34223386.75,35964183.49,-4629185.71,2481232014.5,357665576.18,360383088.68,2022-08-17
600,001376,百通能源,62869390.18,73.89,408578215.25,33.8121977237,269989070.1,506016.54,45643453.01,17657330.59,339675170.22,76808196.37,80330822.19,2022-08-15
601,001259,利仁科技,37888373.44,220.793474567585,523876027.19,7.2450725996,376121580.22,75373476.8,22466519.91,1672290.58,487659680.87,44283573.52,44254509.79,2022-08-15
602,688403,汇成股份,-164029486.8,-53.183748705296,394206603.32,38.0355056544,374857837.35,12891987.89,53875546.61,69847508.72,559101560.43,-164097186.3,-164029486.8,2022-08-12
603,688401,路维光电,-7764560.34,-218.009962155033,218284185.42,50.5520972264,171524385.23,13174817.28,30075935.88,26971151.53,263054875.12,-41889661.62,-41867794.37,2022-08-12
604,603276,恒兴新材,102488900.0,39.112645745127,377283400.0,-14.2180166638,197630700.0,11383900.0,31642400.0,-640700.0,255839400.0,120419500.0,121466100.0,2022-08-12
605,301202,朗威股份,51545857.61,57.416355874705,637612932.59,5.9280982547,479463849.19,29048060.66,28838497.27,9906584.7,573858414.9,62172676.9,62132733.21,2022-08-12
606,688351,微电生理,-15128907.36,-804.66080044153,117439343.33,39.4472071465,37511820.46,45005214.92,18269888.85,-1379834.6,140459572.4,-15110087.56,-15128907.36,2022-08-11
607,688292,浩瀚深度,35978294.3,134.296154535796,355441555.53,18.0285576948,200214826.6,46468193.31,41677361.23,105816.23,339874104.55,39159389.79,38827372.4,2022-08-11
608,688203,海正生材,10059774.68,15.533461418481,231899970.71,1.7627650517,193101288.99,8150285.47,7793264.9,4337892.0,222932030.28,10109239.79,10251987.52,2022-08-11
609,301448,开创电气,63228638.15,110.307522010631,478085347.08,14.2857348562,335948738.65,29078427.5,28644672.98,-2070763.46,413859255.37,71213901.6,71150952.85,2022-08-11
610,301300,远翔新材,43373824.96,-5.228863076612,276710254.79,12.3356780944,180241122.62,24536853.7,10729222.24,3796324.02,230843509.6,50651348.05,50133720.35,2022-08-11
611,301209,联合化学,38284023.65,32.983054791644,444226759.16,-3.0846455019,356782672.77,11444610.23,11115269.11,174903.97,399653231.58,44396779.57,43481273.9,2022-08-11
612,688439,振华风光,69250128.77,86.641279006165,257097268.89,46.6063764878,90684563.93,20451995.14,35215048.69,6093422.63,166795517.39,85084751.75,82670368.85,2022-08-09
613,688041,海光信息,-82904633.83,33.22487010328,379165118.93,685.8119145985,237680941.96,24959342.49,54148098.21,26914137.16,519591350.73,-138754871.86,-138507128.12,2022-08-09
614,301270,汉仪股份,58434843.1,118.627571598423,212059441.5,24.2827500806,37789515.45,66654378.89,23025560.97,-3709004.81,152482399.67,71928734.18,71311389.13,2022-08-09
615,688657,浩辰软件,19161428.3,-53.834293428022,153411981.79,34.4504546596,10418215.28,62919182.44,13098412.28,-871662.97,112128365.04,50400921.11,19134318.42,2022-08-08
616,688273,麦澜德,106064571.01,89.433655764514,255666540.91,78.2402298054,50495669.89,54256491.43,22281292.34,246898.86,156258476.27,115825728.62,115823573.7,2022-08-08
617,001331,胜通能源,23400172.79,-40.642860178619,3037179458.49,7.2568785972,2992257334.98,8326701.45,13581002.22,-166632.94,3017962362.44,30886931.21,30692940.45,2022-08-08
618,001330,博纳影业,314908510.12,19.26094124881,3116164202.48,11.9232283999,1837681442.27,527009421.03,240097419.34,81189445.78,2743623513.44,431643076.8,432059452.68,2022-08-08
619,688370,丛麟科技,222478745.5,2.571437416282,609922201.18,1689.9839165425,268486185.15,11496597.18,71388352.45,7710571.16,394844421.36,256519065.56,256180345.61,2022-08-05
620,301132,满坤科技,80299207.29,5.892713085853,806706595.19,13.9327954817,627723251.89,16911017.09,37153337.2,3019156.25,723408489.2,90480201.8,90399454.64,2022-08-05
621,688205,德科立,46654914.47,229.551268311691,387416832.72,46.1716727336,267081366.01,23669507.84,15304609.14,3916509.32,338090719.17,53137705.29,52843306.78,2022-08-04
622,301121,紫建电子,63765404.54,58.14567334093,421425924.07,78.6669759394,293665391.67,13792708.48,32816433.72,543468.79,376580394.69,72504775.77,72400075.79,2022-08-03
623,001339,智微智能,88510409.93,288.051257864058,1397229043.92,9.6410789028,1152097202.48,27821881.43,33390959.26,5987867.52,1302245201.19,95520484.0,95607706.33,2022-08-03
624,688380,中微半导,24991427.37,-22.78254085666,244806513.5,39.7603765147,137319568.76,11485643.26,40460474.32,2378128.1,222421100.48,27905143.84,27640675.66,2022-08-02
625,688373,盟科药业,-115371843.35,23.19882041818,,,,,31389675.85,-34699.03,126803072.8,-124626788.2,-115371843.35,2022-08-02
626,301197,工大科雅,63323654.26,8.103652087476,304286339.29,8.7634559267,155060045.72,31508462.68,20010571.76,5532.37,234925119.33,66166546.07,66369275.64,2022-08-02
627,002075,沙钢股份,528863504.13,-55.07,13474565780.88,-8.4138495181,12082679366.71,108481364.06,188568485.46,-12307639.39,12493625780.92,1189675616.66,1212215393.47,2022-08-02
628,001222,源飞宠物,54911477.86,-12.59108454312,514755167.13,18.4704043528,373614201.13,28584255.58,23826367.54,-3102105.09,443259264.8,60797145.18,62727656.94,2022-08-02
629,301095,广立微,19330863.67,293.886505347089,66143548.95,112.2480181302,5277246.53,6596787.24,11449240.87,-1177242.65,49149248.37,21364800.53,21375862.9,2022-08-01
630,688271,联影医疗,-73519791.43,41.53295005457,2979449886.44,46.4333126288,1734254884.76,694329992.45,205080175.05,39685141.97,3359213216.75,-23003711.32,-21794412.95,2022-07-29
631,301336,趣睡科技,73929754.37,68.520132340683,552184538.62,14.9635890239,366726916.72,82678838.81,15298113.61,294014.92,474345448.93,99321510.9,99389416.41,2022-07-29
632,301308,江波龙,128194937.98,326.734486997353,5720530334.17,35.2900039162,5107612364.13,189469107.72,163156023.8,11939603.12,5563122202.61,145049264.28,144549489.68,2022-07-29
633,688371,菲沃泰,31685657.58,111.984778835993,142843712.67,104.3246630499,29769973.52,14563445.84,41770620.6,1128621.75,105577206.92,38177773.73,38151158.74,2022-07-28
634,301330,熵基科技,182706050.72,38.952350544151,1750732621.77,5.7918115266,955264185.27,296870178.19,116367846.88,-11174220.62,1538066464.99,215984864.67,215712061.32,2022-07-28
635,301171,易点天下,240744719.17,25.006577700925,2493122577.22,26.0028507451,2025820337.03,59203772.31,91936581.26,-5905815.39,2238376729.71,285382342.76,285388123.26,2022-07-28
636,301338,凯格精机,48689195.98,30.874677493994,515196947.32,18.8140216719,302099694.16,68925639.25,36811172.81,3405030.78,451103289.78,57136396.99,56885787.01,2022-07-27
637,001229,魅视科技,56229731.11,33.1630116906,122074153.52,22.0908314939,19077077.41,26569795.29,4768187.08,-80465.07,64209729.73,64071026.67,64568665.51,2022-07-27
638,688130,晶华微,11118578.69,95.470084020371,59829613.95,18.9956482392,22306786.41,3856590.3,4429317.51,845877.09,48809257.44,12746464.58,12717848.58,2022-07-26
639,688253,英诺特,21288252.56,25.467261046894,138011048.05,75.0837630498,24804185.08,45493709.33,20708627.13,-592060.78,112371677.25,26771612.05,26721223.29,2022-07-25
640,301269,华大九天,57157732.35,17.803851669274,257219984.89,70.5906991563,31691289.5,47028393.54,47901402.54,-384625.72,264605288.88,57243555.4,57157732.35,2022-07-25
641,301278,快可电子,41492136.16,33.779284269269,353303500.11,15.756711971,265597162.72,8739356.61,8287771.6,-888051.17,306665970.18,44717812.24,44932934.88,2022-07-22
642,001325,元创股份,95680549.44,76.123699658195,678650238.3,15.9399641274,498339035.73,35573796.55,16960211.74,-4659852.28,554784716.32,125548033.28,126022264.56,2022-07-22
643,301306,西测测试,33357661.52,117.702249110709,164664420.87,26.7663778398,75724735.92,19960723.51,19257938.97,4989107.43,126396788.59,40678192.6,40328587.56,2022-07-21
644,688382,益方生物,-94985867.58,7.884818493955,55300000.0,,7807097.49,,10998742.99,246547.21,151727044.04,-94985867.58,-94985867.58,2022-07-20
645,301333,诺思格,82633381.93,70.905963071583,425450820.33,30.3379586287,240367323.46,8780434.11,45123057.66,-939646.71,327171537.86,99061739.37,99555214.73,2022-07-20
646,301318,维海德,50963453.16,2.690601101646,284874573.31,30.4593658867,150863382.01,26820027.26,20170151.68,-2115854.07,238761494.02,54992304.1,55042050.4,2022-07-19
647,688702,盛科通信,6220743.7,122.687275527198,191663582.13,49.497144626,80405008.6,21293701.14,26744920.12,214641.65,225141771.7,5987445.06,6220743.7,2022-07-18
648,603255,鼎际得,104947043.82,48.164152656322,441500649.27,17.5008672382,248070673.01,20508416.37,24310653.85,4031219.95,310801743.3,122440805.5,122154635.54,2022-07-18
649,603201,常润股份,100367259.17,41.362071655944,2454675398.15,3.1097172636,1919707755.77,179752968.35,86455726.96,27446647.25,2320973414.36,132631326.0,132168642.48,2022-07-18
650,002036,联创电子,224399074.32,-0.83,6081932971.96,26.6471973745,5153751554.57,38093528.83,147011081.94,173894114.45,5747702762.92,257925376.26,258990306.37,2022-07-18
651,603211,晋拓股份,60106051.31,16.145811397862,712970907.63,8.7627909662,557186892.22,17934672.4,30985083.01,9079559.27,648191074.71,67558334.01,67296351.96,2022-07-13
652,688332,中科蓝讯,149076918.55,20603.1949906454,646295039.39,665.5320742578,461731951.44,2746459.74,7674593.96,1436517.57,506441397.71,149088468.55,149076918.55,2022-07-12
653,301195,北路智控,61710282.25,60.783377245697,295920736.57,43.8720705384,119776413.16,49258574.74,25071447.68,8372194.66,242217742.8,59104369.22,59534327.26,2022-07-12
654,001336,楚环科技,31599212.42,75.605342945062,258205816.04,34.8591544507,159172264.98,17111600.91,28886721.45,-59522.48,216678946.72,37739975.94,37883910.92,2022-07-12
655,001258,立新能源,100860407.14,83.634373849282,622592416.54,8.8818114888,254901557.22,,23570284.16,183784616.88,466408951.08,114740226.81,114436250.69,2022-07-12
656,001231,农心科技,55185141.73,51.339777234782,469828009.47,15.6554660861,290392036.18,71515605.17,21707319.11,770498.78,404363678.95,64553618.72,64381912.09,2022-07-11
657,688353,华盛锂电,75930931.72,25.877008085919,423407307.11,14.6115251468,251207073.53,13538461.06,34528721.22,10502285.55,337710693.65,90720336.7,90509860.7,2022-07-08
658,600380,健康元,894346741.25,27.87,11980153109.49,6.9278080536,4270717427.61,3962187663.67,849133879.62,-221845282.46,9913187246.19,2187137847.44,2178099791.95,2022-07-07
659,688053,ST思科瑞,33854928.62,52.16225893345,104512286.06,58.936298104,24268056.52,5740147.94,21019737.05,1026829.58,62781336.55,39966359.38,39807016.71,2022-07-05
660,603170,宝立食品,81498332.95,-11.791618090733,742945537.12,4.4294941162,493788984.29,41830843.85,51833960.56,4723294.71,626430051.8,112407503.25,112604375.5,2022-07-05
661,688322,奥比中光,-516280686.95,-412.950930819582,596949674.22,184.814212056,242569344.0,52712140.03,447596762.2,-7318412.81,1111465306.46,-492386733.46,-498196710.85,2022-07-04
662,301175,中科环保,96343077.02,45.861430240491,604238664.99,13.0788216797,296916356.24,4749179.78,74051111.57,69912931.9,460213700.83,139103280.65,139389527.43,2022-07-04
663,301139,元道通信,62267953.48,74.098331498338,753277939.15,62.9353962508,613415839.69,10538972.34,14083742.42,6513292.95,672312174.9,70132658.73,69927829.74,2022-07-04
664,001230,劲旅环境,55417746.07,92.714710329791,991575475.93,46.1576202026,762282753.78,17041947.8,62346342.25,63512561.89,925241611.77,58594266.28,58947447.58,2022-07-04
665,688375,国博电子,366915276.35,45.6072432892,2225431383.84,29.0509854339,1498028759.05,10430873.2,39011361.14,7059365.37,1718575020.88,447328760.7,448665737.29,2022-07-01
666,688231,隆达股份,-22348163.07,-5.698621559893,565720879.79,-2.8094712702,494782868.01,13884812.33,46721772.06,12197421.09,604130452.99,-23294331.06,-24269418.41,2022-07-01
667,603235,天新药业,727717201.86,-33.718352048467,2024951024.1,-21.4540711814,989990211.99,42055534.03,107487128.2,-27815965.42,1181093630.04,858216477.99,856603645.35,2022-06-30
668,688400,凌云光,37247081.1,-32.739923446177,1430674063.65,1.7865316627,940114900.12,173684453.07,131517820.35,25901534.42,1432959102.27,37906882.69,43039612.34,2022-06-29
669,688237,超卓航科,10712751.2,56.635349976496,51230617.39,24.613834402,24513160.86,1746418.18,4134860.74,303786.94,42365423.03,11214126.6,11214126.6,2022-06-28
670,301233,盛帮股份,33954593.34,11.171483033362,244293680.39,11.2940817358,146841834.59,15252691.64,15922433.09,1701146.57,202456409.09,38358237.4,38261124.94,2022-06-28
671,001236,弘业期货,21266395.11,-73.586744296962,645241561.19,4.7184471102,,,220602156.63,,602126543.09,43115018.1,41584488.26,2022-06-28
672,301312,智立方,67494337.31,13.692233017105,282082684.48,-1.0933642861,131306889.28,11790156.12,41746900.1,903944.0,211574856.61,77928844.47,77936848.51,2022-06-27
673,002442,龙星科技,19221241.82,-85.52,2805930355.05,-9.0677351617,2463213143.04,112849293.96,130790380.99,42470949.14,2785766612.34,22657109.66,22955127.96,2022-06-25
674,301239,普瑞眼科,49054806.49,56.598096015919,1192598684.74,17.3317014685,684152835.16,254700449.77,156009266.72,3224760.92,1100993672.52,92522373.79,80705196.25,2022-06-24
675,601113,华鼎股份,-1341206316.44,-613.87,8564710360.89,29.7110204295,6037489461.23,1698136905.37,231990512.31,65118430.1,8156193342.04,-1267505407.51,-1245460841.81,2022-06-23
676,301208,中亦科技,77354221.84,22.749014387938,812361256.32,14.8449956208,574212607.87,54556742.65,55387451.12,304156.58,720653132.98,90032322.3,90069441.22,2022-06-23
677,301234,五洲医疗,52899553.23,56.561684118155,486961469.88,11.7157834137,379223119.68,22387557.72,12590386.04,159518.72,426972037.18,64105045.66,64146948.14,2022-06-22
678,688297,中无人机,-9880729.13,-769.791701068914,251139431.62,429.5574329269,232661350.48,2631849.82,24903155.74,-1164850.41,262780470.86,-10949063.28,-10982527.48,2022-06-21
679,688047,龙芯中科,193121570.09,2343.54458127903,485629263.56,151.3023948698,207414977.91,39688659.55,55909548.73,-3683269.85,374262087.06,175454883.32,204382712.84,2022-06-21
680,601089,福元医药,218768501.14,9.155655764178,2424678371.61,20.0389804371,592560472.57,1297996057.36,91476844.11,13279603.24,2193923291.06,245068768.75,246870647.5,2022-06-20
681,001309,德明利,36708232.58,20.454485386982,645645294.82,-13.9042515273,518492680.0,4691208.62,30897485.05,4557878.8,596660166.58,47113613.15,47446169.45,2022-06-20
682,688708,佳驰科技,74495340.15,,154777189.11,,35595970.58,3948359.04,12413141.14,-2869.32,67576931.69,87325381.45,87200076.02,2022-06-17
683,688349,三一重能,125540561.0,137.187088853697,1481235008.4,43.1368480959,973378924.33,322894822.04,143804822.45,137353417.32,1733632987.69,177148861.24,118345569.29,2022-06-17
684,301220,亚香股份,84710701.04,59.972410326253,510865538.23,13.7764202818,321732115.6,15219261.88,48887739.4,1033402.26,409369030.47,100204932.73,97956617.06,2022-06-17
685,688249,晶合集成,-1243026741.64,-4.372602794085,533921676.51,145.3013174803,1070759386.93,16350916.51,138708728.27,294730415.09,1699986499.08,-1251339021.89,-1242327232.71,2022-06-14
686,301238,瑞泰新材,176846484.33,97.258813246487,1656860454.87,27.9662582703,1234547447.96,65882401.94,35795490.05,-12758610.25,1398134613.02,264376071.69,263739716.33,2022-06-14
687,001268,联合精密,63857531.12,96.172645729716,343432400.77,23.3686008648,218679567.26,6174411.25,21068083.56,7092849.8,267658859.55,73566322.99,73436097.38,2022-06-13
688,301289,国缆检测,53860514.74,-3.880107193579,163489866.81,0.9453071213,71097619.05,6618353.76,16688999.57,-4942490.2,107314829.07,60163919.69,60161029.38,2022-06-09
689,301286,侨源股份,262013571.95,14.727809426776,779287856.16,6.2308604641,315631903.3,100661009.15,37488454.06,-1779458.13,459431264.7,319118443.88,318855890.37,2022-06-08
690,301156,美农生物,34365656.14,42.416648165012,279947749.68,5.3161657063,171793688.94,33749334.97,22502476.71,-457350.92,243592230.85,38889252.71,38612646.33,2022-06-06
691,001323,慕思股份,332998460.15,53.905525672993,3862094511.61,21.1553834858,1796087754.75,1209516281.2,300748407.18,16354501.33,3425375417.38,427459667.28,426869928.44,2022-06-06
692,688348,昱能科技,21563509.65,70.739287028466,384563447.12,63.2744735703,236995999.57,47025083.19,46873963.15,2046398.53,357020049.13,26945608.13,26730732.35,2022-06-02
693,301302,华如科技,70839576.44,25.46136092757,319856270.8,30.1991967776,91910510.07,30364799.73,39574218.42,1955708.77,235484367.17,73709892.22,73715812.48,2022-06-02
694,301112,信邦智能,87260621.99,15.828628671725,620766422.11,-10.3032583184,424015638.17,21078035.01,27280801.55,1684072.01,492485592.78,128719672.13,127966362.52,2022-06-02
695,688120,华海清科,-154201458.5,-331.798403897107,210927544.93,491.4386976246,144967295.54,26899516.6,158579292.82,11491943.55,386999885.32,-154197039.92,-154201458.5,2022-06-01
696,301266,宇邦新材,49031118.25,47.431556844138,602059915.21,8.8167524541,494048773.37,8061548.29,13768284.91,1792213.32,538355772.27,57442016.38,57449139.51,2022-06-01
697,688251,井松智能,21566606.9,397.237879347547,299787973.95,54.7172395408,212256288.78,21122485.27,12970912.01,4572584.26,276691546.95,24344475.36,24839541.55,2022-05-31
698,688119,中钢洛耐,134687039.17,39.046928788662,1819931472.24,10.8938889217,1343183447.06,143487078.33,95741453.61,25697598.84,1722997545.94,144050101.15,160306642.59,2022-05-31
699,301298,东利机械,49259024.59,17.551997102778,383165730.65,16.4899611511,249906392.91,22066608.17,27667231.98,9466062.79,330796899.35,56266867.17,56577802.18,2022-05-31
700,002255,海陆重工,-1844478909.62,-1050.23,2059678676.41,5.5756534285,1778080526.87,32680985.79,118450930.68,56373573.51,2058632828.08,-2299501536.22,-2302774872.09,2022-05-31
701,688327,云从科技,-639601351.64,-254.006131507515,807347204.5,66.7682057998,477243587.83,228382318.27,395789888.57,-13657905.66,1544632708.2,-691179146.12,-691811193.14,2022-05-24
702,688287,*ST观典,41704176.91,102.736344666456,145913843.04,39.5277473686,70613103.99,1494515.85,11817537.5,576661.99,96977645.56,48539327.74,47923795.3,2022-05-24
703,001316,润贝航科,77765353.48,-10.071034505089,851726291.08,3.2520032513,629753281.92,57550706.81,45916988.54,4131130.92,745914348.23,105534879.97,105477137.9,2022-05-23
704,002408,齐翔腾达,620495267.66,-26.39,30057692948.62,7.6408326911,28280643785.49,189678646.91,354921781.66,136850841.63,29364861915.79,705953243.64,707623144.93,2022-05-21
705,301321,翰博高新,121793525.57,59.685328375956,2379818341.92,-13.7824919027,1936967305.75,42356367.27,119882962.33,24738528.81,2247628891.27,146016480.99,146708799.56,2022-05-19
706,001226,拓山重工,72424395.43,-2.180223236478,559175035.51,10.5581113787,412200408.92,11502888.18,21514562.26,1462354.69,471724132.44,84428481.72,83864811.32,2022-05-18
707,688213,思特威,-241787306.19,-45.380538514091,679154976.08,109.2081938013,555952313.24,113866839.32,131654259.0,1469993.78,925359602.29,-251263726.73,-251515322.23,2022-05-17
708,301192,泰祥股份,78705719.89,-13.045403954564,178511323.26,-9.6134952927,69145485.86,6247855.29,10426077.22,-55587.39,97187616.59,91899349.37,91750295.27,2022-05-17
709,301125,腾亚精工,49419437.87,,318903758.81,14.8847163935,201820702.03,14496596.15,19945313.42,1336662.79,256905123.3,63167649.62,64226575.53,2022-05-17
710,001270,*ST铖昌,66634316.28,15.107440955764,132538336.8,32.7403676395,31044497.88,4816297.04,11498589.79,575327.87,58185292.76,76399746.11,76397202.34,2022-05-16
711,301191,菲菱科思,55070771.35,459.483707234146,1040379083.71,15.214726434,893315137.28,11959427.81,18935030.95,1760577.53,983317778.47,59182023.2,59084423.43,2022-05-13
712,301160,翔楼新材,61770977.18,10.652095059671,571619676.19,3.4654281143,443482553.6,15485767.01,11337323.58,6733137.35,498807986.47,71073910.85,71118560.6,2022-05-13
713,301183,东田微,19849953.5,240.950839918044,284387083.01,108.5642543667,199730722.85,4488407.91,29888920.24,4258374.82,255865712.55,23826404.96,23817361.09,2022-05-11
714,301107,瑜欣电子,35083049.13,-35.481903948457,291909960.08,-26.8173250486,211113266.89,8251375.7,21228723.63,316787.04,259750571.08,39183667.15,39698092.84,2022-05-11
715,688045,必易微,21596627.77,3.004160462545,348158879.77,35.6433881101,271928588.95,4369376.06,13256329.15,-6776.44,325053879.83,23041058.06,23038136.47,2022-05-09
716,603282,亚光股份,64168322.78,186.963817994287,318189107.09,17.9053390888,182580182.51,25707923.33,25704720.65,522789.64,252649645.98,73715339.1,73912816.2,2022-05-09
717,603272,联翔股份,85478405.58,81.090446685273,297563431.48,20.5200785632,139052992.08,30089792.57,25746897.59,-1864236.19,205879614.04,98548830.41,100329526.55,2022-05-09
718,001318,阳光乳业,104290978.16,-7.093500389321,542969466.45,0.6291040981,309804033.07,55151000.19,30532712.08,-2452285.94,415454637.06,116928192.52,116268384.57,2022-05-06
719,001235,里得电科,69379909.74,111.593899438624,326146094.47,20.4780422164,177667583.37,23119458.84,15624562.05,7195044.34,237347095.42,83796721.16,83710486.0,2022-05-06
720,002647,*ST仁东,-25428831.75,-43.57,1791911075.32,20.5918918267,1539348844.59,37806671.44,104324301.34,51402003.78,1782718129.14,-10495898.88,-4737773.14,2022-04-30
721,000523,红棉股份,-100071501.57,26.37,5746059081.48,-18.0865588904,5340458997.24,231790447.96,133882229.91,136434078.53,5903941410.33,-129674021.75,-122780463.19,2022-04-30
722,688129,东来技术,81987208.24,4.927911012139,467597639.41,2.0778008155,254983186.13,68731901.64,24785666.73,32439.74,379447088.89,95501118.78,95475965.02,2022-04-29
723,301257,普蕊斯,52355942.48,72.907731846749,303544694.62,57.4068025092,203747246.5,1804478.77,21537320.82,-356316.57,244212496.69,59178421.24,60619541.39,2022-04-29
724,603803,瑞斯康达,177302150.08,41.68,2372534956.68,-1.6741402171,1373521009.39,358702508.76,156665796.34,25341182.84,2208959684.97,196891302.55,194322005.04,2022-04-28
725,601003,柳钢股份,2342438561.73,-49.09,48620491935.26,2.6799616539,43873801266.16,116960452.57,461771332.72,29299714.5,46026761493.71,2652603089.02,2650662876.14,2022-04-28
726,300176,鸿特科技,-428499237.61,-215.92,1510283437.28,-56.1204692713,1206280247.87,122918556.05,99422829.62,35144010.33,1549511342.78,-409856719.29,-426694894.41,2022-04-28
727,000676,智度股份,619697152.88,-13.14,10873746622.54,41.6997818764,9579646283.08,216797379.21,439449647.86,31428557.89,10439353765.88,659750711.09,663692666.36,2022-04-28
728,603097,江苏华辰,68857371.73,36.828330429938,631856149.53,3.2473766458,446811200.21,54762271.08,15957303.13,2173286.89,548129089.1,77628296.28,77575045.4,2022-04-27
729,300061,旗天科技,65347877.45,106.58,1233452879.49,-46.4957549426,508579806.83,429205657.6,183171422.05,13548432.1,1194411562.89,46457324.42,57567521.02,2022-04-27
730,688170,德龙激光,20391497.98,373.731711546132,352956884.28,9.3843895706,197900448.01,46643917.71,29725665.4,3681097.97,323704125.39,21135015.22,19648128.22,2022-04-26
731,600981,苏豪汇鸿,336997124.91,-71.95,34530958318.73,-11.4213341473,32339972771.25,917473698.87,763771114.97,494103427.64,34623389727.77,683334135.48,729700035.29,2022-04-26
732,300600,国瑞科技,86169854.49,-20.45,486133135.94,-0.5469218128,269742312.07,21679585.27,74688686.38,5361437.37,401162946.95,103745790.07,103464550.18,2022-04-26
733,000652,泰达股份,315625891.45,2.0,20161399532.35,4.8349999346,18685720257.8,99985088.73,238475732.83,828617843.1,19911697347.14,557505754.24,546271627.76,2022-04-26
734,688320,禾川科技,47621674.64,-5.205154350539,312899600.67,10.5582990111,181936247.61,24585092.85,11720698.29,-433590.95,265510692.62,51046770.31,50548190.7,2022-04-25
735,688290,景业智能,26687664.73,35.516374010181,100655774.22,26.0782088663,39768753.94,5777096.54,15170359.5,147153.52,74050102.35,30583680.94,30722175.11,2022-04-25
736,301153,中科江南,71156402.87,42.882944781912,393476173.99,38.3305093931,164335797.54,60778883.55,25794223.63,-1176157.62,320632079.68,77957260.2,77957055.51,2022-04-25
737,001319,铭科精技,85718305.41,92.646621869591,744597899.0,15.3649283847,500714668.45,25958047.83,67005347.85,654976.37,633311492.11,105138255.57,106790148.16,2022-04-25
738,301288,*ST清研,59903139.65,97.261549229849,150978402.68,108.1886318392,55421199.1,7375088.84,9989683.21,-301170.41,81573477.0,69815037.91,69814175.8,2022-04-21
739,301162,国能日新,36432842.49,76.925120467501,169476573.31,12.1178606938,49363187.64,41312868.94,12469907.31,269391.36,133373485.9,39630312.99,39554459.86,2022-04-21
740,301259,艾布鲁,52805267.87,38.269721001807,440313822.49,41.2467753095,320295032.67,11022487.64,18740333.29,-276479.69,369188876.43,60469095.58,60127564.16,2022-04-20
741,688325,赛微微电,3679499.08,7.69147580649,88736126.09,31.9250735268,33938852.5,16182764.83,8921915.26,-66584.83,88858707.56,1003748.66,2026878.35,2022-04-19
742,603206,嘉环科技,89348218.76,59.652224101267,2265070825.51,24.0646459287,1900702025.49,41000911.83,111584527.84,18658880.89,2172222812.21,102176426.21,99901564.12,2022-04-19
743,002593,日上集团,82394010.4,0.96,2636332363.6,-9.1594393831,2280168629.41,120039258.53,55397744.46,47368539.33,2538446758.68,96043436.66,94774826.19,2022-04-19
744,001228,永泰运,63550341.84,21.390048245427,826551615.03,23.7019438741,681137843.86,17992043.42,37191004.63,6481516.67,746393251.59,81984186.57,81133923.94,2022-04-19
745,688052,纳芯微,-9108496.61,-494.566362374457,92103211.68,128.9794850361,38363557.35,12420203.84,20416947.55,-184600.26,101061364.94,-8558140.68,-9058139.76,2022-04-18
746,301150,中一科技,40740987.77,-38.163338578711,830751225.57,37.8948211347,701929047.63,13958647.38,20496893.65,13257208.25,782470225.69,43940755.07,43825972.13,2022-04-18
747,301148,嘉戎技术,185246843.17,117.888877050287,575991092.14,92.5942081845,282234026.78,28945312.74,24819443.91,1771662.78,368602149.06,216047724.31,216578242.42,2022-04-18
748,688279,峰岹科技,35051198.47,161.851661523316,142892948.38,56.2889886462,74860877.93,5584493.91,6666036.45,595136.81,113928154.17,35677316.45,35732159.89,2022-04-15
749,301248,杰创智能,60961181.77,34.088964779122,734469374.63,73.908378095,579571334.91,25261639.69,26196889.78,563259.91,667528966.02,68681230.24,68449410.8,2022-04-15
750,301187,欧圣电气,58630100.79,29.054664023259,609774423.69,-3.1923239289,392287487.9,101443388.28,23514826.74,726533.78,542334012.23,67341129.45,67211576.11,2022-04-15
751,688209,英集芯,16019276.68,-41.447098614037,348047006.62,60.6296561873,215362276.36,5345187.55,63811992.23,1367322.07,332046909.44,20758483.55,20750304.99,2022-04-14
752,688072,拓荆科技,-19366448.24,81.238222348944,251251546.85,255.6585863079,171223934.8,46976512.91,21442074.96,-3314987.71,312842149.52,-19375256.02,-19366448.24,2022-04-14
753,603615,茶花股份,68836354.95,0.66,786665000.92,3.1614136767,557453646.4,81805598.93,52918823.88,-9414123.02,703065392.78,92718371.93,92376007.45,2022-04-14
754,301120,新特电气,68019605.32,19.153791948541,270900571.2,9.8148007256,151907634.22,12096093.72,19505277.0,-619009.2,198798820.29,76586748.44,77902489.79,2022-04-13
755,688125,安达智能,62836653.35,-51.981477634637,362865456.84,-18.9759008807,115899031.75,80143686.44,46016560.7,-2787354.88,284378358.51,82829144.21,78145085.36,2022-04-12
756,301212,联盛化学,58524492.79,101.936745512989,545730144.18,18.4320081116,407603397.28,13433816.05,22619586.0,-1254828.49,466772423.65,76203957.31,74893850.19,2022-04-11
757,601636,旗滨集团,1336739733.62,11.49,9305764517.9,11.0697428954,6566158311.11,129354644.45,514414487.81,111814766.83,7830671635.88,1563664969.92,1550677363.1,2022-04-08
758,301279,金道科技,51817359.95,-14.866475969478,450573835.56,-0.2194241532,347416053.55,6583289.36,15704567.99,1658892.41,394334098.86,58659493.57,58511742.55,2022-04-08
759,301109,军信股份,318694350.8,19.644323196334,995862100.91,18.3468954231,404135992.32,,56770029.48,98257028.9,612838456.21,383491886.69,384216096.69,2022-04-08
760,300629,新劲刚,-25774363.58,-437.47,198198942.81,-3.1956851214,132534567.57,19013452.23,25544385.59,6437497.42,203309270.21,-27830250.44,-27730726.62,2022-04-08
761,688302,海创药业,-111704577.2,-189.549912922404,4226549.09,18.6592287271,268820.48,,12849791.54,370207.51,129594431.27,-111593120.23,-111624136.03,2022-04-07
762,688153,唯捷创芯,-29994054.58,11.414391792791,581422709.54,104.7145706394,476520179.68,9302885.51,41806990.98,669081.18,622654626.09,-36952007.61,-35918760.93,2022-04-07
763,301135,瑞德智能,60827167.3,61.486328246968,942883886.71,13.408455912,738539381.79,24681063.38,53925359.39,10145154.41,881487650.47,65253663.43,66657615.24,2022-04-07
764,688337,普源精电,45990449.14,17.635774183857,303889734.99,4.022613796,151180365.55,48070202.75,33187643.25,2734952.38,272534225.09,45722610.03,45652672.09,2022-04-01
765,301151,冠龙节能,155160956.47,45.118568723018,945547469.3,13.9528241212,502219020.45,116871631.67,50064303.92,17406151.72,732505091.91,207046303.51,207928645.64,2022-04-01
766,688046,药康生物,34744214.11,676.888458400688,192720597.35,261.6408415621,63901538.49,30174811.57,40173964.97,217999.68,165205292.05,46878979.51,46861823.27,2022-03-31
767,600938,中国海油,61045394300.0,15.889844279265,233198556200.0,2.4102306543,129383696600.0,2798463500.0,4588396300.0,5010615800.0,151921671300.0,85424589500.0,85649273000.0,2022-03-31
768,301268,铭利达,95878363.37,64.157653511869,1360932975.43,44.4539996487,1042332344.8,30265400.66,63796068.98,26606389.05,1239318690.04,109525719.86,109694957.21,2022-03-31
769,300748,金力永磁,156880220.48,6.58,1696838476.01,31.6052119651,1330740477.8,25408317.59,54869236.73,36632726.43,1517856116.31,178569217.36,178710930.1,2022-03-31
770,300110,华仁药业,42066213.53,8.43,1461940624.48,5.6422849034,634032297.74,491163649.85,92486686.08,17259796.45,1322481299.59,74040675.76,67408452.57,2022-03-31
771,688295,中复神鹰,26151140.88,206.827150544763,415097674.37,34.7949744965,308905780.49,5496804.46,61027016.28,18816477.44,411052774.92,24840992.79,26151140.88,2022-03-30
772,688048,长光华芯,-128890178.73,-795.335733603149,138510110.82,49.8470027139,88603538.65,9838785.24,143128315.52,404992.72,294736177.55,-134881848.41,-134871348.64,2022-03-29
773,600538,国发股份,5772938.14,126.712820838581,251153525.23,11.8605439702,204203575.01,28508214.24,27170495.2,-7478339.31,255114292.57,9567475.06,10411565.96,2022-03-29
774,301097,天益医疗,63203832.15,41.78281400167,316300725.9,22.4968944345,191495526.58,14176267.66,23324121.84,1581172.51,250355101.09,74222332.2,73149602.28,2022-03-29
775,688326,经纬恒润,-59667535.68,-387.202298593938,1845048801.66,19.9092901814,1209985501.52,184658911.48,196320209.08,7364609.11,1936204236.31,-91053307.96,-91857805.55,2022-03-28
776,688193,仁度生物,3739161.87,111.666230092741,99168053.15,43.0101086536,11036180.75,59773272.8,15208581.64,-36238.19,100026115.32,4010691.08,4010174.95,2022-03-25
777,301163,宏德股份,48064069.91,37.540699549856,610314730.23,24.6131492735,466614485.02,35751354.76,18557202.31,919246.97,555041201.82,55974768.2,55819824.66,2022-03-25
778,301263,泰恩康,54904152.57,-26.245728500036,496388554.65,-3.4046372124,285319597.48,72686008.68,44802444.85,2766284.73,435346873.55,67484463.93,66996784.56,2022-03-24
779,301258,富士莱,145711933.25,56.228478662684,452495741.76,20.5474173877,226956201.45,11482084.39,27271659.26,-4220665.81,284117607.06,170227821.59,170199553.89,2022-03-23
780,301216,万凯新材,367151546.29,87.349391969802,9682441302.26,-17.4209771801,8930653981.91,127190574.79,79884374.78,56731989.68,9217470162.93,495523604.65,483904626.17,2022-03-23
781,600141,兴发集团,302455224.82,-24.81,18038707539.43,1.0918170116,15593040750.38,701454905.19,237229016.63,624686494.44,17581572600.35,483242535.47,456528656.08,2022-03-22
782,603191,望变电气,109080084.03,104.196783603617,1107515846.17,23.8982134156,823899240.02,64066907.99,34677135.22,14264366.98,961779215.38,133371096.49,132004431.1,2022-03-18
783,301237,和顺科技,35858440.89,60.662313700447,236837573.35,29.0321280168,162301163.92,7573624.18,11059166.98,2654059.26,195658587.49,41122485.01,41042485.01,2022-03-18
784,688238,和元生物,-36523268.11,-12.983672170466,62914467.63,42.3093138189,38432901.73,13829367.59,32486889.85,2428768.71,111020818.93,-42835817.48,-42830253.24,2022-03-17
785,301256,华融化学,99324868.74,33.369939331271,1033931684.39,6.9972791777,795081381.95,55124164.03,52664576.62,-5822580.64,920815324.22,118279998.25,118095597.02,2022-03-16
786,301137,哈焊华通,69654804.14,3.760629943887,1191009940.45,10.4593599315,977567591.11,51506834.8,34893661.84,4893462.06,1115780575.26,76367871.12,78873332.3,2022-03-16
787,301103,何氏眼科,80601220.83,43.485032932367,745563781.46,21.4812020271,423433842.53,103200320.32,109937762.77,-6613424.45,635902149.9,124167200.01,124440886.19,2022-03-16
788,002644,佛慈制药,71107018.82,-2.48,628815164.07,15.4676917993,461623228.55,91223154.25,57209171.34,-15086837.33,628757954.39,78241819.71,78732759.13,2022-03-16
789,603051,鹿山新材,71942789.53,50.161689210772,794973957.26,3.7396929016,630653993.42,32091182.0,25455515.19,6008410.97,724261098.46,81918228.91,82295069.93,2022-03-15
790,688331,荣昌生物,-430279840.41,-59.39313871499,4824769.08,-63.6560883373,3432934.55,620943.55,66177749.62,43753921.6,468194939.62,-429765227.03,-430279840.41,2022-03-14
791,688282,理工导航,66696813.37,212.183908321328,225988263.24,143.8420903372,135220436.76,694538.01,5734103.62,-74816.07,154769605.08,77020013.31,77020128.8,2022-03-14
792,301219,腾远钴业,110144217.66,-40.542135650511,1739295942.88,4.0661826039,1332284358.78,26397525.62,61535193.09,10769067.28,1500957013.48,134249591.12,127471510.23,2022-03-14
793,688102,斯瑞新材,30499647.8,77.035819738442,565645727.71,15.0751843341,440465692.24,19894077.62,27353256.77,22091825.9,534831774.41,34428152.86,33540064.83,2022-03-11
794,300382,斯莱克,97398165.53,-28.96,791816675.64,7.0939936329,472225307.9,32895217.52,104585923.61,19171019.07,669421952.28,109321227.89,108115044.89,2022-03-11
795,688175,高凌信息,40935910.05,96.065139446438,252143549.15,43.7176080445,113546588.44,28863069.04,31662030.01,634480.49,218856464.79,43459885.79,44233479.6,2022-03-10
796,603390,通达电气,143748762.65,-16.09,784398926.8,-17.6458961103,498206341.84,39469830.98,30221755.29,5299889.49,636310314.14,158213715.89,159950281.8,2022-03-10
797,301236,软通动力,712010017.23,132.228485187659,10604725119.66,30.2911339821,7754609143.05,309271344.66,752531281.3,161676880.3,9886135937.5,762692425.17,776016357.9,2022-03-10
798,002832,比音勒芬,406606998.01,39.13,1825516844.69,23.7011940899,588244701.71,547542781.55,135819476.13,-5585660.93,1341695560.74,472662799.43,471539385.65,2022-03-10
799,688115,思林杰,29588463.47,-34.401366405495,118599612.44,-2.2783317727,28095050.53,6308284.31,23443202.29,-190648.5,91462620.22,31798590.89,31618286.4,2022-03-09
800,301226,祥明智能,44753863.55,-28.596134546484,523812341.24,-6.4821883778,403454804.21,21040625.61,20448074.13,-626541.21,471209040.95,50656116.43,51212782.67,2022-03-09
801,301110,青木科技,43784747.88,1.46018219598,361214792.86,18.2199712197,203889175.99,28862497.92,52430921.13,-907195.34,309693110.99,55778311.01,55977275.24,2022-03-08
802,300896,爱美客,305519840.87,148.683602950695,557715652.79,73.7372321061,41099513.82,77168218.27,48089374.08,-1706400.61,216749939.76,350212408.82,350793286.05,2022-03-08
803,001308,康冠科技,530856518.8,33.783065537719,7031373659.7,2.624736327,5821041081.44,217464752.46,162737924.11,198703.77,6499076620.74,579610821.78,587926683.09,2022-03-07
804,688197,首药控股,-39608230.35,-220.753815006464,11547607.66,-42.1927212688,1397991.52,,10635874.42,-397447.46,55599248.27,-35828181.67,-35985680.42,2022-03-04
805,688163,赛伦生物,65756139.11,56.326880572152,188097075.85,30.3234645335,25958080.82,34434870.2,25655295.18,-1315288.15,105151557.97,77701835.86,77765470.94,2022-03-04
806,301222,浙江恒威,64845744.28,9.183592655547,322013886.37,1.7888095539,222110007.06,9304613.43,11623358.86,-3144462.11,254068543.07,72999188.59,75177195.14,2022-03-04
807,688306,均普智能,89238314.25,168.230936996546,2193098543.65,32.33689484,1683415700.04,110219916.12,180968168.89,45971896.53,2083670966.51,142155840.89,142879762.74,2022-03-03
808,301102,兆讯传媒,192083479.57,20.721885297767,436047367.48,16.3415256454,147048385.04,54940063.04,11666647.79,-3745682.18,224933839.04,211241155.08,211169330.81,2022-03-03
809,603261,*ST立航,68168399.41,-6.7667450999,237520396.96,-8.2536030291,109797721.04,5829209.92,24106419.75,-611621.74,146472885.42,80999520.21,80800664.57,2022-03-01
810,300424,航新科技,67678571.61,34.54,1434985114.44,90.1675994701,1072207953.67,29945248.27,195683582.14,30703782.94,1372090447.99,65503579.81,65426511.71,2022-03-01
811,300182,捷成股份,-2325061290.42,-2662.1,3605090213.4,-27.1757690952,2722346746.86,134733150.17,161967532.92,194711150.44,3295503332.24,-2423264695.15,-2334688875.56,2022-03-01
812,688150,莱特光电,65826262.46,844.910923998306,201798623.34,79.4716676827,76328912.15,5923571.27,31763567.97,-107635.51,134419974.96,66855319.06,67279495.28,2022-02-28
813,603315,福鞍股份,114038536.64,26.08,835579882.9,24.2690577654,615487118.47,7933753.85,35658723.3,13328713.61,708480581.13,119598957.1,120014328.34,2022-02-28
814,603070,万控智造,164512958.99,39.174382482704,1601249083.11,13.2839494564,1042219404.64,167616867.9,95579793.11,21384800.45,1414821125.2,200134372.83,197561913.7,2022-02-28
815,301131,聚赛龙,47526113.21,70.702404993072,999054493.45,15.0602931884,841002196.74,44751701.87,12915508.9,14440020.33,947190010.57,53706704.58,53426523.2,2022-02-28
816,688207,格灵深瞳,-413526647.75,-491.578555327813,71210699.89,37.039730714,33242169.33,74593413.87,273108855.52,-3450326.76,473858739.44,-417061753.77,-417583168.9,2022-02-25
817,300173,ST福能,-148398247.17,82.21,252952658.34,-21.7026996926,173804295.82,16652018.82,33947761.7,19392420.97,262367055.93,-139202764.45,-142539525.91,2022-02-25
818,002759,天际股份,32465529.39,-61.26,774320227.83,-10.0294670021,595042455.09,59373697.18,35330475.23,14290197.41,740623310.21,33724897.05,33805799.56,2022-02-22
819,301218,华是科技,44914295.33,71.793951770197,409512189.81,41.027582934,299599806.04,7827117.87,27533465.11,-44512.42,357518308.8,48939798.59,48904626.87,2022-02-21
820,300050,世纪鼎利,-482782490.61,-951.57,1244350146.93,26.556965414,924710981.12,104549371.34,155939401.18,16151036.08,1310730992.11,-453928149.49,-475051514.57,2022-02-21
821,301130,西点药业,54613470.32,32.043509009159,324914216.37,15.9565293715,46535793.65,177571688.34,19125999.32,-1419661.56,266351133.47,65421359.52,64410241.93,2022-02-18
822,000809,和展能源,-85207808.38,-188.15,184134893.8,-88.1389316907,161370899.06,863376.0,29410888.37,73968435.61,268184166.85,-85279017.67,-84885416.14,2022-02-17
823,688281,华秦科技,-105585261.49,-1130.11304227747,116766622.31,145.5097059709,43436943.42,4400990.59,176734564.58,3852810.23,247305689.08,-126048837.1,-126320912.1,2022-02-16
824,601908,京运通,263408505.83,-41.73,2057403280.36,1.1484583093,1348524394.8,39042988.1,145401987.01,427979945.78,2056835611.43,256627921.31,251541775.22,2022-02-16
825,301215,中汽股份,143155619.25,5.02806624433,359277036.04,7.10684587,103006492.7,5735053.55,44013393.24,6877040.32,173979849.62,189649040.48,189703559.75,2022-02-16
826,301181,标榜股份,92263187.25,121.651813948009,562715110.19,75.9562440891,408194886.15,9726446.68,13122301.65,2183970.02,452661363.16,108645638.64,107699899.66,2022-02-15
827,000670,盈方微,-206113476.37,-21.23,4129630.93,-95.9741267754,4288029.81,1266612.74,74505528.9,-1737268.66,93587076.35,-204425521.06,-207569403.03,2022-02-15
828,603209,兴通股份,86813548.64,90.717272026275,291946693.92,8.5738393848,145655199.02,3668945.33,23537691.88,2811041.37,177138724.2,117879032.96,116899892.96,2022-02-14
829,688267,中触媒,53451261.13,479.279497088191,332991699.07,96.8760797047,211470563.77,6832654.7,24975503.37,2252610.99,277108215.88,59467102.2,58842264.8,2022-02-11
830,688283,坤恒顺维,31635901.01,85.501026959204,105459147.0,82.6703681022,37794377.33,10798779.8,6202415.01,208391.1,67325152.51,36533917.61,36489877.2,2022-02-10
831,603132,金徽股份,161324321.29,443.983512204289,798560605.45,27.9036947009,270175259.97,667651.2,125486708.18,210105319.54,655719404.0,147619267.25,145385559.16,2022-02-10
832,301229,纽泰格,42998721.08,-15.450696762686,413254023.9,43.9573420218,275966292.47,13767481.78,32526878.88,4806446.45,356711514.82,53293285.45,53127162.18,2022-02-09
833,001266,宏英智能,76311100.99,134.705894443846,249387705.59,76.4463659313,132010925.33,4767430.32,8893398.76,502722.41,161237699.36,88003208.24,88002967.78,2022-02-09
834,603215,比依股份,63180626.85,39.98638969131,740106532.27,19.6908200977,571283016.1,26287679.32,41064167.91,-5564631.5,660468992.65,75088599.88,74942191.36,2022-02-08
835,000821,ST京机,-515147498.54,-514.75,2264150059.12,3.3531902745,1730709616.42,129788073.75,169236435.71,28442202.22,2225901796.9,-514887218.68,-512349927.63,2022-01-29
836,688775,影石创新,56280451.98,207.762734895765,587837419.65,127.6440964526,269838138.45,118757119.88,41281519.08,-1680258.24,519833381.7,73068500.08,72633053.8,2022-01-28
837,688225,亚信安全,162935945.84,53.837569481371,1077269507.56,23.3390468721,434446123.64,244437363.94,137072684.14,-125054.14,967606294.23,201649010.67,197483410.61,2022-01-28
838,301206,三元生物,136306834.38,100.190817577434,476759627.29,63.1598845999,258531901.25,16777457.68,7667257.51,-1614991.88,303609800.11,159160343.56,158141331.62,2022-01-28
839,301200,大族数控,227974566.93,-38.846885717556,1322774861.56,-23.241616867,847834616.35,115257107.44,43644275.71,-265913.51,1122432512.32,249313301.8,251124307.55,2022-01-28
840,002765,蓝黛科技,-149939896.38,-5495.93,1136464220.19,31.0466998015,1035080785.25,39476100.97,87683675.96,11737525.82,1257837565.52,-203412275.85,-204403626.85,2022-01-28
841,001313,粤海饲料,162629875.31,-24.118846136003,5066527521.4,-3.5364428498,4268726388.27,156905153.0,184032954.59,21675638.07,4805718444.01,176259206.12,175430495.74,2022-01-26
842,301235,华康洁净,58686973.94,97.051822324408,602150101.91,40.943401437,387523808.5,48319075.19,49873308.67,2648004.31,512325294.39,69783097.75,69492005.78,2022-01-25
843,301228,实朴检测,70328796.61,201.912032387671,297958536.73,67.6626976509,117888414.75,29650893.05,29271562.83,1798833.84,203339637.81,88433914.37,88389097.88,2022-01-25
844,002452,长高电新,135530637.83,158.89,1159125391.66,10.0447047415,750447227.3,90520763.12,109695073.04,19120228.54,1036856507.64,107641281.99,151187054.98,2022-01-25
845,688270,臻镭科技,4185334.13,108.5454358881,55449854.49,1288.5115209335,9459518.37,3943404.15,11451988.27,-92081.11,48463506.02,4189042.28,4185334.13,2022-01-24
846,301207,华兰疫苗,375297719.48,38.923098557922,1048988237.2,30.6762653426,161005995.15,306085961.6,28936707.54,-325893.16,576442257.02,432041145.22,432074598.73,2022-01-24
847,688223,晶科能源,1380813203.39,404.515989801447,29489576245.11,20.3225425456,23616413658.44,2129186780.87,658510803.79,361464352.05,27552117749.21,1563775270.51,1573659078.08,2022-01-21
848,301123,奕东电子,103252003.32,126.826306866336,1055068202.43,6.3442074567,744217985.29,22851702.52,72634775.13,10387356.97,925130717.28,124144305.06,112441653.04,2022-01-18
849,688173,希荻微,-9575246.55,-77.847215942525,115318873.08,69.1804417736,66662585.08,6463802.32,14618455.85,1952421.99,123953679.74,-9575246.55,-9575246.55,2022-01-17
850,688261,东微半导,9110063.42,-29.784017240813,196046605.19,28.2189607116,166775607.58,5547882.48,4765968.24,-889924.61,188359044.27,9847622.32,9823290.68,2022-01-14
851,301201,诚达药业,54223938.39,708.095653901228,293972890.53,44.6897935693,161543388.5,2856093.19,46922704.76,8393810.08,234511631.48,62516554.56,62439775.73,2022-01-14
852,301117,佳缘科技,31673781.18,48.786978089499,131010382.57,26.8871113039,73825818.37,3251514.47,6317017.8,927518.79,93164808.25,36473860.5,36658940.71,2022-01-14
853,301106,骏成科技,79890524.6,109.088976407578,451130693.09,19.5571588,310106400.2,15588589.26,10969372.24,-3120319.27,357157480.42,92021464.05,92319212.47,2022-01-14
854,603150,万朗磁塑,91361242.62,40.510277467079,967492966.5,22.4315006479,655097426.52,49860883.61,92106017.61,16738040.38,855476818.36,107233405.31,105858330.27,2022-01-12
855,603102,百合股份,74334680.89,-0.395212109424,499631375.09,-1.5469737997,295552174.21,60382888.01,28974622.67,-574941.32,408105283.04,93825946.64,86960792.38,2022-01-12
856,301116,益客食品,376112493.65,136.515809119565,15553755398.27,57.0317576265,14696293730.38,118823555.68,254578029.12,7634321.59,15098131612.78,411462881.13,408568006.46,2022-01-12
857,301158,德石股份,63781145.75,48.103044504981,468243918.66,34.3782637754,276891084.81,49790525.97,29880857.1,7599689.07,384793230.47,72105029.03,72781028.38,2022-01-11
858,688220,翱捷科技,-583548631.83,-8.578855221192,397941603.81,244.8633177442,325981738.37,11287417.42,55913485.58,-2466432.72,987958771.6,-583259241.78,-583381804.18,2022-01-10
859,688171,纬德信息,63532925.29,134.464209379787,122388712.87,48.6570372593,33218968.98,9901849.23,6390645.52,225468.31,59568037.6,69951348.24,71872577.28,2022-01-10
860,688062,迈威生物,-927893996.7,-311.990874944708,29425705.97,-21.2705337374,17935798.82,,582608641.89,-154295.51,964123794.22,-927956127.64,-928936226.35,2022-01-10
861,301217,铜冠铜箔,96904936.66,-55.982896720249,2399908987.89,-0.4697227505,2132584804.51,21718920.56,22962286.99,50005204.66,2299364249.26,114257181.21,114050781.39,2022-01-10
862,301122,采纳股份,32333112.97,57.735760406539,181312620.29,26.4583366153,108265990.29,5081791.38,11659381.56,4324683.48,142997448.82,40650774.22,40617795.08,2022-01-10
863,300834,星辉环材,102077989.18,108.110439148971,1214542533.39,-13.362356025,1038701298.01,2930711.12,16111192.75,4341522.96,1106267421.78,117317170.71,118832854.44,2022-01-10
864,688259,创耀科技,47765606.71,330.688916985057,165325818.21,51.761217435,94891502.99,1903254.88,6238970.53,-88361.01,121646657.87,47304348.33,47265359.24,2022-01-07
865,688234,天岳先进,-200683616.52,-376.235598461826,268558434.98,97.2751251279,167362250.97,2053030.69,260346873.18,45977810.76,496617064.22,-192914341.07,-192930878.75,2022-01-07
866,301196,唯科科技,95225607.07,173.81786634991,699257633.2,9.0321961133,439310500.71,29526606.34,85607508.14,952857.91,595744140.68,112067275.27,111216043.07,2022-01-06
867,688176,亚虹医药,-172425928.62,-187.683623981179,0.0,,,,33047730.62,409727.61,175404252.42,-172425928.62,-172425928.62,2021-12-31
868,300256,星星科技,-1281013804.19,110.26,4904737076.09,66.1180806563,5195612170.0,86401818.55,384412702.44,137760893.56,6070809317.46,-1325911408.94,-1305426580.05,2021-12-31
869,688262,国芯科技,31136404.43,874.048904716005,231570327.78,18.8910561987,96538122.0,23105360.69,25244740.03,684945.47,213249819.92,21092593.35,33100115.24,2021-12-30
870,603122,合富中国,67144850.62,0.347078293461,1046975144.62,15.7734505901,816051267.9,54695433.43,66811720.81,1642433.66,942488313.33,92746603.57,92558839.23,2021-12-30
871,688236,春立医疗,236761397.82,124.108097597122,855326545.91,71.7774435215,263857743.19,223799290.46,23573104.53,-4893097.26,569859642.86,273539629.66,273000603.9,2021-12-27
872,688227,品高股份,35774650.39,54.869728921334,401850231.78,-9.2634932249,214139960.94,31206202.23,67609750.9,9091511.72,362414958.59,40078506.95,39829723.42,2021-12-27
873,301127,武汉天源,90599329.02,145.951378277482,451269406.27,71.2253451103,261786822.11,19806423.33,23270330.75,9567407.91,332696102.0,104515991.38,104089904.21,2021-12-27
874,301189,奥尼电子,48772206.5,1780.70264159902,527504321.11,78.5217756915,359162633.3,39097592.42,34165111.58,1801068.43,476562326.02,53685581.17,53620488.41,2021-12-23
875,301166,优宁维,57940349.5,45.339249928237,786930742.85,30.289268816,611690196.35,66225216.22,23197798.72,2005488.88,714383320.95,73607487.82,73602622.63,2021-12-23
876,301159,三维天地,68344681.2,43.317278890207,263192677.42,41.0899670825,102255385.94,18428643.86,29968326.54,-43053.11,188706340.02,75787338.11,75732547.8,2021-12-23
877,688210,统联精密,15529224.36,3538.01585626578,206221324.28,60.5037421136,118129506.85,4172470.06,32923539.38,3580020.79,188189078.86,14845009.28,14718588.63,2021-12-22
878,688206,概伦电子,-877360215.68,-11001.3257822371,65486596.89,26.0602533259,3082930.16,59104383.69,647280612.43,-969336.62,946515443.26,-876942511.55,-876843774.82,2021-12-22
879,603176,汇通集团,90737800.78,248.45795918054,2407141530.66,48.5748396987,2085977874.92,,62851063.31,49185632.99,2208175341.08,143881062.67,142135059.94,2021-12-21
880,600941,中国移动,106325000000.0,-8.889536328503,745917000000.0,1.2347672902,512808000000.0,52819000000.0,48885000000.0,-5979000000.0,623613000000.0,142669000000.0,141817000000.0,2021-12-21
881,301190,善水科技,139108173.97,-4.71977886562,447359395.4,-6.9960851875,211213300.74,6431792.69,46582193.52,580165.05,284943798.3,167134040.57,166676478.71,2021-12-21
882,301136,招标股份,90368106.27,-3.49121859746,606415979.34,7.8754033091,347184250.73,8443237.68,107847483.69,-10940006.47,475935601.89,128342493.53,130198338.03,2021-12-20
883,301221,光庭信息,58719863.18,-15.89126814401,304573460.53,25.4561473799,156540104.16,21036127.3,38592636.83,-1382581.96,247388521.82,65827477.27,66211717.52,2021-12-17
884,300001,特锐德,240500740.77,59.08,6740960412.14,14.7512607869,4966125340.95,527469069.49,472643672.34,300876630.36,6622378620.05,203740782.39,195889952.39,2021-12-17
885,002719,麦趣尔,-69464857.87,-54.93,670570447.53,11.723523507,458399672.04,144386950.51,72098856.22,3344033.16,687450116.68,-72551965.27,-72821214.86,2021-12-17
886,301211,亨迪药业,100289049.96,110.093665759136,660018720.56,27.6275825371,319226935.54,51415042.83,45221111.89,959576.33,449278701.54,218101628.74,216999805.45,2021-12-16
887,688032,禾迈股份,80537978.1,407.798281668482,460045189.38,49.9124607215,266771188.09,42838725.35,23702077.61,4601798.58,366127090.46,94214612.91,93469767.71,2021-12-15
888,301096,百诚医药,44397902.04,302.091211104823,156415552.36,90.467166206,59124494.07,3790608.95,29204724.93,-597025.51,107506811.75,51054392.58,51023143.42,2021-12-15
889,301100,风光股份,125847753.99,-5.379392819297,643706648.69,7.8481972592,399255031.22,40443353.23,30089973.74,315787.89,495215785.31,147663272.05,147588245.52,2021-12-14
890,301101,明月镜片,69845975.99,112.642629439692,552501240.86,8.4572429754,271376176.25,103849908.25,55173067.04,707333.31,454050615.88,97146234.26,96657671.82,2021-12-13
891,002531,天顺风能,746502557.03,58.95,6058445541.29,58.0177454422,4395068259.02,280968918.46,152513386.09,183523484.24,5115493217.21,872793624.69,877912969.12,2021-12-11
892,301177,迪阿股份,263913081.62,-3.184369584825,1664506479.62,10.9587048047,495857101.69,674331676.58,119807358.99,6710077.55,1404121282.45,289995981.89,290045450.18,2021-12-10
893,301138,华研精机,60759684.83,65.229257168299,456776191.41,14.944803344,283132829.98,39052345.35,31779201.75,-354102.51,381970126.81,75662625.52,75692727.37,2021-12-10
894,688265,南模生物,23249904.78,53.858400230859,154802856.18,27.4704312759,76557652.7,20296626.17,15307431.91,-265752.4,140974763.02,22769466.17,24335265.37,2021-12-09
895,688246,嘉和美康,3421395.86,105.245301120912,443766958.59,73.1412580285,201258901.44,83799873.61,63840685.24,8433657.92,433243345.62,-1128849.29,121372.95,2021-12-09
896,301186,超达装备,72047162.19,-16.942665380761,447411390.17,-5.5505426397,270831796.87,19048931.02,34883051.71,538273.14,366415234.04,81792035.6,81836722.99,2021-12-09
897,688235,百济神州,-6914630000.0,-45.667758618874,2954000000.0,125.4910192896,491100000.0,1358530000.0,1365390000.0,103320000.0,9915640000.0,-6752070000.0,-6752690000.0,2021-12-08
898,301113,雅艺科技,35927917.34,34.358223697056,150852208.18,8.9853755952,81805956.95,13517368.06,5963745.63,-940898.74,106112689.84,46421321.65,46276367.71,2021-12-08
899,688192,迪哲医药,-445753226.53,-156.749611841057,41017537.8,4.0547883386,35825242.37,,34366051.18,-2036934.5,489888738.81,-445750573.53,-445750573.53,2021-12-07
900,688167,炬光科技,-80430452.89,-530.891413547272,334983008.09,-5.5879484278,206817192.97,39238937.87,65290883.4,3552989.77,393464046.48,-117394204.88,-113705167.89,2021-12-07
901,688110,东芯股份,-63837288.52,-192.802655576032,513608750.78,0.7124408235,436560347.18,19873630.12,44540409.55,-147506.82,549539246.56,-60144926.92,-61114499.49,2021-12-07
902,600322,津投城开,141571684.63,5.09,9564470926.23,181.1910660695,7180505076.98,133369879.92,131307060.14,62675284.38,7977473814.36,548035691.19,549304526.24,2021-12-07
903,001234,泰慕士,93104298.06,-5.546051107778,791387004.76,4.8545796283,605865273.39,5782145.77,33003020.38,5117646.09,685880965.97,106199404.32,106105830.44,2021-12-07
904,001227,兰州银行,1464217154.19,-34.85355023013,7617739162.65,12.0267924414,,,2360544967.13,,5940308327.49,1677430835.16,1688438088.16,2021-12-07
905,301193,家联科技,74844898.54,609.680228948415,1020484273.31,7.6459141103,774204004.55,59493447.11,46805510.12,15157632.5,942011317.71,81221020.45,87632752.29,2021-12-06
906,301168,通灵股份,108053467.46,5694.6511910774,825949832.95,9.3288066513,626234204.99,18095877.16,26661911.17,-222980.1,703772448.37,124155649.7,123414389.99,2021-12-06
907,600872,中炬高新,717943134.48,18.19,4674844437.35,12.2016983967,2826059472.05,456289303.83,295102319.26,48871548.21,3834499268.75,930945243.71,928021905.68,2021-12-04
908,603071,物产环能,489879907.58,6.149447222675,32325011728.93,-8.9707539258,31048224235.83,88176075.48,132119688.84,72388396.56,31449841459.36,872192556.08,840804928.2,2021-12-03
909,301179,泽宇智能,108905210.71,83.006260924046,454643431.81,46.1010711859,267699338.62,25669658.57,28286410.86,-1910389.05,339148084.44,131364251.38,131364160.54,2021-12-03
910,688248,南网科技,43493027.92,220.987434146713,582212977.02,91.3486943152,419482366.47,20851210.2,50353736.9,-143407.3,529846765.95,51326954.87,51264209.3,2021-12-02
911,301199,迈赫股份,100380586.99,12.77955527046,733013222.46,4.5326978946,555656220.5,17515165.31,30267345.91,-250012.7,626500357.43,118356945.56,118212742.08,2021-12-02
912,301182,凯旺科技,47246093.7,178.180815488699,443186757.6,21.5978539338,334011137.96,13301117.17,18180606.83,5801200.76,391465997.73,54503831.66,54344129.7,2021-12-02
913,301126,达嘉维康,87652466.74,12.393075093861,2456528308.39,12.2408544325,2166366264.18,76571592.26,41715631.7,34278826.34,2329277950.91,119693700.89,119019734.89,2021-12-02
914,301111,粤万年青,66633116.66,4.768351035077,316584990.43,8.9813029963,87582146.58,121082369.55,22142536.88,-1695970.16,240735929.09,84151779.62,80176522.48,2021-12-02
915,603216,梦天家居,187896723.32,99.349170326877,1348052343.84,0.259448394,832373351.08,165296675.85,62033830.2,1923973.07,1131661974.75,216489534.7,215840914.86,2021-12-01
916,603418,友升股份,32415400.0,16.185062258511,611185200.0,-3.7373402166,477139700.0,22941800.0,40748200.0,3537400.0,580643000.0,32724200.0,33308900.0,2021-11-29
917,301198,喜悦智行,52948350.32,-19.865558628313,235850855.81,-26.2877227698,130514766.84,17889822.98,17880397.07,951333.62,178068693.23,61653416.31,63719470.83,2021-11-29
918,301108,洁雅股份,68122721.47,18.201668732151,277430332.48,-1.9781747041,176034411.39,11357547.29,10069995.87,-2808949.13,208784527.45,77305014.92,78574214.92,2021-11-29
919,688230,芯导科技,48093258.96,-3.178876195728,279629866.4,-4.807405159,198061205.77,6154430.92,6719146.18,-1539144.31,228193643.75,51984682.96,51982479.67,2021-11-26
920,688112,鼎阳科技,35428947.64,22.532574121964,189549474.16,22.9961513055,87027661.88,29279142.49,9047325.7,-147481.98,154238677.53,38594786.64,38432850.52,2021-11-26
921,002554,惠博普,85244434.38,117.24,2293448711.7,38.0114646832,1751051836.73,89202374.69,151340485.6,66367778.86,2139738791.74,139841855.78,137928659.19,2021-11-26
922,688049,炬芯科技,54559895.19,51.446230408605,361207487.72,4.36661961,225669884.59,12418800.2,21271993.16,-503590.94,370868411.53,56013656.67,54559895.19,2021-11-24
923,301167,建研设计,64543492.63,19.562167019612,373918233.59,10.1246094549,246712574.17,3262875.85,32081134.2,249495.21,296758851.08,78392923.43,78406591.31,2021-11-23
924,301133,金钟股份,56135131.7,-10.963019224966,375633662.41,10.4534685886,229748034.82,46427329.5,17905242.23,-4452860.63,309951645.92,66040927.92,66147664.25,2021-11-23
925,001296,长江材料,104063269.72,12.611867723487,861899778.64,15.0659841579,510807558.82,142023391.95,60285289.65,-436024.78,747058526.85,114416500.46,114129970.26,2021-11-23
926,688190,云路股份,82446918.01,27.100505412802,699562703.1,-4.8197040502,511538141.48,22401789.55,26410145.06,721706.91,597786560.3,98498665.32,93638518.66,2021-11-22
927,301155,海力风电,172720709.63,387.16008157849,1448188562.97,66.3486897056,1100526465.98,42031314.61,32229739.76,18144929.34,1212923524.34,237247695.03,247213539.02,2021-11-19
928,301213,观想科技,51633213.61,38.580953509755,140454137.21,60.5934856135,47004790.8,2567155.75,12696365.76,43082.13,75223712.49,60748272.89,59707155.61,2021-11-18
929,688151,华强科技,130077381.26,26.031879400761,1647591694.91,121.6228190873,1331099976.36,27246800.48,82894211.9,-12517743.89,1475133829.11,158450701.04,158548145.99,2021-11-17
930,603230,内蒙新华,182533201.29,15.9644373385,1205008946.42,10.2387309879,655143697.48,186942618.59,218517793.07,-24643566.19,1048631826.65,177914495.57,178665175.13,2021-11-16
931,600935,华塑股份,500800033.32,21.136452555979,4567875417.07,4.3122964067,3144204539.1,85682979.42,272577155.19,190126364.22,4054136208.72,574569510.19,576885057.63,2021-11-16
932,301185,鸥玛软件,69778632.45,12.689382294128,175170485.71,3.8808018045,53116367.93,3170201.07,22010418.38,-2178567.6,101306587.05,76387083.15,76140983.15,2021-11-15
933,688082,盛美上海,134887342.44,45.77626032567,756732956.8,37.5205363286,415158395.29,84754934.36,30297265.12,-3577900.21,626548338.6,155116697.45,153119058.86,2021-11-12
934,688075,安旭生物,54474048.86,63.239951075214,209802274.87,28.136733165,102291730.24,12649586.11,14715936.61,-1412049.4,147104500.57,62303316.11,62293767.98,2021-11-12
935,301099,雅创电子,38544012.41,-12.899742580903,1117322773.38,0.4532150819,962461093.56,41548049.37,23537762.22,17625448.3,1065785837.65,51330231.78,51646398.01,2021-11-12
936,002682,龙洲股份,105579647.31,-36.91,6062892052.13,-11.3537876306,5308316655.03,165868621.03,287234005.51,176648745.48,6054349390.02,218225278.5,220283107.21,2021-11-12
937,688182,灿勤科技,745334472.62,856.240547465981,1408410145.75,419.2895738234,454452562.05,6157238.59,37475361.27,-2745497.59,559434412.59,865493109.53,866156795.86,2021-11-11
938,301180,万祥科技,73523874.05,94.458705173583,710230371.98,1.3097894579,544030174.41,16580267.06,32948145.98,-1170324.39,625846161.22,89557127.31,87055375.87,2021-11-11
939,301118,恒光股份,100497527.72,-22.1024916376,606528012.86,-7.8943408537,391826161.74,29030669.93,54939596.14,324799.41,512397222.23,112842191.9,113418973.59,2021-11-11
940,001267,汇绿生态,88497320.05,-1.576913820617,769044387.47,3.7237233383,577964879.78,1930290.0,55095908.31,4453375.44,644485146.35,123474008.57,122792289.02,2021-11-11
941,688212,澳华内镜,52908609.82,1012.36236933976,297754519.61,91.4806029659,93530475.1,57316150.77,53872947.89,368418.41,237089139.73,57550856.72,57381318.2,2021-11-10
942,603219,富佳股份,84286531.92,-35.618763261538,1103296220.73,-20.244125698,867843147.59,18214672.64,79206951.85,-1407160.67,1014911381.81,97988939.8,97164348.1,2021-11-10
943,688107,安路科技,35894633.04,503.327739225086,122327726.36,328.9141889352,80216883.83,11199397.14,15928022.33,-410494.22,185746319.51,35658632.26,35894633.04,2021-11-09
944,688105,诺唯赞,25794825.22,2383.34522529528,268380113.32,57.1268763303,42084793.84,96583713.16,45716284.64,218200.81,247986157.64,24319016.8,24368909.55,2021-11-09
945,600927,永安期货,1000720583.15,14.735569638399,22757609299.75,44.3654463223,,,1095510076.6,,21577925727.76,1179683571.99,1251049171.82,2021-11-09
946,301119,正强股份,51426718.44,-8.532225544446,305142814.69,-4.4992821584,217218577.45,9335795.04,10775160.21,-3014146.44,250092720.86,59113774.82,59038383.78,2021-11-09
947,301188,力诺药包,82867755.13,26.333058471781,656273688.92,9.7541853107,457078286.46,46844450.77,28113155.47,2763757.91,568513560.32,94376090.9,94046776.15,2021-11-08
948,301098,金埔园林,87143449.02,10.887970476459,832044836.31,19.2386448254,600283257.35,,80350871.43,7117235.41,695265709.94,116628073.07,116381230.41,2021-11-08
949,688162,巨一科技,150798507.97,1139.18716506722,1431935803.35,13.592247686,1036475067.35,53868360.75,75989494.18,338362.68,1315572445.04,162266738.3,162632882.14,2021-11-05
950,301149,隆华新材,93316092.44,75.774470674983,2025946956.29,12.8960146575,1840529752.32,35096846.19,25145499.33,2089608.55,1912326119.38,113706132.91,110494828.99,2021-11-05
951,002436,兴森科技,291916734.51,35.95,3803722198.74,9.514511673,2636736428.15,207757890.67,345515337.62,59255837.38,3470513550.52,355540410.65,353954825.15,2021-11-04
952,603048,浙江黎明,66778568.92,-15.483608534269,453394600.12,-0.1269383339,261181906.75,11030132.64,50285812.16,12133914.25,367777732.42,85686700.06,85362016.14,2021-11-03
953,605108,同庆楼,197593455.22,-1.353665085334,1462789983.89,-1.7773429564,656899481.97,500105526.35,71947122.68,-4029162.26,1229728535.78,262518568.45,264953260.62,2021-10-30
954,688232,新点软件,263457884.91,21.944254085752,1526984413.36,28.4905883316,518237969.93,334493593.5,196674381.78,339613.37,1296586551.82,278951331.91,284884048.0,2021-10-29
955,603213,镇洋发展,127143641.76,17.448591306381,1136700746.9,-1.4625121439,888023381.17,29276517.78,31461070.14,4711807.09,973085339.97,160258462.81,169786863.18,2021-10-29
956,300537,广信材料,72184681.2,31.18,808959388.4,26.5212763414,487190289.47,77981041.28,103606781.36,7568973.79,723850769.38,65791143.4,92643625.4,2021-10-29
957,301178,天亿马,48114596.1,49.917742281256,275814861.73,40.3413217875,171618139.75,17214635.99,15096766.38,-1618106.02,219236050.49,52465800.78,54476265.66,2021-10-28
958,002377,国创高新,306726061.01,-1.722165616701,4956542530.05,12.6232025525,4132007441.53,31728827.99,297647583.57,27612767.05,4606384339.46,333332197.78,332608999.56,2021-10-28
959,301128,强瑞技术,61564763.8,127.385534152013,347358598.61,39.5164283928,200721376.35,15835220.89,26099599.31,304264.04,273243085.88,71478697.62,71354442.04,2021-10-27
960,001317,三羊马,67412047.4,49.045288963582,919864695.11,10.9389188919,785414648.24,6841469.4,32198271.59,7583283.14,841832676.9,80570651.78,80313128.36,2021-10-27
961,300029,*ST天龙,-75436264.22,44.44,17186793.43,79.4663742191,11480107.44,366631.91,23142701.31,-43972.83,37559788.52,-50630957.34,-76413492.94,2021-10-26
962,688739,成大生物,698371857.21,12.593359805732,1676924489.78,20.5924337095,240007092.22,295469765.95,197781011.5,-17171316.18,886312035.31,835777301.81,822216772.82,2021-10-25
963,301089,拓新药业,61251844.11,-3.111877981526,385963951.49,-1.2910195173,227071154.22,9227442.34,47718848.5,12438282.13,318284592.39,69369458.08,70371298.89,2021-10-22
964,688257,新锐股份,76319195.29,19.579821161459,694026671.85,8.4120418602,434899603.42,31419312.02,59652470.58,5224463.53,573652678.69,111586882.85,110825828.64,2021-10-21
965,301090,华润材料,413758106.73,-6.091702727049,12384326149.2,-14.4810870114,11370993124.83,341392126.87,128792946.34,-8760603.08,11870100274.76,564744581.81,574483073.27,2021-10-21
966,301088,戎美股份,109783421.76,9.448498671891,694098110.21,-1.4607796373,371100921.57,102547274.64,32599899.63,5073993.06,526925146.89,145745852.3,145569586.18,2021-10-21
967,688211,中科微至,134065343.28,212.569614112554,750714015.49,131.3419601516,433145708.86,20295132.1,40430238.93,-8000.36,577469514.52,171709753.23,169444528.15,2021-10-20
968,301169,零点有数,37349320.64,4.440332270878,381247670.5,9.2660574912,255006925.14,15583754.88,31014546.67,-5712845.57,332953317.49,51724414.3,50764975.94,2021-10-19
969,301087,可孚医疗,123686731.01,86.761703892377,1462029507.76,34.4912944932,901473997.54,374737905.86,32410820.39,4347441.18,1336331526.95,146340061.8,145964455.43,2021-10-19
970,001288,运机集团,94201977.24,-4.751747682598,774646014.74,-0.9476176948,563427051.7,36581219.39,27738575.31,397331.6,651054002.0,109263245.61,109136874.24,2021-10-19
971,688737,中自科技,86553657.53,245.935198500952,1001319621.37,197.5423197691,814008693.5,26821021.55,23078594.35,24208305.47,925531398.43,86494337.27,86456430.51,2021-10-18
972,688553,汇宇制药,176944496.57,904.123322223237,707076221.2,1201.6832646897,48292242.53,338128818.22,52312096.4,12190127.34,511170608.0,199859638.72,200163555.31,2021-10-18
973,301082,久盛电气,80004446.67,23.476498321328,1255948298.94,2.0640785897,1016890950.76,65539202.83,28941974.9,14717815.05,1158957654.28,91370835.7,92269690.9,2021-10-18
974,301083,百胜智能,42177144.26,-7.897714569975,471543135.75,10.8394663452,361032334.2,28262457.52,17300343.04,-1210341.89,425149103.08,45948969.19,48534666.52,2021-10-15
975,301081,严牌股份,62194339.48,15.169799258571,472020106.59,27.6273758068,305376469.33,31934881.96,33597281.74,5618835.41,396661780.19,70196717.37,70898602.43,2021-10-15
976,301129,瑞纳智能,97074400.38,126.870955186355,348287104.73,68.6203040844,157511921.88,25146384.8,34226457.6,1437894.37,242646081.51,113204629.23,112912519.58,2021-10-14
977,301079,邵阳液压,47456537.55,50.624697143238,310354386.4,49.2666829093,215286891.79,19116826.54,10765263.25,2987519.11,261497842.74,53121252.46,54441518.35,2021-10-13
978,688772,珠海冠宇,430316609.0,93.495286571076,5331050766.32,12.3047372542,3824278893.96,59701216.53,375533425.57,22698003.28,4635215687.58,553005076.95,482486775.48,2021-10-11
979,301078,孩子王,377408834.81,36.759026008741,8242509242.56,23.5637797967,5742123487.32,1623054079.15,359035325.46,2939184.41,7850765719.92,471356924.35,475593744.97,2021-10-11
980,001289,龙源电力,4526267232.04,9.271187209486,27579204226.63,3.8058240633,17689224024.86,3187755.13,353682862.23,3478193658.56,21847354882.21,6358646795.19,6430368620.38,2021-10-09
981,605566,福莱蒽特,258305760.85,14.375544776464,1102268481.36,49.6677381452,671081428.36,17330140.4,73534036.55,13081168.42,813026977.31,308551838.67,305082706.6,2021-10-08
982,605555,德昌股份,149672750.71,4.800089281565,1201094990.17,-1.8792436291,872411328.83,23493464.26,51229257.29,16573130.15,1014876871.02,167362487.26,175458776.89,2021-10-08
983,688280,精进电动,-256042142.42,-224.379556945202,789702169.7,-6.9569564809,687211647.04,55335145.97,100374123.45,14720639.49,1008313553.52,-227822016.14,-260899808.28,2021-09-30
984,301093,华兰股份,95174024.98,10.588532246857,459745902.76,6.0393715069,221700456.45,52388824.22,36269869.69,9637244.71,346887211.26,112243797.96,111967199.68,2021-09-30
985,301092,争光股份,70486629.39,35.793230880355,435427307.25,10.5608499983,265378297.26,35305415.47,24555019.21,3356181.82,350599177.57,81531025.22,82277882.67,2021-09-30
986,301091,深城交,113880969.87,62.38613201173,871343369.2,40.6536409203,560286685.39,18639515.95,86311094.36,-498783.96,745094174.46,128327437.87,127739960.0,2021-09-29
987,001219,青岛食品,75135117.81,12.279508725768,482857994.02,1.9586539174,321625791.58,25824608.12,41122887.83,-438980.32,396731044.74,100881648.14,101467011.67,2021-09-29
988,301086,鸿富瀚,84291655.49,76.173631569585,444801317.49,28.5085166788,261530993.58,18203089.72,27477283.06,3320319.85,342171688.86,97650656.97,97286821.61,2021-09-28
989,688615,合合信息,-196293870.46,-149.374982350659,340389437.92,73.6402987172,71240412.65,158390609.21,105324419.71,-444185.12,547894589.14,-196357001.95,-196394402.61,2021-09-27
990,603517,ST绝味,801200153.1,25.06,5171962171.82,18.4061891818,3416096994.66,421882422.5,294125940.95,26041458.46,4215272031.26,1005938364.51,1049905660.48,2021-09-27
991,301085,亚康股份,75699829.55,35.307444200716,1347535120.08,23.3828569848,1171152120.17,28651363.23,31722775.56,9316096.01,1254045971.14,92028816.7,92178407.28,2021-09-27
992,688255,凯尔达,20578772.44,-30.017052617328,409007776.01,2.7956530759,324263628.37,13817634.88,16650605.46,2975739.43,393335642.77,23368389.33,23737895.97,2021-09-24
993,301080,百普赛斯,11102120.94,-2.110500885606,103293027.11,47.8962222436,11915958.21,26996083.75,27632355.35,-767238.5,87306433.35,12575021.2,12625551.26,2021-09-24
994,301073,君亭酒店,72253788.98,20.009107703708,381636174.39,11.8654713455,248599004.98,21813400.97,22923390.97,3126053.48,297803433.44,92460585.75,94422270.05,2021-09-24
995,301072,中捷精工,56908805.71,1.106892075697,560584726.42,2.1798475418,415588141.82,19000429.59,34500017.49,-1758811.03,496665740.64,65942004.42,65864013.54,2021-09-24
996,688285,高铁电气,139557789.59,86.118057572639,1286771894.62,23.7824172837,958425351.21,53140578.26,50897610.26,2578963.58,1123858578.23,166877475.61,168336161.16,2021-09-23
997,605567,春雪食品,97526526.72,35.555279436218,1942910591.24,21.5003712402,1645617898.83,112869590.53,43348702.18,23208562.76,1836733147.16,103799904.9,104020564.36,2021-09-23
998,301069,凯盛新材,137310088.75,115.823762607836,658876689.02,-2.7208373569,363114795.9,43593928.51,52129171.79,-553773.99,491452812.13,156936484.02,161498115.1,2021-09-22
999,600734,实达集团,-3134913942.31,-1040.54,1556985105.98,-76.9661965375,1550744992.34,50291080.62,160653154.13,136987503.04,2043002451.71,-3161451950.62,-3171113778.36,2021-09-18
1000,688729,屹唐股份,-88139756.3,-467.888268165668,1573573410.68,3.6394638514,1042528694.03,185756612.28,105792503.14,24378124.59,1638129071.01,-63536085.63,-68381137.36,2021-09-17
1001,688722,同益中,46612702.04,3.643086078853,301343224.05,3.1583179125,201156932.51,13151575.65,19273916.88,-107669.04,250965064.16,54175125.95,54519721.96,2021-09-17
1002,688350,富淼科技,85245957.02,27.958719262488,1130330548.61,1.3279124222,848972702.12,70614533.21,52425550.14,2785108.25,1031901459.56,100023556.19,98924685.68,2021-09-17
1003,688272,富吉瑞,13923053.86,2719.91652163924,164901429.18,88.0697572015,97369205.73,5419819.5,16656172.34,3369369.24,146714719.39,15006157.95,14746452.53,2021-09-17
1004,301077,星华新材,65316667.75,76.84197217747,539050200.24,16.4937900592,387417055.38,25011250.09,20769818.72,3289600.61,470771116.59,73938618.75,73841574.75,2021-09-15
1005,301076,新瀚新材,74399376.34,18.447894691287,291776830.68,9.4548743084,171062241.35,4671452.23,20114532.04,-905781.4,209702733.22,86969138.86,86422602.26,2021-09-15
1006,301066,万事利,59660338.81,19.03734051392,728513946.41,-3.1909470914,458864834.24,119241717.91,45356793.85,-2080414.24,658800862.33,67706874.79,67735600.46,2021-09-15
1007,001217,华尔泰,146139879.84,32.955760195471,1256911891.55,-1.3891611349,921294586.57,89123562.31,27167488.18,4987751.25,1098504423.92,171315896.74,168436505.53,2021-09-15
1008,688556,高测股份,32021079.86,-40.184533714683,714240609.75,17.7259647763,459713698.42,59650332.2,74493730.98,14695641.39,682093732.66,30005266.12,29287062.75,2021-09-14
1009,605138,盛泰集团,268783732.43,14.356051635451,5569673388.19,5.2785888261,4460503907.86,219989300.88,322129586.38,129746029.8,5230169868.72,332827499.57,329197054.37,2021-09-14
1010,001218,丽臣实业,131441780.0,47.029636142162,1993375532.11,8.6564765935,1604672460.62,72786895.75,75311124.06,18722448.14,1848424140.51,155301257.28,146930830.31,2021-09-14
1011,301075,多瑞医药,71705434.46,65.499782504991,449427450.86,28.8320115317,23080033.6,294797352.88,39051422.69,2038978.84,392142925.54,80557992.94,80457820.37,2021-09-13
1012,301063,海锅股份,64813268.0,37.04732890977,646855144.06,30.7476455455,497213344.46,16081780.03,28165823.47,5268872.59,571515145.84,75257190.58,73900562.79,2021-09-13
1013,688701,卓锦股份,56233273.81,39.548058957843,291040257.56,38.1416168228,160113132.32,12434214.18,27027904.3,4024167.81,222499281.47,64998219.91,64828387.92,2021-09-10
1014,300854,中兰环保,80148856.59,47.125443948733,684051757.49,74.2592467389,498670590.43,15320321.13,43479171.32,2009191.68,585795281.93,95799032.53,96690317.63,2021-09-10
1015,002114,罗平锌电,25565427.57,109.92,1866674820.12,73.8182355675,1678975308.14,27146173.4,107505965.82,17453379.23,1851773160.15,33795799.14,31533798.28,2021-09-09
1016,688707,振华新材,33763590.12,-50.172495333075,2428463390.33,-8.5272606511,2171592921.53,24668625.18,42856034.73,57399004.96,2374938001.71,33477496.28,34425587.86,2021-09-08
1017,301060,兰卫医学,92241763.36,25.694156518656,1153495961.95,9.5718383656,805034123.66,86477497.3,115450067.11,489475.0,1031450637.56,130555110.11,126310558.61,2021-09-08
1018,688622,禾信仪器,46474275.69,131.963757585382,219837151.06,76.256567889,71973630.92,58472677.26,25432583.61,1153770.61,193545846.99,54952510.73,54212715.22,2021-09-07
1019,301071,力量钻石,63121781.82,-12.494493722077,221284594.0,8.6560473253,124034850.18,4204493.22,7638445.19,777357.81,146887874.72,73121284.62,73120137.33,2021-09-07
1020,301070,开勒股份,65609226.99,7.067113670404,297575279.66,11.8954359077,150479704.31,43031092.98,19537691.9,684067.11,228036975.89,76064985.11,75900069.29,2021-09-07
1021,301059,金三江,57596406.57,20.810839449392,198486712.31,20.6454704264,97807047.07,10801891.31,17545301.13,444430.24,139767225.92,65386103.99,64988748.9,2021-09-07
1022,001216,华瓷股份,110755332.99,2.168067980828,949570684.72,12.4104950107,653722097.13,69362389.62,39010187.65,1392602.95,829759289.31,127157531.16,125518684.86,2021-09-07
1023,688103,国力电子,39350393.65,405.874585862002,331848472.44,-10.9378872063,186354785.72,15436843.95,56548456.33,2207122.54,311936750.52,40270751.15,40446105.46,2021-09-06
1024,688767,博拓生物,28228431.09,49.303803921393,208842040.5,15.8293897262,119516997.05,18543606.55,19723078.08,-29324.32,176573491.88,32231172.36,32268348.68,2021-09-03
1025,688091,上海谊众,-315224387.22,-2403.96225119656,,,,,144380092.95,-1724779.75,321338229.01,-315194387.22,-315224387.22,2021-09-03
1026,301068,大地海洋,61911915.31,-5.02118163783,447680264.75,36.3963142739,308358143.66,5564390.56,27052201.7,2990728.48,358696495.82,74599951.21,74643474.84,2021-09-03
1027,301067,显盈科技,51751270.6,124.671980525926,421029301.69,5.2098399344,302375368.3,11500753.14,25484850.23,1134161.62,361520508.89,59310134.61,58894395.73,2021-09-02
1028,301057,汇隆新材,54767216.69,47.53062937041,655929437.2,10.9726137145,527942298.25,16298482.13,13743594.71,5739257.61,597088090.06,60219043.15,60405534.53,2021-09-02
1029,688121,卓然股份,111803906.14,181.902412854333,1395037450.34,70.9454571105,1071172415.45,43403574.38,50403958.53,4705525.87,1267691027.06,123862422.13,123929052.52,2021-09-01
1030,605033,美邦股份,76256969.06,28.529230407475,515708309.78,17.5912942182,314166181.76,45747182.35,14608725.54,3515001.53,420186499.6,86049066.9,85504450.01,2021-09-01
1031,600955,维远股份,215380910.32,-19.822730475537,3992693777.41,-16.4581545514,3482267296.78,2880650.85,57065735.37,156178033.21,3734990557.62,268403866.82,260780437.37,2021-09-01
1032,603766,隆鑫通用,622847229.48,-32.25,10650409704.97,-4.9392528734,8592240661.27,297218457.27,431841174.76,7908915.58,9736931192.04,755945447.39,750595117.14,2021-08-31
1033,301065,本立科技,73123614.0,63.020851773617,559284185.1,27.6953022967,434544015.18,4363889.38,22160465.85,2316289.36,484345328.65,83741929.71,83064193.58,2021-08-31
1034,301056,森赫股份,54185716.76,10.984329055354,504859115.96,10.7133635842,327050761.48,70215890.78,38428815.4,-7468975.85,450303322.41,62551326.68,62640007.72,2021-08-31
1035,688697,纽威数控,62229917.91,-0.028479037038,970281363.1,0.2804201067,709123905.45,93318156.81,38458917.77,14163810.62,903714134.29,77566245.87,78708301.06,2021-08-30
1036,301055,张小泉,72300732.38,65.038278310893,484014903.87,18.0252991073,284567089.01,64285770.39,31897667.9,-1581698.1,399688022.87,85807989.42,93960168.95,2021-08-30
1037,300606,金太阳,60936979.84,13.68,430124887.94,13.7286401595,294872210.59,11926302.75,15070166.9,-292761.48,344992770.05,87042538.78,87021403.3,2021-08-28
1038,002098,浔兴股份,52898252.27,108.39,1919149402.77,-15.5488283179,1204308122.29,348918081.19,231214580.1,60585287.48,1904016050.97,26845996.03,21384183.86,2021-08-28
1039,688711,宏微科技,11210491.3,48.795305129588,259720895.59,-1.0559675882,198150929.69,13214743.64,10673008.67,3141014.09,250822122.17,11198082.1,9182181.28,2021-08-27
1040,301053,远信工业,69152838.2,26.269250048116,404695226.73,23.7203764326,273792347.33,23174709.44,20200205.59,-151662.84,337235345.31,79057102.43,79225600.96,2021-08-27
1041,301052,果麦文化,51900330.59,12.054027465973,384283586.18,25.8527506672,197946996.88,37917370.22,68598671.89,-802420.22,317924210.44,59355399.38,59723339.74,2021-08-27
1042,688776,国光电气,42072688.32,118.16404935408,354939716.98,-3.6635971339,200233076.88,10296846.09,49550159.01,1597012.29,283849937.5,48577464.58,48554498.84,2021-08-26
1043,301062,上海艾录,64084107.26,23.797266165384,645017165.02,18.0407191746,453599213.16,32042495.79,49419149.14,9027277.64,565784187.14,72152906.01,70395926.97,2021-08-26
1044,301061,匠心家居,112938879.96,-17.908939887544,1174698779.13,7.0832829276,793383289.48,88347373.89,97104003.01,-23913572.03,1032918073.52,140137143.65,140210632.15,2021-08-26
1045,605599,菜百股份,402154841.17,8.263059155926,8399161618.66,-2.4740676832,7257517065.0,272923252.77,97106941.07,36146299.05,7855348528.53,549467954.88,548942989.83,2021-08-25
1046,001215,千味央厨,74121331.98,26.316856198159,889282896.26,26.8225196706,671408369.94,44482708.44,63669305.78,736717.18,793105946.89,98426875.87,97388808.7,2021-08-25
1047,301058,中粮科工,87350146.65,61.742597341866,1946676090.15,17.4813481748,1668580919.8,10335668.56,109136513.92,-5495166.54,1833045131.07,90278792.83,101186465.59,2021-08-20
1048,605388,均瑶健康,295332641.11,16.341456881456,1245909502.33,-3.1767379902,589599556.86,266088813.18,55118840.23,-21938875.93,901453567.04,392363015.79,394575820.54,2021-08-19
1049,301050,雷电微力,82761178.9,368.640149660269,297200599.1,546.0420851617,157583289.51,3583431.11,21909396.07,1838681.85,209802371.99,82764759.92,82761178.9,2021-08-19
1050,688187,时代电气,2659163867.0,1.786654043368,16304206791.0,4.1276673545,9965727450.0,1121102310.0,849892120.0,4435925.0,13698379471.0,2901285419.0,2932612787.0,2021-08-18
1051,605598,上海港湾,145516800.72,46.929258303655,1005643138.36,4.3821720551,713456618.07,4089513.74,87459255.75,1098367.11,823194294.97,170568047.32,169193389.75,2021-08-17
1052,300461,田中精机,-215823385.43,-121.36,492446065.76,-38.6992429709,290149402.25,26148016.22,41923658.86,12570785.15,408588745.23,-315964665.59,-308190685.22,2021-08-17
1053,688766,普冉股份,32320848.35,141.674417635517,362989595.47,103.6376534365,263322135.34,15194346.79,11792826.99,-325575.13,321568362.66,35940450.0,35746812.77,2021-08-16
1054,688728,格科微,359371224.0,-28.089525552406,3690183620.0,68.2342299428,2729075073.0,120760007.0,44673431.0,18534231.0,3274543794.0,384041128.0,383874249.0,2021-08-13
1055,300022,吉峰科技,-142911349.25,-1465.52,2295229258.9,-22.7958583812,1941131406.06,212204477.06,135685035.42,82718045.75,2378456975.07,-123010043.83,-121794144.82,2021-08-13
1056,002262,恩华药业,663308783.48,26.39,4149312426.1,7.5461667552,1551220504.61,1469800119.62,180455795.73,-10496748.2,3427715439.12,770802672.61,767099102.17,2021-08-13
1057,688733,壹石通,44294735.93,112.953744979025,165117627.78,42.8529602546,89079334.9,7567959.27,10839791.61,2140274.62,122436524.45,45907285.58,50920170.21,2021-08-12
1058,301046,能辉科技,67820728.48,142.489324877898,383740814.77,13.0671193202,280057551.73,8277264.16,11486533.58,-370853.07,311241746.0,78722856.66,77656578.89,2021-08-12
1059,688798,艾为电子,90088880.82,135.23451137542,1017649863.61,46.6767717151,666986599.58,60840131.51,43499579.03,1624600.78,916335772.15,92685762.14,92781585.22,2021-08-10
1060,688096,京源环保,61255613.5,14.451501772097,323904684.98,27.9134411243,191879370.87,16033378.81,22859818.79,2968689.51,251359304.95,70100439.34,70047628.94,2021-08-10
1061,301045,天禄科技,82772903.19,84.60896170777,638245518.46,4.6384529105,459967399.91,29496192.97,24667414.35,3377207.1,541205613.49,95063607.03,94757354.35,2021-08-10
1062,688787,海天瑞声,81586824.49,21.534315326854,237558118.15,23.3058010699,70675170.49,9252818.31,31559583.73,1498249.24,156690166.55,91511150.1,91359482.48,2021-08-09
1063,301051,信濠光电,326500453.25,122.817091928387,1659440967.35,48.3637290952,962229212.97,81297038.78,119581579.84,999693.38,1264213636.1,369892130.41,371184782.78,2021-08-09
1064,002321,华英农业,-52303841.24,-143.99,5517686134.68,3.1569074842,5092469554.09,86267010.25,125727778.98,88457938.67,5467954204.26,-32481210.68,-18523419.85,2021-08-07
1065,688786,悦安新材,52964460.08,22.138559534634,213140059.83,2.2415993892,126670504.96,9408797.64,16472452.21,735037.75,168482692.37,62019395.54,61071793.97,2021-08-06
1066,605580,恒盛能源,95081901.31,50.760726569442,474047345.66,16.1197298349,323603270.4,,17237125.66,10060166.8,355140186.79,122975992.14,125105875.69,2021-08-06
1067,601728,中国电信,20521000000.0,0.435591229444,372200000000.0,-0.7278711436,258940000000.0,51872000000.0,25775000000.0,3639000000.0,345949000000.0,30346000000.0,27042000000.0,2021-08-06
1068,600812,华北制药,172147389.25,1.86,11457480504.85,18.0923941437,6736634495.94,3236356710.14,510315505.3,527260325.49,11241707067.04,264847814.36,260651605.64,2021-08-06
1069,600491,龙元建设,1020747158.55,10.69,21427094520.39,6.0077375277,19236451739.01,8956435.16,398850835.38,66215519.26,19887316893.75,1487449237.52,1478066907.44,2021-08-06
1070,301049,超越科技,82936385.45,-21.995876416045,257956472.81,8.5172763299,122121687.34,6471318.67,28591017.24,1394168.35,175654807.26,92814990.45,90904291.95,2021-08-06
1071,300814,中富电路,93344918.48,11.143459504074,1116595141.64,28.5777983038,874936421.04,23284930.24,45283190.85,1078830.49,1013572332.84,107818631.24,107385801.47,2021-08-06
1072,688779,五矿新能,206234694.55,13.953923762164,2765861247.71,4.8109350522,2290725767.89,24862024.22,62679930.63,-238286.31,2554902130.68,218180162.15,221624664.38,2021-08-05
1073,300305,裕兴股份,94368340.12,23.82,874560326.29,18.4268599214,710494649.65,12087680.38,33719899.13,-8941209.96,790252502.39,107699602.37,107224602.07,2021-08-05
1074,000937,冀中能源,782887735.34,3.37,22527153168.52,1.3125049671,17411785332.11,315743391.85,1924639279.16,574584822.9,20978353208.02,1971234265.57,1699524053.98,2021-08-05
1075,301041,金百泽,47433717.91,15.393891249135,524089015.35,-1.8015067422,358035468.86,31500923.53,43803628.69,1319334.69,471336432.09,54218032.01,53829408.34,2021-08-04
1076,300994,久祺股份,101987196.34,97.565750747873,1795431425.16,-1.3766507485,1483871981.8,147178096.57,22591509.56,-4371656.35,1662570872.14,131333744.83,131544735.47,2021-08-04
1077,688148,芳源股份,74533342.13,198.776151708451,951142013.88,23.2429333446,758253091.38,4689584.28,33154941.97,15981435.06,858347274.2,88405481.0,89091791.43,2021-08-03
1078,002738,中矿资源,140040237.21,26.32,1164933484.85,34.340850081,750447496.91,23654678.39,117262453.05,44207985.46,977784858.94,160933709.87,168070569.05,2021-08-03
1079,002256,兆新股份,-307304815.77,-48.03,431282903.18,-28.5516479849,267817660.67,20994998.04,50770920.66,146106324.66,502615311.13,-299607332.51,-300919669.8,2021-08-03
1080,688778,厦钨新能,150080974.56,87.352741369149,6977723911.27,-0.6920600912,6415517218.05,40139061.23,78228468.49,113738891.83,6904328249.15,109347502.44,112934184.21,2021-08-02
1081,300217,东方电热,-97771757.07,-167.35,2234087034.02,-0.2360807274,1895648846.71,82767466.23,104381443.43,17662649.11,2199122425.88,-111256483.47,-108852808.04,2021-08-02
1082,301048,金鹰重工,168937363.48,68.202097798067,2635340550.72,19.8859557216,2182221165.84,68895401.84,48471512.1,18005833.38,2428352098.64,193763069.05,193430254.91,2021-07-30
1083,301047,义翘神州,36410934.13,0.157992773176,180826734.61,29.8784526766,28943133.42,44069803.94,42409726.79,-946183.9,140036452.19,39267689.47,39267689.47,2021-07-30
1084,300844,山水比德,75691532.24,82.642433499273,400487800.23,39.3267257477,189963404.51,17768976.62,70758061.21,445619.56,305164732.59,87113732.11,87106010.2,2021-07-30
1085,002656,*ST摩登,-1468359962.88,-5762.63,1371741032.52,-12.5206944102,757601491.84,447339269.41,120981670.28,25480737.09,1419427761.66,-1211283207.63,-1572745061.96,2021-07-30
1086,300703,创源股份,117970672.97,41.7,931859495.51,16.4427429584,604528952.94,71061206.37,90922195.74,-4005481.3,828613191.91,133438073.6,133269155.94,2021-07-29
1087,001213,中铁特货,567904007.46,41.264132696016,8647210501.4,9.6736064947,7868949504.96,1112392.11,131739885.72,-146541422.22,7868007281.84,764277272.24,763084611.83,2021-07-29
1088,605589,圣泉集团,471308361.06,-9.93201856728,5881683278.67,-4.9639484281,4120199839.85,459399224.84,240880537.62,77532038.41,5245744372.56,580211751.92,561356195.81,2021-07-28
1089,605588,冠石科技,92286066.82,59.67071248693,835424705.21,85.660673744,650917040.44,13578703.65,31899322.6,1970481.07,724816346.77,109129495.81,108715032.42,2021-07-28
1090,605069,正和生态,95552582.96,-32.659160268459,1022538259.68,-22.1969563983,609613385.06,29681644.6,153398803.89,1502706.11,851065873.0,107926932.65,106772485.1,2021-07-28
1091,300774,倍杰特,119351543.05,17.668787431571,475964856.75,18.9606241589,311270527.75,6433686.87,28072039.16,-592576.1,362374487.89,130924744.27,136524573.79,2021-07-28
1092,300651,金陵体育,42500446.66,20.04,499635072.08,10.1048345085,332360942.53,31355760.37,57021023.71,4675640.85,450996874.05,50340683.36,50439543.82,2021-07-28
1093,688670,金迪克,-19037689.91,32.040145798444,67151263.96,,10494712.85,25972739.61,31774537.95,3015916.64,96773677.67,-31190183.39,-31246580.14,2021-07-27
1094,300021,大禹节水,129426255.34,29.17,2165853141.43,21.7052385906,1585053307.23,79458974.17,172798137.03,48942369.97,1923867580.15,200887907.73,199332088.45,2021-07-27
1095,688511,*ST天微,45084545.95,368.522565226421,151663786.71,256.6433033346,51890618.18,3553871.98,30834910.54,2372563.93,96298987.55,54529000.26,54308241.42,2021-07-26
1096,301038,深水规院,70575906.73,36.738174347486,714542463.62,38.1068606322,459883538.11,11311325.52,97227949.33,-2130878.34,601718506.95,90439610.77,79595332.01,2021-07-26
1097,688071,华依科技,38745019.16,346.71219199505,295935178.35,44.7106084078,171117661.34,9836236.82,30791980.62,17707247.45,249788332.96,43237794.01,43826706.62,2021-07-23
1098,688001,华兴源创,176450693.17,-27.47,1257737331.89,25.1375991046,672242716.56,91703041.46,107046853.88,-3363920.36,1071228775.82,180145901.02,187290349.39,2021-07-23
1099,301043,绿岛风,68367929.86,31.743526447418,429930791.48,11.6338030003,268700202.99,51465067.94,13465991.23,418534.48,351141653.09,77176150.85,78620895.07,2021-07-23
1100,301036,双乐股份,85167839.76,21.321512007425,1135610639.8,14.4708742451,884975979.41,25667822.61,39894794.02,29533224.2,1037198837.92,102056889.55,100097427.86,2021-07-23
1101,301035,润丰股份,339337470.6,9.327063814622,6073610606.06,12.4387623949,4954875317.73,258219283.3,217388728.71,-10532150.08,5624513336.6,426152767.81,424608280.45,2021-07-23
1102,300964,本川智能,67296857.92,43.138482827494,465510511.35,25.0096862998,327249490.03,22038836.47,14922239.4,755443.58,389030394.03,78487967.02,77524466.82,2021-07-23
1103,002460,赣锋锂业,358070976.45,-73.3,5341720203.72,6.7515032427,4086209564.51,62530623.17,272855433.9,70333887.87,4596265867.52,475311202.24,474468054.17,2021-07-23
1104,002431,棕榈股份,-981450344.87,-2055.11,2708825167.13,-49.1663757575,2552743218.42,137551082.86,262095209.81,316005633.33,3402226201.45,-1170530055.37,-1173324580.93,2021-07-23
1105,688718,唯赛勃,66304360.59,21.872257068889,360583583.57,9.9515216085,214493226.99,13187546.16,32771274.69,-1191343.43,285781634.34,75197573.62,75472761.34,2021-07-22
1106,600382,广东明珠,371003912.38,-4.42,1186105451.13,55.1300954863,265113912.87,,20396183.63,26105113.34,317426269.31,799929898.21,797609430.44,2021-07-22
1107,301042,安联锐视,91864228.46,38.384736947447,837881438.73,-12.4566081685,618158689.0,24558824.4,37778375.34,-2148449.36,738078039.11,101418236.12,104635950.86,2021-07-22
1108,001211,双枪科技,71839919.21,56.281840109921,717755797.46,18.0429103978,462961063.15,103367758.35,31348435.53,9357170.58,637702370.0,82838456.03,85966382.76,2021-07-22
1109,688296,和达科技,31407860.72,147.006701819832,235441115.31,44.5759526567,127281611.09,26985058.49,24696299.57,-336531.12,209330921.58,34992662.41,34947432.75,2021-07-21
1110,605507,国邦医药,314942608.89,49.352159991422,3802036233.07,15.950482158,2815838544.51,76662975.05,175931570.22,20445876.32,3239257918.32,581587443.2,575923355.26,2021-07-21
1111,001212,中旗新材,108715822.33,25.989911193847,528583584.97,-6.4628182718,334584258.4,22360676.28,21547809.11,618060.7,404532720.08,127453506.37,125530882.97,2021-07-21
1112,688768,容知日新,39844370.4,149.354007399565,180123743.27,59.2302540543,51656394.83,39626252.15,22094345.48,1566215.92,148593118.28,40604802.76,44674816.05,2021-07-20
1113,301033,迈普医学,27680391.52,248.877870357617,113239983.07,32.0513451955,16339037.34,47767467.62,17546171.76,15055.18,101195122.28,31122892.73,31060942.5,2021-07-19
1114,301032,新柴股份,54022517.86,-25.870499611972,1887904645.49,7.6574516084,1636128997.92,60665952.19,56017587.78,6412087.49,1830549431.71,60039151.36,60219226.88,2021-07-19
1115,003023,彩虹集团,84215972.77,-39.524473727109,1005534170.91,-6.1041795148,552869804.68,218779930.1,104834461.48,-2937928.46,911578089.49,105923692.42,104046895.4,2021-07-19
1116,688800,瑞可达,42032544.28,10.52296341823,508376496.71,12.9794165138,351006448.07,18482018.77,31912838.49,1983119.67,441982219.96,44001000.76,45764893.72,2021-07-16
1117,301029,怡合达,144311492.85,47.871585998547,761000568.35,21.8129853949,435027008.02,63762335.7,64355572.26,-3342168.71,598244500.46,166755655.05,165976086.21,2021-07-16
1118,300106,西部牧业,-57168011.36,-390.04,649011242.0,-4.2490531561,559120633.56,60592721.42,40970798.09,6399363.1,672291541.54,-44970240.64,-49868944.37,2021-07-16
1119,002064,华峰化学,1841482202.93,-4.92,13785247595.36,-8.88223922,10474208719.74,379826423.97,344526438.27,131979896.71,11942062163.78,2132208557.55,2079185456.88,2021-07-16
1120,688385,复旦微电,-162614360.03,-254.799662875384,1472839381.68,3.4449141093,891660486.32,98729079.95,136058578.16,-2783278.69,1690081849.47,-146075995.65,-147067246.71,2021-07-15
1121,300294,博雅生物,426146775.92,-9.17,2760925046.07,15.6398953815,976574216.56,962813604.74,177270052.53,17390783.45,2247878060.02,514115786.96,520038336.14,2021-07-15
1122,002629,仁智股份,28970179.23,104.683092740167,96836816.77,-96.1974308644,77027008.56,6397935.59,26320470.44,6862418.51,119101193.31,-3946284.67,27296906.98,2021-07-15
1123,605577,龙版传媒,130437099.7,-39.73583758388,1513052216.08,7.7343581102,872710429.34,226181049.47,259176362.58,29322474.62,1425176880.75,129139316.14,130459186.83,2021-07-14
1124,301040,中环海陆,72875307.44,121.110285582592,799873503.98,26.8226538853,626443405.31,33290682.73,28814814.34,1928883.16,719054700.3,82950519.98,82926503.95,2021-07-14
1125,301024,霍普股份,63665337.41,11.146829480186,266641441.13,10.4327056847,128327926.22,13294876.75,21182798.21,704085.69,185197219.25,73709498.19,73289596.94,2021-07-14
1126,000688,国城矿业,170859251.95,-57.82,1020530162.26,-16.7482976874,661745911.84,19218306.37,104544676.94,-3194079.73,852285759.09,213767084.56,199750101.46,2021-07-14
1127,688501,青达环保,46322032.04,-15.382334495047,529214728.19,-9.8416625346,363961778.09,39304397.13,28816989.55,10746024.48,469054020.31,54416490.08,54403572.17,2021-07-13
1128,605167,利柏特,99827144.51,18.525979975384,1415775736.94,-1.2008709566,1151594448.05,18865055.91,96609842.45,3182100.22,1297215786.26,128826232.97,128911075.86,2021-07-13
1129,601825,沪农商行,8845647000.0,21.038131543295,21271299000.0,5.588434171,,,6437415000.0,,10602965000.0,10668334000.0,10692517000.0,2021-07-13
1130,002015,协鑫能科,553703505.72,66.83,10898835155.37,33.5005324886,8670690849.54,26994696.34,588485578.23,610380827.61,9974599949.58,1137964297.77,1220130920.08,2021-07-13
1131,688509,正元地信,82497853.7,-14.978879705983,1935711481.49,17.0680700916,1328331632.31,72628349.43,221027222.45,13638009.55,1718922747.9,107443668.91,109139346.34,2021-07-12
1132,301027,华蓝集团,94141631.93,27.667095751719,912021861.75,3.4975705692,585132626.69,35924151.24,136017222.36,4650831.86,805832937.52,116626670.28,116448821.14,2021-07-12
1133,301026,浩通科技,67600937.34,38.389182450867,650314340.2,19.6061623565,556351469.28,2200371.59,10345233.54,3322210.83,579385907.04,76309683.63,75664679.93,2021-07-12
1134,300478,杭州高新,-292511942.66,-1481.11,697250232.16,-18.2780483233,640998323.78,44524120.18,47228381.76,7435686.9,780927227.17,-283779464.73,-288937443.64,2021-07-12
1135,688357,建龙微纳,86003382.24,82.7,405971995.48,7.3394416226,248099598.09,27867744.87,22022564.79,8101029.93,326474499.79,84854316.68,99212445.77,2021-07-10
1136,002356,赫美集团,-1878513883.48,-13.72,848393525.78,-55.771793854,494120361.99,124470136.52,174204998.24,201894144.24,1021451336.86,-1946926554.78,-1980187783.65,2021-07-10
1137,688793,倍轻松,54575569.32,20.78310311009,694115696.87,36.6386441439,271198628.59,286535418.32,26881380.31,1992971.04,633262427.3,63183729.08,62995201.43,2021-07-09
1138,301037,保立佳,71902232.26,58.630587723086,2054353842.05,19.3910075625,1609063477.07,207772761.45,54061939.29,41604288.93,1951410567.84,89610980.81,88288187.92,2021-07-09
1139,603557,ST起步,143550613.65,-21.13,1523397818.58,-4.0951771142,1026781842.27,179528666.54,70287716.91,23808776.6,1351553106.62,161601689.72,177360031.93,2021-07-08
1140,301025,读客文化,57166668.52,10.337289833543,397016395.32,24.1785720779,218481779.39,47693083.05,53721527.17,-3104238.13,316899076.37,67387105.15,75627496.02,2021-07-08
1141,688799,华纳药厂,116011039.14,31.101561978058,824648894.37,34.4723082807,243832138.2,371665540.57,27837913.79,-122371.37,700204172.65,127726870.82,127653633.11,2021-07-07
1142,605365,立达信,369054885.89,21.079533065582,5053218486.66,6.0539612063,3621946024.41,309667298.96,337436700.92,8176894.81,4650736503.84,396963127.72,396284044.85,2021-07-07
1143,000792,盐湖股份,-45859976778.09,1230.58,17849179895.51,-0.2266989873,13123819910.92,352869946.46,1567738785.89,1445796468.67,17381598748.73,-44857410944.36,-48642131426.3,2021-07-07
1144,688305,科德数控,42461502.59,213.069413312726,141904575.84,38.0053137959,79170501.88,18591523.67,11806083.67,-4049134.78,112150065.8,48207048.85,48246895.31,2021-07-06
1145,600078,澄星股份,60355526.22,212.18,3309960191.35,5.1958545082,2702946056.82,99294361.8,133809368.61,165877042.43,3141026471.16,176246074.92,170050376.48,2021-07-06
1146,688789,宏华数科,143978923.38,41.498651601278,591233783.38,25.0601181572,323547736.8,41440600.63,36699985.84,-6546631.37,438653760.34,167106989.48,167224735.99,2021-07-05
1147,688303,大全能源,247058837.71,-39.01587755339,2426085064.63,21.6870207482,1885534481.84,46458978.21,108884960.92,78356202.65,2161960545.34,308098583.96,309450877.92,2021-07-05
1148,300287,飞利信,32090403.2,101.64,1472351757.26,3.2804102392,1004169669.13,93223519.85,154243405.11,13335564.95,1374042523.88,31894401.16,31783314.39,2021-07-05
1149,688087,英科再生,95200522.95,8.745604768678,1273001355.05,8.3436655401,906830110.24,117682469.27,75364750.27,19044251.33,1182397785.61,104727684.09,104756736.67,2021-07-02
1150,301031,中熔电气,37690812.67,18.978582708854,191212011.94,21.1216988948,105381988.79,14868125.35,12584806.19,-174617.81,148717212.85,39961305.07,42270356.25,2021-07-02
1151,301030,仕净科技,64783399.66,17.178265642758,734559158.98,7.2704122396,541493611.36,19244493.65,34052904.31,8514301.73,632022161.04,83312950.32,82728491.65,2021-07-02
1152,002328,新朋股份,107506876.76,7.25,3602487202.31,-11.7280100139,3127551801.41,52512078.23,170021129.26,-5730335.41,3421493034.85,218766421.67,213290534.76,2021-07-01
1153,002160,常铝股份,21980735.15,105.11,4330649784.47,4.6644787216,3662779163.42,233222976.3,121916419.03,122890639.7,4299658874.93,31935989.76,31402283.42,2021-07-01
1154,688226,威腾电气,54701798.94,7.955584230931,908174093.31,-2.8293713903,685538500.28,71445351.68,37320658.27,13186541.86,838780963.96,67975005.15,67905722.29,2021-06-30
1155,603667,五洲新春,102398440.39,0.12,1817599401.72,32.325110269,1414530035.65,55947157.73,114602687.1,27025044.78,1692698913.4,111781193.6,120063265.48,2021-06-30
1156,301028,鼎熔岩,85239577.18,-9.873398789052,605721302.95,4.9265044696,415818921.04,36305470.4,28281670.56,496334.44,518144176.57,97342776.26,96588178.17,2021-06-30
1157,301021,英诺激光,72060698.21,15.712556483939,359369802.3,23.4321710392,176985433.62,23328201.78,32411975.72,5205234.67,280879948.58,81195001.89,81108458.55,2021-06-30
1158,301020,密封科技,78131264.11,-13.439328009663,399404087.11,-4.581067354,223365125.48,34262655.52,20983909.27,-1226341.6,302920933.58,90704487.05,90723821.85,2021-06-30
1159,301018,申菱环境,101491224.43,-1.679906418388,1358179825.23,21.5223920787,943002553.89,120380043.03,102815814.92,14475737.56,1243499328.56,118933028.99,116055464.98,2021-06-30
1160,300342,天银机电,141545479.17,45.46,945337267.6,26.763707556,607144112.39,20719835.77,37577493.62,11140925.03,783513297.39,160747532.99,160720415.84,2021-06-30
1161,002042,华孚时尚,402294451.12,-46.14,15886871683.43,11.0390400846,14638175298.76,215883084.96,459122166.53,365139592.41,15852816364.02,443896726.53,452191906.92,2021-06-30
1162,688239,航宇科技,53864940.55,120.674381424517,588762242.66,77.0312126202,434319274.3,12304850.93,34201547.94,13951777.51,526458587.22,60555176.23,60719024.46,2021-06-29
1163,605020,永和股份,139022620.66,7.975919051516,1882872178.57,-9.1687800335,1441469748.94,136583233.1,129469095.49,-4216824.5,1744619243.03,181264847.24,178416125.72,2021-06-29
1164,002986,宇新股份,242625642.83,36.815901960762,3161320025.23,-5.1344550822,2638217507.78,71878639.47,58544805.14,776782.58,2899021309.84,276378100.82,275269122.33,2021-06-29
1165,603789,*ST星农,12086453.16,120.643343485816,705480825.16,18.4076743227,528503629.54,33422460.0,45586066.54,7616436.74,654809714.28,26602456.31,26373228.42,2021-06-26
1166,002510,天汽模,89131430.96,-57.99,2168713304.23,-2.5957921051,1802007802.99,56042161.08,140104832.33,91782519.88,2181059108.0,33995273.15,60199370.94,2021-06-26
1167,688499,利元亨,93086507.08,-26.539083688452,888896902.76,32.3545517719,536227368.2,52529753.69,89901598.99,4172761.43,812760962.44,93887085.14,92580715.97,2021-06-25
1168,688161,威高骨科,441673862.73,36.166745209742,1574008097.2,29.9563474076,275189740.58,633515070.25,55775627.97,-13740308.65,1050998852.45,513380716.44,511934184.31,2021-06-25
1169,301017,漱玉平民,111185396.18,-1.911169912063,3466803445.88,20.0524433014,2313335804.33,868744791.71,104009514.17,-1169218.23,3306971111.87,155765818.98,161828495.75,2021-06-25
1170,301016,雷尔伟,85970174.47,64.037349291175,370631318.07,41.8679664785,218197526.6,13806725.45,23205954.8,2529407.47,273620512.87,100149817.8,100635892.62,2021-06-25
1171,605162,新中港,156249706.96,37.641653110369,649996923.16,4.9329108274,396684924.53,1848646.11,33366449.58,5637531.96,443180918.96,206136854.21,208659504.13,2021-06-24
1172,603402,陕西旅游,147770741.62,18.231313283674,636547651.48,12.4014659228,258385982.21,47370359.76,52004092.26,8499508.57,370541513.54,266384651.66,263202206.22,2021-06-24
1173,301015,百洋医药,209871180.85,-18.687444345233,4848663511.82,32.7505656427,3497676502.08,832985714.1,150560795.52,49341529.56,4555972368.56,296052695.77,292477824.9,2021-06-24
1174,300507,苏奥传感,67627697.24,-22.14,705858213.83,5.8113481162,512460903.53,17993855.23,49211607.75,233126.31,610230367.89,114807214.94,106268686.39,2021-06-24
1175,300417,南华仪器,219720146.43,688.01,598714205.82,292.3336560145,206933655.99,50169070.45,45403509.19,-475469.27,358211962.42,257332055.03,257069368.14,2021-06-24
1176,002466,天齐锂业,-5983362461.57,-371.96,4840615283.61,-22.4809461372,2102641516.49,43979595.61,421820310.7,2028431564.25,4670243622.33,-4538132097.58,-4480207412.22,2021-06-24
1177,001210,金房能源,100849984.7,29.466129079587,713330277.93,9.6881498804,544458670.28,4554687.79,33208700.88,2752379.43,605376864.93,122064658.38,123373824.66,2021-06-24
1178,688367,工大高科,37226302.5,77.4859600025,169427788.27,33.6202540704,108518795.67,7538740.31,11982428.42,57864.23,137009126.92,43201213.7,43302163.83,2021-06-23
1179,688313,仕佳光子,-1583316.54,86.770396713498,546320000.56,5.4866217557,410777313.0,26909154.29,56710887.98,4214073.32,563593654.94,3015958.01,2671500.3,2021-06-23
1180,688038,中科通达,50297972.43,37.191878207119,442916976.4,66.0596022814,319022181.92,19094706.64,18641279.3,-726286.39,383794601.51,57367709.84,57391944.23,2021-06-23
1181,605287,德才股份,145823332.83,61.491890024656,4773730184.46,41.6696306517,4199113471.69,12885598.17,126029024.62,43686567.24,4480471123.31,182276168.73,181151016.38,2021-06-23
1182,600522,中天科技,1960221727.45,-7.18,38806127262.5,14.174965233,33830640340.01,1104514596.62,543045585.44,182334713.6,36874100941.58,2315840942.53,2291630521.51,2021-06-23
1183,600403,大有能源,76862851.24,-88.2,5902613243.41,-24.9148052059,4307021466.68,120939093.33,954154958.56,137579866.87,5879455767.99,-172083277.73,-44199745.6,2021-06-23
1184,600187,国中水务,19741340.47,89.85,537836212.6,14.273173249,363484605.15,16318272.84,103737919.36,14384101.86,521012133.24,15194703.88,48051175.74,2021-06-23
1185,301023,奕帆传动,63159737.78,18.521565039688,169479020.0,16.385612142,78852908.13,2377569.9,8249761.11,-1328844.0,98128017.83,71445113.76,73274277.59,2021-06-23
1186,301013,利和兴,91740933.19,81.764744796614,557843055.84,36.6447249581,373271797.5,14355837.93,21199796.59,-553689.76,452280210.47,101401846.2,101947100.1,2021-06-23
1187,002669,康达新材,139961738.71,73.99,1066074423.43,14.8383922952,665527253.19,82400204.26,74714792.23,1967127.82,902748640.73,157347517.44,156783492.97,2021-06-23
1188,002535,林州重机,-1991331758.59,-1495.26,1046576211.57,-49.2587851231,992024217.62,40167727.55,314617116.43,101585158.92,1491733034.0,-2054947029.31,-2151353168.68,2021-06-23
1189,688601,力芯微,40796351.59,60.730830618511,474579213.93,37.8215864798,351465871.85,28681082.88,14288176.93,-2755541.85,429304133.1,42257432.54,42341049.12,2021-06-22
1190,600358,ST联合,-190094288.44,-127.41,354970862.79,28.9943566542,296496214.63,1714601.66,64366879.97,4374649.61,370244264.0,-194780210.57,-181055966.88,2021-06-22
1191,301004,嘉益股份,71900156.81,-11.479356152197,404961066.32,7.573997971,263245398.33,24463156.06,18874641.56,576536.89,331307054.92,83536900.13,83267879.26,2021-06-22
1192,002667,威领股份,10952154.9,-13.09,222151305.73,20.0819904168,147803233.19,29877737.95,27567006.44,-592090.69,224925882.52,17753259.92,12105524.87,2021-06-22
1193,000892,欢瑞世纪,-551157816.39,-269.79,540047298.34,-59.3480832459,574218359.25,111778803.32,70070650.13,22546782.01,780883532.18,-584992647.1,-616124690.91,2021-06-22
1194,688276,百克生物,221022136.3,72.597800397049,975667802.11,-4.2445011874,93889745.41,449462006.71,80643001.98,7809861.5,704894378.61,267881756.68,263837000.67,2021-06-21
1195,301039,中集车辆,1210643016.08,1.259311290243,23386908687.91,-3.8808673428,20133602554.7,596778526.01,959969093.27,45561320.55,22185886001.22,1553806989.25,1570742601.43,2021-06-21
1196,300051,琏升科技,-257255734.85,25.62,288308607.71,22.7855854799,137655543.27,57560964.2,49259208.32,24547172.06,300076901.09,-254144611.91,-254144874.19,2021-06-21
1197,603709,中源家居,33708257.66,-59.76,1069711755.61,20.4541165899,759427876.67,195313446.1,40707320.94,-7376624.25,1037479782.84,42932152.68,42755345.28,2021-06-19
1198,603508,思维列控,789343977.76,320.24,902327244.38,66.658045397,367696204.64,50210898.5,167228871.29,-24987831.03,746994360.65,825449193.14,825300455.88,2021-06-19
1199,603007,*ST花王,97392981.19,-2.54,1234675416.45,-2.3463211291,918996475.57,8026902.19,106491413.25,55637059.62,1137016482.9,63915077.79,125866593.6,2021-06-19
1200,000070,特发信息,323176298.4,17.24,4655911057.79,-24.143758593,3821380155.63,155672858.38,128739371.12,80444209.56,4462661071.36,410100040.29,395551932.1,2021-06-19
1201,688690,纳微科技,23426067.43,59.797442569963,129700910.89,57.4120920308,28042242.55,23406237.86,24368575.63,-163429.26,107117023.56,24788228.91,24865950.28,2021-06-18
1202,603319,美湖股份,93120482.08,-4.11,1001633127.19,10.7555474117,704625647.02,55184015.55,45658589.29,16786341.18,899312056.4,108122755.33,108535646.31,2021-06-18
1203,601611,中国核建,1206842413.33,25.6,63740774107.17,23.7539763568,57406449096.09,173664644.52,1748644719.68,827860267.35,61144982941.64,1798980019.55,1800675256.56,2021-06-18
1204,600107,ST尔雅,39451908.62,358.48,447250852.08,6.8805281441,287916397.66,101758522.63,40533230.29,10970536.67,447400680.53,36823371.3,36431540.45,2021-06-18
1205,002292,奥飞娱乐,120100514.12,107.37,2726920351.65,-3.9745797241,1456365560.45,477588822.54,378125245.54,81286194.5,2606443505.26,82818196.46,104529534.67,2021-06-18
1206,688216,气派科技,33730969.1,120.457799408609,414468603.2,9.3699651519,318716193.94,6995178.52,18350149.45,3943860.79,380417156.2,37766982.29,37765082.29,2021-06-17
1207,605056,咸亨国际,235188846.55,43.787171877642,1947739559.65,28.0354447654,1194243665.46,235401881.53,165280531.0,-803484.1,1636472902.76,317178861.03,318222961.39,2021-06-17
1208,605011,杭州热电,204263673.89,33.315302703119,2002067484.62,2.9146179673,1686425261.59,6238885.44,83925066.35,71149152.27,1861744099.57,271614688.21,276278044.38,2021-06-17
1209,603171,税友股份,284021738.75,4.144935840489,1397967718.79,7.4880019165,555444717.97,135163207.32,186061750.63,-24606301.6,1167490890.91,281841294.88,281571516.91,2021-06-17
1210,600988,赤峰黄金,188012208.57,466.987196394796,6068463320.8,156.733488391,4847940782.13,46472764.61,342218893.71,226838375.69,5703317610.42,374330732.45,302279043.58,2021-06-17
1211,301012,扬电科技,45873180.99,-8.693772222154,509796410.07,-12.485936409,395187977.72,19923339.7,13746747.46,6198661.35,454007741.78,52160571.12,52139571.12,2021-06-17
1212,300158,振东制药,142762719.66,196.82,4398753603.8,28.6279138135,1548909497.37,2173077063.32,295591473.46,22333387.01,4229909944.52,191095319.07,191423937.75,2021-06-17
1213,002655,共达电声,30818475.17,44.35,984325864.3,22.3121217373,748955301.36,19990890.12,77962283.8,13744243.67,935126406.0,33275368.82,32646878.25,2021-06-17
1214,688621,阳光诺和,47400670.33,128.794955454583,233525568.81,73.2438210439,126355819.45,5998693.7,30284141.69,319753.74,182429471.24,55041742.68,54455395.05,2021-06-16
1215,301022,海泰科,54183536.63,136.534593283878,341899678.12,25.7122060562,225608774.63,26365662.03,12048134.39,5843.28,280049667.88,62711887.25,62729576.44,2021-06-16
1216,300167,ST迪威迅,17814310.25,109.94,525263967.18,102.4946862316,383404948.92,17798040.4,55146048.51,11592508.26,485672323.88,37579600.2,37985252.44,2021-06-16
1217,001209,洪兴股份,91751119.43,7.060414117715,1008417769.35,17.2404364964,601128478.32,196086140.75,39111028.8,1772846.41,873147955.37,110404271.59,112427296.12,2021-06-16
1218,000638,*ST万方,9358190.19,106.35,115683338.13,-2.6142190476,62302315.08,10835558.56,22414547.42,3594918.04,108003767.4,19300528.69,19230875.24,2021-06-16
1219,000056,皇庭国际,49950478.63,-44.18,997301698.77,-0.0155222629,326327142.37,23157847.03,106947521.48,311326224.37,790476211.21,116438523.6,128585079.68,2021-06-16
1220,688517,金冠电气,64144512.85,39.073361122263,505894499.31,-0.909122261,333336650.49,38329950.24,35568844.91,1565198.81,435896995.29,72798570.57,73184787.29,2021-06-15
1221,301019,宁波色母,79313851.89,55.217079255086,405424807.44,24.1227407253,263485586.41,26498193.32,11340381.0,425128.94,318387987.64,92710972.49,92265242.36,2021-06-15
1222,000692,惠天热电,-115497722.0,-2032.02,1850660645.78,-3.0269892502,1863492414.46,24215534.38,114108905.02,158441024.48,2169966976.12,-231738093.53,-156113232.8,2021-06-15
1223,600613,神奇制药,83974764.44,-20.85,1927593214.0,4.0308177509,709907977.2,881822703.23,91940338.62,9536836.52,1740125095.49,108360155.32,108264627.58,2021-06-12
1224,688597,煜邦电力,55504974.47,78.089822159415,533665673.43,24.7538808791,362275289.18,48365669.71,31336095.8,-2072623.97,482910914.5,61289189.77,61179817.88,2021-06-11
1225,688199,久日新材,248687778.77,41.36,1334866139.24,32.8015167463,835185218.65,43990870.99,67188582.39,11545958.32,1034817968.84,299251976.1,297335148.42,2021-06-11
1226,301011,华立科技,59769086.39,90.58062774063,498184022.01,11.1417112436,341363011.2,28996732.62,32046600.03,8321171.68,429305481.65,66473289.05,65667773.18,2021-06-11
1227,301010,晶雪节能,63506657.11,15.975873668804,653705124.18,9.7937429847,484302374.0,37895578.0,37993036.67,2402378.98,589611182.75,72934652.77,73044238.21,2021-06-11
1228,300688,创业黑马,16341562.92,21.55,212760686.53,-36.4853862677,94636126.92,43580692.84,49807080.23,-2937229.67,194721880.83,18043799.39,15691329.6,2021-06-11
1229,688567,孚能科技,131227665.49,267.778499732384,2449628725.5,7.6451184956,1874140350.2,125117845.78,164797093.72,-17624803.95,2425340784.82,138165603.96,142282005.68,2021-06-10
1230,601921,浙版传媒,1103318981.46,5.253919543188,10182774455.73,3.2596243864,7250219544.01,1243121090.27,718522602.35,-37743201.94,9242759112.57,1113192482.31,1114684079.07,2021-06-10
1231,600796,钱江生化,19180260.61,142.96,380287652.91,-14.1045261685,334512087.51,6309120.26,36558106.18,1990743.05,395873293.25,32230108.21,30760627.47,2021-06-10
1232,301009,可靠股份,87450906.01,46.528597619408,1173726342.08,29.5158444205,856564395.57,118337874.86,41870487.91,-4088405.07,1063032266.52,107953381.64,108425967.16,2021-06-10
1233,300812,易天股份,92617202.05,26.3,488980035.2,13.3146237472,261670960.75,52131877.78,41431093.55,-1875554.06,392330452.08,108030482.55,108310159.65,2021-06-10
1234,300541,先进数通,70869157.96,38.45,1792508599.81,28.925131517,1526848889.86,51237190.33,58439547.02,18150374.39,1716467926.58,82590614.15,82660250.01,2021-06-10
1235,300152,ST新动力,7035498.48,101.36,513408320.75,-2.474465172,376879113.68,23581432.15,97566413.48,13623711.67,534669167.51,29495927.88,11357563.76,2021-06-10
1236,002456,欧菲光,509851902.34,198.24,51974129540.27,20.7498525725,46842364699.48,238188824.35,1091339908.57,1031214037.41,51068175993.23,657009839.45,656959224.6,2021-06-10
1237,002200,*ST交投,35881516.64,114.05,682225076.39,-10.1907881581,461839085.68,23658768.98,75809920.77,168401523.37,739190236.2,122025709.3,92134749.84,2021-06-10
1238,000422,湖北宜化,164393911.64,-38.84,14660024897.32,14.4218027734,12574359620.76,582188732.06,557015640.2,800400081.68,15086000769.12,30432720.31,134219048.61,2021-06-10
1239,688700,东威科技,74242630.31,17.433553272491,441595348.64,8.3949212519,234288601.09,47463264.13,37697700.81,-976860.48,359270815.12,87038742.67,86751339.3,2021-06-09
1240,688067,爱威科技,50520467.82,85.170875468716,189982846.33,26.2003175024,62410167.33,46361757.48,12336583.1,-152354.14,144985275.85,57491382.35,57147725.78,2021-06-09
1241,600905,三峡能源,2839735773.59,4.842634818232,8956644467.55,21.315879332,3874438957.96,,424949158.9,1626271621.12,5999744843.03,3381664898.45,3347033089.0,2021-06-09
1242,600193,*ST创兴,19168865.8,-33.19,556346825.08,150.8909803222,478136960.09,2474060.87,25740850.34,5084692.01,512550157.48,36209111.6,38197170.91,2021-06-09
1243,600039,四川路桥,1701863780.31,45.24,52725476605.31,31.750380942,46940547579.74,19258395.17,895335663.33,1966698034.92,50779716015.59,2103209397.09,2131706807.44,2021-06-09
1244,300810,中科海讯,81814326.66,-4.65,241367321.98,-19.0889040654,79527853.5,6380793.02,36210970.67,-1361744.16,164465244.19,92317352.46,92147874.94,2021-06-09
1245,300319,麦捷科技,45090952.43,-65.76,1817743896.6,8.7400954796,1499783233.56,27685674.88,49945941.15,17937543.29,1662833786.51,65369360.2,70715909.86,2021-06-09
1246,300220,金运激光,4256066.76,111.88,221899552.58,3.0610599217,137928173.76,43083418.75,19395645.77,-982139.03,215952881.34,3350460.27,3712770.74,2021-06-09
1247,002694,顾地科技,10677564.93,109.22,1640363485.98,-1.4428423585,1291923693.74,105012235.53,114149938.18,31752049.15,1620806995.95,12917887.71,12969570.91,2021-06-09
1248,002021,中捷资源,10257273.01,104.31,706762459.09,-38.072255636,582765213.32,62041837.11,84913228.79,17360875.19,781339059.51,-70417838.81,12019506.4,2021-06-09
1249,001208,华菱线缆,75921307.83,40.860242598459,1503110229.82,23.9472729613,1210958393.43,94506231.44,28418121.35,22409146.16,1413177146.72,87195074.34,88622153.97,2021-06-09
1250,688681,科汇股份,41188497.99,131.841733824409,298405947.37,21.5041464472,150866423.19,61357026.25,23669104.4,1884880.13,267202351.47,48244601.84,48174206.3,2021-06-08
1251,688318,财富趋势,183031254.76,22.132507667075,225769240.07,15.6708114112,31040571.37,5542538.22,5333979.49,-31323551.42,43281792.08,201300327.93,201262799.05,2021-06-08
1252,688025,杰普特,64650514.65,-30.75,567679888.92,-14.7953057181,361877168.84,47461436.75,34289396.64,-5798177.85,506441886.59,71984904.65,71608834.3,2021-06-08
1253,605028,世茂能源,85511224.7,39.533342096019,263564939.94,4.3399419499,108984157.06,330645.0,27605587.94,6642909.47,155042254.7,109812872.87,109991366.49,2021-06-08
1254,601599,浙文影业,-965747540.66,-1821.65,3035439712.77,-36.4925007148,2474699514.56,178142002.11,150197240.33,125608163.48,2982973971.45,-937922016.86,-933654573.04,2021-06-08
1255,600165,ST宁科,-44952125.08,-578.18,265756858.64,-51.8633075632,262893342.32,11226114.53,27536766.05,35090767.8,342532908.41,-57645991.89,-55865572.55,2021-06-08
1256,301007,德迈仕,34813241.73,-38.632302465761,409162576.73,5.4100199526,305479771.99,9949723.86,30561647.27,7384880.61,374581628.45,38919283.95,38772520.75,2021-06-08
1257,001207,联科科技,66153299.6,-25.027607804185,971524851.04,3.2068099769,793712119.81,39019967.76,18852638.29,8871953.99,905864565.88,71786010.31,72273178.21,2021-06-08
1258,688345,博力威,70403565.73,11.359395128958,1026286558.31,7.7038264597,787524909.58,41389898.85,48617943.95,4675962.78,932144087.24,81827173.89,79755762.02,2021-06-07
1259,688010,福光股份,92166296.88,0.85,579906987.91,5.0561569968,393315599.46,15121783.89,52084106.55,-3726104.2,498652587.36,108218985.03,103403074.5,2021-06-07
1260,300603,立昂技术,122023926.38,195.08,1381970363.87,106.6585711807,936590994.99,29177818.77,87367059.43,9034585.29,1116631943.6,145883366.88,144979377.65,2021-06-07
1261,300147,ST香雪,76514355.43,35.57,2786199516.85,11.2587363343,1905396940.25,395320628.31,222897543.51,152874876.93,2757939337.5,112569911.32,117076813.96,2021-06-07
1262,002052,同洲电子,-203199011.24,40.36,782275986.27,-1.5782426278,645495959.11,96941107.64,76005765.53,19032173.52,916598079.05,-192915229.11,-202562561.91,2021-06-07
1263,688559,海目星,145546332.41,74.63428083129,1030923945.62,28.7525211794,657206299.16,89740748.51,72016339.73,6412791.37,922845582.82,177046982.76,176954512.62,2021-06-05
1264,688339,亿华通,63916457.39,176.50234615143,553620001.04,50.2467173477,303818844.11,48470621.36,89317402.81,6814570.67,535578084.82,20803106.21,42788211.38,2021-06-05
1265,600755,厦门国贸,2309300382.69,5.35,218046936338.7,5.5417107428,211396914516.71,1822957740.0,243202899.9,1228065656.18,215582928139.51,3178441736.61,3372569755.86,2021-06-05
1266,002575,群兴玩具,-65748679.34,-2834.84,24064433.92,26.3513509278,7443312.4,7037983.81,13856094.37,-4565632.21,29015459.49,-64216395.89,-64153571.32,2021-06-05
1267,000820,*ST节能,-2049722141.73,-211.08,16227342.49,25.8368033035,8104804.41,8145761.72,63783190.81,110611389.22,199284786.29,-1701728308.95,-2049722141.73,2021-06-05
1268,603036,如通股份,64823672.76,65.88,298859040.24,24.2084840275,158436899.4,23659403.23,27349383.5,-2094694.02,227140214.39,76510510.15,76346593.23,2021-06-04
1269,300984,金沃股份,63586140.11,22.787681117854,571879505.61,5.0535815458,441298232.67,12872170.96,21813869.52,3045151.18,498467724.2,75649576.55,75876283.45,2021-06-04
1270,300269,联建光电,-1381107950.51,52.18,3013565856.08,-25.652892759,2352691863.61,355370987.77,265923921.44,84650674.44,3199076448.05,-1255612899.56,-1333052094.67,2021-06-04
1271,300093,*ST金刚,-88240684.53,-797.37,612769304.55,-16.9326086469,482971194.36,65379860.87,63280066.78,16304164.24,657996061.06,-92932711.4,-94019635.05,2021-06-04
1272,300045,华力创通,-147549739.89,-224.97,640914663.47,-5.6197952785,379693480.03,30973387.97,127621615.87,848188.6,580761582.88,-142406520.11,-145064745.18,2021-06-04
1273,002005,ST德豪,264045436.49,106.66,2980356543.25,-25.5140313815,2557329517.51,170787287.0,357418838.0,77941804.98,3291103891.93,290023702.32,252383331.11,2021-06-04
1274,688131,皓元医药,73429629.62,298.767203587104,408969004.55,36.2343903596,175120591.39,47142365.6,42528368.44,532068.0,319471830.39,84382923.23,84357308.39,2021-06-03
1275,688625,呈和科技,89276918.34,60.446243614685,392132616.64,28.838393732,218960036.73,23224364.3,23437174.02,6044305.22,291372634.23,103959433.53,103771065.82,2021-06-02
1276,688319,欧林生物,-31040632.47,-63.312740994896,179114066.88,134.6415218034,15229989.78,99643937.13,48889405.94,724970.64,210499035.66,-33168114.56,-31007525.05,2021-06-02
1277,688218,江苏北人,52400729.66,8.35,473130749.96,14.6637433847,359782701.33,7836875.94,20445416.27,3269195.98,412727753.25,59246345.78,60815098.6,2021-06-02
1278,688108,赛诺医疗,90037845.34,0.95,435913438.74,14.586789476,74420939.69,105500542.32,61218222.48,-4823371.25,329828083.37,108582751.01,107973149.41,2021-06-02
1279,603529,爱玛科技,521528433.85,21.769912166605,10423830989.66,15.9520281681,8998061063.87,427878695.15,216008174.15,-143582198.59,9736230166.22,666078684.73,664115493.3,2021-06-02
1280,600359,新农开发,8325227.07,103.82,550803077.66,-12.0913120904,465257860.84,54291853.25,66702586.29,34701093.01,632136636.03,-34638838.74,8423689.47,2021-06-02
1281,301006,迈拓股份,125705440.54,72.818410091248,313896385.83,66.3610242199,123946681.72,28395352.88,15963990.91,-3461957.39,181401583.04,143041140.67,143084611.87,2021-06-02
1282,300141,和顺电气,6359279.61,-24.35,521165264.47,-30.9437610682,403673799.48,49992612.8,24002475.68,14014690.05,514499592.15,7217058.81,8609002.17,2021-06-02
1283,688425,铁建重工,1529803566.03,-4.789812899158,7281674048.9,-8.1892244611,4868956950.94,254263081.67,294189476.93,-8648073.47,5931261774.85,1713780140.06,1722426664.11,2021-06-01
1284,300733,西菱动力,21236032.44,-68.16,525007098.15,0.7598874447,419079189.62,18857542.81,31043366.65,7254938.54,506480043.22,19361321.76,22962607.62,2021-06-01
1285,300180,华峰超纤,158368065.45,-46.39,3240344131.19,5.7164701282,2388399309.83,60196681.66,261268355.08,74835822.96,2963293225.3,172994905.47,181883789.3,2021-06-01
1286,301002,崧盛股份,83889548.27,67.568054528863,567708501.03,29.3703879441,389991367.54,21778674.29,27122416.13,1015639.1,473594911.13,95418355.56,95272947.38,2021-05-31
1287,300476,胜宏科技,462745831.24,21.61783066115,3884618905.81,17.5750150403,2884208548.63,125429940.36,144983397.3,1127645.59,3337752520.6,521108952.83,516533289.88,2021-05-31
1288,688378,奥来德,108668488.09,22.008455767995,300664702.66,14.5658582748,116082998.13,7367786.47,35558002.41,1717020.58,198374294.04,123965470.47,123840975.55,2021-05-29
1289,688358,祥生医疗,105132379.73,10.59,369755664.61,13.0870005156,144519049.56,50394298.66,21446520.7,-3617650.37,268048326.89,115977643.07,117946740.17,2021-05-29
1290,688159,有方科技,54560490.98,25.44,782167255.47,40.3908356321,586680828.49,25134365.62,41471959.6,9185158.82,726612339.09,59908947.39,59847719.14,2021-05-29
1291,603990,麦迪科技,46887055.64,-15.49,333116193.35,17.1801926058,93031313.46,73694751.21,52326253.85,4223905.63,286719683.26,53927639.11,53922713.41,2021-05-29
1292,603366,日出东方,82581503.57,116.795573092188,3366098722.54,5.9625890927,2248572596.84,745528845.19,196039594.82,17270921.88,3321064469.24,96861687.7,93540874.89,2021-05-29
1293,600248,陕建股份,1538066971.08,5.09,104535221439.62,6.5494497279,97240192623.94,68232039.33,2007677286.48,479982573.88,100645018497.48,1997437871.25,1936649685.68,2021-05-29
1294,688158,优刻得,21190600.37,-72.56,1514917638.45,27.5791842294,1074960828.88,157136161.72,98731991.42,-28069563.75,1492587700.15,22446877.24,22541848.44,2021-05-28
1295,688117,圣诺生物,48131707.09,61.184310819659,326739091.55,17.5432475342,64955438.25,166744822.34,25140729.0,634682.38,272206237.56,57551419.31,56315530.82,2021-05-28
1296,605259,绿田机械,88656857.02,151.47155721397,1049726884.69,35.5587945981,843189611.61,33195041.64,31898581.52,-5728185.18,943518672.62,100354006.49,100190459.97,2021-05-28
1297,603329,上海雅仕,-98807436.93,-319.63,1755374980.38,0.3100679991,1647909912.69,27510937.82,54099685.77,7156985.63,1739694412.7,-123883647.1,-119709963.23,2021-05-28
1298,600469,风神股份,206223501.47,1028.7,5914198692.26,-4.8956180986,4655501619.54,365706891.41,202087084.22,92384668.52,5588145775.84,251146925.89,252915837.92,2021-05-28
1299,300997,欢乐家,206782795.35,28.457219348852,1424130670.84,5.1186879821,899757615.25,126074853.56,94199282.15,14824333.47,1148888537.16,277871870.69,278150762.54,2021-05-28
1300,300996,普联软件,58777401.35,75.539014844283,367771593.63,25.4362116484,229389574.84,12310795.79,27343741.45,223879.7,310981590.97,63902027.14,63655820.28,2021-05-28
1301,300473,德尔股份,59891711.56,-55.35,3861073194.76,1.052945697,2854578655.84,149300177.42,429724709.89,84899601.23,3722551940.86,119371469.06,119760633.4,2021-05-28
1302,688418,震有科技,61066867.76,1.387690499004,424272295.26,-11.3838254565,188448433.64,47790590.4,43514854.69,1511164.12,353010297.77,66383377.25,65949253.49,2021-05-27
1303,688007,光峰科技,186457276.71,5.36,1979148918.89,42.8238475113,1183650635.25,151760111.0,152626530.61,29491223.42,1726836417.68,279632775.17,279358644.34,2021-05-27
1304,603286,日盈电子,26798885.91,21.33,498697005.24,40.0126629313,380688537.83,17681306.47,38177410.09,4289842.99,470441083.62,30932215.38,30917988.0,2021-05-27
1305,601699,潞安环能,2378709408.98,1.39,26791159017.4,0.4083945553,16412625401.02,427188926.84,2195549552.44,1273448644.02,23261614980.18,3080720911.74,3037720676.64,2021-05-27
1306,601168,西部矿业,1007130948.0,148.92,30566841834.0,6.2439177119,26842854896.0,181189653.0,600801423.0,929216843.0,29048105076.0,1404308436.0,1543922719.0,2021-05-27
1307,300998,宁波方正,52522592.88,-10.141228001625,620440099.96,13.4110836819,429506151.72,49650582.59,47800332.74,8887049.74,559602268.53,60438455.94,62375457.26,2021-05-27
1308,300411,金盾股份,51571727.71,102.93,521535156.76,-5.7659364424,355894118.51,93636000.96,90471189.41,2141334.12,599525466.71,137177140.66,92185145.37,2021-05-27
1309,688256,寒武纪,-1178985649.53,-2772.31661125861,443938465.82,279.3527537512,141225372.44,19013061.9,1056078874.58,-4313447.33,1757599595.18,-1178317192.5,-1179125331.43,2021-05-26
1310,600650,锦江在线,267201896.87,0.26,2547137412.78,4.3687286411,2129824234.67,191462993.12,121626161.51,-11590611.19,2445139586.43,356047826.91,365768622.92,2021-05-26
1311,301008,宏昌科技,68512087.88,172.605917498941,506101624.75,31.4235280649,355793428.57,16443060.07,25412177.18,2366530.94,423838044.81,78403906.29,78216711.7,2021-05-26
1312,603768,常青股份,24517695.64,-68.68,1834444168.62,-2.1292730435,1511054643.14,61331538.36,109886195.09,43498277.15,1799458691.78,36181987.38,36059587.6,2021-05-25
1313,601156,东航物流,787738299.74,-21.327424796858,11296067657.08,3.7685176079,9799986888.27,257949715.71,278854684.0,-8730101.65,10349762704.51,1019768687.94,1049204867.32,2021-05-25
1314,002455,百川股份,64718353.87,-38.84,2574641104.73,-14.9518854627,2303167750.02,68349671.18,26169047.29,36156438.43,2505980285.18,69104383.93,73015910.46,2021-05-25
1315,688538,和辉光电,-1005969796.89,-18.722346108047,1513085342.19,88.5271760816,1990190963.9,36338012.34,96890798.26,65710455.64,2431099623.54,-1006154033.36,-1005969796.89,2021-05-24
1316,688286,敏芯股份,59482934.97,11.702301662498,284030867.58,12.3924866365,174344830.09,7377502.87,17899393.87,-1762207.13,235281060.91,55402186.48,57286659.5,2021-05-24
1317,300992,泰福泵业,68886579.52,80.068859811488,386426681.79,31.3947764836,264424079.23,12579798.4,10989137.83,-3441742.39,304603878.06,79467513.63,79452047.95,2021-05-24
1318,300143,盈康生命,-703411205.25,-1502.15,572936418.21,13.672354413,343535895.61,15020861.9,107426911.64,30004805.47,508710493.29,-672595222.63,-664643469.71,2021-05-24
1319,600706,曲江文旅,45026654.39,-40.83,1305186979.54,-2.9489963484,962944912.2,64106073.5,181363760.51,24441445.83,1248350486.47,47883775.85,55536005.47,2021-05-22
1320,002145,钛能化学,430939894.9,6.92,3376980217.3,9.3269207382,2303576507.56,108901457.08,266392743.22,39705982.43,2837832616.37,479820561.9,507583817.68,2021-05-22
1321,000735,罗牛山,30038263.61,-92.27,1182699372.52,2.9238109294,922261161.78,29293001.47,214699220.31,35224514.2,1246737199.94,59608201.2,30061581.95,2021-05-22
1322,300863,卡倍亿,60349590.85,-2.874725666495,913121311.01,-14.5228372311,776369289.01,16712965.01,18810555.53,11644472.31,848139461.58,62872548.58,69906224.63,2021-05-21
1323,300195,长荣股份,-672665236.17,-940.93,1385371538.09,-1.5304682963,836673108.61,142842427.15,230054221.52,101257351.22,1417311514.43,-652912410.07,-655246816.82,2021-05-21
1324,688269,凯立新材,65330722.55,51.30613206835,708435140.1,16.1252546688,587918177.27,6578099.63,11078661.7,2852176.43,636563621.38,72484836.04,74290808.31,2021-05-20
1325,600310,广西能源,151788266.59,121.6,26461703884.56,92.0639759638,25247778366.18,441759128.19,183071188.94,348335816.58,26257203949.65,252081722.24,251157818.62,2021-05-20
1326,300614,百川畅银,121210275.62,31.15964919413,464160733.3,47.8528237964,240233319.31,,73546846.98,6699352.86,328069315.71,134309575.83,131428282.79,2021-05-20
1327,300177,中海达,-154463592.34,-261.89,1619298447.73,25.6431155405,863275447.96,260353670.06,204507718.32,17708007.17,1582394883.96,-174879289.26,-146017246.68,2021-05-20
1328,002380,科远智慧,127219158.5,13.39,750142788.39,23.2018808543,431325092.11,82750315.73,50477558.87,-16706763.53,640170938.24,138864030.67,137898138.38,2021-05-20
1329,688051,佳华科技,118851453.65,85.65053708755,514781584.33,32.3226578434,266166118.82,22985061.49,46918866.77,4899918.05,394214113.4,140191876.72,133535196.97,2021-05-19
1330,601127,赛力斯,66721504.37,-30.06,18132005177.94,-10.4140347251,14994428745.99,1361271045.0,1043884765.33,231034165.2,18844588179.47,231148127.59,251873552.1,2021-05-19
1331,301005,超捷股份,44212104.51,-2.693201771361,306502021.28,1.3325339163,205257631.08,9457187.01,22114223.0,587197.13,253526616.07,51348229.24,51334267.22,2021-05-19
1332,300995,奇德新材,51226752.02,38.693151061632,269305907.78,9.6905436788,174122792.94,11384059.13,11222580.93,-1298179.8,211707623.53,59944613.32,59529060.76,2021-05-19
1333,300993,玉马科技,109116900.3,34.955641416568,383586995.89,19.1833546343,206015304.65,13072890.04,22342209.6,-1158583.91,257508621.23,126291561.81,126478409.29,2021-05-19
1334,688359,三孚新科,35264152.7,13.558018006661,221360904.42,17.4412080496,129776375.83,21400095.52,12520684.84,188435.44,177946000.85,42874138.94,42979429.7,2021-05-18
1335,688068,热景生物,33877755.13,-29.63,210412323.25,12.4459665107,56549602.58,70138445.32,26313443.77,1055731.61,184496027.2,37372355.88,37860023.69,2021-05-18
1336,605319,无锡振华,105805081.32,13.638912421185,1569486040.25,2.7852127451,1246138774.51,37264302.99,61846733.24,20812836.66,1431989099.61,125753527.94,130480974.63,2021-05-18
1337,605189,富春染织,91053123.27,-7.38661866869,1397622283.9,-2.5065853689,1180273600.14,20116492.97,33941576.14,3911345.26,1294580341.66,105689796.59,103715181.33,2021-05-18
1338,301003,江苏博云,77194480.16,74.461863345899,381517378.71,-1.1981808966,251099819.06,9305002.83,13354098.76,812739.67,291341070.96,90056929.56,89898646.81,2021-05-18
1339,002562,兄弟科技,43825506.17,100.88,1257717108.48,-11.1164470406,888903887.7,52104144.59,188385514.32,27005751.8,1238694933.57,49704416.12,47442824.72,2021-05-18
1340,002501,利源股份,-9391633080.65,132.48,181776969.05,-61.9605591675,587401848.22,11490184.82,286420401.01,771849226.67,1758299446.13,-7876604087.02,-9388447262.97,2021-05-18
1341,688366,昊海生科,370778791.81,-10.56,1604333866.54,2.9440208667,363999299.4,544128858.02,266555471.33,-63549229.78,1236466668.21,435379461.09,434348752.92,2021-05-17
1342,301001,凯淳股份,66563404.61,-4.800497312325,770228579.48,2.9336557264,534048612.57,103902587.92,35754648.29,2230213.95,681928299.91,84437838.28,91511839.9,2021-05-17
1343,301000,肇民科技,71867785.12,35.163880281562,334693606.97,13.4334112802,202975727.25,8226027.15,26509701.37,1062217.33,253442426.5,80381698.31,83051737.89,2021-05-17
1344,300793,佳禾智能,120754456.86,9.39,2257323513.63,67.5825559921,1919351057.61,25770399.15,71850045.4,-5514057.46,2102417477.94,136598662.71,136302658.28,2021-05-17
1345,300553,集智股份,20856493.17,27.41,166325650.41,18.6158137819,88902049.45,27336279.65,19921101.75,-1103103.59,154131289.09,20659754.07,20495773.29,2021-05-17
1346,300027,华谊兄弟,-3977691690.71,-240.363970872786,2243545641.88,-41.183271055,1607583269.32,379786578.71,474763697.82,323002627.82,2862183889.56,-3814499435.1,-3764160557.47,2021-05-17
1347,003039,顺控发展,235703368.19,19.53879565249,1186126266.06,40.1094697142,641943637.8,36672239.09,89638077.68,52019545.05,831332899.76,362103696.24,365889302.24,2021-05-17
1348,688229,博睿数据,61037678.98,16.617128457592,164535969.42,7.4007397705,31755837.29,27022005.28,12628032.13,-574620.36,103448831.85,68734076.49,68795600.83,2021-05-15
1349,600725,云维股份,12598591.87,-3.15,1337916290.01,32.8141040809,1309673272.24,3690067.59,16900014.14,-531062.91,1330854024.98,8569429.38,12598591.87,2021-05-15
1350,300196,长海股份,289454124.15,10.03,2209706816.49,0.5352786692,1565957591.43,124836226.75,90342586.35,-2614823.8,1888635222.06,329811096.98,329438357.81,2021-05-15
1351,002932,明德生物,41525796.4,-32.39,181155372.27,2.7066223254,46513908.37,47013444.62,17450941.77,-3003807.29,146214557.57,41538411.52,46554319.66,2021-05-15
1352,002929,润建股份,230046221.21,11.74,3717024985.94,15.0183442773,3066359767.17,110562516.12,112419336.04,-7290844.0,3420932115.04,283357204.63,290978858.04,2021-05-15
1353,002303,美盈森,535279249.14,33.42,3392132631.63,4.4071862734,2304110212.24,242189532.19,211253807.49,6917491.17,2946250346.44,616732029.69,615877816.62,2021-05-15
1354,000935,四川双马,728684384.66,4.75,1810460872.34,-6.6567880047,954124964.85,37174299.39,68800731.91,-16488216.4,1070475341.36,825038729.97,822756494.52,2021-05-15
1355,688081,兴图新科,51888322.23,22.92,200371609.02,1.1281149604,45238939.57,28419216.12,26307933.69,1238146.38,133406759.28,61476000.22,61425181.31,2021-05-14
1356,688076,ST诺泰,48610494.44,10.708747365195,371530570.22,45.397574165,173251896.34,8859903.76,80919574.85,5604390.84,318289278.66,49581147.89,53412980.11,2021-05-14
1357,688027,国盾量子,49306077.17,-31.982817877452,257853720.34,-2.5753216012,82039662.67,26863475.22,125220157.69,-9033046.04,288931934.89,53536011.45,57196719.06,2021-05-14
1358,688022,瀚川智能,73281872.81,4.31,457494623.49,4.9257277195,292154092.73,28414478.78,36167521.52,1930696.27,390205744.9,77209132.42,77177927.68,2021-05-14
1359,603836,海程邦达,103400143.66,39.791069971234,3413338362.79,40.4070748524,3064972381.5,66714495.93,143529188.84,851024.96,3280472840.94,144621025.9,149088783.55,2021-05-14
1360,603043,广州酒家,384133694.57,0.06,3028699725.72,19.3751553265,1431028789.71,778680874.11,300007439.1,-25918661.0,2571845463.87,465851081.52,467015815.96,2021-05-14
1361,601665,齐鲁银行,2337748000.0,8.611729286979,7407192000.0,15.69380905,,,2170095000.0,,4735927000.0,2671265000.0,2716401000.0,2021-05-14
1362,300991,创益通,65120997.75,57.219077680146,441141787.48,20.000263153,308257696.91,6962116.8,25072647.2,1147398.96,366601980.73,73653730.81,74212873.89,2021-05-14
1363,300446,航天智造,115242189.47,6.35,333817455.11,5.3394046915,144100014.92,14419918.37,19429696.53,-1384187.86,218235738.38,131821667.1,131671863.74,2021-05-14
1364,300245,天玑科技,29349834.68,-42.56,422274687.61,8.9528115463,295671941.36,25739812.12,42249738.73,-15680656.0,391588288.74,26535196.87,33151997.09,2021-05-14
1365,002583,海能达,80806465.68,-83.05,7843538994.25,13.1083833876,4788172622.72,1034817021.42,1022401438.92,243700513.5,7993624073.88,13694254.03,11501878.52,2021-05-14
1366,688660,电气风电,251629443.49,581.056713890045,10134556426.35,64.2261079905,8092047901.35,878974315.22,441449589.36,85844345.87,9852733677.74,268433387.67,287051713.61,2021-05-13
1367,688314,康拓医疗,51932667.36,134.433251224637,147803874.53,34.9765953422,29847024.11,24904272.79,31873716.49,-47304.97,99103952.25,60226317.59,60313555.66,2021-05-13
1368,603128,华贸物流,351275927.2,8.76,10252464825.27,8.5440535419,9054926888.72,472165478.49,262799225.75,4820623.27,9824458138.88,467960295.57,467681716.59,2021-05-13
1369,600671,天目药业,50680106.57,607.376057492858,297072374.92,-17.127884279,149606200.09,109561183.37,40500485.91,6240379.44,314125418.4,44906856.3,53468782.43,2021-05-13
1370,002823,凯中精密,65610772.33,-42.16,2023574349.17,21.1919240033,1569822273.99,87798036.86,104962221.75,55124851.35,1927976422.22,74211702.75,69566139.57,2021-05-13
1371,002731,ST萃华,37430449.48,26.4,2273646858.91,-15.5622900459,1890986003.03,96260928.35,42106368.72,88474207.41,2132587265.98,65411077.02,57188584.96,2021-05-13
1372,688575,亚辉龙,107544527.53,182.763350239021,877357946.98,20.409558806,432672373.02,154874770.33,64791360.89,17062390.99,754554919.78,126011554.14,125975638.03,2021-05-12
1373,688565,力源科技,52171742.21,10.691311103187,333289564.76,8.2819253048,232975388.48,6560113.16,7542705.51,3255367.16,268663905.65,59456250.22,59821022.91,2021-05-12
1374,605090,九丰能源,366753605.14,110.187428895864,10021287911.37,-12.8159936478,9017779331.86,345838291.61,110385918.27,49487243.36,9534136676.59,460605817.12,458125366.48,2021-05-12
1375,601528,瑞丰银行,1038056001.65,7.705337677456,2860399483.2,8.3193336697,,,928687326.91,,1709238862.82,1151160620.38,1157250326.89,2021-05-12
1376,300246,宝莱特,64712757.9,0.81,825961094.78,1.5460937324,497467620.37,128342089.32,54091708.0,7212456.9,739296032.38,89833054.21,89551717.24,2021-05-12
1377,300203,聚光科技,39813392.45,-93.38,3895520536.27,1.8461980325,2326620713.36,597651907.45,253824414.48,111335569.73,3651535206.01,194668590.67,201540255.28,2021-05-12
1378,002845,同兴达,110553727.3,12.71,6195959819.12,51.2910686764,5599486796.57,46676711.71,184337598.95,82461467.98,6133549369.19,124258733.88,122948047.15,2021-05-12
1379,002742,*ST三圣,124835098.47,12.63,3180117049.92,10.9894844282,2542284283.56,43070661.91,216920231.89,132230979.82,2987851572.96,173620998.83,170588838.77,2021-05-12
1380,002024,ST易购,9842955000.0,-26.15,269228900000.0,9.9088286151,230117385000.0,33532018000.0,4945032000.0,2237420000.0,275160372000.0,14671720000.0,14594597000.0,2021-05-12
1381,000659,珠海中富,18069754.51,-19.32,1558030855.95,-3.7480794638,1233514882.21,42540818.49,139826643.37,108069629.26,1549284899.24,94912008.6,69638497.02,2021-05-12
1382,688217,睿昂基因,35947717.05,146.609804365375,255479024.24,13.8278524313,49606765.94,77490962.2,22869316.13,-3631030.86,214049356.69,37447687.97,37090030.99,2021-05-11
1383,688097,博众精工,286497135.81,-11.302937263788,2110506735.1,-16.1669928495,1141696688.5,171797855.17,138999598.62,10219230.53,1768782200.29,366668406.19,333303294.63,2021-05-11
1384,300371,汇中股份,109661099.66,34.44,360263748.06,28.7735344042,153479253.41,52743079.84,28096860.97,-862926.11,255847517.04,127950127.66,128091479.46,2021-05-11
1385,300348,长亮科技,137926045.87,144.32,1311125161.56,20.5635876817,633165909.67,86117786.7,242871019.98,13093224.65,1136088962.91,142194428.73,142300691.92,2021-05-11
1386,300509,新美星,41874475.35,-2.78,691941193.04,24.3405593327,460181619.78,71210375.02,53589819.51,-4056359.45,624023063.78,53826318.28,56361963.98,2021-05-10
1387,300161,华中数控,15329336.79,-8.12,906039496.44,10.5498049109,550829191.81,127200660.27,101558910.32,23293420.61,1060516958.33,16304048.36,18093873.05,2021-05-10
1388,300119,瑞普生物,194359933.86,63.36,1466580504.34,23.2559371439,699158723.67,279443123.33,141352766.09,23236009.39,1255806685.12,263067368.27,259916390.25,2021-05-10
1389,300188,国投智能,289675573.16,-4.47,2067410376.33,29.1659713761,914978071.54,269441385.43,288785529.28,-6012325.69,1777811789.04,307449868.11,305762445.54,2021-05-08
1390,688355,明志科技,74124804.19,161.387381180648,589971600.14,25.354026975,380878799.89,30065348.33,63261323.78,3102978.34,506624927.48,88446873.53,86753433.33,2021-05-07
1391,688277,天智航,-30957829.3,-3516.66192180156,229564223.04,81.1557628605,34555987.12,86456259.9,97729836.7,-387851.67,298160878.23,-39468497.91,-42844879.24,2021-05-07
1392,605499,东鹏饮料,570573895.59,164.361445726251,4208728479.27,38.557320137,2241719259.55,983593162.14,201227241.06,-13965657.16,3484910625.66,740632454.58,736502930.46,2021-05-07
1393,603729,龙韵股份,-58738833.01,-356.734771837893,642922500.7,-46.1948283766,590373335.84,16862605.19,69213304.74,867715.36,681759310.96,-58033444.43,-58660376.46,2021-05-07
1394,300221,银禧科技,10083553.21,101.25,1511471027.0,-33.2023359006,1317584607.16,56448242.85,98158084.4,24902532.45,1590599753.95,2383945.42,-3002735.56,2021-05-07
1395,688033,天宜新材,270724056.36,2.89,581837174.57,4.2912994786,138154528.92,34052438.71,60998205.88,-18597987.22,263296824.41,322042196.84,316817505.11,2021-05-06
1396,603197,保隆科技,172278953.63,11.24,3320964323.69,44.090094511,2296101440.58,287515734.3,196079432.05,51010085.6,3077980859.18,258955606.69,261324071.57,2021-05-06
1397,603158,腾龙股份,121956631.68,4.28,1033542443.1,1.490641772,677819581.42,45691626.33,74932745.22,13867988.6,888513090.31,148065246.97,147210252.89,2021-05-06
1398,300434,金石亚药,120334377.62,-19.32,1005606188.19,3.5942729219,357438785.65,268766759.22,159546879.88,-3128683.38,835460834.61,160570880.54,160057893.21,2021-05-06
1399,688663,新风光,104538565.0,17.918142232755,631225763.2,18.5428613084,380023864.11,76976606.87,32764769.27,380501.62,522766829.14,117566375.06,120641580.88,2021-04-30
1400,688655,迅捷兴,35244298.86,8.789076816385,388082843.53,3.1360033904,270629090.02,17781404.99,25488784.77,2705434.53,348361821.65,39544489.09,39712027.86,2021-04-30
1401,688600,皖仪科技,66504890.83,27.803977714154,409034032.25,25.2909835378,191761702.15,91824779.59,29790466.35,-356887.31,368585633.4,65092343.77,74323246.21,2021-04-30
1402,688456,有研粉材,60192328.01,-3.368256936249,1711847464.2,-4.7848755791,1520140502.57,32424453.04,45181662.64,1364986.92,1662505634.14,59165653.39,64961245.47,2021-04-30
1403,688396,华润微,400755536.42,-6.68,5742784130.7,-8.4201809494,4431294665.43,112019905.06,376840527.92,30994340.79,5499929565.32,477761408.03,505952803.94,2021-04-30
1404,688333,铂力特,74268624.23,29.88,321742830.46,10.3827839534,160017315.03,20743738.09,36067769.9,464544.04,261843934.25,61527396.42,84292330.67,2021-04-30
1405,688329,艾隆科技,53555248.11,4.744370128648,291427935.25,21.8053154208,126192186.37,45671393.62,34120987.37,1706029.19,235216471.35,64066933.32,64045177.58,2021-04-30
1406,688311,盟升电子,73060234.24,126.35239629357,283065006.51,39.7934049248,96491006.2,46267733.98,27962366.99,1848246.52,204093683.85,79342305.96,79100024.45,2021-04-30
1407,688169,石头科技,782858733.0,154.52,4204901983.0,37.8091406087,2685989338.0,353790092.0,59591109.0,-1665456.0,3310607953.0,924925813.0,925133097.0,2021-04-30
1408,688157,松井股份,92873689.04,77.672063164793,455138283.31,73.5627175071,207740519.62,60491955.48,26874955.52,-13002.3,345284123.52,105475909.64,106302421.69,2021-04-30
1409,688092,爱科科技,44720390.79,14.578508016098,211191012.87,2.4154244023,104060860.22,35205464.04,8077769.24,-1621775.98,166694417.74,49960761.78,50437796.43,2021-04-30
1410,688026,洁特生物,66153234.49,25.21,247495947.02,19.2869068018,136856706.31,17858874.24,13899106.82,-1531860.92,181877178.94,76442844.52,76384060.01,2021-04-30
1411,688013,天臣医疗,42006048.21,81.603242844479,172756968.42,45.1389766987,69025282.74,30645781.97,13375890.04,-1173272.62,127703967.97,45149530.92,48597686.21,2021-04-30
1412,688008,澜起科技,932858391.73,26.6,1737734714.98,-1.1338834691,452499813.63,74511996.07,95130975.2,-101451770.98,787760896.77,979214052.99,978747008.06,2021-04-30
1413,605389,长龄液压,170017959.77,6.583309238218,609988151.25,9.2000425688,354378974.69,14185447.71,17399650.79,-256913.71,413051494.14,195078705.39,198928597.06,2021-04-30
1414,605339,南侨食品,298325680.39,7.540903445944,2351094057.89,-0.5324744,1440325495.54,330115046.75,135208315.95,7797289.43,2006325456.33,353575866.76,368830399.2,2021-04-30
1415,605177,东亚药业,168328907.75,53.953691111698,988087656.7,15.3213822849,642290042.94,13359191.87,100969079.47,477359.97,804327388.82,197151438.98,194350447.97,2021-04-30
1416,605155,西大门,88386119.27,16.000139125958,408822793.21,4.572711638,247917763.41,16672853.24,23199829.49,-2292064.27,303516902.46,103604640.0,101785535.73,2021-04-30
1417,603922,金鸿顺,-89139587.68,-258.51,768253708.46,-28.1829000911,681824718.86,28423109.25,24406833.55,6640008.03,776687592.38,-99228486.91,-99183181.77,2021-04-30
1418,603863,松炀资源,90039065.35,-5.13,583341266.4,-2.965471269,454471929.76,7286535.56,19954112.14,4424079.89,509420204.77,91198291.82,93798291.82,2021-04-30
1419,603822,ST嘉澳,62183107.21,13.74,1075440212.33,20.634666765,897980638.73,30141872.42,43976071.2,22663074.67,1031473469.66,75056033.95,68447437.32,2021-04-30
1420,603816,顾家家居,1161162368.24,17.37,11093593126.21,20.9490883946,7226201761.79,2073160992.41,292227076.09,104371248.74,9973127290.18,1291867677.45,1522168343.85,2021-04-30
1421,603800,洪田股份,112281968.26,26.06,1309783443.65,12.0138533681,974923941.93,67481164.09,58767569.84,2887316.73,1167037259.22,136111870.89,135856564.01,2021-04-30
1422,603798,康普顿,84666911.9,11.62,970244076.99,14.5380919835,656508707.91,120843898.92,41997800.14,-3313679.68,870612000.97,97016112.43,98154525.66,2021-04-30
1423,603711,香飘飘,347408830.42,10.39,3977995636.92,22.3588428606,2338978770.55,966865116.0,213899288.06,-2531331.26,3583834492.15,440112753.21,441568662.41,2021-04-30
1424,603708,家家悦,457547328.62,6.43,15263757862.93,19.8971280373,11929238208.08,2406224176.47,318738510.49,4559283.54,14711270603.13,606938741.86,606174875.48,2021-04-30
1425,603690,至纯科技,110253658.09,239.88,986439195.28,46.3362815527,647611435.1,36529504.12,85835731.23,40301193.63,875338876.87,119327801.87,119816464.44,2021-04-30
1426,603668,天马科技,56854322.17,-26.01,2428383824.74,41.7174696213,2119412311.45,51528289.19,82611625.73,23318787.6,2350212694.92,85583895.6,84841472.96,2021-04-30
1427,603633,徕木股份,42306043.65,-2.45,465004694.74,7.0561005707,314767867.56,20735032.24,28199805.36,25694453.19,418238748.19,45425427.44,48478437.35,2021-04-30
1428,603600,永艺股份,181330430.63,74.5,2450475377.45,1.6337883188,1960799310.48,110896464.16,89798483.14,411456.49,2265960556.72,221928629.44,221401256.31,2021-04-30
1429,603567,珍宝岛,408648864.38,-11.63,3296780754.88,18.3489808744,1314171095.32,843249627.68,348902442.83,85533241.03,2734781831.96,547353781.99,537328772.29,2021-04-30
1430,603399,永杉锂业,-225614784.75,-218.33,2854919439.39,-23.4684286644,2699676092.44,21117641.9,111084987.2,53120062.79,2920180365.06,-243662770.57,-224194196.4,2021-04-30
1431,603313,梦百合,373677311.95,100.82,3831588314.29,25.6475383688,2309648060.49,624525967.77,224722586.88,29661967.75,3311261139.93,495998985.24,493320116.14,2021-04-30
1432,603308,应流股份,130684191.09,78.67,1860466263.02,10.661962521,1193469756.4,59100676.53,161000784.3,120781235.33,1815013797.21,116460671.16,115794969.51,2021-04-30
1433,603289,泰瑞机器,114833042.15,14.18,803500665.37,1.4082775904,555983122.05,61488076.51,29803372.73,-13949943.11,676049805.68,134022638.84,132702710.33,2021-04-30
1434,603203,快克智能,173727482.87,10.59,460876833.63,6.58377334,207473999.63,31202531.59,25798832.87,-11628389.43,287162309.57,201182372.34,201615067.42,2021-04-30
1435,603123,翠微股份,240747514.65,0.89,7936776352.67,-1.4188390072,6430517245.53,724293534.75,243755055.94,11997115.95,7569417870.58,456616125.64,456057285.2,2021-04-30
1436,603101,汇嘉时代,27772902.59,-60.41,4430744664.22,21.0702366631,3596381888.15,473382991.12,186642829.83,59881154.54,4377910815.28,48325990.61,43149993.84,2021-04-30
1437,603098,森特股份,212537711.96,-3.44,3356560906.93,14.5116117424,2724152422.24,69537295.57,100597750.67,41270456.34,3069062529.29,248220607.44,245227227.49,2021-04-30
1438,603017,中衡设计,199497359.94,18.61,1942336972.89,4.083953366,1469394903.41,,149292377.75,4601146.12,1721801742.18,244982625.09,243166083.8,2021-04-30
1439,601997,贵阳银行,5800431000.0,12.91,14668044000.0,15.9961610985,,,3858425000.0,,8318894000.0,6349150000.0,6355551000.0,2021-04-30
1440,601968,宝钢包装,127509160.08,204.38,5769886230.95,15.9216180001,5027469000.27,195695890.95,165390020.65,54806654.38,5571300308.65,187023306.12,192370674.23,2021-04-30
1441,601933,永辉超市,1563727529.6,5.63,84876960043.74,20.3644170329,66573577344.41,13782073241.31,2013332928.53,351146096.06,82967349920.67,1640002760.76,1777094567.99,2021-04-30
1442,601929,吉视传媒,100376645.88,-67.03,1927661632.92,-4.1932689295,1174856759.34,250021078.9,374892420.06,44184051.72,1914154568.0,88692174.19,108851284.44,2021-04-30
1443,601901,方正证券,1007595631.59,52.35,6594941981.46,15.2439387269,,,4744571416.74,,5489422214.43,1105519767.03,1129262131.04,2021-04-30
1444,601816,京沪高铁,11068081067.35,16.48,34856248852.69,5.7247603491,18172188025.2,,299244728.52,1788306742.7,20381304958.33,14579913158.58,14579732803.32,2021-04-30
1445,601555,东吴证券,1037174921.82,189.38,5130373462.68,23.2692309071,,,2175155235.93,,3794185952.48,1336187510.2,1333570864.2,2021-04-30
1446,601225,陕西煤业,11640259501.54,5.92,73732076716.23,28.2744908185,43624445066.24,2768209969.03,5685750693.29,563745538.59,56315463806.79,19671653066.49,19388031032.15,2021-04-30
1447,601208,东材科技,72871524.03,126.63,1735366951.57,5.5224621982,1365022546.74,85348481.72,96192579.45,18218231.83,1677321835.89,78225182.25,76564940.45,2021-04-30
1448,601179,中国西电,413236678.15,-27.4,15475718300.97,11.2754354065,11959147147.24,1028912934.83,1286709903.45,-67222535.07,14943439809.82,444900199.21,473802619.18,2021-04-30
1449,601169,北京银行,21441000000.0,7.19,63129000000.0,13.7705449827,,,14667000000.0,,37778000000.0,25351000000.0,25147000000.0,2021-04-30
1450,601106,中国一重,128748251.73,0.03,13165049633.33,25.2456414359,11651874301.58,229747008.08,527696626.95,604057378.13,13479496034.95,47259388.11,179992608.3,2021-04-30
1451,601099,太平洋,462904411.69,135.00866112662,1776981330.69,352.7160308417,,,1180343163.5,,1194016803.2,582964527.49,628121592.99,2021-04-30
1452,601021,春秋航空,1841007063.0,22.5,14803517124.0,12.8829531254,13114555625.0,261073832.0,181599773.0,110412874.0,13810234598.0,2310738317.0,2404206860.0,2021-04-30
1453,601009,南京银行,12453477000.0,12.47,32442262000.0,18.3784033881,,,8887355000.0,,17503872000.0,14938390000.0,14893041000.0,2021-04-30
1454,601007,金陵饭店,73858564.48,-2.74,1210715414.19,14.7734717059,545533059.73,233095170.55,239846227.32,12106395.86,1065484123.72,159573950.41,163129871.99,2021-04-30
1455,600960,渤海汽车,72377825.95,-48.04,4917641346.68,26.809397871,4272805243.45,127571441.78,203769259.53,101060137.23,4833722370.33,92823280.59,104441413.54,2021-04-30
1456,600928,西安银行,2674990000.0,13.27,6845299000.0,14.5516206966,,,1747270000.0,,3657193000.0,3188106000.0,3190664000.0,2021-04-30
1457,600917,重庆燃气,402203076.6,15.69,7033452755.31,10.3876051156,6190846997.1,194850268.45,238756639.33,-9171827.56,6662520673.76,476734730.23,497216273.37,2021-04-30
1458,600900,长江电力,21543493635.57,-4.72,49874086874.95,-2.6162372939,18697294123.93,27792136.69,813629745.43,5210950725.28,25959547802.9,26932726653.01,26627011754.79,2021-04-30
1459,600897,厦门空港,518327930.54,2.51,1785330954.35,0.4600185833,1018861206.03,,51986205.0,-1444211.8,1116561548.75,712702785.53,715815006.81,2021-04-30
1460,600846,同济科技,607176494.68,101.56,6351036402.54,93.405141688,4298717236.14,42048496.23,206822536.57,25402985.34,5233032928.07,1232850930.69,1250160093.36,2021-04-30
1461,600843,上工申贝,85689810.16,-39.15,3210458581.47,0.3102875895,2412940159.04,343102645.43,244080801.87,12172638.86,3129152160.32,100764090.7,125444508.59,2021-04-30
1462,600827,百联股份,958193938.74,9.87,50458773217.78,4.1961555578,39925270058.52,6412652082.06,2443233282.24,71984899.09,49250920575.46,1481006153.57,1598108719.9,2021-04-30
1463,600821,金开新能,-197934375.66,-17.32,496198676.14,-56.0792408006,230021532.48,7241269.23,142915488.87,183527101.42,579975172.95,-144647927.68,-142506890.12,2021-04-30
1464,600816,建元信托,-3992827810.26,-117.85,478140150.91,-79.07,,,396126324.87,,872863049.68,-5250833369.79,-5261870871.92,2021-04-30
1465,600793,宜宾纸业,12352896.31,-92.92,1601188962.71,23.8544901908,1427317430.96,73637658.79,77202240.74,104982349.62,1695624996.15,11548031.26,12479795.09,2021-04-30
1466,600783,鲁信创投,224093631.94,19.89,222474146.23,7.5388167296,159153837.98,13831161.46,89183853.46,84036126.56,363476059.02,328131882.78,330433750.14,2021-04-30
1467,600777,*ST新潮,1077569509.2,79.37,6070018544.57,26.9738164716,3187425989.0,,484811689.46,184659961.07,4175922121.6,1385346736.01,1383233632.02,2021-04-30
1468,600759,洲际油气,55999226.46,-19.57,2783632565.29,-16.3148040814,799805946.11,270154925.08,230311758.36,573785802.84,2563242952.76,211085654.15,218169925.03,2021-04-30
1469,600745,闻泰科技,1253563979.32,1954.37,41578163284.38,139.8494594792,37286181474.25,483613616.95,615288348.51,556315164.31,40335043031.87,1536618072.99,1473104993.12,2021-04-30
1470,600736,苏州高新,353335279.67,-42.2,9137754086.71,25.4926801142,6196934218.48,364526116.3,268131600.62,363661802.69,8240816844.34,898903155.2,901683378.7,2021-04-30
1471,600733,北汽蓝谷,92010083.32,25.54,23588709597.84,30.3925975263,21393915356.95,1648203135.11,806614430.2,482924516.25,24851560788.17,-164689162.56,-155521535.03,2021-04-30
1472,600730,中国高科,-77174758.62,-4309.25,99167567.44,-7.9403844138,24300588.74,17820407.34,70985127.55,17090731.04,148568615.34,-21229565.09,-62309398.12,2021-04-30
1473,600728,佳都科技,680449464.21,159.58,5011851006.05,7.087465339,4335663190.81,178531199.27,121690813.72,25085828.8,4830169469.23,784067005.23,783239542.12,2021-04-30
1474,600698,湖南天雁,11751304.25,113.21,503302810.95,7.2742581683,397258763.82,42628088.85,27176718.58,3307079.47,499362625.67,12205824.5,12081417.0,2021-04-30
1475,600686,金龙汽车,181374308.2,14.17,17890590953.43,-2.1865112672,15416679969.59,933113035.75,460170531.24,9387536.5,17593936390.29,243974947.32,251246755.75,2021-04-30
1476,600682,南京新百,1687207443.4,289.225995961927,9501849858.65,-34.6558062173,4743595280.25,703757498.32,966841459.12,90671099.58,7232067195.17,2348553211.95,2344723275.63,2021-04-30
1477,600640,国脉文化,142074140.06,-45.8334,4178346153.44,-8.1014819681,3494941470.5,111310742.79,329653406.39,-82355173.56,4022172735.05,208702253.06,232407775.17,2021-04-30
1478,600637,东方明珠,2019825777.73,1.37,12365449499.83,-9.455098151,9447843082.44,769590526.31,913304300.29,-86281318.16,11345352133.31,2607435998.2,2567647072.23,2021-04-30
1479,600622,光大嘉宝,451294772.4,-48.8,4820587378.38,1.3220362044,2701387411.59,95282197.07,447900928.8,453394247.3,4149944882.01,685050461.15,682666945.49,2021-04-30
1480,600619,海立股份,285338130.89,-8.22,12140214214.38,3.6888571066,10393190227.75,340925734.17,388479706.17,67921558.22,11790144095.91,370488972.22,373094422.57,2021-04-30
1481,600615,鑫源智造,30910093.65,231.24,66184876.54,-20.5523718426,58416929.7,2742471.12,12378394.93,-46848187.46,28400241.91,41498922.4,41482519.03,2021-04-30
1482,600610,中毅达,25983997.69,105.159619964993,199390004.52,,153510217.37,9251142.12,9696310.79,11500465.39,188115068.5,57734987.54,30035818.52,2021-04-30
1483,600599,*ST熊猫,-92929216.43,-68.843579275721,135872200.0,-52.0260554143,84790992.37,13882507.82,28052700.98,3038140.28,130310819.0,-65904199.01,-67612343.6,2021-04-30
1484,600595,中孚实业,104360502.49,104.102051825101,5519071797.38,-53.0316825227,4583666375.76,95096335.19,254973489.25,921428180.07,6260999464.85,253758907.35,245549206.01,2021-04-30
1485,600593,大连圣亚,42327891.19,-27.57,319484248.08,-8.1033864275,123566678.4,19551439.32,82250404.19,22476277.47,254694777.76,61571018.66,57910542.5,2021-04-30
1486,600587,新华医疗,861314742.19,3680.33,8766761075.94,-14.7504005944,6905440332.67,932215452.1,412408167.49,164845740.61,8635239556.48,1122612957.63,1120628394.46,2021-04-30
1487,600580,卧龙电驱,963065792.65,51.23,12416106097.4,12.098856433,9066382497.43,812959925.53,1041680486.5,246143299.69,11610930286.87,1204308854.2,1186681490.2,2021-04-30
1488,600569,安阳钢铁,256443838.55,-86.19,29835741351.66,-10.0697551396,26898553940.97,297008318.31,936621263.85,702144827.51,29504538035.22,381983374.0,357376379.2,2021-04-30
1489,600567,山鹰国际,1362183452.27,-57.48,23240947723.23,-4.6194019875,18810375309.92,1076476390.69,1065942515.74,440831566.59,22137156417.29,1569398067.78,1566114016.43,2021-04-30
1490,600545,卓郎智能,608934000.0,-24.9,8575309000.0,-6.9999660549,6024662000.0,498664000.0,379477000.0,168920000.0,7561485000.0,997841000.0,910911000.0,2021-04-30
1491,600539,狮头股份,-19820729.01,-297.25,55175580.43,-40.7095481294,46270711.3,3164540.01,9761096.0,-4803550.53,54937139.38,-17993625.57,-17880915.11,2021-04-30
1492,600533,栖霞建设,298100330.34,36.98,2306222350.93,-1.4738508424,1338031996.51,78144667.08,85826629.55,136107213.02,1872902524.54,352525054.66,433710028.68,2021-04-30
1493,600515,海南机场,-1515160208.52,-169.91,11529506164.31,-7.2949042136,7341823550.43,178086500.7,641796980.61,1771251525.6,11274470099.58,-1256609917.5,-1431147007.21,2021-04-30
1494,600500,中化国际,476278057.17,-49.54,53229291609.28,-11.8587670063,46616363922.13,1308902311.64,2186332727.68,460864614.89,51496594541.9,2007753257.0,1998410828.16,2021-04-30
1495,600489,中金黄金,792629916.88,-7.21,42541410266.5,13.0936353505,36862276445.83,216983356.33,1636489070.05,610214513.4,40306796230.15,1968773532.01,1793385989.59,2021-04-30
1496,600482,中国动力,991122501.34,-26.45,29691241619.67,0.1001751556,25508046055.09,689882803.41,1504926241.6,78613326.93,29005262927.04,1041162531.47,1179435865.34,2021-04-30
1497,600415,小商品城,1255276023.7,15.95,4042767521.18,12.4944483346,1696954129.5,157579827.86,281213431.82,227559106.75,2651993165.55,1631687135.89,1632741548.93,2021-04-30
1498,600408,安泰集团,456806727.6,-44.31,9563363329.56,8.4826353148,8767664183.43,163769009.22,196557527.43,131184043.61,9341637308.58,513596567.02,492415142.57,2021-04-30
1499,600381,*ST春天,5807775.09,-91.51,233746329.23,-29.8098029175,168749208.55,49221071.17,58048888.47,-1395282.63,281053536.25,-12302893.55,-1721942.9,2021-04-30
1500,600369,西南证券,1042001454.67,359.35,3488837437.18,27.1370679974,,,1956004590.68,,2382718116.94,1106119320.24,1099186655.52,2021-04-30
1501,600365,ST通葡,-31314713.87,-845.97,976001921.75,-4.9333505627,765816070.4,114665351.23,33016826.02,7019098.04,934398966.17,3051829.76,2429358.49,2021-04-30
1502,600345,长江通信,112772513.41,-51.46,176267835.87,19.3383712417,152535738.88,15939419.75,34397768.9,-3517991.66,206444577.59,114226644.89,113804198.26,2021-04-30
1503,600340,华夏幸福,14611778496.72,24.4,105209536217.22,25.5504848268,59252646772.99,1893265492.75,8044937330.31,2781666160.66,80603565015.05,22546196287.19,22256710540.43,2021-04-30
1504,600331,宏达股份,84503461.45,103.162539334288,2545255748.56,-5.3812566691,2302702802.73,70454702.06,163042364.62,94332047.52,2643503837.69,81864791.63,84077708.73,2021-04-30
1505,600307,酒钢宏兴,1237328548.85,13.24,46736057848.24,2.8723553221,41671522263.39,1742395544.17,714063783.92,732712034.16,45525391884.24,1282425824.49,1293987856.82,2021-04-30
1506,600303,曙光股份,46637226.33,136.395352099305,2446884226.27,-16.0603674278,2204861521.98,121469002.11,167878726.79,47245682.5,2662113000.0,27325389.16,62661134.46,2021-04-30
1507,600289,ST信通,1502873390.31,201.924598354769,733955922.91,-41.4595585387,281800688.37,86263420.22,319712133.29,-4223115.66,968321148.03,1502793957.96,1502754419.57,2021-04-30
1508,600281,华阳新材,48266975.62,141.977319654302,542326403.95,-23.1506218504,510793501.67,1691449.24,31709922.19,23350913.94,569620821.16,57631151.38,52922511.19,2021-04-30
1509,600250,南京商旅,113477263.8,-41.44,968068791.08,-10.5766825373,876925248.11,26323696.26,63139861.48,36829970.03,1009993517.65,121420902.82,121723752.92,2021-04-30
1510,600231,凌钢股份,427699016.89,-64.28,21117196547.34,1.639785787,19636924620.41,225353807.66,292031436.43,48684509.91,20332002977.45,680563300.83,592151472.55,2021-04-30
1511,600226,亨通股份,-655870846.89,-574.88,805256358.25,-18.0037565669,523026694.64,59888163.03,156242081.68,14602419.95,819760374.46,-641160153.7,-645913190.81,2021-04-30
1512,600221,海航控股,519037000.0,-115.12,72389410000.0,6.825866987,67017545000.0,2429951000.0,1261148000.0,5761861000.0,76636514000.0,798044000.0,1039348000.0,2021-04-30
1513,600208,衢州发展,2153412681.24,-14.08,14810295115.09,-14.0291605641,9553992248.96,397317198.81,445335489.44,2625325924.68,14899955243.75,2835699133.75,2756321470.4,2021-04-30
1514,600167,联美控股,1591538410.04,20.86,3396211961.13,11.8205280508,1541159566.62,61077473.55,134514088.05,-161808423.5,1622138553.32,2077918965.54,2094550149.16,2021-04-30
1515,600166,福田汽车,191538602.4,105.358345354219,46965854224.34,14.4007336536,40380259086.64,3452530614.54,1694714009.11,220203334.43,47852141981.72,-44320134.61,25926483.22,2021-04-30
1516,600151,航天机电,-752194457.72,-2052.13,6909895395.0,3.1190910662,6004826739.31,343977487.44,455879581.21,71485871.31,7176452326.28,-770776981.78,-756067776.87,2021-04-30
1517,600133,东湖高新,183092895.29,-45.84,9423207629.11,8.406154779,8023609311.86,45031262.9,176454993.64,363169725.89,8817202802.43,414688776.69,416358983.26,2021-04-30
1518,600128,苏豪弘业,35365490.81,150.396974063172,4297028434.35,-4.6585979621,3955129798.54,228462682.71,122392284.7,12610889.45,4348211845.86,41686099.15,56236053.01,2021-04-30
1519,600121,郑州煤电,-919478548.99,-646.85,3595737752.85,-25.5778049178,2683973414.2,76649101.06,453850109.6,267880447.1,3611474169.55,-563703963.34,-688042884.12,2021-04-30
1520,600114,东睦股份,307716384.92,-6.18,2161548085.52,12.6876570461,1463281246.62,75315176.32,122873996.27,6889788.99,1799221119.06,361210863.43,351140907.66,2021-04-30
1521,600067,冠城新材,418843518.52,-44.81,7787326951.21,-3.9613208988,5137598907.55,199246881.68,270074429.23,232482899.0,6863151865.67,915735620.33,917072820.46,2021-04-30
1522,600064,南京高科,1842037943.89,92.21,2930211247.54,-14.4348270038,2045248909.52,158266058.16,221576833.09,159127236.37,2791144786.77,2055153132.7,2054879283.34,2021-04-30
1523,600059,古越龙山,209648393.95,21.85,1759425557.59,2.4691053202,1015333423.95,350139397.15,83714657.61,-11592698.69,1522115310.7,280222185.95,279736698.69,2021-04-30
1524,600052,东望时代,1225185351.41,939.91,101418095.5,-87.4568859208,24403545.81,27578641.05,42863845.9,-20507962.59,151369459.02,1424172445.71,1423864570.46,2021-04-30
1525,600037,歌华有线,581910541.2,-16.18,2758605341.08,1.2240356401,2157321384.12,148696541.38,117328887.09,-149877208.04,2346281149.37,592255728.66,594148954.31,2021-04-30
1526,600033,福建高速,827577174.23,12.82,2904136382.09,9.0684566428,1083525762.13,,78001289.74,188047174.28,1362057113.51,1512628032.18,1458093031.03,2021-04-30
1527,600015,华夏银行,21905000000.0,5.04,84734000000.0,17.3162390796,,,25920000000.0,,57237000000.0,27497000000.0,27563000000.0,2021-04-30
1528,600010,包钢股份,667930744.99,-79.9,63397466567.38,-5.6410650551,55243777884.39,2424077238.02,1357909047.86,2345757784.22,62172855721.03,1377218414.55,1390137685.26,2021-04-30
1529,600004,白云机场,1073896263.95,-11.45,8238623227.28,1.589354196,6076210790.41,98152568.76,528957392.17,54843476.13,6959268450.64,1420398483.88,1428166523.73,2021-04-30
1530,300987,川网传媒,76349556.72,16.196139189876,207498176.36,0.8012755997,95130511.53,32979370.07,38948074.95,-5245949.29,163209705.45,67387579.02,76984579.64,2021-04-30
1531,300747,锐科激光,325206412.29,-24.81,2010159217.1,37.4912851391,1431547518.99,103252882.93,39781228.64,-1720547.05,1698859066.06,381912787.23,386465150.93,2021-04-30
1532,300735,光弘科技,429125008.04,57.01,2190441020.59,37.0663974751,1493289792.26,23811809.96,159600969.04,1486942.69,1771895258.83,446686441.24,483344942.14,2021-04-30
1533,300670,大烨智能,33213479.56,-5.63,386148084.92,8.6618692082,284179572.61,27512738.77,23728205.37,-7281987.7,349691207.99,37141223.52,37167397.01,2021-04-30
1534,300601,康泰生物,574505577.68,31.86,1943331753.94,-3.6477240126,163673687.44,784574179.24,170778623.95,5397086.25,1332998022.01,657816670.55,663448507.71,2021-04-30
1535,300503,昊志机电,-155074052.99,-405.71,351514016.29,-23.8433090291,215671627.08,40989873.11,63083693.01,23399177.11,396954779.53,-180394881.14,-182392168.77,2021-04-30
1536,300395,菲利华,191568496.49,18.83,779015428.8,7.8822438436,391632849.31,18421502.91,94134056.94,-3999753.52,564508645.32,219343790.76,218713145.92,2021-04-30
1537,300352,北信源,22384186.81,-73.95,721982374.33,26.1323920854,256992063.92,142533023.13,99897258.82,-1000892.62,598968882.75,16732370.67,15729926.64,2021-04-30
1538,300295,三六五网,101475697.07,4.27,544095777.73,6.8113291539,32006929.14,255422823.25,71280616.88,22602232.05,418078018.61,135457318.61,135368015.63,2021-04-30
1539,300159,*ST新研,-1978558337.51,-765.54,1249997905.02,13.9548474379,916377072.47,38849982.4,139997661.51,139858315.96,1362538176.54,-2034942541.99,-2068730452.39,2021-04-30
1540,300076,GQY视讯,15197094.83,-19.02,86573640.69,-56.8087540151,52266421.84,21992419.57,32768671.78,-18719735.63,99694815.49,11697104.31,11136464.11,2021-04-30
1541,002980,华盛昌,90960682.35,7.282238074152,465545558.22,-4.9203713197,261123428.36,35600899.91,30231406.47,-4492005.62,365044525.61,105191423.61,105085458.8,2021-04-30
1542,002898,*ST赛隆,27483210.02,-54.88,293466984.61,-32.7331484044,75559179.57,134650891.74,40771521.77,842044.58,274781660.07,32490573.04,32226350.69,2021-04-30
1543,002889,东方嘉盛,152960224.09,12.08,14137119887.61,9.522068984,13866157828.58,14849272.55,64176853.89,23624985.78,13978579003.78,192140726.13,193005416.59,2021-04-30
1544,002866,传艺科技,74288816.1,-22.86,1533937654.2,34.1995060612,1205200989.01,69086316.72,91426699.48,2007445.15,1427627641.97,77310944.89,76646216.62,2021-04-30
1545,002862,实丰文化,8280422.31,-74.1,388051043.25,-2.4892868477,306700082.88,24161795.48,24184933.53,446645.98,371836018.09,9254915.51,9526855.8,2021-04-30
1546,002839,张家港行,954163494.71,14.25,3852844596.19,28.4818669643,,,1200019652.22,,2886318651.84,966525944.35,965819385.32,2021-04-30
1547,002836,新宏泽,26278327.14,-46.95,423447786.61,50.9682202578,288220178.77,16591382.09,41017633.29,2536193.87,375036535.61,36559310.9,37118598.48,2021-04-30
1548,002833,弘亚数控,304356137.0,12.56,1311010240.18,9.7550149173,837512720.11,44084879.15,64043252.32,-4835959.43,1001173424.83,359818892.57,359391890.58,2021-04-30
1549,002830,名雕股份,24232325.13,-47.25,898142578.62,17.5656835096,639751059.02,128153829.07,92533226.61,-21245329.79,860502686.66,39373886.59,41422719.2,2021-04-30
1550,002813,路畅科技,-352160972.47,-2177.22,770225996.92,1.7500910268,663381849.52,70810035.01,36831252.01,20378975.56,874768113.95,-296424959.18,-297046487.34,2021-04-30
1551,002806,华锋股份,34241492.35,-56.18,706221423.29,8.6597918054,538514562.32,41974997.93,45168066.19,15726123.05,677576469.76,46348697.39,45776344.8,2021-04-30
1552,002795,永和智控,60199518.0,-25.98,592058026.89,-8.1180960635,403894124.05,32133309.41,50432004.1,586986.16,510891729.67,75539702.79,75426363.63,2021-04-30
1553,002779,中坚科技,7776962.32,-33.95,395179829.57,-5.0110483913,323732318.03,17499301.52,35076362.9,-3270934.95,396308679.18,6588095.14,6574594.2,2021-04-30
1554,002762,*ST金比,46603539.99,17.95,438279492.58,-3.4135972872,200292948.43,117474200.87,40177015.91,-2778798.49,372865853.32,51976563.37,52214027.66,2021-04-30
1555,002749,国光股份,201133897.13,-14.26,1014280693.19,17.2010146953,549035082.48,145854818.91,54725742.27,-7409654.96,786571814.53,232896755.17,232539361.65,2021-04-30
1556,002747,埃斯顿,62811981.1,-35.04,1581261120.84,-2.7080217252,1023193858.1,119966735.36,208835869.6,65058226.06,1562586342.8,68879963.91,86573592.27,2021-04-30
1557,002730,电光科技,42861759.02,-25.03,1002530715.97,6.7691679212,662496984.99,102800545.13,62018956.86,16466506.69,892222676.5,68853901.68,68570987.11,2021-04-30
1558,002721,金一文化,61964379.43,213.53,10852823322.65,-27.3781567573,9520427872.63,312260790.86,198887409.12,552355623.21,10679738725.07,113282241.25,115725184.52,2021-04-30
1559,002716,湖南白银,-4348913997.3,-3771.98,6199198097.92,-41.8275300925,6890323922.69,9072495.69,133809273.54,558026346.7,7730029443.21,-3596370363.43,-4335418236.6,2021-04-30
1560,002714,牧原股份,6114363662.85,1075.37,20221332525.64,51.0389480016,12951140545.64,110745672.73,691339222.8,527537232.8,14419710636.12,6314833418.14,6319352276.5,2021-04-30
1561,002712,思美传媒,46430471.58,47.3,2997003820.8,-43.2657390951,2484537831.74,117168837.86,136551369.05,14840168.68,2770371119.86,75899901.23,74703407.58,2021-04-30
1562,002675,东诚药业,154714673.84,-44.83,2992761012.16,28.2892483515,1216521120.68,832850769.63,166704191.32,57367598.72,2394141511.47,393768172.18,395757800.42,2021-04-30
1563,002668,TCL智家,53288549.27,102.8,7392507540.78,-5.2592525311,5506721481.01,468109300.88,496802062.17,180028199.73,6948074495.82,137709918.98,154360642.79,2021-04-30
1564,002666,德联集团,218457710.76,50.84,3850912775.55,3.2627911425,3226980475.2,160046152.22,145827704.51,23548282.13,3687517667.85,257697531.78,258528201.31,2021-04-30
1565,002640,跨境通,-2707893320.57,-534.82,17874236565.62,-16.994793813,11862083273.23,5354645265.27,514928975.65,103510325.25,17926130732.36,-2968403991.8,-2938899735.21,2021-04-30
1566,002638,勤上股份,-372813047.59,70.15,1252625209.1,-3.4670079751,1031418054.19,99225526.38,111826739.41,-4674355.72,1267321827.77,-149797072.64,-356766966.23,2021-04-30
1567,002636,金安国纪,156133933.06,-46.71,3322217733.96,-9.8012440202,2734495722.52,138657868.22,119776102.2,-21563922.05,3127259342.34,173778753.68,186315072.4,2021-04-30
1568,002622,皓宸医疗,7440930.97,-79.8,155321874.62,-63.2292135779,58459991.43,14747154.39,77035558.96,38843765.76,202277218.45,11170323.66,12683480.5,2021-04-30
1569,002591,恒大高新,84556117.75,142.22,378175054.0,12.8498674833,183499366.76,16016122.76,47748112.67,3309343.11,274300660.21,96077441.43,97990242.13,2021-04-30
1570,002570,贝因美,-103082284.52,-350.73,2785476110.41,11.829469497,1390273130.7,1103149710.2,315424178.63,31679519.92,2890484492.12,-91068080.78,-98872959.98,2021-04-30
1571,002565,顺灏股份,-198378903.28,-295.68,1734366846.1,-15.5968702724,1267181744.33,113623258.3,178750180.91,19602374.77,1675209676.46,-238309019.61,-217034162.73,2021-04-30
1572,002558,巨人网络,820039386.82,-23.94,2571433260.43,-31.9645075563,433683522.64,410897399.95,233483072.38,-72321874.49,1839854429.44,871191112.67,890185703.8,2021-04-30
1573,002555,三七互娱,2114770061.55,109.69,13227135966.7,73.296097062,1776066319.34,7737205528.07,221857572.82,-14903861.33,10586672548.89,2672120593.6,2696132897.67,2021-04-30
1574,002514,宝馨科技,66297412.32,-29.7,827113771.26,2.4772343171,544722832.21,51049149.35,65348586.93,30482924.91,750736918.76,61312710.15,60353345.54,2021-04-30
1575,002512,ST达华,49624706.35,102.84876848291,2284328590.57,-20.7158465925,1957188793.61,88342320.09,241367314.06,224390729.87,2657336717.11,83775011.28,82745978.85,2021-04-30
1576,002506,协鑫集成,55556438.69,23.13,8683590787.61,-22.406533358,7816252582.0,354231552.41,414231647.47,353173369.24,9045005019.93,128285676.93,152565188.68,2021-04-30
1577,002498,汉缆股份,435485210.81,96.72,6179608830.99,10.9806913209,4978946610.07,308993452.45,143948467.57,-6413208.08,5769441789.06,500352538.05,501752894.4,2021-04-30
1578,002496,*ST辉丰,-503927660.02,7.84,1226380348.53,-51.3169692705,838126858.48,89565063.29,598049891.44,70722867.43,1654406809.06,-540455170.08,-560861347.38,2021-04-30
1579,002486,嘉麟杰,-17340925.48,-198.65,1005356349.08,14.3568007255,802716315.88,101863757.81,74188739.3,-3516357.69,997720453.98,24620422.99,23608796.62,2021-04-30
1580,002470,金正大,-683163953.97,-262.1,11308871930.0,-26.9526996847,9016269332.99,1847690511.52,467387421.66,54758636.42,11737996127.12,-573283442.98,-575814736.87,2021-04-30
1581,002468,申通快递,1408306713.72,-31.27,23088941220.36,35.7134928819,20668587646.04,145527680.5,550018777.4,-69073571.43,21439627623.85,1852686445.27,1833855823.82,2021-04-30
1582,002445,中南文化,-1798474278.69,-14.4,597539431.31,-38.4082229108,515664665.9,107475427.77,118423326.85,213971932.88,996906414.4,-1710440633.77,-1745177417.19,2021-04-30
1583,002424,ST百灵,282748962.12,-48.27,2850585250.74,-9.1256706202,1136747558.74,970364516.32,183853172.28,54187094.33,2414402386.37,357817760.97,355747143.61,2021-04-30
1584,002405,四维图新,339184565.86,-29.2,2309742643.97,8.252655208,723541554.69,119730779.31,398747274.19,-4350308.01,2448397883.14,262412102.73,264105573.44,2021-04-30
1585,002369,卓翼科技,47214200.68,148.87,3343171426.76,6.2614065315,2938530992.54,33524551.0,155490315.39,26159478.0,3320238959.57,51406074.56,41606322.72,2021-04-30
1586,002366,融发核电,-642531524.19,-291.46,509758441.62,-63.051989906,612671789.08,11744062.9,60798783.28,223808620.2,1026351870.06,-661031925.22,-682207724.93,2021-04-30
1587,002361,神剑股份,125191047.31,61.9,2078690550.27,7.2668212798,1642091693.83,78325324.83,65052435.35,38780016.13,1927907587.35,144709962.73,148128362.88,2021-04-30
1588,002355,兴民智通,11990982.43,104.61,1832114194.85,-3.046930102,1582244693.09,59585913.17,73341146.98,58610543.98,1839697873.62,21882234.69,21332754.16,2021-04-30
1589,002345,潮宏基,81190954.47,14.28,3542777909.74,9.0748336874,2207990344.88,820891916.9,93005266.28,70775180.08,3309790189.22,119995347.62,121330089.71,2021-04-30
1590,002329,皇氏集团,48625794.16,107.89,2253248315.76,-3.5388052058,1646547033.07,265499891.64,153749391.07,80172012.92,2217338273.95,67642707.59,77418350.86,2021-04-30
1591,002323,雅博股份,-318007972.21,30.86,104657977.15,-54.3688702299,126539105.25,11395835.54,27726979.35,95467697.22,266766752.59,-224692239.87,-316168204.29,2021-04-30
1592,002261,拓维信息,21967388.96,101.61,1239736356.02,4.6191030716,660240643.71,208384544.93,201964580.43,-5800733.35,1199150204.23,12922715.34,11529484.15,2021-04-30
1593,002203,海亮股份,1063402787.98,17.06,41258821257.21,1.3766748812,38341711430.31,534801761.7,686641813.27,302019301.01,40154391740.4,1151658886.02,1245598666.85,2021-04-30
1594,002193,如意集团,48169527.37,-51.35,1150094090.63,-13.386767969,848532592.71,67137865.14,70049114.07,59448632.67,1113729164.12,58750185.2,55763733.32,2021-04-30
1595,002177,御银股份,65651712.07,170.95,214061979.32,-45.7218645893,109013804.49,31110274.36,35784893.47,2579126.87,216989567.02,70892824.08,70389544.7,2021-04-30
1596,002175,东方智造,153114926.99,115.04,230920072.82,-6.6985777223,174447472.72,17927650.39,71185723.77,48974831.09,326515574.72,247001383.05,147655066.45,2021-04-30
1597,002174,游族网络,256538127.8,-74.58,3220501920.91,-10.0733433535,2226712530.73,337030752.77,428450410.31,86406640.12,3417078829.9,166084005.81,164975649.27,2021-04-30
1598,002158,汉钟精机,246235156.32,21.52,1806971546.97,4.3508887811,1182511023.83,137613831.69,107665973.67,23162970.23,1578060654.21,280019314.48,279335878.84,2021-04-30
1599,002131,利欧股份,307609363.91,116.54,14032624158.53,14.5516732867,12519111916.51,504814304.83,375009606.94,71620346.89,13661791573.92,386062382.5,387435294.54,2021-04-30
1600,002120,韵达股份,2647196861.81,-1.88,34404046688.25,148.2972874343,29880232194.84,208609947.02,887448338.9,8647336.25,31210665863.44,3603359318.04,3477593881.48,2021-04-30
1601,002115,三维通信,158555360.03,-26.15,5558891021.37,56.429226601,5046049429.83,97493229.35,122936188.36,44674387.08,5449415802.25,221456737.44,223135667.23,2021-04-30
1602,002094,青岛金王,21170966.32,-79.73,5474978205.41,0.3462272059,4638332441.91,433986790.28,231912760.58,87616230.34,5441298302.1,132689317.97,166906865.84,2021-04-30
1603,002085,万丰奥威,895769920.83,-19.75,12635131976.26,-1.9748643808,9898549079.42,326373313.1,669461795.85,219013198.53,11625527060.84,1050764644.52,1214028561.28,2021-04-30
1604,002081,金螳螂,2349395605.96,10.64,30834654530.3,22.90306879,25164792617.65,650794185.74,1001785370.49,134886779.35,27926731277.92,2694673789.58,2695090886.19,2021-04-30
1605,002063,远光软件,226707159.85,16.44,1565208558.82,22.4367197414,546769668.17,233938768.71,191167286.45,-11268172.92,1285434455.25,227025447.83,226491844.35,2021-04-30
1606,002010,传化智联,1602187171.52,95.63,20279659705.86,0.0789967361,17498526419.68,827641755.4,866004367.48,368869377.44,20045859032.27,2040021313.26,1997536443.83,2021-04-30
1607,001206,依依股份,106751523.9,201.573051852491,1027693144.68,13.7563312584,802467231.47,48730566.38,24553392.2,-676206.03,889439282.63,139019603.18,140666032.57,2021-04-30
1608,000998,隆平高科,-293889836.66,-137.17,3129540711.87,-12.5757603728,1923012137.14,370773309.88,355164575.87,293152792.98,3116064136.5,-148023321.43,-168117916.26,2021-04-30
1609,000981,山子高科,-7173765671.56,-552.98,7048447295.8,-21.4198803473,6189028222.08,289843627.26,1081732223.93,853765972.83,9046906138.8,-7203894203.93,-7400695973.58,2021-04-30
1610,000959,首钢股份,1185589702.44,-47.95,68841307821.91,5.1306529184,61777897342.66,1265562681.41,950545319.0,2061941196.97,67141344479.93,1958922158.22,1932522078.81,2021-04-30
1611,000936,华西股份,561843136.45,75.04,3186874679.42,8.6856715795,2965986037.39,46255723.96,191410986.98,292390884.88,3504805275.31,817902043.57,818003724.96,2021-04-30
1612,000926,福星股份,597631326.47,-47.32,9566158360.7,-10.8900330176,7206738065.24,311312207.76,403257547.26,364808165.43,8501722095.64,1059382337.6,1051095962.42,2021-04-30
1613,000917,电广传媒,111110832.55,26.87,7077023065.24,-32.6684355087,5281171186.05,482360975.75,1090977319.52,358053569.78,7320017182.79,134102581.21,503319721.66,2021-04-30
1614,000901,航天科技,160644301.59,2.3,5931888844.84,2.2535601317,4747239950.46,151763139.05,516226378.71,24942056.11,5745862097.95,202853459.46,209774569.97,2021-04-30
1615,000887,中鼎股份,601992956.87,-46.03,11706104396.94,-5.4028008562,8740169551.44,626065470.98,863763774.21,124078934.57,11008114964.27,757164804.4,756066534.16,2021-04-30
1616,000881,中广核技,102681776.03,-67.88,7021621593.7,3.501368598,5943092454.58,205575086.58,498463852.72,157976870.77,7041233696.5,70450253.87,156895173.29,2021-04-30
1617,000876,新希望,5041999768.06,195.78,82050539486.67,18.8049633325,72150061066.97,1813491200.26,2702098353.4,434054838.78,77498998021.92,6668704622.37,6430733157.01,2021-04-30
1618,000852,石化机械,24947334.64,84.31,6588352169.84,33.9408564568,5293858124.36,409159440.01,348283874.31,126413453.8,6619279409.25,55219096.27,62868121.15,2021-04-30
1619,000850,华茂股份,197696542.01,66.59,2978917084.94,7.0972034301,2586908462.65,77055744.13,131288256.14,112003094.94,3034224007.08,233655949.73,221615104.19,2021-04-30
1620,000839,国安股份,6488327.85,-99.68,3500707869.55,-11.9178747047,3131447128.35,197636385.82,249940816.16,242368772.75,3914499154.19,41925441.14,31182522.31,2021-04-30
1621,000829,天音控股,50686998.18,121.97,52941830846.84,24.6676891188,50973230918.9,776961275.57,342683956.22,384413140.24,52629794486.3,86238165.21,81360888.22,2021-04-30
1622,000812,陕西金叶,25562870.57,14.41,912852777.05,-6.4518736725,588482081.57,59510642.88,139770500.65,37362504.59,863859497.72,56796594.86,57802891.58,2021-04-30
1623,000802,北京文化,-2305834809.46,-1943.12,855335357.54,15.3745786316,762386097.95,5134197.41,150431994.1,12007076.66,931209102.82,-2327896452.8,-2352679436.76,2021-04-30
1624,000801,四川九洲,39135150.64,-69.4,3151427389.36,-21.2387929399,2433591146.7,130067667.9,188718440.89,51398798.27,3094918387.08,55139637.45,54849036.87,2021-04-30
1625,000790,华神科技,61632302.42,97.73,745340799.08,17.6697157508,276742809.95,325546575.52,40986587.56,-6975191.9,670863250.49,75912098.51,75754725.13,2021-04-30
1626,000783,长江证券,1665799971.58,547.66,7032892044.09,60.96,,,4044075677.0,,4713666427.8,2319225616.29,2339657116.91,2021-04-30
1627,000733,振华科技,297613144.4,-2.67,3668281841.8,-31.2743291009,2040440975.92,205285388.06,524507883.92,63310872.04,3101721199.47,397438574.2,396757970.53,2021-04-30
1628,000723,美锦能源,955717076.69,-46.82,14090067143.47,-6.9751571112,10772781117.16,721815153.82,519318418.24,252451498.82,12544563574.06,1494327352.9,1476159411.9,2021-04-30
1629,000681,视觉中国,219048159.38,-31.81,722107028.63,-26.9002223657,266467244.32,78113697.32,105533398.19,22674550.16,520756852.93,262424091.96,261917761.2,2021-04-30
1630,000669,ST金鸿,-1313582622.34,-17.19,3727926100.75,-15.8296370638,3345715273.48,74919352.57,296758347.94,410556680.22,4159295960.22,-1373823269.04,-1361349609.21,2021-04-30
1631,000663,永安林业,-235965814.03,82.25,702153143.62,-6.9788940754,578679426.4,98267355.88,109909126.05,70366198.14,868329379.82,-257632822.92,-258174062.26,2021-04-30
1632,000657,中钨高新,124012995.48,-9.31,8813418159.0,-1.1236810141,7068969850.57,410992092.59,478852307.73,88809791.75,8460096649.62,295828383.75,249752892.52,2021-04-30
1633,000639,西王食品,-751998817.19,-260.52,5727004023.95,-2.0194248913,3846376509.6,969585350.09,195739095.37,10035700.13,5129102366.33,-1106972601.9,-1125976874.1,2021-04-30
1634,000620,盈新发展,809930745.43,-31.74,11988457548.33,-14.3743067054,7663332165.08,692190707.79,786234724.21,1040029915.08,11257696501.08,1383401684.52,1387060884.78,2021-04-30
1635,000607,华媒控股,18904455.37,-81.8,1822062332.55,4.1479968256,1351738575.97,134968523.95,199257914.87,14634732.67,1734291125.78,54823677.37,64754818.36,2021-04-30
1636,000605,渤海股份,36952220.56,-48.97,1898551961.95,8.3511277867,1329759952.89,20631474.45,184268332.73,175975358.63,1805699589.36,82856103.39,80985900.97,2021-04-30
1637,000596,古井贡酒,2097527739.86,23.73,10416961584.23,19.9262408873,2426046924.89,3184894221.1,685280546.45,-97625803.51,7833874460.3,2823446239.34,2872841779.06,2021-04-30
1638,000593,德龙汇能,41303050.87,122.25,1037957543.04,64.5032156642,828878382.64,25011123.92,77383831.89,31772162.07,971081324.31,65705084.22,65537189.49,2021-04-30
1639,000592,平潭发展,24633691.64,-6.51,966397216.59,3.3106318635,856425420.67,38196902.16,74847578.94,11360955.02,990196367.65,14490447.51,23537055.44,2021-04-30
1640,000571,新大洲A,-613209366.32,30.18,1439198672.23,-9.3999747303,1091091662.21,74687598.5,242757453.34,108880324.83,1594186742.5,-469707868.89,-594621078.03,2021-04-30
1641,000568,泸州老窖,4641988857.03,33.17,15816934272.86,21.1518191825,3065418048.38,4186102153.59,828945024.92,-205084493.69,9922882478.2,6119294939.65,6103816191.68,2021-04-30
1642,000567,海德股份,110344959.28,-8.52,307282377.08,-9.3253976184,,,98157746.57,49105980.79,148550097.7,124954842.42,127954205.03,2021-04-30
1643,000564,供销大集,-1220216560.6,-261.13,5829365358.72,-64.3496012511,4266512762.21,797890841.89,919144903.52,563062853.08,6710126705.7,-933125960.21,-983665377.75,2021-04-30
1644,000537,绿发电力,3142121542.37,25.57,22986765175.17,-15.0431375139,14181400497.37,534713497.19,383607492.17,278751156.76,17503773954.42,4112271238.38,4143968881.21,2021-04-30
1645,000525,红太阳,-340045478.92,-153.41,4614454469.63,-21.8984006547,3626978752.63,217404840.48,482391880.44,240197331.57,4702756856.57,-355638164.5,-356091631.57,2021-04-30
1646,000428,华天酒店,50234487.9,110.52,1110553009.56,15.9084397152,545980013.67,23532305.86,534443484.69,238829145.63,1405134248.56,6965331.42,6953890.18,2021-04-30
1647,000426,兴业银锡,102219413.43,159.91,873661361.57,-64.1795289067,446989287.61,3294843.63,257817543.14,164707228.24,944379670.56,183391828.21,135018329.49,2021-04-30
1648,000425,徐工机械,3620572465.02,76.98,59175998918.25,33.2492487995,48847898417.98,2859780952.52,882814536.72,-14591135.23,54969382401.24,4083146794.44,4102281746.11,2021-04-30
1649,000415,渤海租赁,1848473000.0,-18.9,38802730000.0,-6.0254585762,24366431000.0,186364000.0,1846526000.0,8702915000.0,35136824000.0,3779440000.0,3762592000.0,2021-04-30
1650,000333,美的集团,24211222000.0,19.68,279380506000.0,6.7072398905,197913928000.0,34611231000.0,9531361000.0,-2231636000.0,251317888000.0,29683092000.0,29929114000.0,2021-04-30
1651,000156,华数传媒,780841359.83,0.21,6988349283.73,7.9939113018,4584145043.8,797492204.91,777779907.47,-147760814.39,6178548676.95,958882312.13,960357568.35,2021-04-30
1652,000066,中国长城,1114993660.75,-0.51,10843784576.71,8.3351062044,8169123797.46,490627552.3,587422110.46,107573062.27,10278010419.54,1347059665.97,1350281298.04,2021-04-30
1653,000035,中国天楹,713000340.99,229.34,18587094375.1,906.4034196757,15753613287.55,25252354.02,1002312931.4,555676337.99,17626813665.7,909624563.43,1057487728.75,2021-04-30
1654,000021,深科技,352301166.89,-38.68,13223818815.08,-17.6650650422,11963553425.06,61296144.19,439039442.4,-174146927.04,12558806980.14,546398117.55,546594113.26,2021-04-30
1655,000009,中国宝安,301136296.48,40.86,12004379217.06,2.0080065892,7753660214.79,1163458557.03,725127292.89,486823611.38,10925820733.93,1148010338.17,1164290215.05,2021-04-30
1656,688686,奥普特,206446901.47,50.900692221233,524618602.58,24.2786312342,138538795.45,67128618.43,18315655.5,-7298806.97,280990290.09,243286405.21,243213386.35,2021-04-29
1657,688298,东方生物,82105186.24,25.6,367376821.29,28.5015779514,192853691.5,28795296.6,23138338.64,-197859.21,279686136.44,91033632.51,91297017.45,2021-04-29
1658,688268,华特气体,72594659.69,7.0,843990066.84,3.2348506521,545423993.26,127257578.37,59352346.94,501440.24,763890184.25,84041783.3,85614784.62,2021-04-29
1659,688266,泽璟制药,-461877238.6,-4.950867479696,,,,7829898.38,258342492.55,1326009.2,456268323.32,-439788510.54,-439787607.29,2021-04-29
1660,688222,成都先导,120266061.53,167.49279506014,264196930.65,74.7380438516,48747931.71,12920127.54,41060792.21,-9240472.36,185162790.39,132893756.26,132819651.21,2021-04-29
1661,688093,世华科技,81584237.45,48.936595402241,240988957.45,-5.9335491652,98044279.23,12649324.93,25403744.6,-64306.74,155736439.45,95018114.43,94531088.44,2021-04-29
1662,605378,野马电池,123200088.56,17.525454985983,990624459.31,-5.83246505,745536991.3,29319687.07,47752537.34,-3692082.11,855089132.85,141589400.06,145393637.56,2021-04-29
1663,605318,法狮龙,84671524.86,3.216374931804,480008871.27,-7.201038543,307074527.59,39852291.1,29330233.57,-4941416.79,390834022.87,93416069.79,98529834.91,2021-04-29
1664,605300,佳禾食品,271539208.39,108.595202554376,1836450062.92,15.1050973771,1298784535.06,111950850.99,57695865.44,-6992194.87,1486979062.99,364118142.68,362624967.83,2021-04-29
1665,605289,罗曼股份,145240006.67,20.573350894849,693024754.83,13.2997592498,410419825.67,14103918.96,29715871.43,397042.43,483540698.65,163755271.29,169180776.09,2021-04-29
1666,605255,天普股份,78055558.13,-23.578220414201,344560144.95,-21.1507080378,201016829.74,7872113.79,35619780.76,-46789.74,266497860.39,84857564.95,88759971.88,2021-04-29
1667,605228,神通科技,114430882.7,-17.555706941345,1590227659.57,-9.4466778911,1181874966.73,73246657.22,100767697.04,13880983.34,1454949159.39,134447998.33,133181771.85,2021-04-29
1668,605055,迎丰股份,113981934.56,-17.575029646075,903827046.08,-8.3880838256,675084637.15,31410361.03,34375334.25,9123580.56,792531341.99,120952627.06,131916990.53,2021-04-29
1669,603998,方盛制药,78910702.82,8.11,1093753954.14,4.0602655393,299565180.81,540428163.37,103243586.04,3997542.67,1009407208.65,96360698.36,94475472.76,2021-04-29
1670,603979,金诚信,309567849.86,6.22,3433964466.78,10.5878940872,2493406922.77,11669208.39,289830757.09,89933300.55,2970099980.15,422052096.88,415345478.12,2021-04-29
1671,603959,百利科技,-625547534.14,-516.86,1396437782.58,18.0717614109,1140862681.97,14252812.12,73785337.66,45438692.68,1343236781.51,-685219913.29,-673646373.65,2021-04-29
1672,603900,莱绅通灵,152425044.99,-30.29,1318964127.96,-20.7003135826,550532068.15,442011983.8,127790785.8,2516768.33,1160836385.9,184989513.76,214884518.06,2021-04-29
1673,603876,鼎胜新材,308720460.46,11.67,11236347031.17,9.1821862607,10041681338.95,319671010.23,104271013.59,109522908.99,11006430997.22,365828558.25,372738693.2,2021-04-29
1674,603859,能科科技,90105284.81,77.68,765796773.74,87.7163528516,459104608.07,54770336.24,59683076.74,1688337.86,647391833.88,110875895.48,108448413.65,2021-04-29
1675,603855,华荣股份,190127227.63,24.79,1942546515.64,19.0812005022,876202043.87,692537670.29,68137524.51,-1780476.53,1721991428.69,204057343.44,218230698.93,2021-04-29
1676,603825,ST华扬,192163025.83,49.71,10506790063.72,-2.2415619806,9274928147.6,449373610.01,175825867.69,60892285.51,10228595057.74,245388845.48,238956026.36,2021-04-29
1677,603819,神力股份,95171265.98,97.49,1102166833.34,15.6160989635,976349615.2,22995037.39,44374907.07,12443068.91,1070323991.11,110165288.66,111077614.26,2021-04-29
1678,603777,来伊份,10370689.02,2.59,4002490956.85,2.8594640004,2247473556.62,1306094635.46,420472532.85,-57115.08,4027576757.76,22080699.57,27942341.97,2021-04-29
1679,603767,中马传动,74826854.53,33.51,946386784.09,7.0520653639,759258667.27,26654247.53,50530302.08,-1878033.56,873735529.21,83673852.72,82816704.43,2021-04-29
1680,603737,三棵树,406143739.38,82.55,5972263435.78,66.6360347368,3652993984.79,1276077026.2,321175954.62,7654671.31,5440472939.49,520022905.65,502294354.17,2021-04-29
1681,603730,岱美股份,625332505.96,12.04,4817888481.24,12.7418897446,3351898735.12,284250891.09,314162311.12,-3947519.6,4151219042.91,687593611.55,709565868.46,2021-04-29
1682,603716,塞力医疗,110420394.94,17.27,1830771616.09,38.96368759,1309561249.04,116752468.56,139615193.2,41828554.18,1627505137.97,187458787.96,186245446.25,2021-04-29
1683,603612,索通发展,86445154.66,-57.11,4371643482.81,30.3400507147,3783396086.34,138469612.91,91194677.32,87199706.67,4195341663.48,150562764.74,103822822.23,2021-04-29
1684,603608,天创时尚,207405264.0,-14.37,2089205001.0,1.7961374827,956113573.0,580599804.0,226355354.0,2517464.0,1830162555.0,239409501.0,239617399.0,2021-04-29
1685,603607,京华激光,105056877.11,9.7,670537099.64,20.811560024,446568056.14,27222047.84,24668544.1,-2341094.93,565353648.53,114942847.63,116185234.71,2021-04-29
1686,603598,引力传媒,-210987259.99,-472.58,2999796247.39,-4.6814376105,2675826166.42,86430243.03,66067601.99,6604640.16,2855292503.56,-198647014.51,-183688618.67,2021-04-29
1687,603589,口子窖,1720205495.48,12.24,4672086011.62,9.4430706724,1169261086.29,395859276.01,219119437.94,-13319172.09,2486417627.87,2277913212.83,2272325830.17,2021-04-29
1688,603566,普莱柯,109246252.7,-19.44,663194736.53,9.067450198,257639091.17,164595536.83,69154034.22,-5608417.99,585851644.6,106883963.43,117185909.4,2021-04-29
1689,603518,锦泓集团,108874423.25,-60.1,2913022359.93,-5.5932866903,940678275.97,1319367239.18,146832766.74,238417313.26,2757865067.58,130781570.32,159756152.45,2021-04-29
1690,603507,振江股份,37431985.8,-38.38,1786087637.91,82.2659795619,1439069047.9,124792147.98,44533602.73,46157224.51,1726031966.39,52624809.32,39379073.74,2021-04-29
1691,603398,*ST沐邦,75871377.54,80.08,537139110.11,37.9662279224,355940534.42,41619686.74,30546396.15,2387164.09,453641530.79,89312224.4,88468237.59,2021-04-29
1692,603378,亚士创能,114182277.97,94.41,2424990619.03,45.8854890181,1621789934.34,398450835.19,115343745.25,47998532.6,2263933371.8,126862423.78,128359263.63,2021-04-29
1693,603358,华达科技,155855648.43,-24.28,4177534859.28,3.0871936093,3504738556.49,156294071.04,116207827.3,-564081.45,3960762174.98,196953601.99,197360298.54,2021-04-29
1694,603355,莱克电气,502271716.37,18.73,5703217183.56,-2.73894817,4173620736.3,412823361.32,238754443.09,-49182344.39,5084563996.53,564934071.29,579735967.59,2021-04-29
1695,603338,浙江鼎力,694081236.94,44.46,2389355320.86,39.9298226697,1437118154.94,104708886.97,57327986.74,-38780645.12,1649898101.7,804716348.17,804894023.03,2021-04-29
1696,603323,苏农银行,913227000.0,13.84,3520840000.0,11.7891651342,,,1218476000.0,,2518321000.0,1002519000.0,1004126000.0,2021-04-29
1697,603299,苏盐井神,261687636.89,18.09,4188669324.44,-9.8536249379,2813848717.84,581738606.53,394312646.73,68530920.14,3965482964.78,326313417.62,323116040.87,2021-04-29
1698,603269,海鸥股份,48496649.43,46.13,610941544.68,1.1917713151,424017276.05,63032876.28,63077808.87,6188402.77,575329535.97,63282208.89,62791210.01,2021-04-29
1699,603222,济民健康,69198689.17,115.82,771279230.93,10.5251176089,419879371.2,149422863.2,73683993.76,31230444.64,704648488.45,90722293.23,92001484.88,2021-04-29
1700,603199,九华旅游,117024146.11,27.08,537219493.88,10.6952547832,278635822.7,28362609.87,76114821.77,-464804.59,392365211.28,157335144.57,157092488.26,2021-04-29
1701,603195,公牛集团,2303722676.44,37.38,10040439724.07,10.760528627,5882487287.73,725481678.94,379413972.35,-17261599.75,7438628526.63,2768748850.64,2694974806.52,2021-04-29
1702,603177,德创环保,6246064.5,-51.42,777139767.15,4.1176417088,593256236.6,32389143.33,98863041.54,13165326.22,769626541.31,3266890.47,3892870.85,2021-04-29
1703,603136,天目湖,123711038.58,19.86,503169612.39,2.8080689654,174520047.53,67481361.8,74190375.81,-6959210.67,317162351.64,189334261.97,188785961.27,2021-04-29
1704,603131,上海沪工,95229510.35,28.29,907482934.93,5.057582863,636280103.27,60808371.25,56558812.55,-2775356.2,807178274.31,100113808.94,100980569.59,2021-04-29
1705,603117,万林物流,73447713.21,-25.28,941408710.47,-0.046170539,511955840.49,47217573.6,108630964.75,104654559.35,810292070.43,122043964.02,122941067.92,2021-04-29
1706,603116,红蜻蜓,130649164.09,-33.36,2969624533.76,-2.3539183566,1970857245.01,467244770.57,311437018.17,-17571659.3,2804184234.39,155183262.53,180796186.75,2021-04-29
1707,603068,博通集成,252370195.33,103.67,1174623899.09,115.0852680812,748820662.02,19854365.88,28089046.62,-6817189.49,889205216.86,276720112.69,275493280.65,2021-04-29
1708,603030,全筑股份,208620717.38,-19.91,6936116180.23,6.365436378,6035473836.97,54579033.45,160000335.39,89720002.11,6500638727.36,333979677.58,349945218.29,2021-04-29
1709,601990,南京证券,709811700.41,206.24,2201777265.63,78.4364590622,,,1189115928.14,,1247359529.97,954417735.66,946106634.31,2021-04-29
1710,601985,中国核电,4757609715.32,-2.62,47261491749.69,17.2031130859,27285890371.75,55582313.01,2186453083.09,7382327565.19,38042883728.74,10517836163.27,10614672222.23,2021-04-29
1711,601949,中国出版,703312500.19,16.67,6396686753.18,18.3618791419,4340000242.54,502938767.89,794671318.35,-136511241.31,5585286907.26,796245275.22,793241017.47,2021-04-29
1712,601877,正泰电器,3761795288.41,4.74,30225906278.03,10.2297168265,21408999922.73,1985338654.65,1278802980.47,424626365.24,26246870111.21,4518968636.91,4511259558.22,2021-04-29
1713,601868,中国能建,5112258711.94,8.713404372133,247290987426.77,10.3808370182,213590902969.31,2383853087.14,11747938392.73,3542236309.36,238493539381.15,12377638122.76,12806905333.84,2021-04-29
1714,601838,成都银行,5550900000.0,19.4,12725060000.0,9.7921921856,,,3374837000.0,,6491177000.0,6233883000.0,6227378000.0,2021-04-29
1715,601718,际华集团,62602299.17,192.104286866629,21153516463.77,-6.7183452242,19289166257.87,546856862.75,844158105.59,122040923.25,21221973526.6,124271920.96,165594140.44,2021-04-29
1716,601117,中国化学,3061407368.97,58.48,104128599054.94,27.8506834367,92432223948.71,438594736.52,2244515772.86,112376295.82,99007155972.98,3882125455.76,3909324996.12,2021-04-29
1717,601108,财通证券,1873062523.33,128.75,4952243604.81,56.3209012734,,,2617971443.13,,2718781683.53,2233461921.28,2221925517.68,2021-04-29
1718,601020,华钰矿业,125149564.34,-44.28,1519274646.32,32.6890516023,1150021229.71,1853718.52,170394839.82,37114861.03,1384869078.27,117331214.88,130453327.84,2021-04-29
1719,601006,大秦铁路,13669294112.0,-6.02,79916947840.0,2.0069007196,61704290689.0,197979462.0,717166129.0,142258660.0,63061981229.0,19974686621.0,19791206360.0,2021-04-29
1720,601001,晋控煤业,897462176.08,36.04,11358049184.9,0.8835967667,5078072418.06,2202472158.36,478254856.4,565364722.65,9222699711.88,2231591879.14,2222326343.73,2021-04-29
1721,600996,贵广网络,214527485.54,-31.18,3417953368.68,5.7853664801,2336239816.76,168254149.35,327755614.04,179085880.0,3140245276.22,205043244.51,212447050.4,2021-04-29
1722,600977,中国电影,1061446557.23,-28.99,9068413284.24,0.3398784628,7110482897.77,186997066.01,506470365.89,-156286110.18,7864496311.84,1684291806.75,1701726287.86,2021-04-29
1723,600936,北投科技,109953476.92,-11.51,2229741013.73,-8.2711178863,1855183111.53,173695825.0,267367948.88,38281064.87,2417636330.69,102232530.02,111384104.1,2021-04-29
1724,600919,江苏银行,14618609000.0,11.89,44974014000.0,27.6800741586,,,11530571000.0,,29295184000.0,15678830000.0,15615486000.0,2021-04-29
1725,600887,伊利股份,6933763430.47,7.67,90223075471.27,13.4121412452,56391712740.25,21069657465.1,4284927666.71,8002122.74,82826458497.14,8280316986.32,8194105138.21,2021-04-29
1726,600886,国投电力,4755460882.37,8.97,42433460265.79,3.4675443304,25851696460.7,31107612.63,1366994172.73,4779200990.74,33011079729.44,10237046085.1,10317072306.22,2021-04-29
1727,600882,妙可蓝多,19229863.79,80.72,1744349052.12,42.3156880353,1193973789.5,359268817.86,111306786.72,57854865.97,1755081676.84,19735053.83,22538966.15,2021-04-29
1728,600881,亚泰集团,53456768.07,127.09,17010331708.69,20.3982409849,12266303176.69,1454515341.9,1108241984.42,2140596265.54,17402353255.79,209522584.75,204159744.58,2021-04-29
1729,600880,博瑞传播,66044968.03,107.85,425813750.37,-27.1216354426,218992761.77,26066444.03,90032211.73,-15164933.14,361599895.69,70812565.75,78902748.51,2021-04-29
1730,600791,京能置业,18008172.9,-66.98,1183465586.44,16.5307648519,885497689.61,45082708.48,79155301.06,73198756.6,1120142761.5,87778763.93,86725137.11,2021-04-29
1731,600779,水井坊,826281287.31,42.6,3538694869.46,25.5273612517,606306776.9,1064411970.16,249809625.4,-23082650.96,2461504614.65,1101648874.14,1099871348.82,2021-04-29
1732,600764,中国海防,646375043.75,36.26,4073965077.03,15.198030721,2594416399.27,105852753.08,305669643.24,29061362.87,3320918525.84,768326137.95,769452528.34,2021-04-29
1733,600739,辽宁成大,1188770961.9,55.131656528174,17745555524.31,-7.9356016931,15105708835.04,1201850981.45,470125253.7,603648948.23,17606274364.09,1470249214.14,1464046308.43,2021-04-29
1734,600735,ST新华锦,72715357.71,2.59,1434528101.06,3.7147064643,1065176388.3,134418589.7,80846100.37,-7189045.21,1277106047.43,157127771.06,157532875.29,2021-04-29
1735,600718,东软集团,37181353.0,-66.23,8365778069.0,16.669054764,6174650272.0,577929378.0,668369046.0,59384162.0,8404577333.0,-114791739.0,-108864935.0,2021-04-29
1736,600702,舍得酒业,507910345.79,48.61,2650122823.84,19.7903989379,630603455.76,573970739.27,361561117.45,13740345.18,1940120196.93,711961504.81,707029128.4,2021-04-29
1737,600661,昂立教育,54154723.85,120.3,2391323310.58,14.1192048214,1407775800.71,596547475.73,376736000.18,125710.06,2412042944.9,40996969.92,41296031.22,2021-04-29
1738,600626,申达股份,65653416.16,-47.56,14696910392.34,-10.0061255307,13361988761.42,393472567.84,884824548.68,180421025.61,15125290608.82,261408437.53,139058568.93,2021-04-29
1739,600601,方正科技,-1326848048.33,-2508.83,5829658545.81,2.2558430487,4922141461.42,379136763.32,331647701.32,207949089.54,6163860530.16,-1183874555.07,-1274402289.25,2021-04-29
1740,600584,长电科技,88663437.59,109.439156088126,23526279785.46,-1.3841416638,20895116352.45,264828644.36,1043776803.88,870112601.5,24079254235.73,124976473.33,80370317.19,2021-04-29
1741,600559,老白干酒,404302861.13,15.38,4030248448.01,12.473762287,1552697052.38,1039643341.31,366059352.99,5470232.67,3593839274.5,474758416.34,493304714.43,2021-04-29
1742,600487,亨通光电,1362121368.14,-46.19,31760021429.46,-0.4179679987,26394576518.43,1187271845.41,1018978247.86,777087228.0,30536518319.12,1551019245.62,1592546073.91,2021-04-29
1743,600448,华纺股份,11599921.15,-44.8,3082769791.71,-5.5524626885,2677214715.55,76707099.87,84550953.63,54678191.0,3060821747.34,16904854.9,14278134.96,2021-04-29
1744,600405,动力源,11070482.28,103.95062420776,1244739999.73,36.8512182833,840621363.57,178053305.73,80601707.91,49778614.16,1233295411.64,9473347.9,15376645.6,2021-04-29
1745,600400,红豆股份,169510915.36,-18.14,2539896538.01,2.3108917345,1764505428.42,384310459.88,221332531.2,19635977.13,2417969951.31,208408928.85,208449386.72,2021-04-29
1746,600361,创新新材,84259425.25,1.03,11992725178.75,3.4271476632,9314299128.6,2209474938.95,301830531.3,152645595.58,12002271456.0,106667803.41,92843742.98,2021-04-29
1747,600360,*ST华微,64996395.41,-38.69,1656485627.44,-3.0876862337,1316698717.03,41097315.61,113333569.07,76565698.94,1610919860.26,60493135.98,61250376.83,2021-04-29
1748,600354,敦煌种业,-169953913.09,21.88798445008,1183712575.19,54.2358653129,1060363003.19,102785412.89,140204576.34,35699042.17,1355526744.29,-216574415.57,-211790527.68,2021-04-29
1749,600343,航天动力,-81753709.07,-455.0,2651512287.3,-47.4513582243,2426011567.36,67517567.76,91599569.18,8126521.06,2666219226.58,-96033457.72,-94412129.79,2021-04-29
1750,600333,长春燃气,9582825.13,113.689518746799,1733320223.81,10.5093297965,1179830172.75,327119406.57,136333642.0,106971782.5,1767976627.86,25652259.5,27662455.64,2021-04-29
1751,600319,亚星化学,29217010.9,840.22,1655120196.28,-17.6624203865,1436526539.07,57862763.0,86836950.15,58276858.79,1655916968.75,-29868452.89,29217010.9,2021-04-29
1752,600280,中央商场,-588331102.86,-72.85,8103013048.33,-1.7788649279,6490098515.89,393120968.7,628293929.56,382445676.63,8228810582.75,-484908496.42,-544128061.68,2021-04-29
1753,600265,ST景谷,3428095.15,-43.41,203245285.52,70.9858811355,186329758.1,216148.28,14462653.15,11687036.68,214789358.43,3131510.22,3504853.69,2021-04-29
1754,600236,桂冠电力,2113932801.37,-11.36,9043440069.26,-4.9494043856,4597296656.57,,385064552.19,1107513778.32,6249546838.12,2929759521.88,2896465366.83,2021-04-29
1755,600203,福日电子,44084746.34,5.83,11377416397.58,3.5348560465,10500851957.92,198021178.18,206406685.4,50104766.22,11349601576.8,28704160.47,29042012.0,2021-04-29
1756,600199,金种子酒,-204497795.95,-300.71,914102046.44,-30.4635085012,567911870.14,312340668.39,101186652.33,-38393737.03,1055843672.65,-133474040.66,-133096945.55,2021-04-29
1757,600198,大唐电信,-899323157.29,-259.54,1430647507.1,-38.9616291642,1031091682.36,136292998.96,337198626.6,233664779.89,2026912136.13,-939422125.95,-976518693.6,2021-04-29
1758,600191,华资实业,23862910.8,120.47,111070495.39,69.8224732648,107417316.33,1421809.42,41373449.52,6129476.86,158387569.78,52422043.7,49652626.45,2021-04-29
1759,600148,长春一东,20110214.49,-43.83,943820485.8,6.3782245174,682144843.78,102804572.76,64648885.52,-525028.12,887308958.53,53489947.53,50939690.92,2021-04-29
1760,600131,国网信通,486978325.97,19.25,7765101078.28,18.3950545726,6325165320.04,246570703.18,437145588.68,89553035.71,7355069446.14,565092029.82,570947918.06,2021-04-29
1761,600082,海泰发展,14976965.45,2.17,677644002.47,-13.2821932042,515925872.2,20243326.73,10837452.49,81194611.32,652803028.46,26367001.43,24399798.18,2021-04-29
1762,600035,楚天高速,637455747.8,43.44,2872968523.36,-6.4300191967,1690737897.01,8812844.33,128944326.51,149356252.24,2040807522.01,1024711509.14,1024551040.33,2021-04-29
1763,300980,祥源新材,55443305.5,59.068931486488,284276351.64,31.8431065702,160487111.9,16267875.64,24323173.75,3394150.23,220655090.31,65065166.29,65069161.56,2021-04-29
1764,300978,东箭科技,202395949.8,43.771001687202,1565595934.55,-3.0082137595,935302964.44,190036693.01,116859213.67,-10707124.36,1306496185.2,234718355.54,234444454.07,2021-04-29
1765,300977,深圳瑞捷,138862811.14,114.118729735244,496476637.39,59.9526174192,238174022.09,13478990.89,45630985.51,-296334.93,329169864.97,161625917.87,161633145.41,2021-04-29
1766,300976,达瑞电子,226618801.32,61.389867532618,866784611.46,42.783137462,451001276.76,40024224.2,68484982.97,-3790475.42,605578439.32,265997812.53,266134730.33,2021-04-29
1767,300975,商络电子,99028766.22,-70.330995738041,2068426391.41,-30.8850399459,1749404264.33,150825524.05,37234620.6,-889620.25,1943102706.43,118917773.96,134674518.27,2021-04-29
1768,300972,万辰集团,92187595.43,165.378475077517,450909279.18,31.5669498105,318545936.68,2985338.95,21007907.61,13630346.2,359116007.43,93458959.43,92187595.43,2021-04-29
1769,300967,晓鸣股份,111452314.71,586.117814419206,539410878.56,40.5936285528,331820309.71,51569523.82,25414801.02,683029.23,430137232.4,109151568.5,110608191.19,2021-04-29
1770,300966,共同药业,72996358.19,3.280350787984,464801920.27,6.2886225737,333113561.43,4466839.03,17195489.99,8385338.53,390070761.59,79694634.22,82811238.09,2021-04-29
1771,300957,贝泰妮,411945198.0,58.120226303095,1943745540.84,56.6917290744,384514380.06,843354547.38,136789432.06,-1449080.51,1452255798.26,502076919.85,502241735.96,2021-04-29
1772,300955,嘉亨家化,63326040.59,47.503579543839,785658606.67,9.4212190781,559845844.94,45151810.15,77877007.98,6207210.37,712633031.58,76512732.58,77013302.96,2021-04-29
1773,300949,奥雅股份,112046373.38,24.661112849057,517596106.84,35.956031975,268438678.51,36284821.64,55549019.24,1598313.52,386468390.51,126749763.31,127228585.47,2021-04-29
1774,300942,易瑞生物,92308448.82,24.847876534348,239178001.68,16.7100943963,65859668.96,34367560.81,21033246.32,-975454.79,156190706.65,105237914.04,106037735.78,2021-04-29
1775,300925,法本信息,95954354.98,47.246180196298,1306692344.3,67.0126781418,923514068.01,42292894.5,146828857.23,4364648.11,1192267902.14,104249946.72,104288197.06,2021-04-29
1776,300836,佰奥智能,64273194.63,26.800979483454,421881254.09,22.7398034293,283177349.34,15419120.93,26875730.45,-41649.25,355674743.12,64965521.52,67393796.54,2021-04-29
1777,300833,浩洋股份,196248550.04,73.007038756498,845061468.13,23.1157242516,437854884.34,69251229.89,59301726.52,-14269105.38,602669143.44,241571081.14,242120555.59,2021-04-29
1778,300792,壹网壹创,219054978.83,34.71,1450821188.98,43.2490988961,826451932.5,303174022.66,39335968.32,-5979316.56,1180115502.99,271615181.73,289810376.03,2021-04-29
1779,300760,迈瑞医疗,4680646750.0,25.85,16555991314.0,20.3778157538,5755057286.0,3605667336.0,765041438.0,-407765654.0,11395778858.0,5378792252.0,5368253525.0,2021-04-29
1780,300724,捷佳伟创,381913420.05,24.73,2527163536.21,69.2969077031,1716972258.47,178587596.32,72734869.01,-15243447.23,2089941314.58,427933926.56,428956343.99,2021-04-29
1781,300663,科蓝软件,49509331.14,16.28,933872009.88,23.9837549215,539272953.78,85442257.48,95362876.53,34534917.9,871579284.46,42770070.09,43065880.2,2021-04-29
1782,300613,富瀚微,81674566.74,49.86,522080228.2,26.7172307243,328059588.35,10237370.75,36188967.88,-15956657.19,495000155.75,62858487.5,75978479.67,2021-04-29
1783,300560,中富通,56867391.05,-2.8,713660063.8,30.1441029022,512761362.94,30827166.82,47838837.0,12739451.23,636703846.36,74528031.34,75699657.74,2021-04-29
1784,300530,领湃科技,29491489.76,-46.55,173499780.39,-5.3704856342,116673983.02,6837802.76,22583747.62,-350311.69,156549174.93,36994920.26,37089413.57,2021-04-29
1785,300496,中科创达,237638168.45,44.63,1826858644.65,24.7356902815,1048096984.46,86504129.03,210156920.96,19549142.09,1649937281.34,246387935.06,245689183.09,2021-04-29
1786,300477,ST合纵,63869484.17,25.13,1894304152.76,-5.6393462529,1478331829.73,139478340.28,110131335.15,61929836.25,1835718104.82,70122460.71,70341739.76,2021-04-29
1787,300472,*ST新元,61428932.25,-12.29,485881377.19,-9.3037899955,307983516.46,27169627.08,45385151.22,9093978.74,431209677.48,-13641041.75,89439347.72,2021-04-29
1788,300469,信息发展,-150581542.58,-436.1,640198270.89,-9.4409407647,480746688.86,71399333.07,86442378.34,19892188.97,787808510.32,-172843253.64,-173620760.8,2021-04-29
1789,300353,东土科技,-441458671.39,-565.13,815987277.81,-14.5134816818,445884804.87,114928134.95,111643081.24,54339405.45,895993282.7,-456408408.95,-431996206.46,2021-04-29
1790,300339,润和软件,-1794232923.06,-670.72,2121173720.66,4.095755682,1554940283.04,80968982.29,176818147.72,79173566.34,2144005081.65,-1811566594.83,-1799959176.22,2021-04-29
1791,300300,海峡创新,-793295024.47,-738.17,451533912.02,-14.4250363624,399558266.63,50848246.92,58343465.0,28366047.9,564911804.78,-836882602.34,-844499442.44,2021-04-29
1792,300283,温州宏丰,26108213.51,24.49,1936065194.56,65.0113184448,1761401966.81,13226440.61,48961432.89,37145806.06,1917718970.87,24746358.6,25236908.55,2021-04-29
1793,300278,华昌达,-1536530406.15,-6438.27,1583295669.83,-41.9075585452,1415450137.95,66413265.3,241844214.88,84798404.93,1876662028.27,-983358497.11,-1498671874.31,2021-04-29
1794,300276,三丰智能,271392951.46,15.25,1945432786.04,8.5674353295,1409564125.87,35164709.14,102472283.2,5570358.2,1641642591.41,306872707.31,306436307.59,2021-04-29
1795,300263,隆华科技,174360858.83,28.36,1873542573.97,16.280744782,1300525137.49,94661601.4,127311204.7,15826812.16,1614241219.63,246370590.35,243484174.0,2021-04-29
1796,300255,常山药业,225285377.1,60.93,2071479809.92,25.3441420387,557354349.05,942440668.02,106108466.29,44401115.15,1811830994.03,262403439.07,261161901.79,2021-04-29
1797,300225,*ST金泰,30080764.63,171.63,813501962.57,0.5887507997,613963355.17,77537733.84,54240358.85,-222525.47,776151513.31,28693925.46,32464894.39,2021-04-29
1798,300209,行云科技,49529118.44,105.17,3867356287.56,331.7019369727,1975313400.21,1392837426.96,168096028.6,5300683.37,3594576604.59,76179691.87,71264639.73,2021-04-29
1799,300199,翰宇药业,-884772394.21,-159.63,614191475.23,-51.4259841596,125722078.02,592575088.61,168773139.74,64843565.17,1141428533.99,-905308255.43,-891317765.07,2021-04-29
1800,300157,新锦动力,-1207531281.1,-4709.76,1064171650.1,-28.5047245356,822420036.32,35031914.11,168906987.33,82004402.47,1158992541.34,-1182463444.96,-1169515870.05,2021-04-29
1801,300109,新开源,122796226.77,37.13,924426291.73,32.3855880845,484001943.18,60535509.86,95399821.18,45998536.0,745879408.8,156497751.1,158762999.35,2021-04-29
1802,300096,ST易联众,10505744.63,-28.36,948718436.87,29.9960139475,459682264.26,81376931.36,171488258.18,15184383.5,875758483.04,58331023.26,58283421.25,2021-04-29
1803,300094,国联水产,-463812623.46,-300.52,4627638027.19,-2.1467743629,4023455322.82,248178426.75,124870298.93,139593587.42,4587502258.67,-509232040.5,-523516836.47,2021-04-29
1804,300079,数码视讯,69871862.93,-17.14,1016372858.55,-35.1074981418,560614292.35,149965715.19,191401222.92,-31427504.51,983476208.16,70768679.72,69944108.26,2021-04-29
1805,300044,ST赛为,-419182308.05,-725.42,1276629503.36,-1.0075241964,848956259.38,63636562.64,143997046.5,54794280.44,1174796269.11,-415228037.58,-417654259.31,2021-04-29
1806,300024,机器人,292924100.01,-34.81,2745485120.35,-11.2850610423,1979055362.59,98046054.01,318856751.45,76197025.37,2654062907.24,317893917.49,317827054.39,2021-04-29
1807,300010,豆神教育,22485881.32,101.61,1979337719.34,1.3808772671,1178992379.67,253031801.85,252736319.36,95008244.63,1874013347.59,33933200.48,33105391.57,2021-04-29
1808,300004,南风股份,17282108.55,101.68,848682354.92,-10.8217934546,617674089.03,39336209.7,104070644.54,6903853.29,810824959.55,16270586.91,20864110.35,2021-04-29
1809,003042,中农联合,147136392.02,-39.616884470394,1366782415.61,-3.2572343462,876730859.06,62603716.05,177860742.15,17989569.87,1202531615.77,162545450.62,162688340.1,2021-04-29
1810,003041,真爱美家,101656702.34,61.546238367353,1001764593.29,-2.2116569409,789862388.37,29730489.73,28886313.64,-791630.49,891571719.0,110675125.67,114949995.8,2021-04-29
1811,003040,楚天龙,126816014.84,118.428108628829,1182099672.38,16.9315352935,784013525.88,102746887.29,79053008.17,-2473856.91,1042843009.61,138905198.43,139310223.25,2021-04-29
1812,003029,吉大正元,88953417.25,1.690519534779,600168913.94,49.9840792225,286727052.26,93671391.89,69655494.66,-8736677.22,494803861.32,109790152.66,110071458.38,2021-04-29
1813,003005,竞业达,149160263.99,43.032517469623,676958770.94,31.2619328885,347001223.54,71781130.27,47068251.33,-2186061.56,508015288.29,172538708.42,172506660.02,2021-04-29
1814,002960,青鸟消防,362228839.28,5.28,2271095616.23,27.8029590774,1372623809.51,217834610.53,102969054.94,5625061.32,1830831781.58,415266794.68,413682187.61,2021-04-29
1815,002959,小熊电器,268181695.31,44.57,2687963985.41,31.6961197616,1767132921.98,395872827.06,90088194.76,-863256.22,2343868526.45,331792000.48,332066504.03,2021-04-29
1816,002956,西麦食品,157408244.18,15.02,972778161.05,14.3297327407,406881617.77,352009256.97,45976270.0,-2844641.28,817413829.38,184481224.57,184456913.88,2021-04-29
1817,002943,宇晶股份,13703327.81,-86.16,301618293.99,-25.5509933669,211933686.62,27104516.77,28599499.19,1843757.49,298779302.47,20010466.63,18758018.33,2021-04-29
1818,002941,新疆交建,186282184.54,-47.27,5951176397.62,11.2078421666,5396974498.1,15086204.25,158428322.31,33058141.68,5634148068.12,253339538.46,252675847.02,2021-04-29
1819,002933,新兴装备,137024964.96,-3.05,369345614.14,-2.3994871992,94003007.98,10222601.0,57210452.53,-2973139.28,181148596.5,159769373.71,161666942.03,2021-04-29
1820,002919,名臣健康,23076746.81,-22.2,517463183.51,-5.2744973572,318141607.06,110898482.41,43956836.45,-1044916.31,491992487.86,26958086.5,26197494.58,2021-04-29
1821,002912,中新赛克,295098482.55,44.12,904511476.3,30.8595243314,160466053.8,170983923.63,63739453.84,-32719140.24,586428751.43,309557984.82,310215321.0,2021-04-29
1822,002883,中设股份,65240162.53,14.79,311880365.62,15.3427910965,161241592.78,13860016.04,32413976.14,-197226.54,226884303.34,74701497.23,74595494.02,2021-04-29
1823,002875,安奈儿,42117286.49,-49.49,1326622371.23,9.4071517731,628248473.11,569036293.57,58004801.3,-11154298.89,1288122974.32,48644237.91,48966019.74,2021-04-29
1824,002870,香山股份,-64920169.14,-268.65,841797492.16,-10.2550139,565877367.02,90949579.87,59694218.04,-1787958.06,762004250.25,-25667722.07,-55670691.57,2021-04-29
1825,002869,金溢科技,875264934.64,3942.96,2860155936.39,373.4902302716,1491224575.5,141262942.39,115249066.64,-16828747.21,1871371742.29,1019730739.54,1018185050.95,2021-04-29
1826,002863,今飞凯达,57163588.89,-11.61,2945858861.42,2.3578664882,2493785565.01,72415568.8,124600984.08,131701212.33,2922771750.65,74314978.94,74157238.3,2021-04-29
1827,002856,美芝股份,-17833663.14,-167.24,910519039.17,-4.8085265272,811162238.72,16325461.93,43734359.2,5939505.15,879573520.18,-22913695.56,-23206937.18,2021-04-29
1828,002853,皮阿诺,175213096.56,23.33,1471444132.71,32.5306905067,944913992.99,208415140.5,51082193.9,2174493.16,1256172324.84,199932163.62,199679271.64,2021-04-29
1829,002811,郑中设计,133283868.1,16.67,2511416237.22,9.1661061903,2020392461.9,39664308.22,111158468.02,41364764.21,2320906310.89,160384773.1,159703991.84,2021-04-29
1830,002793,罗欣药业,633950170.65,23.74,7588790576.54,22.1772730281,2799712581.93,3247975400.49,317155712.59,40363177.19,6898864382.96,725062970.53,724210278.83,2021-04-29
1831,002786,银宝山新,-262747473.76,-730.65,2779183852.05,-7.6688698011,2450891237.86,152872831.06,238046623.55,79659528.6,3090293542.0,-312937161.38,-318871725.82,2021-04-29
1832,002780,三夫户外,-29734923.09,-691.31,402286877.79,-4.2935246351,208209949.66,118632289.18,52090470.64,6338958.24,399521001.17,-30175640.76,-30440827.98,2021-04-29
1833,002769,普路通,62942762.72,-38.36,6512430900.39,12.8225341244,5911518087.05,295818834.66,113415177.34,46850839.77,6388199970.4,89269235.11,83753974.93,2021-04-29
1834,002761,浙江建投,835163172.45,1.85,75649475026.19,15.1878584415,71466435762.08,52333371.98,1572526053.01,690399923.88,74146045742.29,1284145439.16,1218697439.33,2021-04-29
1835,002760,凤形股份,66152543.07,117.16,610567643.75,30.2581268268,443040515.12,51957016.88,33474262.47,3300704.18,560758019.23,77659603.84,76157094.79,2021-04-29
1836,002753,永东股份,91035991.73,-67.24,2856035738.51,10.3956106362,2473492668.64,177404479.91,46676798.35,23685092.8,2770832182.93,93919494.38,94560014.79,2021-04-29
1837,002739,万达电影,-4728585957.39,-324.87,15435362985.83,-5.2314030585,11195393157.42,969773831.94,1279666090.17,297211858.36,14246553749.39,-4515659388.15,-4554105377.28,2021-04-29
1838,002735,王子新材,55055629.48,10.64,1325601187.01,45.3997838462,1044835728.56,83334196.06,83635490.0,1043419.4,1235419833.46,87112330.48,86685452.49,2021-04-29
1839,002729,好利科技,21608922.16,4.76,178077303.92,0.6884978475,104888952.5,8518435.34,31144683.19,311188.09,159102137.89,25008494.33,24996530.02,2021-04-29
1840,002722,物产金轮,58918426.63,-51.53,2413778365.94,5.8389692741,1991136869.22,111788148.95,85575428.5,38667804.18,2259029576.41,83813868.62,84985710.94,2021-04-29
1841,002717,ST岭南,327673190.45,-57.92,7956638205.58,-10.0223188308,6073836203.79,140452747.15,488509772.34,252261165.93,7268111512.82,439370401.16,432334082.03,2021-04-29
1842,002707,众信旅游,68611707.3,191.15,12676858042.72,3.6434341985,11391330172.19,911966519.8,174440313.75,51459534.02,12534382530.15,117738606.17,116064137.15,2021-04-29
1843,002679,福建金森,4351991.34,-90.86,128552232.82,-23.7046693795,45959215.4,2833542.02,42859947.25,43728831.67,135764320.92,3624536.41,4417537.79,2021-04-29
1844,002676,顺威股份,9154749.35,60.12,1681931411.52,3.9443721546,1337129153.82,89642152.13,146712494.4,20401410.1,1653659955.89,17733598.97,9354292.36,2021-04-29
1845,002650,ST加加,162490290.28,40.86,2039752817.05,14.0537205487,1488753128.45,260781176.05,125886119.43,2381982.28,1932997905.79,196762647.92,192225083.49,2021-04-29
1846,002634,棒杰股份,38054797.15,109.71,600896507.81,41.8954239667,438581954.91,23009557.44,44108333.95,734649.2,537541391.51,47422377.99,47473419.66,2021-04-29
1847,002620,ST瑞和,156185147.87,5.74,3817998179.36,5.6486886416,3200833695.06,23820888.26,80598439.26,45085560.4,3485568263.26,224918176.56,224569733.22,2021-04-29
1848,002617,露笑科技,36169888.13,-103.65,2452133315.73,-14.2488793284,1902254117.11,45932344.56,172403809.46,231318923.89,2389891714.57,27619925.21,-3738953.09,2021-04-29
1849,002615,哈尔斯,55116654.45,-44.53,1793743645.56,-0.030723387,1258939596.72,195959390.85,151527114.3,15993337.22,1709421322.69,65683785.37,64989813.99,2021-04-29
1850,002613,北玻股份,26628355.65,-28.51,1094668741.78,7.810389019,806540599.43,106978425.44,82642716.91,-2180230.74,1070304271.0,29693951.94,34017058.53,2021-04-29
1851,002607,中公教育,1804548688.01,56.52,9176129995.89,47.1243855471,3812594386.55,1482984426.78,1098471953.96,204308516.41,7352991141.3,2090668843.03,2089327430.78,2021-04-29
1852,002582,好想你,192622682.74,48.66,5961168475.57,20.4413513723,4314867315.36,1279013422.07,192722216.93,18525241.91,5870813538.06,246564266.67,239281294.22,2021-04-29
1853,002581,ST未名,63383506.76,161.09,567637225.78,-14.5888451049,74140968.8,422456361.27,104153437.53,-27986810.96,634798351.25,79006714.65,76768107.86,2021-04-29
1854,002547,春兴精工,22133712.04,-44.66,7261653397.9,47.210665925,6521310113.83,122157168.03,220193122.92,92863282.59,7134811153.79,56980467.75,58509862.88,2021-04-29
1855,002545,东方铁塔,304730042.44,-31.75,2605923048.9,18.588034441,1902259225.01,238900986.38,101178124.95,50232323.39,2399430967.75,379190619.78,368831708.95,2021-04-29
1856,002543,万和电气,598082302.18,22.33,6219710301.45,-10.04025,4150640347.56,984488766.87,174672440.18,25060326.48,5645504908.74,708472746.0,728283531.47,2021-04-29
1857,002538,司尔特,238123176.89,-20.66,3015931696.4,-3.5460085671,2376999419.03,134666286.94,146083077.54,38490463.54,2806195767.88,303790505.05,293203637.72,2021-04-29
1858,002529,*ST海源,-535487515.81,-205.82,217657512.98,-9.5250246233,227976602.98,37529818.05,54868756.75,19402501.44,369409130.06,-480865156.8,-484711288.01,2021-04-29
1859,002527,新时达,53590455.47,120.56,3533969303.29,0.5398209351,2801214217.25,198766077.27,188721351.68,80932668.07,3489011501.92,101805037.15,102539732.86,2021-04-29
1860,002517,恺英网络,-1894439644.51,-968.47,2036876355.19,-10.8102920987,587454740.3,559267816.81,233469615.15,-7208695.97,1756393683.95,-1650186246.5,-1768258525.28,2021-04-29
1861,002511,中顺洁柔,603832650.83,48.36,6634914352.68,16.8423661391,4005421052.7,1369553843.95,294516937.35,21476411.75,5910158735.56,719468172.41,720998708.67,2021-04-29
1862,002507,涪陵榨菜,605141874.33,-8.55,1989593123.12,3.9302656043,823461876.3,406932660.56,63041235.8,-5102350.96,1327294215.43,718621948.54,712322547.79,2021-04-29
1863,002495,佳隆股份,27977931.19,-20.5,296593418.13,-7.0123838439,166278215.49,38262056.46,38778317.59,-2979434.56,261617594.13,36596055.72,34292563.08,2021-04-29
1864,002492,恒基达鑫,52684420.25,-8.51,274846038.36,7.9644167969,150572207.53,,30034120.02,14185625.96,213623388.99,65479031.48,65218085.31,2021-04-29
1865,002488,金固股份,23097059.92,-85.94,2119023715.59,-22.5629340807,1661994685.34,138878631.78,179485545.64,74737680.79,2113142534.09,27803687.34,21972825.26,2021-04-29
1866,002487,大金重工,175645885.82,179.93,1687338341.0,73.9915787401,1301824570.92,71360015.05,49788012.23,-4260897.64,1498095179.33,207442757.22,207159624.44,2021-04-29
1867,002485,ST雪发,44991308.82,-27.41,3584739008.89,108.40473952,3071319821.76,206617453.03,99444815.33,20548949.78,3414908769.65,168161950.66,169206519.07,2021-04-29
1868,002467,二六三,174612994.49,102.94,1013565798.16,9.1341887937,445169991.08,176741431.04,176692381.52,-9669411.47,909768086.91,207772431.71,201876458.51,2021-04-29
1869,002448,中原内配,88118426.19,-68.68,1490193981.98,-6.6634611327,1010705930.72,116128152.54,137562285.94,39208166.53,1424640884.92,71389331.29,96142130.28,2021-04-29
1870,002440,闰土股份,1369965968.02,4.34,6513168920.4,0.7593557616,4199397778.59,158567305.72,504940814.29,1710874.39,5165353739.77,1568559806.26,1648768889.52,2021-04-29
1871,002437,誉衡药业,-2661773278.26,-2214.3,5053859894.87,-7.798821944,1346790122.23,2687105687.65,356630685.46,136660153.44,4779238894.21,-2472547133.36,-2604135173.01,2021-04-29
1872,002414,高德红外,220642558.1,67.34,1637972264.97,51.1011780809,841291007.01,84737999.96,222507577.05,13459975.51,1432268466.0,209733266.1,207205212.89,2021-04-29
1873,002387,维信诺,64030265.59,84.85,2689559155.68,51.2558463741,1987954156.46,51649405.46,593389643.06,669788874.25,3939210884.92,89074675.93,90044959.96,2021-04-29
1874,002375,亚厦股份,425666944.49,15.41,10785629767.25,17.2418217939,9237293310.41,305825991.51,269940186.82,89895730.07,10229219320.08,542640026.32,542818987.33,2021-04-29
1875,002371,北方华创,309032271.04,32.24,4058312881.7,22.0967165725,2413280785.85,238346983.85,558190979.57,99201664.88,3862114507.41,420605234.12,439314917.2,2021-04-29
1876,002358,森源电气,9327567.49,-97.0,1626751720.13,-43.3906007913,1160507879.11,105963443.9,153789043.04,118312409.58,1631546287.22,-22266328.16,17858457.09,2021-04-29
1877,002357,富临运业,83751942.4,122.7,885614821.08,-7.7484284409,685315182.93,4969333.04,185401286.46,25687834.16,913957750.78,108447623.1,110368860.35,2021-04-29
1878,002354,天娱数科,-1197680794.62,83.25,1334906169.46,-48.6339685993,676225608.3,219215401.52,306192300.53,360069465.26,1782362231.02,-1159844676.8,-1200543018.61,2021-04-29
1879,002348,高乐股份,-328935421.76,-3015.38,712431248.48,-14.1905669321,510287006.42,88789740.65,72947305.14,13596011.66,728324023.92,-357016145.14,-357232548.9,2021-04-29
1880,002343,慈文传媒,164724538.39,115.05,1171427357.71,-18.3691650758,892571134.86,65958904.36,70250256.38,21680457.4,1052972434.57,174030339.54,175408065.63,2021-04-29
1881,002326,永太科技,271699332.66,-38.48,3429842432.04,4.0836861481,2451312998.32,131740260.02,354048021.15,106687101.36,3169525270.23,359562107.22,356438340.25,2021-04-29
1882,002304,洋河股份,7382822726.87,-9.02,23126476885.07,-4.2770429569,6626362251.24,2691711170.59,1856491727.0,-78426551.41,14457584017.39,9761882594.34,9770804257.01,2021-04-29
1883,002286,保龄宝,35233722.45,-17.97,1805170075.01,4.3443396152,1537124849.46,114204297.36,67485755.47,21327507.96,1762931350.5,46281893.67,45787397.91,2021-04-29
1884,002276,万马股份,220879359.32,97.72,9745408784.22,11.5056431116,8112274003.49,665292600.25,241804537.14,79616465.01,9496927449.39,245240126.68,255109735.0,2021-04-29
1885,002275,桂林三金,392142681.13,-5.13,1640423731.48,3.5180939137,445255627.53,498240564.12,123753924.2,-26080154.21,1175103971.27,469416122.63,467635806.43,2021-04-29
1886,002266,浙富控股,470228233.05,46.87,6538562421.34,-1.829231905,4801319376.72,39962084.84,326237398.94,122089437.94,5592119017.09,1317935713.12,1307426085.9,2021-04-29
1887,002263,大东南,60198836.14,42.24,1645715456.22,12.0807753271,1436597246.57,19284734.29,68201223.25,23639449.19,1566509941.8,70313936.19,70927373.55,2021-04-29
1888,002244,滨江集团,1631223106.02,34.03,24954503284.58,18.1811153567,16195654782.96,571741838.44,380765840.22,900915812.0,19887946170.8,5418696948.69,5403298952.57,2021-04-29
1889,002239,奥特佳,102031704.11,156.35,3210648346.53,-21.5159871838,2668018668.94,147683323.44,295922441.47,32423532.11,3278132535.9,-250963382.13,74097548.93,2021-04-29
1890,002219,新里程,-2519543757.96,-77.71,3684467721.58,-4.0101289285,2711948521.68,245026275.03,595742221.33,394430952.72,3962034450.14,-2403786048.11,-2437004472.78,2021-04-29
1891,002217,合力泰,1033059672.33,-21.43,18629941857.79,10.2079536588,15459334169.4,173047951.17,641835773.98,663403063.59,17663165255.47,1124066401.86,1123638928.06,2021-04-29
1892,002213,大为股份,1600521.66,34.538426592503,188067520.89,51.6952200355,147619620.07,10160161.62,27123285.36,-2863782.59,190203453.98,2451735.46,2551462.81,2021-04-29
1893,002212,天融信,400961510.35,-17.37,7091068231.33,12.5506103106,5199325555.79,639974132.96,354217634.69,24643924.74,6754831350.78,473131601.06,472357774.13,2021-04-29
1894,002210,飞马国际,-12325768618.98,-458.22,313536278.8,-99.2361852812,224806756.16,1881377.87,100859986.23,1058763251.4,1396184281.29,-11768930621.74,-12311079702.04,2021-04-29
1895,002199,*ST东晶,14793437.91,118.81,210383455.05,18.6732595855,182096441.95,2392274.98,23117709.98,-2195267.38,219644353.9,17115859.0,14769862.29,2021-04-29
1896,002195,岩山科技,759120256.35,-44.48,2440761431.33,-35.3255375373,231362489.94,762652109.13,200192086.3,2002989.41,1452108569.61,820840371.38,815344612.55,2021-04-29
1897,002170,芭田股份,30506781.53,230.24,2278503336.24,-0.5384181659,1885550974.92,115466963.77,121336714.65,53784059.83,2216562022.17,21814072.3,34433760.27,2021-04-29
1898,002161,远望谷,743231193.73,515.14,628849638.04,43.6084741362,366044937.38,117268274.65,114721086.47,14250347.58,673626076.77,895605602.73,894006138.9,2021-04-29
1899,002157,正邦科技,1647054637.52,751.53,24517770453.37,10.8749979826,20658208087.86,646612491.76,1215112561.79,376563428.85,23330815535.7,1830300788.23,1704330590.25,2021-04-29
1900,002154,报喜鸟,210088660.45,305.28,3272553595.55,5.2419934791,1253235229.89,1284338945.85,307567663.88,11406735.54,2950767531.73,275658827.65,282107802.75,2021-04-29
1901,002153,石基信息,368017553.68,-20.6,3662540116.4,18.2410714364,2067920205.27,316596455.82,789392040.49,-249144465.0,3229547920.65,487188523.32,493621740.78,2021-04-29
1902,002099,海翔药业,770782185.09,27.4,2941412770.3,8.1955143409,1463159361.04,59623024.88,386185538.84,-37865156.06,2020492002.44,918821355.42,912452980.27,2021-04-29
1903,002095,生意宝,34998326.81,0.44,370607762.79,-13.2784820554,240517743.55,62688002.71,24517212.03,-23741182.71,327317590.67,50061980.53,49911899.57,2021-04-29
1904,002069,獐子岛,-392183690.07,-1321.41,2728869245.41,-2.4706292687,2367240308.32,158112585.92,148466622.49,139872168.98,2833227902.24,-151427909.83,-380445620.01,2021-04-29
1905,002065,东华软件,583701772.02,-27.62,8849012664.06,4.4674754831,6395395189.64,343855697.89,520270526.23,75998224.65,7956597471.39,614300194.07,638117448.78,2021-04-29
1906,002061,浙江交科,722436420.98,-40.44,28897411149.07,9.555027772,26603041314.09,112492206.19,492293798.12,251218594.1,27923462826.88,1072352866.46,1073127443.39,2021-04-29
1907,002040,南京港,130124169.57,-20.66,736824714.54,2.6621226475,383483473.21,,124345511.92,58696004.6,580840929.08,204930284.16,205226302.71,2021-04-29
1908,002037,保利联合,146370466.1,-17.51,5024484112.36,-16.7448000066,3639687742.45,269110097.93,479464144.53,215644881.01,4693848803.51,248254784.13,250476729.5,2021-04-29
1909,002034,旺能环境,421486496.19,34.32,1171288553.85,35.6929423156,556715211.87,,74980840.69,73097302.42,771260473.17,491608785.68,487626633.92,2021-04-29
1910,002016,世荣兆业,882223428.71,10.8,2752899566.46,16.971508567,896655582.65,143501126.62,78038181.99,-4847262.48,1550927068.15,1188600772.37,1189296074.95,2021-04-29
1911,000980,众泰汽车,-11190223844.22,-1498.98,2985847122.69,-79.776766207,3160777258.48,816250837.31,1085829723.77,242761835.14,6274608587.11,-11648655744.86,-11781146135.59,2021-04-29
1912,000966,长源电力,572988266.86,174.57,7366107380.46,12.24480626,6176576846.84,,79429119.96,195177797.46,6529158932.05,816204075.11,834778634.05,2021-04-29
1913,000957,中通客车,33071857.49,-9.57,6741281369.4,10.9020465944,5689988864.22,406430728.97,147404615.21,79194178.49,6599216513.42,36580707.46,43773370.31,2021-04-29
1914,000930,中粮科技,592821396.27,22.73,19471955122.45,9.9866248399,16735504790.02,1121689867.7,687807670.48,154122076.97,18911733788.31,659959372.3,666333754.69,2021-04-29
1915,000925,众合科技,133871701.7,395.62,2778079942.52,32.9766451346,1974370409.37,63683541.16,206991193.41,130185462.6,2586403991.38,91914394.15,136378501.9,2021-04-29
1916,000923,河钢资源,528614793.46,294.05,5799939573.98,16.6526031044,1953803155.01,2340995054.5,458245978.04,-27615210.63,4751505066.24,1076282439.82,1082634179.34,2021-04-29
1917,000913,钱江摩托,227961079.28,259.8,3784597110.45,22.5375873105,2915539424.92,161359058.89,200714309.53,-12380480.1,3560692746.21,259249182.48,229390251.58,2021-04-29
1918,000883,湖北能源,1498535368.55,-17.25,15810756895.3,28.462143256,12590191387.89,14275635.14,499583395.45,663386409.36,13862549621.53,2433578803.06,2456774339.24,2021-04-29
1919,000882,华联股份,48141883.18,46.78,1254140161.58,0.0669996118,657774603.94,323940055.61,178926096.37,212419834.88,1397319861.82,65551931.3,57695996.98,2021-04-29
1920,000875,电投绿能,173953029.05,28.83,8551858444.35,15.7926826339,6591480418.53,,102902403.74,1328804732.66,8104267939.81,394893299.01,543450482.63,2021-04-29
1921,000826,启迪环境,359409038.26,-44.18,10176449579.48,-9.0791985804,7558533472.65,175012879.43,859087868.88,700740542.1,9504763871.84,638107530.64,630389463.26,2021-04-29
1922,000815,美利云,50936171.01,15.12,1043777148.98,-0.4672254427,904768388.48,26491503.43,61570749.99,-4891857.54,1009037642.49,54343661.34,55130316.44,2021-04-29
1923,000813,德展健康,336921030.17,-63.79,1774968109.63,-46.0631692208,332676965.52,834615888.16,139652988.13,-864882.43,1439860080.17,380040821.13,387772762.8,2021-04-29
1924,000785,居然智家,3154904168.79,60.08,9229243725.35,7.9354785158,4908300728.22,734082471.77,408799146.2,57457164.04,6295948267.31,3646214146.69,3974101515.09,2021-04-29
1925,000755,山西高速,149824101.5,208.85,884393996.72,-44.9604527282,360725718.62,,25442767.71,311395353.74,701625903.16,182740943.69,175949734.1,2021-04-29
1926,000710,贝瑞基因,390618298.15,45.7,1617641301.4,12.3526607951,628802382.96,299040471.53,121767231.39,-693123.88,1174697818.69,450186565.54,445668434.61,2021-04-29
1927,000680,山推股份,56644111.29,-29.61,6403114682.63,-19.9783334883,5400167096.37,384220612.91,256448200.8,94387370.8,6407466866.67,58087450.57,67008856.24,2021-04-29
1928,000651,格力电器,24696641368.84,-5.75,200508333611.34,0.2421388798,143499372581.36,18309812188.35,3795645600.08,-2426643429.91,170723573765.2,29605107122.4,29352707228.7,2021-04-29
1929,000637,茂化实华,90773370.12,143.68,4298162316.59,-0.5031850189,4029089003.77,36565643.74,118549361.48,2409011.79,4205377630.18,141983642.89,141604824.36,2021-04-29
1930,000628,高新发展,104561244.93,91.0,3310871524.72,247.3278870838,2968976706.5,114026677.74,83750603.14,-3257777.92,3178208589.57,143089613.74,145359161.65,2021-04-29
1931,000615,*ST美谷,12089692.3,-92.32,3150404424.3,9.0650768943,2347977152.97,169322960.13,327761252.33,138657307.68,3156742035.85,257585876.38,246609678.84,2021-04-29
1932,000609,ST中迪,29210658.07,148.05,547908255.05,1757.778169656,315921773.62,67990089.0,52942701.19,17095826.05,508174673.39,51019448.39,51615796.58,2021-04-29
1933,000601,韶能股份,401116633.34,32.42,4306246217.83,25.60842044,3214634769.9,82242632.61,219252391.94,176395989.5,3781439689.87,528836159.61,553669306.82,2021-04-29
1934,000545,金浦钛业,25010953.37,-75.49,1884877536.19,1.6313848046,1560732105.53,29636466.94,132362255.34,30398382.04,1829053112.32,42988344.34,42633897.85,2021-04-29
1935,000534,万泽股份,70675636.77,-51.23,548735086.55,-22.2941247083,66175023.44,279460377.65,108897424.96,18554201.9,524756663.07,73251660.7,75176416.47,2021-04-29
1936,000516,国际医学,-403930095.11,-118.49,990952681.25,-51.4083053335,849143032.92,11296374.85,392856727.93,42480005.53,1314954736.18,-379012037.32,-384510021.52,2021-04-29
1937,000506,招金黄金,-18204645.7,-143.15,515388115.28,3.8125679427,479532525.3,6159964.46,79392408.27,59860985.9,643132345.19,-71743860.19,-30249840.21,2021-04-29
1938,000410,沈阳机床,-2988269764.45,-279.1,1002138346.66,-80.0167492128,1981987521.11,370985036.88,945414085.6,465534703.37,4012826364.95,-3038994333.12,-3087718810.12,2021-04-29
1939,000061,农产品,310169369.16,625.25,2852962645.08,23.9310862215,1821594660.03,111614118.69,397965148.69,230534596.21,2597504145.32,622673705.79,615783433.18,2021-04-29
1940,000030,富奥股份,890996344.6,1.06,10063808026.15,28.159966303,8656969580.74,310864915.29,505889040.42,-8618729.79,9742857476.81,939302231.25,948942763.88,2021-04-29
1941,000007,全新好,22287512.19,111.358889548781,42020841.81,-0.9966116852,13168920.02,,25933172.97,-23992.64,40180522.57,40790268.1,41238244.03,2021-04-29
1942,688683,莱尔科技,61025612.49,8.740721084578,380993097.16,-1.2207341454,244476572.97,19267815.02,31004339.33,-665622.33,316602275.58,70447576.54,70291584.0,2021-04-28
1943,688680,海优新材,66880501.97,142.180253817753,1063220037.18,48.6121303981,904607134.98,20386101.47,18722012.84,12354898.71,996145488.8,69964635.29,72419072.6,2021-04-28
1944,688626,翔宇医疗,128976314.16,60.563487392417,427414971.16,19.1043696584,143594501.86,94292964.99,31301012.81,-4944259.86,312219547.46,147151113.56,147415773.06,2021-04-28
1945,688613,奥精医疗,67784897.36,105.502145294819,168590954.34,36.303301493,28854599.73,15626045.93,38080365.77,594479.19,107309401.75,74447094.35,74551670.45,2021-04-28
1946,688606,奥泰生物,78419418.13,38.97916648343,241335531.91,31.0256033888,91018250.23,17111959.16,15997606.4,-1190341.16,163585208.08,88106262.64,87951085.52,2021-04-28
1947,688595,芯海科技,42802300.18,52.367972619022,258406413.72,17.8343775356,142650821.44,8008995.34,23442652.6,275651.62,227003401.95,43020939.77,42956073.51,2021-04-28
1948,688578,艾力斯,-397502494.06,-308.139384538818,629723.72,-86.3695155787,270433.8,0.0,232215381.97,5626515.11,401933982.73,-381284568.03,-397502494.06,2021-04-28
1949,688566,吉贝尔,112914539.88,16.87,542519478.27,11.87,63888464.57,275052142.45,34897880.46,-421865.98,414788048.07,130056045.86,129784417.19,2021-04-28
1950,688536,思瑞浦,70980244.01,904.817926172117,303575905.57,166.4665948281,123226400.4,17777721.96,19152590.16,204991.89,235633381.99,70417982.13,70571143.47,2021-04-28
1951,688529,豪森智能,34108593.34,21.22745367368,1050895995.17,28.6371002483,755887015.78,28331736.99,136996100.45,27711573.52,1022317476.83,45414997.98,45565199.51,2021-04-28
1952,688528,秦川物联,44229460.13,-0.315389504661,244940478.43,20.8439790647,137496903.13,25142233.33,15393621.91,2010540.14,204924534.94,48905039.67,49345913.94,2021-04-28
1953,688379,华光新材,59322342.36,20.006891222745,767413781.73,14.5255895638,615428326.55,12458039.58,22723101.82,15742097.07,704107656.41,65778112.88,65595946.37,2021-04-28
1954,688336,三生国健,229295166.61,-37.971494652669,1177391804.15,3.0769933514,145968280.92,367868350.23,214721876.49,-30074762.54,981205170.45,259834217.15,229231445.74,2021-04-28
1955,688316,青云科技,-190103000.55,-27.194464684577,376821958.15,33.7380707975,329682851.31,75669437.82,98620722.23,-4624956.98,569818474.76,-192946501.02,-190966529.68,2021-04-28
1956,688133,泰坦科技,74117903.64,23.681192878679,1144096948.96,23.6044748066,870807834.23,96738732.78,41571632.16,7415187.72,1056999922.52,84005225.08,83868116.41,2021-04-28
1957,688126,沪硅产业,-89914508.46,-902.4,1492509837.86,47.7080963954,1275416103.24,67269000.75,174824377.07,72842254.04,1680340089.6,-72774403.62,-73266586.82,2021-04-28
1958,688123,聚辰股份,95106151.48,24.95,513371895.61,18.7832298365,304032397.19,24378482.71,29112835.78,-5286957.45,410609255.43,99954837.83,102254170.77,2021-04-28
1959,688113,联测科技,61599433.61,68.838363581179,315834762.25,41.3661577962,190425828.86,12752994.1,14518603.28,-103667.24,239270859.55,71200915.18,70436659.81,2021-04-28
1960,688095,福昕软件,74135678.73,92.621183256915,368954743.05,31.3532705778,19099728.75,147379417.02,63218344.54,4000623.85,291823061.91,80596337.92,87841331.43,2021-04-28
1961,688080,映翰通,51766413.06,11.22,296652506.71,7.3143366289,144429500.55,48670549.88,19576023.03,-1374339.14,243972433.0,54564265.85,58743015.78,2021-04-28
1962,688079,美迪凯,77139198.87,122.218731403239,304001935.16,-9.0637403034,155696963.91,9635587.81,20843070.46,5528302.24,226796638.07,87139410.4,86908319.67,2021-04-28
1963,688069,德林海,100424171.73,25.15945955153,296879606.84,43.0159528756,143913858.29,1016391.24,19836934.92,-160446.91,180587715.34,114511397.78,117725322.66,2021-04-28
1964,688063,派能科技,144114184.41,217.018139828705,819849198.51,92.4413660454,516249790.91,35196450.53,42655058.51,-1133302.1,656793789.01,164738619.09,164333442.97,2021-04-28
1965,688056,莱伯泰科,61323603.3,2.52017486807,380518492.49,8.7024216125,204293602.31,56284002.5,19737523.76,-1800489.14,307260775.41,73513753.66,73662268.51,2021-04-28
1966,688055,龙腾光电,245100260.59,-15.095866404112,3848623414.21,3.3111055658,3192935103.68,68473781.32,123458382.97,34170077.34,3702893154.95,253304493.92,258041792.63,2021-04-28
1967,688002,睿创微纳,202065859.84,61.44,684656330.91,78.2473074519,339484867.28,22797311.19,38217276.36,-26577862.28,489678932.39,214641868.3,222711352.31,2021-04-28
1968,605338,巴比食品,154719930.52,7.930105985634,1063973236.73,7.4491589215,711734870.62,95800672.26,75690221.85,-15729061.56,878932427.89,189189548.57,208136155.53,2021-04-28
1969,605333,沪光股份,101358089.91,0.15477074197,1631793203.99,8.0496293928,1363053194.74,22935597.47,58514812.16,22562776.22,1550404030.24,108728645.28,111844533.72,2021-04-28
1970,605288,凯迪股份,215849950.77,-17.44396779025,1221603705.42,7.2889389492,769574415.13,82042725.56,62649202.8,-5251723.34,979730463.99,252860516.28,253432867.2,2021-04-28
1971,605286,同力天启,114390983.46,-2.203773584148,1511833926.95,8.8232967123,1227344472.78,41095281.6,51565055.67,11536848.35,1383957097.51,131730514.39,133002626.9,2021-04-28
1972,605188,国光连锁,114470492.89,33.867048526211,2527154570.9,10.1898427102,1888449544.35,388404429.56,87286911.93,8561848.67,2389683176.26,149271750.38,154967766.34,2021-04-28
1973,605183,确成股份,269804019.94,-0.394949744106,1191139549.59,1.1924954061,720311576.68,69173743.12,48053622.03,-12373664.26,890718956.96,307640673.54,317694507.92,2021-04-28
1974,605151,西上海,95469590.41,3.269804829755,1222534369.33,-4.4695496413,983166295.17,10860656.03,70931554.5,5207813.2,1097304476.1,126520045.22,127475724.59,2021-04-28
1975,605133,嵘泰股份,158299363.04,36.544993380022,990872197.71,12.5807238867,645060333.48,24979681.37,80885426.27,18639467.55,815428375.07,189113590.62,190389695.1,2021-04-28
1976,605123,派克新材,161905354.54,48.506800235458,884428349.15,35.419106659,596529155.13,32544379.27,33079345.81,1803287.73,699286113.19,186485900.81,188115019.25,2021-04-28
1977,605122,四方新材,233005540.8,61.945650210684,1525576954.27,5.0629289971,1101223714.17,6534503.94,68708913.63,30046236.65,1217980044.89,272827462.42,277286143.83,2021-04-28
1978,605118,力鼎光电,181216988.54,-9.392259808387,465487295.61,-11.5751822247,225513748.5,10147205.81,19801967.81,-6232035.78,274410416.71,200158876.4,209116585.89,2021-04-28
1979,605001,威奥股份,235702719.44,11.348727438911,1609241235.88,6.5093363229,1003736867.13,107322524.16,122948311.33,29274733.23,1357133521.42,267428213.92,268063016.91,2021-04-28
1980,603980,吉华集团,434476475.88,-38.19,2634304591.28,-9.6359013658,1810656170.84,49530798.52,246905645.77,-48150115.37,2189617381.14,525226440.86,525153515.31,2021-04-28
1981,603969,银龙股份,166106051.17,10.42,2646502741.11,13.2181198787,2190610671.47,103978698.83,58554413.38,27922068.53,2463895940.83,207997935.07,206760120.34,2021-04-28
1982,603968,醋化股份,221019211.27,10.03,2257560214.28,11.3093159728,1765953330.01,49992130.13,111616771.28,-4209179.58,2004573079.79,269148117.49,259500980.07,2021-04-28
1983,603966,法兰泰克,102639715.76,55.69,1105857749.8,44.7966155536,797226548.76,65994462.15,60708437.35,7961050.44,976850527.27,133289304.36,133942768.52,2021-04-28
1984,603960,克来机电,99994728.35,53.49,796302410.43,36.5359666231,561063065.01,8218772.11,41085502.92,-99569.24,664571416.5,136507261.93,139968993.1,2021-04-28
1985,603958,哈森股份,9461917.28,115.169649805209,1235692550.74,-8.3095661627,591146047.39,540805136.77,58451416.67,-609981.84,1212740842.25,11351819.56,9946576.48,2021-04-28
1986,603949,雪龙集团,99883550.1,9.298468332859,365306580.13,14.4210395778,172168135.15,32403086.81,26482935.52,2561082.25,251789814.29,118597552.97,116734477.17,2021-04-28
1987,603948,建业股份,142533492.22,-27.850269832106,1675654229.15,-8.542298736,1368654687.3,61074462.2,44237042.33,-1482753.74,1533178135.91,151453555.44,164201284.51,2021-04-28
1988,603939,益丰药房,543750303.03,30.58,10276174734.9,48.6591095492,6267593245.86,2681261368.13,438622712.08,38474915.09,9485875418.35,815468219.95,814295752.69,2021-04-28
1989,603937,丽岛新材,115649851.06,0.75,1338012289.5,2.6866466706,1133399120.5,20244039.8,26269482.62,-3575717.91,1204138827.5,148845499.25,150580852.09,2021-04-28
1990,603933,睿能科技,30122991.74,-73.47,1477855379.39,-20.2445586622,1248666490.13,91339224.25,57452210.2,11182867.61,1469761620.88,24250266.32,23679730.11,2021-04-28
1991,603915,国茂股份,283759082.76,30.13,1895725969.13,7.3073591065,1347786942.34,109383905.68,45472992.16,-8083318.74,1577558918.41,318144446.89,327467251.7,2021-04-28
1992,603901,永创智能,98557063.42,32.85,1871162280.91,13.3417503054,1324161093.09,201660620.55,91336272.7,8363847.18,1741607584.23,116211785.24,115844920.9,2021-04-28
1993,603896,寿仙谷,123895326.51,15.09,546758533.4,6.9032120283,85406820.31,233652586.57,79109020.25,-2077794.23,440483531.85,127774424.96,124994244.17,2021-04-28
1994,603895,天永智能,-40278585.11,-211.52,469936252.12,-7.1391173599,369103008.78,20419526.93,33400014.33,134459.12,465195592.9,-52084394.1,-52349872.58,2021-04-28
1995,603883,老百姓,508711909.0,16.94,11663176229.0,23.1450351099,7745503599.0,2514222640.0,554833038.0,66606876.0,10930653758.0,765068200.0,770384159.0,2021-04-28
1996,603861,白云电器,159239332.27,-6.14,2860963457.53,11.0703631827,2200127514.2,245378878.6,140679702.83,49787045.12,2761112632.93,182325236.67,182402179.1,2021-04-28
1997,603858,步长制药,1945997173.47,3.05,14255454959.92,4.3228177125,2389145565.57,8080617876.59,805361565.33,117214089.54,12120120529.2,2428951123.45,2414712959.95,2021-04-28
1998,603828,ST柯利达,37283730.72,-36.13,2287030202.21,-4.1179046474,1918533808.94,19748424.1,112421991.91,35675326.89,2169216350.96,45638647.57,45743033.2,2021-04-28
1999,603818,曲美家居,82155263.7,239.09,4279355737.8,47.9908840482,2414030300.37,1060110423.78,375349906.19,231250470.16,4189901144.46,107082405.57,104455489.01,2021-04-28
2000,603779,威龙股份,-25865056.5,-150.086920048939,667257781.35,-15.3221927428,302330584.46,242861564.13,48603048.63,25724793.65,678783821.86,-10223086.73,-14467529.27,2021-04-28
2001,603778,国晟科技,16775024.17,368.450648842363,360253921.19,2.1168540829,287766663.03,3418671.81,48759224.25,-24598.15,352922131.03,24047433.76,24208836.09,2021-04-28
2002,603755,日辰股份,85272803.47,22.15,285653542.82,20.2657786398,142197861.68,18837447.32,21243379.12,-5450122.82,189264722.72,96613381.17,99722684.38,2021-04-28
2003,603697,有友食品,179051977.81,0.48,1007993036.76,-8.4432313204,658654478.85,109323115.11,44703914.33,-9325443.59,818425436.16,205640495.31,211140527.93,2021-04-28
2004,603687,大胜达,105647086.81,-25.25,1266362023.72,-1.4795995806,1038206286.32,61420929.38,48722173.0,4396419.19,1206566896.64,111181270.91,111368777.15,2021-04-28
2005,603680,今创集团,395589708.39,-10.49,3752829082.49,16.250840542,2557150685.21,246845646.81,337312632.01,79410514.67,3447806880.42,421159536.0,418895033.88,2021-04-28
2006,603678,火炬电子,381438432.95,14.49,2569393412.72,26.9245601543,1744144269.12,131282147.11,141031067.18,26216793.97,2114488962.18,469918732.59,469534130.86,2021-04-28
2007,603676,卫信康,55677786.19,-24.18,740963155.21,-0.7184083089,393621427.25,202150504.43,67217999.22,632147.54,700665224.79,55221857.51,65932651.17,2021-04-28
2008,603665,康隆达,50065422.15,-40.09,986827444.97,8.99399168,701715242.33,76883067.64,75209969.17,3637726.09,898006271.14,60931033.63,60038772.79,2021-04-28
2009,603662,柯力传感,183088874.87,30.02,740456071.73,4.3751950971,421346701.46,56283533.88,62646820.97,-6284126.12,583650760.95,195493133.1,214165725.5,2021-04-28
2010,603648,畅联股份,118384372.77,-17.07,1295315707.58,5.0337473909,1037907043.17,30196133.95,88125567.78,-2326312.66,1184418518.95,139702808.63,144986817.17,2021-04-28
2011,603639,海利尔,315784848.62,-14.05,2466784002.17,12.5632306293,1677541496.0,169418743.99,160083474.13,-11312397.77,2123516857.5,365428896.49,359911995.75,2021-04-28
2012,603630,拉芳家化,49628701.22,-60.97,964849667.93,0.0736640508,431301969.22,414321548.31,43242608.35,-18298669.03,918641540.73,52002304.35,55052837.82,2021-04-28
2013,603628,清源股份,-56255263.69,-326.21,1250053842.36,30.025389373,935174135.27,58992065.94,80437032.46,70549285.38,1164724454.6,-24882281.82,-53397963.14,2021-04-28
2014,603619,中曼石油,17224943.95,-42.52,2462904760.89,77.2207315318,1955454859.89,50069187.66,171345266.56,68695510.9,2349696267.14,109896118.23,114184726.98,2021-04-28
2015,603617,君禾股份,75044537.17,9.09,672713235.95,5.5591731898,497781126.12,28923466.3,39823550.12,-2485373.75,591363777.96,87771422.7,87255158.99,2021-04-28
2016,603599,广信股份,505652658.28,7.8,3110364091.99,9.2519194979,1998182671.76,110518530.75,337010413.59,-15813401.8,2608854298.45,571301233.19,576195914.61,2021-04-28
2017,603587,地素时尚,624368493.68,8.75,2378416518.59,13.2334159545,594530718.33,798904736.45,144582955.27,-59413923.67,1569256995.01,801718446.37,847524343.59,2021-04-28
2018,603527,众源新材,92774943.28,-0.84,3223651511.0,0.4486414199,3024313218.64,30734140.37,17237889.23,3139995.07,3116759554.76,105396948.93,111213884.88,2021-04-28
2019,603520,司太立,170331965.66,81.83,1308841635.36,46.9831085513,749661135.16,10032005.2,119408946.92,92387552.69,1062649774.21,230317131.75,221898317.26,2021-04-28
2020,603499,翔港科技,14807746.2,-69.19,325155136.59,-9.0334851582,264904003.75,18613558.68,36179879.75,-2457224.65,333753077.18,4843137.87,13194641.44,2021-04-28
2021,603456,九洲药业,237793378.5,51.32,2016815853.61,8.3013965474,1314199989.97,43198022.86,255866101.61,6673868.6,1736159865.26,285437492.94,286921160.23,2021-04-28
2022,603439,三力制药,133081547.59,20.454838118885,883782738.08,22.3489289001,298756083.66,393941719.34,26825717.86,-1499051.4,729400489.29,154596468.79,155794403.51,2021-04-28
2023,603387,基蛋生物,339672020.51,36.08,968204285.14,41.0886422003,263413699.31,174102634.47,63222636.49,-1838751.98,614469266.78,398913235.2,395970333.51,2021-04-28
2024,603365,水星家纺,315536407.02,10.69,3001990191.1,10.412397154,1873916187.51,583300496.01,126505579.96,-8817200.72,2662564604.99,349554283.39,373045522.87,2021-04-28
2025,603348,文灿股份,71034496.45,-43.28,1537710088.22,-5.0891607882,1170401857.7,67748092.39,89442813.31,37400739.88,1441962522.68,77375092.28,76939731.84,2021-04-28
2026,603321,梅轮电梯,39590249.05,-21.04,736956590.28,-0.0897809779,552813453.57,71273241.01,43761788.77,-5419565.19,696268740.15,49404713.55,46642408.34,2021-04-28
2027,603316,诚邦股份,31533296.47,-43.79,906922538.28,17.573924788,717666167.35,,94248599.69,16263196.22,864128502.21,34236738.41,34150738.41,2021-04-28
2028,603306,华懋科技,236793465.92,-14.34,985719428.67,0.2498491239,634836652.01,20986333.1,48079143.78,-13463109.45,743605233.5,277423208.61,277474035.57,2021-04-28
2029,603301,振德医疗,156890061.6,20.5,1867727915.16,30.7148529884,1268821323.38,187910040.59,169166880.17,25089307.24,1714563108.08,200333183.49,199236831.82,2021-04-28
2030,603277,银都股份,297349411.49,19.73,1725525901.36,16.1566073938,949887061.6,290450221.99,134998915.35,-7191729.95,1435128619.86,353954494.06,355094667.64,2021-04-28
2031,603268,*ST松发,28406911.65,-24.5,580368752.36,-1.8029213506,384074421.51,44666250.61,50668873.95,19441020.2,534978780.3,48544330.36,45524566.13,2021-04-28
2032,603256,宏和科技,104242513.99,-38.6,662674768.89,-19.888623458,413041634.95,15100073.26,73260502.54,155459.2,531835156.47,114777934.25,118559106.26,2021-04-28
2033,603229,奥翔药业,56386592.46,28.55,307914615.4,26.2539872406,148470066.19,8992397.74,48875077.94,-6869604.83,249476038.54,61108985.26,60601968.58,2021-04-28
2034,603208,江山欧派,261285123.87,71.11,2026631378.18,57.9757835054,1373691497.81,174429353.17,73558160.61,-1921582.08,1712426250.48,309949616.44,303992932.5,2021-04-28
2035,603188,亚邦股份,-199066508.16,-223.22,1420863302.39,-31.551719272,845693695.77,35756383.65,626468378.14,20282396.02,1605905972.88,-301036790.16,-314617015.74,2021-04-28
2036,603110,东方材料,52528390.7,60.16,412719653.89,5.1729997416,255644494.73,40709309.32,34143763.08,881980.25,353906509.84,61143916.97,61117215.31,2021-04-28
2037,603106,恒银科技,-40543741.83,-148.64,1021328110.31,4.2844919372,754796369.12,221659574.58,47326371.93,372100.01,1121624708.12,-55665138.34,-55615064.77,2021-04-28
2038,603081,大丰实业,236203576.93,2.7,2140753443.63,19.246802145,1451659227.17,109896185.94,149159462.51,21076752.95,1827555273.04,273686533.46,273000669.03,2021-04-28
2039,603080,新疆火炬,87033614.41,-5.45,573707478.83,47.4710923458,349030946.58,50027040.36,28970453.04,8966151.2,442988260.31,105864162.39,105993027.8,2021-04-28
2040,603063,禾望电气,66340512.43,23.49,1786258128.4,51.1970494879,1135991144.79,186130983.9,167540955.81,6084225.79,1658809130.08,93018157.97,95312058.0,2021-04-28
2041,603045,福达合金,73178765.05,26.54,1563779136.33,17.9781158485,1354372961.33,13879138.66,58049344.42,28748801.93,1509595649.17,68583764.86,80012516.31,2021-04-28
2042,603028,赛福天,14365072.83,-15.06,631847761.16,15.435100244,515397248.2,19237297.57,48726859.18,6325921.47,617701676.66,17058796.14,17293536.48,2021-04-28
2043,603025,大豪科技,254546096.17,-31.12,972860763.09,-9.4772065763,521296626.2,48876848.24,50979174.26,643539.93,746344920.53,287332026.02,296942339.16,2021-04-28
2044,601900,南方传媒,733104601.33,11.87,6525318524.76,16.577265606,4599904964.82,738521474.43,629344662.15,-7073225.64,5994197222.76,732504724.2,746728886.65,2021-04-28
2045,601860,紫金银行,1417092000.0,13.03,4675227000.0,10.5368282554,,,1388101000.0,,3035072000.0,1640155000.0,1651907000.0,2021-04-28
2046,601858,中国科传,465098337.86,9.56,2508101675.59,12.7339564809,1746182493.77,134556641.79,244486669.61,-106745602.09,2035354132.14,445503108.01,469740198.62,2021-04-28
2047,601799,星宇股份,789911876.84,29.38,6091798416.53,20.0575017885,4627673539.15,139762325.29,155009762.98,4090207.8,5189609914.94,948033618.42,948310973.12,2021-04-28
2048,601778,晶科科技,723067461.69,-19.22,5344853796.36,-24.43,3396487809.75,47574515.51,293846678.86,955659512.17,4719196752.52,822577970.29,781510259.99,2021-04-28
2049,601606,长城军工,100429383.53,2.48,1498764959.65,4.7738729614,1101319928.79,39598278.04,174859642.22,7844576.66,1418261294.51,111780727.52,111156086.95,2021-04-28
2050,601577,长沙银行,5080248000.0,13.43,17016938000.0,22.0654931064,,,5227660000.0,,10532676000.0,6484262000.0,6450422000.0,2021-04-28
2051,601500,通用股份,104132874.73,-29.72,3335484683.84,-13.2938090718,2783777292.27,165298028.05,123033166.69,28102961.26,3237490208.2,109747450.73,113989989.53,2021-04-28
2052,601162,天风证券,307767555.05,1.62,3846100730.48,17.3520448369,,,2405733793.91,,3447643030.33,398457700.15,462305275.29,2021-04-28
2053,601139,深圳燃气,1057831208.63,2.61,14025273714.19,10.0764815521,11006642939.26,1092307483.2,219218194.23,181127223.81,12817446211.31,1328649837.92,1324486700.82,2021-04-28
2054,601086,国芳集团,114918448.98,-12.74,2765901220.08,-5.5116081292,2303638912.25,163093844.37,114567814.4,-2078738.31,2616324305.21,163213097.7,159500940.44,2021-04-28
2055,600939,重庆建工,459131578.06,16.44,52129896102.88,11.74,49843239777.04,10593019.96,864155922.32,534006704.19,51470735794.16,572205677.17,787351436.99,2021-04-28
2056,600926,杭州银行,6602123000.0,21.99,21408739000.0,25.5331161911,,,6146999000.0,,14100166000.0,7308573000.0,7316278000.0,2021-04-28
2057,600863,华能蒙电,1104058503.79,41.07,14477160212.77,5.3415978496,11729419587.68,,26412433.94,878607632.01,13037769638.89,1528068071.09,1527518780.57,2021-04-28
2058,600834,申通地铁,68157233.88,105.23,658916098.41,-22.9372452131,573965971.34,6208788.11,35298848.48,23338085.93,642393473.4,95432752.81,101299695.68,2021-04-28
2059,600722,金牛化工,31254712.16,-46.44,787219833.92,-17.6719396421,713235199.84,3386836.03,24774857.37,-19812060.18,727372186.52,58241635.56,58340172.54,2021-04-28
2060,600711,盛屯矿业,299759361.89,-38.604157747135,35902958481.47,9.9110349327,34624332636.62,164034041.92,354836461.02,241591067.46,35501910867.32,309419469.81,334430106.16,2021-04-28
2061,600703,三安光电,1298466700.52,-54.12,7460013878.84,-10.8120502776,5268902960.88,109170705.16,504048772.56,114291290.93,6300384384.08,1591522970.34,1590721027.63,2021-04-28
2062,600679,上海凤凰,26919016.71,33.39,974891148.62,28.0188748802,803023908.16,33991819.32,83026426.4,1895209.26,938248187.47,52049378.58,53075531.84,2021-04-28
2063,600665,天地源,424058993.27,0.87,5591345602.68,6.1570247051,4221091714.91,180996429.56,172012315.24,37491401.48,4826373245.02,703770797.03,713731901.54,2021-04-28
2064,600654,中安科,66857528.22,103.38,2893998292.23,-20.1983803747,2332395823.51,47568101.45,375874051.6,192786458.23,3018170441.41,317205926.39,7947887.15,2021-04-28
2065,600638,新黄浦,-553294937.22,-196.73,1316165825.6,19.8863426851,933407045.88,107459709.89,191287800.02,109949849.13,1416133947.96,-499049110.79,-498485702.5,2021-04-28
2066,600629,华建集团,274993613.03,3.4,7209003087.72,20.3387741931,5570034970.6,75919049.28,911837209.51,-2167892.48,6870606336.7,334201964.81,380757383.37,2021-04-28
2067,600617,国新能源,34636687.05,-24.2,10902165204.99,-2.1348898731,8892842606.27,863412232.95,475714936.12,848825450.61,11137929490.25,63381643.86,52829189.23,2021-04-28
2068,600612,老凤祥,1408010645.58,16.89,49628658012.85,13.3476186783,45426821860.51,743545577.64,489518046.04,252793044.91,47104355852.03,2462273876.2,2493168800.66,2021-04-28
2069,600578,京能电力,1371615178.36,54.75,18448793327.53,27.1324039335,15334801485.22,21003425.31,817974660.85,1557989033.5,17994042517.37,1751300896.35,1738277732.37,2021-04-28
2070,600568,ST中珠,-369497677.89,80.5,696172449.05,21.5254621349,532852790.41,50610969.39,160828818.59,-1487518.63,817587333.89,-557509777.16,-376601617.95,2021-04-28
2071,600543,莫高股份,27427427.95,0.66,177268383.93,-23.2880445447,63601115.41,60419724.83,33307122.43,-5484094.47,162170868.16,28473827.09,28096872.58,2021-04-28
2072,600520,三佳科技,-72504726.56,-1537.49451230113,258763584.39,-15.8836652358,219866179.12,17913800.14,50239466.91,209333.4,304888034.2,-77499812.99,-77682428.07,2021-04-28
2073,600518,康美药业,-4660675038.43,-1344.53,11445545810.05,-32.9300162248,9935094405.05,1119454690.25,1176535320.16,2262354380.51,14821121522.9,-3869060370.94,-4391079519.72,2021-04-28
2074,600501,航天晨光,34951033.32,121.21,3000140670.83,13.9763108248,2285089688.41,219426957.81,251247263.24,11028033.05,2953215116.63,51453933.7,55030342.8,2021-04-28
2075,600499,科达制造,119336629.81,120.275394814512,6422423250.49,5.7913763613,4932460492.58,394594277.45,476741573.95,187931679.59,6206340841.48,246500703.15,249620648.05,2021-04-28
2076,600421,*ST华嵘,3263817.98,136.548860097636,23267767.22,2220.5015289454,15607842.59,1138327.14,11909479.74,318873.39,30394532.3,-6910017.84,4874936.4,2021-04-28
2077,600398,海澜之家,3210519911.15,-7.07,21969688664.56,15.0864392758,13299871814.78,2466501167.69,1498776169.08,18125888.17,17471065511.73,4179221010.97,4224210714.52,2021-04-28
2078,600390,五矿资本,2735056700.57,21.59,16026749543.68,24.339444161,6354914702.94,43859117.44,2571976755.27,493436847.85,12390615603.45,4559022143.95,4552832294.28,2021-04-28
2079,600388,龙净环保,851029698.37,6.22,10935027561.9,16.3016438077,8503061272.6,269860847.4,577339613.99,138608670.48,10035693602.56,1003362990.22,1004265975.26,2021-04-28
2080,600339,中油工程,803757988.23,-16.75,65053897862.6,9.5655361151,59891297910.41,125223439.18,3299298387.53,-313063145.66,63533015643.47,1422489142.05,1504939665.2,2021-04-28
2081,600285,羚锐制药,294436954.37,21.04,2157052001.37,5.0624983328,489927290.08,1096874593.47,123670368.42,-2104471.74,1821377043.47,341446691.21,341283942.89,2021-04-28
2082,600241,时代万恒,-278079176.86,-59.062155841562,439164777.29,-46.0970554154,358890609.61,37649905.63,73431428.49,15348954.74,518230617.96,-416042742.91,-395427504.67,2021-04-28
2083,600233,圆通速递,1667702784.32,-12.41,31151121008.07,13.4205609307,27411329453.43,88108926.52,1051979419.91,51497950.22,28757120245.74,2264551944.63,2220217632.88,2021-04-28
2084,600222,太龙药业,44414622.07,139.639776467746,1311814818.0,9.7941935159,827452511.0,176978421.14,116093146.38,66476680.02,1254721346.66,50538450.38,47316897.75,2021-04-28
2085,600217,中再资环,401843162.27,27.11,3271586150.37,4.3247175138,2252624499.11,82427011.31,191311978.56,149464791.15,2702291988.02,492900940.03,500184544.38,2021-04-28
2086,600197,伊力特,446821094.68,4.43,2301653010.91,8.3602198776,1117472624.25,140962154.65,106646638.88,-22484272.2,1683609298.09,629326277.38,623061620.68,2021-04-28
2087,600180,瑞茂通,413361034.23,-13.06,40256607815.4,5.6720552998,37378693581.45,1822880580.76,317199493.55,505625291.88,40056756043.58,464510807.59,467394880.28,2021-04-28
2088,600163,中闽能源,192849958.76,15.47,717796479.04,10.8084925057,315599397.25,,59620637.81,84926599.36,465676105.44,257135178.36,257463934.61,2021-04-28
2089,600150,中国船舶,2028544296.76,-17.26,52657487622.2,36.8170750206,47893676499.38,434486863.01,2493133779.42,-327735168.76,53014580006.49,1362699947.67,2598479521.45,2021-04-28
2090,600132,重庆啤酒,1042891480.71,62.61,10212411086.04,3.304779436,5015903565.89,2284221239.75,523914756.67,36191414.0,8687979032.01,1626790489.33,1795045177.82,2021-04-28
2091,600117,西宁特钢,95685183.5,104.68,9846270397.04,45.0857827685,8433183040.86,285115426.22,188356735.04,632838115.69,9701117172.49,137593678.49,130406626.89,2021-04-28
2092,600113,浙江东日,136071112.57,30.0,498371052.15,19.2478104873,270085360.6,16079812.32,44498259.38,403526.9,338164391.86,181333542.58,181483504.12,2021-04-28
2093,600108,亚盛集团,77754063.77,-4.86,2839122490.26,8.9332888729,2298547694.74,59815926.4,250932799.89,135564162.92,2764501968.62,57958756.44,73904705.24,2021-04-28
2094,600100,同方股份,297696651.79,107.673035254405,23040436214.75,-7.2183850221,18083886736.35,2352266858.56,1486200544.23,1214741103.13,24362164756.85,810812985.6,798498353.68,2021-04-28
2095,600079,ST人福,842544886.94,134.000214707937,21806605804.72,18.9096764797,13188497154.49,3997483240.59,1344020605.7,873057264.28,20149914073.67,1840164282.74,1779438736.7,2021-04-28
2096,600076,康欣新材,390033818.85,-16.59,2012628533.65,-12.0936002836,1264158714.51,89491952.59,190509397.73,115044600.53,1707814318.65,399602804.38,417756976.35,2021-04-28
2097,600056,中国医药,981345845.12,-36.46,35284824314.75,13.7998543428,28809477758.9,3438647571.63,870350545.82,154140008.93,33494518288.26,1689389051.32,1692705993.53,2021-04-28
2098,600055,万东医疗,168884369.26,10.14,982372019.19,2.9168678306,521895142.66,145361309.97,70304809.47,-21049782.13,800506317.82,188852491.98,191156629.91,2021-04-28
2099,600020,中原高速,1460148730.75,82.79,6386265797.93,10.5648454929,2859003500.13,30292807.28,146298647.44,1536554712.55,4758962736.98,1910807005.95,1923990478.1,2021-04-28
2100,300973,立高食品,181398198.27,246.784396278967,1583729454.67,20.5775511297,930126554.95,308411622.51,70953356.26,2281792.07,1365378898.17,226219388.04,225609610.18,2021-04-28
2101,300971,博亚精工,72659986.32,45.136361992725,295621646.03,11.3795552035,135514656.27,22626708.36,39668664.94,1065896.23,228602435.06,81193057.35,83181683.89,2021-04-28
2102,300970,华绿生物,120671631.53,116.34215117312,575423257.0,45.9857068034,417249982.61,4024178.55,26107922.63,5438908.1,460690936.66,120808420.84,120835462.46,2021-04-28
2103,300969,恒帅股份,65228201.69,25.554336600578,330985178.79,2.7933824264,201722227.38,16658506.25,23036699.41,-429997.77,257347210.51,75076871.23,75713157.33,2021-04-28
2104,300968,格林精密,118111138.21,63.273887305395,1233451029.89,15.7197088071,918977735.65,19845475.26,55354608.08,-3313583.09,1079103796.55,132802238.82,132337264.84,2021-04-28
2105,300962,中金辐照,58309261.54,11.062912692778,253259661.68,3.9272255386,109769042.37,19048619.55,33240209.93,4655344.13,187142790.58,68718647.44,69092044.79,2021-04-28
2106,300961,深水海纳,95952886.32,42.039316607577,564274752.7,42.7415427933,373572673.49,17104749.87,38865788.91,10119129.47,456598113.14,107597463.99,107340049.09,2021-04-28
2107,300960,通业科技,74213981.14,43.019641940159,389284496.22,8.2663031006,205215756.22,36797626.5,32940407.85,1395378.38,316923018.59,83863870.39,83696253.51,2021-04-28
2108,300941,创识科技,100186982.16,50.539026946765,542116698.42,33.1120253501,378816787.51,14161227.62,13464274.58,28685.95,439028540.39,114773285.81,114817341.58,2021-04-28
2109,300938,信测标准,74653547.28,11.455803322526,300701300.84,12.7650046819,110537423.66,55157352.32,36906507.31,-1084991.84,220657868.95,87467046.97,85855688.97,2021-04-28
2110,300935,盈建科,65881527.02,27.278950677148,171631520.42,23.230379603,1310217.16,67847500.95,17351450.35,-1049771.9,115508506.68,70667520.46,70652618.65,2021-04-28
2111,300932,三友联众,100666713.9,32.435044363651,1108843802.05,17.6247806497,816950824.55,57849664.63,59946425.23,5750378.4,989474584.75,112502708.05,112244010.09,2021-04-28
2112,300882,万胜智能,75275421.42,16.507681535651,567912490.62,10.3223756132,407585713.64,34962947.23,20855802.91,-1031784.67,500898518.29,84378439.58,84674697.06,2021-04-28
2113,300864,南大环境,109887031.04,81.608628420086,423454925.43,37.0796842646,233186691.89,2816178.09,36229163.04,45599.08,303729503.59,131473402.24,130917689.6,2021-04-28
2114,300808,久量股份,79136116.45,-11.12,879602396.23,1.3863444958,669212039.58,38724420.79,29232497.89,7211481.11,779303376.9,96884691.35,99012618.3,2021-04-28
2115,300805,电声股份,220486351.63,14.64,3235535962.7,24.2075676097,2603492410.77,214588588.37,99734159.13,-3981419.19,2943896653.99,288946725.22,296220756.76,2021-04-28
2116,300803,指南针,120384616.0,-5.85,622973286.0,7.8376223966,90152384.0,305389543.0,46502870.0,-13329901.0,518829779.0,143754433.0,143761182.0,2021-04-28
2117,300785,值得买,119029332.17,24.35,662029241.06,30.4250062685,188199220.45,150446942.46,83859750.3,4041286.18,543838332.96,129776169.64,129801253.59,2021-04-28
2118,300781,因赛集团,52633493.6,-19.85,392668484.97,-7.2684184156,233685780.59,71902169.29,27386327.65,-2319717.82,333829610.05,62563583.87,63431468.76,2021-04-28
2119,300770,新媒股份,395682794.75,92.83,995995779.68,54.8587362281,451530381.32,50964328.49,56547434.38,-13149519.48,595957118.92,398282929.31,399753014.6,2021-04-28
2120,300769,德方纳米,100147773.61,2.07,1054087723.12,0.0416341221,829795228.4,26504222.17,46010038.98,10860187.95,967779723.41,116999108.55,114174854.13,2021-04-28
2121,300750,宁德时代,4560307432.71,34.64,45788020642.41,54.6304082955,32482760512.62,2156553541.51,1832673929.87,-781621299.53,38954702306.61,5758793258.1,5760764564.25,2021-04-28
2122,300731,科创新源,49408605.83,11.52,305983661.78,7.0332262081,177951032.47,28023494.76,54990278.55,1638463.01,284733515.38,47361199.8,48692414.48,2021-04-28
2123,300712,永福股份,73142052.32,-0.53,1440375320.79,109.9781971896,1168433448.46,31771714.07,70838727.4,9784114.45,1318657397.38,86277086.9,87371031.34,2021-04-28
2124,300708,聚灿光电,8144337.9,-60.02,1143205479.89,104.6119143721,995714239.61,12852125.3,35871372.03,26749895.83,1121740733.96,7959921.97,8162477.66,2021-04-28
2125,300706,阿石创,14643652.35,-47.2,316627884.06,23.6964550789,254973190.04,10528030.49,13937285.13,7149074.32,303002042.76,15585501.78,15353258.01,2021-04-28
2126,300679,电连技术,180786681.2,-24.63,2160692368.07,61.0877423577,1579478965.54,82410324.1,123222717.75,-24233229.94,1979357284.69,195066861.16,193969479.15,2021-04-28
2127,300673,佩蒂股份,50007138.25,-64.36,1008308858.53,15.9879924077,756558387.55,68907948.19,106078897.2,-4744830.74,955756439.71,58070866.15,58745538.46,2021-04-28
2128,300672,国科微,68127799.38,21.29,542885153.46,35.6847402657,288463467.37,34686895.21,58098025.77,14021554.44,516193551.45,63635829.28,63643829.28,2021-04-28
2129,300667,必创科技,33325914.04,-29.59,365252919.74,73.6052157569,253982641.49,31843455.82,25387545.12,1024794.77,343601651.68,29209893.77,30779748.36,2021-04-28
2130,300656,民德电子,36165935.83,-32.32,305372201.35,11.2172219813,200615613.44,17795222.45,19411134.84,4750195.3,260760193.76,42674690.5,43024198.3,2021-04-28
2131,300647,超频三,11631848.58,16.75,535534119.3,4.300801613,324413094.98,37333812.34,85571511.9,22541851.03,503409479.99,18671195.61,19237196.97,2021-04-28
2132,300616,尚品宅配,528398840.9,10.76,7260786804.8,9.2605817878,4242679823.95,1971734035.98,335128831.04,-2323340.82,6739863698.39,624160860.87,621520367.37,2021-04-28
2133,300609,汇纳科技,68454202.08,4.43,324798323.54,30.3541634108,121001150.55,55977593.94,58043907.24,-751268.81,284132390.37,66248325.01,73411890.82,2021-04-28
2134,300599,雄塑科技,233792367.26,14.63,2020912002.54,7.9060017771,1499371411.0,94980359.72,67949960.85,-4530787.13,1734455220.52,291803045.07,290372491.01,2021-04-28
2135,300591,万里马,23998807.09,-36.51,675535587.07,-2.5762950279,465463159.59,98737858.75,29984870.69,21404622.19,652852268.49,30318632.74,30934571.2,2021-04-28
2136,300589,江龙船艇,34042556.72,9.35,550702759.19,17.33249569,445801914.23,16878734.32,32036355.22,4841410.49,524122083.22,35974525.2,37036022.57,2021-04-28
2137,300586,美联新材,90111800.23,42.37,1260236641.03,115.8981945238,993516369.62,45828065.39,63386356.93,21787614.79,1180385916.13,105880886.39,107039689.51,2021-04-28
2138,300572,安车检测,188698641.05,50.6,972674678.37,84.299879521,562096065.58,103426938.02,78583649.37,-4542690.22,802361402.52,209673723.75,214892528.26,2021-04-28
2139,300568,星源材质,136153838.9,-38.71,599741666.13,2.7854608925,348943020.08,36624882.0,86426182.14,37030088.67,553833101.6,62407846.15,159369043.93,2021-04-28
2140,300552,万集科技,871546755.73,13152.74,3351207660.45,384.0956508494,1814551684.98,189884040.22,122439963.91,6255963.85,2307346677.92,1006680198.76,1007593709.47,2021-04-28
2141,300549,优德精密,20975794.64,-57.2,353521069.74,-7.1984698311,251178354.96,27633412.06,32838409.02,5621825.31,334527644.15,24372631.57,24353482.24,2021-04-28
2142,300547,川环科技,112506592.41,-17.96,576570899.55,-5.5368922931,412566483.32,32117905.59,25302161.75,-3221671.29,493277900.31,109593781.37,125568903.82,2021-04-28
2143,300546,雄帝科技,121724764.24,12.87,706190812.82,17.6087607472,363217707.26,73737847.88,53377671.39,-6732977.71,589678962.49,136008320.11,136180591.15,2021-04-28
2144,300545,联得装备,80865296.21,-5.17,688637361.01,3.7742535199,451930788.52,37611607.93,38004895.32,12522445.24,611658640.26,87039827.31,87979984.61,2021-04-28
2145,300542,新晨科技,55286886.21,44.09,1084248623.96,32.3562232968,840750573.9,32417831.94,54336589.33,4743964.62,1008420357.29,79445343.46,79529582.49,2021-04-28
2146,300522,世名科技,73651739.82,9.56,371495243.82,11.5355585458,219576107.05,20680927.48,27303568.73,-2844729.04,295260877.29,80951227.22,80894654.42,2021-04-28
2147,300518,新迅达,-225769171.13,-2322.27,215563253.83,-47.513504501,131929309.15,25127626.16,29621612.53,9144401.94,220682389.91,-245742330.45,-200343129.34,2021-04-28
2148,300512,中亚股份,108656286.76,-41.71,858139604.75,19.4869659455,540327170.44,68649507.87,67599094.04,-5256830.59,728641816.21,123194032.97,123958211.97,2021-04-28
2149,300506,ST名家汇,147892511.9,-53.16,1252031928.05,-4.1833612916,663756932.54,82669597.76,123149184.71,976833.07,932833929.22,205483878.73,206980061.8,2021-04-28
2150,300494,盛天网络,52587988.18,-1.6,660724957.07,33.0018254431,468525126.95,55979956.99,34539858.7,-5567981.63,610524653.52,64138112.32,63164571.61,2021-04-28
2151,300479,神思电子,19838646.08,92.09,470389564.7,16.0045598108,284475491.55,59315878.33,46893686.53,6458311.37,454753647.42,36511487.08,36398361.01,2021-04-28
2152,300474,景嘉微,175966098.05,23.67,530787249.45,33.6262295179,171058344.4,29983041.35,62396514.09,-36210015.23,352679254.98,187723123.96,187129337.52,2021-04-28
2153,300470,中密控股,220845973.44,29.57,888344185.09,26.0814598515,408158655.45,94286007.78,75171440.79,-1856456.42,625467485.68,255126905.15,257019887.93,2021-04-28
2154,300467,迅游科技,-1186213568.77,-50.09,483662652.5,-33.8336561027,101888636.48,141232333.85,97273501.91,2733375.5,447300504.02,-1519951684.76,-1145239350.87,2021-04-28
2155,300463,迈克生物,525262640.01,18.06,3222956019.79,20.0219745656,1552946414.01,565048758.81,151428022.02,65108603.81,2501319557.19,695838181.01,693170770.2,2021-04-28
2156,300459,汤姆猫,-2809092332.65,-435.37,1943031921.37,-32.8252416664,550364051.7,212284164.44,389116776.86,148844424.46,1533616602.71,-2752979771.66,-2765512793.79,2021-04-28
2157,300447,全信股份,137083622.19,154.29,625449612.49,-3.4787375972,319177216.06,38292520.11,83035905.45,4902999.79,525617633.06,-95985614.18,109497802.11,2021-04-28
2158,300444,双杰电气,-629097917.37,-433.39,1701250776.83,-10.7023802081,1291593568.82,180082587.65,111762654.75,39739013.71,1728006907.79,-966184602.81,-967183942.92,2021-04-28
2159,300440,运达科技,130203913.33,23.62,689812652.5,32.7610645485,352841250.86,54587446.89,101137577.22,-884159.42,595100560.26,141860895.75,142278103.17,2021-04-28
2160,300438,鹏辉能源,168260315.71,-36.46,3308448046.38,28.7982553865,2522845017.89,141957316.08,120090053.39,24571673.18,2945043774.91,202247516.26,201412007.17,2021-04-28
2161,300429,强力新材,150605926.09,2.76,863906732.57,16.888904143,521831888.61,37797480.39,73757285.84,5170838.38,706847844.34,172620846.36,172998991.69,2021-04-28
2162,300428,立中集团,597370821.5,11.92,13664501693.57,-4.8521880066,11827701215.93,393551921.97,267591518.94,119466111.08,13072880240.83,804346445.92,798240614.81,2021-04-28
2163,300418,昆仑万维,1295120698.77,28.73,3687883695.82,3.0947629572,758876683.97,1035328067.62,595336960.58,137524338.43,2821896029.07,1478463091.46,1483027574.39,2021-04-28
2164,300410,正业科技,-924566419.1,-5564.24,1045970416.22,-26.8032928471,754235115.8,135718656.32,122261336.52,22516363.65,1163805054.95,-962811171.64,-954285747.81,2021-04-28
2165,300409,道氏技术,24001010.44,-89.09,2986416006.02,-15.7314816271,2212427773.36,120044523.63,188856550.97,103422616.08,2777357633.86,14027228.23,19519737.18,2021-04-28
2166,300399,天利科技,18790370.3,-25.15,565299336.97,63.0782209017,487952006.41,3541250.35,36862152.7,-576731.04,545737041.69,34570778.15,23820649.72,2021-04-28
2167,300391,*ST长药,-669698127.69,-756.64,725310882.76,-17.6739536941,543739963.35,64090003.35,119076726.29,20706985.84,803177700.13,-680955500.33,-680228524.01,2021-04-28
2168,300384,三联虹普,183693975.0,62.42,841115469.48,35.7644800908,517489751.79,23777839.05,69330223.61,3904413.77,672998758.82,212628456.07,214856189.88,2021-04-28
2169,300383,光环新网,824590767.43,23.54,7097172610.23,17.8312921985,5568455829.67,66065987.5,172313546.37,112685563.81,6183014227.6,916926739.16,918799092.82,2021-04-28
2170,300377,赢时胜,136436981.53,-23.26,655579978.11,2.5785435091,176858866.95,24790133.21,70902340.55,1288823.42,571069365.97,121581777.01,121589820.75,2021-04-28
2171,300357,我武生物,298296581.56,28.09,639352853.82,27.6804055929,22852631.56,223702265.85,30165264.92,-24064368.34,297097454.62,343374907.52,345716182.52,2021-04-28
2172,300350,华鹏飞,-528846850.73,12.13,591305408.24,-38.0164644814,450896186.4,17424859.07,72875659.91,12726411.67,604391073.68,-480491284.55,-477078947.48,2021-04-28
2173,300331,苏大维格,100887607.89,65.45,1297169218.28,14.4184851046,927655705.31,71782457.26,70771476.35,14982963.48,1172634403.78,119779320.31,119458960.26,2021-04-28
2174,300328,宜安科技,103093785.19,90.2,1025084238.61,3.9846082464,808945648.32,59013561.62,82620371.37,1683672.52,1016873409.95,45664181.44,96989128.35,2021-04-28
2175,300317,珈伟新能,-1075029845.88,45.97,840958962.88,-50.2252563557,571150434.73,114580202.03,178248834.79,119672523.42,1030983734.58,-1037685632.4,-1078015904.21,2021-04-28
2176,300293,蓝英装备,15396164.56,-4.73,1430195069.82,-17.2080661091,1062259280.11,168419413.53,127161999.33,40406216.5,1449897964.46,10476468.1,15647004.75,2021-04-28
2177,300292,吴通控股,68871373.39,105.95,3540630641.64,16.5943168726,3008804336.7,92712601.65,170155356.54,31312347.93,3434924296.3,110938648.08,103790892.13,2021-04-28
2178,300268,*ST佳沃,-126415213.87,-615.300576143712,3427737434.19,77.8394206124,3093048493.7,139216181.33,146126619.1,232778679.68,3649398482.58,-211023756.33,-215797339.03,2021-04-28
2179,300267,尔康制药,158755199.47,-25.42,2744341005.69,16.5579874399,2033184219.62,258837033.21,208601188.32,-19966827.42,2551693702.56,181390470.3,172601405.88,2021-04-28
2180,300252,金信诺,71367520.29,-45.76,2676902821.09,3.2350086854,2289827089.51,117721099.08,152300340.96,77435898.79,2774013163.67,73131353.27,78797630.21,2021-04-28
2181,300236,上海新阳,210318991.39,3059.82,640985708.54,14.5378567813,433160853.45,41347339.81,72475175.39,20036.52,610773939.65,263912841.87,263090969.24,2021-04-28
2182,300232,洲明科技,529909161.22,28.54,5604258795.37,23.8691645455,3906468822.91,573444837.14,230748555.76,31121488.79,5009864784.43,599877730.58,615517461.24,2021-04-28
2183,300230,永利股份,263628568.1,-32.03,3263291435.97,-5.4028364621,2348127761.68,197231563.73,253631649.37,5297151.99,2929351750.89,361841894.3,360213882.37,2021-04-28
2184,300213,佳讯飞鸿,153131877.93,17.7,1339490849.55,10.1144881629,827659904.45,116752106.02,105823686.35,19958063.58,1177573965.41,168490152.35,174862001.3,2021-04-28
2185,300198,ST纳川,237198119.22,159.73,808282748.57,-28.7406689708,632104620.72,102343770.45,91744375.96,33681351.05,897153647.46,335157410.33,335705127.19,2021-04-28
2186,300192,科德教育,80521303.01,187.56,958818504.66,-0.0690096249,558924167.16,81744730.45,80373418.47,22251011.54,764850123.5,195613514.76,195735925.88,2021-04-28
2187,300191,潜能恒信,26178396.51,-9.72,174530530.65,59.886787177,58801653.12,,68973964.54,-8179852.52,125389604.15,41511761.71,41200376.22,2021-04-28
2188,300189,神农种业,-329317069.35,-1713.09,112458427.26,-34.5773971238,136734187.12,39011150.06,70281285.12,-474529.47,253371883.63,-332665172.99,-337052124.01,2021-04-28
2189,300187,永清环保,57623833.82,134.04,676209657.92,-29.3850057775,500688346.59,23460207.92,118048675.43,15404478.58,684049006.35,66160140.19,62005002.06,2021-04-28
2190,300183,东软载波,197763941.28,10.76,828133524.08,-18.273718018,406470112.69,79045137.54,75881821.94,-41626801.33,689994839.38,224951922.49,224890930.98,2021-04-28
2191,300172,中电环保,142921087.24,16.91,906881007.7,13.5874754562,637491508.06,21386870.63,82354234.89,7141712.67,799287319.71,166248325.34,164329676.54,2021-04-28
2192,300166,东方国信,503461121.58,-2.86,2150466272.93,7.729187398,1050684407.54,131070175.41,145705251.84,14487403.85,1618615346.53,536848382.28,544400108.1,2021-04-28
2193,300155,安居宝,71835708.58,163.37,924120718.5,0.5681204552,554498255.19,118752502.25,61770447.02,-12944698.69,823836523.51,88299365.74,86536582.67,2021-04-28
2194,300153,科泰电源,3302027.33,-81.7,1047590309.86,-20.1031897493,837104166.96,86385112.08,78597403.2,15530794.92,1048871002.4,-69673180.18,-448200.59,2021-04-28
2195,300137,先河环保,262648290.96,1.24,1374326135.32,0.0164464614,700014430.25,150648883.19,149771589.27,-5999011.19,1069282569.55,301608646.85,307033869.67,2021-04-28
2196,300132,青松股份,453164927.98,13.19,2908117124.29,104.5706463003,1999377720.44,85527798.76,108444704.17,19767233.27,2332124233.31,554603190.14,553162803.19,2021-04-28
2197,300131,英唐智控,28565412.05,-79.68,11950287044.34,-1.3523046707,11065684863.52,202261532.25,187645031.15,233157685.48,11744373928.73,143406885.89,142998215.94,2021-04-28
2198,300115,长盈精密,83823834.12,117.92,8655207884.12,0.3435820541,6804145835.02,130244122.0,542694894.83,138287730.28,8530091120.05,-102644972.16,187403774.08,2021-04-28
2199,300111,向日葵,-114928936.87,89.78,836610095.8,-7.0661665696,695577647.22,21368909.46,105025299.4,30324047.34,878337673.99,-72415338.79,-89086692.69,2021-04-28
2200,300099,尤洛卡,64087356.05,-34.24,471866245.3,5.762606501,250769528.53,54008079.05,64576605.25,-6847058.01,419336381.99,68108446.41,68364398.58,2021-04-28
2201,300097,ST智云,-696157923.85,-667.77,303145104.21,-68.9368716372,249933187.17,67064589.82,71562757.2,17247199.73,469752375.52,-724801166.38,-728665999.6,2021-04-28
2202,300062,中能电气,26211893.89,56.76,920632508.6,-7.5340104443,681707807.98,84235823.08,86419438.03,34415869.87,927399819.91,25091569.79,22779204.12,2021-04-28
2203,300058,蓝色光标,710446746.52,82.66,28105717717.39,21.6488745805,25599725356.47,804348242.19,857919673.08,140396743.91,27455678276.61,942437654.24,945398331.14,2021-04-28
2204,300055,万邦达,74617232.42,182.58,840125824.51,-36.5598255413,551763159.7,33726088.97,97328288.76,-66147911.6,658192468.78,31827798.96,19131818.19,2021-04-28
2205,300049,福瑞医科,43385849.43,22.5,831739342.39,-4.0702181985,233688391.3,222962089.15,165588630.1,55853.09,694791525.6,127137427.74,126641735.26,2021-04-28
2206,300035,中科电气,151195427.16,15.99,929090421.49,50.017814389,559841931.8,49562722.08,62947161.13,21674846.9,755452742.71,171301956.39,171644667.68,2021-04-28
2207,300025,华星创业,-213755509.8,-2054.88,1046948302.01,-23.2401838666,916071674.94,34053718.97,62267786.45,38894280.02,1105566469.62,-188986423.44,-190925769.59,2021-04-28
2208,300020,ST银江,150042583.64,462.75,2079504434.71,-13.8307065646,1596541427.28,45839747.88,135043762.3,47642587.39,1923887092.03,160448053.74,169335424.45,2021-04-28
2209,300003,乐普医疗,1725306191.17,41.57,7795529386.34,22.6424729647,2165195359.98,2171677428.76,585996118.86,279873016.38,5842886015.48,1961251705.32,2063255554.12,2021-04-28
2210,300002,神州泰岳,-1474177938.37,-1937.04,1777248241.56,-11.9936998906,622059363.56,600446792.59,667472127.11,36251751.62,2176838137.88,-1456076868.51,-1458755263.77,2021-04-28
2211,003031,中瓷电子,76415947.2,30.209458054741,590417854.8,45.0558227726,413193231.79,7663369.16,29938703.82,-1897794.91,513073991.7,81683432.62,81734566.49,2021-04-28
2212,003026,中晶科技,66896871.05,0.624850010537,223533897.66,-11.8252031096,118597975.77,4830773.1,17097455.07,2124318.55,151767103.58,72327818.29,75431250.02,2021-04-28
2213,003025,思进智能,80629479.79,5.373622357587,326326513.21,-0.7181906725,195612508.1,20095039.34,16176274.41,-2665058.37,238775687.53,96222158.75,95764442.85,2021-04-28
2214,003016,欣贺股份,242222998.47,17.75711374541,1965209791.05,11.6532919965,497579342.39,899109659.78,75165074.26,-11351558.53,1543295683.08,329790967.82,328866765.01,2021-04-28
2215,003011,海象新材,138322611.86,54.423796348688,858773055.16,9.5697317355,574919686.13,85484374.28,23541098.04,11075472.52,727880306.05,151271056.85,155264004.29,2021-04-28
2216,002995,天地在线,99046529.25,15.341107953773,2392881269.93,2.0537282809,2115759472.53,93529033.75,27659879.57,24602.44,2293564232.05,114824956.85,118279087.07,2021-04-28
2217,002989,中天精装,183234026.5,84.053332843505,2339629603.19,71.656348889,1963049597.12,18691695.13,78255559.56,10538053.44,2091929091.2,212265389.33,212231917.22,2021-04-28
2218,002976,瑞玛精密,85785034.78,0.93,609897588.4,2.7832088938,409440296.44,16604209.56,40659617.91,-994984.53,495052337.26,110096705.79,111894459.01,2021-04-28
2219,002972,科安达,123899827.73,30.22,320820617.99,19.3572769104,123956677.52,14956376.35,26562212.29,-1261030.4,186493840.91,141052905.38,144137422.44,2021-04-28
2220,002953,日丰股份,108436238.74,-6.18,1539539280.34,-0.9171777751,1261509457.8,55383016.65,53510058.79,10652748.95,1435038678.66,110561114.02,115004560.15,2021-04-28
2221,002928,华夏航空,502237458.23,102.96,5407112960.26,26.9263478779,4711958634.04,234429984.32,185827654.17,224299092.87,5366481472.14,543101174.8,583806844.44,2021-04-28
2222,002913,奥士康,267511958.49,11.98,2275989133.58,1.8401019813,1665143413.82,101744935.7,146249359.78,-7151661.45,2014130040.09,300536370.41,300821763.52,2021-04-28
2223,002907,华森制药,169746081.43,23.57,842064017.61,19.7107923479,307084573.99,290789087.2,44061151.23,5912838.91,680417629.56,198261630.5,197991857.35,2021-04-28
2224,002900,哈三联,177184368.25,-13.91,2102061189.57,-3.2430249115,509921640.6,1153617926.65,131436105.62,-1755540.19,1931130858.56,228809494.16,228223014.04,2021-04-28
2225,002897,意华股份,43919372.4,-43.5,1622538946.55,16.9253594319,1211478891.86,82474777.49,92423717.78,12127453.3,1555840996.93,39951223.14,40245165.2,2021-04-28
2226,002888,惠威科技,26160244.6,-7.32,274816055.36,3.0742191112,174662178.54,26647329.2,28761675.18,-1295944.12,254340226.22,24722450.83,28693056.62,2021-04-28
2227,002881,美格智能,24453253.08,-47.59,932835034.88,-5.7578566921,746069455.52,21104177.84,30042185.79,804631.57,886779739.53,18998948.26,18828099.62,2021-04-28
2228,002860,星帅尔,131396533.59,37.71,708198952.1,73.07801372,487181029.7,13805223.45,54389931.07,-4192728.67,587704085.95,227269231.43,226575184.16,2021-04-28
2229,002855,捷荣技术,56280694.37,91.9,2778984353.55,26.1482191232,2361308880.08,32932919.8,222019712.98,17649785.08,2735772863.91,43065729.93,43346713.52,2021-04-28
2230,002849,威星智能,65176790.92,3.41,1074105621.01,36.2131949833,740735036.01,129357567.02,49122358.88,6850.28,974897567.58,118472271.93,118205048.72,2021-04-28
2231,002835,同为股份,31234065.42,686.9,636044012.31,4.3036168528,424596752.97,44560283.69,27084093.54,1393808.83,610277516.92,31268124.21,31159919.5,2021-04-28
2232,002831,裕同科技,1044942379.42,10.51,9844874986.15,14.7656237985,6888836619.17,472319401.22,658715085.28,144120927.05,8670530051.43,1273080717.9,1263227770.57,2021-04-28
2233,002826,易明医药,37328950.93,47.81,553255391.08,13.1924278462,370921727.52,111457392.03,36514698.97,2154227.5,533947669.39,47703654.78,47737277.67,2021-04-28
2234,002822,ST中装,247609110.28,48.19,4859107862.49,17.2085149557,4019530007.49,46374647.51,120538867.3,91561895.0,4459119606.17,312049532.25,298327904.22,2021-04-28
2235,002817,黄山胶囊,39130702.48,8.8,325557296.04,10.4671547491,207724351.73,45306454.64,28640128.2,-6008923.29,291279165.19,43142342.36,42792119.79,2021-04-28
2236,002792,通宇通讯,25214174.44,-43.24,1637984252.5,29.4999649965,1216956540.42,134970414.79,111044562.64,-40040600.29,1568465897.08,48021401.61,44633337.16,2021-04-28
2237,002789,*ST建艺,21955318.63,-76.19,3014873284.15,1.729668169,2552098125.44,18120428.22,48869895.99,118359471.21,2849285608.25,39086690.74,36610834.18,2021-04-28
2238,002788,鹭燕医药,255888916.51,41.9,15008876118.81,30.5018557018,13839484235.23,322602124.48,281977903.35,155664473.45,14637229269.12,346131125.24,344075768.74,2021-04-28
2239,002783,凯龙股份,49975533.86,-38.88,1891371944.18,1.4026344851,1199156059.91,211349088.36,167300239.23,46666442.86,1701085484.24,151646049.43,153016688.92,2021-04-28
2240,002773,康弘药业,718190268.93,3.35,3257430097.82,11.6535170609,263849428.62,1567507125.82,403149945.01,-30741139.84,2532169041.32,820752643.53,835179496.94,2021-04-28
2241,002755,奥赛康,780959203.28,16.55,4518631692.41,14.9228793322,336211362.34,2791309380.11,171236101.83,-23782288.94,3643894560.06,871997566.17,887933239.69,2021-04-28
2242,002752,昇兴股份,53455695.21,25.29,2549482502.25,21.5020274698,2205253924.79,89995658.07,148836115.34,58546153.26,2530072276.15,32793269.82,60144051.58,2021-04-28
2243,002745,木林森,491697241.48,-31.74,18972686221.3,5.6864901305,13214857220.12,3114788082.41,936295113.44,687267670.04,18569700662.79,822200333.04,835624016.69,2021-04-28
2244,002743,富煌钢构,90279867.97,9.5,3739840077.26,5.8943260717,3118253218.19,35820324.13,114408698.03,121570782.99,3546244019.78,97526157.81,98346426.92,2021-04-28
2245,002723,小崧股份,39069431.57,143.26,1000817902.93,20.507566114,845916022.08,26651294.93,49559153.05,6834922.94,968678804.75,37885589.96,37993623.81,2021-04-28
2246,002713,*ST东易,-249262814.87,-198.66,3798966067.68,-9.6214272808,2491257392.43,798422322.24,349312297.63,7291949.43,3834538339.33,-179266918.09,-166116881.25,2021-04-28
2247,002705,新宝股份,687342701.21,36.73,9124532014.7,8.0550946039,6965150752.37,470256829.69,536565678.32,-1582823.36,8369761642.57,784363289.76,795253799.53,2021-04-28
2248,002700,万憬能源,70138159.5,0.55,518740042.38,25.8977495484,374943534.55,37635286.5,34098204.74,-17152960.9,437842720.56,82660215.04,82477514.88,2021-04-28
2249,002696,百洋股份,-285697910.57,-441.98,2844133734.97,-13.1308831856,2251122847.1,207498553.46,229358430.56,39092794.37,2799173748.32,-641860692.33,-281409200.75,2021-04-28
2250,002685,华东重机,356977389.75,15.96,13687189035.15,37.5929600327,12907566942.74,111756813.24,90235949.67,31715528.56,13215895668.73,427368625.46,427930805.87,2021-04-28
2251,002663,普邦股份,-1045864847.9,-2545.2,3090611048.04,-18.787149668,2806718470.49,16142042.42,128028440.37,85444810.83,3153890106.9,-1072496066.5,-1077662360.39,2021-04-28
2252,002659,凯文教育,37954335.04,138.75,794733846.86,228.6818584402,551260489.5,20100505.83,87926265.89,59322296.18,727541808.11,43520314.11,72174453.0,2021-04-28
2253,002651,利君股份,178276343.5,49.73,687836952.17,33.1459121682,383248334.14,45666996.59,74360344.09,-12989717.36,514350998.7,206392365.8,210055062.48,2021-04-28
2254,002642,荣联科技,35607167.93,102.44,3256586981.87,19.1053890618,2725151999.66,108021659.4,186088117.9,19325007.31,3185356478.19,27838370.07,29993173.96,2021-04-28
2255,002625,光启技术,114985210.75,63.02,481282342.41,3.7795012493,314145463.28,21580691.46,95066590.71,-99077611.11,398997870.44,128446971.04,128412397.45,2021-04-28
2256,002588,史丹利,108305321.89,-43.55,5780872877.92,1.5403707026,4908980088.04,353553616.73,216371720.03,-297753.17,5684086977.58,117384503.65,117211966.72,2021-04-28
2257,002574,明牌珠宝,57787877.96,-36.8,3429497764.91,-16.2217708896,3008725204.98,246107371.94,54666326.13,-1830530.42,3331409561.82,130256494.28,129143244.21,2021-04-28
2258,002549,凯美特气,89217721.01,-4.94,514527438.04,1.9755265235,273776228.1,62971458.51,63184901.91,6390080.87,442733331.35,102955557.31,107221940.42,2021-04-28
2259,002548,金新农,140531369.06,148.935284731536,2400007144.16,-14.3045592703,1839329968.13,93813993.53,217292417.08,69445038.45,2275877136.25,230035769.34,173134605.44,2021-04-28
2260,002544,普天科技,36596623.17,165.57,6226206733.6,-0.6713241394,5103203857.98,232600343.08,222200098.22,82393252.82,6016468032.54,79789314.77,79874207.51,2021-04-28
2261,002530,金财互联,-679068948.1,-333.32,1262451044.1,-0.1296418227,817057056.61,59161897.62,159483055.09,4081006.35,1110063890.88,-636402071.8,-628446686.8,2021-04-28
2262,002520,日发精机,176297041.49,16.82,2160047660.75,9.7097065307,1389761674.98,130877138.2,252903707.93,77154739.8,1950105178.29,221511831.59,231090420.32,2021-04-28
2263,002508,老板电器,1589814847.8,7.89,7760581855.53,4.5212359383,3548777745.04,1928259172.35,284364115.17,-83410491.25,6044077772.58,1871755797.76,1871530474.58,2021-04-28
2264,002457,青龙管业,156839940.44,112.53,1999236209.2,38.2030955769,1296191502.69,213945048.56,192397856.7,15310221.77,1773883968.09,202249270.41,199422057.61,2021-04-28
2265,002432,九安医疗,66449143.6,423.77,706276406.49,25.2528963425,502936772.27,108457732.69,173663812.66,1106257.14,870102635.19,20536320.63,18381536.94,2021-04-28
2266,002429,兆驰股份,1119538561.06,154.77,13306157255.71,3.3512757512,11338917443.52,417947382.96,191815805.94,-142859754.77,12167511566.44,1319651242.14,1235278254.94,2021-04-28
2267,002422,科伦药业,937855128.0,-22.68,17636267044.0,7.8552671373,7022556594.0,6550305225.0,951143512.0,572462588.0,16607270133.0,1276876799.0,1256293926.0,2021-04-28
2268,002418,康盛股份,-542337848.28,55.79,2007637162.45,-31.2057233181,1784836598.37,76607854.63,158326542.41,121252288.16,2199618239.6,-509899842.94,-539031391.47,2021-04-28
2269,002409,雅克科技,292643145.28,120.2,1832385178.37,18.4171316224,1151797904.0,103019546.37,216918827.73,-7407641.92,1539698197.21,380994418.92,379911108.65,2021-04-28
2270,002403,爱仕达,128838723.68,-13.35,3542141915.03,8.7305372021,2244107539.24,759938435.33,201290066.28,45939833.05,3453498281.56,125542808.56,125862018.05,2021-04-28
2271,002400,省广集团,149487578.92,-19.6,11535693013.64,-4.7797767646,9793810290.23,534858902.19,254233408.95,29921145.2,10938770376.25,268142699.04,280328007.23,2021-04-28
2272,002397,梦洁股份,85389617.58,1.19,2603609857.53,12.8035190927,1532985046.36,712682086.42,63818193.54,26311660.98,2448664905.04,124300467.5,122560358.31,2021-04-28
2273,002386,天原股份,78756850.57,-49.25,23103208447.27,27.4788256847,21701456135.19,348722430.06,446595934.31,279755322.21,23017705717.28,115774043.58,89690444.26,2021-04-28
2274,002382,蓝帆医疗,490295086.01,41.41,3475614154.78,31.0010120567,1854869877.49,561594327.71,208029399.64,77777402.72,2925150028.86,568271218.06,576296230.54,2021-04-28
2275,002351,漫步者,122793352.67,130.01,1243145579.53,41.1276105381,804293137.76,100984069.74,57901343.87,-1981879.03,1054689009.78,156245170.19,155573094.08,2021-04-28
2276,002337,赛象科技,10892368.52,47.01,531347713.7,16.9596535312,352655142.31,56355444.04,62602369.23,-6745992.34,514435407.21,11159069.07,11520875.25,2021-04-28
2277,002335,科华数据,207163887.78,174.06,3869308154.6,12.5804352356,2669188496.66,403448196.96,169283322.29,71010306.26,3558043125.28,250208062.09,239501609.11,2021-04-28
2278,002333,罗普斯金,48998697.91,132.0,711438973.51,-35.498144151,658444400.21,68755564.25,41029794.0,-1595161.24,785988504.82,38864138.01,37322409.75,2021-04-28
2279,002332,仙琚制药,410368585.97,36.17,3708545530.97,2.3963748179,1463332163.62,1127255251.99,284001437.54,64384103.7,3178705741.41,543395099.69,527297088.54,2021-04-28
2280,002331,皖通科技,168576777.26,59.3,1459618234.55,16.8283178005,995654923.81,51481843.71,127430840.66,-3107915.68,1267568161.39,206854823.93,206570421.39,2021-04-28
2281,002316,亚联发展,-148345871.43,-248.31,4208455220.64,6.9907779151,3062448724.21,302637805.73,452291848.61,45190639.9,3989875898.15,14162431.79,10406573.67,2021-04-28
2282,002309,中利集团,54624929.58,118.97,11825098015.72,-42.4365298066,10021300687.22,527813413.36,585272565.94,656006910.03,12288882180.04,245009044.39,216047717.54,2021-04-28
2283,002298,中电鑫龙,284714313.3,62.91,2755676412.1,12.2037032869,1815273030.54,252496743.35,167021876.73,22952324.56,2411768622.53,335607113.12,334664285.57,2021-04-28
2284,002291,遥望科技,150456832.74,3260.82,2070341169.96,36.9526323858,1071466771.12,479429763.12,112774648.71,72023625.81,1805892339.49,173059420.92,172385478.16,2021-04-28
2285,002277,友阿股份,316636079.37,-30.18,6266034411.0,-13.4811422189,5011035609.39,454666844.95,488505603.35,189654562.66,6259727969.93,306998069.19,309937550.81,2021-04-28
2286,002227,奥特迅,11289190.78,8.53,338925537.06,-3.8882028714,225985696.58,42324022.76,36169831.63,3530285.21,340108796.13,10738589.59,10270853.59,2021-04-28
2287,002224,三力士,131289827.8,57.89,946118174.95,2.940779111,614253326.82,44559261.07,76950424.01,-5122655.02,777668152.19,156024544.29,155993920.42,2021-04-28
2288,002201,九鼎新材,28021927.27,50.62,984321532.5,-8.0968685477,730656352.84,70420850.98,57916616.04,54276060.35,961583771.98,32552050.38,36579887.91,2021-04-28
2289,002173,创新医疗,-1149993756.95,-3975.01,872197431.92,-17.6310446519,803096833.67,11107923.5,135510149.72,14472347.88,970366631.38,-1064607222.64,-1150427884.29,2021-04-28
2290,002150,正泰电源,152705188.75,26.03,1471671921.63,9.3590859622,1057138555.64,59132029.77,110473988.44,-9583450.7,1236198405.52,243439958.33,239616442.17,2021-04-28
2291,002146,荣盛发展,9120373466.99,20.57,70911900243.97,25.8025511958,49578236079.81,2244760821.19,2269931798.83,916709640.88,57516023973.42,13296930305.18,13051110750.79,2021-04-28
2292,002128,电投能源,2466494732.75,21.55,19155000719.21,7.8089084458,13929533440.1,60321458.94,401941202.06,491807579.92,16028864208.34,3254974202.22,3217097301.83,2021-04-28
2293,002121,科陆电子,-2375936436.52,-94.78,3195325075.74,-15.7200145253,2254144993.61,406332809.2,290807352.52,447025280.48,3727942243.57,-2372636498.41,-3029519481.2,2021-04-28
2294,002096,易普力,23866449.4,5.06,2521573968.65,15.9953248845,1819920967.44,181719066.71,343017226.83,32499197.06,2459904887.48,53318200.45,41481258.99,2021-04-28
2295,002090,金智科技,98424016.65,5.13,2015012663.69,18.6487775162,1476324073.61,130486122.83,123800052.74,60347743.29,2001727984.14,83071912.41,103189327.86,2021-04-28
2296,002082,万邦德,294522916.19,86.76,16691270123.31,10.1817840332,15256550855.94,442126675.38,224562318.48,55252828.21,16162932536.28,516609040.96,512063142.39,2021-04-28
2297,002077,大港股份,-475332738.29,16.67,932396471.69,-44.8267829585,973570297.76,27927997.45,76840927.84,137121016.19,1267991824.88,-499439914.48,-496208361.36,2021-04-28
2298,002076,*ST星光,-601399318.42,27.89,353529640.2,-37.5463983483,245204199.98,48104021.34,76673858.68,45095424.36,446732989.09,-472738168.0,-602406505.37,2021-04-28
2299,002073,软控股份,78048598.05,124.95,2865379106.77,3.7805154731,2178514423.11,105163087.37,274312131.02,91693875.36,2837299713.96,71724879.57,68923090.58,2021-04-28
2300,002048,宁波华翔,981111216.02,34.07,17093435579.76,14.5129109789,13669762436.88,485990764.61,860477975.51,26661030.5,15687663572.62,1482812892.99,1511888705.8,2021-04-28
2301,002047,*ST宝鹰,208903667.25,-26.73,6676833260.14,-2.6107305522,5581604800.19,27941958.73,131170279.5,221181425.15,6190428056.71,225212832.42,224163737.48,2021-04-28
2302,002035,华帝股份,747765364.19,10.46,5748057618.6,-5.6930195439,2973934773.95,1522371059.32,174975217.7,-5274402.52,4937695066.6,816490725.08,844313598.86,2021-04-28
2303,002022,科华生物,202475418.8,-2.55,2414471289.3,21.3171963128,1352754313.01,403723545.92,239104573.7,23342925.0,2097070790.51,332252898.43,328762536.04,2021-04-28
2304,000995,皇台酒业,68213656.28,171.44,99046292.56,288.6701111324,24764955.57,9833656.84,18914949.55,18678111.48,90881071.2,55835378.93,67991299.96,2021-04-28
2305,000948,南天信息,59178171.08,-20.85,3303367428.19,18.8345808989,2529217333.79,198656918.09,138002353.93,19153093.96,3205615370.41,92488338.15,92166224.47,2021-04-28
2306,000906,浙商中拓,536271746.4,75.3,73463914005.88,16.0680861401,71831749868.05,297295285.96,329740239.73,389051824.52,72900810650.98,761368300.58,764623170.26,2021-04-28
2307,000893,亚钾国际,41435599.36,935.13,605438216.5,43.8016125982,358688129.0,48998865.16,74120897.97,-5487150.31,516671646.19,94470830.88,93792635.38,2021-04-28
2308,000886,海南高速,62362068.82,-62.45,173901168.58,-62.3476896324,71750514.99,11888996.1,85347452.93,-15861200.59,169483961.24,81511779.88,86276788.75,2021-04-28
2309,000869,张裕A,1141367296.0,8.35,5074025899.0,-2.1631263509,1877658738.0,1088305385.0,311904656.0,35302229.0,3589100805.0,1540216269.0,1547603020.0,2021-04-28
2310,000858,五粮液,17402164190.16,30.02,50118105877.14,25.2007706636,12802259947.34,4985579336.77,2655347148.09,-1430745865.74,26123144090.12,24245799837.73,24106012043.53,2021-04-28
2311,000831,中国稀土,85894407.06,-15.61,1647285150.02,78.1218364058,1463652274.61,7056958.13,64907265.49,2311633.99,1555270764.83,91609767.62,105397586.74,2021-04-28
2312,000799,酒鬼酒,299495662.8,34.5,1511902797.7,27.3842204425,336366813.51,383878342.87,146515323.45,-10534298.13,1107118171.99,399961449.58,400947984.44,2021-04-28
2313,000782,恒申新材,14182891.11,-61.97,2986546203.12,-21.680587287,2837813537.61,87139627.04,94035248.81,29382778.0,3066870660.27,43018247.12,45072349.44,2021-04-28
2314,000777,中核科技,135758936.11,31.82,1265879384.1,3.2266642359,960806789.96,126584189.19,102588258.19,7525817.55,1251941095.92,126046390.11,129103273.92,2021-04-28
2315,000761,本钢板材,555646971.4,-46.39,52741353582.28,5.1004154986,49211414645.62,1096688903.7,831945841.56,681842689.23,52124252623.88,655718706.75,575815427.4,2021-04-28
2316,000729,燕京啤酒,229783922.28,27.76,11468484011.65,1.0993598144,6988600408.17,1475040219.61,1295109391.8,-26649991.15,11050495386.66,420587684.92,421740011.42,2021-04-28
2317,000717,中南股份,1823535650.26,-44.85,29143183753.1,7.4899065935,25609859025.25,268294003.99,171486742.76,151214412.05,27377126878.1,1950360457.94,1941632478.71,2021-04-28
2318,000713,国投丰乐,57228862.54,7.59,2403955879.24,24.7417958186,2018182482.99,159848289.14,95498954.08,6848754.92,2317362247.07,73759631.04,74291932.68,2021-04-28
2319,000697,ST炼石,-1548449345.11,-6406.82,1979862596.96,23.5468353536,1622121962.87,48579192.53,220792808.13,101014617.33,2036485686.09,-1568902954.12,-1548095681.34,2021-04-28
2320,000678,襄阳轴承,12264101.46,120.55,1241311236.04,-16.7340357171,1109443630.9,37415907.11,74170960.33,28279756.47,1309400430.06,11297429.0,13326982.2,2021-04-28
2321,000672,上峰水泥,2331476345.52,58.35,7412062639.19,39.7295767746,3795298790.2,133625837.71,323115015.35,62187894.71,4491861013.81,3160134557.73,3152043810.69,2021-04-28
2322,000668,*ST荣控,36647705.01,315.13,418864406.5,68.5796668147,190757888.01,5031998.99,44672987.89,18296443.78,336080511.55,99644599.5,94149731.93,2021-04-28
2323,000591,太阳能,910839861.42,5.65,5011085318.63,-0.5139736549,2600927261.93,45711380.23,197178953.64,903329345.94,3847893107.46,1049154965.73,1005186653.87,2021-04-28
2324,000563,陕国投A,581527983.85,82.03,1755654630.76,70.8941587778,,,529900030.49,,993297223.32,762357407.44,760251881.09,2021-04-28
2325,000560,我爱我家,827447871.93,31.13,11211454404.46,4.8570178026,7789754942.24,998525904.45,1081983132.24,199292883.58,10150127802.5,1163117512.98,1189413942.68,2021-04-28
2326,000554,泰山石油,5925292.63,215.69,2924590160.11,-4.969344574,2641073569.92,196533498.61,43102800.9,4838970.46,2896231143.97,22749654.67,17257193.66,2021-04-28
2327,000529,广弘控股,246132048.03,47.24,3019284993.64,20.8320191483,2310737165.81,211841377.43,202638619.37,-39413561.73,2691529757.68,346165743.52,347812895.28,2021-04-28
2328,000520,凤凰航运,32143439.46,-47.49,792432040.09,-5.7234250517,694754967.79,6433784.34,60135446.9,1695113.99,764773998.53,34387174.95,35704093.03,2021-04-28
2329,000510,新金路,62013347.09,-38.05,2319065343.95,12.0651010652,2009026254.08,34241419.73,180927354.71,13957034.41,2255731833.29,70544623.88,66582610.56,2021-04-28
2330,000419,通程控股,174425756.01,23.33,3640200904.88,-7.6114988551,2705188682.19,265276263.78,400516101.34,-1228700.9,3407086809.44,249527638.8,257369329.5,2021-04-28
2331,000407,胜利股份,133427291.24,30.13,5348283403.38,14.3822081495,4542511783.85,299122038.39,148528785.96,78185696.96,5102159819.96,286180626.92,288082254.5,2021-04-28
2332,000158,常山北明,101100814.74,-45.64,9446620387.05,-2.1694946158,8639818739.54,221155239.82,292406842.18,269340073.97,9589853091.62,99150977.01,123904069.05,2021-04-28
2333,000004,*ST国华,3099367.87,115.29,108246697.32,-70.4944394472,29215586.53,83101037.48,19807829.84,-1671417.84,133236038.86,7300522.48,6058115.17,2021-04-28
2334,688633,星球石墨,122461891.52,146.576623578176,480965203.56,14.5536666669,237432653.0,54300492.27,20305663.3,-101429.2,341854907.94,143109370.5,142743838.74,2021-04-27
2335,688617,惠泰医疗,82574919.3,283.854413625256,403963580.32,67.0839580985,117890531.52,88970213.16,33027175.71,80428.31,314651377.05,92093695.26,91355224.61,2021-04-27
2336,688616,西力科技,62181985.59,107.037768313441,425134549.91,18.5467894991,300613947.63,25028001.67,18366446.17,-1813716.15,365971390.66,72369006.29,71729293.32,2021-04-27
2337,688608,恒玄科技,67378816.54,3705.76905415071,648841600.25,96.645149183,404321344.3,8145489.89,45910684.99,-511491.1,590708417.79,68698127.58,68640217.65,2021-04-27
2338,688519,南亚新材,151123811.41,34.720699542076,1758170170.93,-4.3440177841,1433573331.36,50644412.28,32563357.69,8637214.86,1599614797.95,168865897.61,169371451.74,2021-04-27
2339,688215,瑞晟智能,44702462.63,75.838011237055,246898112.66,48.0144517336,143699871.0,18865373.01,17233112.04,-167848.69,202254208.23,52727011.17,52740051.49,2021-04-27
2340,688168,安博通,73771975.96,19.86,248731759.62,27.3284637988,85509757.21,21856233.29,22956063.44,-188528.1,171222753.02,77863373.55,82363373.55,2021-04-27
2341,688128,中国电研,252172493.84,21.88,2752397713.31,5.951226,1852159274.01,223915179.98,164083870.09,328067.49,2474104894.01,280398553.3,277378113.27,2021-04-27
2342,688127,蓝特光学,116139416.0,1.929509049587,334088516.03,-15.3480586469,154692093.76,4994882.38,21009921.27,-2847112.4,203991113.49,134834168.94,134511630.34,2021-04-27
2343,688090,瑞松科技,61097546.94,7.04,730714061.69,-0.7690989663,568560193.3,34385688.61,35966011.66,4174323.96,677709542.36,74635612.39,74521819.66,2021-04-27
2344,688036,传音控股,1793303139.99,172.8,25345929613.02,11.9229116215,18411987172.23,2859404528.78,1061438610.47,-30883176.72,23185957213.34,2195202580.61,2182106072.79,2021-04-27
2345,605500,森林包装,169894820.72,-36.891266366042,2045875933.37,-17.3696615341,1702028665.15,63473566.07,50095232.63,21204690.17,1936288350.75,193408215.09,192437908.73,2021-04-27
2346,605376,博迁新材,134305413.51,29.242763401217,480736882.56,-8.8826992402,251636107.51,4396895.78,23089978.39,3192184.38,306068582.34,167753307.77,164326922.13,2021-04-27
2347,605303,园林股份,141560002.72,23.623238812448,1488949195.6,2.875384771,1199709601.51,12424473.57,66116357.01,14065566.84,1343240421.36,154187180.76,162003685.08,2021-04-27
2348,605296,神农集团,469076168.37,563.21680681873,1733080679.6,58.7456212997,1116358745.27,27886551.87,90856432.97,10269411.21,1262428181.6,478174703.26,472254420.91,2021-04-27
2349,605060,联德股份,168863496.54,5.017187587532,682498620.45,-3.4210708094,382053455.84,30213521.53,44990113.86,-2594899.98,498309063.11,190138262.45,194097172.34,2021-04-27
2350,605018,长华集团,205514379.24,-1.498359242217,1430785961.81,-5.7681450561,1054131322.3,27546774.02,84096657.85,8817268.94,1257403457.04,210239098.33,232150325.72,2021-04-27
2351,605007,五洲特纸,199251572.42,20.500088496955,2375927902.33,10.5596260701,1920710338.75,94924431.53,41271504.68,44531932.27,2124583922.33,244328327.2,268515269.71,2021-04-27
2352,605003,众望布艺,124403474.27,38.459717279958,488366133.43,14.920157331,280774650.57,38629628.24,25864445.58,-2381648.0,368785804.38,144964838.26,145824433.08,2021-04-27
2353,603991,至正股份,-57054233.15,-266.78,461865586.09,-18.9393239519,408649048.47,24325030.26,34606646.89,16259548.06,514020740.89,-57216510.52,-57904559.75,2021-04-27
2354,603978,深圳新星,94268947.86,-24.64,1033935692.71,-6.0024372495,818167392.78,25858345.84,36927765.17,5374496.2,941002031.88,108671955.74,108570308.05,2021-04-27
2355,603928,兴业股份,132611683.84,-9.27,1289832750.52,-14.1818588442,974151102.7,67358184.37,54203808.65,2854321.59,1150221898.44,154824626.4,156422878.58,2021-04-27
2356,603908,牧高笛,40786461.22,-0.98,529393579.51,-3.9719201963,380238312.65,56780002.87,38696571.67,-1008024.38,484878005.36,52824761.4,54545772.77,2021-04-27
2357,603893,瑞芯微,204707014.67,6.53,1407725738.37,10.7664741228,843317524.02,39268957.66,77573399.71,-34230308.24,1248542621.76,203910530.44,207947382.93,2021-04-27
2358,603826,坤彩科技,146803431.65,-18.54,617005963.84,5.1520945612,342080992.45,50143912.94,33300323.34,2721854.66,455209661.04,176083791.46,172527718.92,2021-04-27
2359,603809,豪能股份,121981115.41,-24.23,927702487.88,-0.2729152355,643850374.0,27753649.78,60602373.95,6465041.68,791024741.14,147240455.1,148791750.99,2021-04-27
2360,603758,秦安股份,117972223.19,285.34,595690406.16,-11.9129715103,574203221.81,14429056.21,92541090.6,-22733785.35,704134375.51,134947555.35,133831628.72,2021-04-27
2361,603726,朗迪集团,105526617.86,-5.35,1593047741.75,1.4808492809,1200991997.39,94622355.86,73901929.38,9841206.95,1471825484.12,125532772.58,121478496.17,2021-04-27
2362,603707,健友股份,604961604.92,42.5,2469669305.11,45.2464131147,1204330185.32,358276302.46,61020202.65,16134010.79,1810228020.87,667641320.61,680365635.04,2021-04-27
2363,603693,江苏新能,253953179.5,-19.29,1484404012.94,0.7869217511,910082988.23,,85155385.11,114078126.56,1132278308.87,339487131.28,340052036.45,2021-04-27
2364,603681,永冠新材,148278266.35,12.86,2144257349.88,26.0548887624,1777521054.97,63519950.82,31120696.17,2810014.7,1972722641.18,166379173.35,166480878.58,2021-04-27
2365,603679,华体科技,94114390.02,33.41,711861581.65,35.2087384889,452427284.55,38548086.34,43789085.05,1734156.16,565271956.8,114335140.81,114007639.86,2021-04-27
2366,603655,朗博科技,22923536.35,-24.11,159977931.07,-8.2234418656,93637332.69,5244891.76,28893412.19,-1437515.9,137870414.55,27145656.59,26534051.11,2021-04-27
2367,603551,奥普科技,267631447.96,-11.41,1649820362.47,-2.0532773657,840148312.06,357019859.36,85961980.76,-12548198.23,1363514041.93,306711712.11,310695510.06,2021-04-27
2368,603528,多伦科技,153411435.4,13.65,697875264.08,26.8625146467,343324575.55,69058376.46,77131327.3,-8067784.68,533784411.56,178411208.37,176638269.82,2021-04-27
2369,603488,展鹏科技,86394964.64,16.74,371738307.7,18.2107217692,240561229.8,19102215.1,21565811.69,-466415.2,297515016.17,101465329.66,101415312.79,2021-04-27
2370,603337,杰克科技,301438637.34,-33.64,3608057401.56,-13.0902861935,2559741245.84,228884478.74,221573626.59,2788280.92,3241350727.38,356616587.87,344371680.43,2021-04-27
2371,603333,尚纬股份,103671230.46,78.82,2033545707.37,29.0967942228,1598048020.71,125358654.58,76421215.52,40619658.02,1938791042.39,104643566.38,110304170.76,2021-04-27
2372,603332,苏州龙杰,167758260.57,9.0,1623664210.77,-6.8616698186,1337424469.34,15259939.85,28549248.09,-3310922.06,1458053301.41,185297311.75,190989389.11,2021-04-27
2373,603330,天洋新材,14312950.68,-51.7,659004575.61,17.5178605903,472001122.96,61796415.64,45346053.23,11687299.85,614830308.12,30751356.41,20036021.89,2021-04-27
2374,603283,赛腾股份,122418621.78,1.14,1205512776.37,33.2962054467,664613876.78,129396390.7,124605567.58,10781111.42,1072313969.97,135670216.42,142387761.82,2021-04-27
2375,603160,汇顶科技,2317356706.02,212.1,6473254534.5,73.9518178496,2563728709.79,528121645.28,132289470.32,-5905649.67,4364736707.69,2523822023.48,2523753181.23,2021-04-27
2376,603121,华培动力,97682704.34,24.5,630721445.1,23.0162180332,397147970.93,19398778.84,80395232.1,136335.17,536547367.78,104924777.01,111361605.97,2021-04-27
2377,603108,润达医疗,309509502.3,18.15,7051950182.6,18.2352297252,5136604411.68,601182639.99,356395624.2,231009451.64,6411799253.13,676837564.93,685692935.7,2021-04-27
2378,603088,宁波精达,62746381.25,55.23,377574204.1,9.7794085562,214452030.77,37086374.48,30568691.83,-4516460.17,304401570.08,75013486.25,74549541.1,2021-04-27
2379,603086,先达股份,204618341.01,-18.49,1574570054.14,-3.748556533,1019742537.63,49224586.27,166895630.55,-5509352.08,1318377415.54,241947464.7,239134544.1,2021-04-27
2380,603077,和邦生物,516853761.62,42.35,5969100707.0,-0.6643078444,4609173124.9,289572659.56,320971744.51,64411568.94,5372375918.85,582662855.27,583753207.42,2021-04-27
2381,603069,海汽集团,49141794.23,-13.84,1044334504.99,-6.8444904342,819319529.56,8514889.04,190969907.81,-8336024.46,1025333294.69,76741765.75,75736483.88,2021-04-27
2382,603056,德邦股份,323632050.21,-53.82,25922101314.82,12.5785148645,23348702448.46,406945569.42,1804587421.42,123466959.19,25862523237.35,414409964.89,413680900.34,2021-04-27
2383,603040,新坐标,130263555.42,26.99,335654032.42,11.5668713154,122132332.72,9184878.22,37139425.8,-2218001.23,195245339.15,160430200.83,160455804.22,2021-04-27
2384,603037,凯众股份,81033061.74,-36.18,493692451.63,-10.0711762047,309337603.93,35974574.36,36198330.13,-1763410.19,415147479.02,89901112.09,93049279.84,2021-04-27
2385,603033,三维股份,222961339.72,172.17,1746775122.4,60.6106668776,1163712278.98,123843554.29,90023071.35,20892632.25,1430530942.4,288505366.78,284379720.7,2021-04-27
2386,603032,德新科技,7145045.51,-97.24,99011136.69,-41.8834701053,76374633.45,,49186433.69,-1283421.79,128262133.5,7372162.78,8292780.18,2021-04-27
2387,603015,弘讯科技,33142421.97,-43.65,600541004.28,-12.4093773218,380820265.6,33338019.48,95468557.87,2501633.71,574240211.84,35592959.75,43484646.49,2021-04-27
2388,603011,合锻智能,27310053.16,-46.92,694964965.16,-13.0002477346,438292576.3,136966632.76,64882021.89,10842413.71,709293399.48,27175410.49,29869512.17,2021-04-27
2389,603009,北特科技,-135672417.59,-337.03,1302771108.28,7.0133717296,1066051022.06,80607780.38,126626656.24,37135354.2,1374231758.41,-140831887.04,-149027055.36,2021-04-27
2390,603001,奥康国际,22497156.13,-83.57,2726480726.05,-10.4056237771,1772914078.44,458835300.27,266064179.63,35635639.58,2599852444.74,54331684.13,64742188.51,2021-04-27
2391,601890,亚星锚链,89905431.87,712.300368266204,1284082819.76,23.7655365274,947185897.09,93241147.76,91214823.76,-9562166.79,1193298557.75,103811466.17,106764502.1,2021-04-27
2392,601702,华峰铝业,183527991.85,9.439069592763,3590436563.59,5.096351015,2979219579.57,94360383.89,53065093.16,103911040.5,3392709715.5,208299704.23,207143997.91,2021-04-27
2393,601698,中国卫通,446422541.18,6.73,2734192645.93,1.4924785849,1643735837.95,52029197.69,193255698.15,-31390625.49,1952107990.32,733418177.85,806686197.49,2021-04-27
2394,601669,中国电建,7239615758.25,-5.92,348793299764.92,18.0158936587,298987115646.06,1106366674.46,11437258711.0,7510870504.47,333108399492.02,13645531059.09,13686580335.14,2021-04-27
2395,601666,平煤股份,1153319269.13,61.61,23652555273.5,13.4700975298,18748623502.76,219197841.37,707754410.53,1116827223.98,21875861303.06,1672217633.25,1715632554.48,2021-04-27
2396,601619,嘉泽新能,293209604.92,8.87,1115526822.12,4.3438126281,478451358.96,,34380960.01,291944423.86,808193141.33,307176786.71,310204213.14,2021-04-27
2397,601609,金田股份,494358774.98,17.164007799041,40984013193.59,0.831192002,39293534845.73,327254129.49,440572174.3,185617059.4,40478527985.47,624085943.66,617781953.55,2021-04-27
2398,601566,九牧王,370074793.92,-30.64,2857040777.5,4.5303256749,1235908254.72,923766075.07,204658363.75,17487088.24,2459242152.66,457276058.24,460611702.7,2021-04-27
2399,601366,利群股份,267290104.06,32.25,12441176211.25,8.9778485438,9519951277.19,1496632453.29,781052327.96,133703217.89,12028204846.56,390463288.35,440567091.98,2021-04-27
2400,601216,君正集团,2491729469.08,9.06,9804736134.2,15.7206086186,5811207438.19,369842863.81,843299105.65,213191166.99,7675805143.19,2840822200.19,2805869451.2,2021-04-27
2401,601187,厦门银行,1710853732.29,21.407649139576,4509326278.31,7.7271780769,,,1312199190.03,,2766394097.76,1742932180.55,1741630923.28,2021-04-27
2402,601101,昊华能源,290789770.2,-63.65,5532550965.24,-4.7802809266,2548735705.5,754087788.8,821964572.64,318678232.83,4762518104.69,725357953.76,680726885.08,2021-04-27
2403,601100,恒立液压,1296199825.84,54.93,5414021975.86,28.5693089891,3369400383.4,111300360.6,193157133.83,-31079364.76,3936749334.63,1486509226.48,1492824438.85,2021-04-27
2404,601098,中南传媒,1275693619.06,3.05,10260858932.51,7.1565687248,6156400319.32,1450801874.05,1253362577.87,-119247255.13,8846285030.06,1453604366.15,1438115276.84,2021-04-27
2405,601058,赛轮轮胎,1195182776.61,78.88,15127839306.07,10.545214961,11216100576.51,1014199111.37,592108026.0,251718434.18,13467772722.86,1335377540.6,1322491673.6,2021-04-27
2406,601011,宝泰隆,70410524.49,-79.32,2725523206.67,-23.460286506,2311191523.98,56249787.75,160582969.12,54731836.58,2614898412.48,135342377.76,97349057.75,2021-04-27
2407,600998,九州通,1726549479.22,28.79,99497077396.63,14.1854893272,90794651206.04,3135261329.53,1959631174.3,1234552055.47,97437042843.57,2301417853.2,2317448482.35,2021-04-27
2408,600967,内蒙一机,572042411.8,7.17,12681110311.82,3.376494778,11350055023.14,43488966.96,445791107.84,-220296429.15,12028860655.8,656637919.97,655385258.65,2021-04-27
2409,600959,江苏有线,331094565.13,-46.97,7650253644.81,-2.9768454615,5737604675.62,672936934.84,972255360.22,-86311763.74,7332618398.14,175123611.56,377230034.77,2021-04-27
2410,600869,远东股份,44899275.56,-69.7,17155391688.45,-2.0339049507,14218902269.63,1241520292.15,437491433.63,357191263.8,16628530317.27,212482669.19,205727795.29,2021-04-27
2411,600866,星湖科技,149552368.09,253.72,1049609531.13,22.1740512029,681341109.61,25124899.26,102074537.31,11555302.51,885524031.97,163101512.6,157366575.58,2021-04-27
2412,600824,益民集团,87475152.04,-20.12,1493796737.25,-0.2892208733,882537672.66,272999741.83,160569811.94,15753395.23,1368509946.35,118603959.8,119815575.64,2021-04-27
2413,600809,山西汾酒,1968933334.26,28.63,11892584392.29,25.7904319493,3167698589.76,2544234901.18,891383836.0,-102873976.34,8872041419.68,2929338262.47,2930979956.98,2021-04-27
2414,600768,宁波富邦,111604739.1,459.207497312084,517298113.0,-29.9426944,504248288.99,2052863.89,22594185.93,2400942.0,532721589.09,135109986.05,126181704.69,2021-04-27
2415,600715,文投控股,12966317.11,101.969449767828,2224147231.46,6.6150784427,1568294585.3,81936688.78,224635929.07,138046134.92,2127275804.08,80743339.21,79074994.0,2021-04-27
2416,600704,物产中大,2733856811.79,14.04,358922487226.06,19.4265570219,349245183476.32,2351238779.0,2302291364.35,896668256.99,355317302556.11,4916245601.49,4900106693.47,2021-04-27
2417,600696,*ST岩石,12385608.65,-35.56,109278519.63,-90.0723143476,69706110.95,3024922.32,13945387.53,-176471.31,88038712.73,14066119.17,16192755.38,2021-04-27
2418,600668,尖峰集团,724688055.43,23.14,3547537608.52,5.5119106028,2101510208.98,458893333.88,201435448.31,23246557.93,2888582253.84,964321710.78,954280560.51,2021-04-27
2419,600636,*ST国化,119412171.48,-78.01,1248220505.89,-24.9677412931,825515594.21,118142445.9,100911999.69,-15739687.07,1113394172.48,175884100.49,188289485.08,2021-04-27
2420,600623,华谊集团,624982289.93,-65.42,37831147396.61,-15.0200576093,34347614843.56,982390977.6,1106600039.78,296508010.01,37472927479.2,931160059.76,939614264.47,2021-04-27
2421,600608,*ST沪科,4445718.23,271.279105282085,1190078002.11,18.543712426,1176617918.13,704223.34,6497100.7,3444302.38,1188165246.17,1921131.48,4370017.95,2021-04-27
2422,600606,绿地控股,14743013139.84,29.61,428082628084.53,22.7539003983,361662154062.57,8449433749.11,11105846153.56,5430829630.16,402470184211.69,31661005303.26,30592646191.97,2021-04-27
2423,600570,恒生电子,1415848641.24,119.39,3871840010.31,18.6632956442,124779677.93,926608708.55,486151830.33,2963703.43,3147463229.11,1528253862.5,1527343218.65,2021-04-27
2424,600562,国睿科技,410196315.34,10.05,3384125169.89,11.2165486297,2482767501.47,75488806.86,102635064.03,-1318021.03,2814510658.59,552237157.75,552001934.79,2021-04-27
2425,600537,亿晶光电,-303002844.2,-541.69,3559040092.73,0.2486835851,3198430017.9,159545407.9,117816707.34,4771271.8,3608703681.25,-268572307.92,-322956636.37,2021-04-27
2426,600529,山东药玻,458687262.41,28.05,2992346751.75,15.7747932296,1887996309.97,228447697.43,177872965.42,-17012022.82,2434379271.39,586320026.69,546041716.51,2021-04-27
2427,600506,统一股份,-7724410.26,-270.6,22029368.39,-48.233857181,22333382.14,1577398.5,8228307.66,-4081138.17,28647746.33,-9317547.05,-9363655.43,2021-04-27
2428,600503,华丽家族,196500482.61,891.15,2345680408.95,506.2984354391,1109970922.22,43338585.73,125186605.46,50788643.15,1851635463.26,292862362.13,290937042.18,2021-04-27
2429,600483,福能股份,1243838184.86,18.42,9945408144.1,6.323424746,7871625593.09,46003729.43,206802991.02,426533397.92,8638082450.97,1639132189.21,1639359094.22,2021-04-27
2430,600480,凌云股份,-69838325.76,-125.67,11779255892.14,-3.857156474,9814650763.39,502834900.02,635002921.56,158708026.47,11637560228.12,179057034.11,188095205.55,2021-04-27
2431,600476,湘邮科技,-64235909.56,-4029.67,294797161.45,-5.0156215656,286563068.32,23007370.28,25784359.04,8289825.0,354419832.18,-62953172.46,-63534933.22,2021-04-27
2432,600371,万向德农,58722378.92,12.86,275377686.09,4.3529049022,143770483.26,48630237.09,18769488.21,-6016121.95,222094043.64,65306597.48,65701099.16,2021-04-27
2433,600335,国机汽车,537602088.64,-35.43,52162141217.55,-6.7283295072,48221226215.46,743176350.29,1053020776.4,221341150.17,51009982053.84,659555972.65,702471462.67,2021-04-27
2434,600301,华锡有色,6503690.97,-87.98,668526793.09,142.7109342717,652691701.52,369717.74,7789100.36,27101.17,661390989.59,6503690.97,6503690.97,2021-04-27
2435,600258,首旅酒店,884973463.27,3.26,8311103504.52,-2.6667242806,524904981.51,5401670375.39,1009393148.88,121819944.64,7139923790.18,1274341474.0,1276930737.2,2021-04-27
2436,600239,云南城投,-2778168305.02,-665.35,6248276187.6,-34.5249170486,3992000489.55,448020247.02,762204149.95,2240638580.43,8225747491.63,-3055103928.65,-3233722925.01,2021-04-27
2437,600237,铜峰电子,-152870011.63,-1704.07,822056685.8,-7.1518110394,703654017.61,46424536.47,64976278.49,16624049.56,866060782.32,-153549300.87,-153260596.52,2021-04-27
2438,600227,赤天化,-1709715926.23,-977.766796601144,2026286236.7,-16.6414101262,1539010011.9,194156358.94,140984128.01,54440909.14,2022114760.6,-1708910331.64,-1706813871.61,2021-04-27
2439,600189,泉阳泉,-1484737184.46,-3636.92,1601875867.54,3.5825059277,905222181.9,165163002.24,165215557.11,49687848.1,1326505545.52,-1403228557.51,-1422334746.12,2021-04-27
2440,600177,雅戈尔,3972408923.47,8.04,12421171432.59,28.9107796952,5602391004.71,2399281307.11,776568569.3,1154818594.54,10978291869.07,4532150742.23,4501007999.61,2021-04-27
2441,600161,天坛生物,611093849.29,19.94,3281859560.77,11.9683999939,1645729752.51,231278046.04,229352948.75,-22364826.32,2237087783.57,1047437392.38,1043448459.66,2021-04-27
2442,600158,中体产业,133217363.66,17.09,2243754050.61,5.1076687039,1462372037.01,150414677.74,252702004.89,-16118375.35,2045236013.88,219949635.96,236657216.76,2021-04-27
2443,600137,浪莎股份,15838248.19,-45.69,331056364.45,-14.5853308928,272713875.68,14650236.21,9168752.42,-1937895.88,308086142.22,16995150.07,18048319.52,2021-04-27
2444,600130,*ST波导,27916011.75,-15.67,537231885.5,-11.549556373,495565586.28,2658446.76,24332564.52,-2457465.89,534125079.25,28577925.3,32263655.14,2021-04-27
2445,600123,兰花科创,662849027.57,-38.66,7946898714.31,-6.8260810357,5050795183.59,216691650.27,1031635322.18,364166245.44,7118282035.97,885202737.06,853205383.48,2021-04-27
2446,600119,长江投资,60469139.18,108.968348580806,799667669.6,-22.073454342,653260609.26,61224224.09,63828143.52,49996344.83,836819252.12,32966667.72,111443600.71,2021-04-27
2447,600110,诺德股份,-121903598.57,-225.39,2150059461.15,-7.3823820345,1595373727.67,57005809.13,126109133.76,235635190.29,2075391525.75,-68655733.09,-66652325.52,2021-04-27
2448,600103,青山纸业,127529572.03,-17.61,2670264553.27,-6.6506650599,2194180736.78,82136022.4,204935226.61,18033886.04,2557835637.72,152865980.93,158906168.27,2021-04-27
2449,600060,海信视像,556071934.25,41.71,34104738789.95,-2.9137192213,27978749182.06,3605453356.07,578203173.53,15538379.21,33813788331.9,737302056.25,763465382.16,2021-04-27
2450,600019,宝钢股份,12563018204.22,-42.08,292434131781.57,-4.40222259,259873359648.27,3381375028.62,5608621152.62,2463145247.76,281774498110.39,16120798350.11,15600393739.26,2021-04-27
2451,300963,中洲特材,63974284.87,4.862916260954,632044301.56,6.4853612826,482625267.12,20047283.2,17468281.49,2548950.8,557783602.59,70388235.29,72944626.54,2021-04-27
2452,300959,线上线下,60384155.65,9.427456325466,532340826.25,16.0411704012,438082742.46,10501384.52,10501661.5,-60430.26,465098586.81,71266239.47,71266239.47,2021-04-27
2453,300956,英力股份,110859991.13,42.339744394897,1262217642.91,21.6586318813,1025078154.06,26654327.17,31273106.52,5198924.9,1134776924.98,137271925.86,134860746.18,2021-04-27
2454,300948,冠中生态,67740417.26,18.206798472974,278036712.11,-14.0923233475,157552784.42,4783314.16,26216121.89,2691952.53,205859441.18,69392629.89,79030598.79,2021-04-27
2455,300881,盛德鑫泰,69881147.3,14.170908928543,904558406.17,3.5268997037,746487432.94,22448135.12,22030238.76,8658453.16,824517469.14,80830698.52,80530391.14,2021-04-27
2456,300859,西域旅游,73550418.64,44.24580524216,240956461.71,25.3105301928,97013789.15,3804120.79,40471390.15,3801643.82,147547495.83,96049942.35,93496878.13,2021-04-27
2457,300853,申昊科技,113060101.0,21.487175469059,404528887.83,12.0033005124,148425524.8,48638949.5,40745722.96,-543815.88,297972951.68,127243045.9,127234416.91,2021-04-27
2458,300802,矩子科技,86448604.93,-12.81,423247957.2,-8.0705999538,254514041.63,16627106.46,25871318.23,-4604274.54,326359808.32,105643432.92,105763835.13,2021-04-27
2459,300795,米奥会展,66116562.79,-3.3,425776377.62,-2.4954801136,228478596.93,88910734.3,26661658.21,-6635081.94,343440945.3,83192385.16,86164144.18,2021-04-27
2460,300791,仙乐健康,142525251.97,-29.87,1579562259.23,-0.9926865517,1059191413.43,129536689.73,157936216.64,11546867.71,1436381310.97,151692485.4,156898173.64,2021-04-27
2461,300778,新城市,107539346.03,6.98,442284615.06,-0.7292148883,252316681.56,17387183.49,43013387.19,-11723856.95,320892035.37,121399000.76,124644433.41,2021-04-27
2462,300762,上海瀚讯,115131761.58,12.22,545969894.63,28.235155752,201985848.68,42121822.54,49487826.34,3738094.71,433796161.72,115496279.78,118444772.8,2021-04-27
2463,300756,金马游乐,109504729.62,11.69,625278119.5,20.1391372785,276528565.65,29374341.72,82785717.96,-15360950.12,505050562.38,131011877.67,129740827.19,2021-04-27
2464,300752,隆利科技,85313921.85,-47.25,1701423451.8,9.7529802597,1435701954.83,20957120.62,55555762.49,511672.6,1604249074.32,94430862.78,94555830.86,2021-04-27
2465,300745,欣锐科技,27041348.98,-67.21,596468911.96,-16.8176229648,488522415.35,34673776.02,34100570.83,-1176342.24,606617087.24,27665613.34,27643217.48,2021-04-27
2466,300743,天地数码,26490829.47,-16.79,415402536.37,2.4253708861,291730391.44,49679811.03,27935899.25,-1654980.46,386531601.63,30308045.3,30524342.64,2021-04-27
2467,300736,百邦科技,-92950034.98,-443.89,353384194.29,-43.9567890379,306549878.4,29838674.91,68805416.44,483610.14,421111123.47,-85060341.66,-89547972.79,2021-04-27
2468,300720,海川智能,44351971.81,-4.91,175803898.28,8.4794753924,70464781.62,16206787.19,19170065.67,-808179.82,121753369.87,50322038.28,50671675.43,2021-04-27
2469,300713,英可瑞,-21428449.62,-278.4,289420348.65,-5.7849617124,197662031.1,32443716.24,24951939.95,-4560743.02,305857157.98,-47603195.31,-33222609.81,2021-04-27
2470,300710,万隆光电,12235496.26,-15.28,371857123.99,8.2432998637,262722634.21,37716324.38,40229064.48,5210395.94,378222568.5,17030625.06,21335081.11,2021-04-27
2471,300700,岱勒新材,-45832175.61,-234.76,261644443.76,-20.7115970636,215029927.95,16180162.17,25902576.83,15260186.48,292830756.11,-63013209.54,-61101915.14,2021-04-27
2472,300694,蠡湖股份,106135593.22,32.54,1207311477.01,7.8006939101,900852580.86,39499093.75,67956699.9,16301653.04,1086426597.66,123939383.83,121342641.12,2021-04-27
2473,300693,盛弘股份,62050632.6,27.99,635844776.77,19.6868332472,331273630.56,113904303.96,44789190.22,2338338.38,561070420.77,70924956.36,71130886.7,2021-04-27
2474,300687,赛意信息,66345895.84,-41.57,1075646518.81,18.2683025472,769944779.19,57667003.3,80660531.49,-1444831.03,1002830805.36,67568839.65,67423043.77,2021-04-27
2475,300660,江苏雷利,230251181.87,14.88,2249840099.01,0.0403273817,1654058268.33,78579981.74,171851308.65,-19478573.25,1997458190.87,264166408.12,263564093.84,2021-04-27
2476,300654,世纪天鸿,33610277.7,5.67,385710340.65,1.1203949786,264651345.9,42375362.46,35635040.85,-2705870.76,342836250.12,49878031.74,45922093.09,2021-04-27
2477,300643,万通智控,19835829.89,-38.91,458793594.72,46.3032826816,320106626.56,28381059.38,67684867.28,-61400.75,439952681.04,21731363.34,22176869.33,2021-04-27
2478,300640,德艺文创,44900879.07,11.66,616132092.05,10.5088568526,479570137.68,52280414.46,20379964.95,-2095707.37,574074621.85,50696556.89,51104908.93,2021-04-27
2479,300635,中达安,61145465.97,11.31,564376526.06,13.869907285,348814452.38,11402889.87,61104368.84,7425120.51,469607509.63,86493031.24,85768948.99,2021-04-27
2480,300604,长川科技,11935305.79,-67.27,398834098.54,84.541602232,194811844.96,54187852.45,56058519.34,-229989.29,415162914.09,3934411.87,3925671.26,2021-04-27
2481,300602,飞荣达,350756386.57,115.9,2615270806.16,97.2653683928,1837206829.51,80063940.51,169438169.27,4873144.85,2236786060.78,395743974.46,410545919.59,2021-04-27
2482,300588,熙菱信息,8963638.45,-60.08,281056625.83,-56.8227311314,188984212.03,37251367.82,56936409.47,-5241459.68,292240572.92,6670044.21,6279077.07,2021-04-27
2483,300587,天铁科技,126748437.0,62.55,990228392.62,101.8789456523,484826527.32,96699389.3,132612281.8,29291108.06,780282727.54,194316695.35,192360397.45,2021-04-27
2484,300581,晨曦航空,48598759.38,-24.76,238683182.81,37.1706544128,133626075.48,2435707.03,21899539.15,-340720.77,188008693.2,48078147.75,55441479.8,2021-04-27
2485,300578,会畅科技,90197016.1,459.16,534645525.83,139.208627115,257971290.62,64893194.21,88812996.62,-2604897.37,445578264.47,107210229.49,107068465.9,2021-04-27
2486,300569,天能重工,269487681.17,163.33,2464179940.27,76.8253793285,1773157982.96,123558648.34,94846603.68,53551701.39,2122613774.19,330127298.63,337452225.82,2021-04-27
2487,300567,精测电子,269710569.15,-6.66,1950732047.13,40.3899981101,1027603279.96,190193385.05,166099575.5,38018514.42,1701887333.07,309530998.04,309189537.29,2021-04-27
2488,300562,乐心医疗,31064115.6,29.35,883668227.98,14.0065267053,669163605.78,69078757.9,46792196.67,-2048160.38,857633368.35,37642646.02,36848569.47,2021-04-27
2489,300561,*ST汇科,20118329.09,-22.73,196542876.01,-19.640774173,82240328.25,58973515.57,22172121.8,-577022.38,196953620.02,19977971.63,19829712.8,2021-04-27
2490,300550,和仁科技,41234827.65,1.96,440959834.78,12.6561461798,240125126.91,33537624.47,63424943.14,3059443.44,393678674.54,45279873.8,44055418.84,2021-04-27
2491,300540,蜀道装备,7416554.02,106.352491154876,435349250.51,26.9871522613,357656485.71,12002903.68,33276399.53,4198965.11,425901576.5,1357170.07,9170493.82,2021-04-27
2492,300527,ST应急,159708323.55,-28.56,2464443109.3,-7.1171191905,1947422585.07,17716301.32,151824358.73,16417788.42,2247705538.4,211686960.57,212019912.09,2021-04-27
2493,300519,新光药业,93900706.17,6.71,291262099.7,5.4314331032,132079027.31,30467653.84,16584890.21,-11357550.87,187414701.21,108631848.76,108272805.26,2021-04-27
2494,300517,海波重科,25556871.46,5.42,729422672.4,44.5940148664,589991776.15,9191922.42,57841645.1,2143572.44,684160055.52,30455848.28,31265536.34,2021-04-27
2495,300513,恒实科技,159837250.98,39.56,1403588657.7,28.6604899103,972650744.05,77727137.47,80083131.7,19826802.0,1208611589.16,183637982.55,183764708.42,2021-04-27
2496,300505,川金诺,72811266.86,13.58,1125995638.52,16.6118075021,811373364.01,176334972.19,45184241.07,5443927.19,1043735278.0,84275250.13,85908973.65,2021-04-27
2497,300497,富祥药业,305835258.08,57.06,1354046811.37,16.3836786793,770342005.34,27485136.81,95491044.25,21828580.66,988178865.36,369263978.56,358358180.06,2021-04-27
2498,300489,光智科技,-112403653.87,-9475.58,129134394.82,-12.1858149058,132440660.53,5172597.23,17849235.77,5816776.5,168324972.59,-103836033.91,-103836487.66,2021-04-27
2499,300487,蓝晓科技,251290892.32,75.44,1011930329.55,60.1189068508,507639045.8,28905766.59,84401805.84,4491009.94,697271529.46,284268072.33,283706045.97,2021-04-27
2500,300464,星徽股份,148553520.8,7167.66,3491336582.0,390.9438506364,1955933853.79,1153438001.67,130061238.62,17423697.63,3319449413.68,172832968.57,167857966.19,2021-04-27
2501,300441,鲍斯股份,-145305866.02,-219.82,1559555365.87,3.6041074419,1020714096.73,93115782.9,141281815.73,32919665.98,1373927088.27,-96039474.83,-84639197.05,2021-04-27
2502,300439,美康生物,-559912183.23,-332.16,3133447697.27,-0.0534340309,2055878787.38,364526005.91,218893732.94,79288135.36,2861228034.65,-525429206.92,-525074668.86,2021-04-27
2503,300432,富临精工,514098159.75,122.12,1511718897.87,2.2429994877,990027614.66,29551507.13,162057320.36,3113854.67,1297886557.4,252266680.48,244180137.69,2021-04-27
2504,300415,伊之密,192830181.03,9.97,2113851319.88,4.9073442951,1387274882.99,243563097.85,152081021.16,32092506.4,1939562479.04,218909010.8,218633748.36,2021-04-27
2505,300408,三环集团,871260778.33,-33.93,2726451719.14,-27.2960334637,1388915892.04,52305608.38,238156735.01,12889062.84,1900629702.57,1011342157.71,1016583396.65,2021-04-27
2506,300407,凯发电气,68233412.62,360.3,1808714438.22,11.4899198561,1398734075.63,90020107.24,124470786.91,26891409.5,1732266094.68,74076572.23,73320494.28,2021-04-27
2507,300405,科隆股份,10775985.5,110.72,944670052.73,-21.0012317646,778391468.4,61348772.48,50465889.85,33963603.6,945120381.66,-38089350.05,6420226.59,2021-04-27
2508,300404,博济医药,6592620.34,-10.91,224064704.39,30.2377383167,128777359.82,12524367.79,45058135.22,175400.24,207890593.43,12328201.07,12634830.11,2021-04-27
2509,300387,富邦科技,60908060.59,-6.88,582026992.12,0.932659148,369077145.49,76858739.51,48089631.79,8581502.43,520412350.83,64543956.52,68528428.64,2021-04-27
2510,300380,安硕信息,31086582.21,6.4,646796515.26,18.2148451803,405757803.33,28867199.46,53125481.98,-321430.92,594285246.42,59729352.49,34669428.31,2021-04-27
2511,300375,鹏翎股份,136022553.13,14.97,1600992154.32,9.7909289568,1220311094.63,74520138.85,101125560.87,12322222.64,1487843184.5,176120148.91,176859892.92,2021-04-27
2512,300369,绿盟科技,226510778.11,34.77,1671091024.5,24.240921549,472761863.06,596022666.98,119762695.8,-10026452.56,1506954868.45,238947612.96,236113979.8,2021-04-27
2513,300359,全通教育,-704975871.62,-7.28,717695781.1,-14.5270917413,556811658.36,26830089.12,132930025.74,17405612.5,784958328.56,-718950398.81,-722451769.58,2021-04-27
2514,300355,蒙草生态,60955700.51,-70.09,2851757000.78,-25.3571197208,2000736946.98,71998198.59,181447816.8,270249258.78,2590925655.08,68637142.82,56923224.64,2021-04-27
2515,300349,金卡智能,420313252.2,-15.61,1972125085.71,-3.322667805,1027926413.98,294252376.61,114434186.72,-831753.04,1616215435.44,488181294.71,481479952.67,2021-04-27
2516,300344,*ST立方,15830481.41,-54.25,451873252.15,-15.867466543,283569791.94,42004617.72,67819581.97,13882681.51,420550346.77,24980225.89,25425793.66,2021-04-27
2517,300340,科恒股份,30433054.17,-42.91,1839913629.72,-16.4544433601,1529928001.35,48120938.03,79478475.58,56002377.0,1821400910.52,26438770.13,24058376.45,2021-04-27
2518,300326,ST凯利,302327376.55,-34.64,1222288041.86,31.3007948253,418711348.0,257164170.42,106618000.39,15011000.57,856830114.18,359225093.63,358704905.34,2021-04-27
2519,300318,博晖创新,2542755.03,-96.34,628340031.11,1.0040580034,324270277.14,120044400.52,90151097.93,43909797.93,633122703.69,11081866.96,9633745.44,2021-04-27
2520,300315,掌趣科技,363599877.51,111.543096464983,1616948596.92,-17.9348695429,709761104.6,37596885.26,118490484.42,-29826257.68,1219711843.25,366304291.45,361029141.41,2021-04-27
2521,300313,*ST天山,-60790981.91,96.87,229005660.26,117.632289914,201900249.07,6490357.45,48111686.56,15045007.25,274309016.96,-92274044.75,-59605159.59,2021-04-27
2522,300308,中际旭创,513487200.53,-17.59,4757677023.35,-7.7310496995,3467775126.74,54840090.32,274584270.77,17077210.39,4193226841.87,576375276.09,576676772.04,2021-04-27
2523,300307,慈星股份,-874303310.11,-734.3,1521033807.33,-9.980728138,1099411727.2,176019351.83,268274692.03,534876.0,1637123527.7,-866013314.2,-864958906.65,2021-04-27
2524,300301,ST长方,-429457847.22,-173.77,1617021297.21,2.7079470942,1207573127.52,61740174.26,85052403.64,54910930.76,1540853651.89,-467243382.92,-474502022.04,2021-04-27
2525,300291,百纳千成,113792440.48,103.33,611431097.94,-2.8736363433,472142378.93,22404253.54,75074287.72,-5420117.79,567439442.14,128661405.99,140036887.06,2021-04-27
2526,300274,阳光电源,892552821.2,10.24,13003331783.65,25.4066646839,9906843318.02,918443212.73,349335567.08,7916660.27,11864956442.61,1047816872.59,1031702653.72,2021-04-27
2527,300270,中威电子,-87474793.86,-175.4,235646346.9,-23.1932239679,194735478.44,44453032.29,35708287.72,-2542139.48,310438682.76,-92528195.98,-92923760.1,2021-04-27
2528,300261,雅本化学,81643737.2,-49.17,1664423796.64,-7.8212889965,1182979460.14,26249356.2,127854938.84,39448185.09,1493894782.61,170900383.63,113017448.82,2021-04-27
2529,300260,新莱应材,62301757.61,61.29,1387230336.95,18.0952385926,1005361767.18,135016922.77,75214495.04,37623698.13,1322039349.33,67006835.19,67576224.32,2021-04-27
2530,300254,仟源医药,5296788.44,-26.85,1131801411.2,-0.413046589,277321525.56,693449354.74,111258177.81,17005336.14,1162922335.43,-41117127.42,1894462.55,2021-04-27
2531,300241,瑞丰光电,-126122936.56,-246.27,1371864162.13,-12.1730483141,1117139546.71,63787848.51,76493735.47,2270605.39,1348055923.29,-131485623.71,-136847593.84,2021-04-27
2532,300235,方直科技,32187455.63,161.35,109014398.01,1.6497670477,36585007.75,20670051.51,14702702.54,-12967879.77,84747856.19,35815131.32,36222066.71,2021-04-27
2533,300233,金城医药,203285186.73,-22.96,2794819332.7,-7.0861363323,1160690401.21,575949865.56,303496553.36,6158151.15,2346621620.04,155327555.14,315159059.44,2021-04-27
2534,300222,科大智能,-2642896400.39,-772.55,2313318986.27,-35.6308313791,1877891448.96,317810495.19,356694164.56,55110245.93,2857929820.81,-2622843065.26,-2623281839.0,2021-04-27
2535,300197,节能铁汉,-912119706.04,-399.75,5066249288.51,-34.6191670751,4279353743.62,59988638.63,587845688.43,691137948.88,5850970537.13,-1017568745.15,-1040064418.83,2021-04-27
2536,300169,天晟新材,-288775261.4,-1883.25,893508335.61,-1.2206531506,680707959.24,55754848.95,137345061.06,39875193.81,933489885.41,-272668740.98,-279511028.7,2021-04-27
2537,300163,先锋新材,48506025.14,124.07,450181969.11,-23.3037237592,270899216.62,108256185.33,47857833.59,8409203.12,454775777.25,47490794.51,53062936.34,2021-04-27
2538,300145,南方泵业,22927693.33,-94.67,4094020405.58,-6.1557013429,2536745612.27,414727472.07,341167259.32,115299713.88,3612546535.76,104123712.33,99515789.69,2021-04-27
2539,300139,晓程科技,-80102064.01,-1955.13,359698409.2,118.6924818521,248145290.63,4123448.11,54317021.42,3598209.31,319606345.28,-54316934.42,-56585820.85,2021-04-27
2540,300135,宝利国际,39502649.46,-4.76,2429669404.2,18.5295199578,2121040181.76,61668598.18,88532802.04,66438183.55,2427951473.02,56562829.99,52370227.21,2021-04-27
2541,300124,汇川技术,951936269.85,-18.42,7390370858.4,25.8072992309,4608079236.58,626929353.87,423382112.63,52861199.53,6612888291.38,1047323684.92,1055786518.94,2021-04-27
2542,300118,东方日升,973649385.59,319.01,14404248251.42,47.7029888176,11390700231.32,654846030.75,465228857.55,130537422.33,13480067350.15,1135690610.6,1128980453.74,2021-04-27
2543,300103,达刚控股,49694659.2,158.64,1170639804.03,400.3129464885,951936826.69,25802522.59,59671068.94,17571844.52,1105936514.52,102037597.21,107068621.26,2021-04-27
2544,300100,双林股份,-947124646.62,-1432.06,4302205376.21,-22.6204559659,3415815893.11,240203824.15,332653773.95,118194980.97,4332112108.32,-925327857.04,-932870893.61,2021-04-27
2545,300088,长信科技,845436642.81,18.74,6023777582.46,-37.3493934387,4409450118.54,96513340.45,208819829.79,51870136.53,5004575547.48,1026622970.94,1024123523.12,2021-04-27
2546,300083,创世纪,12575045.19,100.107166040065,5439269237.63,-1.4691191269,4800250482.11,178331502.17,345720154.32,113877931.3,5585577619.12,63259085.94,50586149.87,2021-04-27
2547,300080,易成新能,602094413.39,-65.16,5982139363.49,-15.447331604,3849507144.1,163955685.88,243507651.76,95558184.35,4608906319.97,909398052.48,911951979.83,2021-04-27
2548,300075,数字政通,130702321.6,11.53,1257538949.54,-2.4267686554,843672716.57,92587250.76,104145982.44,-14470553.95,1126348676.89,140995813.82,141033450.97,2021-04-27
2549,300071,福石控股,11650837.54,101.51,2250371945.58,-34.1144559892,1708985566.31,319263127.51,205104708.53,67135342.21,2329833822.3,51498984.17,49764404.48,2021-04-27
2550,300068,南都电源,368732432.51,52.35,9008443265.11,11.7238325473,7788276089.46,475856079.1,230658734.17,198852487.53,9194233900.03,249374668.57,240500713.24,2021-04-27
2551,300065,海兰信,93286738.67,-2.43,811180564.73,5.5292613017,517167546.04,76256387.8,89143115.63,-8739798.8,707287242.26,121537399.71,119014056.46,2021-04-27
2552,300059,东方财富,1831288851.32,91.02,4231678035.56,35.48,390944096.83,364071248.31,1289100610.82,-12007935.18,2378564063.27,2142143713.76,2127587508.07,2021-04-27
2553,300053,航宇微,-233762251.8,-346.26,851703526.46,-5.9922343373,561735030.57,54276504.13,116357743.67,1790320.85,799935423.77,-227120054.65,-226958675.89,2021-04-27
2554,300043,星辉娱乐,258517064.41,8.41,2594420044.04,-8.0099022918,1356075142.36,441320833.29,268976375.23,144068060.15,2286505850.26,293278932.75,298197653.26,2021-04-27
2555,300042,朗科科技,71852057.58,11.4,1194123466.43,23.4989947412,1044800221.64,31418342.47,23182340.0,133271.01,1130718049.62,88508725.11,88534090.04,2021-04-27
2556,300040,九洲集团,50328181.37,11.54,791481332.82,-22.6907985198,508272962.67,45823054.66,61312687.64,76852861.88,747690787.74,46341047.72,46527848.99,2021-04-27
2557,300011,鼎汉技术,42682682.88,107.4,1600082355.67,17.9020297961,1068768742.93,208678345.21,147221563.94,79735306.38,1574886487.27,37669147.06,45767489.04,2021-04-27
2558,003037,三和管桩,154083429.04,-45.332236308047,6089281797.82,6.9165440144,5009977997.75,598053770.53,162741317.32,21191120.55,5878126213.29,220178100.37,218363650.57,2021-04-27
2559,003033,征和工业,91959218.35,34.65667025446,806127866.69,9.6356745875,592751567.38,44611591.71,28354204.99,1761338.21,708161348.12,102395558.85,103560165.3,2021-04-27
2560,003006,百亚股份,128153643.0,43.427227054582,1149414600.0,19.5858461197,621720304.0,309083102.0,42264143.0,-1365843.0,1001696239.0,148341192.0,148453921.0,2021-04-27
2561,002999,天禾股份,77396915.38,-15.406182795523,9012337285.19,25.3278666416,8287682255.22,393035717.19,114981095.17,57457971.8,8863906314.87,131427853.55,132342114.59,2021-04-27
2562,002997,瑞鹄模具,135905667.64,49.570212608922,1053092373.17,20.8923819873,791194251.48,25146764.3,45169126.24,4418538.12,926909466.61,146955623.16,163960998.23,2021-04-27
2563,002969,嘉美包装,171921713.04,-0.69,2624148379.31,-11.3591112894,2133717007.39,76231385.19,133570387.56,64629371.74,2434805467.38,218543307.17,217316949.72,2021-04-27
2564,002966,苏州银行,2473006420.0,10.31,9424243327.0,21.8043418674,,,2932009920.0,,6134387247.0,3289856080.0,3285241221.0,2021-04-27
2565,002958,青农商行,2824798000.0,16.78,8729188000.0,16.9807371222,,,2640478000.0,,5592073000.0,3137115000.0,3110472000.0,2021-04-27
2566,002942,新农股份,154525130.42,20.63,1086084366.48,12.3202533359,749008942.05,57167459.69,62217846.29,-1758443.43,922815971.84,177915477.88,178856315.08,2021-04-27
2567,002921,联诚精密,46296986.41,2.97,747839588.77,12.3921217536,554569049.04,36379734.99,67326887.57,13022678.89,699261353.3,54947630.56,52716484.8,2021-04-27
2568,002915,中欣氟材,-54697278.08,-251.28,709123740.53,61.5147158272,552559464.06,20093373.61,40327650.19,10124864.31,651055117.27,-22761143.07,-20973666.53,2021-04-27
2569,002906,华阳集团,74491792.16,347.79,3383409896.94,-2.4611138479,2624476902.41,197326184.46,138255984.85,-4353776.27,3289153247.18,52422442.4,49489062.39,2021-04-27
2570,002901,大博医疗,465490905.65,25.32,1257317998.46,62.7660316998,180922164.45,409849243.94,45190476.89,-28183385.05,723564268.32,571000162.15,568976039.65,2021-04-27
2571,002893,京能热力,47260542.61,10.6,919527678.6,-4.8126192335,777266572.07,6268906.49,72307139.88,34794125.0,901006406.83,56733782.95,61298920.42,2021-04-27
2572,002872,ST天圣,-223979244.26,-2615.11,1679540467.8,-22.7216719928,1207968470.92,409509994.69,149112247.78,37468239.71,1857443022.45,-221649803.98,-230763983.48,2021-04-27
2573,002851,麦格米特,361091180.98,78.67,3559587190.35,48.7092994017,2638418229.1,141857768.66,69596354.25,8871465.83,3216986079.95,386522070.0,386543856.85,2021-04-27
2574,002848,*ST高斯,10152409.38,113.65,631005687.19,-20.2225091566,526440996.52,63370009.09,36188757.41,-3749625.73,668428176.21,173024.13,5366171.07,2021-04-27
2575,002837,英维克,160099011.04,48.52,1337544861.8,24.9629370818,867459141.47,153486737.65,74056062.71,479624.36,1192671329.69,175089151.3,176651226.4,2021-04-27
2576,002802,洪汇新材,88290323.33,20.29,537970970.54,3.79389457,374327021.51,13946018.2,30321505.98,-298844.95,446214544.04,103383708.3,103255619.14,2021-04-27
2577,002796,世嘉科技,95460136.28,96.38,1871298846.63,46.2057565132,1519765570.78,41464452.67,78623631.86,1355221.62,1729794906.23,121424170.13,120516499.99,2021-04-27
2578,002785,万里石,-35026406.38,-443.22,1022456184.7,-10.9900845144,876543185.79,63683549.0,61056848.77,20267830.05,1025453097.21,-42571463.13,-42221032.49,2021-04-27
2579,002766,索菱股份,7784201.76,100.76,939418973.78,-6.759379729,723510085.54,46636113.84,105204360.48,192266558.16,1183515993.63,-25281813.01,-28304198.66,2021-04-27
2580,002758,浙农股份,123955446.54,-27.51,6649681910.88,10.2703735016,5893680761.46,269095080.46,164680983.5,42503767.98,6400053755.17,288682458.13,289039882.42,2021-04-27
2581,002756,永兴材料,343567828.19,-11.29,4909422346.31,2.400174201,4312146127.88,46221582.02,73164524.43,-8141506.61,4633551212.88,414696609.12,412911167.85,2021-04-27
2582,002741,光华科技,13505413.43,-89.97,1713623496.48,12.7220664526,1381086590.03,110496192.59,97610575.56,38568350.93,1717123172.82,2621186.65,1215462.25,2021-04-27
2583,002718,友邦吊顶,96465754.1,-7.6,707049585.85,-2.5180921778,463907012.22,88882654.25,64740959.32,8803774.59,661240523.03,99251336.1,101350487.24,2021-04-27
2584,002646,天佑德酒,36118264.29,-66.42,1253725476.41,-7.0355547335,446041601.97,405637544.25,150248557.55,-2103422.43,1216474370.93,58019100.35,55519326.61,2021-04-27
2585,002641,公元股份,513720532.02,109.96,6290606343.7,17.4984858355,4670275571.93,431543045.16,309917943.77,2272236.25,5662195601.69,587222416.49,589447974.57,2021-04-27
2586,002630,ST华西,36655786.62,-125.77,3623174397.03,-0.670961133,2895232720.9,41753656.18,199007094.17,260954005.12,3521141123.03,1859026.64,3045264.08,2021-04-27
2587,002624,完美世界,1502796662.19,-11.92,8039021278.77,0.0654269499,3141659835.8,1145015412.78,684537251.98,206211744.52,6713118949.46,1341734851.03,1345863843.63,2021-04-27
2588,002587,奥拓电子,182226754.27,1.43,1245130420.49,-20.8623218698,691944461.64,157123733.62,73501991.17,-1604221.76,1015488052.75,207065691.82,205587063.41,2021-04-27
2589,002559,亚威股份,97065812.65,-12.97,1468129704.67,-4.2243710122,1038435308.99,141251106.87,71004531.2,-7350615.67,1365719894.25,115798216.27,110044651.21,2021-04-27
2590,002540,亚太科技,361998416.13,-3.49,3531012329.37,-1.6438643171,2830385541.45,63473964.14,152735716.97,976518.04,3206813720.02,419291676.82,422837050.22,2021-04-27
2591,002453,华软科技,-314002793.15,-1383.15,2635026000.9,27.8686896887,2395097345.37,73371971.31,185767086.72,35191271.51,2715788710.56,-143431665.69,-271025980.33,2021-04-27
2592,002425,凯撒文化,209691371.55,-24.64,803702809.28,7.9290707819,246482669.55,52863643.7,106425315.35,42764377.54,539248723.86,181541520.34,186321395.13,2021-04-27
2593,002423,中粮资本,652180610.61,27.88,11258396302.6,16.3086575491,297493581.52,0.0,2373964214.35,,10860437427.04,1323838454.68,1320452946.39,2021-04-27
2594,002406,远东传动,272579252.07,0.46,1754199311.1,2.0111573497,1176397912.07,103284176.8,83634550.37,-1309751.34,1467216231.3,315866879.75,314697200.66,2021-04-27
2595,002378,章源钨业,-288420927.21,-723.17,1827799675.0,-2.2178005366,1704687347.09,43000618.94,122044396.45,88671176.49,2023872204.73,-292739916.79,-298038570.79,2021-04-27
2596,002374,中锐股份,33808621.89,104.28,1172553104.3,-6.0370934398,997236089.88,25920284.32,102186345.13,-3131186.98,1138478220.31,43533337.78,51591145.58,2021-04-27
2597,002364,中恒电气,76714387.09,0.12,1173602079.61,19.2585034618,778694055.05,90314094.59,77454233.1,-13831293.23,1050805781.21,84012236.96,82757229.59,2021-04-27
2598,002349,精华制药,-393617953.72,-271.39,1157389428.34,-14.5652614254,631157735.72,174942572.18,118911809.29,21876208.27,1048914907.08,-498159007.88,-500660024.17,2021-04-27
2599,002347,泰尔股份,25193445.03,25.59,818380088.74,9.6651975559,604331288.3,75050158.25,52570623.54,7190742.9,792713199.9,32145680.69,31415413.45,2021-04-27
2600,002327,富安娜,506869476.73,-6.72,2788843144.5,-4.4423982197,1338625993.61,725313938.89,101934898.01,2044169.52,2274792574.26,595398101.12,602131506.94,2021-04-27
2601,002318,久立特材,500039876.37,64.68,4436860898.95,9.2000621819,3219235156.47,239813747.7,158468313.31,40214977.48,3861855712.73,591409518.32,592839129.41,2021-04-27
2602,002317,众生药业,317729469.67,-27.07,2531516439.28,7.1992178237,917451966.03,853751682.2,123453127.71,18661997.62,2075108800.8,380607342.25,378877456.29,2021-04-27
2603,002295,精艺股份,50998867.54,6.71,5125596178.06,-10.976261866,4961312644.37,17083442.18,38786715.87,40606623.2,5084118049.13,65955568.79,66142518.41,2021-04-27
2604,002269,美邦服饰,-825472850.54,-2145.2,5463291976.58,-28.8390079802,3376080032.34,2128197247.18,147517125.38,90067694.22,5879439043.35,-785854763.01,-819609021.46,2021-04-27
2605,002249,大洋电机,53616805.38,102.26,8145952951.58,-5.6916751682,6535065218.66,356531147.1,613599068.49,97242889.21,8000825529.11,115266606.08,117993266.02,2021-04-27
2606,002235,安妮股份,24057565.3,-68.15,432752748.83,-39.464344028,294135915.85,45705712.02,59216500.25,6123523.8,431353080.12,-202106174.2,25652751.26,2021-04-27
2607,002234,民和股份,1609973794.84,322.95,3276052000.43,80.2294921522,1321022612.36,61417130.33,182271863.78,36733562.37,1616233709.1,1612136493.52,1609499878.12,2021-04-27
2608,002207,准油股份,51887037.83,115.26,302076097.84,15.999613663,254802337.05,11365.0,23484880.45,10268845.88,290618911.0,32146063.05,54009955.58,2021-04-27
2609,002194,武汉凡谷,260335519.4,37.88,1713334466.2,43.365818263,1208958989.02,36986986.3,102492261.83,-12345943.29,1440550929.05,268967161.34,268433324.7,2021-04-27
2610,002180,纳思达,744330183.09,-21.71,23295845261.03,6.2452951898,15017780128.69,2810339307.3,1614697062.24,1133699374.92,22140022022.48,1171068061.66,1157901911.15,2021-04-27
2611,002164,宁波东力,21860785.64,100.78,1020262758.87,-91.3247718082,713354149.23,76667903.24,83098270.32,15862579.49,948212771.85,105613146.41,36722483.36,2021-04-27
2612,002137,实益达,93660694.53,123.74,763029246.12,-26.3153723085,605656736.77,33991296.56,67498336.85,-1971469.87,743533836.39,135387808.46,133831812.15,2021-04-27
2613,002132,恒星科技,84845346.6,161.12,3386147599.09,12.3349267422,2899401279.15,140096113.93,83791804.23,81649533.56,3322654806.22,98188398.04,95059484.42,2021-04-27
2614,002068,黑猫股份,-276366595.52,-168.89,6544208710.51,-17.0882473916,6104077566.84,320528274.61,202012017.73,84092970.97,6752210467.87,-287465718.55,-299529426.41,2021-04-27
2615,002046,国机精工,27511314.57,20.1,2085129258.09,0.9273607859,1570035545.31,68919674.09,212959347.84,32294670.48,1999859537.93,90300455.59,73630459.53,2021-04-27
2616,002038,双鹭药业,486783623.39,-14.82,2029703659.83,-6.3561619148,417379069.18,890226770.26,97536728.88,-25236541.13,1531319950.07,560901003.22,560888078.97,2021-04-27
2617,001205,盛航股份,60353484.81,35.59277648558,382359844.67,29.3422597091,265194594.49,3368221.16,17785541.67,10501533.34,311657691.71,69622710.62,69571847.46,2021-04-27
2618,000983,山西焦煤,2115797560.69,-5.12,36007526834.78,2.1186995472,24103317138.71,2480400994.72,2476525120.66,953471305.54,31959449577.76,3678418339.42,3635862552.91,2021-04-27
2619,000955,欣龙控股,4825965.55,104.44,733633958.15,-1.2286072654,635696487.28,34283233.35,53087466.67,27195061.77,772986454.41,-545749.31,1388559.16,2021-04-27
2620,000950,重药控股,788015791.51,14.09,33843821480.55,31.1636771202,30780267804.11,1024932266.24,598468402.55,470545214.67,32964631629.48,1118067454.59,1117696660.14,2021-04-27
2621,000931,中关村,95218087.69,2.23,2135149042.74,20.3913645544,973170169.28,707331337.15,171953143.83,55625469.04,2002450166.97,126999087.66,165742174.98,2021-04-27
2622,000889,中嘉博创,-1240168787.93,-590.41,3162631426.91,4.3511386164,2702268670.36,28995362.4,135040411.29,48399804.06,3013655369.78,-1216321662.56,-1221245189.08,2021-04-27
2623,000848,承德露露,464868495.52,12.54,2255394058.97,6.2879146657,1068706640.63,478497528.4,64360823.15,-21882135.48,1628736416.07,618417972.14,618240826.67,2021-04-27
2624,000797,中国武夷,359147265.84,17.69,5225532983.22,7.3543846981,4056849617.08,122945664.16,240954515.67,19233602.44,4573379315.33,613771509.59,610637297.2,2021-04-27
2625,000766,通化金马,-2041890393.46,-717.15,1977206434.29,-5.6023000468,339901878.58,1290459971.19,167907851.06,37322623.65,1923496724.47,-2012624562.19,-2012744686.26,2021-04-27
2626,000758,中色股份,-1059949942.82,-985.32,11077988721.23,-25.1591641364,9699949339.49,223409650.91,901262876.27,215821972.89,11226571684.35,-894419737.53,-943310477.35,2021-04-27
2627,000731,四川美丰,86358201.81,-60.67,2929130915.91,10.9553107189,2442107987.52,122429180.82,228880725.33,17613432.87,2840299019.39,97579455.51,100903845.33,2021-04-27
2628,000719,中原传媒,831985654.29,12.29,9503991134.77,5.4986130285,6537891553.01,1088340427.84,920239686.63,-20797759.32,8636107031.8,851777751.83,853655350.54,2021-04-27
2629,000701,厦门信达,-2493096267.28,-11168.29,83797941843.9,29.0574827752,82589285854.47,459630487.01,344655423.11,807574677.27,84316125260.22,-2150502954.78,-2388359921.31,2021-04-27
2630,000691,*ST亚太,-10180311.64,-192.53,13911871.59,-63.1195323508,13464038.06,325737.12,7639462.43,1938983.67,23840130.61,-10306491.94,-10314395.86,2021-04-27
2631,000683,博源化工,673477464.71,-48.22,7693220353.78,-13.7877543476,4885226704.57,426115943.18,776822823.27,256238448.19,6660497255.29,1123925028.78,1104543095.01,2021-04-27
2632,000589,贵州轮胎,135442537.61,53.61,6458337888.66,-5.3768436111,5158150358.51,380115868.25,312985535.76,103895498.4,6237131739.23,180388602.62,150318428.75,2021-04-27
2633,000572,海马汽车,85196161.58,105.203834873206,4832205201.63,-8.7944238746,4445229960.22,260776912.27,523455558.4,17764944.99,5553095895.87,87594186.77,102946334.98,2021-04-27
2634,000566,海南海药,-159134465.45,-233.09,2445289306.23,-1.071334038,1201256459.74,1159846489.1,281600615.01,215161975.03,2977426809.24,-123125161.68,-123189643.18,2021-04-27
2635,000498,山东路桥,600101465.85,-7.67,24590670126.1,61.0226621562,22228258544.39,,673459623.39,143464345.66,23441695314.19,1087880063.95,1087832091.18,2021-04-27
2636,000078,海王生物,206396680.01,-41.89,41492703945.65,8.1076683834,35971885104.12,1893344130.32,1203300874.94,1114174291.89,40348922013.29,928633748.15,876367415.27,2021-04-27
2637,000068,华控赛格,5999003.63,104.51,225085720.88,9.3188416676,151516428.62,7223809.97,74537740.85,54358024.41,309006262.68,-41722806.69,7630326.81,2021-04-27
2638,000058,深赛格,78447278.89,181.65,1493227561.06,-7.3834344591,985447744.09,22829579.24,133860279.77,117032144.28,1311030996.69,196367556.81,198958653.68,2021-04-27
2639,000020,深华发A,5460049.15,65.71,721557440.51,13.2660184171,634502127.35,20879256.97,38034071.63,9946778.92,713911668.31,7900400.31,7750758.45,2021-04-27
2640,000019,深粮控股,363501809.52,17.89,11059984335.92,2.7995871123,9955307005.89,250657691.24,260693015.6,-636614.92,10493641137.0,433573957.71,429029356.18,2021-04-27
2641,000017,深中华A,-7186905.64,351.45,76022687.75,-36.5985978841,68681471.12,3178476.39,6409465.59,-95401.17,80986694.86,-7996248.15,-7801557.13,2021-04-27
2642,688665,四方光电,64949560.21,487.890407029118,233254827.07,98.4460031595,119176710.5,18692331.4,13291448.7,240270.61,173117312.75,71806204.0,72984365.41,2021-04-26
2643,688628,优利德,53268431.7,65.998732907175,540037027.76,16.3272059719,358336373.48,43803948.78,35179653.05,2649634.66,479890224.91,60026710.4,59523329.49,2021-04-26
2644,688590,新致软件,79577879.89,31.128368436913,1117698585.12,12.5172084773,776732984.27,55960534.03,68822508.2,24945161.38,1023452502.23,88769468.86,90781984.14,2021-04-26
2645,688577,浙海德曼,45598228.1,-20.922414015367,384736158.45,-9.9744805661,253136328.93,31785312.22,22632612.7,3671071.41,335313490.9,52315435.75,52079641.34,2021-04-26
2646,688136,科兴制药,159810355.96,69.715483319052,1190766325.95,33.7020764933,219952959.33,647223317.86,60825397.9,11665718.65,993476189.91,188984934.26,187781800.09,2021-04-26
2647,688109,品茗科技,74294129.13,33.085267386819,282868387.08,27.6927546994,46101464.58,84317736.39,33311252.82,143982.79,233569019.53,75315125.62,77770995.74,2021-04-26
2648,688098,申联生物,77957157.54,-10.99,253809330.44,-7.7517935482,44953351.72,58926635.56,45372492.64,-5232645.52,173335562.47,90855888.19,90837322.0,2021-04-26
2649,688088,虹软科技,210366613.34,33.52,564477015.8,23.2290807544,37981900.89,98877501.43,49910394.14,-23431723.11,363369712.32,224014822.86,245138326.53,2021-04-26
2650,688058,宝兰德,61243121.93,19.04,143302329.84,17.1057752957,5076325.75,31305927.82,12546739.55,-1750903.72,79579067.44,69682145.86,69601062.37,2021-04-26
2651,605208,永茂泰,124366883.03,11.486288869798,2642823175.77,5.9695727838,2264938293.42,51905594.98,81097477.13,24471700.05,2472116476.46,163919620.03,161812426.1,2021-04-26
2652,605178,时空科技,205290146.15,-10.469966760889,1043689189.12,-9.9826760418,614050885.43,48878942.34,63958098.43,12389922.67,782858699.89,240177454.36,240297725.38,2021-04-26
2653,605088,冠盛股份,119400821.66,25.460441733008,1945489593.54,11.0211589648,1451744704.95,175659134.86,79688938.09,11207037.13,1804726828.02,134639764.83,139895924.4,2021-04-26
2654,603866,桃李面包,683358391.86,6.42,5643709759.53,16.7689621384,3410405323.55,1227896415.47,101718108.52,3473905.21,4814414406.12,863045339.15,873683630.1,2021-04-26
2655,603519,立霸股份,132196983.28,44.54,1284268309.87,0.1239324959,1045720244.98,37091353.24,10599090.09,-5459009.08,1136293996.7,151780245.81,150909323.34,2021-04-26
2656,603226,菲林格尔,112772976.89,14.12,796602163.9,-4.5858078334,578239500.18,49970894.47,37994121.3,-9746949.05,682863364.85,128792955.92,129958668.89,2021-04-26
2657,603196,日播时尚,8813123.32,-77.03,1114387789.04,-1.567208668,468448217.77,410783856.68,133704233.01,5533532.72,1067577452.7,-4860595.2,-5345096.1,2021-04-26
2658,603156,养元饮品,2695295487.24,-4.99,7459290694.08,-8.4102734214,3518229514.64,1074006641.51,64117928.27,-64321221.72,4721578088.5,3350754368.16,3358904391.97,2021-04-26
2659,603155,新亚强,219420134.94,3.916769868707,601951874.46,-7.3947735671,303998083.29,9083707.53,18022919.19,-10508523.96,351972349.17,251711561.09,252483036.67,2021-04-26
2660,603118,共进股份,310831290.85,61.54,7840845693.51,-5.9167007221,6521663773.18,192420372.62,290349053.2,-5756175.68,7461533335.45,319481115.93,345087430.9,2021-04-26
2661,603112,华翔股份,173712353.91,23.755236342696,2048132074.72,2.6368373589,1590804469.02,110428219.47,65666182.59,8608198.8,1874577966.25,192260348.41,192932597.18,2021-04-26
2662,600521,华海药业,569595139.81,429.78,5388094592.53,5.760974138,2126382595.65,960544821.81,895558074.28,180232330.17,4687686914.77,824374886.21,760863695.6,2021-04-26
2663,600439,瑞贝卡,211789483.21,-9.56,1819293409.7,-3.2984414747,1156912454.74,173512309.69,84074860.86,109499870.75,1591033391.69,228574736.0,236645175.29,2021-04-26
2664,600337,美克家居,463644648.05,2.76,5587983514.11,6.2147695699,2649029584.0,1667874896.63,473664887.43,149895379.02,5102048800.62,549621122.1,561606337.28,2021-04-26
2665,300982,苏文电能,127302748.64,90.910159614804,990429016.05,48.3485039805,700957083.61,23634058.43,59300257.02,-560637.39,822855388.19,149312874.44,150742039.49,2021-04-26
2666,300981,中红医疗,89266018.05,57.520772577412,1170814040.1,21.0101025163,950064340.28,44646786.63,35467062.36,13739374.1,1065509141.91,106174332.9,105758119.99,2021-04-26
2667,300958,建工修复,78108152.1,67.680958921906,1118707239.25,9.4356970643,880381562.59,30160681.47,71321617.04,17869845.4,1026010588.65,87137944.72,87139892.41,2021-04-26
2668,300885,海昌新材,59564081.13,29.36,182504273.29,8.81,103021647.03,3758948.54,7454701.98,-1866517.43,122101303.92,62967770.36,69638970.36,2021-04-26
2669,300872,天阳科技,108298406.53,22.793673838124,1062127620.38,35.8484383109,679145003.44,68571177.63,64828001.41,14016097.05,946211576.39,117660651.6,117437896.01,2021-04-26
2670,300851,交大思诺,118707260.52,11.47960475683,344180020.69,12.833648211,87255669.88,26812224.82,41996638.13,-549695.55,232467567.78,133066603.35,133443172.16,2021-04-26
2671,300849,锦盛新材,65641214.98,22.663856173553,342879253.56,-4.9254669457,215426816.6,11026893.0,30499178.42,-1413449.01,271024034.2,71327975.3,75695488.65,2021-04-26
2672,300842,帝科股份,70704189.94,26.7439650944,1299421610.08,56.2340481762,1078631554.39,26095095.75,10987417.18,46001779.02,1212115207.81,69206424.48,81675689.35,2021-04-26
2673,300840,酷特智能,68674248.19,7.984747517889,535143604.61,-9.392738407,320903628.46,64584792.52,41038336.18,792431.82,452208680.64,87265375.3,87297833.48,2021-04-26
2674,300839,博汇股份,75731552.31,-15.340125380466,827164515.97,42.0758330815,672136808.82,3632156.13,19056161.17,4122201.75,741576119.5,84771062.72,86433431.68,2021-04-26
2675,300830,金现代,89744375.58,19.636928609888,460607696.54,13.5689543435,252693227.65,26668225.3,40900253.54,-1580832.09,357198586.66,98806427.48,98752328.45,2021-04-26
2676,300819,聚杰微纤,59658231.43,-10.13,498407381.04,7.8016032292,361221770.52,15483041.88,25020022.69,2521132.46,429465331.15,70217058.58,71335872.81,2021-04-26
2677,300813,泰林生物,34406391.69,-28.64,180928327.74,13.7214937171,76788461.22,25794035.97,18314337.19,-306145.67,152263755.58,38313028.93,38524550.75,2021-04-26
2678,300811,铂科新材,84595001.37,22.63,402543322.9,24.176825906,232722683.84,12241708.38,29378951.85,2555387.13,304428829.08,98357608.47,97437992.81,2021-04-26
2679,300789,唐源电气,83434696.42,-0.19,308757518.33,16.6819157639,146411678.45,20510674.84,27864481.52,-659674.91,236266644.33,91051050.39,90907608.79,2021-04-26
2680,300767,震安科技,90728693.75,-20.72,389193156.62,-15.2707535971,182682933.19,63637225.48,31417838.82,-1156887.26,292147369.67,105161749.63,105865209.14,2021-04-26
2681,300766,每日互动,75969785.15,-69.46,500871034.65,-7.1272085099,137524321.13,75433711.07,55583333.67,-36430353.62,360050351.09,75508886.84,67788551.29,2021-04-26
2682,300763,锦浪科技,126583766.25,7.22,1139115438.18,37.0143386768,745369556.37,135904640.31,70196421.86,-15000312.07,983007882.46,148302006.22,147558237.04,2021-04-26
2683,300746,汉嘉数智,92206402.71,21.88,1180958301.36,25.0212686377,968766041.08,26021828.51,65823280.84,14112346.27,1128413717.1,102647791.48,102087470.95,2021-04-26
2684,300740,水羊股份,27222662.27,-79.17,2412120737.79,7.4279413417,1180687315.76,1040791855.35,102739351.47,13922345.55,2393350647.78,18709415.2,22766253.29,2021-04-26
2685,300718,长盛轴承,127906919.66,-13.18,600840893.61,-9.3164867578,378701899.19,22037140.43,41789422.37,-1571198.44,476661982.69,150823086.97,152254632.79,2021-04-26
2686,300698,万马科技,3943469.76,-8.0,469135056.56,57.1380333638,355654380.3,52274494.27,26879679.83,4961174.96,459416243.22,11398052.47,11163003.89,2021-04-26
2687,300691,联合光电,73272065.47,1.32,1223788254.31,4.7163600806,960649747.94,17014371.78,52632204.51,2170083.95,1149991091.15,77117129.36,76499040.34,2021-04-26
2688,300680,隆盛科技,30039092.35,684.89,406552174.51,79.4447249106,290481838.56,18129466.16,32275598.84,9151612.73,376184459.95,30941269.18,34011990.78,2021-04-26
2689,300676,华大基因,276334018.82,-28.53,2800411936.69,10.4086577652,1300545351.13,618737430.74,197512989.6,-6557727.64,2436880062.34,330128671.54,328185199.21,2021-04-26
2690,300669,沪宁股份,54943369.19,44.82,347884546.01,24.8539904357,226578500.24,14361708.2,30360224.6,-524598.52,290736458.62,64683029.77,64727424.91,2021-04-26
2691,300652,雷迪克,62903646.6,-24.12,462341640.7,0.8509570455,319948749.81,16964269.14,35836741.26,12509073.44,404833528.28,72967471.06,73633212.53,2021-04-26
2692,300650,太龙股份,51721198.36,-9.82,560373495.91,15.0904024553,370393000.86,58593110.39,37014748.67,553667.55,499994139.49,59374273.64,62009625.55,2021-04-26
2693,300645,正元智慧,45069467.75,-10.49,751054482.81,32.4993052221,466768040.42,78851385.01,60537527.36,15634537.55,715619701.33,48498909.52,44747837.35,2021-04-26
2694,300644,南京聚隆,29273043.2,27.13,953248935.72,-6.3783885547,801362982.09,44560314.89,42384089.65,5584086.3,935060833.32,29816082.91,29865457.98,2021-04-26
2695,300626,华瑞股份,24167890.3,-45.18,753352460.75,-11.3268663997,619500241.49,15815983.6,39527950.97,17441710.0,727175667.72,26033143.95,25814242.25,2021-04-26
2696,300619,金银河,41510927.34,-10.47,599589180.04,-6.5816962044,426865396.5,27945908.22,48197262.95,18669094.28,558329219.3,49382355.31,49766186.8,2021-04-26
2697,300618,寒锐钴业,13865703.02,-98.04,1779038653.95,-36.0625531833,1569927593.36,18649184.02,84931242.9,33675525.42,1811769743.93,-19505430.54,-19644333.2,2021-04-26
2698,300605,恒锋信息,60737910.35,13.45,566611552.12,7.9553976426,403497898.93,13586757.03,32416420.5,-39633.3,488231223.41,68198692.43,67868679.49,2021-04-26
2699,300585,奥联电子,21212308.77,-52.43,369956143.46,6.0292853046,234662355.78,31047909.33,39484771.77,5306600.54,352511581.99,12762790.39,18934801.13,2021-04-26
2700,300575,中旗股份,149762694.22,-28.4,1569075036.16,-4.8958678952,1199078310.01,22770916.0,105916437.11,12657200.87,1389158016.66,180034452.33,173717552.13,2021-04-26
2701,300554,三超新材,9854638.28,-73.46,224634480.36,-32.6326864543,154005399.52,10066571.36,27838199.43,1907125.98,215107431.54,10498095.58,9612402.32,2021-04-26
2702,300535,达威股份,39368772.53,-4.92,396342340.82,11.289652418,207317541.7,54108252.85,48752407.89,1448003.36,352872683.61,43176095.25,43136863.94,2021-04-26
2703,300510,金冠股份,-1204944280.51,-714.36,926686569.68,-25.3851879102,666965919.73,105010932.29,104481731.66,17295803.35,977936006.35,-1210476519.67,-1209195498.7,2021-04-26
2704,300492,华图山鼎,21094012.3,-21.13,213738816.56,-1.0224408831,147011804.7,5266982.98,25952506.43,-108342.32,180448325.43,23008982.1,24848988.2,2021-04-26
2705,300486,东杰智能,90520068.88,41.96,736322162.11,5.4744285277,503357352.18,21110669.04,63528664.62,8003695.47,637145621.03,101505220.47,103958687.66,2021-04-26
2706,300466,赛摩智能,-203430499.86,4.37,500469297.02,16.4335487484,305364804.8,92150782.22,77224452.82,7065986.08,541306016.23,-207106191.38,-206229246.59,2021-04-26
2707,300460,ST惠伦,-132952022.58,-496.35,309942731.09,-2.8353132987,273601727.1,11662771.47,30195081.97,55252.16,341178162.41,-142209601.43,-141646459.47,2021-04-26
2708,300433,蓝思科技,2468791437.06,287.56,30257760248.61,9.164837012,22628823826.65,438516702.73,1801967802.33,705939599.6,27499916868.42,2823109090.07,2839455858.79,2021-04-26
2709,300426,华智数媒,-106753787.9,88.489465983173,-114856852.37,-130.9155778847,317448205.14,24015391.31,86933087.9,107013009.71,536093817.32,-126795286.7,-126409824.74,2021-04-26
2710,300413,芒果超媒,1156285253.73,33.59,12500664232.05,29.3976022625,8284740949.42,2140684155.45,610138439.92,-36576566.73,11334717041.48,1177730186.73,1177534059.3,2021-04-26
2711,300393,中来股份,243204564.81,93.41,3477899159.04,29.2016572745,2542493079.72,84384043.05,148438967.1,108926147.34,3020100098.33,352712049.93,348637520.02,2021-04-26
2712,300345,华民股份,47969549.63,116.82,123285949.34,17.8925622295,92962859.5,9377460.73,27160512.18,4089890.26,146795786.83,49681519.89,50360596.36,2021-04-26
2713,300289,利德曼,6309184.34,-84.41,515143483.47,-21.3286255228,233401629.08,94841877.75,75371003.84,2107012.17,462379959.83,31399094.01,31515931.69,2021-04-26
2714,300272,开能健康,100512740.94,-71.12,1052525499.43,16.8145217563,587691783.76,165722304.06,159094372.83,15703865.24,948897793.99,158725259.94,177282761.08,2021-04-26
2715,300248,新开普,157690483.05,64.07,964023443.78,15.0897452037,423262979.35,234359113.35,62646615.0,2103746.58,838906451.56,179322859.41,178191104.66,2021-04-26
2716,300219,鸿利智汇,-876493573.32,-519.62,3593570974.04,-10.2316661796,2919471222.74,125679488.56,207061453.7,13769889.32,3458769106.2,-922180464.7,-910549951.62,2021-04-26
2717,300171,东富龙,145814757.71,106.95,2264004328.7,18.1123993889,1514497730.89,133632322.45,289666561.6,-2828279.84,2064410806.97,186957045.0,186118050.78,2021-04-26
2718,300168,万达信息,-1397325377.07,-702.3,2124500987.29,-3.6368412285,1638791899.94,139834642.83,343062783.01,180136342.25,2678708691.74,-1406388550.02,-1390635391.58,2021-04-26
2719,300136,信维通信,1019890543.35,3.25,5134041894.14,9.0745840998,3216693002.97,118009072.56,205861023.81,64471760.08,4064620033.89,1173659991.98,1170639021.17,2021-04-26
2720,300134,大富科技,-354517352.05,-1534.91,2337566465.61,28.3325231672,1830161735.71,48599208.14,161656942.34,26042379.48,2317957285.95,-405867890.23,-407420487.61,2021-04-26
2721,300133,华策影视,-1467056219.53,-794.55,2630550522.87,-54.6238419473,2133023316.16,406266259.26,244469707.72,76837220.22,2890173761.17,-1398166465.45,-1401481254.28,2021-04-26
2722,300113,顺网科技,85248853.1,-73.5,1572332757.99,-20.7837986684,543213389.87,183563092.4,257052870.7,-16750905.91,1212780444.39,156158175.89,176351527.23,2021-04-26
2723,300102,乾照光电,-279961643.99,-255.55,1039240844.4,0.9400966971,959890249.26,17712401.17,176570297.22,73403751.74,1306375533.3,-329606553.42,-329761342.65,2021-04-26
2724,300077,国民技术,103920641.64,106.44,394733173.32,-34.4362102398,296891263.62,49870992.65,102247886.78,24516290.97,606710532.5,-559592985.07,131913479.22,2021-04-26
2725,003017,大洋生物,79497183.59,12.289545433501,621750703.44,6.4351618064,465492241.29,21666833.7,39310932.29,1235656.63,553248994.38,87104034.65,86727863.44,2021-04-26
2726,002990,盛视科技,213097873.99,50.313664285487,807386424.94,59.1728340356,423290933.07,55574145.45,29800435.62,-1414737.37,578188668.56,244288605.43,244299686.45,2021-04-26
2727,002952,亚世光电,81236333.09,-17.88,447133906.3,-12.5558904016,322503504.69,10674692.16,14123925.19,-6009696.91,362345373.45,94466503.6,94441561.43,2021-04-26
2728,002917,金奥博,61274435.82,-5.9,451561233.2,7.9094992425,282885758.32,26970128.93,41520420.86,-3979959.03,384356750.0,79702746.5,79646936.17,2021-04-26
2729,002627,三峡旅游,115094591.2,17.09,2212866454.01,9.6166926146,1883526920.26,43336172.12,132814084.72,18108293.28,2095126583.85,164429771.07,165062337.24,2021-04-26
2730,002605,姚记科技,344842563.11,151.48,1736595927.84,77.273840951,603491637.04,340799979.11,115376151.46,24573714.16,1209463223.97,499524574.05,500371023.55,2021-04-26
2731,002497,雅化集团,71679955.29,-60.91,3196739286.2,4.2420635255,2321279049.1,119980766.26,374434288.76,79001851.54,2992582082.59,148780225.43,141345066.89,2021-04-26
2732,002438,江苏神通,172032390.12,66.47,1348220649.74,23.978415578,863471235.29,133900370.27,69632655.69,18957961.9,1162583225.09,191391180.92,190638277.59,2021-04-26
2733,002407,多氟多,-410579550.77,-731.56,3997698547.47,-1.4662809953,3187363997.27,182281582.88,285538849.36,129157812.02,4020481824.52,-450193318.5,-429157607.31,2021-04-26
2734,002057,中钢天源,137209639.73,12.19,1381484763.56,7.9774911426,1009206560.96,47765948.68,92467716.62,5275359.71,1236792595.28,159469497.5,160271883.79,2021-04-26
2735,000863,三湘印象,282089530.13,161.910812445062,1987581565.54,21.7117450695,1264652750.69,112556042.1,186966152.87,105909660.35,1769896533.05,298952607.48,345435087.81,2021-04-26
2736,688609,九联科技,122256091.51,156.415864010188,2436528866.71,-20.4181521324,1885539499.35,169537606.07,44366588.45,51196427.02,2320893775.95,129601537.9,129065618.58,2021-04-24
2737,688518,联赢激光,72073312.46,-13.558465008904,1010933835.46,3.0198458868,665879551.58,75381647.4,128421292.93,3390163.83,938864028.16,73808542.04,78116209.16,2021-04-24
2738,688335,复洁科技,64148164.63,93.942790461807,343456783.2,82.0112713943,222821027.06,9412583.67,20647788.12,-1915074.0,273515952.64,77564529.6,77520976.54,2021-04-24
2739,688328,深科达,50889295.01,15.208730101063,471936166.13,3.6503333332,293114005.48,55135146.58,34013959.92,1250671.07,433360653.65,57235580.3,55640856.21,2021-04-24
2740,688288,鸿泉技术,69688275.8,22.01,313201966.93,26.3408724724,151976429.14,24757416.51,26877773.25,-2711173.25,254768234.97,74675389.51,74651365.07,2021-04-24
2741,688066,航天宏图,83519220.81,31.33,601171533.51,42.0100110717,265619460.28,58655469.44,81052885.56,3439319.44,498864484.6,94695159.01,93335831.24,2021-04-24
2742,688023,安恒信息,92220437.39,19.96,944032874.31,50.6627525734,288181908.07,316256377.9,84525704.66,-2813914.32,902380036.67,92123927.1,91014050.33,2021-04-24
2743,603983,丸美生物,514887917.33,23.99,1800857590.07,14.2847305315,573457368.66,540450943.19,90633419.99,-22367458.72,1247467750.64,612648436.19,614020667.38,2021-04-24
2744,603787,新日股份,70527118.31,-20.45,3055512143.47,0.1643481543,2609413715.82,220452490.57,101970914.94,-19054577.82,2989572767.41,73787501.29,77567217.83,2021-04-24
2745,603727,博迈科,34654233.74,384.49,1354097815.53,241.4039041871,1182828761.62,9278632.61,66912045.14,16201740.43,1341849967.8,26674141.99,28393150.13,2021-04-24
2746,603721,*ST天择,19349118.49,-29.34,268930146.51,-14.1833041194,218091822.43,19443220.34,37482014.02,-721915.51,291481331.77,30855393.51,26319483.3,2021-04-24
2747,603718,海利生物,12151225.23,-42.95,277992965.9,9.2030569608,148707829.78,59298968.09,48257997.79,18211578.12,306660555.46,7021820.46,6827204.77,2021-04-24
2748,603701,德宏股份,57513627.58,-48.11,476199765.23,3.7570575229,334306666.28,22178955.55,35428237.31,-1253535.46,410101664.42,65365491.95,65215491.95,2021-04-24
2749,603515,欧普照明,890323353.02,-0.99,8354858629.37,4.3852399958,5301189667.18,1634101930.72,252023404.16,6815790.13,7551221648.17,1021291567.6,1038315727.58,2021-04-24
2750,603506,南都物业,113930766.06,24.09,1244468462.57,17.5547735494,965176750.71,26958566.08,102782651.0,-2781390.26,1099312669.08,175107041.42,174984282.66,2021-04-24
2751,603486,科沃斯,120705002.66,-75.12,5312194274.6,-6.6997691049,3278045801.11,1231776009.92,328849972.33,4598554.26,5157499964.5,140966657.49,144427407.93,2021-04-24
2752,603408,建霖家居,333966048.6,-0.214848357388,3393033931.12,-3.8688849992,2393570980.25,161311929.69,239382710.1,-3467871.53,3037327333.58,382017836.42,381178178.93,2021-04-24
2753,603266,天龙股份,65111109.59,-3.07,919004676.41,-0.820825929,683556097.99,39582448.67,84861744.56,-2098066.95,857512033.26,72400928.95,72172291.9,2021-04-24
2754,603198,迎驾贡酒,930445572.61,19.49,3776983564.64,8.2602221505,1346297172.44,463235843.8,187642306.01,-9085670.8,2598604877.59,1265103279.19,1252379542.15,2021-04-24
2755,603100,川仪股份,234310652.31,-39.38,3968890445.2,11.578757786,2694954975.22,550423470.66,262068444.89,38730143.82,3832110206.89,265636434.85,265430152.1,2021-04-24
2756,603083,剑桥科技,21746194.98,-71.68,2973748561.72,-5.784439395,2453783949.2,60707936.88,184949751.12,12305987.5,2988175722.37,20249396.77,21633127.45,2021-04-24
2757,603041,美思德,72040655.4,76.47,338597203.51,10.9552557666,204616331.72,24143632.5,19186140.43,-1469919.29,271477173.49,83512382.52,83509936.13,2021-04-24
2758,603012,创力集团,295453458.47,28.18,2288473587.9,16.9250441811,1271848718.81,389033401.39,99802448.43,21062603.96,1874912844.06,403993503.38,409663309.69,2021-04-24
2759,601999,出版传媒,148286660.15,-16.57,2710639546.19,15.6236781843,2100797438.33,225884675.14,291271328.21,-12888003.0,2626087819.93,149750768.2,150611202.99,2021-04-24
2760,601595,上海电影,137136365.6,-41.63,1106517765.18,4.7935185643,915280877.11,14008240.16,99549778.4,-17856082.66,1019507733.33,159411891.49,157185007.53,2021-04-24
2761,601518,吉林高速,189417989.03,-22.27,780866926.11,-8.2825682273,360271528.63,,74644890.22,101073732.32,541424771.19,256429532.05,254825552.9,2021-04-24
2762,601229,上海银行,20297588000.0,12.55,49800292000.0,13.4717781165,,,9948556000.0,,27569879000.0,22230413000.0,22377089000.0,2021-04-24
2763,600990,四创电子,111066426.63,-56.83,3670966927.91,-30.0286482866,2996202456.26,123761970.07,202596288.0,42788616.85,3502443522.21,117730374.76,121256116.97,2021-04-24
2764,600983,惠而浦,-322839167.01,-223.3,5281658055.31,-15.972537618,4151736554.53,999817327.89,191686092.03,-21635912.79,5515950283.94,-276831028.46,-291251004.06,2021-04-24
2765,600929,雪天盐业,147001752.68,3.25,2272012598.99,-1.3377456929,1218394362.52,522739130.02,172842433.44,24674697.27,2102176882.43,195544148.07,192247915.07,2021-04-24
2766,600918,中泰证券,2249463067.12,122.91,9708987193.91,38.2,,,5024812175.33,,6863046510.97,2845940682.94,2833390073.73,2021-04-24
2767,600877,电科芯片,79739307.35,26.4,348475173.6,22.6441796744,185611950.72,7960298.71,22018758.47,-153608.78,260246965.95,93426991.73,93537911.01,2021-04-24
2768,600864,哈投股份,245769868.14,0.0,2953597322.3,7.04,1023892878.52,1573400.34,1138445789.5,29024752.37,3193692974.82,252005248.64,275428223.04,2021-04-24
2769,600859,王府井,961336746.95,-19.98,26788840655.57,0.2908154059,21258254114.85,2919377350.91,911503288.46,-896804.55,25332140357.22,1528051981.3,1444883928.07,2021-04-24
2770,600810,神马股份,651386652.53,-35.66,11048297650.67,15.7060598366,9034839435.57,180046088.56,533587318.04,328253416.84,10572723608.97,739890145.45,768753969.8,2021-04-24
2771,600773,西藏城投,106374285.92,2.07,1343819998.3,14.1776157519,763539606.21,98768960.67,111461161.75,43651236.02,1160514815.74,168991157.54,168888950.91,2021-04-24
2772,600746,江苏索普,-5637171.56,-257.32,590528502.55,24.4969282529,536303600.8,15916502.39,25387252.31,656492.45,609354949.0,-9065641.12,-9860025.26,2021-04-24
2773,600726,华电能源,75560196.13,109.9174947854,10828009982.85,10.4163299305,10199339673.11,8956202.08,59574615.55,889887959.62,11316644325.28,118671753.43,123997944.29,2021-04-24
2774,600708,光明地产,518285996.64,-59.77,14071172639.09,-33.585984476,9743757486.22,531482784.04,697281380.56,364565308.45,12302974431.84,1368127199.97,1342340326.02,2021-04-24
2775,600645,中源协和,49694801.5,-16.13,1386778848.03,5.0178177843,448712004.59,308523392.8,309514726.24,6841064.91,1197761784.58,108908424.12,113474878.3,2021-04-24
2776,600590,泰豪科技,144049459.21,-45.06,5304460043.57,-13.4302815803,4038514088.01,195298836.73,324044570.24,175460839.37,4955817696.72,222062156.37,223960247.12,2021-04-24
2777,600535,天士力,1001424997.62,-35.19,18998310342.71,5.6075603565,13051713335.32,2764816761.49,640155329.19,434934940.82,17582624761.51,1338212592.52,1330801161.18,2021-04-24
2778,600525,ST长园,-876508671.9,-884.93,6415001809.36,-10.1147489748,3807464293.08,715591498.64,922149243.95,371903190.52,6470658231.36,-853225612.41,-860952090.77,2021-04-24
2779,600467,好当家,89842997.62,4.86,1226123062.59,6.6350609543,957292526.28,58147280.01,67335565.06,108176959.26,1206171318.67,106136090.06,106318277.23,2021-04-24
2780,600436,片仔癀,1374376823.8,20.25,5722273431.36,20.0605342932,3190943250.83,523062710.41,273163803.29,-44954130.36,4107510143.87,1638148338.93,1644593387.42,2021-04-24
2781,600429,三元股份,134341021.13,-25.51,8150710056.9,9.3197509223,5470466593.95,2191391216.21,350677061.87,151638075.96,8228599150.5,269474703.43,276444237.74,2021-04-24
2782,600397,江钨装备,18971493.42,-70.48,5553987177.55,10.0092276074,5039498645.03,53518397.43,178339732.12,236197382.9,5560460005.19,62719518.85,36316829.63,2021-04-24
2783,600351,亚宝药业,13906941.04,-94.91,3041915898.58,4.2430592569,1108100201.09,1138557119.39,281742374.5,46181779.9,2726343204.74,53094095.86,49875498.58,2021-04-24
2784,600325,华发股份,2782823771.72,21.9,33148683110.95,39.8741918005,23331277799.51,1324658999.73,1293758165.31,267857287.92,29447794871.67,4356332186.88,4393695030.03,2021-04-24
2785,600318,新力金融,32280676.58,-39.06,517512972.95,-2.9697496404,81750195.69,550568.73,104868116.38,102998275.94,317954128.98,214412016.48,214254185.27,2021-04-24
2786,600308,华泰股份,680202187.97,-5.4,13538816480.4,-8.2944026161,11632376787.55,341718329.65,376958716.89,162887729.87,12784680156.89,718654632.8,800441902.79,2021-04-24
2787,600300,维维股份,72926044.3,22.22,5039164760.23,0.1241135783,3853143049.2,496018496.69,279050085.98,196130081.65,4915488648.96,84434866.43,88706742.54,2021-04-24
2788,600279,重庆港,159219872.41,4.29,4777233882.89,-27.1975556669,4365494932.76,15788861.42,210250216.98,82446817.53,4696951549.26,179952849.04,283856745.63,2021-04-24
2789,600170,上海建工,3930207378.11,41.38,205496707808.35,20.4935730862,184357931024.01,678938451.35,5609792081.53,1699515535.68,200419181866.34,5393622754.18,5683461230.89,2021-04-24
2790,600129,太极集团,-70830331.4,-200.81,11643087426.74,8.9219651959,6712735516.18,3750658866.35,777353326.12,277191896.38,11706557639.94,80112980.89,70472716.8,2021-04-24
2791,600094,大名城,743559126.35,35.03,13043166526.7,-2.5394479487,9505765923.73,458875482.15,327709532.44,716389314.95,11698988406.38,1324340458.88,1317908125.89,2021-04-24
2792,600084,中信尼雅,14919370.53,109.204918710406,248314310.48,-27.4781054114,113596039.99,65939505.55,49062032.22,-207645.72,247667448.29,12832842.53,14817165.38,2021-04-24
2793,600075,新疆天业,543835755.18,-94.12,8547642660.8,-6.7116495565,6439430069.56,431779502.19,285663234.19,202392290.39,7728251379.24,773794857.59,753301578.44,2021-04-24
2794,300953,震裕科技,77458480.54,40.407826934401,749534545.97,25.5147573786,549771971.84,16808459.51,50010274.14,12693599.9,658495551.27,87564839.66,87064282.32,2021-04-24
2795,300920,润阳科技,115833172.36,32.782368137556,364968021.05,12.359882304,195030452.27,9192706.84,21724301.57,697423.24,240220551.2,132008920.74,138953283.84,2021-04-24
2796,300917,特发服务,65328693.53,26.118501693928,891219944.33,27.4965416793,725026923.01,9619549.24,64701078.31,386871.37,805580884.2,88953122.3,91156031.43,2021-04-24
2797,300900,广联航空,74648540.17,40.94545560699,268473980.73,30.0781094849,135625843.13,9451617.67,21209762.56,5075582.97,187062566.77,79351764.47,84536848.63,2021-04-24
2798,300883,龙利得,85999901.01,-3.104994668351,871484033.68,1.2641013336,638754645.86,44934375.64,35069413.32,15227443.65,778074296.33,97875316.7,97766600.78,2021-04-24
2799,300809,华辰装备,141362142.96,3.89,424957757.65,5.8444155903,223799174.97,16417110.19,21284171.19,-3622211.8,278453187.77,163432794.72,164247654.2,2021-04-24
2800,300800,力合科技,229997920.08,27.28,734470009.39,19.7417408038,354353118.97,57393054.14,40386589.37,-2989365.26,506627133.61,262227314.39,266806632.85,2021-04-24
2801,300772,运达股份,106575624.36,-11.46,5010260787.05,51.2866032779,4151213414.45,563893777.62,42944609.9,-19720875.75,4942924249.02,110679448.13,112777776.13,2021-04-24
2802,300757,罗博特科,99880988.89,4.78,981033595.81,48.9608403677,747596392.07,28845270.38,29567381.99,-3559627.0,842292341.11,116791906.47,117203037.45,2021-04-24
2803,300753,爱朋医疗,102343469.8,46.02,379647097.53,27.3839013726,112019279.84,103461050.78,53533893.12,-7314418.67,289574601.79,120729925.97,117823001.12,2021-04-24
2804,300749,顶固集创,77887370.91,1.8,929728775.24,11.9266728179,571620335.36,126851201.85,99607765.66,1383296.23,845003878.96,89087542.61,88124336.13,2021-04-24
2805,300707,威唐工业,36715931.88,-55.63,403190649.06,-20.7667544715,236613082.33,49893410.8,44574759.13,2681246.87,357427526.56,43788486.72,43963870.11,2021-04-24
2806,300696,爱乐达,78051323.48,13.98,184235231.53,43.7697942649,60292813.96,684117.84,25080465.84,-62349.35,100037943.41,93348539.07,93304576.07,2021-04-24
2807,300689,澄天伟业,47686109.64,-13.01,349203657.1,-1.6680889581,253792785.59,10437172.17,42191922.77,-2938708.12,319859194.58,57107909.82,56871842.24,2021-04-24
2808,300648,星云股份,3548407.92,-82.7,365583908.66,20.7514871339,205968950.89,58458038.11,31807763.06,907763.96,358487733.43,-454309.81,-345089.67,2021-04-24
2809,300642,透景生命,157018318.31,10.82,441452526.03,20.9968195048,94602813.41,111374080.23,21558133.73,-6342219.41,275280618.12,181814942.76,181143667.41,2021-04-24
2810,300633,开立医疗,101536945.35,-59.81,1253853575.06,2.2011356073,435275658.18,406878660.07,73448555.43,10846220.66,1195760708.17,106616062.77,107691841.49,2021-04-24
2811,300632,光莆股份,173269372.27,46.16,982801717.09,26.894013201,619353868.96,71278893.07,40263575.3,1613041.18,788024205.88,204651532.03,204670532.44,2021-04-24
2812,300611,美力科技,18079518.63,-9.24,601486573.88,10.3465319678,432489407.53,36394921.61,48729913.01,11023777.72,567605087.79,24048305.3,23840900.99,2021-04-24
2813,300610,晨化股份,95324016.84,10.59,804898109.37,2.2997862252,596154888.52,53883317.69,51043836.62,-959072.92,728249021.16,111237105.36,104386888.47,2021-04-24
2814,300590,移为通信,162267290.28,30.23,629466317.14,32.179266028,337851560.02,40889624.92,24579159.87,-4315247.84,482749567.42,170655407.29,174033130.85,2021-04-24
2815,300571,平治信息,212690585.31,24.1,1717633401.11,44.2946373911,1178853074.23,20792770.53,89124159.85,30808688.92,1380844453.73,304548407.21,311269432.44,2021-04-24
2816,300566,激智科技,64658514.11,51.67,1096211086.27,20.6690879166,809778416.87,46507119.88,40390003.23,31798491.58,1020980865.32,62546939.83,73005288.63,2021-04-24
2817,300557,理工光科,10190492.04,-43.21,269250321.56,31.2687552283,170085983.14,45762351.19,16743623.81,-683994.88,261053232.75,16022117.94,16172487.41,2021-04-24
2818,300555,ST路通,4956009.83,-51.68,263782163.09,-22.141068091,199771154.51,19160609.72,18525055.57,3550350.17,259187036.16,2890853.16,5166409.59,2021-04-24
2819,300536,农尚环境,52526621.48,0.54,462814178.58,0.5528698927,349797583.42,,33323238.76,-1462217.83,398873197.3,58719703.08,59271479.47,2021-04-24
2820,300514,友讯达,53225016.82,1.4,780403666.19,11.8872557009,542943692.4,83076481.61,45831486.68,2855575.26,742411192.66,59846207.87,59734827.42,2021-04-24
2821,300455,航天智装,143177885.94,14.35,927742355.27,19.1690999209,627851613.84,30191614.75,48203253.9,9263404.91,772564693.94,166872300.43,167259901.38,2021-04-24
2822,300448,浩云科技,154431200.03,10.13,784434539.34,2.4999802662,395903090.72,69197240.19,76391456.01,303479.39,595267511.58,193928012.29,194765790.04,2021-04-24
2823,300425,中建环能,156333517.63,13.82,1231778859.84,3.8813598404,722472529.88,130205719.77,130689345.56,27474641.22,1061005293.44,183653224.87,189734914.19,2021-04-24
2824,300420,五洋自控,155397825.8,18.63,1291377836.4,28.8701953215,848517332.41,89940224.85,66372988.94,12883413.63,1099686075.31,172145980.45,171577322.03,2021-04-24
2825,300381,溢多利,127522059.24,12.35,2048133404.03,15.8336552994,1323391847.18,167055809.51,191116310.99,65560369.3,1879319992.17,192682527.5,191863927.3,2021-04-24
2826,300358,楚天科技,65187775.25,13.49,3140357039.98,17.4149563408,2174663180.53,327817475.91,230584276.59,51299121.02,3022600742.6,80992278.78,85904520.78,2021-04-24
2827,300338,ST开元,-634977012.49,-744.0,1489345075.7,2.4378531119,367691340.96,606479586.07,373493252.38,53149209.72,1478147698.0,-573112025.98,-617036038.11,2021-04-24
2828,300332,天壕能源,47168621.05,-44.11,1807111307.68,-8.4576918914,1349863616.55,19375374.0,163188795.72,160441067.93,1744322756.54,32305975.02,47747654.12,2021-04-24
2829,300316,晶盛机电,637395087.11,9.49,3109742819.15,22.6378809172,2004333958.01,46158100.37,125531484.96,-522736.12,2377193165.3,732515334.47,721209113.5,2021-04-24
2830,300310,宜通世纪,31716178.1,101.61,2485724600.26,-3.6029647926,2127475821.86,52183680.29,188450953.96,-1814433.05,2469813697.71,14859762.57,12141701.11,2021-04-24
2831,300303,聚飞光电,308432396.89,93.01,2506856474.33,6.9010854993,1807031111.8,62060862.94,132337796.74,-5316169.59,2133343334.77,354722605.89,354832434.44,2021-04-24
2832,300290,荣科科技,43153626.44,111.3,723766459.3,15.486594037,452352089.47,72051338.26,91486444.93,7799500.94,675706850.99,46186575.68,46106413.83,2021-04-24
2833,300288,朗玛信息,65909367.29,-36.87,435706090.79,-4.8903228435,250606653.78,19204737.6,79309698.06,6417972.75,393239079.31,72836336.74,72795558.52,2021-04-24
2834,300279,和晶科技,5627003.37,100.79,1458685427.17,14.6800627434,1199995949.06,32849101.57,69532238.61,55349658.89,1422415830.26,10587369.37,12066181.65,2021-04-24
2835,300250,初灵信息,47106211.82,115.46,485834939.98,15.7318376631,257812179.75,57171333.27,59322874.55,-5852691.34,450465826.0,48527685.87,48278091.41,2021-04-24
2836,300210,森远股份,-319960839.58,-230.97,257109525.42,-37.5400230166,212296872.82,47734811.29,34750519.02,43413905.18,368429279.89,-351731135.37,-351868830.83,2021-04-24
2837,300164,通源石油,45135224.43,-56.438502934151,1555773923.8,-2.3427193305,1013476886.98,221134195.56,154390562.48,23895944.38,1433004925.11,80894504.65,63029429.98,2021-04-24
2838,300162,雷曼光电,40407138.22,210.77,966897140.76,31.8156545474,708848866.04,93736766.82,64945874.92,-4003654.24,914783933.1,46676626.66,47511081.36,2021-04-24
2839,300129,泰胜风能,153627080.83,1358.82,2219025768.15,50.6951668771,1746130330.51,103404140.96,98688423.48,-3756635.93,2043092632.35,182656752.6,182074874.04,2021-04-24
2840,300126,锐奇股份,9246072.58,120.64,459117421.28,-21.2757099832,362138258.48,41378758.64,30725979.71,2342818.86,472627909.69,9562981.93,9637027.98,2021-04-24
2841,300112,万讯自控,64150972.42,14.09,697149078.6,17.4544408219,320057914.44,168310151.58,71220770.79,-1175958.04,628648219.82,78812645.79,79011906.76,2021-04-24
2842,300095,华伍股份,78206262.35,178.66,1073675536.68,16.0365556187,649176574.98,90437796.25,75696169.9,57331469.62,924600960.72,109818285.81,109754858.24,2021-04-24
2843,300086,康芝药业,-26462980.18,-297.98,1008431482.87,14.2381670642,521626513.5,287896502.46,157502467.85,13393142.99,1008541656.47,-19092049.82,-18285429.42,2021-04-24
2844,300085,银之杰,4917894.1,-86.24,1181006553.61,-9.100982338,809406939.98,192201122.27,62058606.69,17032847.87,1150891123.37,4877809.42,4400991.59,2021-04-24
2845,300067,安诺其,159917622.5,15.65,1124493081.14,-3.0557283611,712884032.7,60423147.29,80758425.58,6200234.53,924491509.84,200663909.65,198858093.0,2021-04-24
2846,300046,台基股份,-220028922.1,-356.53,264937838.14,-36.6342342948,177357156.44,12719913.92,33521892.52,198957.97,234969637.06,-256056707.59,-209367216.45,2021-04-24
2847,300031,宝通科技,305042137.26,12.25,2475616071.21,14.2822805257,1023878118.15,931079866.38,131072283.18,17779897.35,2161140446.97,311279270.51,311419831.51,2021-04-24
2848,002981,朝阳科技,83138239.72,8.083699027399,827657100.88,39.134479052,645257617.52,13276729.39,29244403.98,-4015583.77,723405125.49,93909126.71,94683480.63,2021-04-24
2849,002885,京泉华,52064135.2,-34.7,1332821585.18,14.2769635648,1113106316.28,40882776.2,52064387.66,7539763.32,1275394581.81,52585668.93,51885136.64,2021-04-24
2850,002841,视源股份,1610908565.49,60.41,17052701667.82,0.4063418423,12393276966.22,1083518588.79,705032592.63,-65104355.24,15200254991.51,1760112406.81,1786489680.96,2021-04-24
2851,002689,ST远智,-107187831.47,-1245.9,809748619.29,-34.4232587364,583683028.56,177264801.06,103265275.2,-3822622.08,921885041.07,-104990386.71,-103508976.21,2021-04-24
2852,002686,亿利达,-444514213.28,-1827.32,1481215064.87,-1.9997423762,1104616144.8,142086828.43,171276714.72,61862908.15,1588107482.46,-530883485.8,-509463395.67,2021-04-24
2853,002670,国盛证券,77329597.6,117.49,1669714290.97,37.79,177922.13,,1440102274.63,250106655.63,2286639466.08,192039588.0,184521867.92,2021-04-24
2854,002639,雪人集团,56926436.82,269.51,1513568678.62,16.1232661523,1180605331.95,83051697.77,102068523.23,65746009.16,1529721814.29,67573851.91,64763858.09,2021-04-24
2855,002612,朗姿股份,58778676.12,-72.07,3007255155.4,12.9888698408,1255812592.59,1128976656.29,279567886.6,105740177.82,2893785887.92,156095000.44,141445465.15,2021-04-24
2856,002609,捷顺科技,142328015.08,50.46,1164191665.14,28.8411414283,622240393.76,216990882.55,120193373.92,-27324299.47,1019909247.98,151309336.44,157288776.25,2021-04-24
2857,002590,万安科技,127073481.63,494.53,2249115160.72,-0.2708467776,1801520531.21,150561234.87,120894875.51,18335414.47,2201615922.54,133904730.94,132053935.04,2021-04-24
2858,002573,清新环境,379901458.13,-27.63,3375298869.22,-17.4284549632,2617596003.8,62703527.97,152224026.09,160584164.17,3090064572.89,411682577.34,411674229.69,2021-04-24
2859,002523,天桥起重,80946066.33,-24.28,1333867143.46,-5.1356323825,972769243.92,81313642.76,120300825.83,16512514.6,1287417019.49,77908178.19,91661688.93,2021-04-24
2860,002339,积成电子,51722279.13,-29.53,1841353459.19,-6.1437181164,1197847295.06,165068528.45,218772818.23,34358638.0,1771806284.39,73842699.91,88566125.46,2021-04-24
2861,002322,理工能科,311618881.06,21.46,1005342784.09,0.943165292,409571515.23,109683732.28,86801041.38,8364292.58,748009512.47,343176367.73,340786369.39,2021-04-24
2862,002278,神开股份,43542892.66,46.3,785239502.08,10.6807641203,506700166.02,83131935.29,82340886.52,2317970.76,746990860.86,54753515.51,56488619.5,2021-04-24
2863,002274,华昌化工,201550288.85,41.91,6314574628.92,8.7562481176,5553229091.49,209976036.78,191426327.66,105760265.19,6114273868.33,280373896.51,248288790.66,2021-04-24
2864,002222,福晶科技,134521610.16,-10.56,501145707.58,1.9997050007,232666115.79,10844240.13,66076855.4,-3843761.28,367070895.69,152726815.74,153808319.57,2021-04-24
2865,002204,大连重工,49627317.29,222.41,7210395220.74,9.7224385997,5491430322.67,210935521.94,631969955.25,-336697.06,6915362972.55,93878028.63,50966967.86,2021-04-24
2866,002187,广百股份,112648297.41,-43.98,8018647032.95,5.3312064569,6829509192.72,846126878.95,91090633.39,-29641468.41,7818434333.77,224043801.23,165213152.27,2021-04-24
2867,002186,全聚德,44627861.62,-38.9,1566318940.67,-11.8688242858,650326802.67,673405624.32,204322913.54,-139855.0,1545833044.02,70375449.36,70326327.64,2021-04-24
2868,002171,楚江新材,461010188.69,12.83,17047972097.04,30.0666331891,15736512199.7,172555063.74,231955290.59,53829844.31,16770545223.1,551391993.78,546781048.24,2021-04-24
2869,002138,顺络电子,401689957.64,-16.07,2693227392.47,14.0211069543,1773591930.23,75875905.97,149947187.72,18560476.5,2236181248.12,461054143.96,457252402.54,2021-04-24
2870,002133,广宇集团,233237854.46,-30.6,3839789314.66,21.1930173504,2707488204.69,102646148.86,123928281.49,46496474.25,3243925267.87,554115865.32,555995865.66,2021-04-24
2871,002123,梦网科技,-278069177.5,-453.91,3200696561.59,15.6105357396,2556326467.31,268662315.23,291689069.04,28570342.02,3288245736.71,-150551799.68,-159725532.95,2021-04-24
2872,002105,信隆健康,41938601.24,283.87,1966596334.15,30.8082738063,1621682226.54,56869436.57,130875676.0,26622778.74,1884333392.75,45873447.17,42615431.04,2021-04-24
2873,002103,广博股份,12836290.28,101.89,2165233247.72,5.7083440764,1815365709.71,207811100.24,80857478.94,17582971.58,2145325539.27,7095268.38,17013746.64,2021-04-24
2874,002091,江苏国泰,945056350.94,-6.96,39326128847.42,6.6892928636,34630983218.07,2001936331.73,861386863.66,71356663.42,37696823022.24,1886524767.69,1897894846.29,2021-04-24
2875,000985,大庆华科,44727554.06,1653.02646636884,2155889874.89,27.5546942486,1982143300.16,20892258.67,97195590.9,-4204033.37,2113658811.59,41495326.62,45315358.03,2021-04-24
2876,000978,桂林旅游,55018583.76,-31.57,606147910.89,5.7719975335,344804410.98,18278078.63,156943629.47,50601795.5,621702280.39,41838077.98,42438797.8,2021-04-24
2877,000977,浪潮信息,928747236.93,41.02,51653280173.6,10.0391510927,45468314028.26,1438851756.03,780302047.0,118746431.12,50246969849.63,1026966505.66,1030876088.44,2021-04-24
2878,000953,河化股份,-60916555.09,77.75,138660130.33,-40.0023510004,135588040.37,1517718.24,38873194.94,24592631.49,200688676.65,-62844331.71,-60869546.14,2021-04-24
2879,000938,紫光股份,1843402111.12,8.08,54099057664.94,11.9181134268,42773527856.17,3311209456.12,755339333.67,443451467.62,50822218109.15,3521254944.01,3611158964.6,2021-04-24
2880,000912,泸天化,283267954.92,-19.43,5507203828.32,25.0102860342,4813051133.49,47385603.17,353125713.45,20318768.44,5279386572.14,249507175.55,261065043.18,2021-04-24
2881,000825,太钢不锈,2118860405.74,-57.43,70419388610.83,-3.4638132907,61970257479.42,1613762643.32,587387689.17,931834819.93,67694259904.61,2150178384.5,2158000893.19,2021-04-24
2882,000823,超声电子,303090628.39,12.32,4841691224.99,-2.0147421543,3772303214.8,165528928.05,270476892.94,-6954167.72,4450561828.66,414853596.01,412043893.79,2021-04-24
2883,000716,黑芝麻,33846470.39,-43.51,4475639683.53,12.8956789629,3616819495.2,522844823.19,148873918.07,105542876.13,4420763675.61,31509989.91,49108019.25,2021-04-24
2884,000695,滨海能源,13329548.16,-63.49,579422666.76,-44.6320603738,435555346.12,29251891.04,33826642.64,12540944.57,531487678.46,47881254.29,47151881.34,2021-04-24
2885,000685,中山公用,1046376668.35,52.43,2219578462.61,8.971669293,1564336727.42,57944089.72,179881739.21,137772538.21,1994021051.64,1141731339.59,1147146025.73,2021-04-24
2886,000633,合金投资,-6359251.38,-229.97,99665118.96,-10.2776847267,85235671.04,2667756.96,22897502.6,1890911.87,114377487.79,-12673264.09,-11453702.98,2021-04-24
2887,000626,远大控股,169154970.3,254.85,67754168435.7,2.6159822954,66803998374.48,578889245.65,201144855.32,46981262.61,67645783307.17,280378630.21,302184953.84,2021-04-24
2888,000530,冰山冷热,89112113.43,-19.36,1831851280.7,-6.826496489,1517561448.51,131188733.71,185737215.53,18469090.71,1920595965.21,64297881.62,66716013.2,2021-04-24
2889,000503,国新健康,17427811.61,109.28,129912815.99,36.0628253682,163316110.9,16397244.37,115565194.0,-16114450.33,285700428.39,16098397.39,15999553.1,2021-04-24
2890,000411,英特集团,151093951.77,60.99,24600927156.34,20.0505463585,22958563391.32,656915334.39,361054149.76,169685256.27,24188142206.74,467224228.26,466136095.29,2021-04-24
2891,688678,福立旺,107358821.39,117.871000845879,443222365.69,52.1910440317,253093286.89,12620261.93,18818603.41,2829242.04,311907336.32,122530469.62,124618249.63,2021-04-23
2892,688630,芯碁微装,47625111.53,175.406539782769,202261172.3,131.6976885833,98663207.0,13987112.31,15172565.29,-1202309.75,155427952.42,51384372.65,54952567.07,2021-04-23
2893,688618,三旺通信,57989273.63,12.864376015857,172467827.82,17.3241604531,57790619.69,29080985.14,5745406.17,-287735.06,122038275.78,62504171.59,62508389.64,2021-04-23
2894,688589,力合微,43456106.23,89.094659544337,276760593.45,47.082828973,142906837.3,25296636.1,16318770.95,216582.7,230133935.49,46449014.68,46542825.03,2021-04-23
2895,688560,明冠新材,104905116.26,18.543399158102,945745183.57,9.1089643079,714440488.43,34282999.37,24995071.91,1736159.66,818702785.82,120292233.1,119887919.82,2021-04-23
2896,688510,航亚科技,42185477.5,201.605013323952,257604361.92,59.5646355711,152775448.86,7735811.19,19426829.34,128066.99,211713371.46,45384301.92,45349541.8,2021-04-23
2897,688466,金科环境,74719885.94,11.575946568494,504557542.63,25.4661417403,332907091.32,14675195.86,38435954.04,2216363.98,407231341.9,89435125.31,91107193.47,2021-04-23
2898,688395,正弦电气,55962754.08,38.250564325495,281122605.68,26.3086377367,170400196.36,27040879.13,17652272.63,-232357.17,229925213.89,64377977.53,64626170.39,2021-04-23
2899,688390,固德威,102815144.05,83.465056842416,945354024.96,13.1548135126,562453151.09,133401821.06,46040356.61,-2639681.93,804067823.37,121615247.29,121613464.78,2021-04-23
2900,688323,瑞华泰,34271753.36,-6.40879756665,232341956.88,5.5494058694,141565132.37,7862062.7,22211406.5,5938845.07,198841492.05,41009922.07,37973755.07,2021-04-23
2901,688312,燕麦科技,91253848.12,37.92078499562,270839560.39,11.0514256024,108231023.62,21462363.9,23055424.56,-8785676.84,190905760.75,101575238.68,101747353.75,2021-04-23
2902,688165,埃夫特,-42682841.21,-93.041783589771,1267797556.74,-3.4867610636,1051928066.68,60617977.17,183343676.3,11495682.69,1388168172.17,-86879479.11,-73231814.24,2021-04-23
2903,688085,三友医疗,97818385.56,57.422636339331,354319330.18,59.3786897897,30956387.67,176027620.59,15204497.89,-171415.33,243357011.76,109339970.03,113959868.0,2021-04-23
2904,688070,纵横股份,39145259.51,61.805393030463,210760336.53,80.794806321,91651873.45,38326469.17,21128187.85,-66507.47,173240091.24,48527573.96,47839264.34,2021-04-23
2905,605298,必得科技,110129209.3,3.941488014091,312808137.56,10.7271251314,115746988.47,10250795.65,33447516.02,359065.98,183897434.92,126799838.57,128646011.27,2021-04-23
2906,605066,天正电气,215822997.72,55.865961746957,2200775191.79,4.6444049422,1538090657.14,224465074.39,112065325.22,8774426.07,1981377334.19,246040271.46,246642312.43,2021-04-23
2907,603888,新华网,287887614.18,0.98,1569884958.35,0.0362770975,944658160.04,252823373.75,103128065.85,-27387491.08,1369039273.76,220180115.32,287751883.07,2021-04-23
2908,603878,武进不锈,314868888.8,58.12,2323555459.49,16.173718808,1765235452.77,71948101.32,73050228.1,6358634.23,1968771535.42,366575716.08,365435038.34,2021-04-23
2909,603871,嘉友国际,343331490.63,27.14,4170611468.57,1.7008305839,3714948352.0,5079644.87,43514701.16,-10910119.81,3787610695.27,411138030.94,416995921.38,2021-04-23
2910,603868,飞科电器,685823718.67,-18.83,3759367800.79,-5.4617039118,2307845844.24,389536250.27,120987177.87,-3076770.05,2926200367.73,860202053.97,910777685.35,2021-04-23
2911,603843,*ST正平,71409449.51,2.34,3728620812.66,32.5841847018,3318743311.7,13377920.33,119125741.48,128234328.19,3596167964.84,123750200.74,123584670.42,2021-04-23
2912,603833,欧派家居,1839448516.68,17.02,13533360200.97,17.5854176262,8683564175.73,1309992411.01,939280784.49,-69582649.3,11593294721.81,2104724197.28,2118567752.88,2021-04-23
2913,603811,诚意药业,131391821.54,35.58,681227988.33,24.8205254869,183117694.32,267352412.4,53272593.94,-2535579.85,535970749.57,154285463.09,152944089.03,2021-04-23
2914,603797,联泰环保,175964625.3,139.31,488150182.97,94.1129534267,145288867.74,,29039038.06,118264285.82,301041768.36,211810338.14,209874614.67,2021-04-23
2915,603728,鸣志电器,174644513.78,4.7,2057974749.63,8.6548328467,1278678856.01,186838596.87,268851103.59,-2561090.7,1873203794.6,192658462.81,192579074.44,2021-04-23
2916,603703,盛洋科技,3866614.82,104.3,834454521.34,40.1014138269,639988924.75,38824090.43,85674066.77,20006115.49,834763656.45,21041829.46,22402168.1,2021-04-23
2917,603658,安图生物,774163957.63,37.61,2679435637.43,38.8541703357,895744113.93,441017748.12,122524389.54,24450574.5,1822416496.34,894239635.64,885741851.06,2021-04-23
2918,603629,利通电子,63452864.86,-31.36,1620250982.39,1.6089350458,1314330757.97,66797985.08,79806267.56,11265888.66,1541541861.8,70490119.83,70191506.56,2021-04-23
2919,603605,珀莱雅,392681976.58,36.73,3123520211.77,32.282555561,1125573226.23,1223031824.07,195259927.02,-9494812.3,2636811936.85,461608055.1,456242956.41,2021-04-23
2920,603579,荣泰健康,295589240.2,18.61,2313911804.43,0.7955739784,1590226312.12,266265984.98,51772536.95,-3261870.84,2031837587.95,326913768.9,327788425.25,2021-04-23
2921,603558,健盛集团,273312959.07,32.39,1780368877.71,12.8624181729,1260625800.34,55476931.71,151472890.2,2907978.8,1535557743.17,302363341.21,299272876.28,2021-04-23
2922,603389,*ST亚振,-124516984.62,-44.603963904086,372359581.95,-10.7205234723,191477820.63,157015977.96,90233401.26,-56142.67,459819712.6,-133493515.17,-144723956.23,2021-04-23
2923,603380,易德龙,127162144.37,25.2,1027475295.68,8.0209150585,744447392.47,21057591.56,56342746.05,-198959.18,879063066.56,146390955.95,144952103.93,2021-04-23
2924,603311,金海高科,80111978.32,23.17,648834684.18,14.7971457458,443985952.89,41165738.36,53833236.32,3854475.66,562593423.37,94216739.05,94578537.26,2021-04-23
2925,603309,维力医疗,121144863.25,85.23,993812556.74,33.2483859791,554093642.48,123145176.88,111631590.75,13095800.89,856149772.73,146850063.64,147732251.7,2021-04-23
2926,603238,诺邦股份,82526175.3,49.36,1098023576.74,17.2540583394,788357110.69,80311310.29,51961742.62,-1797211.16,970252814.24,123221062.65,123913666.13,2021-04-23
2927,603232,格尔软件,70075220.17,-2.4,370541320.66,20.0773791169,153562427.37,42911899.58,56458660.72,-456701.61,315676324.16,66043090.01,79214669.97,2021-04-23
2928,603221,爱丽家居,142029668.06,-18.992351706182,1145787941.7,-16.5321784973,874015423.08,27703955.31,41515143.46,3010649.6,967538298.65,160223800.58,186778216.04,2021-04-23
2929,603218,日月股份,504539612.13,79.84,3485830442.82,48.2960232818,2607179807.66,54011681.22,114736981.47,-10821770.38,2915708382.24,578672944.11,574939123.95,2021-04-23
2930,603200,上海洗霸,40654680.99,-49.23,583607279.31,41.1026373493,412515463.4,17252092.08,50735466.14,-6232296.81,508187374.64,41717928.48,46420647.9,2021-04-23
2931,603187,海容冷链,218836696.43,57.1,1535632694.79,26.7266616686,1021200573.38,153596073.18,51837813.24,-13579231.62,1276388133.9,249491478.15,253374051.09,2021-04-23
2932,603169,兰石重装,56392473.85,103.737665334743,3437821912.85,34.9887160398,2884867755.69,57231978.73,126083528.72,211283640.77,3338459239.42,92581356.13,97133419.79,2021-04-23
2933,603139,康惠股份,42763042.87,-23.13,431421291.73,14.8563135473,222747572.88,123357166.74,23784565.32,-1532395.26,381997591.61,56674290.26,55866324.64,2021-04-23
2934,603089,正裕工业,74484977.12,-26.08,1108868100.6,2.4193619043,762872379.16,55816990.37,75301549.63,4328760.94,958002922.69,121669832.82,121740151.15,2021-04-23
2935,603031,安孚科技,15278250.13,160.8,1897855080.19,5.2642483016,1519925219.86,257302428.62,51899151.78,29403366.91,1879129367.98,23044166.58,23515441.94,2021-04-23
2936,603016,新宏泰,59932587.82,-2.17,442648100.13,6.4297748325,273523094.15,21115987.39,54128449.74,-3274168.05,380262821.68,71511929.69,71486169.9,2021-04-23
2937,601965,中国汽研,466923378.16,15.79,2754523114.82,-0.1264002282,1918959291.86,77302281.05,187707681.78,-26052265.17,2281188538.9,549276653.5,550667350.18,2021-04-23
2938,601928,凤凰传媒,1343618178.32,1.41,12585443624.3,6.7585075065,7891985384.91,1703582117.8,1508156249.7,-280557511.02,10938424033.36,1420569237.02,1443113612.02,2021-04-23
2939,601339,百隆东方,297808907.84,-31.93,6221786385.25,3.7334912511,5246149245.15,142592717.31,340705794.27,163524243.25,6068778935.83,284802407.19,322321312.4,2021-04-23
2940,601226,华电科工,82231686.03,44.16,7175673469.09,22.9683325232,6501269330.26,42440168.81,289701228.59,13703106.08,7019382648.34,91635261.05,85012727.82,2021-04-23
2941,601222,林洋能源,700405103.05,-9.93,3359243789.3,-16.3556406501,1841210181.75,156872233.79,232581571.48,268679443.97,2657998919.35,798301563.32,779299357.33,2021-04-23
2942,601199,江南水务,234853118.62,20.55,991750589.57,10.3728140914,454165769.64,76333154.63,114725310.41,-2914720.28,658657299.71,310705184.72,310000512.93,2021-04-23
2943,600831,广电网络,-99980261.05,-195.16,2629769583.24,-3.0979550402,1970719381.32,247973061.28,449651317.16,47757188.95,2720947126.42,-106992897.47,-107797346.72,2021-04-23
2944,600830,香溢融通,26677581.9,-13.25,449126882.11,-50.55,214266258.4,8684057.69,85736419.33,-3589530.12,363063654.12,35419261.39,73382245.16,2021-04-23
2945,600820,隧道股份,2217960154.93,7.99,46568040505.77,17.0595127782,40699305160.34,21279111.41,1559562010.73,633393113.06,44714572537.23,2898565729.19,2905655496.61,2021-04-23
2946,600807,济高发展,63124497.57,75.92,1784449521.36,18.6174199594,1123802401.38,4294763.19,140330928.02,166185016.0,1531693327.03,244243423.7,172347133.0,2021-04-23
2947,600658,电子城,350972922.45,-13.88,1824873688.51,-18.3298444133,926579537.21,38691633.05,189640691.46,177882418.12,1527873111.62,393193197.9,485841352.89,2021-04-23
2948,600586,金晶科技,98434957.26,25.56,5264207068.94,2.7241869114,4173247149.15,99009817.52,290541024.31,187667682.17,4985692098.15,236433289.6,153395531.52,2021-04-23
2949,600551,时代出版,232941749.52,-29.34,6491115914.93,0.537089414,5720817173.05,223065049.19,319020706.89,-6735744.08,6313377671.92,241369056.37,239418650.15,2021-04-23
2950,600406,国电南瑞,4343067280.95,4.35,32423594529.38,13.6060731677,23089446315.72,1587979106.14,814559886.14,-26905511.23,27431311215.81,5252547117.26,5280049139.66,2021-04-23
2951,600392,盛和资源,101531719.79,-64.55,6959518488.42,11.7642310442,5972583792.56,91863993.25,179118711.98,153211911.98,6632443028.01,145607984.87,169436136.01,2021-04-23
2952,600312,平高电气,228500748.41,-20.2,11159508671.32,3.1730569389,9820715993.72,427753665.02,280159190.89,102512718.55,10936360994.26,281304147.04,287896560.32,2021-04-23
2953,600216,浙江医药,342772695.25,-5.97,7043927618.7,2.700000224,4173133242.5,1586780227.33,389420057.56,-3361547.72,6666347509.66,409034777.6,397496456.98,2021-04-23
2954,600201,生物股份,221041634.94,-70.7,1126782253.35,-40.5896274321,424627881.88,218344972.36,112845616.88,-17828357.07,843148056.14,253613812.67,253504108.28,2021-04-23
2955,600182,S佳通,86865756.4,-2.23,3070118188.23,-8.8813718318,2494906758.28,123870943.74,148568321.4,21540036.81,2824295864.75,243267881.05,243216414.2,2021-04-23
2956,600172,黄河旋风,39061990.38,116.44,2913720060.71,-7.9654735443,2184071571.49,74597622.02,188447641.03,310153780.26,2844218595.39,-65114976.7,40766584.51,2021-04-23
2957,600080,金花股份,25902673.81,-32.41,754544013.66,1.2591537074,215601504.47,417450340.85,60969807.91,-3814202.24,722969788.34,42447889.9,41762176.49,2021-04-23
2958,600054,黄山旅游,340186585.62,-41.6,1606740374.5,-0.8768402757,707438217.88,104729833.67,303627181.39,-7908546.27,1134082886.56,512077437.57,510881554.73,2021-04-23
2959,600025,华能水电,5544565705.95,-4.45,20800941121.1,34.0570956521,9134849012.27,30667495.3,349223899.39,4421506408.28,14265848384.43,6882041108.55,6270420457.66,2021-04-23
2960,300985,致远新能,120772460.83,177.011050695007,797446688.7,94.0244751528,513504377.54,41885256.81,37167601.96,15497102.29,640990707.38,157138298.97,157363866.16,2021-04-23
2961,300979,华利集团,1821085058.35,18.861792769765,15165661300.47,22.4174482884,11604752930.29,229327302.84,686133857.6,116554456.8,12934610299.45,2196525689.0,2194794880.46,2021-04-23
2962,300940,南极光,79838359.49,49.570268361168,994411327.97,27.8001389442,800114022.83,25645541.1,37659796.89,2493948.02,903230012.53,91034728.36,90366354.85,2021-04-23
2963,300931,通用电梯,62144546.15,-1.117023814388,456001975.9,-4.8143233873,314366232.35,38140637.24,17272034.74,-6065285.58,383397276.8,69546250.78,71533131.29,2021-04-23
2964,300930,屹通新材,59100457.42,36.479639195519,305515551.08,-1.2170217667,224012477.21,10416142.12,5294336.14,1166940.24,253018968.81,66893246.98,66914058.59,2021-04-23
2965,300915,海融科技,76717600.38,5.190015324131,583571842.88,7.8564396007,277555631.75,145051805.94,49136290.33,-1163156.9,493980269.87,91147297.11,90337288.77,2021-04-23
2966,300913,兆龙互连,75260236.17,3.904111626359,1096661213.25,-4.6006941037,903413609.68,37198255.48,26239589.37,4609722.02,1018734251.7,82327212.45,82846741.23,2021-04-23
2967,300909,汇创达,79554398.27,29.875537487092,406902255.81,34.3101566485,253038451.49,7093685.98,30337677.95,-701318.95,313805626.08,87245299.75,86915647.72,2021-04-23
2968,300897,山科智能,65052692.94,23.406268920464,320828265.84,32.7438361437,165927125.81,42272236.71,22116437.21,438931.36,253067064.52,74016731.22,75717314.75,2021-04-23
2969,300892,品渥食品,98933532.59,26.724194120797,1379843874.24,10.3637488651,848191206.83,372798687.25,25533913.53,2489048.24,1254939236.66,124032970.81,131666081.51,2021-04-23
2970,300880,迦南智能,74150440.09,33.321913176086,494904598.14,13.4826768391,355654090.24,20527096.35,17413374.65,-1947654.21,412993503.75,83640101.83,85596326.04,2021-04-23
2971,300861,美畅股份,407677552.64,-60.203401725031,1193293374.33,-44.7000985264,531438965.11,39446762.56,39626696.15,-6369253.96,708361190.58,518636724.62,471791510.96,2021-04-23
2972,300858,科拓生物,93284128.94,1.484796941877,308098956.38,-3.0819957613,150634325.92,16443794.0,20330315.07,224436.02,205434683.57,110715630.78,110583928.94,2021-04-23
2973,300831,派瑞股份,62374725.87,7.97728686274,234084126.41,-5.4680293387,119589520.34,4100825.44,20310662.78,5139291.81,162042858.37,72032683.96,72297203.61,2021-04-23
2974,300826,测绘股份,86362495.6,7.333579640127,512645084.98,7.9058435849,301631102.33,20972868.13,40527218.85,113433.59,399732298.59,102380524.47,102078844.27,2021-04-23
2975,300817,双飞集团,67461378.5,0.24,529584726.03,-8.4108884955,368496617.15,29204926.37,37218766.97,1780207.58,468078442.37,76334102.4,75789047.75,2021-04-23
2976,300780,德恩精工,67435257.05,-13.93,485166804.76,-9.4204496651,320942529.46,40561116.14,35760507.31,1610348.72,413847959.76,79395974.19,80587793.03,2021-04-23
2977,300776,帝尔激光,305158611.98,81.74,699947911.93,91.8273935759,308942396.62,34954093.04,20797081.1,-19189067.29,388527268.89,354560898.71,354458872.79,2021-04-23
2978,300721,怡达股份,6553499.46,-81.66,954417066.84,-15.3308836366,834237510.37,50709302.04,29899388.32,16647537.51,958176476.15,3511562.82,1122025.39,2021-04-23
2979,300701,森霸传感,82150018.02,16.82,204501238.89,11.5684189129,94836989.39,7790850.29,14525913.22,-1927272.93,125852577.99,95317673.2,95490987.43,2021-04-23
2980,300684,中石科技,122864489.18,-12.68,775748561.92,1.650297075,502633039.96,27280828.37,53036746.87,3570103.14,638723700.93,143025617.93,142821586.64,2021-04-23
2981,300683,海特生物,63035065.41,-33.04,620163188.7,4.9570152082,120258532.88,311071577.68,71187136.13,-11294459.11,558670022.39,75050880.45,72610781.25,2021-04-23
2982,300662,科锐国际,152242153.81,29.38,3585959772.2,63.2369256494,3072930005.49,113551823.99,161885064.54,-983423.81,3373614098.88,217244517.16,233546684.27,2021-04-23
2983,300661,圣邦股份,176032451.57,69.76,792494891.33,38.4530059739,420973992.27,55016905.47,32305741.0,-5287055.48,639346765.56,188867362.01,188951058.26,2021-04-23
2984,300649,杭州园林,66705943.62,27.49,828007428.12,58.2605559214,648040673.86,3140452.85,42462049.15,23615.19,735625149.38,74633219.22,74440615.61,2021-04-23
2985,300637,扬帆新材,101063547.78,-26.49,511692670.37,-2.7154481443,305195145.76,10878732.34,55810232.24,116246.16,403035231.04,110377354.87,114308995.57,2021-04-23
2986,300615,欣天科技,17167440.02,10.25,229443756.13,-3.1511582433,165232598.48,7539621.89,23443739.84,-3264771.95,218524371.91,14982430.88,18507148.98,2021-04-23
2987,300607,拓斯达,186573823.78,8.58,1660363365.82,38.5832515728,1095202334.92,153344629.36,75534027.32,9483867.38,1416577888.49,221689844.28,221038646.65,2021-04-23
2988,300597,吉大通信,41946889.95,-4.41,503366353.38,17.1174745453,380458990.27,7782613.48,35570248.31,-2001831.64,441741757.06,49062549.26,49002912.48,2021-04-23
2989,300565,科信技术,-82028059.48,-591.11,339068492.6,-37.5127381194,267365782.55,68841985.53,58539506.94,-4184667.58,431455304.51,-99469097.97,-99290303.83,2021-04-23
2990,300564,筑博设计,142639602.01,19.33,924150324.38,9.8101298472,593602168.78,28967866.32,135566514.72,2843926.64,809580782.61,158774404.61,158792365.25,2021-04-23
2991,300551,古鳌科技,44964517.34,255.33,466253495.68,77.4495142848,258790489.53,82047336.16,26688963.06,-2468434.74,421701109.22,46712657.44,52164751.89,2021-04-23
2992,300525,博思软件,106833899.34,25.17,898768211.8,60.8980969077,319253970.2,152460211.84,131648778.84,3433040.07,746574888.28,141851555.39,141785643.6,2021-04-23
2993,300502,新易盛,212856556.51,568.68,1164873682.36,53.2828799619,760444804.71,25773565.18,33669140.46,-5532593.17,901850243.71,241744796.46,243951193.07,2021-04-23
2994,300493,润欣科技,29345234.09,86.01,1450109005.36,-14.3564246867,1314343127.09,51647913.36,30193623.95,8370855.79,1429962897.86,29029044.49,29300569.01,2021-04-23
2995,300457,赢合科技,164686401.24,-49.25,1669764439.18,-20.003047679,1078352691.91,81193595.94,93374498.03,34986902.89,1443744588.33,208976140.76,210685630.98,2021-04-23
2996,300451,创业慧康,314070351.32,47.67,1479824747.66,14.6894594957,688930460.2,150423920.49,170293606.14,5751640.96,1168692361.68,356673658.09,358486523.97,2021-04-23
2997,300450,先导智能,765572086.95,3.12,4683978833.78,20.40968389,2841683119.75,163169206.73,231620034.33,39110560.66,3835975430.89,884184017.48,835531042.34,2021-04-23
2998,300427,红相股份,234717959.2,2.32,1340472990.05,-15.1039463198,757090600.02,135146524.94,74690611.84,38710175.0,1086474854.78,293223864.47,292989562.43,2021-04-23
2999,300397,天和防务,86780003.78,150.982356198893,867780083.99,228.7205615428,488490327.31,50497138.43,78553661.59,-5759657.5,695383413.0,167966019.96,168446777.78,2021-04-23
3000,300396,迪瑞医疗,231892235.08,17.28,1008790834.99,8.0748591682,358765332.8,141417664.89,98548139.32,-5951115.13,714551973.82,303316691.36,309681956.72,2021-04-23
3001,300394,天孚通信,166586910.95,22.91,522930856.11,18.0726345553,250149609.78,8987739.9,30144752.44,-3446863.78,348004308.32,192022448.02,192040376.21,2021-04-23
3002,300388,节能国祯,326434656.11,16.25,4169813123.12,4.0792206006,3131823777.16,114594530.08,145790223.48,279582696.26,3785276116.65,394223696.89,396274392.54,2021-04-23
3003,300370,安控科技,-20141487.76,96.346602673741,1255875227.8,-8.4001461885,896876295.4,56622643.86,115120611.57,115375775.75,1235937944.0,-21298757.11,-23894702.06,2021-04-23
3004,300364,中文在线,-603290627.06,60.01,705377023.73,-20.3404821202,394210764.95,383674130.16,130873807.27,-9830370.02,971014364.8,-581121148.05,-586275871.68,2021-04-23
3005,300333,兆日科技,12660717.05,3.6,239673516.43,11.0402934722,91404794.03,31188781.59,35356137.58,-14815991.94,205374203.76,42618395.42,42617632.02,2021-04-23
3006,300306,远方信息,123116327.27,125.38,417933907.15,-0.8979662987,161638267.04,63907886.1,50580865.3,-3862056.22,347396744.93,131234356.44,133299776.48,2021-04-23
3007,300215,电科院,166542721.85,30.18,806336621.48,13.7819268542,400411062.95,6708339.0,92988295.89,45602281.99,637452908.74,189078049.64,188784379.58,2021-04-23
3008,300205,*ST天喻,192396750.47,90.45,2212106995.85,-7.7130119218,1672448738.46,235972986.91,85561430.89,5603969.58,2231358151.84,203496853.63,202238249.4,2021-04-23
3009,300170,汉得信息,86114201.71,-77.74,2723440576.81,-4.9518575133,1890216065.72,185707624.43,194768230.25,-503167.94,2558509152.35,59476369.46,65848578.52,2021-04-23
3010,300165,ST天瑞,21055068.78,-41.8,907813927.42,-11.3567918317,453044647.74,196787156.91,93586845.33,4443612.8,826902894.57,51908655.24,48763308.81,2021-04-23
3011,300151,昌红科技,61792118.88,8.7,715362940.09,3.1295248789,525975235.92,24439243.59,75145338.3,-5323939.02,657691547.27,67218883.35,66134133.3,2021-04-23
3012,300150,世纪瑞尔,104569088.04,18.51,894333745.3,32.7896562084,547817099.01,120487842.31,62551235.18,-3375046.36,819186190.6,112690782.33,119387498.21,2021-04-23
3013,300144,宋城演艺,1339790994.94,4.09,2611753208.86,-18.6671944119,747189301.24,145503636.64,188215121.23,-17743898.84,1147753469.26,1725575244.16,1630056078.29,2021-04-23
3014,300140,节能环境,-33770499.56,-213.1,2524734694.48,38.2875147228,1870639979.21,101065975.74,184230577.01,87354491.86,2375929146.89,-146200.62,-9469566.47,2021-04-23
3015,300123,亚光科技,279614081.69,83.46,2205591182.45,56.231079982,1660591574.66,57975478.4,115246689.24,74113217.95,1987808636.89,190229165.33,189351257.85,2021-04-23
3016,300087,荃银高科,94577409.98,38.43,1153661613.91,26.7320808548,718312192.48,189454245.05,93775244.0,616216.95,1056004249.62,90225813.86,87089040.91,2021-04-23
3017,300039,上海凯宝,250986452.13,10.66,1419026170.35,-5.4408986387,251211907.25,747651071.83,83966115.89,-20244448.58,1128390891.84,301840599.24,301206546.76,2021-04-23
3018,300034,钢研高纳,155725272.77,45.84,1446458606.03,62.0522342977,1014058071.83,22399111.89,109545887.01,7519641.23,1234163849.61,221693103.19,223602060.41,2021-04-23
3019,300032,金龙机电,47003448.48,101.96,1731784239.57,-48.601214801,1492629074.87,49303267.72,206156479.82,1000358.15,1826259578.19,-32193586.76,31040788.57,2021-04-23
3020,300015,爱尔眼科,1378920970.4,36.67,9990103976.04,24.7426075191,5064552673.84,1048542783.3,1305023165.17,75525953.01,7668148425.67,2021842540.5,1840240874.07,2021-04-23
3021,003816,中国广核,9465700355.79,8.77,60875176254.9,19.7672012384,35471460119.46,78997912.92,2579433181.2,7697736375.83,48010939833.2,16587610846.86,16555095116.02,2021-04-23
3022,003002,壶化股份,76324557.46,15.894332509719,500187591.56,9.3647465524,259017071.92,52779360.87,86639456.91,-108778.55,416577725.43,98301930.1,98034839.28,2021-04-23
3023,002957,科瑞技术,261699335.74,-11.64,1871951550.71,-2.9726165867,1094495530.53,102516865.14,109042300.35,-4377584.67,1552655349.54,340867291.86,338443595.86,2021-04-23
3024,002935,天奥电子,111454634.18,14.81,866905597.39,0.3355210219,590393552.67,33260296.23,57247147.5,-332979.11,753798939.41,122523080.02,122580800.87,2021-04-23
3025,002931,锋龙股份,57601270.02,25.88,410073506.12,30.1136168536,280210703.04,13992570.95,31934744.83,-2029906.15,348347442.2,68999480.17,68928832.16,2021-04-23
3026,002930,宏川智慧,145804786.27,41.96,485946770.69,22.0710243515,188246266.4,13623149.85,63248232.72,29471305.35,302324363.74,196666334.71,197037906.31,2021-04-23
3027,002927,泰永长征,73587608.23,0.61,601461444.94,73.1500434569,357957671.3,72886790.89,45082129.62,-2566842.85,508008801.99,99742366.36,92657915.15,2021-04-23
3028,002923,润都股份,118896727.79,11.28,1359908295.5,30.2768273211,379963942.67,661568264.03,89191359.1,759350.35,1258789381.64,133552819.1,132442099.01,2021-04-23
3029,002902,铭普光磁,26970464.77,4.72,1400862935.98,-12.7023661055,1185770651.04,49119549.16,54652010.71,4644588.56,1378211914.72,18818230.36,22106941.53,2021-04-23
3030,002892,科力尔,88054727.38,26.59,850699408.22,18.0017979598,649706713.16,36109729.28,32666529.0,-1916076.51,755850461.14,100111822.69,100230662.19,2021-04-23
3031,002880,卫光生物,171344660.74,9.39,821469063.68,19.408395072,506133097.31,24019299.32,53105764.43,-982147.52,628762735.08,199143920.21,198293479.53,2021-04-23
3032,002861,瀛通通讯,71223451.05,10.44,1107809324.65,23.5775868839,840238651.13,26396320.04,112863791.49,-2783441.99,1039528098.5,80698350.74,79876213.64,2021-04-23
3033,002857,三晖电气,31863536.71,-13.35,266430855.23,15.1283284151,179757539.29,35072732.9,9081615.67,-1730458.28,238635605.76,36556587.87,36221791.25,2021-04-23
3034,002829,星网宇达,12015931.87,-35.09,398731281.54,-0.89209403,212260902.24,23721118.62,65026104.86,10937822.41,397048064.4,-141472925.24,16521641.82,2021-04-23
3035,002803,吉宏股份,326257025.14,53.05,3009252726.74,32.6219665169,1702706820.83,733394987.51,98408775.8,23851266.87,2633511033.94,379306019.69,381518158.6,2021-04-23
3036,002787,华源控股,67427581.33,26.01,1666184269.51,20.4107922108,1320481700.66,66322486.94,73959074.1,37069842.69,1569582545.02,79271921.55,82370186.69,2021-04-23
3037,002778,中晟高科,16173182.91,-10.8,718364511.33,4.273610271,639774596.29,19954612.16,16289514.6,5257921.13,705031918.78,17596518.17,17549518.17,2021-04-23
3038,002763,汇洁股份,181579680.02,9.61,2585324792.03,9.790501667,884028754.42,1096830326.39,234789038.22,-10062746.45,2256093353.58,275148173.92,277003014.37,2021-04-23
3039,002732,燕塘乳业,123949329.81,193.71,1470757199.1,13.3797380198,953240230.78,266090448.86,79462873.36,5847154.04,1324164462.27,149729483.6,145929424.48,2021-04-23
3040,002657,中科金财,-281841963.94,-3533.11,1672394416.43,12.5717516657,1435370592.86,56825467.63,109557010.83,20326869.88,1751702095.37,-288231930.59,-291188014.72,2021-04-23
3041,002654,万润科技,65651557.18,105.79,4179774407.29,-8.6792142289,3515281007.56,115623668.7,148692752.82,48179350.0,3964857279.23,66684133.19,113531622.46,2021-04-23
3042,002606,大连电瓷,46462399.63,345.3,736850087.18,22.0169358493,471486136.32,62851542.4,80114542.97,6644907.94,679257991.5,51700811.86,51575109.29,2021-04-23
3043,002579,中京电子,148690533.54,82.31,2098774792.77,19.1580319831,1611229234.76,53054205.66,125687801.19,47767261.63,1935493266.39,186149777.11,182876060.66,2021-04-23
3044,002576,通达动力,34221908.1,76.7,1293557316.28,11.9693837979,1137621856.37,30505520.11,48663405.8,2061528.87,1254379116.91,38255351.31,38171238.28,2021-04-23
3045,002443,金洲管道,275497295.26,44.23,5049096910.7,5.0212644622,4287884498.2,162044332.36,121540832.44,19861030.28,4753308916.93,347623474.99,346860281.09,2021-04-23
3046,002428,云南锗业,-59145273.6,-786.08,418466179.51,-10.015772412,351507687.6,5749113.4,63223914.53,21464771.88,469456224.76,-53734746.53,-59985047.65,2021-04-23
3047,002427,尤夫股份,61158392.06,105.84,3084044798.89,-20.112004087,2592821592.7,139910288.69,186040944.2,332826294.07,3425524995.6,104663697.12,109467145.62,2021-04-23
3048,002394,联发股份,393072658.9,0.7,3910527325.36,-6.1929787386,3064769908.74,141086366.45,169204581.29,25357249.2,3483043764.05,509828303.02,511119453.96,2021-04-23
3049,002338,奥普光电,48282866.43,18.34,402192805.25,4.5293572343,254563383.84,17135323.16,58097657.94,-229325.83,376646265.85,51530764.42,51097738.17,2021-04-23
3050,002334,英威腾,-297616613.11,-232.76,2242025148.99,0.6267348347,1441701655.52,280768421.51,223764391.6,17172316.68,2268773848.04,-347560578.13,-446652263.98,2021-04-23
3051,002307,北新路桥,53493674.44,0.68,11126355400.19,8.5210318446,10013717598.4,99186236.71,435385132.02,256532378.47,10928486893.42,123742670.4,144900082.34,2021-04-23
3052,002293,罗莱生活,546075460.2,2.16,4860195894.87,0.9846084707,2728631445.89,1020517139.25,324338738.52,-39066819.85,4167578848.13,601895018.48,678202833.85,2021-04-23
3053,002284,亚太股份,-98287535.62,-1333.74,3183487798.18,-18.465898195,2764066635.97,102247006.47,165900452.76,44849321.93,3261380200.13,-87214237.35,-88285365.31,2021-04-23
3054,002281,光迅科技,357697304.57,7.51,5337915720.69,8.2950369669,4206631918.49,155369109.44,117597665.68,-36898651.59,4910960549.74,359679251.56,359979325.6,2021-04-23
3055,002252,上海莱士,607893711.51,140.035228118222,2584983982.36,43.2730996459,926632975.88,240497538.91,392341542.53,-23982370.7,1656573421.12,735940489.51,733142254.05,2021-04-23
3056,002250,联化科技,144254905.49,284.36,4283784463.4,4.1237556784,2609938566.07,65716932.62,790292957.31,15950411.39,3735453131.01,337673144.44,310284127.91,2021-04-23
3057,002248,华东数控,26635925.07,104.63,161378299.22,94.2347653835,150498447.73,18055508.55,26971433.68,11799890.45,219150327.86,15978674.19,13299563.67,2021-04-23
3058,002246,北化股份,136595707.22,10.44,2460835877.51,4.1239355854,1875684286.0,131476261.12,210547977.42,-6610088.41,2320804167.39,143329691.42,150533508.47,2021-04-23
3059,002240,盛新锂能,-59240634.67,-154.66,2278792184.56,-9.5096500115,1949185454.21,94355770.56,122690765.25,72926879.7,2281559866.5,-64976451.38,-66762097.2,2021-04-23
3060,002215,诺普信,236009425.93,-28.3,4058394534.12,1.3219589164,2997480054.57,466754268.82,237389319.03,57459083.59,3863712383.32,255850522.96,263433886.5,2021-04-23
3061,002112,三变科技,10012264.88,59.28,710389903.34,24.482580361,558196820.81,66872306.96,27840803.25,13597736.09,696425238.01,16293182.44,17287809.84,2021-04-23
3062,002110,三钢闽光,4324461209.29,-43.55,51040255376.02,25.5546668763,43432619349.02,134096627.91,507661478.01,25051270.27,45264829764.27,5757553041.69,5790984320.55,2021-04-23
3063,002100,天康生物,644486713.22,105.43,7476316392.02,41.7840038769,5600336958.89,545822061.15,477673970.97,174611011.2,6908556631.24,590684692.4,589928173.54,2021-04-23
3064,002093,国脉科技,106647515.69,-18.11,524079679.23,-46.7075736075,234513212.97,38740642.9,120646208.84,19423202.27,471598825.36,119988347.71,119533791.74,2021-04-23
3065,002062,宏润建设,350815369.81,16.78,11943356934.48,20.7832215715,10601002896.48,12920435.12,133795034.57,136261527.21,11354213405.13,523950586.69,523080009.99,2021-04-23
3066,002027,分众传媒,1875276692.44,-67.8,12135948050.91,-16.5987887653,6649604127.87,2256255903.67,576072150.24,-19689880.97,9893074349.39,2366015696.64,2348164983.35,2021-04-23
3067,002011,盾安环境,131317345.69,106.06,9104342088.84,-3.1508031798,7470146997.66,444155873.02,343715506.71,218528651.48,8901355305.67,127761119.07,108335207.73,2021-04-23
3068,000972,*ST中基,4975779.02,101.173935998537,213188826.11,-65.9806651429,200286036.47,247737.23,69355947.0,11799928.38,286222515.79,16529645.64,6518053.09,2021-04-23
3069,000968,蓝焰控股,557410240.82,-17.86,1886941951.18,-19.1312750547,1097654208.38,26483827.04,159451468.62,130517651.48,1493497913.27,659854074.53,659313623.22,2021-04-23
3070,000967,盈峰环境,1361453754.17,46.62,12695858666.4,-2.6746557181,9389456412.74,917261553.74,391834512.74,53955504.01,11069345626.71,1788715699.26,1637805781.25,2021-04-23
3071,000929,*ST兰黄,15632294.39,123.14,455471710.12,-10.4456842669,337503725.41,77674838.68,36290856.82,-21665579.04,467636844.44,13468193.94,12354423.92,2021-04-23
3072,000899,赣能股份,243234380.58,29.03,2670327894.24,3.9993711509,2198538594.49,154934.35,112735377.88,101406151.66,2436511615.09,328100225.61,300801677.58,2021-04-23
3073,000767,晋控电力,68131964.33,-78.67,12025002573.32,7.0788546917,9987567246.3,1188430.09,178056588.6,1710003779.06,12017770642.2,20931471.02,99257173.26,2021-04-23
3074,000709,河钢股份,2546481991.78,-29.42,121495415325.02,0.4451350935,105622332456.2,1330946523.6,2777542310.69,4426508833.92,118123553869.92,3608171904.87,3605604541.01,2021-04-23
3075,000682,东方电子,247085399.66,44.41,3418615326.0,12.3674508185,2227322780.16,429595100.83,254121391.98,-30972470.17,3172962885.47,314597486.53,314584189.52,2021-04-23
3076,000677,恒天海龙,7125933.02,435.46,790674187.98,11.8636226296,666027463.89,35593525.24,34849101.39,7486142.93,755209772.08,32371198.76,31704209.41,2021-04-23
3077,000650,仁和药业,537826647.34,6.19,4581171579.24,4.0365889321,2642650786.79,788469069.35,271969731.31,-36481867.75,3746515493.98,826174106.1,823874219.61,2021-04-23
3078,000603,盛达资源,448436292.55,8.91,2900686684.46,20.7703562296,1997631332.57,2485888.74,151603570.25,48456698.36,2275093118.98,705397575.1,703472976.78,2021-04-23
3079,000595,*ST宝实,-315215411.93,-221.01,311233895.22,-28.0080670372,309984098.29,20045239.44,62982825.49,24170403.54,428107979.93,-304584108.52,-318733565.12,2021-04-23
3080,000155,川能动力,214847304.5,-28.61,2051105817.16,-51.9877111454,1496558100.16,5597883.35,70944581.39,109383596.31,1684217554.38,359806788.27,362006624.16,2021-04-23
3081,000153,丰原药业,80921045.82,32.82,3238064437.11,7.4556785809,2002579915.22,859207665.33,146504053.5,38256005.23,3158114666.16,124105870.53,119943556.21,2021-04-23
3082,000032,深桑达A,133951876.41,25.17,1501126101.96,-6.219038385,1132797997.94,41732746.13,107485914.29,-23727700.96,1292474973.07,198373224.34,202725820.86,2021-04-23
3083,688687,凯因科技,53556461.4,19.409230423752,824924797.54,16.8686030346,103735224.35,507929477.85,105063013.51,-3622603.5,757021061.9,67347176.6,67160586.6,2021-04-22
3084,688668,鼎通科技,53938104.29,17.962027906806,231353364.08,12.9768720399,130129252.28,5545209.03,14300565.81,1653667.22,172471656.77,58648730.81,61131416.06,2021-04-22
3085,688317,之江生物,51521833.3,-17.325034800353,258872522.24,15.3874759386,61815890.44,91937285.78,28018465.92,-2337445.32,203341537.24,61308045.07,61028456.42,2021-04-22
3086,688198,佰仁医疗,63084913.37,88.88,146033296.55,31.9800215791,13081876.85,32069250.58,17352693.6,-349704.11,78077670.53,72971123.73,72948935.93,2021-04-22
3087,688118,普元信息,50274595.54,4.67,395978625.16,16.3986912659,160380121.16,105059331.73,23930411.7,-3894255.82,342786229.94,53259571.88,53448627.87,2021-04-22
3088,688030,山石网科,91046079.76,32.12,674570694.78,19.9712848551,161919426.26,217935510.57,49640805.83,1301633.34,625813236.52,94734804.05,94532527.62,2021-04-22
3089,603931,格林达,102477130.17,14.537735360138,524548249.32,2.3291755692,311590071.14,57956482.81,21415254.14,1085405.75,416071747.97,118415558.38,118379657.16,2021-04-22
3090,603786,科博达,474862393.55,-1.72,2922139022.17,9.2241087421,1921523052.37,55508269.31,167129721.55,7716727.12,2360453887.12,605809304.93,607481179.58,2021-04-22
3091,603698,航天工程,155308485.14,-31.5,1776492743.26,9.6934292012,1389315390.41,41879498.84,138686915.93,-50164937.62,1606185037.99,162309941.29,178691615.32,2021-04-22
3092,603636,南威软件,213534967.18,23.77,1379258881.22,40.8781438499,803864541.42,92336341.88,165007130.17,-12807159.57,1130789041.2,251578048.64,255574258.85,2021-04-22
3093,603618,杭电股份,116266330.44,15.49,4909197834.05,12.1510391191,4093794979.33,283848371.41,88692577.86,72176218.08,4720131139.09,137310386.42,136423923.75,2021-04-22
3094,603511,爱慕股份,335008202.67,-25.447145864738,3317961785.56,6.3934692063,971033507.82,1557864686.39,266459055.86,2257038.96,2940013879.01,399389653.44,376253553.31,2021-04-22
3095,603379,三美股份,645907364.48,-41.69,3934602748.32,-11.6679593517,2762887435.3,239841993.26,129043454.02,-35034298.25,3143468195.22,822406201.14,828209594.5,2021-04-22
3096,603328,依顿电子,518487302.82,-20.72,3010713760.59,-5.8054244325,2166991596.05,55401973.75,147968069.71,-91262473.91,2413246956.33,617251040.09,610389856.68,2021-04-22
3097,603322,超讯通信,-93341135.67,-475.73,1266924953.05,-9.1513268153,1031440051.91,46507158.07,86246266.16,36376630.44,1280693432.42,-73859856.04,-73888175.69,2021-04-22
3098,603260,合盛硅业,1099604696.15,-60.56,8937537830.45,-19.298838213,6452150110.91,442697755.69,187497096.19,228122966.76,7797558930.48,1282699205.09,1282221502.06,2021-04-22
3099,603185,弘元绿能,185313423.81,-7.72,806197720.49,17.8436948536,492208027.3,8961320.79,42380989.12,2272115.32,593846330.46,214516718.87,214402180.05,2021-04-22
3100,603002,宏昌电子,161671558.37,52.36,2350258838.21,-9.3321066867,1981972877.3,69771644.97,69090303.18,6754995.5,2182095162.91,184816348.2,184628428.41,2021-04-22
3101,601888,中国中免,4631587913.58,49.58,48612287758.59,2.0404774992,23787525951.3,15535636338.93,1627820431.9,25959367.33,41867626035.34,7355892346.81,7407495767.81,2021-04-22
3102,601360,三六零,5980435000.0,69.19,12841095000.0,-2.1948528261,4448808000.0,1486002000.0,697894000.0,-596484000.0,8749187000.0,7189022000.0,7217478000.0,2021-04-22
3103,601198,东兴证券,1220698859.37,21.1,4474704697.42,19.8791143695,,,2073216702.85,,3074736549.68,1399968147.74,1452754417.75,2021-04-22
3104,601163,三角轮胎,847170439.79,75.38,7940784666.19,5.7213134455,6123095895.39,471057603.1,241495296.32,16841760.0,7098367804.99,983976477.66,979152858.93,2021-04-22
3105,600969,郴电国际,55226723.1,43.66,3013518097.22,9.8289730229,2575900147.33,8273855.47,161829338.47,94875399.05,2862951019.65,142621452.39,138714713.44,2021-04-22
3106,600839,四川长虹,60561136.04,-81.26,88792895883.36,6.4851183874,78569479689.03,5730434224.33,1689607150.11,526926091.22,88612643451.35,655990738.64,665236170.5,2021-04-22
3107,600674,川投能源,2947152991.28,-17.45,838331604.28,-2.9205251298,415909655.74,15717501.53,119679479.43,288846266.67,884213291.68,3026384215.25,3020271211.59,2021-04-22
3108,600573,惠泉啤酒,19818966.18,7.15,563265364.1,2.1159995801,411941155.44,30836306.99,41933258.19,-3672921.24,554126989.4,26725606.12,26531733.21,2021-04-22
3109,600461,洪城环境,488736023.01,45.45,5380989963.8,22.916764674,4030668526.12,189959517.43,235121373.94,139841514.84,4690254669.08,728984301.31,726487058.4,2021-04-22
3110,600446,金证股份,239398248.71,305.736640321256,4875289990.23,-0.3133054047,3643841197.76,164439058.89,258689228.37,5254805.97,4765982539.6,262892777.0,262702879.59,2021-04-22
3111,600410,华胜天成,164023084.37,172.62,4575030442.22,-12.4249376633,3718232793.08,289683556.28,445253776.1,160888580.26,4743292155.89,218724927.24,218012392.66,2021-04-22
3112,600353,旭光电子,55874042.77,-0.91,1200618981.24,13.3884980863,954271763.52,35877202.94,76268124.69,-28741.07,1117319232.17,80453642.34,84048419.99,2021-04-22
3113,600330,天通股份,162417496.13,-42.72,2779942961.87,6.5023569776,2103748291.13,64202827.79,189989768.56,41737207.31,2581085463.54,200657045.77,197496818.72,2021-04-22
3114,600328,中盐化工,895213790.76,2.68,10738270209.5,1.2053106496,7924800615.31,661595742.73,354432879.57,284148957.64,9436614327.3,1346625328.63,1353785496.03,2021-04-22
3115,600135,乐凯胶片,85077165.24,20.12,2136460974.61,-5.4959410569,1694467413.82,132374461.09,120628274.06,187870.99,2046045718.31,95975196.47,101853881.24,2021-04-22
3116,300990,同飞股份,74047692.67,-4.706382878456,418561227.76,10.7844345106,264189297.65,23560345.1,27927002.52,-291052.95,333336264.28,86134129.29,86102802.51,2021-04-22
3117,300906,日月明,62239774.01,38.713803576873,152838168.45,21.6649056738,66806580.4,9405400.08,10833777.48,488379.68,98645808.36,71082649.73,73491767.18,2021-04-22
3118,300889,爱克股份,136559786.74,29.87239049179,1129044717.56,27.6461258667,728904504.07,122613461.4,43476959.2,208640.71,947654060.98,160829134.86,161925975.81,2021-04-22
3119,300867,圣元环保,217395479.43,3.488318533422,888339180.75,22.1747356416,478560851.77,,62357367.16,135649488.25,700424245.06,239607487.92,238941286.02,2021-04-22
3120,300847,中船汉光,77203679.51,13.456574845784,815662570.22,17.4667677622,643107191.7,28064643.43,17472041.92,-1933567.22,727679596.17,86878948.51,86922391.51,2021-04-22
3121,300779,惠城环保,42859266.44,-32.77,343794748.38,-0.0225761486,218525123.68,22516466.23,37584861.82,4123801.42,307696599.33,42264713.35,51239934.84,2021-04-22
3122,300768,迪普科技,252468772.17,25.6,803839207.45,14.1726858691,231505222.94,218621831.72,30438737.48,-47871801.49,606637947.73,271209046.43,272932508.03,2021-04-22
3123,300758,七彩化学,108099205.23,2.58,694584854.55,13.6894234561,433602367.4,36962333.12,37905586.07,-4612089.45,541712154.13,154673234.15,122399641.22,2021-04-22
3124,300739,明阳电路,132918027.04,9.62,1149543078.35,1.6033479845,804896043.3,74482561.63,68498630.1,541128.17,1009788966.17,151270287.73,152344158.33,2021-04-22
3125,300737,科顺股份,363361528.13,96.13,4651957012.0,50.2206531858,3092149795.05,575764746.31,205795587.08,20159173.32,4136272817.29,427267778.83,431615838.98,2021-04-22
3126,300695,兆丰股份,214204901.39,9.32,559196641.51,12.4268619693,292540646.03,10767192.85,30710114.22,-52622493.81,320272239.71,250011570.17,248953860.35,2021-04-22
3127,300628,亿联网络,1235294618.36,45.08,2489346726.31,37.1269359562,846367538.04,164496797.67,55576408.39,-10979316.89,1277612634.25,1360281956.52,1360913837.9,2021-04-22
3128,300627,华测导航,138698424.75,31.91,1145522663.43,20.3222886461,503548282.57,288894522.57,69303884.51,-2155610.27,1036631039.42,162024547.67,162178661.27,2021-04-22
3129,300543,朗科智能,103232856.67,131.6,1400678303.78,16.5436661623,1096663701.8,20112083.37,86342862.75,-11333196.66,1253246580.55,115233925.95,116371800.5,2021-04-22
3130,300498,温氏股份,13967204890.3,252.94,73144495072.14,27.7765517725,52893658005.73,916696303.17,4728393143.26,241483052.37,59457053160.28,14899671010.79,14780430317.99,2021-04-22
3131,300484,蓝海华腾,-152343468.69,-721.32,320088120.09,-20.3437609085,208396905.0,44327413.33,32953796.12,-1367492.74,335667389.93,-168297901.1,-169278197.99,2021-04-22
3132,300435,中泰股份,77435586.09,14.49,1034330203.62,73.9152505337,804644703.65,22534454.52,64843922.6,8607462.52,932771409.68,91389195.6,94219772.22,2021-04-22
3133,300423,昇辉科技,592998666.57,31.62,3942192794.02,30.0577464023,2470268743.96,186146033.14,312778135.86,87526128.01,3226326321.95,675591193.74,673727437.43,2021-04-22
3134,300346,南大光电,55011309.88,7.36,321375774.07,40.8462420835,180392263.83,21886277.05,45906941.84,-3214061.95,288805572.54,66015941.37,68950755.97,2021-04-22
3135,300334,津膜科技,-833095593.05,-7125.95,516341745.16,-24.7709696979,590510648.18,40812365.24,64286468.97,51500016.27,821593370.86,-807195330.97,-823210081.12,2021-04-22
3136,300321,同大股份,39463064.32,37.03,456344329.86,-2.7427811795,365656282.12,6390428.4,20596570.62,-3542292.09,417705967.84,42787404.54,43804979.78,2021-04-22
3137,300072,海新能科,138701830.39,-72.56,8483192866.66,-44.84457241,7466421719.42,164168127.41,444478605.98,532394326.23,8869949263.2,91363323.66,103718747.99,2021-04-22
3138,003012,东鹏控股,794377035.13,0.09070565119,6751861182.48,2.0019264809,4341959234.71,933633027.04,360317581.52,-8068461.35,5828540102.91,946742076.84,954047241.31,2021-04-22
3139,002816,*ST和科,-68430260.97,-1163.68,143942395.96,-58.2356704431,100611619.95,21271695.15,45675893.16,545326.8,186150240.23,-84951569.08,-81797701.41,2021-04-22
3140,002698,博实股份,307106182.72,68.67,1459741076.77,59.4343767147,851383970.25,125874646.7,98712696.56,1178845.27,1165481314.11,383204776.81,382962162.4,2021-04-22
3141,002578,闽发铝业,47035818.95,31.36,1463303287.51,2.6076716061,1304356868.98,41010120.14,49661814.4,-3993533.32,1420743451.12,56197657.71,53126551.0,2021-04-22
3142,002568,百润股份,300330286.74,142.67,1468439608.33,19.3861772109,465958887.36,429136304.46,89754831.98,-5455130.23,1115292924.06,391423656.62,380994851.58,2021-04-22
3143,002526,山东矿机,189510721.05,24.19,2177723268.49,16.1996141129,1522500069.42,137754595.1,66943017.42,5832377.4,1803169094.37,266924314.65,262703927.71,2021-04-22
3144,002476,宝莫股份,91245926.27,134.55,416892274.68,-7.3347654296,365110475.69,16520859.27,34358106.01,-3057069.53,437191966.49,-24424017.91,92389095.27,2021-04-22
3145,002391,长青股份,370835681.43,16.09,3377169624.34,12.5424944341,2527747412.6,104488666.28,131291499.01,38441917.64,2965986937.45,440149836.71,417230521.0,2021-04-22
3146,002301,齐心集团,230241388.46,20.06,5981269559.73,41.0263644395,5044920148.95,397521566.82,173631365.47,31239489.51,5733659527.47,271625725.21,271371269.32,2021-04-22
3147,002268,电科网安,155765488.34,29.58,2103759987.9,8.9467504942,1419198764.6,248574586.24,141128649.83,-29104487.95,1984493784.0,147823930.63,152625933.35,2021-04-22
3148,002247,聚力文化,-1583322363.72,45.35,2245986473.88,-32.0398266802,2094709864.43,107145969.22,157072620.93,37163484.63,2462477421.43,-1510689184.69,-1550059045.17,2021-04-22
3149,002221,东华能源,1104002053.2,2.37,46187623600.18,-5.6295044636,43737081515.17,194913588.82,297710140.82,679523204.08,44990753543.3,1377172163.79,1440139804.75,2021-04-22
3150,002214,*ST大立,135774581.13,147.41,530450787.23,25.2471769657,200858028.44,48343524.7,53163526.0,12939427.65,407175258.54,150789394.46,150642755.13,2021-04-22
3151,002178,延华智能,23094179.69,108.08,919075721.71,-19.0957198174,748546559.74,17396920.03,93329165.66,4174070.9,929915739.14,16211532.41,16266378.77,2021-04-22
3152,002074,国轩高科,51253825.33,-91.17,4958898582.32,-3.2786574766,3345453675.45,333879101.88,397939163.24,290861110.97,4843487141.57,58853350.72,51894341.42,2021-04-22
3153,002067,景兴纸业,188668135.8,-43.73,5251104950.02,-11.5697347301,4674824890.21,161011160.9,118499746.21,68072688.4,5251473706.2,237003779.68,220415761.44,2021-04-22
3154,002059,云南旅游,94700448.85,-84.13,2878663131.76,-2.515844851,2361138686.1,90414461.0,216830500.92,23715781.14,2742183464.27,150298386.69,166140294.86,2021-04-22
3155,002049,紫光国微,405761782.09,16.61,3430409964.8,39.5369837459,2202460509.63,140477222.14,202453515.99,29078170.9,2772568070.07,457682174.31,456169977.58,2021-04-22
3156,000598,兴蓉环境,1081299292.81,9.44,4838024958.01,16.3084631208,2954635511.2,119142849.38,319849544.84,100750702.18,3551036876.25,1303228756.49,1310571787.11,2021-04-22
3157,688639,华恒生物,126378300.81,67.373727169874,491310785.01,16.7434108742,265465899.87,16691362.38,33053202.12,2876288.36,354708828.59,145968454.85,145784662.57,2021-04-21
3158,688521,芯原股份,-41170418.77,39.275985505833,1339914550.05,26.706160721,801794400.42,85352954.8,89051783.92,-4042149.92,1399041505.48,-24369566.63,-23916116.17,2021-04-21
3159,688369,致远互联,97466738.68,33.56,699836009.29,21.0595216715,167447090.13,300823591.94,68330311.07,-8399269.74,624377201.07,108935725.77,108840928.12,2021-04-21
3160,688300,联瑞新材,74694979.19,27.98,315301090.76,13.3744249757,169288248.38,22009401.54,24963698.89,169942.29,232521018.25,85125509.22,86834462.98,2021-04-21
3161,688258,卓易信息,41074894.24,-20.36,212833556.4,21.138798033,103720360.25,4332967.74,26371536.71,799237.22,168383980.33,44386428.99,44110783.89,2021-04-21
3162,688181,八亿时空,110276432.6,-3.68,430411466.5,9.2325001698,223106743.97,26180396.43,27191292.52,147263.19,309132278.5,129868324.6,127824106.09,2021-04-21
3163,688160,步科股份,42270934.76,16.895788813348,345323564.33,8.2422261501,210791890.58,27329355.56,19261769.54,-331733.73,298884821.83,52538560.1,51763725.89,2021-04-21
3164,605488,福莱新材,102718391.63,39.089268375511,1268500211.24,4.6549182712,998362426.86,55079839.37,55104666.37,3016137.08,1160004669.4,118983601.04,118354541.49,2021-04-21
3165,605337,李子园,181652455.17,45.991965084722,974546121.27,23.8222830907,575930166.1,130433371.65,38582636.33,-1891879.22,761393833.5,233355059.15,234276072.24,2021-04-21
3166,605305,中际联合,141779237.61,51.916631514139,539077023.84,51.567674754,238215488.73,94478366.31,29904344.96,-5633877.21,388570124.7,164364975.37,164477667.16,2021-04-21
3167,603955,大千生态,94145453.41,4.46,919067448.16,14.6308794331,686169228.63,608278.29,69991338.15,-5843897.88,795196665.73,118508192.01,117826709.89,2021-04-21
3168,603918,金桥信息,63742775.27,24.43,944647882.71,13.4105009459,637947611.76,110703451.84,54378609.62,4114192.39,865188221.71,70648726.16,70591512.08,2021-04-21
3169,603848,好太太,279471085.0,7.25,1260272468.4,-3.8114227076,636224369.54,213496004.71,55771206.89,-1612827.09,967294450.48,323712671.79,325982595.84,2021-04-21
3170,603739,蔚蓝生物,77752946.19,-6.75,846777962.74,4.0305433017,437069124.73,172502315.08,91082128.2,1080473.94,784230754.76,97790280.13,97606508.37,2021-04-21
3171,603696,安记食品,42796999.75,8.4,421296738.6,24.2726129496,307512670.12,42147538.59,19147264.48,-1086884.44,384346893.84,49072627.15,49067450.29,2021-04-21
3172,603683,晶华新材,3469952.75,-84.89,931387073.51,5.7320197581,792297331.38,44526013.72,58545301.78,18721368.32,954044219.53,-16825979.1,-7573497.17,2021-04-21
3173,603533,掌阅科技,161003908.56,15.57,1882346953.45,-1.0931230892,1174971256.9,422819326.51,76337259.0,-34149435.47,1766164832.96,163519128.2,164443377.24,2021-04-21
3174,603192,汇得科技,132155389.38,14.47,1439978422.27,-9.5786148092,1123735520.41,46038148.52,63443444.14,-5087353.73,1294927785.82,152255707.76,151887074.51,2021-04-21
3175,603023,威帝股份,22850985.96,-64.93,138100071.92,-31.6329667615,71698497.07,18552809.86,11663239.72,12737415.73,131607672.09,26636051.55,26636263.2,2021-04-21
3176,603022,新通联,29752203.55,-4.99,684769112.24,2.9025974215,539066835.67,31549769.94,60837068.54,3163621.06,654020503.36,37216878.11,37439400.92,2021-04-21
3177,601399,国机重装,498426771.55,3.514920283404,9265430253.72,-2.7025891074,7814626230.19,251857676.68,305986287.64,-95856515.57,8622216635.62,563806958.31,642705426.0,2021-04-21
3178,601368,绿城水务,262555542.32,-6.6,1522972728.46,10.9163314481,916200803.57,40775019.1,99348296.82,171125792.73,1245178526.94,315594741.14,317792883.25,2021-04-21
3179,601012,隆基绿能,5279552073.55,106.4,32897455384.24,49.6181166502,23389364451.22,1329748334.67,971025108.82,249608430.73,26422362742.66,6297828013.5,6246932273.86,2021-04-21
3180,600987,航民股份,736972121.13,11.34,6694459050.22,-11.1421212447,5322020731.98,104973358.86,143222740.51,-2189515.18,5771836757.39,984701697.79,982446887.1,2021-04-21
3181,600916,中国黄金,451464278.84,24.848437829891,38274096559.43,-6.4454677082,36311776367.56,370034636.34,129433172.38,93110727.14,36957614272.83,589937875.81,607429994.21,2021-04-21
3182,600851,海欣股份,103940134.72,-23.15,1111742408.11,1.1893078989,653324486.42,276971059.58,188608710.76,1843085.4,1156032643.39,142154335.09,132404674.58,2021-04-21
3183,600778,友好集团,115940779.47,220.63,5238605729.82,-7.0066334194,3920855472.83,334987793.15,754527175.65,93774457.71,5182117315.23,145788562.25,144238322.35,2021-04-21
3184,600769,祥龙电业,3084204.89,-39.44,23174362.93,-37.9093326272,15629685.21,,3575120.73,-24323.68,19334826.86,3863611.67,4233874.37,2021-04-21
3185,600689,上海三毛,8200687.11,-23.69,1369543327.65,-0.6208665329,1275049582.48,48148203.4,49445281.39,-2973314.55,1372406814.34,15214869.43,12484179.17,2021-04-21
3186,600667,太极实业,622165813.1,8.59,16917427444.07,8.0850011279,14746743926.63,35800956.99,523853358.12,202408990.12,16047653860.14,821301917.1,812176622.48,2021-04-21
3187,600582,天地科技,1107406379.93,15.16,19383573224.12,8.0498914227,13548725457.94,1067295678.21,1905034065.65,54235716.86,17850892408.9,1491867511.21,1513331525.9,2021-04-21
3188,600572,康恩贝,-345627846.12,-142.4,6768292920.12,-3.559744424,1709029640.79,3359520871.57,480408967.68,132602536.14,5966197251.61,-39070977.12,-50017384.62,2021-04-21
3189,300939,秋田微,86546816.14,19.837262460213,801254947.72,1.2736150039,582596415.48,28513030.13,52301765.03,-418021.48,710396401.18,97246762.14,97358729.7,2021-04-21
3190,300923,研奥股份,59702503.2,20.806131668208,370886753.73,6.036650142,229366963.84,24485548.22,28303294.87,1216783.36,301025218.99,68970773.35,68990866.78,2021-04-21
3191,300921,南凌科技,71901205.6,30.532942185228,502177650.65,19.3213178016,317094579.27,47390833.21,30193036.9,-927347.85,426046082.51,80354246.16,81581994.15,2021-04-21
3192,300894,火星人,239733213.53,159.598206489585,1326162079.46,38.771750163,639423624.18,331208213.86,39895062.47,-380132.88,1064523091.55,269273477.97,278633392.02,2021-04-21
3193,300827,上能电气,83842866.7,18.321236574928,922648706.51,8.966819305,647609547.75,85250142.34,29002424.81,7777311.58,831000849.17,88418716.23,88418716.23,2021-04-21
3194,300430,诚益通,81391942.86,-20.44,689199686.2,0.0091141357,396462703.11,75530274.78,69840643.44,6174691.83,599260048.2,92304348.17,91908499.23,2021-04-21
3195,300402,宝色股份,34506170.06,135.74,917050576.28,28.4682408349,727023148.59,33102231.9,56349165.29,15456595.58,872173706.32,27426567.86,30083673.58,2021-04-21
3196,300390,天华新能,61840180.51,23.0,758142391.76,-2.5974599912,532906635.3,46027912.23,51093498.52,3043451.91,671511518.38,74707131.92,74555389.07,2021-04-21
3197,300368,汇金股份,44607320.75,-6.66,846521153.95,2.3275461522,594920732.64,66731323.61,47111192.11,17152139.01,761014326.28,82704277.19,82661103.45,2021-04-21
3198,300284,苏交科,723613380.32,16.1,5967186073.71,-15.1198725778,3680834252.69,106372474.12,551711556.96,87234215.29,4735882099.34,878487343.85,876085062.07,2021-04-21
3199,300271,华宇软件,580389850.75,16.61,3510147949.37,29.5976708446,2081652152.4,254566344.38,281683581.64,-18708808.1,2973523911.66,635833361.52,623280681.79,2021-04-21
3200,300253,卫宁健康,398420733.04,31.36,1908007949.0,32.6146241841,926855979.67,241740797.38,140154759.92,3206515.85,1539660184.3,412513887.88,412625143.34,2021-04-21
3201,300247,融捷健康,-716058364.25,8.45,730153384.04,-31.3351246794,620887184.5,104535289.46,104157256.33,1728937.67,874843717.47,-724715558.59,-722921352.91,2021-04-21
3202,300098,高新兴,-1157254386.07,-314.48,2693234817.06,-24.4074876365,1973167023.58,281922382.41,231165150.64,-63528040.1,2852751865.6,-1204231163.1,-1198227329.54,2021-04-21
3203,300030,阳普医疗,26024206.42,119.02,575061342.97,4.5635922824,325490693.86,95690953.93,84549003.52,27223253.18,564707076.99,37575687.25,37001279.29,2021-04-21
3204,300012,华测检测,476396504.93,76.45,3183255712.67,18.7391540877,1610465291.81,604729179.17,222671207.51,7670384.43,2759604824.9,522110923.94,536247145.08,2021-04-21
3205,002970,锐明技术,194740958.95,28.83,1563664857.96,32.2209038989,882593987.43,192003052.16,101442161.07,1637721.6,1360531096.17,230302902.86,230742624.22,2021-04-21
3206,002949,华阳国际,136178647.31,7.98,1194648908.17,30.406006269,819962007.2,29568041.1,114292986.99,-1479147.16,1022935855.15,168807243.11,171524065.32,2021-04-21
3207,002908,德生科技,87671638.34,21.47,488072587.32,6.1226304429,256679220.24,51566224.89,36182072.66,-4988411.43,407010728.29,96619821.44,96310345.17,2021-04-21
3208,002737,葵花药业,565422018.73,0.38,4371413641.89,-2.2439200474,1811711166.63,1276746914.18,374733601.33,-1613024.31,3641427334.31,760411861.06,777973508.18,2021-04-21
3209,002733,雄韬股份,171268584.15,81.77,2931820343.81,-0.8235135027,2392081127.05,135228789.7,167092597.51,50234558.21,2825229729.18,149478744.25,180371276.05,2021-04-21
3210,002728,特一药业,171710431.13,10.39,921122276.68,4.084479946,374504404.52,205593827.95,61584952.66,45179827.24,742239133.9,197576245.47,196859582.95,2021-04-21
3211,002702,海欣食品,6839937.67,-80.4,1385183736.59,21.0282212757,983847399.66,287518976.37,65394625.58,-149095.94,1363951533.76,8835661.49,10086693.67,2021-04-21
3212,002693,*ST双成,24656435.61,135.5,346648798.62,2.7890956321,95105154.87,205974671.93,69754549.73,9730927.15,401535003.58,7887584.58,10517114.48,2021-04-21
3213,002691,冀凯股份,15566175.0,3.31,391269397.31,-6.0870558944,238432692.44,34353719.96,57575465.13,5459392.93,368973583.7,18996511.42,18839594.07,2021-04-21
3214,002673,西部证券,610163902.78,204.42,3680544587.4,64.505249227,,,1734723729.08,,2929808595.75,750735991.65,747221874.41,2021-04-21
3215,002633,申科股份,-28871341.16,-810.26,122814262.32,-24.1296354888,99546816.49,11059999.2,29913176.02,184730.27,151534764.15,-29071771.31,-28871341.16,2021-04-21
3216,002556,辉隆股份,193450387.11,-1.78,18626083307.22,6.8215638552,17611370082.33,356323856.13,243786369.4,107187104.85,18410086355.86,226495217.07,247177431.96,2021-04-21
3217,002536,飞龙股份,66341534.44,-72.97,2638262329.64,-6.4634755287,2023513471.47,163996273.53,193392737.96,28914584.59,2615810588.3,54039690.86,52485722.84,2021-04-21
3218,002475,立讯精密,4713820644.9,73.13,62516314588.42,74.3831996852,50067829953.96,498274838.05,1524835061.38,330073445.45,57100176904.83,5744687387.14,5635178801.85,2021-04-21
3219,002392,北京利尔,415903443.66,24.87,3742406925.09,17.0629027795,2501945252.22,417546772.06,139513936.41,-5386124.77,3247622190.07,510578711.16,480916756.69,2021-04-21
3220,002385,大北农,513291621.67,1.26,16577901766.95,-14.1133329941,13276764577.64,1123219926.7,922694205.65,205191089.67,15959329338.57,675069965.86,704290902.84,2021-04-21
3221,002251,步步高,172812885.74,10.18,19725078458.78,6.8780074634,14921510774.04,3725066211.82,376977561.34,322027373.55,19518375555.58,225757286.23,226296907.16,2021-04-21
3222,002228,合兴包装,266799359.28,14.48,11096782559.3,-8.7895268799,9650934846.38,488069477.48,406828347.97,74045284.68,10808114788.23,363694973.24,358763587.77,2021-04-21
3223,002208,合肥城建,522193758.12,110.945060774194,3495650602.89,77.3119621331,1563767073.7,131364899.98,113259563.36,143969031.82,2361316200.82,1137293667.71,1109475688.8,2021-04-21
3224,002189,中光学,98157661.51,-39.48,2552362826.97,-1.2055800425,2097430298.09,68726868.26,90321110.57,-1983196.97,2433849980.51,102106895.23,101927684.62,2021-04-21
3225,002165,红宝丽,89276972.0,207.02,2382800057.56,-3.4190812318,1887029441.96,105867647.42,142216623.84,60634614.53,2270307586.46,102585905.85,102759535.88,2021-04-21
3226,002124,天邦食品,100402423.01,117.55,6006883384.85,32.9265122032,5185627760.07,135617727.24,438254398.15,139691944.93,6009667716.73,228183974.84,126547885.52,2021-04-21
3227,002083,孚日股份,369012062.95,-8.96,4986925314.66,-3.2517839285,4007352423.95,203583382.21,190617680.19,139660494.37,4623464738.68,500203119.03,492226382.21,2021-04-21
3228,002054,德美化工,110132083.85,123.13,1571312189.59,-5.3676180194,987300660.69,167673756.67,159943115.93,26186910.63,1447223342.3,148719241.13,159727642.16,2021-04-21
3229,002041,登海种业,41583136.6,27.83,823176983.54,8.1610978167,557346408.89,90954843.45,106715845.46,-2388900.91,837446717.48,-27685122.33,-29889389.46,2021-04-21
3230,000963,华东医药,2813118702.11,24.08,35445698216.15,15.5962088157,24086722961.73,5797236883.02,1095227423.65,2473146.13,32236584319.28,3397042136.58,3470266224.45,2021-04-21
3231,000859,国风新材,83926931.47,-17.8,1360569741.82,10.2366551216,1187527237.02,41203427.35,65590974.22,-386020.01,1351477928.61,73257974.91,73428019.76,2021-04-21
3232,000822,山东海化,163041776.43,-72.2,4621274158.31,-12.1873991467,4010761755.79,155836347.47,163564088.78,-3920849.88,4394159435.3,240293632.77,216650785.35,2021-04-21
3233,000818,航锦科技,306662510.41,-39.07,3773945831.83,-1.3437616231,2903814687.82,127200374.29,248483063.02,38685399.21,3408883295.54,360174017.59,361087599.47,2021-04-21
3234,000788,北大医药,50188596.06,11.09,2509080051.01,8.3463131345,1542979389.61,693709345.77,134835980.83,5500590.67,2408619020.54,73389648.28,65897764.39,2021-04-21
3235,000762,西藏矿业,84434175.11,146.66,656640531.62,31.3971871258,576022478.47,15553180.67,144100888.62,-15045157.52,729328295.44,68317590.84,66372663.94,2021-04-21
3236,000016,深康佳A,212034210.08,-48.45,55119125478.72,19.4948027084,52138198501.04,2303132732.06,856529327.62,775888813.14,56684201307.2,303266170.63,450576207.16,2021-04-21
3237,000010,美丽生态,46474799.71,106.35,1893071131.21,448.0643904538,1443553693.74,5032298.78,104081894.21,91221322.85,1647885218.34,197755694.26,196249632.84,2021-04-21
3238,688788,科思科技,217967636.92,5.116997366588,674378348.98,22.3071495887,203253290.23,15921358.08,41554164.08,7859424.16,387071150.0,244516514.59,244433686.05,2021-04-20
3239,688689,银河微电,52724499.0,-5.647092648135,527893779.4,-9.8207375211,383711015.14,24320477.58,26352099.63,-3287987.65,468305852.76,60269300.01,60289014.07,2021-04-20
3240,688685,迈信林,42166273.89,105.492793965561,249165589.22,35.8314418355,157112578.1,6753569.63,15210994.99,2330765.91,199488764.96,47979664.51,48338017.85,2021-04-20
3241,688607,康众医疗,48181053.21,-2.240235760621,234546235.56,10.2462560509,131053538.35,20320633.37,18311916.98,-700027.89,189952058.3,54509933.27,56020414.86,2021-04-20
3242,688596,正帆科技,83022780.16,38.294091389963,1185704515.6,28.7923920007,885155256.79,30687515.03,95255565.49,12855543.51,1083056636.78,94628590.73,94343979.4,2021-04-20
3243,688588,凌志软件,149840625.28,64.041120821038,596622687.25,27.7419993657,330290605.38,31671847.89,47622332.7,-12446402.74,453625356.26,163369937.64,163373481.92,2021-04-20
3244,688557,兰剑智能,73338971.11,105.101922411604,395401511.27,13.4574229809,235049211.92,30853697.07,27276104.91,5263917.84,333172068.19,83528264.06,83570803.43,2021-04-20
3245,688526,科前生物,242642486.14,-37.619127499986,507511164.83,-30.979042612,106137144.63,84327025.58,35937683.75,-13442215.95,263540531.46,279054263.76,278300630.85,2021-04-20
3246,688338,赛科希德,71040074.5,25.262810962885,229568164.55,14.7320277173,93191384.91,34454715.29,10051105.71,-4670785.22,149162706.69,81722863.22,81690591.38,2021-04-20
3247,688310,迈得医疗,46752090.63,-16.53,209549529.62,-2.4877886249,107850719.36,13283014.48,29894821.72,1299610.51,175760260.05,50925475.29,53778676.0,2021-04-20
3248,688309,恒誉环保,64426488.1,-18.385399697489,234823333.57,-6.6382590891,127828634.78,4283845.76,12815306.32,-394532.22,158061174.95,74624988.79,75092237.18,2021-04-20
3249,688201,信安世纪,90347979.0,15.689004144434,317839042.0,18.0059653363,106769230.17,56815844.53,23425991.75,-207521.91,235319181.33,97785822.99,98672070.59,2021-04-20
3250,688179,阿拉丁,63690975.31,19.237138754915,209603356.38,26.0466493919,61228772.02,21307024.25,34458349.66,-79421.86,133841575.81,74916518.95,73609506.34,2021-04-20
3251,688100,威胜信息,217375268.34,22.77,1244051734.3,19.7768745348,820436038.56,63965190.58,32297545.56,-11601426.12,1016238237.33,248044863.24,251244341.34,2021-04-20
3252,688083,中望软件,89073410.02,100.224151471399,361077957.87,41.5820972966,7979604.89,148428778.95,31681209.55,-272207.35,301102653.14,101399281.57,98931286.95,2021-04-20
3253,688029,南微医学,303596010.76,57.55,1307474273.58,41.7916806368,447264463.82,277442680.42,177250607.64,-3651142.8,983688063.45,351523513.42,358765922.45,2021-04-20
3254,688004,博汇科技,50910216.91,-7.411620379307,274603321.73,-3.2849560073,119698308.46,48585383.06,15840634.2,-159248.24,228981833.35,54315690.42,55350536.31,2021-04-20
3255,605366,宏柏新材,156648721.74,-9.835351038915,1013854511.82,0.0833040723,687866418.84,58521927.46,41972456.28,6220017.03,840159432.18,185441265.62,184896972.45,2021-04-20
3256,605186,健麾信息,91902522.44,23.133729337447,300239668.97,17.0718531716,124021566.24,25612872.83,19999301.3,-829565.98,188140211.62,121193751.0,121173171.7,2021-04-20
3257,605158,华达新材,191291765.0,54.273759835586,5483573873.31,4.4235380607,4993195807.3,60833116.61,33110080.51,11125609.36,5292431897.56,212830120.51,222591942.73,2021-04-20
3258,605116,奥锐特,186130277.81,36.030438414002,581632761.51,1.0810702853,283271059.59,30244343.37,63699409.75,-3606656.48,413864492.61,170710683.74,206313164.95,2021-04-20
3259,605080,浙江自然,131381354.56,60.863949386702,544949443.9,7.164292272,327902010.46,18232517.48,29091641.19,138418.62,399543984.5,151014083.95,153281369.49,2021-04-20
3260,603970,中农立华,118876449.73,2.96,4342465253.71,16.2757365896,3896771725.46,165646535.0,57252383.68,45823554.13,4199335911.18,147606256.58,155634035.66,2021-04-20
3261,603956,威派格,120207432.28,4.07,858584372.85,31.7312914854,277647215.42,247795245.47,124165707.46,-7430585.75,718820044.47,132452659.02,136457559.93,2021-04-20
3262,603886,元祖股份,247768136.84,-2.38,2222668088.36,12.6815604755,810000681.48,942861355.47,111187368.64,-523754.05,1897886078.38,331119955.87,315002594.51,2021-04-20
3263,603885,吉祥航空,994470115.82,-19.34,16749412414.17,16.5892957919,14400406837.52,676038331.69,448206940.3,339920712.42,15929709879.15,1286734175.8,1397091861.09,2021-04-20
3264,603882,金域医学,402331127.66,72.44,5269266497.93,16.4413723893,3189146633.71,804645302.82,482917160.35,29072297.2,4836112663.61,484034999.67,495723622.74,2021-04-20
3265,603879,永悦科技,24390446.63,-34.81,428725782.24,-29.5113131717,355396647.26,21411766.93,13846168.04,-125957.22,405740866.14,27666320.92,27698057.3,2021-04-20
3266,603815,交建股份,106728925.47,-11.88,2851876671.7,4.7566348553,2568852857.97,16325700.69,73149059.51,15867599.3,2679758330.79,145145389.15,148854863.1,2021-04-20
3267,603759,海天股份,155103383.37,29.488834565375,681138109.46,7.5605080675,353840221.16,17406010.97,75601957.11,68424984.34,535743824.13,188943502.77,184116051.6,2021-04-20
3268,603706,东方环宇,113242350.57,20.62,451717797.99,7.701067775,274440140.72,44924224.25,20959971.58,-474180.62,344528911.34,132523659.1,132822370.02,2021-04-20
3269,603700,宁水集团,212296685.71,54.72,1371124665.82,33.207804987,886913779.66,171827239.22,53538540.07,-2588997.27,1160981678.71,235901902.16,246225708.83,2021-04-20
3270,603666,亿嘉和,256142371.19,39.2,723745738.81,43.2851337818,263146818.24,70634170.83,88052426.06,-7803435.36,477158707.5,271671106.13,304570979.88,2021-04-20
3271,603661,恒林股份,243394956.06,42.38,2903737030.75,25.279280723,2178558275.53,195226887.94,163191514.51,-6575961.08,2654263459.51,280169258.97,286555527.65,2021-04-20
3272,603638,艾迪精密,342183960.83,51.96,1442445005.6,41.3257087762,824600323.17,84237978.71,65516080.43,15637005.92,1053966339.11,395005462.63,396567736.45,2021-04-20
3273,603610,麒盛科技,394879710.32,34.91,2529260681.13,5.7785220447,1535259610.65,249756578.36,177114315.68,-30570523.27,2051282946.17,459852569.4,463212034.37,2021-04-20
3274,603601,再升科技,170937571.47,7.54,1252193566.26,15.7165059098,838126255.37,82587843.67,77357792.89,11246901.17,1075668760.0,186496089.29,185011043.24,2021-04-20
3275,603583,捷昌驱动,283600911.83,11.68,1407770832.01,26.1473758062,906178184.03,94677341.77,64322368.14,-12532055.34,1145638624.66,325922120.22,332233719.5,2021-04-20
3276,603538,美诺华,150904871.05,56.62,1180205325.5,39.0175290787,727629359.34,21330619.39,162939622.78,19555164.84,995662031.41,189733853.4,187246588.13,2021-04-20
3277,603353,和顺石油,161736717.64,3.657736665681,1940146689.4,-17.0576621961,1567891744.79,118538939.39,21271647.32,9995374.96,1723965140.06,215965279.74,216475287.76,2021-04-20
3278,603236,移远通信,148001477.82,-18.0,4129746036.13,52.8701013974,3256180032.99,202063698.01,127790047.09,27254889.55,3982036060.84,145398358.53,145353285.2,2021-04-20
3279,603233,大参林,702661961.73,32.17,11141165082.18,25.7570930619,6742559626.27,2898827870.05,519800561.31,30474055.39,10253200943.23,918256148.23,919497557.41,2021-04-20
3280,603225,新凤鸣,1353037508.58,-4.8,34148442630.41,4.5606120777,31239619014.54,153889427.26,285903121.68,276486535.3,32693655170.87,1585216650.57,1591521172.2,2021-04-20
3281,603178,圣龙股份,-209610806.53,-649.733038261329,1220662512.14,-6.873635055,1090836191.42,40678967.34,90010377.23,33207371.34,1323441396.52,-218229954.84,-218072654.07,2021-04-20
3282,603168,莎普爱思,7857251.11,106.212526797854,515957073.58,-15.0601214033,174138840.92,249735724.19,59040310.69,-2539200.18,515313805.97,-11375643.57,16782152.16,2021-04-20
3283,603167,渤海轮渡,410298741.87,2.38,1662883330.44,-0.3174383571,1131449024.04,28998551.53,90665762.35,20084707.49,1279908797.49,576163772.97,580604968.44,2021-04-20
3284,603113,金能科技,762331122.96,-39.99,8149917719.86,-7.5135720062,6943292735.3,216244835.22,172229382.06,3495509.82,7404858013.42,861396845.44,900229450.45,2021-04-20
3285,603109,神驰机电,111219387.29,-20.18,1270625814.39,-5.002817358,932881950.09,123122280.98,55397566.58,-1839529.59,1150571750.65,130104628.96,130129132.64,2021-04-20
3286,603105,芯能科技,42118012.93,-36.34,387097885.08,0.7614086424,213797362.65,1692096.96,87241284.76,45907834.67,365238486.83,34972714.41,43558585.41,2021-04-20
3287,603096,新经典,240280588.57,-0.22,925324579.65,-0.0783747164,503783579.55,107750942.84,54141103.71,-3374418.51,667754821.91,323878744.81,320508168.19,2021-04-20
3288,603059,倍加洁,109365718.83,15.84,805994374.65,6.6849977423,601608282.69,46735386.88,29167743.32,-2612037.65,693674647.75,132115235.47,134404432.93,2021-04-20
3289,601798,蓝科高新,-36307675.4,-157.69,1079406128.92,34.2091457385,860039042.98,56244173.56,85109192.81,24115121.36,1107899592.7,-45932235.19,-50789700.34,2021-04-20
3290,601789,宁波建工,240275854.68,9.44,18555432816.28,19.3900092681,17062240573.97,81310639.35,492560661.73,231702144.54,18155607992.55,325283454.81,333292227.36,2021-04-20
3291,601689,拓普集团,456205818.45,-39.44,5358953813.6,-10.4455548683,3949993344.06,287078723.04,229643454.4,3098025.81,4834412471.77,531536004.39,528752406.56,2021-04-20
3292,601568,北元集团,1660476866.16,-3.218542085847,10046374422.33,4.611382017,6626496256.92,587964517.23,702863113.29,62725016.77,8116204041.11,1952063881.96,1961840900.7,2021-04-20
3293,601567,三星医疗,1004378705.8,103.91,6805309495.43,14.797079507,4835331178.36,503538369.4,342763604.97,22250399.83,6070955781.39,1206118696.78,1199940085.56,2021-04-20
3294,601010,文峰股份,334343706.63,38.0,5993056081.18,-5.9575403771,4800935450.31,402370626.88,302910337.8,3537903.46,5609502176.24,428060835.73,472781528.47,2021-04-20
3295,601002,晋亿实业,138501374.15,-22.1,2947098702.41,-15.1004638687,2313078221.57,163693616.82,111166368.08,25535517.89,2753596374.99,167632897.79,164168168.29,2021-04-20
3296,600982,宁波能源,116664669.73,-45.88,3411652507.98,30.6066038332,2983534429.42,102570803.71,155650448.01,38047755.3,3293651768.97,188149897.63,193219214.67,2021-04-20
3297,600968,海油发展,1233051275.73,15.68,33463292568.99,15.4912336356,29390739692.06,284511074.15,1400334629.26,196528889.93,32249633977.65,1719469735.47,1723585356.18,2021-04-20
3298,600855,航天长峰,42693776.59,-58.02,2592273689.21,9.9952599363,2021412526.08,155092041.97,191284893.46,9876087.21,2466702421.5,112666482.23,131421205.81,2021-04-20
3299,600822,上海物贸,61421359.93,39.33,7297190183.53,17.984651208,6900556637.13,115220808.91,213897605.0,2559441.39,7238143932.7,90381144.47,100804756.68,2021-04-20
3300,600802,福建水泥,466908623.75,38.34,3043783250.03,3.2711102209,1968216192.0,49865109.87,164320992.11,56350611.64,2293506899.2,810122107.91,657010323.49,2021-04-20
3301,600797,浙大网新,54147328.46,-69.34,3747527643.69,5.3381069189,2650287700.14,250255770.8,265962131.92,29377989.51,3508804957.18,132193005.12,128694369.44,2021-04-20
3302,600795,国电电力,1744222471.41,19.05,116599292224.93,8.0435369766,96187970914.87,151653909.18,1063940221.32,9415127915.21,108933483992.39,6890462626.64,7115505053.97,2021-04-20
3303,600782,新钢股份,3413944714.89,-42.19,57903574665.39,1.6506638328,52713412594.42,356637685.36,353835904.56,184686409.65,54360646974.24,4031910480.2,3975595377.05,2021-04-20
3304,600758,辽宁能源,26212918.9,-76.87,6689580533.41,-8.507137653,5640311745.01,104405164.72,423682841.65,351697909.39,6674011590.78,-22488088.34,71318393.5,2021-04-20
3305,600740,山西焦化,474199911.46,-69.06,6641782259.38,-8.1227583755,6791988315.75,52470727.84,238312118.71,359770399.18,7533181290.52,452999324.86,450886028.06,2021-04-20
3306,600737,中粮糖业,579580723.81,15.04,18424834764.08,5.1952095859,16138918052.27,654365909.9,611795905.2,101935158.14,17661846802.04,805835442.67,789330671.31,2021-04-20
3307,600653,申华控股,-252732520.97,-174.1,7358844181.14,2.9763619606,6791021917.54,169530903.48,302903752.04,186068328.01,7475589839.64,-165644462.55,-164931910.97,2021-04-20
3308,600556,天下秀,258596890.19,63.79,1977308254.83,63.4708762417,1434690852.48,109369413.66,59221475.65,-16676474.84,1661621808.59,310306595.1,310507514.96,2021-04-20
3309,600550,保变电气,15207662.89,101.862523919105,3517765338.85,10.3838748215,2849668519.04,169459014.33,199198860.27,148361628.31,3538471846.17,1763641.81,41894857.05,2021-04-20
3310,600527,江南高纤,82303062.35,-6.92,1152751780.71,-15.9530265212,1007038474.24,15291087.22,27945518.26,-323212.08,1094827186.66,88563896.07,88623896.07,2021-04-20
3311,600509,天富能源,-386975060.71,-934.34,5036629587.2,-1.2427966267,4284295208.78,113519940.18,430526051.07,474248260.33,5356057831.16,-372735604.53,-399263526.62,2021-04-20
3312,600475,华光环能,449076533.98,7.09,7005159899.17,-6.0155044965,5760668584.3,143908874.74,449001335.94,-22573100.22,6551053504.62,563872730.99,579930944.95,2021-04-20
3313,600468,百利电气,56311165.2,19.49,1569254445.34,15.6381775959,1260087302.95,59311141.24,120608044.35,8989068.42,1529248346.18,78310929.41,78541187.49,2021-04-20
3314,600395,盘江股份,1211811137.47,15.45,7413366204.9,6.0401463493,4732069093.03,18399104.11,705982097.24,147767692.99,6115401246.26,1517055976.72,1555823725.17,2021-04-20
3315,600389,江山股份,300061162.27,-23.47,4781182239.01,21.9325173543,3964131406.86,74602574.69,217396764.19,15850144.53,4466903230.84,361765963.43,348835958.87,2021-04-20
3316,600370,三房巷,773624541.18,2.44,22082424611.53,-11.8991179477,19863699552.98,354158630.5,67589267.99,526999413.54,20867785921.07,1155480870.48,1155830415.71,2021-04-20
3317,600352,浙江龙盛,5022953729.27,22.17,21364994632.83,12.0006324718,12241237509.02,1247694583.64,1227967161.05,295501959.24,15975622286.7,6116070280.07,6196873107.98,2021-04-20
3318,600276,恒瑞医药,5328027519.56,31.05,23288576607.05,33.7048392925,2912944053.09,8524967635.36,2241179734.74,-133820699.9,17657948605.0,6149679348.11,6055761514.41,2021-04-20
3319,600262,北方股份,62662189.33,-45.16,1417563548.6,18.5658559222,1026713428.9,64209289.24,61499821.74,31478065.17,1218483232.49,65210585.67,70337042.47,2021-04-20
3320,600261,阳光照明,484349560.99,25.96,5316197019.36,-5.3415970584,3600857104.51,384460565.11,418987807.35,-14269282.89,4646602995.99,602499129.64,597219700.58,2021-04-20
3321,600243,*ST海华,-418180815.54,-101.824781491724,706354709.61,-7.4862633038,653944961.79,61560044.4,129618485.72,16809389.11,900921451.47,-421238764.32,-429199730.07,2021-04-20
3322,600229,城市传媒,374538815.1,7.62,2314493553.39,6.6504237774,1441868522.28,299659320.11,254927289.71,6268823.4,2023310176.61,373435781.26,373782949.28,2021-04-20
3323,600215,派斯林,76998066.69,-21.2,186666622.16,-68.3048353952,125200372.42,3732639.45,20345653.26,-15204864.57,143104345.44,109676398.3,108975709.18,2021-04-20
3324,600179,安通控股,-4509514749.45,-989.94,4996618908.5,-50.3196554166,6213795366.17,24467657.85,259108878.28,348016714.8,6865419594.01,-4433412625.58,-4444175996.75,2021-04-20
3325,600178,东安动力,10578436.65,89.93,1939226217.5,49.977657222,1653171147.53,58126305.11,150633731.51,17836849.61,1917426093.57,9975516.01,10578436.65,2021-04-20
3326,600153,建发股份,4760262584.25,0.08,337238672648.4,20.2783789114,314962433093.03,7760860216.22,410180965.83,990665275.86,326279877910.19,11148368478.16,11291426183.26,2021-04-20
3327,600105,永鼎股份,21637709.18,-88.82,3371003476.55,4.6488207191,3058023836.64,108641350.83,143915706.08,41319582.95,3516536420.74,76371861.62,76058617.37,2021-04-20
3328,600071,凤凰光学,4437447.37,-81.26,1127927077.37,0.9677671397,980068030.76,20993379.72,75481136.73,-2599305.28,1118573392.82,-487748.07,363518.9,2021-04-20
3329,600048,保利发展,27959019793.11,47.9,235981035684.68,21.2924055681,153449636272.28,6680664007.67,4233044430.65,2581725737.14,188841883128.17,50402277617.76,50530715726.75,2021-04-20
3330,300989,蕾奥规划,66979645.22,44.050366897325,396284995.41,20.1718190443,207274727.53,7426788.4,78810855.64,260616.99,323232529.53,74776131.94,76468602.41,2021-04-20
3331,300988,津荣天宇,53258967.11,22.834830794993,874381759.62,1.3102052673,706093888.13,16475058.79,50224722.75,3107017.83,809437450.48,65689933.92,65181722.61,2021-04-20
3332,300965,恒宇信通,77655943.85,413.964221968667,190435668.48,41.2568185967,60301099.23,4831176.14,15444878.31,-37160.42,99524053.64,91525587.83,90708413.48,2021-04-20
3333,300952,恒辉安防,96848907.8,34.770509525295,597179266.94,16.8237829255,425002903.98,16677938.81,26629470.02,93442.79,493131382.43,102738477.29,118235780.82,2021-04-20
3334,300947,德必集团,113852810.09,121.477320076398,910031584.54,17.946883677,621471800.4,26212875.84,107232458.22,640021.96,765506138.9,167181608.62,163458783.89,2021-04-20
3335,300936,中英科技,47704899.84,-9.565489000286,176486076.84,0.9366108194,91609512.25,5780253.31,11346890.07,-1691128.44,118213895.97,61027054.35,61036967.35,2021-04-20
3336,300927,江天化学,53736284.99,-12.702787045452,499997157.85,-18.1560900296,374602974.72,28999060.42,24020847.04,4090680.73,440777775.65,60695872.93,62626858.89,2021-04-20
3337,300888,稳健医疗,546293677.91,28.635074736583,4574625915.6,19.1644857173,2211926535.06,1355767449.04,197456021.51,6198700.74,3966093342.21,641771043.18,638414196.02,2021-04-20
3338,300879,大叶股份,81482450.29,30.337217085119,987687714.01,26.1561450708,765548457.56,45214066.14,27803944.57,5795873.09,897549648.39,90262695.19,90402087.37,2021-04-20
3339,300857,协创数据,95279037.17,40.285987368433,1555976300.01,32.0513835506,1324730633.88,12081547.71,35209431.2,13813703.83,1448042260.28,108154818.13,106871376.6,2021-04-20
3340,300841,康华生物,186686665.96,21.115256519562,554636645.87,-0.8634796649,32349343.68,217037731.41,57697321.22,-172970.0,332568884.27,223404028.75,223332811.16,2021-04-20
3341,300829,金丹科技,115210946.15,37.981047676562,878107136.71,9.4865146172,577816998.42,61170094.35,63745403.04,14045699.13,761219567.05,126754492.86,120958464.13,2021-04-20
3342,300729,乐歌股份,62980526.8,9.36,978069230.65,3.3052482933,523572884.17,284516313.09,60291765.67,2240390.17,918671005.17,67692499.36,67814652.58,2021-04-20
3343,300719,安达维尔,73149067.02,31.94,552446608.01,10.6275951615,255416025.95,26831180.53,128231321.31,2066557.59,486875648.73,83028936.48,82543380.45,2021-04-20
3344,300709,精研科技,171259760.46,360.55,1473002013.81,66.9476915372,916090685.12,27489674.42,151238569.61,118256.75,1245492777.84,193938157.72,192051237.92,2021-04-20
3345,300702,天宇股份,585725746.35,257.89,2110595680.52,43.8758307037,926401869.99,43541195.91,315979284.28,4747286.72,1423632617.92,688312501.2,684102007.73,2021-04-20
3346,300668,杰恩设计,84049011.84,0.53,389631087.76,14.0165243163,188847511.91,18226081.37,44260379.11,352247.67,273461570.96,97923656.35,97702166.85,2021-04-20
3347,300664,鹏鹞环保,289897711.7,72.31,1933343820.28,150.5165084669,1287010925.12,30437212.31,114929157.1,89970901.67,1564439051.35,374466593.04,383650088.86,2021-04-20
3348,300612,宣亚国际,10349912.85,-50.86,354228722.98,-4.0761600072,210800520.81,66919776.11,22275637.63,-1652797.46,325751750.77,14740008.04,14739562.18,2021-04-20
3349,300598,诚迈科技,169412390.75,964.29,660136682.96,23.6179054883,486645461.51,23326509.7,61217285.65,4546138.48,644044680.55,158590982.35,161294173.73,2021-04-20
3350,300583,赛托生物,55309472.92,-56.13,965800380.65,-8.2180568511,730081155.33,12245146.21,79735342.85,31083914.68,914638491.18,67193887.11,64707055.39,2021-04-20
3351,300580,贝斯特,167815085.98,5.69,801857188.08,7.6669344591,488778564.98,18442126.9,70090701.79,-1817395.58,624486292.24,191628499.72,191732379.96,2021-04-20
3352,300573,兴齐眼药,35893796.29,162.79,542434237.77,25.7950597639,145049013.58,219282732.0,72756448.64,4482352.86,505068706.54,37687863.14,35816513.48,2021-04-20
3353,300533,冰川网络,160880005.13,61.06,411931051.52,41.5724119897,25645570.9,143007598.81,40300715.66,-17913408.83,307197056.73,172022997.72,172125829.58,2021-04-20
3354,300520,科大国创,118846143.8,143.23,1569717788.81,59.825137209,1104183667.76,88404641.88,91964034.66,-882819.61,1470480581.68,133943885.36,133942948.72,2021-04-20
3355,300515,三德科技,44022342.02,25.55,282468174.36,11.1704443409,111590856.83,78744009.52,23538953.76,-380159.57,252023971.55,51455662.71,51383976.82,2021-04-20
3356,300454,深信服,758899876.93,25.8,4589898922.96,42.3467000473,1276658374.8,1608174964.28,191528281.82,-123400301.76,4147292109.28,788623564.4,790817093.13,2021-04-20
3357,300422,博世科,282444334.14,20.3,3243604062.56,19.0740087151,2306798075.01,65702731.23,167911130.52,169819722.31,2891338241.34,323241260.56,317375383.8,2021-04-20
3358,300406,九强生物,331648680.02,10.3,840861681.24,8.6134537145,262560309.12,96951831.78,31813206.68,-5898528.63,465434754.82,377753534.23,381899092.88,2021-04-20
3359,300366,ST创意,118397117.84,130.65,1971371759.37,22.8194663346,1512567120.23,34959526.7,117558777.09,29078818.1,1793162210.33,125007517.14,125066166.88,2021-04-20
3360,300329,海伦钢琴,52030578.4,-4.55,553530167.07,4.9497726927,394774111.37,49158475.92,46822696.41,-3930856.06,514273905.21,56674251.05,56394982.8,2021-04-20
3361,300258,精锻科技,173860822.9,-32.79,1229210177.46,-2.8620618074,795105510.82,32143720.85,70596879.12,18690372.44,991068315.01,214241042.46,212855763.03,2021-04-20
3362,300243,瑞丰高材,74525409.2,-17.37,1213369670.91,-16.05528417,919664181.15,115382923.17,65298615.7,12304227.63,1125045248.13,95209815.56,91144266.41,2021-04-20
3363,300240,飞力达,31269149.89,111.51,3237160394.33,1.2103111485,2885429001.36,56419856.07,163651688.07,29878539.95,3182235367.32,60109257.45,60735023.98,2021-04-20
3364,300204,舒泰神,27299424.22,-79.64,661490407.23,-17.9373049147,80876066.48,397916821.16,39966635.4,-973661.08,685227203.18,20343153.55,20154602.77,2021-04-20
3365,300122,智飞生物,2366438733.29,63.05,10587318311.6,102.4999074663,6135815423.87,1095580301.04,182691744.43,74926451.46,7709979663.15,2813515309.18,2765378153.04,2021-04-20
3366,300121,阳谷华泰,184349920.03,-49.8,2014294669.18,-3.2484627928,1528327006.99,109655464.14,91149717.09,8248307.02,1803018341.7,216592562.48,221681038.07,2021-04-20
3367,300082,奥克股份,352064635.56,6.45,6388944844.63,-15.5805480189,5606201618.8,120966980.55,117032611.3,59493038.94,5970313322.92,443476290.2,449884128.63,2021-04-20
3368,300081,恒信东方,56331886.52,-71.6,559379846.69,-21.9765529434,326701715.64,71385365.39,94854453.04,14843224.35,540453450.4,93743916.3,94497783.69,2021-04-20
3369,300074,华平股份,15966260.63,24.02,477681228.62,6.437915809,292430224.62,70372659.61,46960141.05,-15696283.31,434525234.87,17667127.0,18304077.01,2021-04-20
3370,300048,合康新能,23141705.53,109.76,1303728042.87,8.0768556882,921908413.22,135972171.41,109841153.13,29151152.26,1284784794.32,23528801.76,15572431.78,2021-04-20
3371,300014,亿纬锂能,1522008065.91,166.69,6411641552.23,47.3537291544,4506351088.81,175325471.27,188779337.8,95309848.07,5470960895.5,1633608071.36,1626232608.93,2021-04-20
3372,003032,*ST传智,180271777.76,6.164346731848,923667392.96,16.7063117694,468063910.14,122450265.22,99947251.56,-1013781.27,756974842.43,183229108.86,202457697.07,2021-04-20
3373,003030,祖名股份,90165098.92,41.011093818445,1047737339.68,11.5611640314,633550025.09,213036598.82,57260253.76,21626289.21,937634497.92,121114945.9,119136511.7,2021-04-20
3374,003028,振邦智能,115751974.41,34.958414133341,696521329.21,22.723128625,502285371.47,10488010.54,14588799.9,5700553.75,568128404.24,132246735.49,132735264.53,2021-04-20
3375,003004,*ST声迅,73332885.54,1.119636815921,364644584.68,14.8643807948,185875449.55,22448844.05,26146344.98,3547742.17,265088079.89,88324143.43,89094802.27,2021-04-20
3376,002998,优彩资源,87458234.03,-3.363546079192,1738137426.4,60.6506142945,1543789343.74,20163598.78,23578243.44,19850527.1,1676943237.53,101962221.12,101859062.45,2021-04-20
3377,002992,宝明科技,144376849.46,17.677438855616,1837373967.1,33.3759770713,1467758466.64,56245074.17,36517759.99,20757840.7,1690883929.32,157085814.94,158409952.11,2021-04-20
3378,002975,博杰股份,150419732.45,34.76,824939964.66,20.0088477956,414464461.4,85966066.79,58270918.38,-2295991.96,662514049.49,165627833.08,168866488.26,2021-04-20
3379,002963,豪尔赛,215818506.25,26.35,1157000523.38,25.4996660064,714288268.95,43798704.07,78219112.78,-522432.43,862513954.93,255735817.16,255626317.63,2021-04-20
3380,002884,凌霄泵业,272382548.16,22.05,1135156054.7,2.7829229293,754221647.06,35648199.34,28895575.09,-5037749.45,857614418.98,317871743.63,315858113.09,2021-04-20
3381,002827,高争民爆,23986790.4,-60.28,363520451.38,1.4815383783,211971422.82,39145374.92,80684893.52,1762610.73,335720358.87,32251541.75,30771374.53,2021-04-20
3382,002790,瑞尔特,181538751.5,12.73,1109444022.03,11.6382076687,772226511.17,54681823.1,56041552.78,-13941063.21,922911909.85,205515154.65,205119143.24,2021-04-20
3383,002767,先锋电子,27518094.77,6.57,317748394.53,9.9389540015,216843238.56,44868495.61,30003485.9,-36374.22,316426447.56,30061974.95,30436118.3,2021-04-20
3384,002734,利民股份,321894664.9,56.17,2832674577.01,86.4605096348,2076355876.09,166409186.57,252482364.99,43673652.51,2681473956.15,354280905.56,365597895.74,2021-04-20
3385,002701,奥瑞金,683243391.0,203.15,9369162549.0,14.6020494759,7092991096.0,377926067.0,545759714.0,293768816.0,8474863239.0,1048445849.0,1049720442.0,2021-04-20
3386,002692,远程股份,8481782.18,102.06,2792995484.95,-6.9002728878,2264347180.59,228080943.41,92219547.03,58284112.73,2697512098.44,10878801.18,10766044.92,2021-04-20
3387,002674,兴业科技,118024529.84,1.97,1587100991.37,-12.15943498,1343227765.36,18783036.54,72868116.75,-17417079.2,1473813889.26,136105403.24,135540712.42,2021-04-20
3388,002661,克明食品,206668169.28,11.17,3033973309.43,6.2217792751,2287861728.85,341435755.1,122593829.04,66282725.51,2866867476.22,247869179.49,245787689.26,2021-04-20
3389,002645,华宏科技,179004724.77,13.96,2161340387.07,12.8096417653,1706467096.85,85783698.38,103720910.76,-1394478.48,1986148519.28,215840809.42,214983147.82,2021-04-20
3390,002599,盛通股份,141314343.05,13.82,1952689690.49,5.8712350174,1499986427.85,100140739.59,146488294.97,11097977.46,1792915690.26,171811728.71,174064926.47,2021-04-20
3391,002542,中化岩土,251512180.24,12.79,4100278615.93,15.0530020832,3246866361.38,20060496.69,169277273.04,130902545.43,3705124654.37,289607464.62,289982183.59,2021-04-20
3392,002513,蓝丰生化,-516555019.94,-40.96,1504434663.36,1.5554645693,1170267146.67,111437445.5,164310150.56,54280047.38,1546017305.63,-558789634.32,-559819425.58,2021-04-20
3393,002500,山西证券,510183708.0,130.06,5102180737.0,-25.53,,,1567386381.0,,4434575469.0,667605268.0,665778305.0,2021-04-20
3394,002489,浙江永强,500018028.87,563.94,4685206318.47,6.8193285826,3358839741.29,457264259.19,226964331.53,88153782.3,4361160826.88,554892207.21,544077552.99,2021-04-20
3395,002483,润邦股份,140289555.43,114.26,2313688877.44,18.0150561461,1795687058.3,71100257.87,173611074.59,5935211.01,2251268213.64,98889583.72,162465606.96,2021-04-20
3396,002481,双塔食品,187044052.14,103.56,2121775326.84,-10.8241374756,1631945022.15,121075343.58,37098140.58,41099882.81,1897647459.72,211881985.88,211301469.28,2021-04-20
3397,002451,摩恩电气,36524168.4,335.67,367023233.67,-37.2623916762,298832665.93,24166206.65,44957565.81,17067963.31,395827469.99,49160709.52,49069404.2,2021-04-20
3398,002449,国星光电,407804642.18,-8.68,4069104731.32,0.080282712,3195578757.4,78298402.89,138838352.05,-821049.47,3579033819.14,481669312.15,474302108.71,2021-04-20
3399,002441,众业达,225121148.04,9.28,9925260476.31,16.0192689656,8888463682.43,461591173.97,185204134.22,-7835619.49,9593761706.23,303864858.06,305441972.95,2021-04-20
3400,002434,万里扬,400330892.65,13.86,5099834596.4,16.6809574844,4009038666.75,183156410.79,196264500.66,88543288.87,4783378996.41,417123602.91,411319599.63,2021-04-20
3401,002413,雷科防务,136538930.28,0.19,1124767019.03,13.1550133363,628807007.43,26967654.26,160715165.67,13987301.36,957888861.67,190912858.9,190795405.42,2021-04-20
3402,002346,柘中股份,94663779.43,62.46,451656673.66,-19.2581693957,346614899.72,14358760.32,44431747.89,1919219.47,413489969.96,139523308.73,138159851.34,2021-04-20
3403,002330,得利斯,7993729.95,-0.07,2346471152.65,16.2464068422,2102898186.82,134071505.43,56987613.59,9778193.74,2314630777.63,3092532.24,3475169.21,2021-04-20
3404,002311,海大集团,1648762579.59,14.71,47612587464.5,12.9421133038,42223411917.1,1562696499.51,1190746169.15,211949889.53,45665430527.82,2098217734.81,2094021716.21,2021-04-20
3405,002299,圣农发展,4092611194.57,171.85,14558436761.99,26.0773221033,9528575356.57,375577541.83,197462628.86,156778591.29,10336545225.27,4264569052.63,4196906640.53,2021-04-20
3406,002282,博深股份,72219763.79,-16.19,1168217076.64,10.8324708207,837511381.49,82125755.77,75407379.42,16391914.64,1062965939.81,91173893.86,89875672.8,2021-04-20
3407,002254,泰和新材,234999549.91,38.32,2534782060.91,17.0075890945,2068145705.58,87815684.41,87200610.26,-1360386.85,2328913337.59,245954266.67,268037220.38,2021-04-20
3408,002230,科大讯飞,819175858.63,51.12,10078688919.69,27.3008265221,5440459540.94,1780156058.84,706707045.56,-3706986.07,9630460730.71,987967531.25,995420865.56,2021-04-20
3409,002198,嘉应制药,-122184478.4,-440.55,500504004.47,-6.7934327952,106379909.82,306060977.13,56497953.52,3005285.32,496437710.25,-114148416.0,-114180845.34,2021-04-20
3410,002144,宏达高科,82527814.26,-9.16,543319831.34,-14.9021403844,372856372.53,19362214.94,47590305.53,-688919.6,472017470.55,91884717.94,90964470.82,2021-04-20
3411,002102,能特科技,689188009.41,125.41,15935570983.22,11.4914444307,15029041622.64,61162559.07,122980379.36,32428425.25,15376352976.78,694332874.41,759461997.74,2021-04-20
3412,002101,广东鸿图,27584306.87,-91.8,5906316589.79,-2.5376788868,4406134081.92,373857508.9,294430105.86,57661698.58,5476899355.69,129042876.55,137440250.33,2021-04-20
3413,002078,太阳纸业,2178118987.24,-2.66,22762704535.51,4.5676583676,17631321519.43,941561056.61,563843138.6,572826237.73,20235984530.89,2503146479.08,2593710552.83,2021-04-20
3414,002043,兔宝宝,394294102.74,19.18,4631831171.99,7.5555029518,3837537982.98,188552678.29,144921545.88,39692514.78,4279375748.0,468609353.79,475769387.46,2021-04-20
3415,002026,山东威达,-117892129.35,-175.91,1575109439.78,-5.2278809485,1185519010.49,35858226.88,106412552.21,-18936717.54,1403333389.62,-79977390.22,-80778987.78,2021-04-20
3416,000962,东方钽业,41161217.2,37.73,601068722.7,-45.1308751063,513156028.53,6689987.49,64011546.85,13531077.97,618942670.68,36581032.26,42491042.31,2021-04-20
3417,000703,恒逸石化,3190185517.79,70.97,79620543631.74,-9.5897276972,73994833712.93,455835985.78,583493439.21,1011335714.93,76723504823.91,4774193560.13,4756150138.52,2021-04-20
3418,000625,长安汽车,-2646719356.53,-488.81,70595245133.28,6.4812772916,60232585428.08,4591170885.94,2265231518.65,-190849511.73,72555259149.9,-2107108138.38,-2242366904.52,2021-04-20
3419,000581,威孚高科,2268026432.78,-5.34,8784356960.3,0.7186955657,6670354380.54,259650752.33,514028451.76,-57892276.12,7870700853.45,2454255436.8,2450542571.17,2021-04-20
3420,000546,金圆股份,503258545.86,34.34,8171198004.04,2.4728044273,6976679032.87,147071902.66,246379115.52,152401665.17,7667301021.29,563999537.51,683373312.91,2021-04-20
3421,000526,学大教育,13865025.0,7.06,2991938325.34,3.4272355347,2175673149.87,243485062.85,396616600.96,81077619.53,2958485771.6,47782199.07,43153081.82,2021-04-20
3422,000524,岭南控股,259204451.22,26.52,7972099522.94,12.6341976505,6871091523.51,504864720.52,312228382.09,-7004391.53,7723543008.18,383205005.54,383085086.25,2021-04-20
3423,000519,中兵红箭,255217225.91,-26.49,5321631282.12,7.4298104062,4190910422.18,78258064.53,404517049.8,-38080818.9,4960898052.09,330053082.16,309863032.51,2021-04-20
3424,000430,ST张家界,11055878.66,-58.13,425258692.37,-9.2091663995,297950048.75,22674213.23,75256263.57,4169035.13,408448270.4,31457463.48,26634656.9,2021-04-20
3425,000420,吉林化纤,90912171.14,-31.34,2690565539.92,5.0017068833,2152255492.75,58149075.49,95099892.94,221814925.63,2559431017.28,97171036.97,94506461.76,2021-04-20
3426,000403,派林生物,160448038.94,100.6,915656568.55,6.4910971114,436412432.0,144641849.66,111904311.87,20753442.38,735540376.55,180038101.48,189005050.71,2021-04-20
3427,000159,国际实业,30416046.77,-49.24,430842047.3,-21.870999237,395015659.38,10054678.06,62840079.62,10871356.11,491718210.24,33897875.05,33397501.06,2021-04-20
3428,000036,华联控股,817574062.09,-15.6,3168624609.33,-4.9765804341,862623728.98,109409749.31,80383570.03,5481337.07,1974874403.48,1210667590.09,1220901140.41,2021-04-20
3429,000027,深圳能源,1701216790.25,146.31,20817004465.54,12.3579642824,14347469887.69,78455455.71,991829187.46,1904089815.72,18526086524.69,2246861513.61,2296003319.61,2021-04-20
3430,000008,神州高铁,434380320.18,33.63,3220142984.66,25.5464692852,1653972581.5,296037992.39,440952171.24,94678452.03,2765126001.12,549996448.11,546672520.75,2021-04-20
3431,688682,霍莱沃,34570207.37,15.926599906285,168735822.23,8.5520521613,101178604.48,7349170.49,14701628.25,-521214.07,135530967.81,36640160.04,36796421.24,2021-04-19
3432,688585,上纬新材,78267990.56,221.087213809951,1348722081.22,8.9369742873,1084321052.36,64452123.71,54261417.35,3938638.05,1236422825.11,112283335.28,100170389.32,2021-04-19
3433,688233,神工股份,76949820.93,-27.8,188586021.47,-33.2523155117,58477291.51,2924576.27,26545758.09,-1379446.11,99615436.22,91070148.81,89927414.57,2021-04-19
3434,688219,会通股份,108858740.49,168.080690108557,4031472797.57,113.7831895622,3448486589.43,121236623.75,81691746.8,67827371.38,3904245388.68,123677406.73,123854656.53,2021-04-19
3435,688039,当虹科技,84678912.69,32.52,284518014.66,39.7766710142,116956301.09,23044461.42,19626667.44,-7826531.77,204087399.52,89870229.41,89874728.4,2021-04-19
3436,605117,德业股份,259713616.37,154.568438950904,2570013562.19,52.0155011083,2026146599.56,100291825.28,54362685.43,3626372.18,2283056171.3,291118683.45,295086929.38,2021-04-19
3437,605005,合兴股份,131579631.44,14.218317268941,1177490739.0,-1.7815154703,823016921.7,45225107.16,103389840.79,7325183.98,1041494401.34,147486623.15,149897293.62,2021-04-19
3438,603369,今世缘,1458097936.32,26.71,4873604054.68,30.2782441583,1325123027.81,852877480.68,206900275.47,-49720219.74,3230540137.01,1951439863.32,1941794121.57,2021-04-19
3439,300950,德固特,61977068.35,21.392990708206,264027132.81,12.0000228988,150271258.3,10426423.52,22628675.78,-994238.45,196734246.05,72750409.16,71487938.05,2021-04-19
3440,300855,图南股份,101950112.15,37.376722211564,484188158.75,11.5417263533,325591072.15,9311117.93,21069207.4,5984935.56,390053445.74,115365871.54,116887640.92,2021-04-19
3441,300838,浙江力诺,67776664.82,-5.897149831193,452446430.1,-0.7633972837,289487211.8,39448498.33,15759134.84,3942573.78,368267028.86,77055160.46,78039256.66,2021-04-19
3442,300798,锦鸡股份,96340939.0,-7.65,1124055459.88,-6.5096488129,886457847.14,37923520.96,39042846.33,-714235.31,1012804870.27,108909662.77,111946449.41,2021-04-19
3443,300686,智动力,129274180.2,1793.08,1742524833.38,167.698434723,1352807476.36,41681704.16,87012391.26,20911332.04,1594304695.72,174679434.54,177733662.93,2021-04-19
3444,300265,通光线缆,27098966.84,-27.39,1475903362.5,-8.1545285331,1096829847.76,135024287.54,77552887.27,44300365.94,1428159069.88,45422532.84,44293313.77,2021-04-19
3445,300251,光线传媒,947587703.55,-31.0,2829448781.94,89.7007846347,1563098260.0,2052032.9,168555590.84,28861374.24,1779301040.95,1111530544.46,1112528936.29,2021-04-19
3446,300214,日科化学,177911380.66,73.12,2420120333.77,54.2685246405,2004191407.28,95797467.56,41453555.85,1706773.08,2169519043.19,243283021.34,240098950.02,2021-04-19
3447,002439,启明星辰,688277790.16,20.97,3089495530.2,22.511239049,1056911588.27,697174247.08,164170200.65,23103747.83,2564571692.51,740658305.56,737581820.17,2021-04-19
3448,002363,隆基机械,61852894.68,-23.7,1632845128.18,-14.08392922,1387278996.15,94196960.48,66188884.54,-9242334.63,1563398984.81,77781701.71,75513485.56,2021-04-19
3449,001203,大中矿业,424549746.47,102.961932081319,2566818074.22,66.949906429,1335418998.11,80158959.75,218151972.76,265214182.09,2068454416.74,506532221.34,499908874.6,2021-04-19
3450,688028,沃尔德,60021564.87,-9.47,255014004.76,-2.758890615,132178600.47,20849486.27,29117666.55,-4891593.57,197079770.56,65092597.64,68689385.81,2021-04-17
3451,605199,ST葫芦娃,120329315.6,19.684434574651,1305918058.7,32.7459266448,496786137.28,549654570.18,65456966.32,13236768.96,1192103075.67,141551010.55,142241580.09,2021-04-17
3452,605179,一鸣食品,173994761.11,10.509461681907,1997112513.68,13.797705172,1212648710.53,432110229.55,107886797.21,-8078605.09,1798927585.84,220190825.23,212414153.96,2021-04-17
3453,603986,兆易创新,606922090.23,49.85,3202917103.2,42.6189603015,1905089805.54,124798879.84,170843154.97,-26159324.35,2559860977.11,661456984.94,643724028.11,2021-04-17
3454,603788,宁波高发,178282959.31,-17.12,944059343.24,-26.7617165387,629950714.9,54682372.18,24872361.65,-16219534.88,741635776.56,212275347.3,212288307.25,2021-04-17
3455,603669,灵康药业,201592462.77,10.34,1635000378.07,-2.0624362662,223155441.26,1092355222.03,77849203.28,9513855.41,1461009121.74,222625601.52,222924384.71,2021-04-17
3456,603656,泰禾智能,62418271.81,-22.69,385162337.75,-5.4463020729,175860836.91,93260924.1,31129378.55,-6994199.81,346793573.07,49792435.85,67542279.85,2021-04-17
3457,603569,长久物流,101262132.99,-74.88,4785370371.24,-12.7176691686,4277592795.2,116673820.03,203742816.27,73789083.11,4716916163.67,111508232.4,151232922.74,2021-04-17
3458,603568,伟明环保,974382041.17,31.67,2038106159.94,31.7348516794,774740431.83,15279216.21,99238078.07,84874244.64,1032141578.19,1102837981.34,1103076335.39,2021-04-17
3459,603383,顶点软件,127185538.72,6.19,339891140.89,15.0137368586,88635031.5,34482313.62,45349983.89,-7402058.52,236746705.73,137393698.44,139939755.56,2021-04-17
3460,601668,中国建筑,41881399000.0,9.5,1419836588000.0,18.3863548525,1262226200000.0,4330826000.0,27685477000.0,7911711000.0,1336664156000.0,83795086000.0,81467846000.0,2021-04-17
3461,601615,明阳智能,712563192.87,67.28,10493157033.56,52.0274305904,8115571674.75,895443793.48,418601739.42,266797192.93,10046450712.81,738823540.0,747510373.57,2021-04-17
3462,600865,百大集团,205091381.32,76.14,917638857.87,13.0342946833,682039953.19,47750921.5,59607067.27,-219238.57,804592415.91,260533074.98,259810221.31,2021-04-17
3463,600861,北京人力,9890111.67,-75.54,2156216692.83,12.3348145231,1480905717.34,349965286.59,286368486.39,12969331.23,2129654686.56,37729338.76,33947702.09,2021-04-17
3464,600826,兰生股份,313017236.22,-23.84,5374993646.97,9.2279576903,4823910253.58,116203402.01,260338915.11,-17055471.35,5195078751.54,417507470.22,430729453.98,2021-04-17
3465,600818,中路股份,-63033486.89,-1343.78690765044,584723847.72,10.5762060434,508629589.36,32484371.13,47285449.8,11040871.87,632034551.58,-70260533.2,-70355109.03,2021-04-17
3466,600790,轻纺城,339128749.22,-34.02,981239467.1,0.0875864758,396739182.96,17867809.25,55250429.58,-16160208.12,586530292.97,484523773.56,480215240.24,2021-04-17
3467,600789,鲁抗医药,121251309.89,-24.87,3732718882.94,12.1069652787,2677035967.7,543974948.67,143967670.83,45716409.85,3580755677.47,132950470.05,148819494.1,2021-04-17
3468,600743,华远控股,757188318.53,0.96,7421750258.83,8.6424204931,5382058546.3,497488494.11,286979395.12,172055465.95,6826682388.27,1005035982.2,1000821188.24,2021-04-17
3469,600697,欧亚集团,238410098.49,-8.23,16727313884.21,7.2269228734,12784576593.82,741548260.83,1678585420.01,515436245.41,15956984146.96,811450251.83,803461467.61,2021-04-17
3470,600693,东百集团,359989523.09,26.02,4100058390.14,36.8076459465,3141811374.66,332926202.85,188581266.38,129536676.61,3902571829.4,609871443.85,595750385.52,2021-04-17
3471,600666,奥瑞德,67140349.93,103.855693917557,729804452.13,-34.8190162509,596753126.99,13169877.04,136823371.6,-3333012.39,790385718.03,-105233915.1,105595948.84,2021-04-17
3472,600641,先导基电,572787268.09,-41.08,1868828741.4,-30.2492017026,917663637.42,38360387.52,96846196.48,-26837014.88,1202266346.08,736559910.33,780556427.75,2021-04-17
3473,600639,浦东金桥,1084927315.3,11.03,3352382770.97,21.3989955108,1582945192.62,41441382.97,81632485.43,79471739.05,1945367230.61,1436728392.89,1436358090.58,2021-04-17
3474,600571,信雅达,59704460.92,117.21,1199737874.8,-1.8900168887,607127966.64,64796765.64,205588692.01,2162255.38,1301333977.62,49985487.28,47987333.95,2021-04-17
3475,600566,济川药业,1622973893.05,-3.84,6939993811.61,-3.7209256346,1110230721.51,3449113491.99,258231418.51,-21950819.23,5115449226.82,1857686677.08,1893146288.91,2021-04-17
3476,600498,烽火通信,978779413.76,15.99,24661976843.46,1.7608164147,19284972117.42,1641579964.13,282986180.3,228261528.76,23861661940.01,1116439036.3,1114200008.24,2021-04-17
3477,600463,空港股份,-17271504.53,-212.84,1095013465.27,-13.4792680659,958586764.97,203294.91,105020721.97,33383857.24,1108207978.0,-18139166.18,-19029348.54,2021-04-17
3478,600383,金地集团,10075242887.05,24.41,63419928668.12,25.0901991134,37532663528.22,2110260491.52,3958286777.2,101103688.5,49935655852.86,19715778494.68,19509219939.45,2021-04-17
3479,600376,首开股份,2757945937.25,-12.9,47645398390.22,19.9048510143,29737833325.54,1568301369.94,930800429.53,2557383461.03,38884023300.02,8354039293.98,8429639990.71,2021-04-17
3480,600356,恒丰纸业,98994224.73,33.88,1756072536.17,9.0080881779,1279368802.93,135043644.02,99799694.61,15892825.69,1602422138.5,143129706.99,140460670.9,2021-04-17
3481,600120,浙江东方,802984769.33,14.12,11727151329.7,9.4179997973,9820363822.69,281751792.31,593185240.02,80712551.46,10902549798.28,1182256817.36,1185347136.59,2021-04-17
3482,600088,中视传媒,89892390.63,-21.51,855821413.23,5.5411269148,634718197.85,33948368.12,77773313.1,-7123472.06,745782169.67,131522455.09,130656788.73,2021-04-17
3483,600072,中船科技,137750838.39,110.54,3328387821.2,1.9610103869,3048016914.76,19340605.82,200147348.33,54382707.99,3444397093.37,123567201.76,118935327.91,2021-04-17
3484,300918,南山智尚,121780764.76,0.500804603044,1770830625.05,-11.3427232088,1235795590.52,201913612.46,64210502.89,23910336.28,1600642731.73,138730256.05,147882394.16,2021-04-17
3485,300856,科思股份,153698369.14,77.164600107992,1100355767.7,13.2255872679,761937133.29,36008346.42,66497944.91,14553345.04,921165076.45,181952870.6,178041399.05,2021-04-17
3486,300806,斯迪克,111194767.1,45.26,1432695837.17,6.4732911523,1061323048.39,48755253.01,80875812.91,40421269.64,1326957728.46,109819923.23,121900657.84,2021-04-17
3487,300730,科创信息,35907602.71,2.27,382927922.18,15.1301585821,253998149.08,30747306.45,32861667.84,-927661.14,348209846.82,38558488.4,38975288.73,2021-04-17
3488,300705,九典制药,55065853.69,-23.5,924061197.65,15.3094157778,300546975.39,408588544.32,35728218.91,4167154.01,870411870.36,62895924.32,58897967.81,2021-04-17
3489,300638,广和通,170074699.67,95.95,1915070926.11,53.3159280372,1404348746.25,86509135.96,46355135.89,-562663.9,1739138343.46,183609407.5,182471637.37,2021-04-17
3490,300625,三雄极光,245239092.73,36.04,2503921585.82,2.9359380336,1632321521.13,439943201.12,110223448.28,1767560.3,2263508464.68,290922408.14,290964744.77,2021-04-17
3491,300412,迦南科技,51314226.96,52.57,703164546.11,21.4957720403,437669423.68,70645425.9,60690315.19,1671984.54,625774784.06,76096686.19,77128836.64,2021-04-17
3492,300401,花园生物,343706532.78,11.81,718384535.71,8.8103933988,217567813.47,16336236.25,56585053.98,-5459803.24,338607844.17,398596765.32,398717971.5,2021-04-17
3493,300298,三诺生物,250683386.72,-19.25,1778209252.11,14.6851927682,619912925.54,488903015.21,138828039.39,-733794.2,1428357180.35,274184812.27,301457764.63,2021-04-17
3494,300275,梅安森,26590009.95,144.59,270814359.44,15.595050304,147476388.47,40043389.15,28835317.82,7609866.67,252308103.15,22153563.02,20443183.47,2021-04-17
3495,300184,力源信息,192395782.81,-46.17,13131537519.87,21.621847113,12418671866.01,173185723.77,111617588.1,56483442.47,12808618080.03,254829740.33,253917420.51,2021-04-17
3496,300084,海默科技,34547122.42,-47.6,692308236.35,-1.3545680742,412161659.89,78322686.46,97922634.43,46002872.25,670805661.9,-58015900.61,57565537.23,2021-04-17
3497,002940,昂利康,112269989.6,3.29,1396193906.33,11.2462858979,375320678.19,765204177.14,64684113.17,-19685643.52,1237084715.51,155103090.28,153690054.76,2021-04-17
3498,002899,英派斯,50557693.13,-19.35,937612885.65,3.2996665056,618853760.86,134315553.82,51523086.84,-2516522.72,885846438.89,54192357.47,55641585.32,2021-04-17
3499,002800,天顺股份,19826625.77,241.28,1199992466.69,26.5075022928,1098665874.68,15615500.68,25642785.22,10012958.75,1157240206.77,30602501.81,23235525.03,2021-04-17
3500,002671,龙泉股份,7191091.3,107.6,1118070925.69,10.4753706919,886123998.8,55800543.77,162489280.27,38199403.76,1171056136.85,10655229.7,11679290.29,2021-04-17
3501,002566,益盛药业,76598736.73,10.89,1012748483.99,3.8622437685,249510194.34,512494457.83,85057154.1,16822191.5,901986725.72,110998764.3,108114426.48,2021-04-17
3502,002415,海康威视,12414587690.45,9.36,57658110065.22,15.6930730043,31140176777.12,7256781486.68,1822464442.07,-640068177.19,45480484770.59,13707554653.51,13755462747.77,2021-04-17
3503,002376,新北洋,322422660.59,-15.25,2450860709.05,-6.9951132674,1373361147.85,300318308.51,147293116.28,12169417.59,2247166048.63,403005747.9,407485482.5,2021-04-17
3504,002372,伟星新材,983249287.9,0.5,4664060882.85,2.0685495901,2498335774.36,619757576.25,239582738.6,-33643900.15,3524322543.5,1193780232.67,1195809234.91,2021-04-17
3505,002344,海宁皮城,279339807.8,-23.31,1422066041.78,-17.0434025202,670754073.69,141427375.25,109762964.96,-91258.76,1060981229.28,397888704.14,383313238.98,2021-04-17
3506,002279,久其软件,52264905.34,106.211184984089,3101650196.18,14.0213822318,2099480028.23,99048384.11,413206314.11,53049171.71,3006508209.54,49327343.16,57434727.75,2021-04-17
3507,002264,新华都,-756322381.59,-4519.09,6005518988.51,-12.3283653358,4698334458.81,1006679147.29,388252515.54,11456073.83,6127725826.37,-626237713.11,-711901428.74,2021-04-17
3508,002229,鸿博股份,35309282.9,586.53,626563387.07,-11.206011877,460769145.14,40062251.46,74036812.42,2799642.63,610847383.81,61048899.1,61047528.66,2021-04-17
3509,002223,鱼跃医疗,752567254.74,3.49,4635934687.64,10.8176117695,2679183411.82,630088803.4,266177048.31,-10331546.34,3844486145.13,849886433.81,864344597.14,2021-04-17
3510,002191,劲嘉股份,876786038.9,20.88,3988697267.95,18.2184826258,2315456903.02,145261887.87,261825199.61,-3026489.15,2942182243.23,1133052447.02,1133134336.96,2021-04-17
3511,002135,东南网架,267478595.0,56.68,8976374629.37,3.2403194062,7936795180.84,28574071.71,190407873.77,63636017.42,8642250568.4,281743821.55,302748965.68,2021-04-17
3512,002028,思源电气,557564271.47,89.25,6380095191.01,32.7356742405,4510246016.78,671436567.19,250635674.96,7644009.64,5862005086.32,627835239.48,631747457.44,2021-04-17
3513,002006,精工科技,-121013242.09,-2211.13,865386565.14,-13.8365994742,720465564.61,44222615.89,92581719.56,5668131.23,914905811.47,-122056823.56,-122054709.75,2021-04-17
3514,000793,*ST华闻,104594731.69,102.1,3920344174.46,3.5822543447,2956806856.23,268763521.03,316709882.28,306886634.98,3924398571.93,533157524.92,533500104.7,2021-04-17
3515,000753,漳州发展,103640155.92,0.94,2843711346.25,-10.0610456116,2264236179.08,177126113.84,137948084.81,36755834.6,2654613038.77,204326549.96,204729693.66,2021-04-17
3516,000623,吉林敖东,1403640313.56,50.09,3088379591.97,-7.0906475409,958646732.12,1327230621.26,421916113.61,34734441.57,2940995463.72,1483069613.41,1479744957.5,2021-04-17
3517,000557,西部创业,44792379.54,-69.6,799911229.37,5.1212049447,549283605.26,2253099.15,63237138.99,-11927209.37,610300442.32,185005248.81,79879509.29,2021-04-17
3518,000518,*ST四环,14330773.52,148.68,417878239.86,5.6544536186,106900301.76,151300702.56,80353338.56,3201220.47,387011303.39,28065122.05,27846852.08,2021-04-17
3519,000507,珠海港,221974349.83,31.51,3321817005.56,27.0311293741,2793996261.29,94977199.86,192409265.07,101703194.55,3208332866.65,288923410.95,293656982.05,2021-04-17
3520,000088,盐田港,359430924.14,-19.86,593358498.29,47.0478282018,340042525.69,2874144.74,103443637.74,38659924.48,491654496.15,436630400.36,437645911.82,2021-04-17
3521,689009,九号公司,-454848978.69,74.786081554309,4585894576.04,7.9631328931,3328528518.34,291269326.27,424895175.22,-3568476.02,4374660436.16,-397766052.22,-400195851.12,2021-04-16
3522,688698,伟创电气,57553819.08,63.130658129935,446235472.01,25.0106717829,271347423.17,41522510.4,27948094.87,2322600.43,389999005.12,62675558.63,63629216.28,2021-04-16
3523,688696,极米科技,93404808.95,881.429683260004,2116401961.15,27.6040704189,1622880855.52,259006247.27,64304670.43,7717040.37,2042925339.48,98513369.01,98505862.64,2021-04-16
3524,688658,悦康药业,285454044.81,6.532937926962,4287579921.77,7.6550376209,1675629906.3,1881247724.37,181051273.92,38165594.12,3954095204.8,328058787.31,331767472.85,2021-04-16
3525,688533,上声电子,78378620.53,-29.624905428794,1194653115.78,-3.5392096239,855484616.47,46043658.83,123987915.58,7482134.84,1102037519.4,93981222.74,90949744.2,2021-04-16
3526,688408,中信博,162253446.41,66.854623741115,2281771555.41,10.0442247046,1730061715.31,188096340.99,56914241.9,4505041.41,2069763543.39,187709780.19,189800068.77,2021-04-16
3527,688202,美迪西,66573120.12,9.54,449392825.85,38.301552207,287993237.09,27901219.53,36492333.09,-4797380.23,375927428.54,74925894.45,77501500.93,2021-04-16
3528,688099,晶晨股份,158041814.36,-44.06,2357733386.83,-0.4785021672,1557792284.45,63998631.02,90967301.89,-12649954.28,2165489412.59,169035929.27,169123021.72,2021-04-16
3529,688017,绿的谐波,58478328.39,-10.125851897282,185900985.92,-15.3201727674,94116400.36,7746395.31,13509049.17,153162.02,140676096.19,62773722.77,63000668.16,2021-04-16
3530,688006,杭可科技,291187625.69,1.73,1313025766.35,18.3645919532,664914816.13,66821769.03,91027803.21,-32163208.36,875410927.33,327318019.93,334039578.56,2021-04-16
3531,688005,容百科技,87416624.45,-58.94,4189669077.97,37.7609606724,3603077853.44,25348877.19,97092179.02,18135524.51,3917902608.1,98694796.07,96660957.67,2021-04-16
3532,605377,华旺科技,170787524.38,36.245369994984,1654020988.88,-14.0562614823,1352291071.35,37948854.87,20883482.3,19468483.32,1484836060.35,194180217.99,193572092.06,2021-04-16
3533,605277,新亚电子,108311338.32,1.721461960887,928661525.31,3.5832535937,725173677.9,40006076.93,13707090.49,2332988.91,798240751.13,142649876.7,141575436.31,2021-04-16
3534,605218,伟时电子,104088661.95,-24.992820766226,1230222475.42,-21.014920724,947770541.53,33117541.69,68207468.79,-3266736.32,1120621059.46,110570538.8,114557339.92,2021-04-16
3535,605196,华通线缆,123282379.93,38.601399982791,2954634265.07,12.9900153695,2383635303.12,133857078.7,97982019.82,30129293.92,2772222571.16,152259327.86,149827817.71,2021-04-16
3536,605166,聚合顺,100216183.91,4.196250834966,2426477755.08,19.8267897752,2197957260.9,23859196.91,11328420.09,8791908.76,2321282107.43,104671109.87,107591761.93,2021-04-16
3537,605100,华丰股份,156199208.26,39.142964541104,1157345508.95,24.6278472414,873791064.55,22922730.66,34864503.32,201596.76,973600078.46,186674823.14,194978874.57,2021-04-16
3538,603999,读者传媒,64649191.13,52.21,971863184.76,27.7576001367,771569644.47,35338413.67,105400468.65,-8462502.33,922289326.46,56548004.11,62949440.37,2021-04-16
3539,603927,中科软,385725690.1,20.34,5499208628.9,13.3761303898,4115233258.09,294999085.31,66391669.11,-16836671.3,5105799026.6,393351626.11,394008722.93,2021-04-16
3540,603917,合力科技,75901269.49,-22.36,610967607.07,0.2283100836,420039064.02,26996912.72,47405595.25,2747187.26,520451163.14,88773770.58,88264652.98,2021-04-16
3541,603912,佳力图,84573013.31,-20.72,638757626.77,19.4554527749,406335097.86,71316323.41,40972537.09,2812198.34,557693464.22,97298993.11,97240857.91,2021-04-16
3542,603867,新化股份,123495088.09,-29.24,1717987561.37,-23.0366694225,1313604274.24,71285797.99,130034151.45,8244065.9,1592069682.49,142370278.43,142354303.39,2021-04-16
3543,603823,百合花,227222640.91,19.88,1981145583.99,9.2708385429,1466075698.89,42519190.78,90148475.96,1599716.22,1696555543.25,287574611.24,297617690.6,2021-04-16
3544,603813,*ST原尚,69089973.5,24.21,1032726890.34,26.8529896229,882265635.34,6078548.25,35569597.87,4376909.83,953125656.75,81715515.68,81028000.83,2021-04-16
3545,603808,歌力思,356577420.66,-2.31,2612593692.1,7.2448772826,891626110.57,826927978.96,283658941.3,19945068.34,2132700367.56,491237247.68,486584608.07,2021-04-16
3546,603790,雅运股份,117275852.35,-9.22,956557941.11,1.6566622693,652420686.69,69704861.64,56425894.13,1712832.78,827500497.93,137699692.13,137415818.91,2021-04-16
3547,603757,大元泵业,170656370.91,1.87,1134855470.37,1.9089748974,787358444.55,73369067.08,52152646.81,-6964885.31,957509951.78,195953410.25,195817999.3,2021-04-16
3548,603699,纽威股份,455441914.74,66.18,3056636849.1,9.9155041623,1948789015.36,316650614.47,139077577.23,-5472123.02,2532687273.97,538591755.55,544061498.41,2021-04-16
3549,603650,彤程新材,330599788.75,-19.81,2207997729.22,1.5229628552,1441758862.71,97845389.92,132782988.06,2727856.57,1773334880.09,364151219.08,378066190.78,2021-04-16
3550,603637,镇海股份,57502068.91,7.13,1033013799.97,62.9599632489,924574574.98,3714802.66,28892923.86,-19275808.01,972597097.36,63249928.62,63620678.02,2021-04-16
3551,603611,诺力股份,242279919.6,28.61,3087252484.26,20.94374754,2362591878.68,156714338.63,177339982.94,9592788.96,2826679036.58,278458163.45,281049949.45,2021-04-16
3552,603501,豪威集团,465632238.67,221.14,13631670629.57,40.5051309704,9897708055.93,401514103.29,730619366.76,274482162.05,12603588009.01,785106635.79,784459257.58,2021-04-16
3553,603466,风语筑,262205694.55,24.29,2029915182.15,18.82235872,1446685274.19,93527299.63,102181188.94,-14534469.76,1705473053.19,296833977.06,299240598.94,2021-04-16
3554,603359,东珠生态,361506686.4,10.96,2016689200.82,26.5338611913,1435948641.66,,79306772.69,-8043718.6,1570333973.74,439525675.99,439281317.92,2021-04-16
3555,603258,电魂网络,228124051.45,75.92,696747830.31,55.3894605094,118274746.17,173433546.43,89592999.47,-6826794.95,498239217.59,255927607.89,254875364.25,2021-04-16
3556,603217,元利科技,136289546.13,-43.57,1167341898.49,-14.6315708291,879665029.76,42676841.22,43336498.43,818766.47,1014354123.28,173419042.49,179959789.49,2021-04-16
3557,603161,科华控股,82427742.59,-21.19,1623346375.21,17.9526836744,1344775908.53,58961489.91,48825642.65,31853459.12,1555775522.76,93170240.25,91947066.81,2021-04-16
3558,603138,海量数据,58756539.2,8.5,551293052.35,2.6984864523,387122121.83,32265271.94,20518395.03,-4422362.51,485809512.13,69428504.13,69153428.08,2021-04-16
3559,603076,乐惠国际,-24813581.09,-163.66,753770003.25,-22.3622885579,537770146.56,29667319.7,100402923.68,16093082.24,726134519.37,-17947575.38,-10191659.87,2021-04-16
3560,603053,成都燃气,451161320.7,5.56,4818531347.54,8.8000586164,3804627547.08,316852129.9,168055365.45,-13012281.99,4330605895.55,556709748.47,576268219.78,2021-04-16
3561,603050,科林电气,90315511.51,3.74,1427649292.41,16.9577534415,1032070994.62,129868939.25,66062184.24,1793685.63,1327282849.98,97858565.18,101453452.78,2021-04-16
3562,603035,常熟汽饰,264516827.1,-22.22,1824326036.31,24.623880446,1411975948.25,37376009.7,205677590.5,75721805.61,1846968970.25,257020351.39,256905138.06,2021-04-16
3563,603027,千禾味业,198253970.53,-17.4,1355147203.67,27.1906286262,728988143.54,308762684.45,53903006.32,-7515207.85,1136669474.22,231836026.43,232004461.83,2021-04-16
3564,603000,人民网,336834293.88,57.48,2150120012.52,26.9477461676,1058614762.82,368528794.79,233587817.07,-9412522.83,1730280858.62,481487080.4,483722669.69,2021-04-16
3565,601952,苏垦农发,591370021.44,-2.32,8027819758.01,64.383076115,7012161903.7,269032027.45,389536181.56,9192138.73,7723275037.96,657788281.31,655485153.92,2021-04-16
3566,601678,滨化股份,438557145.41,-37.51,6164258480.57,-8.6966352233,4590844393.78,310702177.99,308928677.08,166542320.66,5475948463.5,613290497.3,607852954.46,2021-04-16
3567,601616,广电电气,176026848.22,41.27,698968611.07,17.3166447334,519571462.96,73410807.99,93375242.18,-52621317.67,666739197.03,128016141.07,187408941.2,2021-04-16
3568,601579,会稽山,166450677.18,-3.77,1171037167.82,-2.3021805342,648717146.63,159977462.51,128916423.06,9230669.0,1002468152.59,229739377.5,229894853.12,2021-04-16
3569,601512,中新集团,1083512752.7,10.77,5310784512.4,53.5447927045,3380217850.45,95327500.23,243100250.96,801254.41,4179234919.1,1900281387.13,1900878805.18,2021-04-16
3570,601311,骆驼股份,595190062.97,8.5,9023394227.57,-2.3287063636,7415129097.98,510146196.31,310967368.33,125633839.32,8841083433.9,649999020.88,639816649.85,2021-04-16
3571,601233,桐昆股份,2884411435.69,36.04,50582430692.23,21.5901929096,44610351056.64,163365272.25,659562472.76,415061530.85,47088120236.34,3757071764.72,3762303299.75,2021-04-16
3572,601116,三江购物,160497587.59,43.8,3978691021.97,-3.7371528599,3004957029.96,780244690.98,112351305.9,-95120838.52,3825300943.8,209144803.18,205694903.4,2021-04-16
3573,600906,财达证券,609173507.0,727.317733594906,1813260306.57,24.1398566212,,,923135868.18,,990543490.1,822716816.47,818164007.66,2021-04-16
3574,600868,梅雁吉祥,56665666.62,158.83,288261745.2,29.3779545332,172810638.39,,34548859.51,-2734746.16,213435879.63,65925357.79,65324842.02,2021-04-16
3575,600867,通化东宝,811206148.03,-3.27,2777148879.86,3.1275033369,721508155.02,848794150.01,157453801.41,13504121.42,1837798393.03,967849325.08,952497206.76,2021-04-16
3576,600854,春兰股份,26959532.39,-33.97,198317286.82,-69.9415738323,113073440.63,27187263.21,35198696.22,-10591889.03,180600468.0,34725457.37,33507519.59,2021-04-16
3577,600847,万里股份,8907082.83,105.695064047209,551611554.73,-5.0434662251,472217627.33,29589240.31,18005207.91,554200.87,550860060.88,8992033.86,8907082.83,2021-04-16
3578,600757,长江传媒,781898122.94,7.32,7672300871.19,-25.9721958194,5615795636.91,640464181.9,686001863.21,-17270036.33,7040394092.63,828926368.77,814322956.24,2021-04-16
3579,600710,苏美达,451713881.54,-3.21,85672336176.68,2.936081681,79754555574.55,1733297087.58,969985817.27,525744987.43,83453355311.15,1980563508.53,1937145799.3,2021-04-16
3580,600707,彩虹股份,64896436.01,6.35,5860061365.33,203.7471759448,6623784243.48,73816418.41,324059875.72,276927613.29,7613919231.77,31649092.19,47442890.08,2021-04-16
3581,600694,大商股份,893351500.76,-9.56,21887874447.35,-8.2933196973,16118794546.34,1339525620.01,2601420720.94,-27103970.87,20292080293.09,1485398755.67,1458985770.99,2021-04-16
3582,600691,潞化科技,-524188568.17,-507.13,17929405910.61,-17.6591376876,15767595607.78,329142001.78,955906845.8,1281550092.42,18614990488.43,-627473851.71,-599969680.5,2021-04-16
3583,600531,豫光金铅,216392447.71,64.49,18404023705.38,-4.8109932763,17670058137.08,40083784.42,126292781.99,333843559.11,18284241243.68,221379656.22,220973130.05,2021-04-16
3584,600512,腾达建设,475822979.51,1757.96,4367956951.29,24.3280573842,3908855975.11,18956557.4,114778524.33,111714582.34,4360118475.71,751372001.2,746348085.67,2021-04-16
3585,600505,西昌电力,37053410.25,-41.21,948371961.78,0.3170192916,749161105.16,26155847.47,81328537.72,29981118.5,896025923.83,57526440.58,58690271.23,2021-04-16
3586,600497,驰宏锌锗,777138406.46,24.78,16403340800.23,-13.4421209101,13392764523.03,73546848.84,970553158.87,510189905.22,15151788363.44,1157411364.28,1061735454.01,2021-04-16
3587,600496,精工钢构,403318634.81,125.5,10235446133.05,18.5949841253,8681378695.76,146023315.19,362717450.61,156409922.94,9795347973.43,398927579.43,407921433.26,2021-04-16
3588,600488,津药药业,161767807.94,0.03,3326627747.07,20.1403235173,1681965378.1,871410591.15,222336783.86,37600459.31,2997809728.64,280718428.48,289975979.87,2021-04-16
3589,600423,柳化股份,-1867008703.24,-578.35,373959757.87,-81.3811976625,386488812.86,12840081.09,604432365.78,252695.22,1014379411.66,-1540950368.96,-1970993759.12,2021-04-16
3590,600378,昊华科技,544748480.64,-0.75,4924691352.69,10.5523858734,3553226189.25,205939279.69,441498054.66,-4674565.87,4607509309.02,535124105.25,632599171.18,2021-04-16
3591,600288,大恒科技,73087580.74,44.31,3305797829.49,-1.0915251059,2462194936.71,294058073.64,211996788.9,12631515.02,3197960100.45,134272192.83,142559255.63,2021-04-16
3592,600219,南山铝业,1622717123.03,12.85,21509009121.49,6.3624969646,16883333277.05,886551067.92,649747662.03,269403906.44,19752338374.19,1984238235.84,2001572474.37,2021-04-16
3593,600206,有研新材,105944341.96,34.16,10452454056.87,119.2251821237,10070867885.46,52780869.1,140884442.95,1844509.57,10377862111.31,116047582.23,121432249.25,2021-04-16
3594,600159,大龙地产,101155495.12,11.05,912731922.51,3.4426031902,571911437.38,45499870.74,60405194.67,16580894.21,781382105.15,119143129.71,128669006.57,2021-04-16
3595,600157,永泰能源,140175491.1,112.65,21186956132.51,-5.1073019275,14924905183.11,179345955.33,775903762.04,3854334560.14,20425315600.08,870448861.59,818936003.45,2021-04-16
3596,600101,明星电力,99686162.28,-2.06,1607699267.23,0.4854036973,1420309139.41,7445119.77,75444275.87,-12805184.52,1513781758.84,122277896.74,116148181.35,2021-04-16
3597,300937,药易购,64663460.43,14.331702796482,2289374798.0,13.1120404965,2080866491.57,102355983.17,21833685.68,4387783.25,2214005134.07,75044998.85,74867256.56,2021-04-16
3598,300922,天秦装备,52552399.44,-14.158800802414,212750230.69,-4.3118437351,131129079.18,2598574.24,9923438.08,-933442.34,154372124.18,60648277.76,60647538.2,2021-04-16
3599,300916,朗特智能,51891683.79,12.967682532797,569188223.62,9.7610944168,449952008.41,11201591.07,16081206.79,-895046.87,501864061.61,58710357.49,58794643.66,2021-04-16
3600,300899,*ST凯鑫,58698083.93,38.233028945438,260760390.08,32.5906547158,166145901.28,6164553.84,11197502.22,212411.15,197532673.37,65956732.78,65979826.1,2021-04-16
3601,300898,熊猫乳品,66611049.43,-29.700062675148,603753103.88,0.3488505267,430315927.76,53715024.65,28508900.73,713879.47,532255195.14,79158623.07,78341658.42,2021-04-16
3602,300893,松原安全,80592414.32,26.922943011493,465004719.96,10.4963976038,291921830.36,24581262.1,23170623.25,2402881.84,365816806.7,92701305.85,92375382.18,2021-04-16
3603,300875,捷强装备,95131336.92,53.704518141712,245045898.09,43.8914442998,105882722.04,3060052.95,12875865.87,-487657.59,144275484.83,107967229.46,112016662.01,2021-04-16
3604,300869,康泰医学,73781193.16,18.942547871293,387246694.84,6.7809734398,204338476.9,52761853.63,24767841.33,-13245798.44,314432060.39,81594438.97,81905040.15,2021-04-16
3605,300786,国林科技,71830162.02,17.94,372747745.27,11.3428445988,220517516.55,28153017.33,18442952.8,1030223.63,287737279.67,83788151.49,83850200.28,2021-04-16
3606,300666,江丰电子,64185986.25,9.14,824964791.18,26.9795393466,568724022.5,53295716.22,81880264.72,15946595.82,784479514.86,64392168.65,64974053.42,2021-04-16
3607,300641,正丹股份,40446970.79,-32.96,1307682193.7,8.1166953252,1162532539.67,26069699.75,27315046.34,4721677.54,1268004905.92,46051314.81,45739376.91,2021-04-16
3608,300624,万兴科技,86260745.23,4.35,703474142.6,28.781699515,43079693.28,337171471.77,102830339.6,-759369.59,641139154.08,84186656.34,84030944.0,2021-04-16
3609,300534,陇神戎发,12777501.96,4.07,239003313.49,17.6395387567,148538882.2,45610239.76,18590298.77,1304.17,223760607.31,19532771.66,20033305.54,2021-04-16
3610,300516,久之洋,62280706.06,-0.64,572701055.91,13.3812792366,398851259.22,15651420.68,28213630.29,-2954843.11,506481161.03,61375967.3,65274523.36,2021-04-16
3611,300449,汉邦高科,-519181341.07,-4825.62,515414228.13,-2.0284790736,422120804.08,36093205.07,62371939.8,12801458.1,571925772.99,-504578897.41,-485347078.79,2021-04-16
3612,300445,康斯特,78945171.13,6.67,286407471.57,19.0886115452,87130808.41,65780759.17,29212300.92,-4302957.19,214816017.54,88003625.42,87385252.54,2021-04-16
3613,300400,劲拓股份,22572830.76,-75.19,495387014.88,-16.1636020174,308434360.13,77572088.78,44739392.47,1568330.93,489883964.54,18891073.39,18762080.27,2021-04-16
3614,300386,飞天诚信,90234261.13,-32.29,939620454.48,-12.3310431174,579072859.57,110788751.98,118753054.4,-4158514.55,903142470.01,82313109.26,98108443.6,2021-04-16
3615,300373,扬杰科技,225152908.48,20.16,2007075029.0,8.3860532517,1408876096.69,95401139.53,124498766.56,1360160.66,1743856205.75,263114116.65,258477940.25,2021-04-16
3616,300299,富春股份,-560942227.26,-1067.24,467666388.11,-15.7732895034,208886575.93,119518342.85,54739332.03,26267244.82,488943037.11,-526641308.81,-529878478.76,2021-04-16
3617,300234,开尔新材,57856776.39,-180.94,685325805.4,136.6647856862,499042433.22,31018729.49,52149167.57,3558133.3,611019643.99,67546584.85,69054159.84,2021-04-16
3618,300148,天舟文化,31277663.87,102.88,1239714280.72,10.0785139917,735507917.61,81783501.5,130181786.15,134003.52,1108074427.32,54503673.33,51206261.4,2021-04-16
3619,300063,天龙集团,76186204.81,108.41,8673655780.29,8.8600864387,8114400934.19,200061079.99,184577619.17,34544583.97,8587508280.01,102036639.65,102693780.5,2021-04-16
3620,300005,探路者,113080064.96,162.16,1511223113.12,-24.1233651903,948111715.33,325723224.52,135058752.07,-26560115.24,1437220747.78,110946529.59,114125717.9,2021-04-16
3621,002965,祥鑫科技,151247296.62,7.36,1597121555.32,8.072590997,1203183126.07,46891087.2,111247106.44,-1474091.52,1423602801.95,172340098.36,173294198.36,2021-04-16
3622,002950,奥美医疗,325812460.03,43.04,2352461804.87,16.0270202458,1555343232.7,130113929.19,229703787.56,28603189.7,2024513668.1,390544051.57,394155712.53,2021-04-16
3623,002890,弘宇股份,8553393.24,-69.59,282169529.63,17.8941090669,244891121.04,10668271.31,11269266.02,233531.79,279230863.23,9073212.47,9128788.18,2021-04-16
3624,002877,智能自控,70107852.79,11.21,476613790.84,26.7417543548,298758862.88,39549582.2,45014029.28,4848620.09,408873621.25,81350738.45,82768069.19,2021-04-16
3625,002840,华统股份,131652028.31,-12.35,7705776975.1,50.5610082201,7293525652.59,77508053.6,147511659.58,23586194.53,7584679251.05,171017827.19,169525566.66,2021-04-16
3626,002828,贝肯能源,43502136.64,-4.28,1408054624.02,55.6848754607,1186883679.16,9380587.51,96704268.26,-6124599.62,1314582883.25,52699795.5,51321762.43,2021-04-16
3627,002821,凯莱英,553863836.07,29.32,2459985533.8,34.0680981276,1340584172.36,87529284.18,264286692.11,-4439962.18,1903615235.25,623667680.14,623586697.13,2021-04-16
3628,002805,丰元股份,11327745.41,-30.54,457965972.57,72.9407839389,391937042.7,17696740.47,17543786.92,7064086.97,441087206.96,14267917.77,13994690.81,2021-04-16
3629,002775,文科股份,245119772.61,-1.78,2898628461.74,1.7346445144,2328079946.45,,124253724.58,81865193.54,2576219281.58,287290880.61,285794602.8,2021-04-16
3630,002724,海洋王,257302068.34,35.46,1494580747.78,19.261484288,448018796.89,575642231.4,132546489.82,-3257440.8,1256672577.9,292306175.73,292421670.84,2021-04-16
3631,002664,信质集团,306031881.87,17.52,2971970129.12,12.9684391677,2252665555.16,74055381.92,113738341.91,2566228.59,2577968872.51,387269860.62,384690201.0,2021-04-16
3632,002631,德尔未来,79689249.83,-23.24,1797629581.61,1.6632313374,1239238946.83,259336700.12,143461592.52,23298668.3,1717605776.29,116298597.64,121042144.37,2021-04-16
3633,002601,龙佰集团,2593975280.3,13.485704650663,11419887283.48,8.2044298546,6546012361.56,463159405.98,550761046.95,123402493.49,8233270621.49,3050475158.09,3022048718.95,2021-04-16
3634,002560,通达股份,95737232.23,928.48,1797015588.03,-25.6846962016,1475752129.35,58531338.44,37157592.68,34875156.47,1676870583.21,85180956.4,86406842.32,2021-04-16
3635,002557,洽洽食品,615884233.81,39.44,4837252294.43,15.2537475772,3228467385.93,666000728.46,248611281.76,-15803442.68,4204121477.66,707226522.83,778331118.02,2021-04-16
3636,002537,海联金汇,-2455867198.03,-1943.2,5302838701.56,5.8189124905,4567337281.92,278681676.86,440535898.13,-3765401.48,5535403881.4,-2442870562.5,-2437905724.37,2021-04-16
3637,002287,奇正藏药,364254312.93,14.27,1402676904.18,15.617080761,180298044.77,699718318.32,126210475.89,-14424417.38,1069672224.15,401528585.06,401258654.3,2021-04-16
3638,002271,东方雨虹,2065944687.98,36.98,18154344171.4,29.2518956489,11665034655.27,2141651481.66,965312517.25,413388275.42,15681521028.51,2621639489.96,2591957927.66,2021-04-16
3639,002209,达意隆,-36038725.76,-448.34,712141409.55,-27.7387644706,510182556.64,107286778.34,82835433.84,8798076.96,743420672.29,-40259135.41,-40161066.21,2021-04-16
3640,002127,南极电商,1206136918.38,36.06,3906848236.41,16.5228571574,2402698452.04,118640571.55,80441335.12,-463079.95,2654892453.54,1247619420.34,1278004859.23,2021-04-16
3641,001202,炬申股份,77537566.41,97.894645367329,796761286.75,80.0231302687,665107580.39,7370959.1,16480905.59,4247623.56,695868051.62,104021105.31,102290947.48,2021-04-16
3642,000970,中科三环,201005795.87,-19.04,4034511560.53,-3.1223097963,3266828652.31,116236616.29,272796851.95,-3929921.76,3750234658.82,332291967.96,332496156.85,2021-04-16
3643,000888,峨眉山A,226176414.65,8.1,1107708781.24,3.2973379922,626404840.5,34178554.54,151181174.34,-9103658.53,814173002.73,268647549.74,268614342.88,2021-04-16
3644,000779,甘咨询,300663842.49,26.68,2138215904.09,1.1144484514,1482247463.22,8533547.4,281547605.07,-6381595.5,1821172846.33,373532820.42,365024247.29,2021-04-16
3645,000665,湖北广电,102926991.35,-43.87,2624932423.53,-4.4835978372,1683772217.57,369076763.12,380945221.73,35248119.41,2554893848.09,146508630.07,129680064.69,2021-04-16
3646,000632,三木集团,41133904.25,24.18,6376854690.92,-9.0653045534,5820830531.22,101169736.8,124790840.92,96127610.89,6319611713.56,129719948.73,125466287.09,2021-04-16
3647,000509,华塑控股,-129495967.85,-141.05,70122114.64,-94.2004892523,34607634.1,3661567.7,29069162.87,10920.42,68553774.23,-49402442.0,-119238092.92,2021-04-16
3648,000421,南京公用,101210766.09,-29.32,3593702456.91,2.4455603783,2908447089.55,331975807.05,162693127.52,35676511.42,3464400945.01,253486543.7,239405986.78,2021-04-16
3649,000025,特力A,219669708.47,152.71,571072893.9,37.8607998348,431021312.64,23956102.3,43668263.92,4982765.55,509897504.26,303339734.21,302595269.11,2021-04-16
3650,688656,浩欧博,63838481.14,58.982357223148,259127387.86,28.63351436,82733014.23,54718030.44,22644757.52,834206.7,189206181.51,70053580.41,73558716.84,2021-04-15
3651,688561,奇安信,-494944698.61,43.22463933416,3154129242.79,73.6116490228,1364980039.28,1118048806.29,469727268.59,22177830.17,4054879279.39,-535559447.97,-538606419.47,2021-04-15
3652,688520,神州细胞,-794715460.56,-75.333954217169,2638316.77,-10.4341216537,1873309.93,,306926906.37,10864815.64,838693539.67,-797873680.27,-798120219.54,2021-04-15
3653,688488,艾迪药业,33648935.66,290.454662888436,345225158.07,24.6724918139,197303748.29,29274914.15,50613320.83,5055793.8,314767326.28,35199601.64,38147518.37,2021-04-15
3654,688398,赛特新材,74325740.49,82.79,400925826.49,30.2202955247,227915974.78,40239270.27,22695922.27,109186.36,315731118.22,85903080.83,85325376.82,2021-04-15
3655,688368,晶丰明源,92343910.72,13.54,873676944.81,13.9690741371,673988007.65,22376349.15,30643131.59,-6855793.43,789083124.25,97569070.29,98053543.51,2021-04-15
3656,688200,华峰测控,101987135.51,12.41,254610663.45,16.4324432886,46323375.75,35358715.02,22695682.3,-2520730.74,137455472.27,120019640.56,119045246.53,2021-04-15
3657,605336,帅丰电器,173966630.77,15.838738641501,698223676.08,10.5866370375,358556771.59,93917890.14,37974306.62,-2752167.65,521761499.43,205687086.23,205333959.03,2021-04-15
3658,605268,王力安防,211843845.42,39.869746704466,1950911144.78,12.9462299572,1381147916.73,213441294.18,76746264.82,-9520782.19,1718064898.24,248687317.89,255027091.24,2021-04-15
3659,605266,健之佳,168115392.94,25.830946053332,3528526142.72,27.574679731,2288284447.22,888402399.84,106135553.72,11146095.86,3309489996.59,221320295.71,218415978.69,2021-04-15
3660,605180,华生科技,86578232.99,27.979756084864,317663057.56,-0.1557208828,185387018.94,7457125.05,12965789.09,-762708.41,219771618.58,101042867.18,100696778.96,2021-04-15
3661,605168,三人行,193623053.99,56.109163470164,1631426143.56,48.3773997293,1266685601.41,106894471.36,33331118.3,3345408.95,1418140805.96,228734977.75,228380643.91,2021-04-15
3662,605086,龙高股份,82433365.62,15.402784828943,237406202.11,5.2378522772,81702831.34,12128960.03,23441360.87,4234281.98,139231914.56,107106613.87,106003923.75,2021-04-15
3663,603995,甬金股份,332817663.26,0.48,15827764792.28,1.1338813719,14938784210.73,110978441.82,46803652.07,25779793.25,15374453907.4,479780046.74,481950347.8,2021-04-15
3664,603977,国泰集团,143593190.49,104.15,1439038550.97,65.7286710536,893352203.55,129053420.12,191371276.67,4943554.95,1302268155.35,172742623.31,171865701.83,2021-04-15
3665,603920,世运电路,328766423.92,45.61,2438957177.5,12.5346874963,1808965783.01,99475754.18,111078663.62,-40137323.93,2080627267.86,368371897.37,382726419.16,2021-04-15
3666,603898,好莱客,364521140.74,-4.63,2225148011.74,4.3354221066,1333657992.94,300947185.76,101168099.46,5240190.16,1850293439.1,414640052.96,417174655.83,2021-04-15
3667,603776,永安行,500563028.19,306.13,935554415.41,6.5570477568,668012087.57,16373652.61,31387785.99,10817500.06,773891527.38,657624998.26,656716641.74,2021-04-15
3668,603489,八方股份,323848157.44,39.38,1196645496.93,27.0188444613,684994710.42,56524861.9,33109849.17,826741.45,825781769.53,375184305.0,377430721.87,2021-04-15
3669,603421,鼎信通讯,161951728.43,-20.58,1810257678.79,3.7891187647,985835974.51,364594410.13,159951374.3,-9551929.48,1754392886.4,184553213.39,193647173.64,2021-04-15
3670,603356,华菱精工,69021258.31,13.0,1442613050.15,47.833877933,1205150264.28,58668049.21,58914176.13,6808176.84,1356094446.91,85090109.23,87271774.81,2021-04-15
3671,603320,迪贝电气,41021500.26,-4.23,691588115.08,8.9358726638,590690102.84,10050130.56,14136887.15,-1042746.65,643871013.39,47380311.82,47373097.46,2021-04-15
3672,603239,浙江仙通,97388429.2,-20.44,642478981.17,-8.8020967593,408778309.57,55671432.29,38824941.81,-1924415.93,536502128.34,113363883.94,112155198.75,2021-04-15
3673,603087,甘李药业,1167280807.04,24.981174503041,2895062095.07,21.2649093922,237975035.57,796395762.91,278755902.49,7527369.87,1572465034.13,1397905238.82,1397469461.36,2021-04-15
3674,603085,天成自控,-535138770.67,-1564.29,1456138935.8,52.0029420109,1226873315.69,93101979.41,152380793.63,31011117.28,1581188282.54,-570448147.62,-570362630.57,2021-04-15
3675,601515,衢州东峰,411914725.76,-44.92,3172922272.57,-4.6612015231,1883854160.68,149194174.44,267017733.14,24790537.13,2504732753.66,544194255.27,539231909.78,2021-04-15
3676,600979,广安爱众,245411680.19,-4.27,2218931300.27,2.3886752822,1481879121.2,80016321.16,243108607.12,102819021.55,1937851262.26,298713441.02,302478044.39,2021-04-15
3677,600895,张江高科,582820668.24,7.08,1476684651.88,28.5961422946,603741519.54,35598767.62,63144714.65,247837642.57,1098971008.98,854189768.93,803326253.73,2021-04-15
3678,600844,金煤科技,-432800708.1,-21142.78,1229602165.26,-14.2079061993,1217201269.85,88218901.88,152700428.39,17282453.31,1543250462.33,-540896881.12,-547416182.89,2021-04-15
3679,600684,珠江股份,219266683.61,-10.67,2947846259.19,-13.4137975459,2005092929.31,70530301.31,125601232.51,389068009.79,2825393876.91,413170708.0,400855699.45,2021-04-15
3680,600630,龙头股份,19149672.61,-49.17,4094571610.27,-6.1365927962,3026612869.38,793152907.09,190388895.6,23968535.16,4084400015.45,37596313.48,37155754.46,2021-04-15
3681,600628,新世界,36624681.48,-86.58,1653194103.52,-40.4496432752,1151699021.01,149388423.56,349414712.67,18432364.29,1681302289.61,1038103.99,49439773.5,2021-04-15
3682,600516,方大炭素,2016201316.76,-63.95,6750905186.42,-42.0570629047,3712453997.63,239690342.61,611181959.87,-171063978.92,4566653552.05,2371073736.53,2345402276.56,2021-04-15
3683,600479,千金药业,294313213.05,15.26,3525238122.24,5.9089971575,1918690938.79,938862330.58,182464612.82,-37420708.1,3145710312.06,430776065.78,429696867.74,2021-04-15
3684,600478,科力远,-357881276.9,-1747.65037200788,2079700166.26,9.8839987132,1855671959.22,84844601.58,357095310.54,98677735.45,2481826084.24,-413925278.16,-417465928.02,2021-04-15
3685,600459,贵研铂业,232258333.23,47.8,21354996597.18,25.0728884632,20556964457.74,67560667.03,110297311.39,142145210.53,21057502674.7,303007959.23,303715998.55,2021-04-15
3686,600355,*ST精伦,-67644101.22,-714.3,302553923.7,-23.9360375037,222151980.62,22134539.1,41615960.19,1441984.72,358853658.44,-63348636.77,-63341340.77,2021-04-15
3687,600327,大东方,223042256.45,-24.27,9362157249.24,2.2787722341,8185589669.97,390814750.05,510471361.53,29851837.94,9168377640.95,289282558.6,341165821.79,2021-04-15
3688,600295,鄂尔多斯,1335356266.0,40.74,22822019660.18,-7.4447216747,16136972380.12,1707810843.71,1175834406.16,1055710802.97,20834297363.92,1982080126.77,1918823440.03,2021-04-15
3689,600278,东方创业,182750063.43,-26.85,38882385857.01,5.6621968332,37004250980.91,1134446075.34,441332295.89,-3126253.83,38620759980.54,334163711.42,339367052.46,2021-04-15
3690,600111,北方稀土,616294511.65,5.57,18091799253.61,29.6464603391,16029297754.29,113783997.28,728363624.6,360083721.26,17396122222.89,832163569.09,843611682.35,2021-04-15
3691,600098,广州发展,805540170.59,14.91,29643072563.7,13.2918699387,26665874216.95,290678304.95,581678687.38,656461436.93,28796562498.53,1153588752.95,1161104480.25,2021-04-15
3692,600089,特变电工,2018419117.58,-1.44,37029645462.87,-6.6217308038,29357907349.99,2139529718.25,1707008590.89,704384122.81,34997492898.16,2856482447.48,2810858569.41,2021-04-15
3693,600053,九鼎投资,792190570.54,676.49,2201133810.88,170.0336709821,501270483.79,11919285.51,350201993.14,52775169.29,1167565566.9,999693356.16,998126515.83,2021-04-15
3694,300945,曼卡龙,64912054.72,17.938025546087,896602104.77,-2.5085042744,665441142.05,96117764.0,36718004.76,1411554.84,814375719.12,87497301.31,87068639.84,2021-04-15
3695,300943,春晖智控,75678149.28,0.012864191725,502763306.96,-13.5311634944,350111875.26,25328026.67,25653930.78,-3287820.32,429000840.3,83938897.17,85801704.19,2021-04-15
3696,300928,华安鑫创,81941938.77,15.840648447838,856013371.94,-0.7993461178,704728261.04,9664107.47,18007353.93,5896475.53,750889174.87,100713644.26,97712780.55,2021-04-15
3697,300912,凯龙高科,60661306.33,-19.430560146602,1066703125.43,-8.1155998724,734729888.78,57127376.53,62732817.08,18304622.75,961757583.37,64937860.23,64880412.9,2021-04-15
3698,300901,中胤时尚,109179849.27,28.287622899687,685659386.46,9.739739333,509403468.68,17959338.26,16117734.56,-2744961.86,549770190.19,138524220.85,145986511.63,2021-04-15
3699,300895,铜牛信息,52859908.15,19.941564309335,262340076.02,25.3592035588,179471985.77,6712491.36,14102642.78,-4317768.99,205104232.33,60595677.44,60595684.15,2021-04-15
3700,300891,惠云钛业,98123623.12,19.762377748581,1002159420.03,10.5562817758,770026867.61,26351341.1,53602236.44,6648302.28,895136360.12,117356193.29,113606321.75,2021-04-15
3701,300884,狄耐克,126492774.3,100.833126289543,615107565.33,34.724949532,336458729.32,83670468.39,26151828.79,1704756.4,476254978.91,145245238.42,145343212.61,2021-04-15
3702,300870,欧陆通,112451390.28,92.012557365595,1312580032.54,19.0911530285,1029758736.98,44452734.76,49766928.43,-3880651.7,1180241849.95,126134242.28,125655839.39,2021-04-15
3703,300843,胜蓝股份,79216884.79,14.220521800083,724386681.5,12.2609255145,532918359.18,22985219.81,33221687.38,-265024.37,627153773.64,92987895.08,92850568.1,2021-04-15
3704,300796,贝斯美,63652795.42,-18.34,494091971.03,6.2056999466,353358820.03,17666360.84,25773055.09,821100.54,430018446.08,62157878.01,73564235.55,2021-04-15
3705,300775,三角防务,192181018.17,28.46,613876364.67,31.8114169414,337588045.51,4437757.48,32446363.83,-1033149.31,398769083.0,225673333.99,226052875.86,2021-04-15
3706,300622,博士眼镜,62357587.73,5.13,655031758.19,15.718614106,188820087.4,321258704.67,69135631.57,-519367.05,581341670.98,82144892.34,83422096.45,2021-04-15
3707,300621,维业股份,87782419.9,27.62,2486454237.95,3.8209381357,2130320381.79,35144270.36,100300452.03,21678616.11,2363438670.84,103594594.11,102539810.53,2021-04-15
3708,300608,思特奇,91020478.07,6.69,859779941.79,9.1512105799,427662829.95,103426427.75,53111421.01,18432215.75,775509587.33,87597504.13,89976435.59,2021-04-15
3709,300365,恒华科技,295056925.36,8.62,1123172356.51,-5.1312319442,544280301.79,41515197.25,85660998.52,3399486.6,783180516.59,327361935.67,327575120.96,2021-04-15
3710,300257,开山股份,152522160.42,24.22,2633306709.24,0.8134201595,1871078584.52,139318064.84,268226253.22,41301320.69,2421122547.07,187158852.86,186237649.82,2021-04-15
3711,300239,东宝生物,32914557.16,4.8,492090862.27,8.6297673753,398479158.1,19736387.8,27198491.77,108502.26,462142888.15,36178639.62,36171756.97,2021-04-15
3712,300107,建新股份,325577386.27,-50.37,925158518.22,-34.7696306175,464583922.59,6738942.48,59049716.52,-35186575.74,549039675.89,380283329.6,378292293.6,2021-04-15
3713,003036,泰坦股份,59404305.57,-13.975286923105,583049595.42,-20.3652823212,432533990.91,36208637.94,29006809.55,-6670568.5,518979173.9,69822210.83,69854722.11,2021-04-15
3714,003007,直真科技,85038283.18,22.901379940707,408981939.87,11.6374119454,166825585.82,34393115.43,37200504.78,-623447.56,319278183.48,91304411.71,91380378.58,2021-04-15
3715,003003,天元股份,82689973.55,9.515842157815,1003916234.82,-0.8288082443,780000331.92,57760100.12,27779452.82,-2192743.69,906881870.12,101464365.5,95290056.66,2021-04-15
3716,002991,甘源食品,167996042.21,40.137530168112,1109134679.34,21.6943672602,647731072.52,192208791.74,37531943.25,-175330.89,895580104.42,225987573.7,225415209.14,2021-04-15
3717,002987,京北方,174698349.66,123.888556137484,1686950304.56,37.5990088454,1233676990.33,42187122.56,81972404.36,6091168.14,1500870051.18,190136910.38,190032915.26,2021-04-15
3718,002971,和远气体,84527935.04,12.17,665623667.86,6.5651552162,373161719.38,82301350.99,55607083.04,36681331.61,570105517.07,98878007.24,99256992.52,2021-04-15
3719,002946,新乳业,243732630.13,0.41,5674953670.32,14.1393084193,3795876559.79,1250179294.75,319794270.81,63876418.55,5487780155.65,257589748.51,268306329.87,2021-04-15
3720,002905,金逸影视,106605423.51,-32.54,2068936987.64,2.907339056,1602330778.64,245185218.25,101998613.13,-336299.5,1972836689.64,157016342.23,153947521.33,2021-04-15
3721,002858,力盛体育,24525755.97,-36.0,440135434.52,17.3408374351,313368733.8,11178242.22,35826708.93,6100801.07,387247405.92,49062474.15,48829759.61,2021-04-15
3722,002852,道道全,128835318.91,-41.32,4116731900.76,14.3379370158,3738992685.78,253438339.88,63799824.05,-1591498.76,4067265042.64,169779287.35,165719950.1,2021-04-15
3723,002824,和胜股份,10393241.14,-44.52,1333115571.26,25.2152397895,1123205613.17,43304349.03,70193506.45,13797048.88,1310843374.81,15486475.48,14854955.73,2021-04-15
3724,002799,环球印务,66562444.36,136.77,1247341573.24,124.6958923263,1038483594.28,38452756.05,32667220.86,13822195.1,1154260765.08,92458532.6,92389428.35,2021-04-15
3725,002757,南兴股份,204245375.55,24.85,1519972765.92,35.0045568408,1102379390.92,40825361.55,78986642.42,2912933.03,1296654948.51,234401931.69,234031254.57,2021-04-15
3726,002678,珠江钢琴,189764277.59,7.67,2053455951.75,3.9955730677,1430212344.77,141812349.73,168527563.98,1776314.28,1864936067.76,216123147.29,213027889.06,2021-04-15
3727,002608,江苏国信,2404136739.14,-5.94,21090469468.64,-4.72,17514407273.75,8000800.25,702754877.31,751438030.59,19250385964.15,3921092676.04,3920941159.03,2021-04-15
3728,002516,旷达科技,167012730.1,-28.0,1573993119.26,-10.904024287,1154504761.7,41610748.81,139113558.12,-2587428.43,1386304932.91,205786599.93,205675499.99,2021-04-15
3729,002515,金字火腿,33545965.15,497.94,281538590.24,-33.9768985872,158811163.12,29378929.86,13982245.86,-3002529.74,205937966.39,35950003.25,35984743.12,2021-04-15
3730,002493,荣盛石化,2206876648.96,37.28,82499880682.37,-9.7618993033,76868963867.13,778468315.35,388673686.49,942858019.87,80472566846.33,3138606106.4,3144120793.75,2021-04-15
3731,002482,广田集团,143877091.34,-58.7,13046256284.52,-9.386129022,11329567589.3,176715172.36,184240678.6,310733220.72,12369593092.85,239335081.97,127355961.15,2021-04-15
3732,002446,盛路通信,-756535445.28,-724.56,1333581260.18,-5.9125167012,896904978.53,87489009.67,142797769.67,11252438.03,1282409644.7,-772998557.27,-773829820.03,2021-04-15
3733,002444,巨星科技,895030139.78,24.83,6625464121.34,11.6399058988,4466409082.38,586968060.26,477705229.09,-39057511.61,5721804312.91,1045456876.81,1045159445.83,2021-04-15
3734,002384,东山精密,702656380.67,-13.37,23552825103.23,18.801140461,19708497159.44,432725198.08,714937168.86,695483068.98,22407227808.74,763530939.72,762047420.87,2021-04-15
3735,002340,格林美,735271227.26,0.68,14354010106.79,3.4282540952,11757072868.69,107997727.63,511189118.55,638784988.35,13556705948.39,858901357.5,866753605.14,2021-04-15
3736,002305,*ST南置,-354571895.91,-520.39,6368677185.09,57.9946894062,6153961590.27,97274506.25,42574890.64,39334801.42,6630291526.38,-128600225.51,-127207688.76,2021-04-15
3737,002296,辉煌科技,67034018.98,141.71,504408910.17,-4.5959746092,285374024.23,41505685.5,38323003.8,2920130.22,452491640.73,75386956.65,74972317.51,2021-04-15
3738,002216,三全食品,220021103.27,115.91,5985722254.07,8.0588684551,3880337355.67,1591461765.35,219812414.6,-11202014.02,5776478568.16,252792114.83,250787687.74,2021-04-15
3739,002205,国统股份,4209180.32,25.8,839538862.26,6.3842356197,645449630.44,25138123.88,96933711.37,35351835.82,825054439.6,-9987165.66,22688586.25,2021-04-15
3740,002182,宝武镁业,910370373.13,176.29,5572058322.49,9.2335055318,4678953001.27,109589871.66,111960799.17,88696855.69,5248886636.93,1039347889.43,1036684033.64,2021-04-15
3741,002169,智光电气,112511791.18,42.56,2553616044.57,-5.5228795428,2079313672.83,86735844.03,157603526.39,92224316.45,2521436149.76,107739922.4,106786128.17,2021-04-15
3742,002141,贤丰控股,8007426.71,13.74,989540672.0,-1.4474081864,866467684.99,26829432.26,72478838.81,25462201.69,1031041727.93,6474694.97,6768471.35,2021-04-15
3743,002126,银轮股份,317677156.02,-9.01,5520743642.53,9.9915913639,4189364116.63,292432529.8,399186591.76,71919991.24,5201206873.86,400474959.38,399773448.55,2021-04-15
3744,002009,天奇股份,71987431.75,-48.0,3157573031.59,-9.8547788945,2543011868.9,101806170.33,221883983.22,66913679.08,3086852362.05,72548092.89,75809959.5,2021-04-15
3745,000960,锡业股份,849350128.18,-4.04,42887232439.68,8.2927189835,39109365895.91,198948372.4,1213474541.84,684381312.93,41521780358.8,1361235026.37,1305562660.47,2021-04-15
3746,000927,中国铁物,1057014199.98,-4068.32,47765525401.79,-61.8547219885,45135160009.65,577393804.25,613298179.08,43788425.63,46491369709.08,1474076935.87,1483180575.8,2021-04-15
3747,000816,智慧农业,-960309146.71,-2371.41247223093,1445354291.16,-5.3988308008,1437996288.73,84801762.38,275706681.38,29404448.37,1867667664.92,-1029300774.45,-1055167320.7,2021-04-15
3748,000736,*ST中地,542255738.54,-33.01,14063268311.16,57.1742002802,10496666872.87,346455204.38,370483061.54,23907475.91,11806004772.79,1790198102.98,1789919972.91,2021-04-15
3749,000630,铜陵有色,830519538.86,17.97,92915235942.87,9.8649117274,88772210756.01,313577319.45,1191708965.9,790633903.09,91470857054.25,1424692021.7,1342018936.25,2021-04-15
3750,000599,青岛双星,-272371575.8,-1090.07,4123789731.06,10.1023589221,3749331751.51,301230946.88,190164750.65,143370666.27,4603643036.33,-317678958.14,-333914401.02,2021-04-15
3751,000570,苏常柴A,24966526.85,-59.745285820501,2045820801.1,-4.0827889965,1714533867.5,97085117.05,107015957.41,-4436573.36,1991399859.93,26468960.93,26699373.52,2021-04-15
3752,000301,东方盛虹,1613795525.71,67.18,24887768959.59,6.9797917072,21868365543.63,246257641.83,256307340.32,523636106.54,23213898845.53,1897648283.51,1905883990.99,2021-04-15
3753,000012,南玻A,536430818.0,18.43,10472028099.0,-1.3000508282,7743129614.0,389269235.0,602590650.0,290417403.0,9508091953.0,663718880.0,662106627.0,2021-04-15
3754,688393,安必平,73988897.22,20.362388615715,355159969.62,15.9531104887,57943096.1,161882913.04,25912915.26,-546957.0,269717453.07,88796449.41,87247991.81,2021-04-14
3755,688377,迪威尔,94817641.08,82.773008509332,693896449.17,38.0797259443,485794304.35,19091292.83,38532802.21,9760581.6,588066348.32,109083602.86,107209366.44,2021-04-14
3756,605089,味知香,86243277.5,21.256090514932,542424535.17,16.4123444972,406957714.45,28658574.08,17936650.1,-2780934.3,453444097.71,90189428.71,89920035.83,2021-04-14
3757,603838,*ST四通,43573160.85,1.85,405034953.68,-9.397051073,281936483.2,22179947.04,25414678.35,-4428524.81,358949353.69,53538953.08,48683457.29,2021-04-14
3758,603580,*ST艾艾,35552502.05,-0.69,193502065.89,2.863999196,108226744.65,23119420.24,19799909.15,-2611034.74,159238476.57,38963016.1,40801092.22,2021-04-14
3759,603297,永新光学,139049415.42,14.12,573041849.4,2.0943936821,332663337.8,37274928.73,25595336.06,-5435264.81,442164646.19,159703657.3,160487928.47,2021-04-14
3760,601279,英利汽车,150513296.0,-44.058711235856,4811862428.0,3.0587853298,4027846742.0,68154815.0,189312310.0,74209431.0,4541079184.0,245036804.0,244418925.0,2021-04-14
3761,601019,山东出版,1544079122.57,3.98,9766961004.23,4.450350907,6204417166.9,994882404.67,1149667973.49,-31215879.97,8371745160.8,1477620210.61,1540685423.4,2021-04-14
3762,600848,上海临港,1346796763.7,10.12,3949773008.68,-17.7023685006,1176183820.22,71767025.4,319923708.63,336542345.4,2680056059.3,1785958980.09,1804842953.62,2021-04-14
3763,600815,厦工股份,-1153456549.61,-57.749835366963,1871513157.55,-34.0528209993,1672510793.05,140071089.25,240285143.16,68471030.52,2193466725.51,-1101106421.94,-1093812334.97,2021-04-14
3764,600683,京投发展,76809924.92,-78.54,4327692677.72,-45.7336382998,2957538310.45,162513162.64,194574640.23,237575256.61,3681111410.06,676346184.21,674179553.82,2021-04-14
3765,600348,华阳股份,1700671463.4,-13.72,32657944785.36,-0.0788387389,26755300695.06,230416442.44,1182202660.06,413575317.51,30224263837.46,2321996023.12,2305534362.35,2021-04-14
3766,600313,农发种业,18183884.22,-42.64,5135725233.6,49.0172996581,4849855772.48,71876279.51,141359939.63,15836826.67,5121794847.15,52561318.59,53653983.53,2021-04-14
3767,600162,香江控股,454798652.97,-11.6,4927455544.32,18.3487207222,2378661502.08,347617853.8,403157287.25,415068044.58,4170917155.16,784839570.54,793013291.9,2021-04-14
3768,600099,林海股份,5799058.04,119.01,578073230.43,9.8807541105,517133701.33,12056081.96,37190069.09,-3970195.76,571425658.44,5847790.3,6581115.8,2021-04-14
3769,300442,润泽科技,13405626.62,105.55,640060243.46,10.4409021419,481445071.38,47564272.36,65615036.5,14771072.05,640161761.18,10498815.77,10385049.25,2021-04-14
3770,300200,高盟新材,185912186.39,122.17,960112603.03,-5.5330565907,548639684.08,73174835.28,78405201.36,-2508367.37,761953048.91,215049832.92,213292431.71,2021-04-14
3771,002920,德赛西威,292146872.91,-29.79,5337242510.09,-1.3218893837,4123198205.73,191628620.94,153615260.26,1636542.97,5129597917.98,252623686.03,255045818.69,2021-04-14
3772,002818,富森美,801120864.82,8.97,1619488068.32,13.9599747616,538441900.91,2396703.41,62045887.47,-8237896.42,714030560.47,958081894.05,959890880.31,2021-04-14
3773,002152,广电运通,757975682.12,13.08,6496265096.84,19.0014067102,3963780374.34,720007038.32,399468001.72,-69238804.32,5600295682.22,1036110584.99,1033950453.48,2021-04-14
3774,000958,电投产融,1333750925.45,49.32,11500508445.74,-5.93,7491075400.36,94864122.05,507770292.98,282812738.04,8796609330.04,3126742418.9,3145516974.39,2021-04-14
3775,000860,顺鑫农业,809229378.33,8.73,14900141028.95,23.4030189589,9506762138.91,1430170110.25,838460184.2,124963126.7,13628418518.06,1185904949.85,1184725705.5,2021-04-14
3776,000573,粤宏远A,65144810.87,25.16,912620218.35,0.103462567,650437832.97,37792958.63,95835689.27,23042397.88,859283580.5,93212983.75,80474362.59,2021-04-14
3777,688679,通源环境,86560965.74,51.613156894881,773816127.41,29.6684964475,555613136.96,24499989.81,48144239.46,6561897.44,673010630.39,95820603.75,98378140.88,2021-04-13
3778,688558,国盛智科,84289798.86,-11.770913247782,664682196.7,-10.6989945283,472076352.61,31406850.64,31611857.14,-374470.56,572083645.42,97123873.54,96902191.1,2021-04-13
3779,688156,路德科技,44055729.08,140.878576966348,303692127.08,34.7341270612,191029602.91,7138298.35,28505572.19,1022165.77,240542093.73,61353533.9,61271041.85,2021-04-13
3780,605398,新炬网络,105602112.03,16.305348077447,554292863.41,5.0381645161,324595565.59,24650716.4,47720721.42,1874788.78,449203912.27,114457944.03,114387552.48,2021-04-13
3781,603992,松霖科技,234178922.82,-0.85,1738628793.43,-1.1394048692,1133957123.54,76974600.84,146455748.84,-26828490.45,1462857010.62,266107058.98,265923508.19,2021-04-13
3782,603839,安正时尚,302715982.74,7.67,2438059556.1,47.8274856367,1146637278.62,631447313.06,161299295.35,98724.76,2039107811.03,381476790.34,381768745.56,2021-04-13
3783,603685,晨丰科技,112014939.0,7.16,1116995892.53,27.354749911,850348291.31,30602837.1,41751886.88,2382644.38,980729112.34,143812670.62,145333346.97,2021-04-13
3784,603565,中谷物流,857586151.02,55.611534718452,9900313062.0,22.5571147812,8695410433.5,21300905.08,126362606.21,172516678.84,9037846012.73,1152225499.24,1149723463.57,2021-04-13
3785,603351,威尔药业,128107850.57,14.57,880756050.5,9.8951413921,577529601.65,34439720.24,76516356.25,3500457.99,731440395.29,157162224.61,154118970.65,2021-04-13
3786,603345,安井食品,373343805.15,38.14,5266663002.38,23.6569972287,3909785513.94,646974845.49,151918892.58,7617360.54,4829552505.52,468050687.76,484100296.64,2021-04-13
3787,603331,百达精工,74715765.36,6.02,852103682.15,10.0138646757,633555351.62,31359293.05,48414044.69,12890238.19,760064795.43,89503126.58,89092216.0,2021-04-13
3788,603279,景津装备,413076950.27,68.96,3310864083.33,13.4412005008,2160213689.3,410723752.45,122004890.64,-7241249.34,2792297025.16,505593359.13,514622414.83,2021-04-13
3789,603129,春风动力,181056640.47,50.57,3242231574.63,27.3729811713,2196868154.36,456573697.45,163155830.77,-13345280.44,3063107355.06,175036683.9,177433376.05,2021-04-13
3790,603079,圣达生物,47030263.35,5.58,519149812.48,5.3662313717,326619867.1,18496143.68,78462437.59,3161619.44,460637590.35,50681753.61,49175471.38,2021-04-13
3791,601966,玲珑轮胎,1667925823.0,41.2,17164162965.0,12.1724641187,12614021326.0,1064133871.0,519664773.0,321359773.0,15346716735.0,1648079464.0,1665236567.0,2021-04-13
3792,601388,怡球资源,114943444.2,17.86,5448473369.4,-13.468798799,4841082305.7,77777316.3,231220437.3,83410389.79,5250758833.28,137634174.61,130204774.68,2021-04-13
3793,601137,博威合金,440063630.58,10.97,7591642075.25,4.0337078974,6385849055.66,233151656.18,255292976.05,55859235.8,7124145112.89,462761374.32,465950883.73,2021-04-13
3794,600883,博闻科技,7147673.29,-33.51,31726569.06,5.355597,32902816.88,1199416.26,13938308.71,-2540639.88,45754748.81,6858606.04,7147673.29,2021-04-13
3795,600845,宝信软件,879342167.77,99.83,6849043376.68,17.6920950484,4791831808.02,173482141.88,246197334.98,-38158695.38,5914437726.56,1003767667.28,1002535093.66,2021-04-13
3796,600751,海航科技,521918000.0,766.35,327153202000.0,-2.7695623675,303217559000.0,3941095000.0,13576941000.0,3848143000.0,324774637000.0,1498295000.0,1460560000.0,2021-04-13
3797,600596,新安股份,461015529.71,-69.34,12006683295.66,-0.3972256869,9989299839.18,452691905.58,498752145.47,69299794.3,11417857734.53,651746372.77,641736222.47,2021-04-13
3798,600581,八一钢铁,111139007.1,-84.13,20612490685.42,2.5224358234,18787907439.57,1018447182.07,196385378.59,344751003.41,20490366166.36,117255219.44,115066914.47,2021-04-13
3799,600481,双良节能,206778581.39,-17.89,2527340373.83,0.8889237564,1798268895.75,250891019.82,128210828.51,8096570.99,2308955819.73,233890761.58,251984886.28,2021-04-13
3800,600438,通威股份,2634568828.17,30.51,37555118255.7,36.38963508,30536001116.46,975270497.07,1513809599.62,707805824.0,34856442766.6,3123022574.61,3151521821.14,2021-04-13
3801,600346,恒力石化,10025179101.07,201.73,100782371124.23,67.7825478053,79865827588.07,951954772.59,1090266532.59,3562861695.52,88550125228.69,13223312115.68,13211987481.79,2021-04-13
3802,600152,维科技术,-64080936.68,-217.41,1645001121.19,2.6407146965,1415222178.41,38404518.84,130045545.45,12075075.26,1675049178.0,-66578235.93,-71161538.39,2021-04-13
3803,600051,宁波联合,320008884.84,28.8,3874245058.41,-4.099110195,3199654143.43,96994848.13,143659738.78,28381329.65,3664073497.55,321500178.09,327269872.97,2021-04-13
3804,300933,中辰股份,97336009.3,9.651073753413,2094098984.55,10.1261548252,1746244852.83,101250392.84,26644843.52,29623394.25,1988475580.06,97227905.5,109728762.61,2021-04-13
3805,300828,锐新科技,62566574.91,1.668603734548,333808076.63,-7.8189384674,214366258.32,5995495.77,22732968.39,1296216.68,262573905.2,71671086.87,72115287.48,2021-04-13
3806,300818,耐普矿机,69409111.97,5.98,349209451.03,7.1104455229,183528520.27,38833205.85,35649112.53,-174575.13,273248006.41,83320629.42,83714364.93,2021-04-13
3807,300755,华致酒行,319444153.93,42.06,3737888401.79,37.3817476909,2938413282.23,295912107.12,96447392.84,23279201.26,3367339892.67,386896287.25,388700001.94,2021-04-13
3808,300685,艾德生物,135474211.31,6.89,578355544.11,31.7344127163,55705791.05,220272491.88,70407132.5,-14911624.9,428975702.2,162450130.79,161349865.76,2021-04-13
3809,300665,飞鹿股份,21198223.33,-16.13,498934677.26,30.1349036083,373422939.04,36080200.37,39655528.13,15701413.88,482337035.85,26996381.04,26745748.32,2021-04-13
3810,300639,凯普生物,147290874.46,29.11,729392802.06,25.6810919556,141586014.06,260448305.6,120770040.64,453743.99,585810428.72,156252965.34,154522663.74,2021-04-13
3811,300631,久吾高科,55814395.22,1.47,493948395.76,4.5601846887,292623195.52,38702752.51,45987560.32,4644372.51,410737589.87,73087867.07,73395890.49,2021-04-13
3812,300471,厚普股份,20827648.92,104.35,542818016.87,46.5532398135,377135511.64,69678347.03,70968670.16,12908041.09,566950513.29,14247353.94,15677116.87,2021-04-13
3813,300341,麦克奥迪,148305163.14,0.36,1118092929.88,14.2310033767,618151148.8,118790932.7,129663859.99,-3167311.29,931503941.2,187336626.97,188002930.47,2021-04-13
3814,300323,华灿光电,-1047862427.45,-529.7,2716330498.82,-0.5585620011,2871119303.93,76811952.4,235121058.64,178306780.99,3513860457.52,-1081587671.63,-1163616244.58,2021-04-13
3815,300229,拓尔思,157203167.8,158.02,967305988.93,14.4330353321,369965790.97,164959942.57,150730904.11,69330.08,785293535.38,177044059.3,176547086.01,2021-04-13
3816,300212,易华录,384005313.21,26.97,3743903561.8,26.6351884539,2402965848.84,152695699.37,320953411.19,239242729.77,3192292074.83,527509725.56,523481925.3,2021-04-13
3817,300185,通裕重工,235035264.38,8.22,4027450901.76,13.929859692,2984013818.31,107319529.67,170365442.23,254572246.98,3683393050.71,318810109.48,313855377.4,2021-04-13
3818,300181,佐力药业,25592842.38,23.33,911163975.83,24.7720911645,311773735.91,446463583.36,81189065.72,17543670.48,895847235.67,29303107.17,29164378.83,2021-04-13
3819,300120,经纬辉开,137462172.54,2.12,2332307829.73,13.0737883318,1851595732.15,80906677.59,144073137.65,22141264.67,2192676833.46,148274732.2,143939109.73,2021-04-13
3820,003019,宸展光电,147135010.79,24.413654456114,1322026162.28,3.3798775059,985411943.38,43018546.53,70126312.14,605560.43,1146825997.8,190489429.36,191346572.48,2021-04-13
3821,002996,顺博合金,168177871.81,16.887779557326,4353332677.96,2.448801474,4034419721.87,38895213.28,37711096.12,33409881.76,4155778206.1,206822636.48,209114267.05,2021-04-13
3822,002939,长城证券,992167143.29,69.4,3899142493.53,41.62,,,2021080004.05,,2697857631.22,1201284862.31,1202040777.07,2021-04-13
3823,002926,华西证券,1431530824.81,69.39,3937424572.74,54.6979789257,,,1997116828.73,,2066223524.57,1871201048.17,1864840920.99,2021-04-13
3824,002864,盘龙药业,71778896.72,10.97,610636793.21,24.7603480418,186259082.26,281365233.56,41786922.31,-446204.78,530183145.79,86354733.14,83550644.07,2021-04-13
3825,002815,崇达技术,526048757.38,-6.16,3727450770.41,1.9518124321,2586005414.88,141466122.84,233517514.4,28393356.4,3230882365.35,591037768.54,590380089.93,2021-04-13
3826,002648,卫星化学,1272746060.23,35.31,10778665238.59,7.4717692259,7964611578.86,268725418.51,306113556.1,145416092.93,9224686950.19,1446574378.57,1451708004.12,2021-04-13
3827,002563,森马服饰,1549401524.99,-8.52,19336765180.66,23.0142082016,11112728121.65,4055339791.86,1029290224.6,-122732756.1,16615762380.25,2152451114.69,2129263482.32,2021-04-13
3828,002395,双象股份,30282885.69,36.17,1416596779.46,1.5005623733,1261661636.63,20429658.09,40201294.15,-517187.23,1376933413.65,33888899.13,33409534.63,2021-04-13
3829,002360,同德化工,152230992.36,5.95,842892054.64,-5.9887245267,480650543.8,46409423.95,106288495.89,449657.13,652158381.9,202759056.52,201349161.61,2021-04-13
3830,002267,陕天然气,455898087.07,11.89,9748729894.64,6.5508653555,8844127541.46,29259596.79,121824296.31,148030670.3,9221540430.12,571924635.47,574884918.18,2021-04-13
3831,002183,怡亚通,90141722.0,-54.95,72025131493.0,2.7872241243,67859610644.0,521215108.0,1950279922.0,1728383242.0,72269871308.0,16800753.0,22147044.0,2021-04-13
3832,002084,海鸥住工,130890271.05,212.03,2569424298.56,15.4955681926,1943944362.06,146199376.28,176207037.27,37215243.21,2427369958.46,152661727.94,151009649.37,2021-04-13
3833,002045,国光电器,353108752.95,261.194610070729,4445544317.57,9.9864418463,3684712391.78,93846899.54,161107802.28,48992447.87,4201921102.51,404186874.93,378263687.13,2021-04-13
3834,002044,美年健康,-866474165.82,-205.58,8525026063.38,0.7870931716,4790231052.01,2031132153.11,603340404.74,437747608.31,7922676033.36,-448811925.02,-485749031.78,2021-04-13
3835,002025,航天电器,402233891.06,12.06,3533710584.98,24.6861540797,2300397633.62,96365970.8,277134531.12,-9854947.13,3051538489.52,498263715.74,505146227.42,2021-04-13
3836,002023,海特高新,76308602.64,19.14,807878768.7,56.6802184478,469754666.23,20280910.81,186212192.01,112919220.77,851536019.01,73749717.18,72829230.59,2021-04-13
3837,001201,东瑞股份,261873923.97,3148.75557443156,871976957.12,42.1029470346,512150493.13,37270149.13,59335177.94,10855615.8,626714836.27,271859584.1,267552404.88,2021-04-13
3838,000778,新兴铸管,1497088402.69,-28.76,40889707108.27,0.8449103165,35153633490.41,1185311517.94,731752639.02,394620664.09,38068825877.59,2032769904.94,2048910503.01,2021-04-13
3839,000725,京东方A,1918643871.0,-44.15,116059590164.0,19.5149281599,98446269296.0,2917865380.0,5214948027.0,1994150258.0,116134306806.0,398668981.0,503750101.0,2021-04-13
3840,000720,新能泰山,486174885.83,-54.69,3580387753.04,37.5599507927,2573462530.66,74411322.91,80499984.08,40968294.63,2857561650.7,681348712.93,681471848.22,2021-04-13
3841,000631,顺发恒能,608425926.76,-40.8,1648829583.73,-39.2856754563,1007114117.57,49712497.57,43986991.34,-16174773.91,1118601943.67,803866676.42,809167513.1,2021-04-13
3842,000582,北部湾港,984227007.06,54.35,4792337278.33,13.4718868007,2930035666.25,,378590873.64,198565170.93,3558502654.3,1241265022.26,1244263772.08,2021-04-13
3843,000408,藏格矿业,308259358.85,-63.74,2018557840.82,-24.6966470412,843962517.52,370285398.86,82183819.89,-32682195.98,1417409781.17,433355574.56,407373840.9,2021-04-13
3844,000090,天健集团,1236193764.65,58.17,14665288591.27,43.6437768627,11235358586.04,114618408.15,356237908.0,148240107.72,12884543736.88,1800581105.28,1800579915.1,2021-04-13
3845,000042,中洲控股,787168958.4,76.22,7213165825.69,-9.1782459899,4330461173.27,409360381.42,519535492.34,455786256.92,6303265188.8,1304938351.53,1279386685.68,2021-04-13
3846,688550,瑞联新材,148464476.59,56.86933128916,990229161.95,15.6043756848,597432265.48,16470431.89,134862691.32,12834916.13,808559025.21,172468259.74,171291560.88,2021-04-12
3847,605128,上海沿浦,88384236.3,9.840397908036,813809443.0,-2.428354326,622711928.51,14580717.02,47402370.35,3530300.34,709949055.09,109091071.38,108310066.95,2021-04-12
3848,603556,海兴电力,500474255.87,51.7,2954172901.03,15.718259524,1772964034.2,365394734.07,157313028.98,-72458858.12,2488021124.2,575427640.07,586457358.62,2021-04-12
3849,603181,皇马科技,256160114.05,30.01,1894098478.37,10.1960923922,1472937519.77,39369628.93,35031947.27,-760152.31,1625796807.81,293944495.75,292857884.28,2021-04-12
3850,603095,越剑智能,172718570.48,3.638541375112,1017678343.33,3.2588613567,755151856.77,21307854.77,20034575.73,-3681208.5,843714317.46,192104028.4,197764542.96,2021-04-12
3851,603019,中科曙光,593633044.81,37.86,9526470351.47,5.1849080145,7423540760.69,460157999.51,227616231.15,143070002.78,9027292176.86,729727823.29,740511041.94,2021-04-12
3852,600971,恒源煤电,1128121725.27,-7.49,6001973173.87,1.6196641651,3327762554.37,101715583.54,644247407.2,95235138.78,4581512743.31,1414060770.15,1382777693.37,2021-04-12
3853,300910,瑞丰新材,98362955.36,73.772554360555,656707640.04,23.7982377907,455056900.96,29866144.44,37505607.84,-599629.59,543979229.24,113766678.27,114176045.02,2021-04-12
3854,300125,*ST聆达,16139653.56,-56.01,110927501.98,-27.1443568011,50736312.16,3420630.93,38783716.15,19422901.99,116132310.03,19051691.72,17341257.63,2021-04-12
3855,003015,日久光电,84899213.16,9.925398655624,551252046.76,18.4005027415,355886558.89,17229288.8,29451451.01,17605870.15,446831875.96,98410626.54,101607148.28,2021-04-12
3856,002951,金时科技,180409502.72,-7.68,584632446.72,-10.4937877605,353929278.99,11940797.79,28384879.72,-7167030.93,407264384.73,193653500.68,193255295.84,2021-04-12
3857,002768,国恩股份,396026415.9,28.39,5069353664.74,36.1168703048,4179930623.46,81615202.06,81027195.86,43945622.09,4566075436.52,457367248.98,455942063.16,2021-04-12
3858,002572,索菲亚,1077432106.09,12.34,7686076828.85,5.13185827,4817174382.27,765287744.53,591343258.09,25509284.42,6456505411.66,1348203000.69,1346599575.69,2021-04-12
3859,688330,宏力达,238587550.66,144.770900749278,705129604.58,70.0023296492,310991376.19,46109915.38,40010418.36,2349045.48,440740895.73,277378952.86,277298967.93,2021-04-10
3860,688138,清溢光电,70284081.22,12.18,479650905.3,17.7449138801,318667801.12,24239643.96,29327446.46,5438714.84,403154895.82,80783486.48,79987117.76,2021-04-10
3861,605008,长鸿高科,215174578.75,18.766200648065,1157333095.26,13.39287709,837468811.1,6544284.14,20017223.09,1698020.54,913887586.71,245952337.0,247887100.08,2021-04-10
3862,603988,中电电机,113473240.99,135.28,608001747.55,41.8780927685,417127998.96,39461183.04,38626586.52,-4723143.96,515807009.7,135314789.51,132484592.61,2021-04-10
3863,603909,建发合诚,74173245.78,9.25,762424517.06,20.9810501524,479591559.45,16740098.88,96172229.24,12195305.13,635066042.91,91417914.96,92265947.08,2021-04-10
3864,603416,信捷电气,163452268.42,9.97,649641627.81,10.0378401375,386494518.33,42361087.84,22071443.93,-1053400.21,511161469.55,186712283.08,185842867.43,2021-04-10
3865,603111,康尼机电,650360750.1,120.641799394586,3398221977.06,-0.5035619296,2222277611.03,199021387.34,302924013.34,23674559.79,3015190021.53,742176622.5,722197793.49,2021-04-10
3866,603006,联明股份,73033681.41,-37.02,1036010523.73,-5.6503822502,797170199.37,16539331.24,42866743.1,17009665.53,900968120.98,120433794.73,121463004.13,2021-04-10
3867,601958,金钼股份,568927501.46,49.18,9151479191.07,4.249541308,7362319630.31,70342332.87,297250683.81,-86424808.44,8292189126.91,798787621.9,785347337.39,2021-04-10
3868,601777,千里科技,-4682082431.1,-1950.83,7449773246.68,-32.3548218639,7674702329.99,610323858.42,527065563.44,1215142646.99,10459425978.65,-5320380528.61,-5425489910.17,2021-04-10
3869,601369,陕鼓动力,603138697.13,72.18,7303968264.07,44.9534938121,5723560997.14,230290062.23,381844350.29,-56716185.45,6580059986.32,805837336.89,824837291.47,2021-04-10
3870,601228,广州港,856968061.68,18.3,10468370157.36,20.568341786,8066734709.55,38613209.3,1032213357.48,208349503.06,9419096788.9,1286077563.92,1343552854.5,2021-04-10
3871,600963,岳阳林纸,313242824.27,-14.38,7105943359.42,1.3261161251,5762286928.02,316894390.64,259091566.07,103854047.09,6713535443.14,417235367.12,384177842.28,2021-04-10
3872,600894,广日股份,426593103.35,218.2,6121891524.87,12.0607868647,5259310921.72,171960672.76,410944404.18,-20591701.51,6058837697.64,439699378.02,438246172.03,2021-04-10
3873,600817,宇通重工,309507154.58,-62.94,3207861635.84,16.6497950773,2147479376.86,344617214.75,149697646.41,2319236.61,2866490614.44,384193406.1,383905473.59,2021-04-10
3874,600805,悦达投资,108166683.98,32.5,2639643262.63,1.2013313559,2198335167.78,115983261.94,287298951.28,125113216.01,2801677603.61,69917992.4,88201772.25,2021-04-10
3875,600787,中储股份,279561644.6,-41.49,40371950430.02,18.6307315429,39083581078.28,325360091.41,524800304.77,215229591.67,40386000725.47,533206068.76,328378480.26,2021-04-10
3876,600763,通策医疗,466118669.93,39.44,1931051110.84,22.5203776002,1049401540.5,11959455.81,212915886.09,24576826.01,1325952704.5,638917733.18,638418867.31,2021-04-10
3877,600712,南宁百货,4750457.09,110.59,1857804073.8,-12.7569344423,1506839015.97,102714039.36,188735071.17,17887765.22,1836818514.59,16911816.8,10062377.82,2021-04-10
3878,600576,祥源文旅,-853344751.49,-6080.95,422318298.85,-41.3924115013,272495942.58,21354967.66,62362135.96,1912663.59,383904767.56,-872112925.6,-880504982.43,2021-04-10
3879,600561,江西长运,-239778366.59,-1053.24,2412565251.37,-8.2931133098,2319410550.57,16553244.78,328216469.42,129058125.28,2820136330.16,-172187512.15,-168246556.43,2021-04-10
3880,600557,康缘药业,506993260.36,22.45,4565798004.94,19.3785663486,998914717.0,2275343752.53,184634896.4,38509791.08,4014772582.04,578915435.41,575354970.81,2021-04-10
3881,600546,山煤国际,1172715112.81,432.8,37657160813.65,-1.2731360385,29361001330.28,1018294278.67,1375267890.05,1151682816.36,34149715634.83,2773604749.17,2518565265.1,2021-04-10
3882,600363,联创光电,194922442.5,-14.19,4354617984.69,26.383370282,3832438986.97,118884021.7,156849727.05,58286610.42,4338168977.31,235101185.89,235526979.35,2021-04-10
3883,600283,钱江水利,43165993.67,-25.55,1174868291.01,10.0325217702,736309935.64,112718686.06,153490778.85,50888073.52,1072492613.83,118522984.89,121018179.8,2021-04-10
3884,600266,城建发展,2087757861.49,69.73,16431884817.44,22.8045258089,12469154350.6,493714104.11,580156676.6,746699309.21,15590864232.56,2724805878.69,2722975293.45,2021-04-10
3885,600256,广汇能源,1596834881.04,-8.12,14041598393.98,8.8111021575,9587815741.1,327060780.99,469039171.52,1045624235.4,11796389466.76,1907278500.4,1768673193.33,2021-04-10
3886,600246,万通发展,604780282.12,84.79,1102767118.94,-69.7438433954,532477808.85,111726612.56,161415444.8,139604385.78,1236608288.17,660712656.04,670830878.83,2021-04-10
3887,600230,沧州大化,45842510.81,-95.37,2105568631.04,-52.4887610864,1857691082.34,115853842.64,111295251.74,-15141309.44,2120534186.91,-4198204.14,-6510974.14,2021-04-10
3888,600192,长城电工,11732917.64,1.37,1917481614.94,7.4739181883,1505085482.17,126785505.96,163492347.13,42808925.54,1914600968.37,15257155.55,21949714.13,2021-04-10
3889,600155,华创云信,260418930.3,74.24,2475846935.75,33.27,50282872.29,1190418.96,1882415271.28,44353057.46,3089475794.44,444733215.96,450935747.1,2021-04-10
3890,600126,杭钢股份,917844644.04,-52.6,26742479314.74,1.1066437066,25058799025.4,29846266.95,395100535.46,-273089518.35,25725878598.74,1226128110.57,1218560979.18,2021-04-10
3891,300907,康平科技,51194430.34,-13.749694450112,606402667.13,3.4235025645,470424173.04,14572654.87,30555641.82,2371370.45,549642095.52,56731675.24,58224003.78,2021-04-10
3892,300820,英杰电气,110973575.72,-2.01,443012630.28,7.9998839266,254888653.55,23361539.86,19705246.46,-2177312.4,329285618.08,128755846.12,128606658.22,2021-04-10
3893,300807,天迈科技,74545927.21,27.96,468847179.11,28.3304825345,250986410.35,37161203.2,31104724.05,3425592.14,378872583.39,75018063.97,82680427.34,2021-04-10
3894,300773,拉卡拉,806342383.91,34.5,4899421582.02,-13.7336413712,2722715915.9,713703492.11,308757025.75,-6131327.08,4007533532.33,896757127.75,891947205.37,2021-04-10
3895,300751,迈为股份,247542923.1,44.82,1437708963.01,82.4824835594,951511759.36,98581390.69,69586585.0,-11576972.56,1211861828.06,276720547.67,291976385.8,2021-04-10
3896,300593,新雷能,62233802.79,73.86,772346082.94,62.0638855443,453546984.96,43990635.47,56277249.27,20525665.23,702699784.29,75455020.28,74836729.06,2021-04-10
3897,300452,山河药辅,84370512.97,20.34,464067090.69,8.2860873479,294524392.99,37174877.62,23741241.88,-313427.37,375793249.05,103693239.72,103241371.93,2021-04-10
3898,300421,力星股份,38689487.66,-47.05,729373906.23,3.2700821896,571116784.55,26905736.06,41687776.31,7483348.83,687243039.18,44193273.23,43470466.63,2021-04-10
3899,300389,艾比森,107254511.44,-55.43,2180567053.12,9.7565083352,1488403185.52,321328780.92,129327105.47,-9896753.0,2041180375.71,124456976.73,124434999.95,2021-04-10
3900,300385,雪浪环境,89840477.57,107.39,1242529677.61,29.4671850875,941359844.32,38434310.02,96424431.09,51107686.08,1183802617.13,111896451.53,104712173.73,2021-04-10
3901,300264,佳创视讯,-157573412.49,-1586.98,164272181.33,-48.7612630825,117985291.07,28190556.52,29596866.4,6223152.42,223310073.02,-169103963.7,-159659660.05,2021-04-10
3902,300244,迪安诊断,347281816.96,-10.63,8453207047.41,21.3345788807,5735398893.14,760774562.3,667204791.56,208714958.48,7613181861.98,774571230.63,771174965.93,2021-04-10
3903,300190,维尔利,316710725.54,36.3,2730648145.74,32.2447851196,1897502365.03,115445327.46,166811721.15,50058175.11,2338192874.25,365933986.68,368627648.39,2021-04-10
3904,300057,万顺新材,134374418.27,10.31,4452155649.03,6.7972620728,3906312218.62,88971799.15,96501877.69,63550188.52,4311525893.61,147241692.62,161104294.58,2021-04-10
3905,300054,鼎龙股份,34090602.14,-88.37,1148795536.32,-14.1149450226,739159317.33,74679014.92,117212795.63,-13702816.06,1046129144.67,19351280.76,30767007.8,2021-04-10
3906,003035,南网能源,276230848.54,48.825288509127,1508400089.52,23.7332810276,931276587.94,24530153.6,113693281.17,124964797.08,1210006563.81,304759389.52,323043680.42,2021-04-10
3907,002725,跃岭股份,33253956.88,-28.78,714905483.22,-26.0930326599,573197745.77,23972663.43,39700829.13,1474615.94,670609724.53,37935563.16,36906679.22,2021-04-10
3908,002708,光洋股份,11529790.58,112.75,1309489076.36,-3.3451446424,1061399839.86,37707075.06,118755531.04,12149732.14,1300116259.23,11370340.07,12110286.57,2021-04-10
3909,002637,赞宇科技,354196262.59,98.9,6579791289.47,-6.8554764124,5504963011.51,221071688.01,190984456.39,85812141.0,6140904949.39,476742261.01,476764701.61,2021-04-10
3910,002623,亚玛顿,-97053678.13,-222.49,1184367791.28,-22.6080800871,1018789281.01,44242618.53,60344060.57,63193354.37,1231496434.2,-111272549.71,-111782045.37,2021-04-10
3911,002550,千红制药,262561171.11,18.62,1675153096.05,26.7443587229,873291638.14,359735262.47,121680267.05,12167990.57,1451057998.79,300240858.74,300507359.11,2021-04-10
3912,002494,华斯股份,16889774.02,0.15,477180890.26,-4.8250858302,352892490.84,46044984.82,48108500.92,992363.25,467557467.43,20871544.71,18462554.28,2021-04-10
3913,002421,达实智能,-342885845.54,-258.18,2205852549.27,-12.7229873538,1512198213.98,295780131.67,159415321.55,60073723.22,2089993379.5,-343323011.43,-337688342.45,2021-04-10
3914,002368,太极股份,335358813.75,6.08,7062735038.19,17.3972658741,5331098447.37,190330323.78,862110504.42,24597981.52,6638110937.77,378909658.97,378872000.38,2021-04-10
3915,002324,普利特,164886342.12,128.0,3599966583.0,-1.7884903103,2910824805.97,137393880.5,115474795.68,56752462.58,3421090378.58,181736115.91,180554517.99,2021-04-10
3916,002184,海得控制,52440470.18,132.87,2058412415.39,21.7626381343,1662276372.05,138016286.68,105372387.34,12598816.14,1992697476.4,97856349.82,97782804.4,2021-04-10
3917,002167,东方锆业,-205786773.47,-2036.31,471620283.32,-6.2976675806,373609762.79,12723936.6,69651612.17,111417453.94,594338158.27,-226044307.52,-221625243.28,2021-04-10
3918,002163,海南发展,51220472.72,56.89,4703671877.04,-1.5305365794,4127215719.35,93389775.68,167794159.03,67690426.38,4613077852.66,56688449.04,104579535.91,2021-04-10
3919,002142,宁波银行,13715000000.0,22.6,35082000000.0,21.2617433954,,,12038000000.0,,19792000000.0,15290000000.0,15219000000.0,2021-04-10
3920,002031,巨轮智能,20910336.42,-61.65,1406523306.22,0.3208091045,957392940.06,55671910.0,112968907.82,88163196.69,1309304967.12,173989128.69,168424343.49,2021-04-10
3921,000900,现代投资,976214511.86,1.3,12557826732.9,5.8749888538,10440743344.0,99362345.93,393473117.03,539027128.1,11608318620.54,1261717726.23,1258740518.75,2021-04-10
3922,000838,财信发展,108540301.37,-4.56,3394143161.78,11.36130397,2814380954.09,214566606.21,178359812.02,21289243.75,3268453944.88,111855268.87,112733758.11,2021-04-10
3923,000686,东北证券,1007080243.05,234.19,7968795586.85,17.5320235578,,,2311565293.39,,6691373081.59,1277422505.26,1275738660.96,2021-04-10
3924,000558,天府文旅,26029472.16,142.59,137847895.72,-80.3768011005,111690638.38,4925582.61,69131530.72,24759612.47,239903032.24,33850351.74,29307804.56,2021-04-10
3925,000539,粤电力A,1146767033.0,141.7,29360155150.0,7.1205646513,24480703872.0,43788762.0,874640868.0,1230315841.0,26888874706.0,2544014307.0,2545239899.0,2021-04-10
3926,000417,合百集团,159605948.03,-28.9,10908554054.14,2.121511584,8752013600.31,509689046.58,1085324425.34,30786259.26,10545420293.69,399166270.08,396650690.17,2021-04-10
3927,000151,中成股份,8751179.96,-89.51,1183601165.48,-6.8564481345,859255568.02,82219924.38,68288087.05,-1671491.74,1092831166.77,9078846.15,8493896.1,2021-04-10
3928,000059,华锦股份,992955495.15,-13.23,39608340979.04,6.9445650591,33842254831.21,300064834.96,1530137862.71,446061864.53,37979107669.28,1208679681.02,1259351040.78,2021-04-10
3929,688568,中科星图,102889454.68,15.543140199476,489410961.14,34.3075798075,198741215.53,58678969.97,53591271.89,1020092.48,376512773.58,108247542.15,109239263.65,2021-04-09
3930,688383,新益昌,87753965.47,-13.251176543664,655299499.55,-6.2425858018,418330270.49,38883109.39,47142294.9,5042927.25,555100092.79,104036762.52,104102948.49,2021-04-09
3931,688365,光云科技,96369022.29,-10.03,464645083.81,-0.18,168053436.77,75910798.76,60075222.6,-1553758.65,393935389.77,97676191.57,101570133.23,2021-04-09
3932,688299,长阳科技,143077038.17,60.99,910261053.81,31.7233642645,603295873.44,34658370.5,48873571.1,16247933.53,750070223.83,152651720.3,164100588.86,2021-04-09
3933,688101,三达膜,276645832.03,52.58,742008730.62,25.7836273776,435534443.32,26451107.85,39694179.29,19218827.26,568708582.63,304344610.5,323927556.78,2021-04-09
3934,688015,交控科技,127291455.56,91.72,1651775097.71,42.0856759929,1211465935.37,67657706.83,147493725.11,16480689.76,1567327913.88,138680396.2,138807039.8,2021-04-09
3935,605368,蓝天燃气,325952642.73,9.927277328686,3632599836.27,13.3078485071,3006508925.35,27387474.64,119356462.22,46153838.45,3206617185.05,437626424.31,438713504.82,2021-04-09
3936,605358,立昂微,128187904.69,-29.083824897374,1191685953.89,-2.5338899852,747018411.73,10250790.69,51626013.64,89928426.46,1011440297.06,173899160.14,175947261.87,2021-04-09
3937,603817,海峡环保,130140323.79,11.58,640550658.48,32.7569218184,369005454.89,261288.38,63306723.83,53925311.27,510137071.38,149894136.99,148668631.54,2021-04-09
3938,603596,伯特利,401508068.18,69.21,3156611295.61,21.2920536597,2338248673.33,72388244.64,68560450.93,-17437731.17,2608283838.66,529318996.76,527529927.6,2021-04-09
3939,603588,高能环境,412015129.41,26.92,5075386924.73,34.9029585895,3898770572.81,71069708.42,270983557.4,144670597.49,4562402277.81,565993837.33,562229903.9,2021-04-09
3940,603367,辰欣药业,514580078.0,2.19,4112785510.85,8.0015968835,1750682260.06,1303353557.02,198758495.21,-2527338.58,3616389095.35,582714338.41,582110568.52,2021-04-09
3941,603339,四方科技,129465020.68,-28.95,1175301034.32,-4.488783297,903236584.52,37413213.03,46869502.38,-12024894.14,1029104028.33,145246431.89,145623928.45,2021-04-09
3942,603298,杭叉集团,644604877.9,17.94,8854106704.84,4.8739021596,6966892110.58,526920861.11,297560141.86,-19226327.02,8166600243.41,817950740.48,822794528.39,2021-04-09
3943,603290,斯达半导,135278512.36,39.83,779439687.65,15.4096836692,540828044.53,15283039.6,23851420.93,10292807.48,647904059.06,144856581.16,144807009.96,2021-04-09
3944,603183,建研院,80803050.12,25.09,611364181.82,23.6061943399,337274410.89,41256422.71,101623578.83,29157.35,513601784.72,95323500.23,95337110.97,2021-04-09
3945,603058,永吉股份,141238121.13,26.6,470453005.57,8.9053460266,281162020.75,6839049.93,35976641.28,-10230027.0,339933469.79,165298724.06,165030376.95,2021-04-09
3946,601686,友发集团,864614671.51,123.296042352638,44749217204.55,18.6822718316,43031503156.2,263044718.31,201348080.05,58860295.83,43647070658.03,1177010428.26,1181857627.1,2021-04-09
3947,600984,建设机械,505468869.65,208.651211360828,3251406860.89,45.9800723941,1938953232.29,38143713.97,263804219.66,199961702.33,2555999891.34,568923649.56,568163809.99,2021-04-09
3948,600873,梅花生物,988641850.29,-1.29,14553547455.2,15.0655815212,11268002954.78,1168288652.2,540450478.86,270157206.77,13504728133.4,1174003493.29,1167578679.08,2021-04-09
3949,600770,综艺股份,55772318.45,3.73,458426524.99,-2.8755199541,320055043.49,19517965.67,141712671.6,1363780.47,519094517.64,211395874.8,212979173.79,2021-04-09
3950,600618,氯碱化工,810931250.03,-22.99,6463773437.12,-9.8577644152,5333854748.9,188603795.33,105177868.91,25589334.73,5819091876.12,854451499.2,854243753.49,2021-04-09
3951,600592,龙溪股份,146366719.97,66.8,946028497.39,-7.7781225681,708150051.74,43931189.33,68598586.43,7570064.84,933227319.65,150196565.28,151105170.38,2021-04-09
3952,600490,鹏欣资源,310821212.71,56.65,14787309899.26,31.6664141627,14230745318.28,118498454.38,313072049.13,92333401.32,14766907207.38,447452920.01,420467692.75,2021-04-09
3953,600456,宝钛股份,240010609.72,70.11,4187620210.76,22.7971308192,3324943061.15,47238930.35,225622507.32,112926232.87,3845480187.9,316478020.18,325198250.45,2021-04-09
3954,600452,涪陵电力,396725409.01,13.8,2621898127.41,7.1162916042,2091967742.15,1622638.23,99408436.94,52587010.54,2249983075.29,414039462.04,416794109.53,2021-04-09
3955,600444,国机通用,48558864.61,2.89,678267198.79,13.8369442993,552328763.33,20927671.63,32471902.83,-5565212.57,639797726.74,53651592.18,54655517.38,2021-04-09
3956,600409,三友化工,682915734.42,-56.94,20515134749.91,1.6922897952,16395434793.84,918007628.76,1513179251.32,418509890.96,19479122944.86,915346056.18,936365370.8,2021-04-09
3957,600367,红星发展,74780720.69,-35.5,1523390234.14,-4.372084612,1176044056.86,85059732.05,118435897.94,1321345.41,1399461927.68,100954334.13,99564934.92,2021-04-09
3958,600235,民丰特纸,12797365.91,27.67,1398780970.86,-7.8472977891,1166306050.77,53737494.36,72714588.75,28475269.75,1385779784.32,12169116.68,12680136.19,2021-04-09
3959,600106,重庆路桥,250162626.84,11.23,239130785.96,-0.2828920561,30872736.68,,23440934.4,109448898.8,166463281.87,268806032.62,268578897.2,2021-04-09
3960,300986,志特新材,130868635.95,99.322642284406,861970639.73,54.0131382458,469059597.8,111909255.53,62612420.93,19779010.48,718309917.33,162464319.37,160532074.54,2021-04-09
3961,300951,博硕科技,113988708.41,24.047223196339,505038946.58,28.7302900519,286946201.47,17134177.76,36008821.92,-35492.32,374093388.61,134464463.0,134252913.14,2021-04-09
3962,300919,中伟新材,179826999.88,184.834165558612,5311212819.9,73.1042448599,4657329904.51,74306253.5,113713644.39,90270632.97,5126617692.36,212309404.28,211928544.15,2021-04-09
3963,300876,蒙泰高新,68798402.59,17.104547658879,378750701.45,11.119565768,271901302.16,9473613.83,7907104.98,1419529.64,305557939.75,79847704.34,79433580.4,2021-04-09
3964,300865,大宏立,77262276.53,,528197554.55,23.3077258274,342410828.18,69124053.32,21026850.16,-2308038.89,442380354.15,89022644.52,89847481.61,2021-04-09
3965,300671,富满微,36850464.4,-31.99,598224427.85,20.4425383331,463921063.47,11456744.17,19402147.81,11920781.7,554306076.62,38216912.39,38487501.92,2021-04-09
3966,300653,正海生物,107386387.01,25.14,279807036.21,29.8145756839,19252219.86,110739853.45,20131979.64,-961128.48,172532416.03,123495838.45,124118908.8,2021-04-09
3967,300594,朗进科技,81743794.06,7.15,525703861.82,10.9921308484,330163112.71,39247091.82,26732894.4,-1292634.37,430375667.34,88486703.31,93913232.97,2021-04-09
3968,300539,横河精密,9761176.96,-3.5,556667685.71,0.4454498163,442598302.81,15978989.13,37132724.48,14977883.45,542755165.78,12317492.06,11505555.99,2021-04-09
3969,300468,四方精创,96238638.56,39.87,525558672.81,7.7369458915,266180762.88,3359319.17,86717043.61,-10490943.55,431579743.07,101487361.02,104023102.33,2021-04-09
3970,300354,东华测试,30427204.01,72.64,177743282.74,32.4495286767,62330820.18,32344739.25,36853665.87,-658123.71,151744404.25,34925943.05,35119931.3,2021-04-09
3971,300228,富瑞特装,-326699821.43,-2647.91,1573844704.62,8.8850379255,1235188813.55,125766483.31,95700452.79,50100836.6,1600613037.5,-339529734.62,-338215180.62,2021-04-09
3972,300227,光韵达,72087398.31,5.65,790428593.71,36.1991106156,468417426.93,76175321.96,67766210.81,18199930.17,704351790.43,88748964.63,88936235.25,2021-04-09
3973,300041,回天新材,158184620.73,33.19,1879964465.57,8.064188321,1279035419.14,201330251.48,108055823.71,8052715.44,1702344894.4,182082379.5,183571933.45,2021-04-09
3974,003020,立方制药,105141106.21,14.702548535322,1650031851.68,15.8257631842,1132806476.03,328060634.81,34129785.75,-1062851.34,1540812533.94,118844370.25,121624025.56,2021-04-09
3975,003008,开普检测,108214236.29,3.213845214868,202843904.5,6.9612779457,40958461.76,7103771.88,18260485.35,-56702.6,78999171.64,126077751.89,126820536.17,2021-04-09
3976,002955,鸿合科技,314123648.06,-6.58,4830469665.32,10.336205075,3606126167.77,452182007.99,180177474.17,1032745.89,4423191616.74,372937499.59,374154349.36,2021-04-09
3977,002909,集泰股份,85415589.25,355.74,1016051923.6,8.9459729897,658441956.86,142044027.7,56982522.34,5684685.1,907714919.23,103627745.46,102580507.24,2021-04-09
3978,002791,坚朗五金,439319617.56,155.23,5255131407.17,36.3736433325,3162653618.48,984786611.2,267213440.97,-25104.97,4705400126.57,499237383.41,497699953.74,2021-04-09
3979,002687,乔治白,143127215.53,26.69,1121067536.52,11.5949139208,582549303.71,205610234.56,73016037.99,34513.25,906062932.63,186384578.15,184290525.17,2021-04-09
3980,002677,浙江美大,460012869.48,21.85,1684475726.55,20.2424312333,782854847.73,256658480.56,65784440.98,-13092440.37,1155510236.71,534758623.76,534295577.23,2021-04-09
3981,002658,雪迪龙,140609104.38,-21.56,1243286319.29,-3.530906706,695927991.4,195866108.15,111514478.88,-5171001.69,1106304673.36,166026055.71,163900944.02,2021-04-09
3982,002603,以岭药业,606501070.03,1.21,5825294498.85,20.9933438056,2106212556.97,2227097391.98,352371532.89,-951384.75,5170054896.17,710175387.23,707885033.0,2021-04-09
3983,002597,金禾实业,808761301.8,-11.28,3971856106.18,-3.8942234561,2729284328.8,130757583.8,85556786.08,-18897427.67,3095236224.43,939819150.53,937147198.86,2021-04-09
3984,002353,杰瑞股份,1360693039.87,121.16,6925426976.55,50.6585093079,4337570396.1,391363135.87,287308119.67,-4151513.19,5323899107.12,1659969317.0,1617623745.96,2021-04-09
3985,002314,南山控股,403475743.2,-19.8,7242301418.73,2.6419641345,4855245088.75,250495083.66,664850457.52,388209809.55,6539125799.56,747771982.6,783025087.64,2021-04-09
3986,002300,太阳电缆,194042969.27,71.95,6974865051.26,36.6384939592,6376345187.99,158980000.3,86227507.28,78821269.79,6745509923.16,274733636.6,272745551.32,2021-04-09
3987,002116,中国海诚,58609152.13,-72.38,5581329848.28,6.8125522427,5103399531.46,12233824.55,199291963.81,-27297712.27,5501134760.05,96393446.9,91551951.67,2021-04-09
3988,002108,沧州明珠,166097639.41,-44.24,2996255952.47,-9.8897325207,2514568439.55,147234213.36,65426721.64,53250649.56,2848510598.96,226371481.01,227311284.97,2021-04-09
3989,000988,华工科技,502787483.05,77.28,5460245491.93,4.3457597926,4080244318.27,476660870.89,233092310.94,-25313755.51,5091964354.19,585328713.15,586188354.36,2021-04-09
3990,000922,佳电股份,344784909.99,23.72,2103171551.72,7.9635837181,1380790279.07,209089009.69,116503405.34,-6514954.42,1746119700.11,385109664.61,394269569.88,2021-04-09
3991,000718,苏宁环球,1230900487.53,20.6,3924284103.59,20.9782032998,1477813648.95,114032586.18,248063459.62,99936553.62,2158683655.11,1758057340.83,1662649330.05,2021-04-09
3992,000561,烽火电子,92593573.71,5.12,1346459522.8,9.8880007691,844337966.91,30038144.82,208761963.4,-101769.72,1282766833.09,62420251.09,95598787.94,2021-04-09
3993,000541,佛山照明,296077926.11,-20.24,3337576747.66,-12.2142183024,2560513052.56,243824295.42,149186469.9,-27724766.79,3043399217.05,347756223.06,345311124.73,2021-04-09
3994,000536,华映科技,-2587137410.77,47.91,1474124196.43,-67.3706728779,2211116448.51,44664178.62,302144822.08,338810066.41,3307034896.9,-2594309395.0,-2587400365.42,2021-04-09
3995,000400,许继电气,470535732.73,113.52,10852446112.05,23.6050665859,8873964927.17,401768424.97,459348575.21,7825326.45,10253290033.81,600301748.51,608527580.02,2021-04-09
3996,688580,伟思医疗,99718297.05,57.37251469613,318873166.2,53.4656251075,83818512.56,75130548.85,26467830.32,741147.64,218178624.9,114674687.79,114798941.75,2021-04-08
3997,688508,芯朋微,66170792.23,23.65067869365,335103535.29,7.3000164267,201889540.38,4395136.99,9972200.53,-3612346.78,262413047.21,71360755.18,72787172.64,2021-04-08
3998,688468,科美诊断,140593235.17,133.139629103072,454666503.35,24.2059713669,113748550.82,105340563.41,34085484.25,-1144487.57,312689210.02,159731102.35,159642046.63,2021-04-08
3999,688003,天准科技,83178620.64,-11.96,541069294.15,6.4510383029,293536044.06,83214091.07,20602538.63,-22398746.87,474855400.58,85782847.45,86328248.52,2021-04-08
4000,605299,舒华体育,146963455.5,24.983545279639,1333714230.03,12.8345128466,787128690.66,223902193.01,89782500.86,13629298.45,1160080984.27,184289580.43,184862205.1,2021-04-08
4001,605169,洪通燃气,159933209.75,0.744847032068,893288017.43,16.9208128519,587331358.16,57381166.61,41012643.29,2686053.21,695466581.34,200764092.74,198663146.34,2021-04-08
4002,605099,共创草坪,284603805.65,24.659348007435,1553541818.64,11.1517805634,975949324.99,123366122.5,69661367.0,-2162782.96,1236492647.08,330844810.5,331006993.88,2021-04-08
4003,605068,明新旭腾,179316925.91,65.866132036191,658132443.89,15.3881604251,360322084.29,10720200.69,33311094.57,5979966.74,459090356.92,208335639.61,207448600.37,2021-04-08
4004,603985,恒润股份,82923284.18,-33.57,1431182547.41,20.741907165,1056682975.9,62680313.94,49196203.03,15801395.47,1252545511.7,77248730.03,76315966.85,2021-04-08
4005,603686,福龙马,270370386.99,14.4,4227925740.42,22.7770380448,3139877818.8,397723896.75,214597548.68,1402450.03,3827602025.36,364587855.69,361554764.09,2021-04-08
4006,603180,金牌家居,242496668.92,15.37,2125444791.62,24.9028797263,1363587196.57,338160570.77,82266962.63,-2575656.02,1900152366.22,273575658.77,275082970.29,2021-04-08
4007,600889,南京化纤,-131385179.35,-2216.67,657709337.23,-33.6010615871,634711093.43,6265746.44,149061665.45,1079195.3,806840336.61,-162975658.93,-156663031.46,2021-04-08
4008,600526,菲达环保,90649098.38,121.497482912036,3416030256.19,-2.9798234187,2845293734.66,59356719.06,239073616.3,111910492.89,3332512136.16,94861166.02,97847594.16,2021-04-08
4009,600366,宁波韵升,26302216.47,-44.38,1948391110.66,-3.9850363265,1606745838.22,46976419.4,170685226.2,22885100.54,2015194466.06,32758195.42,24730204.97,2021-04-08
4010,600057,厦门象屿,1105961647.77,10.84,272411681645.49,16.4114846119,263961222246.4,4257726076.69,680853624.81,1229614958.94,270321851288.25,1765622847.31,1935722917.49,2021-04-08
4011,300929,华骐环保,71018748.1,14.164058324532,553178409.47,5.2652871525,391817548.93,13081809.45,28312875.49,20282104.89,474543496.12,82385074.73,81769106.74,2021-04-08
4012,300905,宝丽迪,100658332.97,59.415044540333,712049274.06,15.392076986,541247520.93,15225284.64,17897642.15,-10271.04,591838216.35,125910295.51,125814295.51,2021-04-08
4013,300723,一品红,143685749.61,-30.99,1637405569.89,14.5395856747,367030441.82,851111688.1,86008397.68,4287047.53,1427562689.85,182267202.32,189057105.66,2021-04-08
4014,300717,华信新材,51704271.84,10.75,315686980.16,2.9645238151,223438086.68,14874936.27,15735769.19,-1731558.86,265382357.9,56680821.29,59709029.5,2021-04-08
4015,300584,海辰药业,97258207.81,16.86,924537940.13,29.8676453865,187155153.55,531194538.17,35151733.41,5315933.12,809438361.79,114266199.99,114161399.33,2021-04-08
4016,300508,维宏股份,65867794.22,340.2,191349624.93,-16.5459159969,70260754.53,19904060.25,37068179.43,2568224.3,201900664.98,72744481.39,74049817.26,2021-04-08
4017,300009,安科生物,124465864.06,-52.71,1712529669.21,17.1721412771,376213484.32,701272102.86,111183724.93,-5886405.15,1319898949.69,165154051.39,163413649.54,2021-04-08
4018,003001,中岩大地,128515100.79,39.87201662071,1023649164.2,34.9240778611,785661872.75,4492412.67,23589212.08,1622717.1,854270323.63,148161301.22,147780506.43,2021-04-08
4019,002774,快意电梯,20684329.27,-71.17,821580989.74,-6.2886294435,602611915.44,128571774.99,49479548.51,-4215999.87,811253218.04,25393489.13,24182547.38,2021-04-08
4020,002690,美亚光电,544557807.16,21.58,1500778300.42,21.05801729,668574930.79,202272659.27,51743531.1,-6915419.28,1019413006.31,629513725.63,630276519.79,2021-04-08
4021,002571,德力股份,13491799.29,110.55,867311207.24,9.1430241162,673916660.67,37682161.09,81346633.09,1431307.69,809081219.33,18959878.85,23459642.72,2021-04-08
4022,002532,天山铝业,1501002311.0,0.69,32587022049.33,10.3076381802,29295789238.71,474781296.75,182579966.55,939399395.76,30879658951.28,1906122039.11,1920023086.59,2021-04-08
4023,002273,水晶光电,491126928.63,4.85,2999838167.85,28.981438937,2165534440.71,44185763.61,225416552.26,39802294.21,2652534926.68,566055917.76,558331833.15,2021-04-08
4024,002051,中工国际,1053718358.99,-22.02,10656800243.72,-21.1484302552,8290764502.98,371324636.68,551605422.76,-223637202.82,9334096543.95,1198295856.19,1212540208.85,2021-04-08
4025,000949,新乡化纤,129559353.41,14.65,4804152548.3,6.8970863501,4059727988.04,103312373.32,260550946.77,123101708.25,4600763989.15,172960526.04,172517679.52,2021-04-08
4026,000586,汇源通信,8381075.03,389.3,434269804.11,1.7723016752,327917698.64,47550725.39,24895267.21,4363462.24,431380605.87,5719602.72,6058457.51,2021-04-08
4027,000096,广聚能源,124873051.45,15.91,1623086752.58,-1.8806161859,1451651788.31,62123006.68,46486930.78,-25484644.21,1537870288.21,150269372.74,150003801.32,2021-04-08
4028,688636,智明达,59460136.48,-4.814969941417,260659529.95,11.0454691514,102672050.92,19426826.52,26316064.1,3155573.88,206254548.0,65162451.1,65155069.81,2021-04-07
4029,688315,诺禾致源,114285890.81,17.701043556085,1534828907.23,45.6800221762,933892436.48,229806287.02,125361400.72,3620821.09,1421456473.52,119273720.13,119213654.03,2021-04-07
4030,688191,智洋创新,85277737.46,113.33330928767,328541518.7,49.765082383,169359143.31,33484695.6,16882411.86,-568176.71,252032050.78,99014639.77,99018426.9,2021-04-07
4031,688011,新光光电,60494145.43,-16.76,191646501.64,-8.0434598701,76595421.52,8094659.5,34036684.74,1004609.37,149354419.34,55799060.38,70285958.04,2021-04-07
4032,603926,铁流股份,121096110.95,20.65,1460725499.65,12.8594759287,1082580674.42,101550199.95,95233639.75,7079187.45,1340881797.8,129679207.26,131026988.26,2021-04-07
4033,603586,金麒麟,203134868.85,129.93,1622080434.07,15.9114177159,1130336814.03,100519098.53,62748240.91,9876668.51,1386024934.87,248767277.19,249133393.38,2021-04-07
4034,600269,赣粤高速,1112884706.94,-5.37,5039442017.61,10.1210904555,3235215776.36,48778823.64,206534316.99,575797227.57,4129722141.87,1213973513.35,1568280184.27,2021-04-07
4035,600032,浙江新能,407508969.97,170.74302320365,2102378361.67,68.0951025032,804889482.68,,159614658.96,419330568.78,1413104026.31,787939999.15,789495908.29,2021-04-07
4036,600008,首创环保,958389120.63,33.22,14907273552.24,19.6855803621,10491748201.53,26275088.71,1562661941.36,1255829894.29,13666987367.75,1587177690.89,1598543793.89,2021-04-07
4037,300908,仲景食品,91638077.15,12.392595313602,628190864.28,18.6137845311,364284407.18,101997631.12,32782051.27,2677525.35,528356190.17,104740462.34,105182915.77,2021-04-07
4038,300360,炬华科技,242943225.29,78.87,892390589.44,2.3498277745,538844237.62,71826100.45,54056850.7,-63062843.16,668317904.43,276723981.78,277722285.06,2021-04-07
4039,300130,新国都,242492982.66,-2.17,3027887474.72,30.5502440504,2176234950.24,166002366.2,193834030.24,9982291.63,2785611370.03,239384278.89,237826905.37,2021-04-07
4040,002979,雷赛智能,107606978.54,28.414497581537,663263981.11,11.191164139,382431873.9,65358741.86,57171455.23,376314.71,576630912.75,121097099.54,121292409.06,2021-04-07
4041,002660,茂硕电源,66527398.75,126.01,1247847109.57,-6.7222060657,962316426.26,72306691.55,76295882.27,16591401.43,1185438316.17,66147658.52,67728948.63,2021-04-07
4042,002474,榕基软件,49816021.8,49.65,727322833.38,-10.4820617775,456312306.03,40293457.57,93726915.81,20682671.66,719009725.84,33215307.69,55880729.64,2021-04-07
4043,002058,*ST威尔,-13977242.31,-406.08,89512574.7,-23.5467376098,63558166.82,15337816.87,22953453.1,-149620.59,105947438.88,-12447637.05,-12320650.48,2021-04-07
4044,000902,新洋丰,651053895.47,-20.49,9327498430.06,-7.0097674811,7585185300.12,522685180.95,288771304.59,-21009826.53,8455897790.95,812231110.49,811178143.29,2021-04-07
4045,688669,聚石化学,99020187.83,125.743150461807,1474325873.94,37.9275499016,1174478502.9,51422520.48,45682097.17,16314492.87,1339869320.53,136642325.83,136099683.41,2021-04-06
4046,688611,杭州柯林,89503611.07,29.229027408603,200615378.52,23.5849506314,53799184.09,16071939.11,15898372.53,-85079.2,105589308.53,104677423.15,104657423.15,2021-04-06
4047,603989,艾华集团,337650522.96,13.04,2254389664.78,4.101256774,1503839030.14,135775971.45,111321243.18,26261698.07,1914671090.42,386187929.06,393779029.4,2021-04-06
4048,603982,泉峰汽车,85890783.15,-6.27,1250520314.49,4.0131347478,936281512.88,38164084.26,74926564.34,30099219.88,1166396228.43,91728308.75,92441773.62,2021-04-06
4049,603717,天域生物,61419724.04,-32.99,837308909.97,-20.0829681421,560674711.33,31610978.88,88744966.41,36932597.89,747320511.28,69224717.39,68558191.36,2021-04-06
4050,603689,皖天然气,223858639.46,26.91,4171197902.35,28.7019146236,3755635077.95,11139507.17,83926347.53,6309582.32,3875123743.93,299958378.73,301091556.69,2021-04-06
4051,603324,盛剑科技,113374614.69,2.287562112986,885709412.41,1.6268319039,614603211.43,34545707.94,40188909.99,12952223.49,747633985.61,133181187.55,134303612.16,2021-04-06
4052,601377,兴业证券,1762537169.01,1202.23,14249535861.49,119.2447625807,,,6029349102.18,,11588892969.57,2660642891.92,2629543130.82,2021-04-06
4053,600884,杉杉股份,269808780.07,-75.81,8679910968.83,-1.9598274153,6839412732.26,493035930.93,489276598.91,271973066.6,8551245624.82,372596050.49,353170462.62,2021-04-06
4054,600714,金瑞矿业,-9422843.51,-141.44,166701986.75,6.0708734468,143556474.23,6352090.87,23079999.48,-5159420.08,176442224.41,-8482983.56,-6788529.8,2021-04-06
4055,600664,哈药股份,55812116.14,-83.88,11824561675.04,9.3488459849,8994166347.8,861284276.84,1536724522.13,45609907.8,11672994627.15,277742150.54,307048527.12,2021-04-06
4056,600642,申能股份,2286499089.13,25.22,38841303798.99,7.2334579402,35584517955.72,5515173.53,775124863.74,519643021.77,37123143664.78,3248523700.7,3288410059.57,2021-04-06
4057,300983,尤安设计,265128528.4,106.700115264609,854302315.68,17.0965493897,437249901.17,17826534.11,55412625.73,-3144564.21,557058476.99,310604450.65,310410947.14,2021-04-06
4058,300926,博俊科技,63706876.31,3.774359780199,521879336.87,9.6292600241,369860254.07,10610387.08,27896285.24,8860425.29,442368949.44,71400769.78,74362917.28,2021-04-06
4059,300154,瑞凌股份,113797324.84,6.2,554780889.21,-3.9454897365,368697576.41,27641064.17,35630598.73,-33639756.15,433915948.34,135008020.42,135096544.11,2021-04-06
4060,002878,元隆雅图,114863380.05,22.79,1571660707.5,49.4580069154,1218655038.28,97200417.89,38586180.66,7545194.55,1429541474.58,147587992.22,147390241.93,2021-04-06
4061,002809,红墙股份,128173000.55,87.65,1157745275.58,24.2569097194,770231961.74,116609633.31,83749005.26,-12083562.02,1000254984.85,154703596.07,156276753.13,2021-04-06
4062,002577,雷柏科技,-173866140.0,-2254.96,449680144.28,-5.251517907,408697662.23,50424799.5,47000394.52,-12570877.42,517972972.56,-162678971.27,-168447882.78,2021-04-06
4063,002416,爱施德,343682499.84,470.67,55969322613.03,-1.780277036,54207135110.98,686020008.98,225682518.74,154235368.93,55337556862.56,382652447.9,394733047.63,2021-04-06
4064,002306,*ST云网,-35741473.31,-545.09,93083737.22,14.0023136137,53358098.91,29080029.26,28282543.88,186988.07,111193234.93,-18998471.01,-35625214.63,2021-04-06
4065,001965,招商公路,4346953764.68,10.65,8292216434.56,21.0927941896,4731854785.76,60942654.16,436717137.11,948687457.24,6386490145.64,5366148199.65,5360181532.54,2021-04-06
4066,000933,神火股份,1340273062.19,452.23,17538480134.37,-9.040101154,14930716066.82,505155206.28,1051804077.89,1662132726.21,18676457470.17,955368343.8,1008688946.25,2021-04-06
4067,300174,元力股份,53549231.85,-35.2,1281614548.23,-24.6863100178,964180189.8,78647130.18,98482705.85,8658151.09,1247333163.28,91626910.34,83526960.63,2021-04-03
4068,688260,昀冢科技,55796054.0,27.603946384924,520609444.57,34.1963882856,353200218.75,21353196.39,30204836.35,15939896.98,457658829.28,61059285.88,60431677.9,2021-04-02
4069,605098,行动教育,117949241.19,4.205278022594,438654982.68,0.2234743229,106507709.44,120070060.83,74345526.52,-15247111.43,305596313.73,142819194.46,142934483.82,2021-04-02
4070,603967,中创物流,198461325.85,4.05,4513418181.63,0.0915900907,4176756778.77,77526059.63,47533000.86,-4094300.57,4308476545.29,263361070.73,282978964.14,2021-04-02
4071,603897,长城科技,155838116.54,-13.81,4971330414.0,-0.1634995841,4611350700.34,30135633.22,16012452.62,28530683.46,4794847003.67,183600833.25,182984083.25,2021-04-02
4072,603682,锦和商管,179010201.76,1.17,821960789.98,2.7533336167,514179408.12,17305514.37,65078751.55,8419004.34,611474884.36,234677235.74,232905226.63,2021-04-02
4073,603602,纵横通信,38505659.75,-13.51,864752197.53,48.1431621937,741295241.81,15100807.19,31432920.43,5185271.43,831605963.83,34983628.27,34505131.28,2021-04-02
4074,603458,勘设股份,430363528.08,21.96,2563308389.26,19.1363057036,1549514929.83,47581363.51,198689730.65,24735505.29,1927616340.45,508590374.73,504566976.71,2021-04-02
4075,603214,爱婴室,154247619.18,28.55,2460365116.02,15.2177970202,1692093686.17,488008584.23,87467671.62,-8164956.77,2267632252.38,228476857.68,227045501.51,2021-04-02
4076,601519,大智慧,5964208.48,-94.49,683339179.47,15.1103916856,251548483.65,96558830.06,174278826.23,-24653069.8,619150269.63,91355502.2,15261714.74,2021-04-02
4077,600729,重庆百货,985306683.49,18.55,34535605619.56,1.3253211658,28290780699.24,3644198204.8,1104780438.21,36356781.6,33312754251.97,1194047410.55,1178847250.05,2021-04-02
4078,600558,大西洋,82974925.12,33.58,2787727912.08,8.3009208243,2406401197.42,108638033.47,147984703.34,14457571.25,2731617689.98,53908791.21,102632119.13,2021-04-02
4079,600396,华电辽能,67426979.36,109.253726475646,7401341097.63,3.6963429979,6795594017.31,,184263941.44,711625755.08,7774019871.26,-111128869.92,-116531126.84,2021-04-02
4080,600379,宝光股份,44171447.34,14.83,933906907.77,9.9559945495,739443984.29,35629857.66,64709123.38,3016065.65,885095572.01,47982559.29,47542396.88,2021-04-02
4081,600109,国金证券,1298539701.33,28.51,4349514734.0,15.4906252819,,,2661882213.14,,2697059807.33,1652454926.67,1705700837.22,2021-04-02
4082,600061,国投资本,2967503979.87,76.69,11267404539.83,7.17,636792221.49,,5569594060.94,263173045.26,10142158077.89,4725992904.59,4714548465.71,2021-04-02
4083,300787,海能实业,118743427.77,1.85,1103595447.29,-2.3607394977,798944658.99,66134907.01,53961452.61,-1142409.16,1002866218.65,117706051.44,126455500.51,2021-04-02
4084,300636,同和药业,48309308.09,96.93,413058080.41,54.6315602207,290203858.02,13072645.69,13895799.08,3442372.49,358379049.75,51681180.27,51683307.27,2021-04-02
4085,300634,彩讯股份,132791001.11,-16.25,732082880.63,-4.3434684427,401995018.74,26350026.45,60009848.89,4229940.16,606056887.73,147966552.67,148127378.27,2021-04-02
4086,300538,同益股份,39416598.55,29.55,1787353342.15,37.954362085,1602382454.73,58544095.53,38027730.23,10157414.09,1723799671.08,56857321.5,56949624.42,2021-04-02
4087,300304,云意电气,138627900.74,2.98,714163013.16,8.4097888981,478138656.11,19631847.8,44984360.86,965076.62,627538816.48,160258426.5,160819406.86,2021-04-02
4088,002918,蒙娜丽莎,432749191.18,19.42,3804061497.61,18.5656819595,2339041968.48,586731326.23,231164108.85,247000.9,3320481173.08,509470283.2,508593802.51,2021-04-02
4089,002736,国信证券,4910187206.37,43.43,14092914615.73,40.4945694385,,,5559822787.51,,7628263417.54,6464651198.19,6231885491.76,2021-04-02
4090,002598,山东章鼓,75149711.48,-10.55,1078648173.92,14.3876940199,757940327.8,102817685.53,92984431.99,3878871.44,1009131130.88,81117830.18,80939000.02,2021-04-02
4091,002567,唐人神,202356036.97,47.78,15355046856.5,-0.434025186,13876280894.37,402120108.28,459057842.17,25826364.99,14961921362.69,354717326.36,329046521.6,2021-04-02
4092,002312,川发龙蟒,84593051.95,138.7,1908403644.66,166.2038437651,1570741772.43,87619328.83,107696619.48,-26841991.94,1762071350.54,-94277854.59,105628524.77,2021-04-02
4093,002302,西部建设,660681098.32,117.76,22896385054.98,21.4735646499,20492124720.85,175078103.82,507169135.79,112023118.72,21858184125.7,878478798.55,896049395.0,2021-04-02
4094,002066,瑞泰科技,25638432.72,48.32,3900341151.51,3.0087695712,3165496042.75,196041133.67,191677647.91,96480052.04,3813571049.45,91466622.55,101582138.89,2021-04-02
4095,002029,七匹狼,347303953.8,0.29,3623196871.97,3.0185852945,1924127511.63,769368861.27,279652263.94,-38591855.7,3018203500.17,420542882.22,431191609.42,2021-04-02
4096,002003,伟星股份,290642629.46,-6.33,2732484403.5,0.771367623,1686982845.1,294607340.24,251214782.63,11970931.05,2402835265.9,348811077.8,344111132.57,2021-04-02
4097,001896,豫能控股,97915101.65,115.16,8095232470.51,0.0961931781,7290722590.98,8624777.04,147591298.9,392486635.72,7940183160.39,131201876.37,126555158.48,2021-04-02
4098,001696,宗申动力,421972040.96,12.81,5806786080.54,-3.6424926186,4579262347.49,292392954.54,204941870.13,77158766.37,5341647320.39,537315377.87,533987450.08,2021-04-02
4099,000751,锌业股份,202858041.55,282.23,8016298034.53,-4.084146957,7389735337.38,35389313.25,250105284.86,94143213.77,7831559265.07,202103366.89,204376451.04,2021-04-02
4100,000656,*ST金科,5675826256.49,46.06,67773374520.17,64.3641324193,48230059674.3,4214509866.18,2689453746.2,628717639.34,58510620245.55,8621616008.49,8335058507.59,2021-04-02
4101,000617,中油资本,7792586363.51,6.43,33125741696.92,-2.24,570704960.16,,2948749351.27,170572747.06,20426476702.5,18512639802.11,18590050993.45,2021-04-02
4102,000548,湖南投资,55355583.88,37.56,287803668.26,-3.6383573183,110615260.42,21550650.38,72873088.0,-6475776.18,208788093.16,72310442.72,72489000.59,2021-04-02
4103,000531,穗恒运A,410894041.03,431.23,3228593752.37,3.5156461441,2516598896.59,24942235.22,148236597.96,166662400.95,2938459011.0,525437462.76,520236247.9,2021-04-02
4104,000089,深圳机场,593716688.73,-11.12,3806556336.27,5.7601395299,2903812831.93,1117403.87,115500301.02,-51337257.1,3050088174.37,855285571.37,777088851.35,2021-04-02
4105,000049,德赛电池,502179819.24,25.12,18442687582.11,6.9188802628,16900676221.32,131994691.48,216148821.5,23428540.77,17607328119.13,841033579.47,853990787.05,2021-04-02
4106,000028,国药一致,1267931291.32,5.0,52786807476.28,20.6931469911,46891224305.04,3168007835.69,871076467.62,126340266.54,51194249011.85,1830429623.32,1851456178.02,2021-04-02
4107,688981,中芯国际,1793764000.0,140.039636584246,22017883000.0,-4.3395604275,17430776000.0,182260000.0,1517799000.0,-561266000.0,23430055000.0,1432183000.0,1426997000.0,2021-04-01
4108,603997,继峰股份,297696261.23,80.51,18001256098.31,147.187142624,15196942090.18,392435429.91,1370429220.94,233342356.08,17505394047.92,520365708.14,536767767.39,2021-04-01
4109,603477,巨星农牧,39511756.45,-33.0,555559032.55,-10.2332908563,464883057.06,13490331.07,16759892.1,7970758.06,512395147.32,45228916.92,46123454.17,2021-04-01
4110,601236,红塔证券,837541304.24,116.72,2065728507.8,71.9386606781,,,780772140.36,,939050732.2,1126677775.6,1125397736.57,2021-04-01
4111,601066,中信建投,5501688251.46,78.19,13693187802.2,25.5430310866,,,6459340066.99,,6528176559.58,7165011242.62,7153739969.22,2021-04-01
4112,600962,国投中鲁,3597291.99,-32.43,1330101539.51,38.0932806015,1064266483.35,118924223.63,93227319.23,35028773.3,1330136233.99,12799213.61,20219331.82,2021-04-01
4113,600833,第一医药,53089382.56,12.51,1243169488.29,5.651879091,994359392.33,123676508.75,84277116.58,-9333764.03,1197536852.5,51750045.13,68629026.11,2021-04-01
4114,600579,中化装备,-158420225.4,-183.07,10576101343.48,-6.4400797769,8179576221.61,1598339155.66,691621935.45,202666313.31,10847606995.29,-281309082.99,-262441609.17,2021-04-01
4115,600097,开创国际,171284637.12,22.07,2212094888.87,15.8179295209,1444565008.42,507288193.26,130113312.0,18154999.45,2102543980.48,233073287.38,231909648.05,2021-04-01
4116,300529,健帆生物,570822715.83,42.0,1431819390.39,40.8565672474,197395247.13,425885625.31,111265163.29,-9507519.14,816109780.41,680329767.44,671282051.23,2021-04-01
4117,300436,广生堂,10741879.19,-34.84,414866330.97,3.0979381366,93398027.44,211350849.0,47834050.19,5781839.51,418877553.9,12546855.21,12149480.15,2021-04-01
4118,300226,上海钢联,180588393.68,49.34,122571751665.59,27.6056784701,121670785902.23,241599696.91,157010032.26,50268387.06,122275565293.44,338527023.88,337770574.0,2021-04-01
4119,300128,锦富技术,14741479.99,101.79,1579415067.31,-38.4063264313,1331168925.82,56107767.16,97933569.84,35885883.1,1577042467.22,-18551611.5,-22071581.32,2021-04-01
4120,300105,龙源技术,13983044.7,67.65,513336356.69,10.6714650965,428136685.52,41865857.32,63743342.53,-6602097.99,568285520.64,10869322.34,13790831.78,2021-04-01
4121,002977,天箭科技,96076478.16,-3.494067467849,276766510.31,0.1314841697,130799527.86,956109.12,13017332.36,-470332.02,153310568.56,113790382.3,112434572.52,2021-04-01
4122,002697,红旗连锁,516224087.53,59.97,7822778964.68,8.3484748004,5406264301.44,1835986568.22,157983993.13,8052848.46,7452311744.73,567525183.5,567040862.33,2021-04-01
4123,002479,富春环保,300410198.61,216.88,4115696395.79,36.3695401076,3382793697.97,14932443.51,146544702.88,74260114.85,3720955595.21,446248360.56,445000969.89,2021-04-01
4124,002389,航天彩虹,231882442.04,-4.1,3100495301.11,14.0370530336,2254871730.58,74114706.26,218998925.1,15115675.1,2726172604.56,287320004.52,284204348.64,2021-04-01
4125,002270,华明装备,150990035.72,-7.94,1202519591.94,3.7124490564,603068914.86,197942999.44,101065974.98,67109370.22,1025052128.31,162859046.6,168412995.42,2021-04-01
4126,002242,九阳股份,824105192.42,9.26,9351439510.07,14.4787976737,6310180384.09,1476528474.62,388885835.59,-24508795.89,8528502513.52,942794111.58,939920431.4,2021-04-01
4127,002190,成飞集成,642453107.72,413.92,1674708643.52,-21.9402069192,1444892551.41,46946461.42,119678767.35,26614948.42,1758954664.73,774073868.12,774134717.9,2021-04-01
4128,002032,苏泊尔,1919914191.25,14.97,19853477882.97,11.2160852662,13668228395.96,3206043042.0,345732916.45,-43325692.27,17752977819.33,2296301130.2,2273457833.79,2021-04-01
4129,002004,华邦健康,620205816.59,22.46,10091370486.71,-4.5609423306,5395796126.75,1774933370.02,1028003922.14,514222813.02,9103422074.82,1155966862.24,1149346890.71,2021-04-01
4130,000951,中国重汽,1223385741.48,35.16,39842820013.1,-1.3251299939,35657514440.78,1160235390.83,278898544.81,165073562.49,37648341100.28,2031937617.49,2066473271.4,2021-04-01
4131,000727,冠捷科技,-5356724474.39,-471.28,65339680232.78,-7.6495882165,60218765589.77,3000381859.07,1374811636.78,1156961288.97,67327702383.13,-8350529236.76,-8361185909.44,2021-04-01
4132,000600,建投能源,639556309.98,48.1,13963722824.86,-0.0898949962,11444516130.65,66641804.73,774908700.84,551776295.96,12978721350.24,1129430912.81,1137356593.73,2021-04-01
4133,000429,粤高速A,1469187067.83,-24.95,4999016766.74,-4.9945255845,1924477933.9,,218914654.8,224177216.66,2392975172.99,2834151898.06,2825228445.15,2021-04-01
4134,688662,富信科技,72083337.61,38.712323370604,626165445.02,3.8823081772,450983103.89,30186416.68,32065826.58,-4114868.26,541851972.89,81741429.42,81526036.96,2021-03-31
4135,688599,天合光能,640595151.46,14.820742933183,23321695860.3,-6.9144222454,19253889104.71,1381708838.96,924344988.16,353927342.88,22339284589.72,837289067.49,869812364.89,2021-03-31
4136,688598,金博股份,77672465.99,44.067480689592,239523034.35,33.4051552464,91788824.63,14703621.09,22869532.63,2604627.68,164195723.93,88819738.99,88917770.27,2021-03-31
4137,688363,华熙生物,585608417.9,38.16,1885570721.73,49.2757865146,383568825.13,521368360.79,182067513.54,-12450193.94,1194382486.93,699578848.32,701090081.75,2021-03-31
4138,688356,键凯科技,61543677.14,69.683380325878,134319622.35,32.6365550964,21082796.32,4529399.78,20231431.92,-200693.56,68695672.13,70746860.21,70599533.08,2021-03-31
4139,688321,微芯生物,19421886.44,-37.68,173800400.62,17.6800043031,7289600.22,73548056.31,33729322.1,-9752493.73,158550631.89,21668621.48,20734556.91,2021-03-31
4140,688278,特宝生物,64293940.53,301.76,729666393.33,62.7692562972,79973878.63,419683502.15,61706424.01,8066908.93,626506041.34,116067448.34,91012704.37,2021-03-31
4141,688228,开普云,78284300.38,24.708365272584,298067695.13,30.7117689434,122017369.47,30032283.88,25476879.12,-994945.67,211176563.79,88165973.06,88093460.48,2021-03-31
4142,688221,前沿生物,-192449750.97,22.105678057519,20860022.63,991.5455342854,31262946.87,20054290.81,66581597.01,-4766014.1,199498582.29,-193494611.83,-195107957.19,2021-03-31
4143,688196,卓越新能,215564582.52,61.25,1294528037.65,27.2218422205,1035597709.49,36594535.26,22971482.42,-2948632.58,1168777007.34,219818977.08,219353558.22,2021-03-31
4144,688180,君实生物,-747417849.17,-3.389386975511,775089154.2,26375.4773496987,90684339.75,320056112.84,216922823.69,-13180961.49,1567882351.68,-738885493.67,-766619429.03,2021-03-31
4145,688178,万德斯,124527677.15,59.99,773768428.39,57.0898561992,516807262.07,24701142.98,49308436.2,6895974.19,633820060.12,131199639.32,142867849.68,2021-03-31
4146,688122,西部超导,158241466.97,17.26,1446107390.64,32.8665962856,958950301.3,17643096.45,136477079.06,32692529.09,1300570674.61,165269005.25,167374223.53,2021-03-31
4147,688116,天奈科技,110088221.58,62.89,386429982.87,17.9596937684,201743387.42,14768252.32,28281011.97,2608546.55,273039972.08,123047289.26,126055405.89,2021-03-31
4148,688077,大地熊,57995052.58,39.823894916241,630951036.46,7.7447003099,482513155.75,25818361.03,29638715.38,1425879.47,574853146.95,64724614.91,64072443.12,2021-03-31
4149,688059,华锐精密,71811923.45,32.589105568788,258929016.2,21.2016137075,128274062.65,11917629.09,13199284.56,6829694.88,179270450.66,80394878.41,82274891.76,2021-03-31
4150,688050,爱博医疗,66685112.49,223.796818163814,195197500.62,53.7317997836,27940568.13,50413675.29,30742765.37,-4995387.28,129021106.04,69655638.2,69656771.82,2021-03-31
4151,688019,安集科技,65846041.18,46.45,285410172.1,15.1549937613,141987010.52,19733526.72,29672345.83,-8131880.04,241156694.24,73388703.73,73346595.69,2021-03-31
4152,688012,中微公司,188564219.09,107.51,1946949250.75,18.767956475,1266894868.37,196968842.38,108841554.44,-1239017.4,1807380802.14,197918878.15,198382235.04,2021-03-31
4153,605399,晨光新材,118829786.21,-11.62036704596,690228932.2,2.9327111819,479031144.2,32745768.41,20694493.56,840912.29,564757947.81,133167572.66,136694945.06,2021-03-31
4154,605198,安德利,169268723.74,23.251669487659,838127336.92,-21.4931375269,573842672.89,44780834.09,54272803.11,-6467940.0,679048355.72,171589561.63,169537939.12,2021-03-31
4155,605111,新洁能,98209485.5,-30.554201623902,772536915.73,7.9278225583,612410692.47,11579218.44,15160902.81,-4431875.55,670966598.12,110570941.0,110494409.92,2021-03-31
4156,605077,华康股份,270113640.24,35.477546969795,1510856378.96,7.9381398264,999412061.74,104788972.05,56545791.86,7381624.49,1232793879.31,310530889.6,308050683.81,2021-03-31
4157,603929,亚翔集成,106023603.45,-37.13,1890636372.7,-17.1236522357,1677655051.4,3436313.18,72043486.16,-9116319.72,1768509828.84,124943001.01,125223007.34,2021-03-31
4158,603890,春秋电子,155826362.89,43.46,2019407423.42,13.7946205221,1623422817.44,30996523.97,77318288.85,6263796.72,1840040497.0,179912342.54,174979018.39,2021-03-31
4159,603889,新澳股份,143222659.0,-28.16,2709909596.1,5.5956773345,2322560315.91,46203432.24,92655070.35,3018981.15,2556652871.25,159212537.35,161190860.0,2021-03-31
4160,603887,城地香江,331393843.8,359.12,2924111846.9,132.0053453022,2126409622.46,73579893.9,109367237.92,49203832.25,2481780588.01,372469863.47,375132315.03,2021-03-31
4161,603810,丰山集团,34758894.9,-74.96,865755070.17,-34.2407275393,621991985.68,51678432.22,123046112.13,-2177536.51,842646414.83,43836123.79,41049081.8,2021-03-31
4162,603733,仙鹤股份,439925290.21,50.45,4567036826.79,11.4517982589,3713112939.1,146646208.07,87670252.63,82037830.49,4179838976.39,504495674.22,506548531.21,2021-03-31
4163,603725,天安新材,6499062.08,-86.74,868063597.7,-9.1301317242,723485988.5,45489538.82,55548056.33,14393700.75,877201005.69,-778728.85,3400529.57,2021-03-31
4164,603722,阿科力,39207013.28,17.3,504989521.39,19.5395801634,411993481.86,13109149.89,24761376.83,-2955187.38,466399295.58,44087116.37,44078116.37,2021-03-31
4165,603713,密尔克卫,196058708.03,48.35,2418798183.45,35.590011358,1978141468.89,46699483.01,108689230.01,16368493.84,2182727100.64,238901642.91,250052976.27,2021-03-31
4166,603688,石英股份,163135123.68,14.6,622338045.69,-1.7305263306,351123042.6,20684983.75,58494709.42,-2568178.12,460333690.48,184152462.51,189514533.07,2021-03-31
4167,603626,科森科技,-184928432.3,-248.32,2127271802.48,-11.6698907909,1740329938.79,65608378.11,231163086.63,67728699.86,2304135297.03,-216816091.44,-203224726.71,2021-03-31
4168,603609,禾丰股份,1199347355.96,117.3,17792091973.58,12.9599391553,15792020015.55,487217524.04,275560691.3,76392967.3,16722910797.89,1594502148.33,1582170844.74,2021-03-31
4169,603577,汇金通,59027601.44,85.91,1618323856.17,68.8848551994,1287908544.93,119168997.88,26770695.8,44774286.11,1539927261.57,62802230.92,63898940.32,2021-03-31
4170,603496,恒为科技,67338091.67,-35.97,434114198.37,0.6295766556,197579147.37,26205404.55,43625321.66,-5840566.6,375232816.41,65042118.39,64777272.14,2021-03-31
4171,603444,吉比特,809190139.25,11.93,2170371924.09,31.1644661399,205315508.12,225095658.73,185222730.99,-17020490.93,944770374.0,1230259870.33,1230242351.28,2021-03-31
4172,603360,百傲化学,306801352.58,111.31,871896072.63,65.0783183427,340756090.04,35015911.94,96786349.45,-1770982.55,510022792.99,367543624.94,367423436.45,2021-03-31
4173,603317,天味食品,296971724.13,11.39,1727329107.54,22.2575353223,1083250464.25,240888678.81,63906612.2,-4547297.69,1424597668.63,333719198.48,346426076.51,2021-03-31
4174,603288,海天味业,5353185029.35,22.64,19796889800.07,16.2166116197,10800720678.76,2162819226.68,289903386.14,-292740159.04,13751478014.86,6379439840.25,6377198678.77,2021-03-31
4175,603259,药明康德,1854550934.58,-17.96,12872206437.16,33.8946337539,7858299235.34,438539742.66,1482349962.1,23960889.45,10421694944.56,2340924402.96,2336968523.96,2021-03-31
4176,603228,景旺电子,837086594.52,4.29,6332122845.94,27.0092824737,4593839472.33,195538224.11,326351491.34,-10458506.37,5440210474.07,927030825.86,911998862.04,2021-03-31
4177,603227,雪峰科技,95199524.27,83.87,2134695052.22,4.9359575842,1725239561.65,34653815.95,146635965.65,29115930.28,1961734977.29,183981501.89,176669019.69,2021-03-31
4178,603223,恒通股份,2566029.25,-94.55,7036348192.46,16.4440402955,6886744616.08,17829154.53,120286045.13,11200414.15,7049684434.89,19208048.36,19351526.11,2021-03-31
4179,603179,新泉股份,183225873.97,-35.04,3035644942.74,-10.847536916,2391572156.81,141427475.64,133711726.61,34002580.44,2850429328.97,197440486.86,196180102.98,2021-03-31
4180,603166,福达股份,133306612.36,18.896602541809,1514774256.12,7.8277131033,1147920120.97,70351725.17,63149221.43,29507441.72,1400094728.56,143212791.88,143245408.88,2021-03-31
4181,603165,荣晟环保,249170485.85,19.81,1675501459.91,-19.7925664173,1398060082.49,42322501.76,23409549.88,-5207535.83,1549065590.41,271273845.84,273768907.14,2021-03-31
4182,603090,宏盛股份,31032178.05,-4.88,490762251.62,18.2152505574,369342206.29,23937216.33,33699046.62,-38898.31,451714973.18,36412703.34,36295650.51,2021-03-31
4183,603039,泛微网络,139734523.25,22.05,1286034406.75,28.142032055,48092158.18,909516967.59,87268291.21,-26483052.09,1191078857.36,137142319.17,142695711.55,2021-03-31
4184,603029,天鹅股份,10158281.77,-32.72,461536556.58,38.892892948,269309841.24,54746751.9,61389603.33,568395.68,429422841.6,24874131.85,27759833.22,2021-03-31
4185,601996,丰林集团,170039740.22,22.65,1942722797.84,21.6317184518,1481701085.64,167160691.11,114294916.92,2125514.09,1799011912.97,175169607.25,172338290.51,2021-03-31
4186,601995,中金公司,4238719317.0,21.378234282697,15755274593.0,22.0007445077,,,9938766920.0,,10186114639.0,5569159954.0,5301631682.0,2021-03-31
4187,601988,中国银行,187405000000.0,4.064169341315,549182000000.0,8.9415540748,,,153782000000.0,,299645000000.0,249537000000.0,250645000000.0,2021-03-31
4188,601963,重庆银行,4207488000.0,11.608985722763,11947994000.0,10.2236448841,,,2590084000.0,,6347832000.0,5600162000.0,5572287000.0,2021-03-31
4189,601919,中远海控,6764104771.48,449.92,151056682119.72,25.0163628336,134829661271.29,67606784.48,9765897229.38,5014525845.47,150181411098.94,12062101545.39,11926700765.72,2021-03-31
4190,601916,浙商银行,12924000000.0,12.48,46364000000.0,19.0555413525,,,12168000000.0,,31712000000.0,14652000000.0,14680000000.0,2021-03-31
4191,601866,中远海发,1743126526.72,25.75,14229112510.13,-14.7126814795,10575763914.68,14114427.84,935572405.62,3295051386.34,14898622565.35,1966915979.64,1942875613.62,2021-03-31
4192,601828,美凯龙,4479681652.61,0.05,16469237788.92,15.6564450529,5735611011.5,2290930826.31,1751866715.59,2260079805.4,12505735373.06,6197154489.16,6203078019.55,2021-03-31
4193,601827,三峰环境,553519241.05,7.805475554614,4363985032.38,27.1271835888,3048593904.74,29181128.9,416773441.13,217821311.64,3799214424.18,642590021.05,666886768.35,2021-03-31
4194,601811,新华文轩,1139047561.12,22.19,8842457723.79,8.0115813854,5459861693.69,1119679106.03,1253975538.01,-32980965.18,7847060645.92,1179390273.5,1148837299.23,2021-03-31
4195,601800,中国交建,20012728070.0,2.17,555446085066.0,13.0217694737,484455247762.0,1174635045.0,21823401868.0,6086713166.0,528274182396.0,26477120502.0,26599551128.0,2021-03-31
4196,601766,中国中车,11794929000.0,4.33,229010833000.0,4.5317109355,176149897000.0,8516415000.0,14444854000.0,373201000.0,213439699000.0,15822704000.0,16608325000.0,2021-03-31
4197,601700,风范股份,-279081249.9,-993.75,2940367595.71,47.4730090254,2403929594.17,132813427.81,82677100.34,68457079.29,2715299895.13,-266586480.35,-262662788.35,2021-03-31
4198,601633,长城汽车,4496874893.92,-13.64,96210688818.8,-3.04,79684487295.85,3896669879.09,1955453366.52,-351029083.69,91408986015.92,4776843557.05,5100556381.09,2021-03-31
4199,601598,中国外运,2804142210.57,3.68,77655104976.98,0.4375200173,73425097330.63,851739192.62,2596298000.77,288775817.7,77433865744.99,3372270951.98,3326441572.35,2021-03-31
4200,601390,中国中铁,23677567000.0,37.68,850884283000.0,14.9166106845,765575580000.0,4605686000.0,22133828000.0,5868305000.0,820552469000.0,31882049000.0,31332040000.0,2021-03-31
4201,601375,中原证券,58222745.44,-11.5,2372526991.25,43.8190139336,,,1303740016.63,,2258791739.77,113735251.48,116117612.82,2021-03-31
4202,601330,绿色动力,416088473.6,13.79,1752449088.97,53.7135730409,806468273.61,,142237649.84,328355274.31,1323998196.44,472514174.25,473922091.12,2021-03-31
4203,601288,农业银行,212098000000.0,4.593580329712,627268000000.0,4.7912754683,,,191224000000.0,,360963000000.0,266305000000.0,266576000000.0,2021-03-31
4204,601186,中国铁建,20197378000.0,12.61,830452157000.0,13.7413977941,750365068000.0,5432855000.0,18151260000.0,3632348000.0,798742882000.0,27628779000.0,28026650000.0,2021-03-31
4205,601166,兴业银行,65868000000.0,8.66,181308000000.0,14.5438349327,,,46557000000.0,,107042000000.0,74266000000.0,74503000000.0,2021-03-31
4206,601128,常熟银行,1785255000.0,20.14,6445045000.0,10.6708253651,,,2464733000.0,,4167841000.0,2277204000.0,2273346000.0,2021-03-31
4207,601111,中国国航,6408576000.0,-12.65,136180690000.0,-0.4340819532,113245845000.0,6637239000.0,4445259000.0,6168967000.0,131262308000.0,9178331000.0,9104639000.0,2021-03-31
4208,601107,四川成渝,1082670158.75,27.49,6407613516.51,7.3478753315,3912645499.76,93527869.89,271155079.84,658978803.82,4958785719.94,1484510676.52,1460110365.41,2021-03-31
4209,601077,渝农商行,9759893000.0,7.75,26629808000.0,1.9658686417,,,7599668000.0,,14409405000.0,12220403000.0,12232928000.0,2021-03-31
4210,601018,宁波港,3338882000.0,18.58,25324885000.0,10.7941057885,19325429000.0,3701000.0,2023161000.0,635303000.0,22222913000.0,4647586000.0,4738875000.0,2021-03-31
4211,601000,唐山港,1777658752.08,10.42,11209104808.76,10.5638065256,8783403509.8,27448467.03,461220879.32,67309159.93,9539220513.24,2166414444.37,2196250194.52,2021-03-31
4212,600986,浙文互联,-2509177593.42,-1054.52,18882511609.49,32.8865413753,17843105150.57,248973499.35,372011240.38,73926029.91,18756080161.8,-2428485660.12,-2449704701.9,2021-03-31
4213,600966,博汇纸业,133772535.64,-47.73,9739798778.15,16.7919641779,8319528335.72,400741952.25,274475635.62,511744600.11,9541926322.9,191229373.11,141601657.46,2021-03-31
4214,600958,东方证券,2435079764.1,97.81,19052097313.75,84.9091488762,,,5941425532.65,,16300663502.05,2751433811.7,2854530708.8,2021-03-31
4215,600909,华安证券,1108359114.76,100.16,3231605381.54,83.4757699406,,,1247012482.92,,1738477946.52,1493127435.02,1482840444.26,2021-03-31
4216,600893,航发动力,1077406923.3,1.27,25210496276.8,9.1267821392,21003677514.19,326707852.79,1880819610.28,420731476.84,24132002247.37,1347639473.98,1346090152.62,2021-03-31
4217,600876,凯盛新能,53999883.71,245.15,1854842208.09,32.2291644574,1404274867.15,65890259.11,112889849.73,97929142.26,1773495347.75,70388559.63,86805383.78,2021-03-31
4218,600875,东方电气,1277671818.13,13.19,32840321080.22,6.95,24938437889.53,1308499758.09,2380523760.63,-139659690.99,30697953151.01,1622263875.35,1578583920.06,2021-03-31
4219,600838,上海九百,98986312.42,0.4,74232786.59,4.7999730157,31041373.95,16510149.78,38899530.76,-5474601.96,82273822.63,99507200.49,98986312.42,2021-03-31
4220,600825,新华传媒,20577138.52,-35.0,1346633734.43,-3.2062473545,884885334.15,407813140.02,86589053.3,-33376306.04,1352354046.62,30316497.76,32390375.92,2021-03-31
4221,600819,耀皮玻璃,208497447.62,129.92,4511016242.55,16.9441776225,3537208166.5,241420223.54,255328408.67,42100221.37,4291016225.04,237192674.94,233712796.5,2021-03-31
4222,600774,汉商集团,29870980.56,52.66,1157303262.34,6.9912286139,787731721.59,82516232.74,208482459.49,27500968.75,1132465706.01,26610563.87,47425881.16,2021-03-31
4223,600754,锦江酒店,1092499077.9,0.93,15099024459.57,2.7324824696,1526825107.84,7689122010.11,4076925995.68,339131649.89,13823702070.38,1763378199.72,1759088128.14,2021-03-31
4224,600744,华银电力,25477630.72,-56.65,8993163089.16,-6.218652474,8093085747.15,13179691.59,140983845.71,559477682.63,8928482283.39,59754468.35,75002412.0,2021-03-31
4225,600738,丽尚国潮,246235016.29,-84.46,1882506936.99,36.1655705102,1330221025.71,55749890.65,108411053.37,39070225.6,1595168741.44,363282571.93,357765065.47,2021-03-31
4226,600727,鲁北化工,224999660.24,74.98,2767433488.05,96.1504840078,2147710213.17,67541096.75,85627589.06,3045311.8,2348858923.75,406656809.09,406048493.36,2021-03-31
4227,600721,百花医药,34384702.06,105.09,262017718.33,-37.4941991639,134973082.06,4703503.45,64315505.26,574980.39,208959665.31,28522573.9,42067934.81,2021-03-31
4228,600699,均胜电子,940056718.51,-28.67,61698903007.94,9.8217901727,51826679011.38,1498198059.8,3626452429.25,1016298012.92,60729446491.93,1538943264.37,1511043282.78,2021-03-31
4229,600690,海尔智家,8206247105.96,9.66,200761983256.57,9.045482924,140868398722.26,33682126291.31,10113263329.25,893017558.86,192625787459.73,14449443890.04,14630608797.96,2021-03-31
4230,600685,中船防务,548320338.54,129.337409541966,21829002963.77,13.6122697495,20959294954.13,136934171.32,900958609.8,144161671.01,22765213622.02,-1298903861.14,991084733.72,2021-03-31
4231,600663,陆家嘴,3677355264.27,9.76,14772938775.58,16.8858938655,5999260175.07,148534004.16,346090476.57,982830155.93,9321725901.1,6270671311.57,6341012075.39,2021-03-31
4232,600651,飞乐音响,-1679978485.04,49.889012240221,5726201059.2,-11.3445050091,4383036298.16,749728209.05,616269107.5,245142577.48,6302688520.11,-1711836674.72,-1774104411.83,2021-03-31
4233,600648,外高桥,875221196.08,6.99,9005157046.62,15.501187542,6353838384.93,271146640.25,423318145.93,278779224.35,7774778408.15,1327624028.95,1251081891.71,2021-03-31
4234,600643,爱建集团,1318851954.09,13.88,3802455412.49,43.27,1095246342.84,42148345.5,951931294.05,259073442.72,2676307873.9,1988085293.16,1850168814.82,2021-03-31
4235,600635,大众公用,526473188.34,10.03,5598318673.91,10.4693024947,4686535868.14,207510168.2,425476586.52,302572036.33,5655183869.98,687960319.38,689462929.39,2021-03-31
4236,600633,浙数文化,500182801.09,6.28,2841997914.83,47.2288809908,885196477.05,618625724.07,388746665.78,-15373678.31,2336284253.44,763625324.37,752498538.66,2021-03-31
4237,600621,华鑫股份,64237614.08,194.04,1280982207.49,8.24,85722658.33,7060198.72,1046481828.05,-9467528.9,1569027827.46,45059320.28,30541606.82,2021-03-31
4238,600611,大众交通,981224852.43,11.31,3802490001.8,6.9017753286,2347476997.97,114110779.15,389562924.96,112601327.27,3246246637.23,1441960640.45,1439178710.53,2021-03-31
4239,600609,金杯汽车,60656931.75,-24.89,5600087503.46,-8.8778188021,4881356992.01,35371819.96,214908932.85,109022706.08,5328079259.5,336265587.69,343052853.37,2021-03-31
4240,600604,市北高新,210993840.29,-11.21,1090382410.24,114.7029755941,533236789.57,3339542.94,69932476.49,222176032.55,896436795.82,377402688.81,378425460.39,2021-03-31
4241,600575,淮河能源,880204435.99,111.55,11491515947.84,3.6397212268,10487407093.33,28514103.05,417688339.8,207500427.8,11238817937.46,753588375.78,971430433.08,2021-03-31
4242,600552,凯盛科技,96510265.68,124.04,4518311135.46,48.2281480317,3861840656.3,91333314.0,117840131.58,105721670.75,4395880453.55,148117812.69,150442933.58,2021-03-31
4243,600549,厦门钨业,260682782.78,-47.76,17395515759.7,-11.0512769155,14582295115.81,356913846.7,660261590.02,459340919.57,17146642485.83,567594559.3,553601459.08,2021-03-31
4244,600547,山东黄金,1289467543.54,25.91,62630699276.39,11.3306483843,56585661364.16,188119508.88,2046232511.28,847029400.13,60553356439.52,2142454158.96,2117441237.7,2021-03-31
4245,600519,贵州茅台,41206471014.43,17.05,88854337488.76,15.0972103118,7430013945.12,3278990982.26,6167982844.22,7458015.66,29812253033.37,59041489276.14,58782551797.72,2021-03-31
4246,600513,联环药业,79730500.46,8.39,1290332662.74,26.5976872876,513694948.93,514163089.15,95149263.39,6104025.81,1185050137.51,101768604.86,101462838.43,2021-03-31
4247,600495,晋西车轴,60078865.41,68.17,1437773719.46,4.6007054041,1186538866.71,33178864.91,89612774.19,-4867630.48,1410223464.87,70084479.11,73634725.06,2021-03-31
4248,600493,凤竹纺织,25953606.96,-15.19,1023581621.88,1.867763708,858523653.5,28737633.51,36073584.91,16256015.77,966968773.28,39682079.56,37010612.41,2021-03-31
4249,600458,时代新材,90105137.91,112.619998421972,11872399888.91,-6.2556792772,9917668559.02,503944394.47,554271824.9,135818971.59,11836393490.46,206935444.37,223331794.44,2021-03-31
4250,600428,中远海特,100928932.07,17.27,8266236025.56,9.0630494,7062365719.79,58589305.38,584318767.47,363400365.24,8110488095.96,307226101.98,200480487.06,2021-03-31
4251,600399,抚顺特钢,302025455.43,-88.42,5741067979.61,-1.8240192985,4790029512.2,84158480.92,163385665.87,64581350.81,5470224488.55,297421431.63,304352078.91,2021-03-31
4252,600375,汉马科技,43265842.12,-27.27,6382822629.01,-12.4722125869,5468920500.38,282050762.04,214770484.09,83627460.15,6286378137.68,18122070.06,43231807.17,2021-03-31
4253,600373,中文传媒,1725480355.84,6.57,11258180126.78,-2.2105536986,7321118883.13,595595416.17,1241873583.73,-42479591.5,9552889902.32,1909150132.33,1787262739.64,2021-03-31
4254,600372,中航机载,556020333.42,16.0,8352187741.64,9.2727691223,5774102225.27,141807523.59,914123487.04,300946244.98,7749501387.69,607223799.45,631113031.16,2021-03-31
4255,600368,五洲交通,877699397.37,106.94,2147435333.55,18.0329089524,1177580565.91,99929177.87,93488328.2,259407044.86,1749621836.48,974569078.86,970132674.01,2021-03-31
4256,600350,山东高速,3126071417.08,3.39,10414550126.2,9.0201736648,5764173616.16,16982565.44,578995480.68,1142084330.28,7625184524.9,4488306696.24,4410126256.28,2021-03-31
4257,600329,达仁堂,625568681.66,11.37,6993881697.6,9.9905191276,4046928479.31,1829059537.67,364857157.78,-6175491.78,6433490190.97,759022967.79,743145076.71,2021-03-31
4258,600323,瀚蓝环境,912604712.32,4.49,6160031114.08,27.0400372263,4434793271.29,74470967.88,373704407.99,224052705.09,5216223896.68,1066014632.44,1115832434.65,2021-03-31
4259,600320,振华重工,514930143.0,16.24,24595587883.0,12.7597126423,20590531322.0,122517036.0,1095131287.0,1496586414.0,24299890918.0,604612985.0,590872197.0,2021-03-31
4260,600316,洪都航空,82868170.7,-42.06,4419722062.62,46.3407614759,4158278390.65,21133364.84,120501552.9,58582349.45,4411312732.74,100351418.36,103444982.45,2021-03-31
4261,600299,安迪苏,992382202.0,7.2,11135489839.0,-2.4740967115,7357134517.0,1282742038.0,618844949.0,-63535915.0,9576242500.0,1588585800.0,1731864818.0,2021-03-31
4262,600271,航天信息,1427951020.07,-11.93,33979133792.89,21.3456588569,28581210193.65,857107768.52,1133876281.28,81001514.69,31546797181.0,2932886695.89,2994365075.98,2021-03-31
4263,600259,中稀有色,44105225.41,116.572188029064,4509180935.08,87.0471291778,4251471292.31,21820842.12,125456419.94,65038517.62,4524526326.21,88940199.48,70584093.47,2021-03-31
4264,600252,中恒集团,744951596.18,21.46,3814056085.86,15.6207173885,630545419.65,2266338978.59,181078645.72,-98549457.16,3110226629.0,907339426.11,903634630.62,2021-03-31
4265,600249,两面针,-53805394.54,-347.726064472245,1186674091.12,-4.6640118663,975924274.01,169990357.37,109484019.47,21262130.54,1302917262.47,-40388665.24,-37421732.62,2021-03-31
4266,600232,金鹰股份,25690002.71,1.17,1240315014.38,3.4381902052,1047236647.24,33317856.21,54754423.5,11833420.99,1170163730.97,55802646.32,54560246.72,2021-03-31
4267,600195,中牧股份,249374290.02,-38.52,4135737308.3,-7.0905303656,3005293609.78,448613915.67,298209296.63,6244737.02,3955268454.59,315506110.0,332574536.69,2021-03-31
4268,600186,莲花控股,69230596.66,120.819330742954,1702510415.08,-1.5216502349,1529586082.41,172982136.51,191559078.94,34312394.39,1940233929.32,37487322.94,50866771.02,2021-03-31
4269,600184,光电股份,61948148.72,6.89,2331710146.0,-3.7404058214,2039720381.27,11836574.34,109100767.73,-5638209.55,2274442994.33,60670498.85,63743329.07,2021-03-31
4270,600156,华升股份,-56688934.28,-305.32,1038244480.48,2.1030256133,990178742.11,26496381.27,51023245.27,2047497.36,1087785687.35,-54502040.52,-65055260.2,2021-03-31
4271,600149,廊坊发展,2524445.51,22.74,187255191.96,156.0566330076,128616170.49,900335.28,27177247.27,-1416297.21,158619463.26,31523055.42,32060929.68,2021-03-31
4272,600115,中国东航,3195000000.0,17.94,120860000000.0,5.1596624032,107200000000.0,6348000000.0,3784000000.0,6332000000.0,124131000000.0,3464000000.0,4302000000.0,2021-03-31
4273,600081,东风科技,147809872.19,0.61,6530512833.58,-2.1364295993,5456534598.56,147832653.4,391770260.28,9392502.03,6237079173.81,333502413.17,334258917.11,2021-03-31
4274,600073,光明肉业,366040066.79,20.38,23403542393.63,5.419099342,20093450016.19,1657845170.45,743500822.68,116669425.64,22703734871.73,737938212.27,715263912.17,2021-03-31
4275,600038,中直股份,588215638.66,15.26,15795174248.91,20.8921034857,13596372036.04,118425723.25,968334198.9,-31898040.83,15145876957.09,674023605.65,679543637.71,2021-03-31
4276,600031,三一重工,11325923000.0,83.23,76232845000.0,35.549482866,50931975000.0,5487589000.0,2066948000.0,-46571000.0,62736112000.0,13942950000.0,13621846000.0,2021-03-31
4277,600029,南方航空,2651000000.0,-11.13,154322000000.0,7.4493639598,135668000000.0,7923000000.0,4040000000.0,7460000000.0,155791000000.0,3202000000.0,4070000000.0,2021-03-31
4278,600027,华电国际,3406920000.0,97.44,93654431000.0,4.8601411603,80482483000.0,,1719152000.0,5189379000.0,88510062000.0,5493272000.0,5536575000.0,2021-03-31
4279,600026,中远海能,431608020.77,310.54,13880075062.56,12.9747082351,11247011357.26,49296479.12,838091104.79,1341901045.3,13553750846.79,1076065667.21,1019738866.37,2021-03-31
4280,600022,山东钢铁,579062116.14,-72.51,71091690306.15,27.1572955275,66401534300.9,489605482.85,1043466688.33,932787261.67,70183114359.02,1089225678.87,1003796856.07,2021-03-31
4281,600016,民生银行,53819000000.0,6.94,180441000000.0,15.0999240921,,,48244000000.0,,115509000000.0,64932000000.0,64738000000.0,2021-03-31
4282,300946,恒而达,72011490.94,11.410660231075,376907543.58,4.0031725065,266422734.12,8668412.96,13460692.07,1244538.56,304718267.29,83255460.47,83209471.84,2021-03-31
4283,300878,维康药业,126012754.58,43.560641180424,641800892.91,11.105073614,167766169.61,291797467.12,24479431.82,-18100.36,510391420.79,147103388.48,147639340.03,2021-03-31
4284,300866,安克创新,721080402.18,68.85,6654738184.93,27.19,3333416645.65,2082588921.7,171963520.87,-9889813.47,5973829759.3,805542728.37,799524271.76,2021-03-31
4285,300852,四会富仕,87799480.07,38.705168707202,479159812.52,29.4051086579,321377194.36,16365184.75,20811357.16,-1003839.43,384069557.34,101043028.53,100824596.3,2021-03-31
4286,300850,新强联,99830475.56,75.215625366982,643096990.35,40.6819656096,443375659.74,20507509.8,10927567.53,21793242.18,530663556.07,114169465.45,114791525.12,2021-03-31
4287,300832,新产业,772608984.84,11.327448755028,1681588076.26,21.5361900976,337003224.98,328238073.2,49662873.96,-7249923.8,835238475.39,898924261.47,898465418.86,2021-03-31
4288,300782,卓胜微,497169961.25,206.27,1512394554.11,169.9788458808,718905369.51,42736859.19,32865154.96,-12307886.65,929125759.51,562645024.35,562655593.43,2021-03-31
4289,300722,新余国科,39888737.06,-46.12,224684826.5,5.2098622267,116740432.18,11891747.84,27811310.78,175914.71,184334309.87,44911678.08,45093544.87,2021-03-31
4290,300715,凯伦股份,135444751.96,108.05,1164996147.79,88.1126253745,709658949.02,132604475.11,54783270.68,21035839.24,973765415.5,158573748.72,157516958.38,2021-03-31
4291,300711,广哈通信,17033413.23,9.05,267116574.91,33.083236336,143530429.71,42768303.4,18804932.65,-7764846.75,242693750.63,15939569.11,16438645.92,2021-03-31
4292,300682,朗新科技,1020167786.95,444.4,2968330140.42,11.1035025624,1646429473.53,203551629.43,325282208.25,-47024125.19,2453471250.81,1134458929.9,1134761987.96,2021-03-31
4293,300675,建科院,36620943.28,5.75,467972060.82,17.8747374369,305442226.16,59577973.3,46564216.17,3430553.35,454461320.57,37963427.35,43367423.61,2021-03-31
4294,300674,宇信科技,274181197.42,40.16,2651726752.49,23.8800063881,1723640101.23,125623106.53,232122447.38,25553359.57,2395777215.25,287255776.84,289072142.64,2021-03-31
4295,300659,中孚信息,124904746.5,194.34,602819863.9,69.3188451737,181621597.07,103238159.79,90544726.42,-2584320.32,486341200.86,139208324.62,136282188.62,2021-03-31
4296,300658,延江股份,82310742.42,69.323956011333,1038112515.42,35.4756922465,727664391.59,100077498.78,78902708.51,12909688.83,961604445.02,82305180.16,97882113.96,2021-03-31
4297,300620,光库科技,57484201.87,-28.07,390780046.21,35.0879120759,225208047.9,14240656.14,63649172.89,-8954150.86,336002433.12,66606445.53,66025548.54,2021-03-31
4298,300592,华凯易佰,7980891.45,-49.14,411779890.88,-8.1859006565,284212843.49,39274574.46,44573207.09,7600995.27,395679300.56,10121533.0,9814680.08,2021-03-31
4299,300582,英飞特,106153014.17,51.04,1008783024.54,4.5039448747,630476891.26,99210214.12,60851334.8,8019217.17,887183647.18,124878873.49,124665696.88,2021-03-31
4300,300579,数字认证,98526028.23,13.96,793892436.34,18.8959790024,315396417.89,112497013.94,111587541.75,-1786414.48,684561175.24,110287948.04,110227092.01,2021-03-31
4301,300570,太辰光,168055430.45,10.03,753231136.58,-5.1440215785,501508483.23,16311323.24,50038459.91,-27854840.37,586541032.9,192518530.22,192923513.18,2021-03-31
4302,300559,佳发教育,205032981.1,65.46,582972429.4,49.2960418259,268786208.39,51395412.04,41454829.18,-677716.6,402926652.96,231746150.38,231693078.47,2021-03-31
4303,300531,优博讯,51356383.35,-56.2,951309604.48,-0.0661618968,633137963.88,86224912.36,36143111.16,1288480.27,835784749.56,70715528.37,65409066.53,2021-03-31
4304,300499,高澜股份,53692818.95,-6.6,816824961.24,25.0280246548,538083659.16,73526163.65,99952196.2,7211384.51,773451549.93,57907605.15,57708670.22,2021-03-31
4305,300488,恒锋工具,128961329.33,86.22,351693734.57,-2.9897366019,174495218.05,15992922.91,32498424.7,2235471.38,246898488.47,147635964.92,145510939.46,2021-03-31
4306,300482,万孚生物,387461316.97,25.9,2072320901.12,25.5906825607,721011870.55,497513530.69,157694103.26,-4667884.35,1541282742.06,508781056.81,503113572.51,2021-03-31
4307,300480,光力科技,56120714.04,32.57,296641365.05,16.951929309,127601602.13,26536138.4,43920295.55,921696.91,242291638.96,62573472.44,66073845.21,2021-03-31
4308,300475,香农芯创,64605256.7,93.34,301072391.93,-1.7910131091,192134027.71,16076618.94,41802660.71,-7964345.83,260994710.74,69011488.89,68786919.06,2021-03-31
4309,300458,全志科技,134630402.49,13.97,1463360308.85,7.2302563149,986184632.75,35942481.75,77814133.71,-44987485.8,1356078057.72,132053824.88,131773149.49,2021-03-31
4310,300378,鼎捷数智,103363164.79,30.45,1466718146.65,9.332432893,242500723.76,747310312.29,179814451.07,7034244.38,1354301709.87,142631511.62,142726245.74,2021-03-31
4311,300327,中颖电子,189329796.84,12.5,834147157.27,10.0878377448,481187260.8,23398461.8,38261700.66,-4912561.23,676129902.25,192303923.8,192400260.14,2021-03-31
4312,300324,旋极信息,258641760.54,486.22,3329393828.36,-13.7453336271,2196439754.68,262161773.47,382610254.48,-5466077.08,3039919712.53,316393304.72,321586907.76,2021-03-31
4313,300320,海达股份,224407244.96,34.39,2241199353.12,5.2172198401,1635325434.59,149283256.14,75598571.13,13645554.0,1975636148.7,266279049.4,266335620.85,2021-03-31
4314,300302,同有科技,11222151.98,-44.5,345453170.77,-8.4846420915,198089527.82,34128687.78,43441532.13,11776421.7,333887151.3,7651822.16,7929821.02,2021-03-31
4315,300296,利亚德,703954054.77,-44.33,9047469208.3,17.4901170288,5961784652.76,700175466.91,466746874.12,123574799.38,7659259120.77,954903900.53,877358124.92,2021-03-31
4316,300281,金明精机,24590023.02,23.79,283473180.5,-24.0932208257,229734402.55,21254680.92,26526692.59,6400380.39,310234598.52,29893296.37,34686706.11,2021-03-31
4317,300259,新天科技,273319679.97,83.31,1180831810.22,38.0677482683,600611478.49,204272644.06,59512351.7,-2880858.29,951680052.87,320604956.31,325722097.72,2021-03-31
4318,300194,福安药业,292829529.8,181.35,2780740647.12,4.1750544357,1008394750.91,1211705994.75,170394566.66,-16570948.19,2518749893.96,326593239.39,326774243.83,2021-03-31
4319,300070,碧水源,1380690577.05,10.94,12255320528.38,6.4032237241,8472697790.68,291097682.6,573808789.89,785468909.98,10399173771.86,1706067728.15,1724078324.84,2021-03-31
4320,300047,天源迪科,116717268.15,-45.85,4470792753.32,18.6885783338,3743591172.2,130448862.5,156696723.16,67149778.05,4326323332.67,172348049.01,171716442.14,2021-03-31
4321,300026,红日药业,402529542.97,90.96,5002938538.26,18.4417686459,1609912189.31,2106388778.42,415542923.07,814985.92,4376360007.4,483249820.12,484437514.63,2021-03-31
4322,300017,网宿科技,34483627.0,-95.71,6007497816.26,-5.2065456198,4496767560.0,402559456.25,328487245.32,-32299785.87,5871618328.18,164037358.49,21665247.19,2021-03-31
4323,300006,莱美药业,-155198173.55,-258.36,1859010759.5,18.9868143463,524937803.39,952360630.99,152690721.97,69970393.52,1894058222.92,-168933648.49,-169719746.16,2021-03-31
4324,003010,若羽臣,86323620.56,11.672870689556,958866975.21,2.9950176026,630433821.39,164214575.03,52305350.72,-454227.32,871128453.55,99950691.91,99830843.19,2021-03-31
4325,003000,劲仔食品,118410809.56,2.847611492026,894828514.0,11.1711218668,620240686.52,111138982.4,46576377.46,-7662530.46,782927315.42,151306749.85,151607706.84,2021-03-31
4326,002983,芯瑞达,93512663.01,27.232226503798,522646013.05,3.0815190622,374448469.84,11454082.92,22945269.48,-498016.09,429671177.89,104209182.34,108149996.86,2021-03-31
4327,002978,安宁股份,519188282.45,5.910689469806,1374877603.77,11.9264617383,547516423.79,106574682.32,84636844.19,7151720.27,829633566.22,597911426.25,595877322.45,2021-03-31
4328,002973,侨银股份,131342269.51,27.94,2195309980.94,39.304872857,1790352988.78,36264449.42,132554648.39,44346443.12,2010969833.59,173182027.77,183070668.59,2021-03-31
4329,002967,广电计量,169420136.21,38.95,1588156735.06,29.341115878,851496928.79,224534605.62,89979018.47,65438562.75,1417550446.88,173820476.6,176436815.76,2021-03-31
4330,002961,瑞达期货,120810930.92,5.3,951251523.0,101.93,,,154886937.0,,791908186.04,159343336.96,158870710.37,2021-03-31
4331,002948,青岛银行,2284815000.0,12.92,9616315000.0,30.4446053848,,,3065576000.0,,6794351000.0,2821964000.0,2828555000.0,2021-03-31
4332,002947,恒铭达,165821807.95,31.6,584920985.36,16.8322561761,292868623.88,39434532.45,37484952.4,-4822805.45,400110183.24,189109480.96,192899416.59,2021-03-31
4333,002945,华林证券,441666561.99,28.14,1010603099.5,0.98,,,539567718.36,,537040470.29,473562629.21,476277525.77,2021-03-31
4334,002938,鹏鼎控股,2924614398.3,5.54,26614629372.49,2.9389114253,20271929898.71,377227141.37,1067939531.31,-179955565.41,23012338269.88,3428581131.26,3429743548.66,2021-03-31
4335,002936,郑州银行,3285122000.0,7.4,13486901000.0,20.8848455612,,,3569255000.0,,9481532000.0,4005369000.0,4006026000.0,2021-03-31
4336,002922,伊戈尔,57376997.1,37.97,1296559124.7,19.1395049115,985500548.49,80067437.12,89599787.35,5468577.01,1232021228.66,62140009.18,60352474.54,2021-03-31
4337,002891,中宠股份,79007772.38,39.97,1716238572.56,21.5244087015,1307758173.54,170210476.91,61298696.98,14072749.5,1581510564.92,109896649.63,118233770.22,2021-03-31
4338,002847,盐津铺子,128036503.17,81.58,1399275040.98,26.3392226135,799428180.46,343811832.12,91054276.43,13384845.93,1287233586.18,137789941.63,139043921.0,2021-03-31
4339,002807,江阴银行,1012687000.0,18.12,3404346000.0,6.8564148294,,,1077782000.0,,1115818000.0,1141141000.0,1112598000.0,2021-03-31
4340,002798,帝欧水华,566026957.88,48.7,5570243243.07,29.2896442349,3568284067.1,894334092.96,186193958.48,51243099.63,4983695663.84,634090395.53,630850173.58,2021-03-31
4341,002771,真视通,34334071.62,-18.42,745179638.16,-14.7576606168,567070164.18,32094843.78,56451107.06,926566.79,710181838.57,32396264.93,32424750.0,2021-03-31
4342,002688,金河生物,184938644.89,13.02,1782364081.84,9.4219974469,1129238115.92,129560524.3,203893663.04,43717586.33,1589222662.14,176022909.64,220200637.99,2021-03-31
4343,002616,长青集团,295218365.69,76.98,2498156448.97,24.4618520322,1713933475.76,80937860.79,229510802.53,64848141.03,2142380578.94,407952832.03,404484633.21,2021-03-31
4344,002614,奥佳华,288977759.5,-34.19,5276271252.16,-3.1349091133,3312686269.85,1040784560.97,371985091.0,-33337855.66,4946634766.19,356733348.43,355614387.35,2021-03-31
4345,002600,领益智造,1894898038.16,378.6,23915823147.04,6.2941325079,18472707119.83,363042397.68,959209342.81,280294214.35,21392205044.71,2220933493.78,2202225566.34,2021-03-31
4346,002595,豪迈科技,862763843.42,16.73,4387056102.32,17.7921123213,2945279340.89,85709533.77,135405267.42,15904921.05,3413990545.96,1012400220.07,1008315739.66,2021-03-31
4347,002589,瑞康医药,-927802405.01,-220.31,35258509453.8,3.9505692883,28439370996.32,2649176125.77,1453056356.21,826721846.53,33517242043.95,129721986.78,102375737.69,2021-03-31
4348,002541,鸿路钢构,559116424.7,34.39,10754918386.38,36.5791703001,9226917847.35,194193960.4,233383825.49,66854364.62,10102806924.61,671096197.55,678078511.34,2021-03-31
4349,002533,金杯电工,197598574.18,49.04,5844317396.22,23.3254337031,4941626945.9,292971268.03,146029550.32,29865455.77,5620128334.42,245061451.59,245563749.59,2021-03-31
4350,002518,科士达,320695097.88,39.38,2610172522.47,-3.8475736807,1673937891.09,318084618.38,69644339.23,-17004984.67,2234902193.68,358095613.39,356708790.11,2021-03-31
4351,002480,新筑股份,-183245315.61,-1491.31,1996770591.86,1.865106242,1650251001.99,133001873.41,217599025.8,163057997.35,2231025803.74,-199189275.63,-191683786.67,2021-03-31
4352,002472,双环传动,78317060.29,-59.88,3235824342.0,2.701693471,2654752593.82,113371403.11,119556308.58,128165846.38,3136863149.09,100840170.75,96096697.47,2021-03-31
4353,002462,嘉事堂,375957176.99,14.75,22186572874.61,23.5340443316,19916220304.97,895047863.87,238405299.66,190075356.61,21278794269.69,891103632.45,887549616.61,2021-03-31
4354,002430,杭氧股份,635303002.62,-14.25,8187012394.63,3.6171001042,6397267287.72,125577356.58,442472420.92,77088029.75,7367825811.37,850472191.67,854412097.41,2021-03-31
4355,002426,胜利精密,-3069709134.56,-282.49,13649644463.42,-21.0063900251,12551904401.1,519904845.61,489978731.58,326368888.63,14432206784.22,-3267318556.03,-3136947780.68,2021-03-31
4356,002404,嘉欣丝绸,157963225.42,10.08,3438465946.17,8.0869465632,2891956359.69,175467233.52,129182260.5,-238030.46,3256284368.86,204705231.72,207247311.72,2021-03-31
4357,002373,千方科技,1013374155.73,32.88,8722189767.58,20.2845756118,6019049888.59,915704261.42,313543414.59,23277240.56,8031498622.04,1173930533.27,1154451201.74,2021-03-31
4358,002367,康力电梯,251606231.13,1518.28,3663130278.47,18.4775158139,2568944744.94,464002189.87,143453292.46,3965567.57,3364541328.56,300437948.98,299082136.6,2021-03-31
4359,002365,永安药业,89932157.43,-49.64,1370443052.37,36.307178848,1051723561.42,81507870.3,63891117.75,-4630580.7,1256746767.89,117622544.07,116351921.12,2021-03-31
4360,002289,*ST宇顺,13033017.73,108.45,204480296.28,-36.9506681741,196942765.79,11813762.14,38739550.24,11458446.84,273125685.53,12774033.46,13349376.44,2021-03-31
4361,002285,世联行,81942292.2,-80.29,6649851992.27,-11.7312034604,5805672830.97,,385798236.83,123164217.26,6450505229.45,241966478.75,271172079.16,2021-03-31
4362,002272,川润股份,64709876.7,43.84,877067102.96,33.0090427765,687445081.92,58689269.07,76491043.08,-2101568.38,862777143.98,65566954.44,79960557.32,2021-03-31
4363,002265,建设工业,7047904.05,110.30586755013,746793328.15,-2.6078932729,631144029.76,19248077.82,86304570.0,5946419.94,776053317.86,-11327538.86,9602507.85,2021-03-31
4364,002259,升达林业,-1247458015.92,-600.12,1106281900.16,15.2080841789,996301145.51,8293081.39,60812173.51,67392520.29,1136838424.6,-1213185435.8,-1263026311.12,2021-03-31
4365,002238,天威视讯,188372043.78,-4.49,1698613796.85,8.8572028915,1103830294.49,133259815.53,249669511.37,-15977238.62,1552846271.97,168974272.64,185872667.18,2021-03-31
4366,002206,海利得,327092961.74,-6.87,4013629156.87,12.4430313994,3236277697.79,111290152.45,131512499.46,21307203.85,3645026687.91,384568984.42,383226942.76,2021-03-31
4367,002181,粤传媒,83949003.85,53.92,678617407.85,-14.8661503193,445696990.12,139371697.69,134595947.5,-8792535.81,726607198.18,87658819.77,85273364.94,2021-03-31
4368,002179,中航光电,1071086932.0,12.56,9158826503.64,17.1802026871,6165619617.44,373726841.61,429120013.94,32527791.37,7953050547.76,1244087315.1,1254416196.0,2021-03-31
4369,002172,澳洋健康,-425175246.45,-4204.09,2982034952.03,-36.6961996618,2782608852.44,91977871.67,392498899.45,117804224.78,3429607818.8,-568138937.43,-555134531.85,2021-03-31
4370,002166,莱茵生物,105653080.25,29.37,741402631.26,19.6667272369,517708123.71,36621831.76,62456423.54,7145077.5,641101384.8,125737984.44,122898983.72,2021-03-31
4371,002156,通富微电,19141404.2,-84.92,8266574620.47,14.4501097089,7136411026.44,57094406.01,317524853.89,225064365.66,8457958624.01,-20504878.75,-14099993.34,2021-03-31
4372,002149,西部材料,61465474.93,1.9,2006102610.3,16.6230523101,1574022007.53,44744082.91,116772787.16,51728854.09,1897826990.29,137325563.01,136209553.63,2021-03-31
4373,002148,北纬科技,-28369829.09,-168.02,172435657.47,-25.9064984682,94115977.02,25570593.45,28440712.02,-1229042.37,195557603.57,-26243687.79,-25849115.32,2021-03-31
4374,002140,东华科技,176947648.35,19.34,4517995996.3,11.9966246737,3967195935.56,34812339.84,110902601.74,-7713842.37,4281863618.45,201518473.36,200961354.74,2021-03-31
4375,002106,莱宝高科,281855990.95,25.3,4802171361.91,8.7427509298,4055949335.23,92549351.28,140311638.76,-48610004.42,4464775006.19,319252874.27,319100532.81,2021-03-31
4376,002088,鲁阳节能,340262932.35,10.77,2147040501.61,16.5368682793,1285302642.22,273075824.47,116772386.61,-1155329.19,1779475735.01,380055917.61,389726163.28,2021-03-31
4377,002060,广东建工,234009087.42,16.57,11143485046.29,34.1233568624,9920150682.48,,230437541.23,493063470.91,10727662788.11,309395826.54,305950148.18,2021-03-31
4378,002053,云南能投,262558043.16,9.84,1933137923.65,5.3237323374,937609787.43,342333222.39,207299049.73,88790894.51,1624872412.59,347823515.17,343838186.98,2021-03-31
4379,002030,达安基因,92181843.11,-9.25,1098217159.07,-25.7290495649,551074046.3,194006515.61,96358251.0,43089376.26,985980898.73,6192738.21,6050421.4,2021-03-31
4380,002019,亿帆医药,903467850.51,22.51,5186843636.05,11.9834350036,2794112173.99,628194763.11,430315227.91,48431229.41,4151330926.26,1076040812.86,1068188262.16,2021-03-31
4381,002001,新和成,2165282489.11,-29.56,7660412519.26,-12.2348509134,4050764529.35,235201324.64,379677835.32,161276268.8,5359902521.29,2563216939.45,2565343560.67,2021-03-31
4382,001872,招商港口,2898192168.84,165.79,12123829423.74,24.9442065927,7648920919.71,,1509520581.66,1936269737.53,11391121163.11,10324804819.81,10807456167.82,2021-03-31
4383,000993,闽东电力,105480248.28,127.02,596851052.35,6.9877184207,302059486.2,2034600.44,126023524.97,61518244.68,499375341.69,96187538.04,101232452.64,2021-03-31
4384,000932,华菱钢铁,4391403125.89,-40.48,107321813957.95,5.849903067,92636357794.99,1550623423.04,2519143124.38,942208307.67,99612682101.33,7889130523.23,7779524765.8,2021-03-31
4385,000921,海信家电,1793669013.19,30.22,37453043968.74,3.9796270126,29424809268.66,5670186916.64,515205417.61,-8012313.27,36863313263.94,2054703610.98,2152250314.66,2021-03-31
4386,000911,广农糖业,31891158.49,102.34,3662949804.03,1.7980716254,3446565658.51,97837354.15,284865898.19,135231319.57,3985336491.36,52196805.01,46167189.28,2021-03-31
4387,000898,鞍钢股份,1787000000.0,-77.53,105587000000.0,0.4089123881,96782000000.0,3064000000.0,1331000000.0,1093000000.0,103675000000.0,2025000000.0,1972000000.0,2021-03-31
4388,000897,津滨发展,174063372.48,234.43,1282282705.0,728.4989753168,519838762.49,65803317.49,52616604.39,8474331.66,946470146.25,277567837.19,267485375.94,2021-03-31
4389,000895,双汇发展,5437612565.07,10.7,60348305743.59,23.4310705608,48976782883.71,2705930379.68,1308001261.0,97447155.7,53525288222.98,6851675858.99,6838493333.18,2021-03-31
4390,000880,潍柴重机,83675450.09,101.31,2658763639.24,12.2779665625,2234552408.39,76218190.69,117222273.51,-17084444.91,2618044146.32,69179831.63,72374072.61,2021-03-31
4391,000800,一汽解放,1987097843.43,-74.05,106447416498.51,8.3835812622,91141974930.85,6444051939.34,3478257977.47,-707236753.2,104600991014.51,2078405251.84,2201498813.84,2021-03-31
4392,000796,凯撒旅业,125646058.66,-35.28,6035553540.91,-26.2123072746,4805039755.25,718500480.77,237956988.84,97107824.97,5889329936.51,205495769.3,203036423.26,2021-03-31
4393,000757,浩物股份,139497166.76,6.02,4444479623.66,-5.0647373572,3970531521.15,84890118.84,206657855.43,34209554.22,4330301053.52,172535454.47,174937596.81,2021-03-31
4394,000756,新华制药,299966265.71,17.49,5606020863.3,6.8904072685,3731385336.88,789151206.79,322288237.24,48575497.09,5184991468.92,387436288.68,381392620.93,2021-03-31
4395,000726,鲁泰A,952386011.49,17.36,6801381448.94,-1.1291859409,4790605105.36,168227064.83,436171656.3,96179716.62,5892300065.15,1131609928.46,1127504430.01,2021-03-31
4396,000722,湖南发展,138355379.38,46.23,243872614.89,-8.5630993327,132879779.31,,39392619.93,-15015380.96,163058116.48,166392402.54,166707123.74,2021-03-31
4397,000679,大连友谊,-326204197.91,21.38,775761838.76,-28.6692477738,656978148.7,54979626.15,98723177.29,278307455.52,1101177374.67,-379920629.1,-344904108.54,2021-03-31
4398,000608,*ST阳光,-81761338.98,-813.2,242774366.7,-15.9512409598,33973707.15,25750445.54,92871314.54,121487858.48,325754449.26,-37523345.6,-35902629.21,2021-03-31
4399,000555,神州信息,375607752.77,792.26,10146008170.91,11.7728617011,8261730337.85,503924867.26,402457791.98,81486158.49,9662648641.42,467526706.85,439916849.14,2021-03-31
4400,000553,安道麦A,277041000.0,-88.68,27563239000.0,2.590252064,18679512000.0,4873256000.0,1562317000.0,1665885000.0,27301698000.0,529700000.0,451572000.0,2021-03-31
4401,000552,甘肃能化,519401025.19,-8.39,4064724142.07,-0.8836506785,2930270898.66,56653382.39,230753556.85,12384183.67,3389913565.39,607658262.69,613021276.48,2021-03-31
4402,000521,长虹美菱,56441479.14,46.0,16553252894.93,-5.3568478175,13455692376.85,2320362519.95,330687143.82,-14216050.6,16579810406.62,68708060.47,69778225.75,2021-03-31
4403,000402,金融街,3441864333.9,5.3,26184015959.15,18.4081603022,15669976310.74,921634378.38,605445037.55,1564732460.25,21085007528.35,5755924537.5,5717243305.81,2021-03-31
4404,000338,潍柴动力,9104955354.35,5.17,174360892512.86,9.4847767953,136353235434.32,11254073577.96,6900199388.9,220333776.74,160619776819.34,14155892681.79,14351650141.05,2021-03-31
4405,000166,申万宏源,5735412391.33,37.86,24593411762.73,60.9787662039,,,7911467217.49,,17642351674.54,6951060088.19,6927231024.49,2021-03-31
4406,000157,中联重科,4371456570.63,116.42,43307395375.43,50.9150266332,30314615494.92,3780017353.78,1619601112.7,1215038576.59,38804337703.62,5013923089.59,5033900266.78,2021-03-31
4407,000065,北方国际,706237373.19,19.87,11060172817.26,10.8077219911,9454421011.93,409908000.56,203566812.34,21220670.73,10116915133.52,855432031.61,854524416.93,2021-03-31
4408,000060,中金岭南,852105138.63,-7.37,22837569681.65,14.1412524339,20726625903.05,283588796.72,533457262.87,177860837.13,22210012309.15,1039754176.91,1026199573.39,2021-03-31
4409,000034,神州数码,701410697.57,36.89,86803376390.13,6.0413381768,83316650862.54,1698215203.52,264454079.15,490287007.09,85997595394.26,920251889.69,931488977.26,2021-03-31
4410,000011,深物业A,817805780.12,17.16,3961669942.44,17.3246461605,1433615885.43,111553952.5,204654552.64,134718833.57,2966054505.18,985907387.02,1004846231.45,2021-03-31
4411,000006,深振业A,801163074.41,-8.36,3731330139.73,48.5494123806,2044318166.99,51736223.03,138561121.68,127620737.58,2722256573.3,1108428393.31,1102844322.79,2021-03-31
4412,000002,万科A,38872086881.32,15.099303576271,367893877538.94,23.5873099337,234550332806.05,9044496840.07,11018405286.6,5735941711.58,294321076571.79,76613136041.54,76539289517.59,2021-03-31
4413,688777,中控技术,365496441.85,28.328547147645,2536929736.88,18.9131021476,1316677922.54,441358960.97,233417029.28,-2604464.95,2323243737.95,401225387.35,407033524.04,2021-03-30
4414,688659,元琛科技,59112853.91,56.133000256031,363187853.5,12.0291115322,232605469.25,23963882.63,19677950.55,5312270.28,303572983.16,64868167.18,66718596.72,2021-03-30
4415,688569,铁科轨道,145144296.06,23.028917489917,1264677587.47,12.9940434528,817075115.08,63986368.5,68366826.34,3358847.88,1019551031.71,219223051.6,217896375.0,2021-03-30
4416,688513,苑东生物,108611577.48,-19.558973866211,947235160.44,23.2162033342,92325346.55,535261863.15,87482666.19,-1290295.39,884917729.03,114732603.95,115912274.73,2021-03-30
4417,688289,圣湘生物,39478539.85,483.821883735368,365389084.87,20.413093728,127309784.45,123092737.02,35415845.99,495208.49,327933545.14,47516441.25,45460295.53,2021-03-30
4418,688183,生益电子,441183139.61,106.94486143593,3096245836.58,50.7771407048,2174746698.13,74412286.42,131129805.86,25530522.27,2563518926.84,507788593.78,506088911.56,2021-03-30
4419,688089,嘉必优,118173427.66,21.85,311547812.06,8.8926059643,146518740.48,17467408.33,25329490.71,-442118.59,212676437.61,98779547.26,139748593.97,2021-03-30
4420,688065,凯赛生物,478880430.75,2.699496503776,1916199460.67,9.0536581286,1061040992.46,84488631.99,132286786.93,-553370.81,1385068942.67,589058419.01,555869144.28,2021-03-30
4421,605258,协和电子,109031302.66,-16.727914908382,542378962.03,-7.3800957248,345256106.74,9650900.48,30026781.67,7752770.04,423059840.7,127106935.74,127527204.9,2021-03-30
4422,605222,起帆电缆,333348745.95,32.665326558413,7647243266.67,20.949435439,6821641513.94,203869931.8,96099065.49,43408354.13,7199507077.77,450216426.74,444066491.56,2021-03-30
4423,605016,百龙创园,82783167.8,26.765100510711,421053343.04,18.4284459509,261623258.79,30195124.42,12949928.91,1335280.84,326595043.48,98726297.7,96097012.05,2021-03-30
4424,603987,康德莱,170104611.78,15.64,1816907868.44,25.2989555637,1128614143.01,182816606.06,141899073.72,-3870606.09,1554164615.27,282240672.05,288910448.79,2021-03-30
4425,603899,晨光股份,1060083625.03,31.39,11141101364.44,30.534461026,8229837268.86,980166101.18,469262188.13,-8397277.65,9873266701.55,1283180332.09,1293679744.07,2021-03-30
4426,603877,太平鸟,551546983.56,-3.5,7927624062.13,2.7976161909,3710922135.76,2895874021.15,504109623.04,19083533.62,7288546608.4,710725351.59,708772881.68,2021-03-30
4427,603860,中公高科,55026036.69,15.02,216783908.61,3.8765017399,98160607.75,9590582.01,35734733.43,-1137692.84,161040397.56,64905127.4,64894372.04,2021-03-30
4428,603799,华友钴业,119534808.82,-92.18,18852828463.22,30.4625127816,16748261571.9,163772106.1,467600989.69,427102612.32,18328113960.96,160982621.81,159265708.13,2021-03-30
4429,603719,良品铺子,340354071.37,42.68,7714992860.91,20.9709449873,5256336842.19,1581254831.99,410889518.16,-10326673.31,7307891555.08,471398961.1,473370944.41,2021-03-30
4430,603530,神马电力,127245396.11,4.68,628744707.16,-3.7999666258,359767330.51,51315490.71,45036322.51,-140417.56,493335781.01,148122225.95,149304110.94,2021-03-30
4431,603368,柳药集团,685426064.0,29.77,14856825319.86,26.8239160285,13051929073.3,381857525.37,345671343.04,140303466.04,13967901370.71,896585140.23,904611280.98,2021-03-30
4432,603326,我乐家居,154007311.45,51.24,1332034204.82,23.1024039657,748190390.97,295951774.67,57169607.12,592498.29,1154333959.63,192128892.45,191077639.98,2021-03-30
4433,603278,大业股份,152239509.3,-25.87,2729999753.78,11.9149409022,2395264399.84,80610559.02,41206844.47,25399297.69,2596836424.39,171892951.55,170583041.9,2021-03-30
4434,603127,昭衍新药,186768115.63,64.64,639379338.02,56.4046554527,306313502.99,12473292.64,95184993.94,-2024646.65,455637251.86,215713198.35,215460230.07,2021-03-30
4435,603078,江化微,34518613.99,-13.54,490429534.74,27.8233933997,342897595.45,48761008.4,32948706.65,3967860.79,456079570.18,35640660.68,35555200.8,2021-03-30
4436,603067,振华股份,136323459.23,-6.29,1420558321.03,-0.6863160409,1017688581.77,49543306.44,145957256.87,-670815.01,1272361571.44,157259651.38,157969897.99,2021-03-30
4437,603066,音飞储存,78125950.27,-15.63,701143165.59,1.7021553846,466952279.24,90159365.01,24775310.04,465180.39,617241296.46,90323404.01,90521320.46,2021-03-30
4438,603060,国检集团,213382658.09,3.67,1131828272.77,12.4304116083,613808453.86,33648219.66,155401814.54,-1857128.75,891059984.8,274695032.11,285446084.23,2021-03-30
4439,603026,石大胜华,308453101.35,50.18,4643499947.61,-12.9020117522,3858326304.84,99437418.13,138136112.01,19835111.64,4298194292.94,370829809.79,369564512.31,2021-03-30
4440,603018,华设集团,517967351.81,30.74,4688414138.02,11.6689254419,3225213344.07,175150837.4,301878619.12,11952423.34,3941163789.7,617048407.06,615902069.17,2021-03-30
4441,601886,江河集团,352843338.36,-42.02,18805181163.52,17.2593023492,15336339988.57,191563693.2,1146789020.45,259040962.58,17442537449.68,658485991.63,656818547.84,2021-03-30
4442,601881,中国银河,5228429052.09,81.09,17040817296.16,71.6888675381,,,6955044196.0,,10191546074.83,6849271221.33,6830129353.16,2021-03-30
4443,601865,福莱特,717243708.67,76.09,4806804020.96,56.8901289287,3289735511.36,255112912.72,121498560.29,53129460.34,3958654842.86,845956439.03,862670244.12,2021-03-30
4444,601696,中银证券,798252971.86,13.23,2907667567.52,5.537714572,,,1828816648.16,,1908697781.16,998969786.36,1015408205.45,2021-03-30
4445,601677,明泰铝业,917004720.56,85.02,14147624639.44,6.1768625622,12472265905.09,278770938.37,172962491.69,29136486.58,13361933659.95,1213730036.32,1211905246.58,2021-03-30
4446,601658,邮储银行,60933000000.0,16.482193037793,276809000000.0,6.0591199065,,,156599000000.0,,214421000000.0,62388000000.0,63745000000.0,2021-03-30
4447,601618,中国中冶,6599712000.0,3.58,338637609000.0,16.9593199081,299247115000.0,2315815000.0,9354662000.0,2498264000.0,325246672000.0,9342416000.0,9782158000.0,2021-03-30
4448,601333,广深铁路,748439305.0,-4.54,21178351087.0,6.8102252617,19654032226.0,,343848260.0,28225506.0,20093846357.0,1076117357.0,1009092334.0,2021-03-30
4449,601326,秦港股份,931247331.39,14.93,6722730009.09,-2.2380485111,3843805904.72,89828.3,1287074303.82,301711409.91,5813153860.17,1089511643.96,1093248769.97,2021-03-30
4450,601298,青岛港,3790143318.0,5.47,12164080973.0,3.5992123914,8178690909.0,36990125.0,503215842.0,-207915807.0,8653246494.0,5113236304.0,5126805417.0,2021-03-30
4451,601231,环旭电子,1262103937.04,6.98,37204188424.22,10.8908598069,33499411113.19,320478740.9,777648445.27,26228662.44,36034953586.73,1422151443.4,1432762959.08,2021-03-30
4452,601138,工业富联,18606184000.0,10.08,408697581000.0,-1.6082028593,374450968000.0,1732902000.0,3521068000.0,-735316000.0,389038379000.0,21106569000.0,21132436000.0,2021-03-30
4453,601068,中铝国际,34852562.55,-88.61,31059791611.63,-7.6559267907,27779687486.15,125447452.22,1066944199.12,573119644.89,30174263838.95,327177108.58,344773252.74,2021-03-30
4454,601038,一拖股份,61475427.17,104.728483370252,5830175119.64,2.62,4808281175.55,305526565.26,382371302.74,61706462.37,5993424664.53,143696509.55,182623838.91,2021-03-30
4455,600995,南网储能,332118229.89,12.15,2319224253.72,14.5107531392,1729686384.26,6174532.04,123675100.63,12882952.19,1897402300.42,397280865.78,396183189.76,2021-03-30
4456,600980,北矿科技,45420231.46,34.08,498539267.5,5.5439541149,374600983.56,27290092.73,42630419.79,-3416656.69,469931649.72,54068662.98,52981890.65,2021-03-30
4457,600908,无锡银行,1249624000.0,14.07,3539711000.0,10.8869139939,,,1048363000.0,,2077819000.0,1461892000.0,1452821000.0,2021-03-30
4458,600857,宁波中百,41233909.13,12.58,1009595176.94,1.1205885315,887501015.36,33825812.32,50247172.46,1129527.66,981791124.85,52894680.38,52552838.18,2021-03-30
4459,600850,电科数字,321521980.99,6.26,7778849374.39,6.509696091,6615877435.95,375388680.37,191252919.8,-23723032.74,7458856163.86,393436332.76,397154624.86,2021-03-30
4460,600814,杭州解百,235287582.93,57.83,6400020715.29,8.3124459291,5088029138.99,385204411.31,436061930.29,-32018692.99,5958215186.19,679332099.35,649676017.78,2021-03-30
4461,600801,华新建材,6342304317.0,22.4,31439214600.0,14.4657528744,18625306221.0,2048493975.0,1558487708.0,208154721.0,23007760515.0,8743972805.0,8716122114.0,2021-03-30
4462,600798,宁波海运,165795547.05,-29.64,2324346176.03,-9.5882769951,1700402826.64,,93867617.63,106960468.59,1912981207.33,454691118.54,455386158.84,2021-03-30
4463,600792,云煤能源,239970407.97,25.22,5725813062.1,6.0477278399,4983893960.71,95271736.09,196827161.63,105535869.4,5422436072.84,301057536.71,294776986.32,2021-03-30
4464,600760,中航沈飞,877785950.38,18.1,23760860873.2,17.9148453398,21646571261.48,10395820.19,777763843.98,-64699542.33,22626263186.93,1015244447.45,1014042035.74,2021-03-30
4465,600660,福耀玻璃,2898433273.0,-29.66,21103877523.0,4.3455744057,13197554393.0,1481567161.0,2185363063.0,20788992.0,17896220191.0,3415937939.0,3231138052.0,2021-03-30
4466,600616,金枫酒业,29447169.36,142.751279876302,944076872.72,5.0758466626,478883556.61,244227565.0,145720592.63,-1179134.43,903713572.63,42722239.85,41907014.04,2021-03-30
4467,600598,北大荒,848615373.8,-13.09,3111306139.6,-4.700858831,1651937897.03,14560525.78,477066800.47,-8620114.24,2158204325.55,998927260.54,822337189.69,2021-03-30
4468,600597,光明乳业,498407011.0,45.84,22563236819.0,7.5179141804,15504696954.0,4860231451.0,695581365.0,104565511.0,21320133580.0,1135172138.0,1073777422.0,2021-03-30
4469,600536,中国软件,61834735.64,-47.45,5819592183.3,26.1519320409,3815338052.95,217334153.76,482102195.41,8166590.38,5720036365.84,126280593.73,152747218.0,2021-03-30
4470,600528,中铁工业,1626560245.59,9.84,20575131654.39,14.9585895683,16400649683.82,429826001.77,922906182.84,28880320.15,18928357900.68,1864127790.8,1862902439.96,2021-03-30
4471,600486,扬农化工,1169770145.98,19.4,8701471746.53,1.3766857742,6194264995.32,300633966.41,507140731.11,20226048.13,7364802833.74,1398826796.57,1398398307.57,2021-03-30
4472,600418,江淮汽车,106014967.55,113.485442103054,47362153340.22,-5.5790475936,42292256576.8,2100401480.65,1813469923.47,316367266.62,48241803117.93,230994810.62,89370638.84,2021-03-30
4473,600391,航发科技,22577465.38,107.450654116144,3383546451.53,43.1115036762,2960634824.35,32219549.98,164117278.69,74095058.59,3326215570.22,47153226.93,42232717.26,2021-03-30
4474,600362,江西铜业,2466407085.0,0.77,240360335134.0,11.6449829949,231167687946.0,683411771.0,1796559189.0,924898841.0,235933093194.0,3197857832.0,3160813177.0,2021-03-30
4475,600305,恒顺醋业,324555122.07,5.68,1832193611.14,7.5105969484,1001838222.39,316576695.66,115849016.37,5371421.61,1517942640.84,393403315.14,396940729.11,2021-03-30
4476,600273,嘉化能源,1226973543.86,11.52,5369034304.23,-4.1887624458,3503203390.35,66691462.62,144725264.14,18782694.24,3949058938.05,1443613188.18,1440569218.96,2021-03-30
4477,600196,复星医药,3321617566.05,22.66,28585152033.18,14.715620096,11543421122.03,9846758447.35,2590781456.11,865438758.32,27147636484.03,4493555075.4,4525752634.36,2021-03-30
4478,600183,生益科技,1448767198.85,44.81,13241085241.08,10.5166088886,9712746952.84,287808752.24,644250481.72,142278492.86,11468076154.7,1804902923.07,1805073237.46,2021-03-30
4479,600171,上海贝岭,251148844.04,65.94,1097960672.28,12.0208386927,766601941.72,42469943.39,66199869.0,-52342787.94,950609900.21,294472498.91,293125098.41,2021-03-30
4480,600143,金发科技,1244503121.33,99.43,29285923753.07,15.6786455152,24588751143.44,684985798.18,805333530.56,643958710.93,28050319332.51,1410359134.22,1400865113.11,2021-03-30
4481,600096,云天化,151897527.09,23.73,53975857637.08,1.8816885514,46831099275.12,2613751070.46,1520947894.23,2345841516.27,53862118121.08,347017182.25,408351780.68,2021-03-30
4482,600085,同仁堂,985435905.02,-13.12,13277123199.46,-6.5559651055,7068155605.9,2622264187.21,1346007515.26,-30001505.3,11250464607.98,1968133334.79,1966690947.36,2021-03-30
4483,600066,宇通客车,1942255843.21,-15.7,30491743540.85,-3.9892044445,23041740506.77,2799539795.1,838979944.21,211550153.08,28921667191.67,2021516078.92,2087105683.25,2021-03-30
4484,600058,五矿发展,173954179.34,121.638351385919,62253741867.53,10.1171182544,60372437617.59,311051236.99,1008860143.15,246934119.56,62008687915.69,218810865.84,265787423.33,2021-03-30
4485,600021,上海电力,962376582.5,-65.03,23690034551.14,4.0009771667,17851078386.57,996599.54,1352705590.54,2515511731.24,22079163076.66,2488430727.45,2533219797.26,2021-03-30
4486,600018,上港集团,9062278383.66,-11.81,36101631985.21,-5.1019527097,25015768134.15,79623718.49,3138260898.64,812624024.49,29436371798.96,11869077426.37,11824030489.25,2021-03-30
4487,600017,日照港,631340872.4,-2.02,5245581329.22,2.2514405223,3934457045.34,,192949775.5,287473184.58,4445589076.74,937172405.98,937932104.38,2021-03-30
4488,600006,东风股份,442405697.77,-20.12,13520140618.02,-6.2444615058,11899456327.78,718574877.63,451070888.29,-44027275.1,13565809335.15,403827247.23,401209972.68,2021-03-30
4489,300823,建科智能,84159001.68,5.826249667557,475105964.89,4.9596060293,246669665.61,50640801.83,37593772.0,5065803.56,368037920.95,98594208.07,99423426.15,2021-03-30
4490,300815,玉禾田,312790640.31,71.46,3594582012.69,27.6318457693,2820077138.2,21333969.41,255258068.27,60649236.07,3173402653.3,426175206.29,420011807.24,2021-03-30
4491,300777,中简科技,136603277.62,13.36,234454789.12,10.2794549032,41372654.2,3343730.07,41267760.11,692040.77,105325416.16,151372667.91,159283804.3,2021-03-30
4492,300771,智莱科技,285822744.06,35.25,1045701120.65,17.6751805756,545473198.93,126588459.79,37539720.29,-15267002.46,754536706.81,333764581.46,333860008.07,2021-03-30
4493,300699,光威复材,521789390.52,38.56,1714950499.82,25.7704740526,891650357.06,33412641.54,91076577.26,7028596.45,1232318512.1,627955549.82,608247002.82,2021-03-30
4494,300678,中科信息,35288967.18,-24.61,364413271.82,5.7903353047,282286426.39,25911911.39,21861958.38,-2625829.4,343946778.01,39627130.56,39117130.56,2021-03-30
4495,300595,欧普康视,306889255.38,41.92,646903716.16,41.1160171166,139672023.58,130693398.11,60229040.45,-756251.96,354300958.41,333706224.94,333888113.49,2021-03-30
4496,300532,今天国际,47514815.3,160.79,712409042.47,71.191553396,506101975.91,42971388.01,62884241.07,-1158530.39,665780962.99,49761927.14,49852710.29,2021-03-30
4497,300521,爱司凯,5767800.51,-77.33,164893657.61,-5.1792187493,84657732.92,23933464.97,24028070.39,-1319513.35,159301006.09,5567614.53,5316823.55,2021-03-30
4498,300491,通合科技,30009227.48,311.85,276716689.5,70.8260739023,154943822.27,25829831.46,31802132.67,438220.59,250146809.32,35194708.14,35145248.24,2021-03-30
4499,300490,华自科技,87936350.6,-12.95,1438860202.69,4.2677443974,986832735.46,138531844.49,113792739.43,21759221.36,1361330465.93,102081172.27,107509937.73,2021-03-30
4500,300485,赛升药业,148639043.78,-47.5,1190902506.19,-16.5889183011,176794340.64,763060063.01,60624034.56,-14639604.34,1047292787.44,177165652.17,172739286.6,2021-03-30
4501,300414,中光防雷,49943591.09,-6.79,400529175.3,5.4623982482,264448405.53,38624368.64,27601527.34,-4619696.88,365165522.77,53801269.62,54137961.59,2021-03-30
4502,300347,泰格医药,841634823.38,78.24,2803309287.65,21.8480629527,1500405542.04,81071523.43,349642929.43,9557944.76,2075730308.42,1084646726.53,1089161831.31,2021-03-30
4503,300223,北京君正,58659727.2,334.02,339351160.33,30.6854912033,204371407.76,10079230.32,67773457.12,-1656023.79,346404113.39,62785562.17,59316571.58,2021-03-30
4504,300218,安利股份,71112717.84,208.63,1694838904.59,0.9174558702,1356885691.89,73624170.76,84001454.23,24842788.57,1642533219.97,80744684.94,75123556.23,2021-03-30
4505,003021,兆威机电,357064067.33,180.56469087313,1782836181.75,135.5325474159,1203399552.91,34922823.41,38219096.72,2217089.27,1370360503.19,415805854.06,414035391.22,2021-03-30
4506,003013,地铁设计,236608922.92,18.673691140726,1644471944.57,11.3414548018,1057044940.44,35866892.19,160870396.18,-13770232.17,1333109852.83,280072138.45,279183697.5,2021-03-30
4507,002968,新大正,104459561.93,18.6,1054603480.18,19.0504789234,831664234.43,17252577.14,80178342.22,980901.03,936596442.81,123677204.58,122275924.44,2021-03-30
4508,002910,庄园牧场,51321171.73,-19.22,813554461.19,23.6908560303,559655951.95,81583959.44,77389899.47,22201153.31,756560262.19,43842984.64,64978651.37,2021-03-30
4509,002867,周大生,991420924.96,22.99,5439289153.42,11.6909891473,3482066617.86,587012795.29,120974465.86,7716516.51,4266973269.61,1257365748.12,1292077815.64,2021-03-30
4510,002859,洁美科技,117951468.11,-57.16,948519530.03,-27.654896453,638600669.51,44543533.56,77022179.09,-7287266.93,830262401.0,132758378.95,132208284.62,2021-03-30
4511,002797,第一创业,513058068.89,312.58,2583271531.26,45.9556372438,,,1550539298.05,,1895846336.04,687425195.22,692596321.68,2021-03-30
4512,002746,仙坛股份,1000665278.7,148.95,3533387137.43,37.0699938407,2475580878.27,15220197.83,46508902.99,-13682410.01,2534147154.3,1074540850.75,1072235820.16,2021-03-30
4513,002726,龙大美食,240871447.47,36.04,16822362113.63,91.63225068,15818516671.75,330415431.97,217916066.94,49571036.94,16432173902.23,350235271.18,357539065.11,2021-03-30
4514,002672,东江环保,423929691.12,3.93,3458591061.22,5.3138283645,2210633262.3,122308761.2,363904047.17,140665812.79,3010805058.83,518094842.12,524404927.14,2021-03-30
4515,002611,东方精工,1838018805.5,147.42,9973503602.19,50.6264459209,8286432074.92,414527474.88,365218611.72,-16869846.12,9227719587.75,2009804008.17,2013617893.69,2021-03-30
4516,002596,海南瑞泽,-411920421.25,-437.29,2576779523.54,-17.4365839142,2067504461.47,32192368.39,207484799.37,124687256.04,2467662696.9,-353454671.56,-361830198.26,2021-03-30
4517,002594,比亚迪,1614450000.0,-41.93,127738523000.0,-1.7809305433,106924288000.0,4345897000.0,4140997000.0,3014032000.0,125615182000.0,2312288000.0,2431131000.0,2021-03-30
4518,002585,双星新材,173486372.58,-46.01,4472306660.48,15.9359923073,3893604449.79,113750500.61,83389984.41,22228448.67,4274044223.03,196990315.41,197132037.8,2021-03-30
4519,002552,宝鼎科技,56067572.38,95.42,340370963.9,9.4978567507,282628447.77,5001190.4,30124617.81,-183910.9,333030887.87,55686435.22,55823363.07,2021-03-30
4520,002534,西子洁能,366123625.55,49.99,3927432985.42,9.9549410788,3113541364.25,65729808.45,185665725.08,-17984425.03,3571424924.77,521496432.41,497874834.65,2021-03-30
4521,002459,晶澳科技,1251958039.01,74.09,21155479989.81,7.6672342311,16657529168.03,1197137928.17,699285225.01,569329024.72,19517104882.33,1668718531.04,1611318885.44,2021-03-30
4522,002410,广联达,235072017.67,-46.46,3540651172.81,21.9064591199,370663220.99,1102479252.65,819760686.91,40546293.82,3345566983.28,290370619.56,283762815.19,2021-03-30
4523,002399,海普瑞,1059356008.11,79.11,4624653616.42,-3.9525006209,2899175775.93,411319872.06,352944971.62,200590127.43,4032655195.06,1314733740.88,1314936122.56,2021-03-30
4524,002398,垒知集团,402443627.66,61.54,3393523149.14,24.9594555823,2381355610.35,264997409.96,128069695.9,-363755.1,2917197917.84,479073355.57,478699696.54,2021-03-30
4525,002390,信邦制药,236301518.87,118.22,6655063577.5,1.1364968018,5190548635.95,432249815.64,460943339.18,148453390.73,6295992405.79,345004240.8,331477241.94,2021-03-30
4526,002362,汉王科技,37432935.18,135.95,1104507778.97,47.8033349682,640785061.1,197724676.04,95765721.44,-1493590.07,1070623997.96,43908865.3,44701659.81,2021-03-30
4527,002350,北京科锐,82379077.54,-20.66,2420992908.36,-6.1619717801,1832633755.09,258874400.4,129296425.55,6845737.8,2348299966.19,107649365.42,115855464.1,2021-03-30
4528,002342,巨力索具,18226561.8,2.3,1965954096.59,16.664135239,1553488654.65,185593172.65,92189886.26,61596622.01,1931845474.79,21649970.31,21321123.18,2021-03-30
4529,002294,信立泰,715201076.72,-50.95,4470465980.59,-3.8997215465,964365877.49,1576269062.02,278460461.71,-1415835.79,3644414587.32,846081275.73,851345894.8,2021-03-30
4530,002283,天润工业,353792995.02,3.36,3602563484.43,5.7911363933,2657703817.48,111959821.18,143436176.85,45234262.39,3208097246.21,424465923.73,397073604.99,2021-03-30
4531,002185,华天科技,286794698.21,-26.43,8103490628.12,13.7858025928,6780291983.21,112888256.84,366916155.76,118987391.29,7818984063.01,356399772.8,358980486.47,2021-03-30
4532,002159,三特索道,11405762.62,-91.53,676642192.08,4.3877825752,289595350.27,40105016.0,138560657.19,106685089.69,580738298.9,91169583.36,87302924.37,2021-03-30
4533,002020,京新药业,520396181.46,40.92,3646683905.76,23.8766707492,1273428846.48,1341060473.58,247498968.74,3218997.45,3160119462.5,602063111.72,603413981.73,2021-03-30
4534,002012,凯恩股份,46392584.94,87.01,1152307199.73,2.1261957536,859286869.07,54795741.97,80906788.84,12922050.42,1098391332.53,74703943.23,74371962.35,2021-03-30
4535,002007,华兰生物,1283449049.98,12.63,3699941990.2,15.0158058843,1296699766.29,520429807.19,217579866.05,3788591.56,2213555523.73,1615198890.76,1610236830.79,2021-03-30
4536,000975,山金国际,864165428.85,30.43,5148950653.26,6.6866481246,3594022517.54,2512958.1,255531048.93,28501136.02,3981672188.19,1192129497.78,1177174410.84,2021-03-30
4537,000920,沃顿科技,92319988.54,4.87,1136567495.51,2.8461386946,766207117.27,90078897.74,106026194.95,25717035.79,1065927042.68,127134226.37,126703627.86,2021-03-30
4538,000919,金陵药业,145319439.1,-39.9,2534920539.72,-12.5611782091,1936730623.05,76033355.18,272865614.54,-6272212.84,2339061844.72,248475571.93,247415226.13,2021-03-30
4539,000878,云南铜业,669823721.67,436.85,63289995891.42,33.4377776536,58655638877.86,597918649.12,1366669214.67,953110000.32,61977472866.69,1204811634.87,1160890390.16,2021-03-30
4540,000837,秦川机床,-297559773.57,-6.35674534806,3164976539.89,-0.7296819248,2689004043.94,189414871.52,255262121.19,93545917.03,3551804513.59,-301253776.9,-284495992.06,2021-03-30
4541,000819,岳阳兴长,60299774.9,15.8,1745439745.73,-13.2078804489,1552275479.81,20670545.61,82672417.31,-12036453.95,1661508189.35,84872601.33,84525797.05,2021-03-30
4542,000776,广发证券,7538921643.02,75.32,22809882495.06,49.3734466069,,,9392972816.85,,12109985820.34,10699896674.72,10276222660.53,2021-03-30
4543,000768,中航西飞,1074490160.7,1.94,32079033551.11,2.4797469179,29564520902.92,416746272.84,959335421.4,-76958229.71,31112117146.73,1247590532.98,1253952827.26,2021-03-30
4544,000738,航发控制,281277454.28,8.47,3092491495.8,12.6013280476,2294106225.73,32073264.28,312412413.97,10562706.31,2794848631.89,311201121.8,310568125.75,2021-03-30
4545,000728,国元证券,914361564.54,36.4,3198808368.09,26.04,,,1669362955.23,,2094279722.27,1104528645.82,1151315871.07,2021-03-30
4546,000721,西安饮食,-47150837.67,-597.91,500457531.65,0.8911113835,339145479.71,167090714.67,29763149.58,4774726.77,547529994.52,-42918231.74,-47729819.87,2021-03-30
4547,000629,钒钛股份,1419135479.44,-54.08,13158669728.41,-13.2094120939,10557844095.75,288106491.48,178134449.86,40222203.76,11623449803.49,1521050701.79,1515478877.49,2021-03-30
4548,000590,古汉医药,42442308.86,211.16,315034457.5,69.5456303011,147370363.95,58603406.09,65414088.76,-4726766.12,283945719.28,52103367.52,53444793.71,2021-03-30
4549,000550,江铃汽车,147812078.0,60.96,29173636262.0,3.2719228157,24530857150.0,1525883194.0,955566805.0,-189506963.0,29343815963.0,-110593336.0,104985427.0,2021-03-30
4550,000533,顺钠股份,2924433.64,100.302187504956,1373705459.33,-85.6298528748,977549176.31,191595260.11,121810765.33,36742748.86,1395481688.22,-29890860.87,3769459.22,2021-03-30
4551,000528,柳工,1017249160.52,28.74,19177295779.44,6.04074489,14639510489.03,1902529442.57,695825794.18,89487578.42,17891731253.28,1309698477.61,1307909651.76,2021-03-30
4552,000501,武商集团,1225003589.07,16.67,17756087656.28,0.2853734888,13773460087.6,1957256158.12,277113974.59,17051770.93,16230523133.96,1551086628.67,1610007522.27,2021-03-30
4553,000099,中信海直,211461480.81,40.54,1567253301.11,9.9147448307,1165572018.48,5016608.31,124495480.63,82910706.2,1380814313.22,255939936.9,283390288.43,2021-03-30
4554,000069,华侨城A,12340101773.12,16.69,60025027201.56,24.6464742614,26061189610.55,1905716039.59,2774939753.0,1793785952.1,45319120480.3,19230737681.19,19219335353.05,2021-03-30
4555,000039,中集集团,1542226000.0,-54.38,85815341000.0,-8.2165522884,73355605000.0,2297273000.0,5204271000.0,1276165000.0,90022721000.0,5838747000.0,5613874000.0,2021-03-30
4556,688185,康希诺,-156781479.69,-13.386511017841,2283391.88,-18.7953113212,147463.89,5286506.68,59832080.48,-43479183.68,176487813.81,-162071143.94,-156781479.69,2021-03-29
4557,688009,中国通号,3815874901.39,11.95,41646286792.57,4.0829274187,32112103467.88,878468933.38,2530027201.64,-144051571.49,37220022565.63,4979410200.95,5027474516.95,2021-03-29
4558,605058,澳弘电子,124012054.67,22.948070221758,844606387.32,0.9153254438,600263609.88,18851606.44,54635541.14,-9418129.04,710926252.74,131494307.98,139983210.61,2021-03-29
4559,603159,上海亚虹,22791771.38,-46.9,564094083.95,-11.4919293001,460478505.5,21535716.57,35940058.36,1013807.39,541790484.24,24310288.33,24670672.87,2021-03-29
4560,603126,中材节能,123101149.8,-5.15,2273118827.74,21.3247944285,1826432824.83,64081502.5,171691196.4,-10240350.77,2166165327.41,131430757.76,171062938.36,2021-03-29
4561,601717,中创智领,1040253246.73,24.98,25721416835.39,-1.1160850576,20710536148.37,1013290287.62,1069676041.25,147295552.14,24056025947.72,1529372456.7,1530076333.63,2021-03-29
4562,601601,中国太保,27741000000.0,54.0,385489000000.0,8.7836484057,,,,,357422000000.0,28067000000.0,27966000000.0,2021-03-29
4563,600776,东方通信,131678432.95,3.36,2683202690.49,11.5759141258,2282870603.28,76748619.79,101795791.07,-28788301.24,2616016944.18,141558536.74,152798523.59,2021-03-29
4564,600676,交运股份,126767292.63,-61.13,8696352000.84,-10.0636021552,8045162437.94,93995506.78,385925157.8,9756456.48,8654862604.9,128530183.34,199333896.25,2021-03-29
4565,600600,青岛啤酒,1852103376.0,30.23,27983760363.0,5.300062585,17080443282.0,5103505734.0,1881053486.0,-484172216.0,25915241789.0,2697889829.0,2726910829.0,2021-03-29
4566,600377,宁沪高速,4199704371.82,-4.04,10078181218.81,1.0950941052,4576009544.69,35971797.28,227595890.11,464164014.33,5430731983.67,5541967394.01,5521770982.24,2021-03-29
4567,600028,中国石化,57619000000.0,-8.7,2959799000000.0,2.5945816568,2479356000000.0,63586000000.0,63038000000.0,10048000000.0,2880505000000.0,90134000000.0,90111000000.0,2021-03-29
4568,600012,皖通高速,1097546191.64,-2.27,2946420820.29,-0.6918795101,1272488308.82,,98015239.43,51699093.28,1446022868.17,1555822798.01,1560166833.92,2021-03-29
4569,300886,华业香料,45761901.12,-28.473745368338,214814811.76,-16.7682285726,131934365.06,6908521.75,19891570.36,1257176.99,170328684.33,51314269.67,50300408.49,2021-03-29
4570,300871,回盛生物,68766353.89,-3.690702216675,427217126.05,1.2664661043,263549480.17,38820752.76,23755950.28,1509378.98,352645429.51,78555436.64,78601885.28,2021-03-29
4571,300759,康龙化成,547191486.94,64.3,3757160086.84,29.195362207,2422783434.67,72988647.98,495593307.73,72205926.47,3157685515.85,631487023.57,632551810.09,2021-03-29
4572,300374,中铁装配,67324622.18,-5.01,954134726.86,23.7768920207,730499360.09,8072853.36,75752538.62,24655314.13,869651527.05,89030531.33,82974241.2,2021-03-29
4573,002703,浙江世宝,-176711694.44,-2527.9,982370362.06,-13.3022389702,844312514.7,124329014.21,70949989.21,3017313.82,1114125442.28,-204640100.61,-204171129.46,2021-03-29
4574,000997,新大陆,691278827.56,18.0,6181534697.03,3.94,3743397555.79,244372719.51,547017452.74,-28075424.45,5268440516.04,789992263.9,786020810.19,2021-03-29
4575,000404,长虹华意,30626402.76,-57.55,9589210837.07,7.6131955586,8567036904.76,225580921.39,351880992.0,-34592912.49,9460048363.39,120493818.95,126891754.82,2021-03-29
4576,688819,天能股份,1491731406.83,22.548429943447,42744368175.83,19.1884565815,36465409110.9,1428300064.66,608864718.84,133688864.43,41052055426.14,1878547713.26,1879700316.22,2021-03-27
4577,688677,海泰新光,71930843.26,31.851428961127,252866320.49,26.0042877733,105279964.66,6580006.52,27252690.55,205.22,171482204.64,82570011.72,82407260.92,2021-03-27
4578,688551,科威尔,61629776.47,81.497151799159,169448908.14,21.0363806321,59088714.85,18588428.21,15143371.85,259880.99,111570477.1,68051861.49,70595599.55,2021-03-27
4579,688389,普门科技,100559715.59,23.93,422644271.27,30.6759570711,166917440.46,80250325.3,18390792.58,-8404415.7,340246713.2,113125786.49,112976389.76,2021-03-27
4580,688060,云涌科技,65446106.07,58.56751921323,250881390.58,54.903497607,142983993.02,7149599.18,10436840.15,287428.46,179821242.22,74944099.88,74916174.33,2021-03-27
4581,688021,奥福科技,51622910.58,10.39,268078301.1,7.9776207273,133186346.08,12241453.41,24351700.4,7326516.21,210026833.52,57418146.77,58619095.7,2021-03-27
4582,603906,龙蟠科技,127406046.37,55.69,1712963224.81,14.3662992201,1120714656.89,208972040.33,95643771.42,14895425.51,1531209426.75,185082768.52,188144672.83,2021-03-27
4583,603606,东方电缆,452139234.97,163.74,3690430874.26,22.0291121898,2772732150.94,131889202.51,88413298.0,25062631.2,3164668166.63,522351509.82,517660335.43,2021-03-27
4584,603393,新天然气,422425749.43,26.26,2296274568.0,40.7193085082,1204627498.4,87658205.94,184217839.3,91521196.49,1579101163.48,1058434832.83,1058788605.56,2021-03-27
4585,603363,傲农生物,29155731.15,-3.219592012905,5788080067.37,0.4545055606,5050516209.37,253450800.66,196097668.23,94219978.38,5677880804.03,78067481.4,77741223.7,2021-03-27
4586,603357,设计总院,324789486.95,-25.64,1619104797.73,-1.803557195,915506666.03,53001204.8,91219573.8,-8503543.02,1132547837.06,379337384.83,379735372.88,2021-03-27
4587,603336,宏辉果蔬,78976900.87,23.07,851958111.77,11.6072353613,720090791.99,30826885.11,17519792.72,2453878.83,772953870.4,80357715.18,79782323.48,2021-03-27
4588,603115,海星股份,120406127.59,-19.43,1097491329.87,0.4767143618,809157356.46,39443202.93,57793526.44,-3465966.95,981999398.84,135474808.01,137711217.93,2021-03-27
4589,603055,台华新材,195894435.04,-43.15,2690568442.19,-9.5404303267,2060564142.34,57046421.19,145177960.2,44183768.44,2467227295.87,221567507.04,219400307.32,2021-03-27
4590,603005,晶方科技,108304952.46,52.27,560367354.58,-1.0360294249,341637834.45,1036969.42,40186987.9,-28109327.01,488398678.55,112469192.01,112419392.01,2021-03-27
4591,601991,大唐发电,1065806000.0,-13.68,95453055000.0,2.2094852613,79162457000.0,50645000.0,3493347000.0,7118246000.0,91158975000.0,5150792000.0,4687994000.0,2021-03-27
4592,601939,建设银行,266733000000.0,4.74,705629000000.0,7.0934342706,,,179531000000.0,,378675000000.0,326954000000.0,326597000000.0,2021-03-27
4593,601899,紫金矿业,4283957365.0,4.65,136097978018.0,28.4012887455,120582627749.0,574433782.0,3689326869.0,1466849459.0,128663721194.0,7242074162.0,6974278766.0,2021-03-27
4594,601869,长飞光纤,801225042.0,-46.2,7769175495.0,-31.6079503396,5935648889.0,347325663.0,428531381.0,6223776.0,7157976904.0,877794594.0,883509048.0,2021-03-27
4595,601818,光大银行,37354000000.0,10.98,132812000000.0,20.4709553354,,,36218000000.0,,87509000000.0,45303000000.0,45163000000.0,2021-03-27
4596,601727,上海电气,3501037000.0,16.06,127508964000.0,26.05,103272800000.0,3543208000.0,8191745000.0,1470159000.0,121170788000.0,6927857000.0,7091771000.0,2021-03-27
4597,601607,上海医药,4080993663.5,5.15,186565796464.05,17.2747296673,159751669602.13,12855723141.99,4651573400.28,1258772206.26,180412000797.09,6213946658.32,6262466648.77,2021-03-27
4598,601398,工商银行,312224000000.0,4.887192786788,855428000000.0,10.5164327743,,,199050000000.0,,464860000000.0,390568000000.0,391789000000.0,2021-03-27
4599,601328,交通银行,77281000000.0,4.96,232472000000.0,9.3193638493,,,66560000000.0,,144324000000.0,88148000000.0,88200000000.0,2021-03-27
4600,601188,龙江交通,370243589.91,20.87,1040228662.57,47.5086349422,526328966.98,7838569.05,59960377.49,-33335432.97,594337245.93,554222993.68,551170340.7,2021-03-27
4601,601155,新城控股,12654028071.0,20.61,85847041435.0,58.5845016006,57822369957.0,4371936738.0,3819873590.0,891986653.0,72511479176.0,17647595717.0,17812994704.0,2021-03-27
4602,601088,中国神华,43250000000.0,-1.4,241871000000.0,-8.4172343157,143394000000.0,640000000.0,18479000000.0,2515000000.0,176267000000.0,66629000000.0,66724000000.0,2021-03-27
4603,601008,连云港,6815268.8,93.93,1424632141.63,7.4749765339,1044390924.97,,199648197.39,159228014.76,1413638814.01,53177359.12,57022844.22,2021-03-27
4604,600999,招商证券,7282380829.33,64.57,18708369944.73,65.2447609052,,,7537473656.58,,9914221372.78,8794148571.95,8773636250.81,2021-03-27
4605,600997,开滦股份,1149638717.63,-15.67,20071971845.94,-1.8965768448,17024458387.38,258707452.23,521884619.3,308189361.33,18399185215.24,1644051578.88,1622619137.71,2021-03-27
4606,600992,贵绳股份,29198785.2,14.01,2188291619.64,5.419512258,1827392771.42,190960410.13,52483933.41,5201085.98,2105666572.4,33647795.2,33581729.61,2021-03-27
4607,600985,淮北矿业,3631212531.02,1.88,60175589045.86,3.9995890187,50152964669.95,228103021.41,3050464229.92,1107437074.07,56369390833.64,4321437591.73,4349770222.73,2021-03-27
4608,600784,鲁银投资,13064009.74,-79.2,2262460800.94,14.0236650732,1811372044.6,169270494.8,170736196.67,131574895.12,2356313783.23,14535132.44,11714672.53,2021-03-27
4609,600775,南京熊猫,52657894.58,-67.49,4660047001.92,3.5449649679,3955938472.7,54111280.14,270036371.18,2504014.29,4544961530.16,143372974.74,147410060.75,2021-03-27
4610,600756,浪潮软件,27583260.87,-91.22,1455590300.12,20.0458680273,818426916.18,111242664.7,301753766.46,-1143918.47,1508013453.6,31318768.64,30979080.1,2021-03-27
4611,600724,宁波富达,487196461.69,-34.8,3144597377.96,-39.0966605376,2089588472.32,127552715.26,90147831.0,65335330.58,2449666648.56,836582769.81,839096932.37,2021-03-27
4612,600713,南京医药,346920157.11,31.26,37155742319.12,18.6968896602,34698919560.12,976560805.27,402803958.61,439971039.92,36598004455.24,528723108.04,588870201.58,2021-03-27
4613,600678,四川金顶,39302096.56,24.05,295122306.03,-30.399835925,199122948.89,3103540.03,23419307.26,21535896.69,261863065.45,40159919.28,39817119.09,2021-03-27
4614,600673,东阳光,1112477114.65,2.01,14767210574.93,26.4289592064,8025124269.06,2644095841.08,545751333.92,743744083.27,12549040511.37,2423619506.12,2411880005.48,2021-03-27
4615,600657,信达地产,2315414232.3,7.65,19478393074.75,3.862236553,13563188689.53,404549677.74,893185943.14,765506994.15,16832563507.13,3605448381.32,3620702807.52,2021-03-27
4616,600644,乐山电力,89234940.8,10.31,2223199937.34,2.4356599644,1676976017.07,111771922.72,288264406.31,24226581.85,2127531917.9,152466062.09,140401849.39,2021-03-27
4617,600602,云赛智联,241790818.42,-11.18,4889124109.96,9.4851292368,3965572662.46,156783006.07,265124356.42,-66522718.78,4665185243.12,303805340.22,314526898.19,2021-03-27
4618,600588,用友网络,1182989733.0,93.3,8509659748.0,10.464921405,2942232116.0,1633777585.0,1389010908.0,117794200.0,7825561972.0,1404622362.0,1403849188.0,2021-03-27
4619,600563,法拉电子,455945946.88,0.91,1680321948.29,-2.3875651184,957586514.82,36792967.85,110315724.07,-16344224.8,1177082690.01,541145936.44,542111630.88,2021-03-27
4620,600560,金自天正,27849735.53,32.58,660103031.71,17.8887732906,505403644.67,24011651.91,36969906.05,8542.75,622639802.43,31114880.21,29660858.57,2021-03-27
4621,600477,杭萧钢构,468916731.25,-17.44,6633068516.72,7.255410368,5453775261.37,137119397.75,243394864.31,46071682.48,6172469916.43,549971974.56,546767737.99,2021-03-27
4622,600455,博通股份,17481573.1,452.28,183941198.98,2.6167918609,81133348.66,3079943.74,65141514.22,6045919.3,156927950.66,25585812.08,27218747.99,2021-03-27
4623,600426,华鲁恒升,2453030877.47,-18.76,14190478407.87,-1.1586066873,10239496828.28,371889256.26,156131442.09,154473469.95,11346974928.58,2898890252.57,2896463516.99,2021-03-27
4624,600336,澳柯玛,192971631.82,176.06,6433359577.57,13.9624292469,5073382469.56,884290246.67,161968392.4,-2012105.95,6305553970.98,237230251.56,242817665.38,2021-03-27
4625,600282,南钢股份,2606224358.06,-34.98,47970483148.92,9.9060993277,41600911936.67,653924948.89,911572490.2,275504358.4,44327618862.07,4056048890.81,3901977200.92,2021-03-27
4626,600251,冠农股份,169692781.41,81.75,3256880896.35,49.7569731548,2887729212.11,123655539.08,102050780.24,54382942.13,3187219299.71,196061721.41,194332831.82,2021-03-27
4627,600223,福瑞达,344508204.14,112.58,10289206911.17,16.6403171007,8121570915.29,717686650.98,318967481.46,50552226.14,9901200894.38,574154512.58,568960095.38,2021-03-27
4628,600207,安彩高科,19887043.96,105.979699814218,2016359407.05,-5.5096359492,1840960217.03,74568368.49,83281365.2,-536032.25,2011785525.27,-6661695.69,45126984.62,2021-03-27
4629,600188,兖矿能源,9918114000.0,9.6,214688079000.0,23.0900360811,181578603000.0,5735156000.0,4888956000.0,3164916000.0,198800207000.0,15809824000.0,16343241000.0,2021-03-27
4630,600009,上海机场,5030210052.62,18.88,10944668477.76,17.5188843464,5340221124.91,75738.82,265034895.54,-208705251.58,5406692615.65,6674590029.16,6667577306.02,2021-03-27
4631,600000,浦发银行,58911000000.0,5.36,190688000000.0,11.6015567846,,,43052000000.0,,120824000000.0,69864000000.0,69817000000.0,2021-03-27
4632,300835,龙磁科技,84626934.01,4.676011059542,551016953.92,3.7230570197,349586178.09,35611319.32,45818240.15,5706187.93,469254580.22,96517339.47,98427321.0,2021-03-27
4633,300783,三只松鼠,238746681.23,-21.43,10173017103.2,45.3045904668,7345228447.92,2297823859.85,174939160.38,-13885705.31,9905542445.49,299733413.71,307219930.36,2021-03-27
4634,300504,天邑股份,107679883.36,-29.24,2137738779.11,-22.9645307519,1730944055.17,114123724.68,58396520.32,3067211.21,2038108592.81,118469495.45,116156101.82,2021-03-27
4635,300453,三鑫医疗,61683106.48,49.91,721668064.47,35.8300132664,473423256.21,101620899.16,52117264.02,6609875.86,654822134.6,77516260.52,76306745.56,2021-03-27
4636,300351,永贵电器,-429797963.98,6.3,1080292796.82,-17.5517785624,714534704.27,113761914.8,130657913.22,-5867085.9,1072087404.15,-416817367.58,-426294034.65,2021-03-27
4637,300179,四方达,116935874.18,81.11,501180365.52,33.0456572419,203473873.18,33758145.88,56298507.32,-6380414.77,335291527.54,132270094.94,132524976.7,2021-03-27
4638,300127,银河磁体,147472933.29,-5.71,602769831.51,0.6170298238,395350883.85,17338440.6,19813335.62,-23318294.37,438840647.26,171888804.7,171781253.56,2021-03-27
4639,300092,科新机电,43734776.69,539.51,594322537.21,24.9788141679,434590483.26,39365961.53,30936227.1,793766.69,528970924.89,48034964.82,49103848.1,2021-03-27
4640,300019,硅宝科技,131564617.09,102.0,1018035009.07,16.9385026654,688236929.66,80475175.79,43401702.08,198333.8,862713779.82,147055669.07,150889335.13,2021-03-27
4641,002850,科达利,237310625.81,188.39,2229912176.06,11.4764909387,1602546972.05,52080072.33,93415987.38,42654843.67,1944931552.35,272898670.19,270761476.77,2021-03-27
4642,002695,煌上煌,220382668.42,27.45,2116915652.97,11.5587828606,1321107033.06,312922904.43,158881910.33,-8557191.65,1872376506.44,263870975.15,271938694.19,2021-03-27
4643,002662,峰璟股份,-2082737258.28,-2383.03,3630292929.31,-32.9086539654,3043028787.63,184373612.91,212390007.13,97548633.21,3655008816.04,-2030772743.69,-2032544232.59,2021-03-27
4644,002635,安洁科技,-650033035.76,-218.73,3136135980.79,-11.7639997596,2256008649.36,82699555.21,236760276.62,-30413914.1,2787396797.13,-1195992785.23,-642477563.08,2021-03-27
4645,002561,徐家汇,212964793.25,-7.92,1928654086.53,-6.7991570333,1367927063.02,102454573.93,169319357.17,-13092178.78,1661625854.25,301750415.47,304795214.05,2021-03-27
4646,002546,新联电子,166772208.5,6.75,719887134.82,1.8638592742,480715307.22,37249932.25,50302352.75,53934.05,626407634.73,183873041.05,187191837.76,2021-03-27
4647,002521,齐峰新材,136996008.6,127.43,3267614210.95,-11.6678531422,2798328090.3,82495496.13,86546380.66,30452751.15,3120152913.61,160170820.9,156036445.87,2021-03-27
4648,002490,山东墨龙,-196309267.9,-312.28,4388904215.91,-1.4175737706,4034622745.27,84340449.53,193606016.95,146326178.28,4547980146.59,-189048670.21,-215227132.0,2021-03-27
4649,002401,中远海科,96640953.7,16.17,1203712101.71,22.8209968556,933377549.12,28138530.74,84724071.63,-11432460.63,1093361959.1,116010349.61,115815269.68,2021-03-27
4650,002370,亚太药业,-1920673762.31,-1095.57,709291124.12,-37.3635052046,455362189.76,197550484.59,112571128.73,49109961.73,893210037.92,-1920422966.81,-1921564709.72,2021-03-27
4651,002320,海峡股份,219174362.83,4.09,1110175620.26,5.7732574334,727489945.23,13625082.63,97018965.94,-16126344.62,829086385.29,296974604.51,294771364.32,2021-03-27
4652,002297,博云新材,-163543164.13,-704.19,349412936.43,-31.4059917434,263036707.78,24876499.6,39690926.57,10035320.0,387425639.5,-173709667.81,-174198746.55,2021-03-27
4653,002241,歌尔股份,1280542212.61,47.58,35147806427.74,47.9871013951,29725775791.58,534438331.89,838266588.88,363688007.45,33493453834.27,1496263014.45,1471544363.22,2021-03-27
4654,002232,启明信息,90831161.07,25.86,1521389256.61,-4.1975669323,1259430703.4,35070579.53,86277457.03,-12287669.03,1418143463.96,108619154.6,108699172.07,2021-03-27
4655,002202,金风科技,2209853904.27,-31.3,38244553924.01,33.1143247248,30972767595.39,2602424809.23,1621307277.41,1197362499.09,37449098364.95,2571403562.11,2561106081.55,2021-03-27
4656,002162,悦心健康,37872539.05,55.55,1166237543.76,19.2620028007,759233315.6,199733584.82,87229846.82,45356690.29,1117426359.91,55565687.81,53018606.2,2021-03-27
4657,002050,三花智控,1421204236.13,9.97,11287489442.23,4.1666588516,7946844445.83,588547454.16,595781120.22,-7772819.07,9747723876.16,1663989346.1,1663068507.82,2021-03-27
4658,002017,东信和平,39513573.64,0.78,1178720034.45,2.2561333424,899265395.55,100892209.01,48280386.28,-19002490.87,1139578521.61,47402821.52,47194522.75,2021-03-27
4659,000915,华特达因,204102270.09,57.38,1799947846.95,17.9341481373,735290019.4,445139636.52,140673185.3,-3550960.59,1406634944.62,414217111.29,414389546.81,2021-03-27
4660,000890,法尔胜,-777563777.57,-435.41,1003609325.63,-40.8977265879,1343449173.96,526080.05,58583949.17,-5255145.72,1404804693.01,-746275962.48,-746208134.1,2021-03-27
4661,000811,冰轮环境,455052649.43,61.16,3820829826.34,5.9445633495,2691956285.5,467204363.56,248618212.72,38580398.37,3611170916.56,539387282.22,540953034.27,2021-03-27
4662,000789,万年青,1369000092.89,20.34,11390430730.54,11.5886353602,7797314598.12,359322030.97,533550577.1,33170430.7,8830397940.25,2804368829.75,2672807289.07,2021-03-27
4663,000715,中兴商业,154319737.05,70.92,2702172506.8,5.9066849416,2164148945.76,52056012.99,264832777.75,-12842105.66,2498026028.61,217241544.41,209711946.34,2021-03-27
4664,000705,浙江震元,211570678.31,198.47,3243149411.12,13.4738588445,2550843348.91,451176775.19,109943081.73,-10955334.44,3150727851.63,258373949.72,257088198.14,2021-03-27
4665,000576,甘化科工,98177299.08,0.11,494554058.97,20.8620477423,335658926.25,9950549.45,44944569.92,11092932.37,425875709.63,126316201.08,121943632.76,2021-03-27
4666,000544,中原环保,464576327.77,12.13,1739717527.04,69.3955158463,1013977542.84,3708710.76,99973976.6,71617113.61,1272785476.48,529629487.73,528623151.98,2021-03-27
4667,000538,云南白药,4183727553.32,19.75,29664673868.68,9.8003765853,21191364351.4,4156302856.5,957458573.4,-62803629.61,26559856210.51,4742978172.73,4726188671.03,2021-03-27
4668,000505,京粮控股,133341925.75,-20.61,7440286465.54,0.4205917036,6814063757.54,196226794.74,175824643.3,33159937.03,7250551844.78,250640602.6,259707602.14,2021-03-27
4669,000031,大悦城,2049336279.73,15.27,33794948813.45,52.4073582582,19928898915.29,1355533939.12,1635157628.9,1671586928.95,28232904999.06,5678643655.13,5676196379.55,2021-03-27
4670,000014,沙河股份,21085177.65,-85.56,438139662.69,22.4095484184,307725653.67,9521545.66,62863043.7,2132757.19,407893132.54,30219125.25,43057765.14,2021-03-27
4671,688661,和林微纳,12968253.41,-52.148147972453,189464716.6,65.3134884717,98595996.32,6878390.52,49169881.58,-294368.73,167664929.01,21067218.8,21051466.13,2021-03-26
4672,688505,复旦张江,227357983.0,102.764348449522,1029294769.0,38.7486239394,73340503.0,530571185.0,54933261.0,5627946.0,797592281.0,247481515.0,246311582.0,2021-03-26
4673,688399,硕世生物,83756179.76,31.23,288794709.93,25.1817496227,52684618.53,88233355.75,23277907.58,-3940707.11,200358111.65,95041418.55,94700978.19,2021-03-26
4674,688388,嘉元科技,329730148.1,86.89,1446049703.58,25.3830523869,944280246.27,19461062.14,31890485.87,20557167.06,1088084833.55,382966006.65,379869007.06,2021-03-26
4675,688360,德马科技,64013553.16,10.312366547281,789165906.55,9.3538926392,570646016.05,59575045.22,46009842.38,2983122.63,725878962.7,70992678.15,73097190.35,2021-03-26
4676,688308,欧科亿,88437756.04,31.809930000173,602987666.1,3.2647167863,412053047.91,25420437.47,24573249.61,7902028.0,505012520.82,100377498.21,101431155.87,2021-03-26
4677,688139,海尔生物,182061609.9,59.76,1012520355.36,20.2991658678,469512344.63,141525613.61,81258465.42,-26602901.04,795263120.87,215748140.97,211086341.64,2021-03-26
4678,688078,龙软科技,47081735.98,51.16,154339974.24,23.0022331355,61147155.21,16301349.5,16763116.6,856269.03,112305009.15,55440992.35,53939344.23,2021-03-26
4679,605009,豪悦护理,315321567.34,70.351272684664,1953382285.45,34.7586728982,1360301852.86,101923838.53,36225716.24,12467030.47,1587520258.14,366183921.52,366272654.37,2021-03-26
4680,603916,苏博特,354312359.11,32.01,3306617441.62,42.7754030743,1803979776.55,586037229.02,186163379.93,58407642.84,2836882902.88,463541393.84,460048958.36,2021-03-26
4681,603903,中持股份,111105984.85,19.94,1336814679.1,29.2812614373,927728680.09,29664517.4,108851290.42,59409461.04,1177773409.09,172178928.1,172262460.42,2021-03-26
4682,603806,福斯特,957062795.31,27.39,6378151355.92,32.6091749349,5079270536.58,112849091.05,97549293.97,-277533.6,5514070591.92,1094262225.71,1092293350.7,2021-03-26
4683,603738,泰晶科技,11382315.71,-68.69,579689504.59,-5.1709644234,471521245.98,17273636.85,37307689.57,10411988.21,560815843.55,16047058.56,16202262.94,2021-03-26
4684,603657,春光科技,106608055.9,5.59,562866267.58,11.0005107251,370393700.06,17632925.74,42263512.0,-12580682.35,443823863.39,125646417.7,124321190.67,2021-03-26
4685,603578,三星新材,61598251.41,2.57,340031384.86,4.0763033841,229430205.1,14538900.75,23172644.52,6265602.24,289194447.79,69067545.18,67681460.05,2021-03-26
4686,603392,万泰生物,208864316.07,-28.731731637536,1183754229.77,20.4609994557,330864391.75,333391753.36,172130545.98,-7566578.98,1004050875.48,218330004.23,216807836.33,2021-03-26
4687,603386,骏亚科技,34626602.07,-49.81,1472180953.85,31.4361666307,1206184380.29,45247237.57,97315267.33,18020708.81,1452313797.18,30321246.03,30551461.8,2021-03-26
4688,603300,海南华铁,275692176.6,1057.65815079142,1153867198.47,29.9918619196,330156690.23,131757931.03,71706757.37,88676450.15,657278517.32,473973004.09,471780373.19,2021-03-26
4689,603267,鸿远电子,278668781.35,27.62,1054459334.18,14.1893047781,522155801.02,72216974.22,90301371.74,-946982.33,726451037.45,332953772.69,334372685.7,2021-03-26
4690,603220,中贝通信,152492610.61,4.48,1831741052.09,4.6214376056,1462901477.24,53907777.55,77532262.28,2833984.46,1661183685.07,175760511.66,175012327.82,2021-03-26
4691,603013,亚普股份,384037522.29,15.15,9137817073.77,16.4180018527,7760071768.6,183776135.91,294450025.6,53157183.53,8609035998.99,472432570.74,472466224.44,2021-03-26
4692,601998,中信银行,48015000000.0,7.87,187584000000.0,13.7879578294,,,51964000000.0,,131073000000.0,56511000000.0,56545000000.0,2021-03-26
4693,601992,金隅集团,3693582654.45,13.28,91829311097.05,10.4823393326,67402240134.58,3076483834.81,7056088671.56,3397042746.61,84570223854.62,7945282984.64,7933820047.39,2021-03-26
4694,601975,招商南油,877418438.42,143.56,4038798841.32,19.5533043582,2856931571.32,31283803.27,97257421.25,144570722.66,3139757520.25,907465356.84,911065664.16,2021-03-26
4695,601969,海南矿业,127708890.0,120.13,3718283310.0,47.8447817576,2935206920.0,7053110.0,377014840.0,73551730.0,3461733840.0,239514860.0,241057740.0,2021-03-26
4696,601880,辽港股份,718230462.31,37.2,6645907276.19,-1.6069066779,4654940360.28,266329.03,658917252.38,580891348.9,5968282409.98,1136489965.69,1162173233.48,2021-03-26
4697,601872,招商轮船,1932766598.72,38.22,18609358690.57,33.1651571917,14999775235.11,48428713.9,567519146.49,910346440.76,16566658833.37,2006159138.95,1998117396.84,2021-03-26
4698,601857,中国石油,45677000000.0,-13.9,2516810000000.0,5.9738923271,2002403000000.0,74108000000.0,61757000000.0,27816000000.0,2408655000000.0,115520000000.0,103213000000.0,2021-03-26
4699,601788,光大证券,567944886.3,449.68,10057362378.64,30.4071708765,,,5516446077.34,,7211203480.47,2846158898.17,1218853745.19,2021-03-26
4700,601628,中国人寿,58287000000.0,411.5,745165000000.0,15.8706019739,,,,,685175000000.0,59990000000.0,59795000000.0,2021-03-26
4701,601238,广汽集团,6617537435.0,-39.3,59704321649.0,-17.5124291336,55148022098.0,4553401795.0,3243766082.0,26294921.0,65452687855.0,5681710451.0,6293959326.0,2021-03-26
4702,601211,国泰海通,8637037492.0,28.76,29949311773.0,31.8259805435,,,11593615960.0,,18489954493.0,11459357280.0,11444619456.0,2021-03-26
4703,601015,陕西黑猫,28792629.51,-91.15,9387752692.99,-6.8761028455,8522287386.97,417735978.74,182943935.38,124302893.76,9281755559.63,89429716.05,88320365.84,2021-03-26
4704,600993,马应龙,359967239.62,104.29,2705396243.0,23.1120372037,1595507304.75,574459474.78,85046087.93,-8970211.95,2323125386.3,424599462.77,422410909.86,2021-03-26
4705,600965,福成股份,209542735.8,30.64,1446840589.75,-0.4732565937,956436621.55,203871139.53,58892460.18,-7199056.8,1252082191.27,180876840.35,217877479.49,2021-03-26
4706,600933,爱柯迪,439423315.88,-6.14,2626651065.23,4.7531590226,1740262968.99,111708472.32,164453064.39,-34364796.84,2126326996.86,534960629.18,558653131.42,2021-03-26
4707,600874,创业环保,507107000.0,1.19,2851453000.0,16.5040050827,1939804000.0,7075000.0,168661000.0,199396000.0,2378577000.0,631671000.0,629549000.0,2021-03-26
4708,600858,银座股份,52812990.06,14.15,12262096164.28,-7.3882933244,9736936615.04,1655572346.19,299490146.58,273108607.05,12119044456.81,152138500.43,125069306.16,2021-03-26
4709,600808,马钢股份,1128148980.0,-81.02,78262846004.0,-4.5013860304,71315481915.0,949844233.0,2378932727.0,784811228.0,76856058161.0,1831577615.0,2297755710.0,2021-03-26
4710,600780,通宝能源,279994964.23,25.01,6614814601.66,9.7512578015,5705022005.85,,435290372.59,69340940.78,6248333834.54,398824832.38,383970836.24,2021-03-26
4711,600716,凤凰股份,84875886.0,-84.96,1301698174.21,24.330229611,1065576715.84,32585289.56,36965219.52,59955088.61,1222358548.29,129732586.65,131177244.44,2021-03-26
4712,600655,豫园股份,3200159723.23,5.79,43931285968.56,26.4709372559,31890631486.75,1781650153.57,2506803020.89,736208406.13,39092664922.01,5395533720.48,5431448475.33,2021-03-26
4713,600620,天宸股份,67130915.65,-0.78,49452622.41,1.3045572302,23461598.31,,42263823.75,2037964.97,73062741.64,67626572.7,71218861.47,2021-03-26
4714,600585,海螺水泥,33592755201.0,12.67,157030328135.0,22.2952624869,104760090086.0,4416574602.0,4741154188.0,-1338169232.0,114169897486.0,44057337621.0,44556845259.0,2021-03-26
4715,600420,国药现代,656367198.52,-6.97,12199106725.48,7.7585221483,6138829812.32,3609650072.4,725027520.41,126209402.87,11154095825.15,1031085504.04,1072855281.84,2021-03-26
4716,600298,安琪酵母,901500017.94,5.23,7652754551.71,14.4662230385,4973979590.13,885075545.64,255698290.26,78429582.78,6595839307.34,1099317061.93,1109008147.97,2021-03-26
4717,600272,开开实业,21976309.29,-37.63,870398325.58,-0.8171126175,675949548.59,90076487.54,80544531.53,-4729690.49,847836592.65,33436692.93,32983137.31,2021-03-26
4718,600268,国电南自,56267467.9,7.78,4947381997.73,0.3307376479,3607933187.67,349284079.27,309600876.4,92985080.66,4671536579.5,254558095.12,254746742.0,2021-03-26
4719,600234,科新发展,16890003.42,199.594603638557,227902943.03,55.675350716,160298453.87,10009110.5,18753120.61,12737318.13,205570497.65,26678912.61,27594254.39,2021-03-26
4720,600218,全柴动力,96779498.68,143.88,4044447405.35,16.3172386049,3565416601.17,116224797.44,124141526.45,-21278219.93,3948969974.81,101131365.11,103581631.19,2021-03-26
4721,600173,卧龙新能,510458617.3,-11.51,1920775403.43,-32.13065256,1032210591.61,70601646.11,74710075.08,-42380099.87,1380079182.52,653928378.34,654999932.39,2021-03-26
4722,600116,三峡水利,191674333.59,-10.26,1306910762.83,0.6503601077,1067247425.99,86956.95,100614969.83,46849358.13,1226738459.75,221123244.74,221195129.64,2021-03-26
4723,600104,上汽集团,25603384202.16,-28.9,843324372577.26,-6.53,726100213388.33,57450586216.84,22308086660.76,24366630.19,830374831205.25,40345103124.47,40957792203.69,2021-03-26
4724,600063,皖维高新,384981920.17,195.9,6356379638.42,8.5216668547,4934326856.8,185044067.93,252017379.78,106585812.78,5782486179.41,431397439.95,433002108.29,2021-03-26
4725,300845,捷安高科,80419953.05,10.379010943865,315130194.64,16.9889042774,145200004.72,34221034.89,30830197.88,-935730.24,235556205.83,88112461.59,89875085.8,2021-03-26
4726,300797,钢研纳克,69135770.25,7.64,546424733.72,8.0785002804,312874729.84,71162198.74,66130354.64,-240533.34,499067718.28,70848993.08,78048278.4,2021-03-26
4727,300727,润禾材料,51159119.8,-22.67,630990638.31,-3.1962699205,456806674.25,53065897.12,30932624.56,-3133610.35,566868168.46,63260284.52,62131209.49,2021-03-26
4728,300726,宏达电子,292990202.73,31.39,844041676.1,32.64534281,280835367.64,115447164.1,69466028.18,-5301435.81,525589560.01,365937441.4,365045622.82,2021-03-26
4729,300725,药石科技,152068782.22,14.03,662230933.19,38.4683658589,320573516.78,24253518.6,74353158.99,-921740.58,494449906.77,163535853.16,172351241.03,2021-03-26
4730,300558,贝达药业,230821620.91,38.367033368369,1553924255.01,26.9367824808,105227539.94,562988542.93,256943498.17,44312172.54,1312719789.85,266563922.8,266456105.67,2021-03-26
4731,300481,濮阳惠成,145263462.44,37.53,680253789.84,6.9846361263,423714958.82,28503016.77,22486501.32,-9063381.78,523483098.77,167287362.56,166714033.21,2021-03-26
4732,300465,高伟达,133741533.27,27.93,1758318368.99,10.452714195,1366769906.87,65447755.45,79273664.97,26796776.67,1616714726.5,141047771.97,144600601.1,2021-03-26
4733,300286,安科瑞,113273302.12,16.66,600208305.71,31.0974310281,317078406.78,86592188.35,53399987.67,-135153.18,515517984.83,118582542.41,118049259.72,2021-03-26
4734,300142,沃森生物,141974518.23,-86.43,1121220288.78,27.5498610622,227098127.6,499128661.09,174891012.45,-3848835.76,971049980.91,232883741.72,229460746.99,2021-03-26
4735,300066,三川智慧,191353024.63,95.65,987501235.07,43.7017460763,616398549.09,99600958.5,46812829.68,-2423486.4,826272352.12,227312419.51,226467775.46,2021-03-26
4736,300037,新宙邦,325045491.1,1.56,2324827620.31,7.3919621854,1496505484.42,90545569.47,182611552.8,14438193.23,1962028718.69,355584282.84,353958455.26,2021-03-26
4737,003027,同兴科技,170292796.12,22.471088958695,759157287.51,5.3093105174,435694466.24,24988770.96,26884066.67,4596339.09,544034283.69,217291080.77,219454215.97,2021-03-26
4738,002962,五方光电,158848257.83,15.23,726816034.49,26.0122884709,479059598.94,13945723.23,42903863.17,-9016076.06,566336574.84,171939916.96,181949137.96,2021-03-26
4739,002843,泰嘉股份,61743954.58,10.81,398116574.02,12.7413374029,248394076.92,26016132.79,35489141.02,1012176.84,329347362.3,74416857.19,71700238.49,2021-03-26
4740,002838,道恩股份,166190478.66,35.75,2735440802.16,100.7614013889,2272908663.73,86126088.59,47762515.97,20772513.84,2535492285.49,199444214.67,198444977.91,2021-03-26
4741,002825,纳尔股份,42420474.89,-31.57,1017191015.08,29.0003060278,834069820.64,36658616.04,43488966.18,-1428857.57,965945069.89,48645974.13,48142140.98,2021-03-26
4742,002782,可立克,22289407.57,-73.78,1109472659.74,1.4552075713,858383739.6,41112614.04,97299499.8,-2841420.8,1043116419.96,107032394.78,45060202.02,2021-03-26
4743,002772,众兴菌业,68403837.18,-38.89,1155832460.49,24.7617083122,879529596.9,100655580.17,54355917.08,40425499.28,1081623895.03,73704952.76,69021500.54,2021-03-26
4744,002706,良信股份,273089847.42,23.03,2038513229.74,29.5291935791,1207182358.46,276907660.52,91905268.6,-2419852.92,1756999953.91,286699085.13,314483127.12,2021-03-26
4745,002683,广东宏大,306784260.77,43.33,5902412006.06,28.8764158597,4693272204.55,79565822.46,318581755.11,84206247.42,5403056462.69,394460722.21,403267004.35,2021-03-26
4746,002643,万润股份,506707317.38,14.0,2870127668.71,9.0612992586,1618828736.52,128683222.1,236768075.43,-13654514.91,2208471418.12,611967149.85,611834275.6,2021-03-26
4747,002632,道明光学,198243938.36,-3.5,1391641907.26,16.2263385017,864898475.08,82369963.02,94756338.38,5336161.76,1124977761.17,229660811.32,231356829.37,2021-03-26
4748,002580,圣阳股份,23590827.02,45.99,1856545388.83,1.143288942,1503961637.96,124578222.93,49904886.81,10490170.63,1827811881.07,24896994.26,25562395.62,2021-03-26
4749,002553,南方精工,42209716.95,-53.18,407439350.29,3.6575650742,273466368.98,22827315.18,28338696.7,-1191313.14,353788606.97,53014116.13,52235451.2,2021-03-26
4750,002484,江海股份,240595241.74,-1.2,2123032689.24,8.2793767755,1498531233.26,87079667.02,124212229.62,-3214315.89,1848462377.05,306376889.89,302542319.55,2021-03-26
4751,002454,松芝股份,176399664.62,0.25,3405998820.8,-7.6417727314,2485894861.01,276740091.55,178022258.62,-8717485.58,3172135156.14,188780602.39,209838615.17,2021-03-26
4752,002151,北斗星通,-651236949.92,-710.59,2987002576.45,-2.0987241365,2171970361.51,217090615.89,443412467.42,51615949.13,3119637722.1,-759494950.34,-760289392.9,2021-03-26
4753,002039,黔源电力,290218152.09,-21.09,2174381798.13,-8.9708361898,1059187595.73,,54612929.68,497581069.07,1638995492.75,532559587.35,530297288.01,2021-03-26
4754,002008,大族激光,642219450.17,-62.63,9562627343.69,-13.2994264529,6309473256.95,1001789453.6,570356359.69,58836430.22,9040934532.16,669677345.67,690442439.95,2021-03-26
4755,000973,佛塑科技,43380386.85,-62.65,2848305155.43,0.9020504193,2083804607.1,108033674.15,172692416.57,54399661.9,2644442920.77,106414672.36,111424703.59,2021-03-26
4756,000969,安泰科技,164756350.28,175.7,4780216900.36,-5.4187672229,3847960156.44,145723487.02,344189690.58,59907940.68,4652492279.69,126526395.69,226940949.15,2021-03-26
4757,000928,中钢国际,534706701.92,24.01,13414075951.86,60.3245440042,11727700172.43,33297931.62,608302668.92,120013879.64,12560358216.12,644289273.6,681731019.74,2021-03-26
4758,000910,大亚圣象,719607056.45,-0.72,7298011526.88,0.5058123953,4658353920.01,984050284.92,606476148.21,6790609.8,6510150682.36,859609769.8,854713853.68,2021-03-26
4759,000559,万向钱潮,536030040.36,-25.82,10581105123.62,-6.873494052,8721828457.06,345256088.15,457459237.82,54161264.01,10078379478.78,584963748.75,592723565.66,2021-03-26
4760,000543,皖能电力,773879838.51,39.12,16092240913.34,19.9440434242,14695824744.9,3624996.45,50468343.84,495095381.81,15366630634.2,1264626967.25,1285685445.47,2021-03-26
4761,000514,渝开发,263628624.22,946.95,865676635.13,60.2987744984,496783758.14,27112458.78,48206330.43,38324250.16,602621271.96,343475962.93,349224123.69,2021-03-26
4762,000488,ST晨鸣,1656566584.88,-34.0,30395434073.35,5.2628159802,22750269749.38,320810724.85,1134725391.84,2916029154.37,28390081416.99,1583669508.4,2048478829.27,2021-03-26
4763,000048,京基智农,1100831801.48,151.68,4918723380.78,43.1134112779,2339925848.82,107055793.82,243496505.43,-36621907.3,3515796467.61,1526154977.5,1510572674.05,2021-03-26
4764,000037,深南电A,24900956.73,29.33,1222577954.53,-35.1395890774,1061916713.85,5599305.43,109541900.18,22310708.04,1207009412.33,23440865.96,28771734.1,2021-03-26
4765,688386,泛亚微透,43737343.74,42.984154655625,245277977.8,17.4721840553,130491594.92,17726471.46,23673444.67,3295932.88,192779235.84,50792771.54,50535050.77,2021-03-25
4766,688301,奕瑞科技,96400820.27,59.143941091081,546111158.14,24.2799269455,277020557.12,43637149.28,38740435.49,3431521.7,451978807.81,95922492.11,102966825.03,2021-03-25
4767,688195,腾景科技,45637057.85,36.115824003655,179025927.88,41.7149197121,103026032.15,4144075.0,11960907.97,-1380809.55,130876580.96,52204000.86,52229655.6,2021-03-25
4768,603327,福蓉科技,263035428.96,65.11,1299455186.91,32.029012464,851849083.79,55011860.86,37886819.7,13374075.45,991963615.03,305167493.84,308093781.26,2021-03-25
4769,603099,长白山,75259381.62,11.28,467196177.44,0.658239952,303180185.58,12333303.72,39479344.31,2184220.52,366123452.04,101826174.63,102689408.95,2021-03-25
4770,601918,新集能源,576074386.1,120.44,9223580390.04,5.4092055782,5519740807.02,41056068.49,556155865.19,910791145.67,7313402956.21,1608861408.74,1609034791.14,2021-03-25
4771,601898,中煤能源,5628607000.0,67.8,129334706000.0,24.1536669012,93208133000.0,13285623000.0,3928645000.0,4753861000.0,119355972000.0,11979126000.0,12150616000.0,2021-03-25
4772,601808,中海油服,2502238023.0,3434.2,31135149996.0,41.8724308586,25291543411.0,34240841.0,704177117.0,939405183.0,27961334412.0,3447403997.0,3472174067.0,2021-03-25
4773,601588,北辰实业,1653948716.0,39.04,20122363737.0,12.6409559949,12904431801.0,555160972.0,918201332.0,414765768.0,16797390935.0,2746238349.0,2763205652.0,2021-03-25
4774,601336,新华保险,14559000000.0,83.8,174566000000.0,13.2317551746,,,,,161280000000.0,13286000000.0,13221000000.0,2021-03-25
4775,600901,江苏金租,1583267672.77,26.56,3065629676.96,25.8155157619,,,261215252.12,,954196678.27,2111432998.69,2111787999.57,2021-03-25
4776,600879,航天电子,458289393.9,0.34,13712212459.98,1.3456072733,11079090540.26,274445401.12,937724979.91,225762432.34,13115598230.32,576676116.67,585174141.08,2021-03-25
4777,600871,石化油服,914244000.0,543.6,69870147000.0,19.6220679943,63695235000.0,63787000.0,2965864000.0,945344000.0,69150490000.0,1251242000.0,1355768000.0,2021-03-25
4778,600828,茂业商业,1259420395.38,4.56,12233770885.95,-6.6503019636,8433182449.98,1117036287.2,330179500.25,330102064.85,10424040084.42,1801463938.5,1784984113.99,2021-03-25
4779,600741,华域汽车,6463163298.95,-19.48,144023626070.75,-8.3645665692,123195390493.44,1960547689.89,8030770156.65,-57384823.34,138886788865.94,9156697991.14,9434845615.7,2021-03-25
4780,600717,天津港,602008118.3,12.16,12884667431.63,-1.3443375298,10243531196.52,,1214510108.46,357671035.46,11984747305.64,1395661457.08,1319926890.65,2021-03-25
4781,600692,亚通股份,34154859.41,-20.63,860018769.06,17.1785245888,699393400.21,2059092.71,47165598.91,27181579.85,799246650.51,62493072.12,63454360.98,2021-03-25
4782,600688,上海石化,2213716000.0,-58.05,100346048000.0,-6.884300407,83781040000.0,532455000.0,2500287000.0,-348181000.0,98772492000.0,2698359000.0,2654116000.0,2021-03-25
4783,600675,中华企业,2340167264.35,-9.73,13281729839.07,-31.1322479175,6027870892.77,187947219.26,466964925.18,243723931.49,9296233972.9,3905545579.72,3951156066.07,2021-03-25
4784,600662,外服控股,93264015.34,31.21,3836303756.48,-6.3660415681,3381686672.37,58231312.31,354785052.13,8705033.26,3894826546.51,150309830.18,150088411.61,2021-03-25
4785,600603,广汇物流,818608623.33,49.88,2869496571.5,37.9004135355,1166139619.96,116173582.14,117068310.42,20472912.46,1680940202.17,1059781177.03,1061960912.59,2021-03-25
4786,600548,深高速,2564317594.25,-27.34,6390295110.82,6.5216124466,3585544228.47,27304777.79,350922800.6,587734223.41,4625148989.65,2540418942.87,2540598173.14,2021-03-25
4787,600508,上海能源,574506247.63,-13.13,7622552186.5,11.2911664199,5730780607.82,146832287.54,737623976.01,146224741.75,6919681597.63,655167398.66,651567215.52,2021-03-25
4788,600138,中青旅,568155186.1,-4.9,14053574128.39,14.5849055388,10668356016.12,1533375375.05,742101339.35,116290820.78,13171920672.08,1222815943.94,1233209117.28,2021-03-25
4789,600118,中国卫星,335622785.14,-19.64,6463262389.74,-14.7666204937,5539185786.86,88550172.42,322502827.46,-31871307.71,6055589589.08,413687870.95,415065355.48,2021-03-25
4790,600007,中国国贸,972427075.0,25.53,3530148817.0,11.334182197,1644631214.0,100438990.0,85459577.0,112624170.0,2263393436.0,1283176392.0,1301376997.0,2021-03-25
4791,300903,科翔股份,74961825.49,46.038279338123,1328450635.22,10.9473470384,1026883365.37,48280184.48,68550965.79,4122739.67,1222180155.35,85329490.38,83030975.95,2021-03-25
4792,300877,金春股份,88414536.92,21.804787138722,838323486.16,-3.0329828189,655085655.35,30304070.32,17873545.82,6779443.25,745373411.98,99433420.41,100796421.97,2021-03-25
4793,300824,北鼎股份,65777701.0,-3.291598098943,551151210.48,-9.1551005512,292970471.18,122766996.14,42436327.9,-375755.43,485061644.57,73283462.44,74532992.69,2021-03-25
4794,300790,宇瞳光学,103420827.6,5.45,1231066880.4,23.3918581144,958283410.7,17783383.63,52866473.51,21743346.56,1116532723.7,116407968.49,115376312.27,2021-03-25
4795,300523,辰安科技,123531034.17,-8.88,1564941700.64,51.622634678,845123169.29,168725030.61,178691064.21,7033811.91,1333559515.06,187633783.71,191387119.37,2021-03-25
4796,300036,超图软件,219079157.24,30.71,1735021983.34,14.312520818,784370057.38,245916268.41,243813342.13,1347387.16,1518442232.58,224288266.8,239989201.7,2021-03-25
4797,002903,宇环数控,3956778.62,-88.48,71227307.17,-64.3411891953,46783470.12,17211847.63,21776411.79,-211429.49,102058994.32,2971477.3,4336923.88,2021-03-25
4798,002896,中大力德,52506750.84,-27.95,676189942.13,12.8767564449,482170491.71,45978947.55,41651106.95,6652829.86,613437898.4,58073695.19,58785935.45,2021-03-25
4799,002820,桂发祥,84599609.03,0.56,507496462.08,5.5679541518,266092890.01,116220669.96,31734582.47,-124562.81,425275024.9,104794113.44,109058611.47,2021-03-25
4800,002709,天赐材料,16319676.03,-96.42,2754589624.7,32.4419541972,2048297313.74,128605106.85,207673342.2,69398948.67,2603463185.75,13248576.18,318306.17,2021-03-25
4801,002653,海思科,493891812.79,48.21,3937340462.03,14.9030124992,1348241608.07,1713406527.63,258292141.61,18249270.84,3631437527.29,546795286.63,546415290.94,2021-03-25
4802,002522,浙江众成,64161660.67,78.64,1245810742.75,18.7866227935,941917036.5,38572261.51,107207070.4,45981692.9,1197170581.38,12527849.52,14883977.97,2021-03-25
4803,002463,沪电股份,1205980495.0,111.41,7128544582.0,29.6833440924,5023783649.0,206166623.0,143310103.0,-1418239.0,5748282549.0,1353168081.0,1353025481.0,2021-03-25
4804,002461,珠江啤酒,497483602.51,35.77,4243607162.29,5.0580344786,2256049136.47,774300489.3,349069839.11,-217242533.84,3682953138.5,585641713.09,587728946.97,2021-03-25
4805,002109,兴化股份,146148587.43,-38.6,1974453085.88,-3.8085235299,1692510145.57,8268848.83,71106005.51,11677331.15,1798964623.76,177020433.82,179681272.66,2021-03-25
4806,000759,中百集团,10196510.39,-97.63,15547874380.83,2.2317162368,12076382079.74,2751922485.73,473207808.81,28513960.16,15408089492.6,125950416.36,80188251.77,2021-03-25
4807,688111,金山办公,400579204.93,28.94,1579520610.25,39.820039253,227765733.93,344738048.45,135696496.54,-3018936.31,1319903653.86,401647105.39,406372000.65,2021-03-24
4808,603663,三祥新材,82710422.36,11.5,761083724.61,27.1579159829,522366359.94,30298878.67,40305189.99,10291580.05,631234856.85,130718240.1,131173206.88,2021-03-24
4809,603585,苏利股份,303187370.14,-2.86,1812605555.46,10.1285986,1149169992.58,37396198.47,73078972.21,-23141143.55,1341105000.94,485925996.59,484928167.01,2021-03-24
4810,603535,嘉诚国际,127868422.41,-7.02,1194210118.54,7.0451743279,904391274.83,49312765.19,64392539.7,148197.25,1041080506.13,140851164.81,141406766.21,2021-03-24
4811,601688,华泰证券,9001644018.52,78.86,24863012026.33,54.3494363772,,,11367308599.49,,13255077135.16,11607934891.17,11585965062.03,2021-03-24
4812,601600,中国铝业,853102000.0,2.38,190215398000.0,5.4553206068,176377928000.0,1675869000.0,3005455000.0,4720595000.0,188152262000.0,1962270000.0,2118961000.0,2021-03-24
4813,601319,中国人保,22401000000.0,66.6,555515000000.0,10.2652049726,,,,,525719000000.0,29796000000.0,29780000000.0,2021-03-24
4814,601200,上海环境,616259178.45,6.65,3646748828.37,41.1915201658,2575921193.24,,205935259.51,200952520.68,3077092135.51,823097922.15,822099495.82,2021-03-24
4815,601069,西部黄金,41068736.89,322.5,3862895992.99,285.604374857,3524641296.78,17849945.11,164734845.57,32874831.18,3788024311.02,60283907.36,58055936.32,2021-03-24
4816,600649,城投控股,605847279.31,-41.08,3643588699.45,-47.2143126424,3018886700.61,26110017.26,108536637.2,27110823.84,3242394151.62,801399078.04,838296895.88,2021-03-24
4817,600502,安徽建工,596160727.59,-25.47,47265560036.0,21.7306259557,41583940853.76,147206798.25,1380445648.77,1003094692.46,44851207637.24,1270565218.48,1272112166.31,2021-03-24
4818,600238,*ST椰岛,-267662253.3,-760.68,625421220.55,-11.4124883734,533169029.87,156364068.77,103138923.36,15781207.32,838803575.86,-288472446.77,-288596034.87,2021-03-24
4819,600011,华能国际,1565963763.0,17.21,173583125512.0,2.1332926794,148251680605.0,116948508.0,4555421408.0,10743778025.0,165566215155.0,4489465808.0,4663165921.0,2021-03-24
4820,300999,金龙鱼,5408025000.0,5.469117954221,170743420000.0,2.1965772781,151275557000.0,8024850000.0,2574379000.0,553523000.0,163021713000.0,7068674000.0,6958111000.0,2021-03-24
4821,300788,中信出版,251261246.99,21.56,1888462430.36,15.558609019,1160048395.13,393163791.4,134099852.05,-2487490.11,1700656014.66,240362467.23,243620533.21,2021-03-24
4822,300337,银邦股份,16571555.04,122.42,2024905608.32,4.9000521114,1826047141.95,61325654.76,72138569.97,60135726.99,2102027131.1,23588732.02,33903326.57,2021-03-24
4823,003022,联泓新科,531815703.61,131.737626559174,5674492427.06,-2.0752241802,4488066366.5,115145057.42,253834723.35,179825412.43,5084105653.58,640658443.5,636498730.66,2021-03-24
4824,002937,兴瑞科技,138271078.99,26.04,1023462841.82,0.546262327,731049029.77,46433681.5,62915803.23,-18346286.58,883873129.55,156172620.2,157943525.81,2021-03-24
4825,002819,东方中科,56112519.16,19.77,1029812066.93,11.2132342833,825008679.15,33282845.93,52004639.9,1430957.41,941090454.61,88003496.57,87985933.44,2021-03-24
4826,002393,力生制药,188137401.05,1.71,1615276373.24,7.4267368768,447758032.62,692309929.94,127544427.77,-20758849.78,1402399276.66,220147607.12,216792958.45,2021-03-24
4827,002243,力合科创,533635148.22,55.63,2153886460.65,-5.6546516252,1367998063.16,93925132.84,253058813.82,21226376.86,1888828936.83,645734174.87,643503829.94,2021-03-24
4828,002236,大华股份,3188144692.55,26.04,26149430652.42,10.4951207632,15396193940.44,3952947275.82,740880944.67,-70077580.11,22996746203.46,3496880384.57,3498563157.51,2021-03-24
4829,000952,广济药业,86943194.92,-49.37,731340517.94,-13.3309195634,391543846.01,43707887.33,126403038.99,31617087.0,662754859.89,98870074.63,99896522.81,2021-03-24
4830,000532,华金资本,70821423.89,29.55,432588134.95,-18.4460695829,251104793.89,7654010.81,46347535.69,70041928.68,395272887.48,115508266.74,114614156.64,2021-03-24
4831,688699,明微电子,80724536.06,67.785796623072,462902112.42,18.3684288182,320782266.27,6734296.86,12883359.88,-412597.04,378379820.09,87661799.56,87599621.79,2021-03-23
4832,688166,博瑞医药,111083322.81,51.75,503156657.17,23.4730316734,180910883.45,15225603.97,60729571.07,-2868429.55,381997211.67,121333424.02,119943909.96,2021-03-23
4833,603993,洛阳钼业,1857014210.98,-59.94,68676565008.79,164.518460877,65605691676.4,90657673.8,1233696509.26,1250837802.17,69261920764.53,2221602835.3,2358448463.92,2021-03-23
4834,603950,长源东谷,268806254.47,48.098779557578,1155220399.34,8.3042230075,801600933.55,23542067.07,39911866.52,7051120.1,940938439.63,294029478.2,313003997.44,2021-03-23
4835,603801,志邦家居,329432664.59,20.72,2962140003.07,21.7487455007,1820753839.79,462636866.77,168040853.68,-8365108.04,2606367504.98,384797731.66,380590412.53,2021-03-23
4836,603660,苏州科达,91108820.38,-71.7,2546505667.29,3.7848775933,1161896338.57,572390530.8,95271834.58,5056778.65,2550418188.85,70044014.14,69916045.37,2021-03-23
4837,603590,康辰药业,266080142.06,0.81,1065924550.73,4.2811401696,57661913.86,637204763.14,41847231.94,-62266283.9,798994056.21,299511314.47,299091277.15,2021-03-23
4838,603305,旭升集团,206591109.71,-29.66,1097198584.99,0.146448275,724071658.42,20546343.66,60994016.43,9226496.45,866594615.95,240740052.76,239769064.45,2021-03-23
4839,603189,网达软件,34396831.11,330.28,298098936.62,47.7128040456,158985899.31,13802293.89,33718702.91,235559.1,266835584.08,32578487.1,32951194.02,2021-03-23
4840,603038,华立股份,93761715.99,13.0,910276734.13,20.6963131084,701716611.03,36464381.4,49791878.01,-671863.74,827686771.07,106625210.13,105946606.95,2021-03-23
4841,603010,万盛股份,165769087.54,54.19,1929602282.47,11.3514580794,1458757642.28,114288655.79,85398523.83,16138485.66,1771284260.3,92092744.62,172510242.13,2021-03-23
4842,601882,海天精工,76718372.85,-24.42,1164725504.4,-8.4552415017,906927635.84,83895669.9,33038807.53,-3847648.15,1095033288.22,71272358.66,90397005.76,2021-03-23
4843,601608,中信重工,116896678.98,10.11,5239949097.62,0.7578388734,3864379781.75,231173541.9,478147974.78,200989047.51,5216823763.52,147286506.04,170446296.66,2021-03-23
4844,600803,新奥股份,2905580000.0,-8.82,88652180000.0,-0.6486387424,73221450000.0,1321420000.0,3292480000.0,1390180000.0,80269580000.0,10678860000.0,10791950000.0,2021-03-23
4845,600742,富维股份,535810924.27,8.31,17770580402.78,30.5932151525,16290812850.32,215056422.87,552226109.63,-2827679.36,17303174638.84,746404980.65,751681110.3,2021-03-23
4846,600731,湖南海利,101082223.81,96.28,2148691837.24,32.0004934973,1568523335.58,65279124.11,116170393.58,22034919.18,1867293738.26,171000648.53,158210341.96,2021-03-23
4847,600583,海油工程,27926761.89,-64.99,14710394330.48,33.1001903994,12921911289.74,35838837.23,239128657.45,-12788747.28,14132305583.63,179047702.3,208741780.46,2021-03-23
4848,600540,新赛股份,20880956.22,2.54,1380228765.64,7.5354211691,1287176371.94,23660471.28,43546960.1,42245997.54,1402772582.22,15199082.77,21068663.39,2021-03-23
4849,600267,海正药业,93072677.67,118.899004465004,11071784242.87,8.680720514,6314504574.75,2889129724.33,937926804.99,513131028.53,11650171260.66,520857362.49,507093515.04,2021-03-23
4850,600160,巨化股份,899057724.98,-58.4,16067504118.42,-0.3898725658,13779649464.29,441724207.41,523766199.0,-37833505.37,15276457757.76,1076614669.59,1075594803.66,2021-03-23
4851,300902,国安达,74568032.24,18.656414787838,277362580.8,18.5879546499,119046326.11,24136517.35,26115656.11,722750.74,188939517.52,87610075.88,87546998.06,2021-03-23
4852,300846,首都在线,66516952.29,15.076349315643,739059012.08,22.5412304165,505876467.18,40349673.21,71622115.51,-5291194.4,667452185.45,77329265.75,77271202.69,2021-03-23
4853,300837,浙矿股份,96193579.21,29.222256265171,369395459.34,24.5896659371,205438194.73,20166918.99,19337287.89,-2478616.19,260113718.76,109551677.52,112336132.5,2021-03-23
4854,300655,晶瑞电材,31315869.85,-37.64,755724044.86,-6.7997592731,549697691.74,59127128.75,57308218.94,21220530.56,722635740.11,45757370.39,45572869.37,2021-03-23
4855,300224,正海磁材,93123746.43,214.18,1798558416.34,7.0598894405,1447934388.49,59350243.85,86904073.47,-5256706.4,1726609793.71,85157395.87,84513300.49,2021-03-23
4856,300138,晨光生物,193572517.02,33.24,3265232815.43,6.5871112926,2683913248.19,148522150.29,120930535.27,57336622.68,3070147561.99,203101357.13,210563292.61,2021-03-23
4857,300101,振芯科技,4586765.52,-71.63,471613448.07,6.3238899313,234138885.03,41280723.62,97652558.93,78918.97,435653743.59,1502802.07,6994857.95,2021-03-23
4858,300073,当升科技,-209045092.5,-166.12,2284175396.2,-30.3747160678,1834488261.92,33057523.75,51277363.96,-2722251.46,2021372695.79,-201413218.09,-198803129.3,2021-03-23
4859,003043,华亚智能,55410607.21,-12.745351817374,310551063.22,1.3745535055,202127669.32,8822170.52,19072694.3,-2660535.7,243887668.27,64020631.22,63470639.07,2021-03-23
4860,003018,金富科技,103767892.25,22.282540030058,598163664.03,5.2368920122,402548652.55,27615616.45,22873035.25,5342651.5,477117571.5,122722034.55,124308250.43,2021-03-23
4861,002911,佛燃能源,411515667.21,13.66,6426883211.93,26.1583793267,5430021090.73,70684537.61,192569518.67,49441107.97,5793176323.18,690252208.75,682725272.93,2021-03-23
4862,002801,微光股份,165307791.62,69.94,794243592.45,22.8237284002,531502656.61,32268662.13,21572249.51,-389662.3,626199686.82,189285535.84,188777713.53,2021-03-23
4863,002253,*ST智胜,51767414.83,-5.78,342509091.74,0.7975373511,227275019.22,12826880.71,39180504.12,-2283130.89,299821096.46,65995848.5,65721821.37,2021-03-23
4864,002226,江南化工,404645676.51,84.41,3633186954.2,25.922596871,2133822882.25,135676984.74,417094702.62,226479877.04,2985682765.12,613787881.38,616141499.22,2021-03-23
4865,002225,濮耐股份,252268968.36,13.88,4140123441.85,6.4829190768,2918964714.14,403546863.4,233782811.44,29477339.74,3813761810.83,298502982.92,292734588.6,2021-03-23
4866,002155,湖南黄金,159789350.8,-40.91,13829217053.36,10.9807981028,12680536046.9,37640617.1,506543682.79,53842564.01,13571346868.94,197868980.34,194781094.29,2021-03-23
4867,002136,安纳达,32384106.77,-29.75,1037732146.09,0.1938597755,895113202.99,32467575.28,14978465.27,849456.73,987813574.43,37460169.46,36739939.69,2021-03-23
4868,002119,康强电子,92582917.83,15.39,1418269645.18,-4.3581845283,1121491156.11,15952525.22,81091941.21,33752852.27,1327369302.41,111356994.31,99065470.93,2021-03-23
4869,002117,东港股份,266721676.93,3.88,1495634115.55,-3.2359400577,878890291.36,120387181.5,103387980.93,-230332.42,1212763316.23,312542090.01,312922075.25,2021-03-23
4870,002079,苏州固锝,96454137.86,2.01,1980553309.06,5.0510016748,1636772283.91,46119122.23,44502810.93,-2740866.24,1815763072.54,163484860.43,162883720.38,2021-03-23
4871,001979,招商蛇口,16033175796.35,5.2,97672181191.74,10.6417702853,63829174174.03,2206646581.01,1728572047.38,2772555284.46,79789160461.3,26319993161.36,26123711486.14,2021-03-23
4872,001914,招商积余,286227940.46,-66.59,6077903715.74,-8.6804901694,4968170383.57,75017764.88,379109973.07,235791601.59,5691691019.5,401505597.02,408308585.81,2021-03-23
4873,000965,天保基建,189761981.51,97.46,1216110975.62,-46.887162048,538091644.8,15069978.11,41252187.2,44288638.19,971563155.77,272843016.44,272254934.12,2021-03-23
4874,000868,安凯客车,33620608.62,103.76,3375870425.18,7.2794997995,2833373214.41,239531495.38,143720555.64,89336774.27,3429784090.54,54564138.05,55103603.79,2021-03-23
4875,000862,银星能源,28928405.17,-45.58,1356564109.45,13.5304626526,938365728.5,13520132.93,57816216.22,314563153.84,1337611675.56,45745666.29,20513695.15,2021-03-23
4876,000856,冀东装备,23611962.97,2.49,2546400307.04,25.3388942471,2426104670.29,27947398.49,83196770.12,14930469.15,2586429837.7,-5077863.75,39824462.6,2021-03-23
4877,000830,鲁西化工,1726343770.4,-44.86,18206818457.8,-15.0560149501,14740112187.48,620569258.77,341453690.25,584027227.27,16992018315.64,1558549942.62,2055715025.93,2021-03-23
4878,000810,创维数字,626238234.25,90.56,8901854678.66,9.1730976236,6941305152.59,574779623.49,198116174.35,-21097483.41,8220657876.88,670700214.54,671668812.46,2021-03-23
4879,000807,云铝股份,495225700.67,133.780305222704,24283623386.87,11.9610334192,21040324803.55,538963773.61,827127848.62,898151474.91,23607128206.93,582716055.65,596545798.99,2021-03-23
4880,000636,风华高科,338849751.64,-66.69,3293174130.4,-28.0997838965,2503357949.56,76303472.01,228106090.33,-29164666.78,2957026913.14,392844421.53,390900363.53,2021-03-23
4881,000619,海螺新材,11600322.55,19.56,3614279528.0,16.9541004405,3192588647.34,193440795.38,194973973.45,26947821.67,3656743004.04,21930536.51,22764262.73,2021-03-23
4882,000551,创元科技,112904825.37,31.12,3237263431.25,8.4973326416,2494216926.06,135329747.7,208355123.45,15795903.77,3033688872.09,216631419.28,215375386.45,2021-03-23
4883,000517,荣安地产,1888856434.53,210.42,6662579240.61,67.9175215478,3890372623.86,380103208.45,177890215.31,130225508.44,4771761670.6,2138006754.75,2137250098.58,2021-03-23
4884,000513,丽珠集团,1302875440.93,20.39,9384695835.01,5.9142368664,3391728260.19,3093219804.38,629346060.48,-220799167.69,7735144102.72,1729853089.38,1727542394.19,2021-03-23
4885,000055,方大集团,347771182.73,-84.52,3005749558.66,-1.4081698066,2169176295.27,57584186.2,170443795.5,82608834.38,2601531253.53,418141980.49,417033292.75,2021-03-23
4886,688106,金宏气体,177081333.91,27.425924982404,1160577532.73,8.4860870759,596685904.79,193820637.55,90137226.36,15395310.54,945874991.1,220089116.06,220041524.24,2021-03-22
4887,002988,豪美新材,167364507.1,77.408450775088,2967748524.26,10.6387819124,2470970277.05,129916143.18,78834346.69,50130825.0,2839396203.15,183572580.58,183451065.53,2021-03-22
4888,688186,广大特材,141506039.01,5.3,1588297774.86,5.3618945018,1243300093.65,48720484.38,49520900.28,43918987.69,1449565958.0,169967398.65,167840517.99,2021-03-20
4889,688037,芯源微,29275895.55,-3.94,213156650.17,1.507747043,113791474.91,20614440.49,34027507.47,-448990.07,204444573.36,25975006.48,31289451.47,2021-03-20
4890,603919,金徽酒,270605164.84,4.64,1634398043.55,11.7603889146,641911836.92,244983655.66,146634538.5,-2894848.37,1289904062.83,349958590.45,344512002.32,2021-03-20
4891,603881,数据港,110337894.22,-22.76,726641194.19,-20.1211352965,461718084.2,6099541.28,59726517.27,59180750.47,615187600.22,119281411.41,122288625.21,2021-03-20
4892,603595,ST东尼,-148441391.49,-228.65,660789816.56,-24.2564008399,485128960.42,10599794.4,58016215.24,29231586.0,631265913.9,-155643968.86,-155556628.74,2021-03-20
4893,603429,集友股份,201689573.88,74.76,671499238.86,46.4887123829,377619989.04,18403918.44,47944416.15,-13478944.49,472909346.14,235456898.58,235053270.8,2021-03-20
4894,601005,重庆钢铁,925723000.0,-48.22,23477597000.0,3.7044109408,21718957000.0,121521000.0,597612000.0,170887000.0,22777313000.0,860519000.0,890509000.0,2021-03-20
4895,600970,中材国际,1591960214.11,16.41,24374389855.13,13.3617677803,20274029045.55,519186894.13,1253628204.01,-92915526.01,22631957413.56,1754246236.77,1803855646.91,2021-03-20
4896,600956,新天绿能,1420669278.97,11.531648022489,11985837618.15,19.7898672915,8643814515.46,562620.01,555015462.87,871659354.2,10120156134.73,2142211439.27,2190641643.43,2021-03-20
4897,600829,人民同泰,267334545.07,3.67,8353884452.41,18.4071284108,7333093607.36,364011069.6,228106258.47,24879025.71,7975302671.54,363729344.66,361265470.34,2021-03-20
4898,600761,安徽合力,651343432.89,11.79,10130234608.77,4.7867214578,7972506121.6,492903309.15,344310599.09,2612492.74,9385358519.68,881516510.62,906755975.56,2021-03-20
4899,600750,华润江中,463596527.4,-1.41,2449404442.61,39.5489939761,816751083.68,868847032.9,166772279.82,-16660071.7,1931088805.51,567608707.74,565999432.19,2021-03-20
4900,600720,中交设计,1234148686.52,88.48,6931326473.55,20.0280573372,4395318128.65,346364040.27,696929055.26,40058302.85,5562639727.52,1471909205.31,1530814395.1,2021-03-20
4901,600719,大连热电,11271241.0,316.39,766922471.87,4.941314953,618731394.73,2928079.39,95982877.52,11368874.54,733659593.21,26564827.04,12501562.6,2021-03-20
4902,600470,六国化工,-262016273.76,56.618081109089,4353688120.21,4.5228579407,4001482229.98,186887415.55,162361202.4,108697424.75,4600553834.07,-260207366.17,-265128911.03,2021-03-20
4903,600425,青松建化,220542872.0,-39.61,3139491074.33,30.078957563,2065551542.84,39845530.56,265999503.19,179492842.35,2600138282.23,272928381.05,229844171.91,2021-03-20
4904,600386,北巴传媒,87156716.98,-15.21,5228325330.29,9.0583591525,4327365306.42,263708771.3,286776055.94,96497291.29,4996112575.06,178655378.0,181099804.66,2021-03-20
4905,600228,*ST返利,-5662465.28,-170.66,433314419.26,-18.0073549311,360445448.57,21321365.6,29854945.44,395319.66,428124999.37,-1030534.05,3296327.58,2021-03-20
4906,600210,紫江企业,494198437.2,14.2,9210963560.33,2.2320811477,7350875302.45,415607293.37,585014919.68,147434788.86,8750058393.59,610050167.04,594582049.64,2021-03-20
4907,600176,中国巨石,2128865279.67,-10.32,10493293115.71,4.5938037472,6772702294.98,88309356.52,576835053.68,515241817.41,8298240412.64,2523520216.7,2536981875.03,2021-03-20
4908,600036,招商银行,92867000000.0,15.28,269703000000.0,8.5083784273,,,86541000000.0,,152656000000.0,117047000000.0,117132000000.0,2021-03-20
4909,300741,华宝股份,1235214129.0,5.09,2185338829.0,0.7498348302,508193341.0,168358942.0,163860330.0,-151204227.0,882161059.0,1447037971.0,1445236262.0,2021-03-20
4910,300623,捷捷微电,189686002.12,14.5,673997139.35,25.4016120888,369897077.04,28749082.39,41663845.31,-22096041.82,460143984.59,221569173.8,222867267.47,2021-03-20
4911,300249,依米康,3278236.16,-91.44,1179354900.26,-13.9896509525,884752399.1,93533701.19,81755446.78,50207247.91,1183321858.97,-8593377.19,-4868580.0,2021-03-20
4912,300193,佳士科技,207669714.14,8.85,965557154.57,8.0882036613,638682593.46,54461687.98,56783301.59,-59400411.37,759734576.75,245763494.09,246012332.69,2021-03-20
4913,002925,盈趣科技,973168767.12,19.6,3854442532.64,38.7124055941,2319091119.2,63567089.51,169617322.3,-53102430.08,2799178927.38,1125784550.27,1126241714.95,2021-03-20
4914,002886,沃特股份,47330703.34,35.05,900158326.09,11.3826106465,748276352.77,36147504.52,39879925.7,16498486.15,886328425.26,55442262.13,55329805.84,2021-03-20
4915,002539,云图控股,213244926.03,21.35,8626473363.85,9.6358185932,7275030565.32,279459266.82,478404699.07,166735405.78,8371237668.9,299346526.83,289449224.71,2021-03-20
4916,002465,海格通信,519471172.1,19.32,4607107847.47,11.2006999738,2871957658.18,204301976.62,278804513.11,-10427534.13,4050937181.61,569588796.41,599295512.35,2021-03-20
4917,002319,乐通股份,-291491352.09,-763.78,383055009.25,-21.4146347304,286754320.36,24952785.03,52356386.93,27506378.95,411929430.29,-275700647.23,-279948397.65,2021-03-20
4918,002315,焦点科技,150917649.09,168.03,1009839618.16,12.1789665265,233830734.51,453212335.69,81240608.8,-4170998.4,888416060.19,173751287.14,174024720.81,2021-03-20
4919,000989,九芝堂,192146815.99,-42.89,3183694789.58,0.6826389141,1224036549.93,1288403279.25,229022327.72,-2239689.85,2886444220.41,268642036.96,265529547.1,2021-03-20
4920,000987,越秀资本,1178887864.23,161.98,9929246919.11,25.4988233112,,85357300.99,1859684581.47,-138300606.47,9429815974.89,2342090768.63,2324210002.92,2021-03-20
4921,000828,东莞控股,1073883467.11,1.68,1639825901.01,1.0043090933,549167439.29,,62090282.11,-44536512.5,575633680.7,1337950550.05,1338980456.91,2021-03-20
4922,000791,甘肃能源,422503763.72,-12.92,2267603850.39,-1.6625752374,1223685208.13,,32283499.75,527444874.17,1810973826.48,558530625.62,561336044.59,2021-03-20
4923,000786,北新建材,441144299.54,-82.11,13323011974.0,6.0334795199,9078691265.89,377028093.37,656660502.79,26444666.89,10716613410.54,2698087829.54,656612369.88,2021-03-20
4924,000750,国海证券,487716781.47,566.8,3560208077.82,67.7284741712,,,1848957348.8,,2844724197.63,715483880.19,716729094.92,2021-03-20
4925,000655,金岭矿业,179626516.88,78.78,1335920163.46,28.2961034619,997127473.17,17316917.44,123372209.83,-12290266.75,1168650364.44,222332696.58,222666127.54,2021-03-20
4926,000610,西安旅游,-30202176.71,-131.37,863920273.41,-2.4754267992,817455610.84,36429489.62,37848918.44,-2835374.74,895311853.79,-40408916.63,-37427048.5,2021-03-20
4927,000565,渝三峡A,64906842.59,43.53,473030122.64,-25.0631323587,327984896.81,20710016.23,83527466.87,6492631.08,456477979.91,74519622.09,74581043.91,2021-03-20
4928,000423,东阿阿胶,-454830581.98,-121.29,2970075665.15,-59.6825450193,1557250595.42,1326846120.83,306488814.75,37626378.5,3467574567.88,-523260996.72,-516397269.78,2021-03-20
4929,000409,云鼎科技,-447824583.37,-1565.74,2486956326.97,-27.6101657262,2371813356.91,57211406.22,158272871.06,119427534.3,2740063883.04,-962730342.18,-960911744.66,2021-03-20
4930,000029,深深房A,552452307.59,9.72,2548740319.49,17.1733756788,957752652.54,79480254.02,68854618.7,-20906149.2,1836195304.27,730864469.07,731983330.76,2021-03-20
4931,603938,三孚股份,107666283.23,-4.76,1156606116.76,4.7790520402,834370382.01,113492220.55,39740482.76,-5216256.77,1040818333.8,123536533.22,126566425.07,2021-03-19
4932,603505,金石资源,222461301.08,61.63,808843355.91,37.6404699887,336083468.25,51145715.01,59199776.16,19370517.21,513366014.17,301421157.45,297506542.51,2021-03-19
4933,601456,国联民生,521344151.14,930.566537518779,1619382372.77,63.6202800997,,,933595115.67,,931868050.0,687514322.77,686486113.49,2021-03-19
4934,601126,四方股份,187878181.1,-13.42,3681198033.45,4.3219848177,2155728469.39,635905114.05,192953247.72,-13510823.91,3447693506.5,203512903.56,229242065.64,2021-03-19
4935,600511,国药股份,1603898686.53,14.23,44644476404.16,15.2418060199,40736871644.16,1048411619.03,425435061.47,10551208.43,42369926367.25,2436081210.84,2426557228.86,2021-03-19
4936,600449,宁夏建材,768900135.04,79.53,4790467584.86,14.7946478881,3013685642.83,415060282.83,305394216.07,19654967.0,3858825849.0,987473653.85,1033681021.11,2021-03-19
4937,600419,天润乳业,139583335.57,22.25,1626592714.47,11.2560424749,1185239575.82,190537192.86,63671638.31,1560232.78,1457282502.9,184585043.27,159251209.47,2021-03-19
4938,600332,白云山,3188884638.91,-7.33,64951777641.83,53.7908479054,52729242257.44,5736793789.43,1978870482.38,117117328.52,61436622052.25,4055012458.47,4128533472.61,2021-03-19
4939,600062,华润双鹤,1055123708.98,8.93,9380989927.55,14.0534335055,3430643138.7,3730256199.64,630998553.72,-9873968.14,8120903884.92,1262485573.21,1261796726.82,2021-03-19
4940,600030,中信证券,12228609723.82,30.23,43139697642.01,15.9024099018,,,17562366097.38,,26128905191.25,17010792450.76,16994636082.28,2021-03-19
4941,300887,谱尼测试,125070218.38,-2.304258644595,1287329398.08,2.931061823,654826879.52,250909688.39,159052884.77,5251301.39,1158181356.01,137966496.4,138396789.92,2021-03-19
4942,300016,北陆药业,342438319.29,131.75,819119389.78,34.7117360811,254765327.59,272495948.76,46474253.18,-603213.92,633517859.3,400475309.85,396770066.93,2021-03-19
4943,002628,成都路桥,43258564.72,102.85,2795244197.42,2.5547918911,2676683026.66,,108457784.59,63605755.13,2862817515.51,65186484.17,64256417.32,2021-03-19
4944,000999,华润三九,2098848629.67,47.51,14793661506.1,9.4891025304,4887110997.41,6587273490.78,953065197.0,5412588.65,13080843184.09,2514416828.55,2554983435.72,2021-03-19
4945,000905,厦门港务,85629224.29,239.81,14154636130.47,5.7037372738,13572009476.64,49927200.36,204935492.44,122095303.5,13974085841.43,283109122.76,282055273.03,2021-03-19
4946,000698,ST沈化,-745761458.28,-732.47,11019952779.31,2.1237746662,10638781560.86,167158480.21,170556950.14,128645009.94,11389826901.36,-693257878.71,-695639211.11,2021-03-19
4947,605136,丽人丽妆,285993647.66,13.35604968104,3874467701.99,7.1830866046,2494694028.99,960759001.68,88234649.02,-4067556.81,3561049921.54,366569475.69,366567344.79,2021-03-18
4948,603712,七一二,345316672.44,53.52,2140653347.67,31.6879115549,1143338298.29,62010538.86,115887677.37,18436674.44,1817731932.38,340431759.85,342640910.75,2021-03-18
4949,601878,浙商证券,967557059.43,31.29,5659478638.09,53.174097054,,,2077134220.27,,4364298969.49,1295179668.6,1288802431.85,2021-03-18
4950,600860,京城股份,-130036755.55,-38.430996174697,1195847102.19,6.6231473673,1090367319.46,61218869.03,112494870.48,23064724.52,1311270371.18,-159885924.06,-159819384.9,2021-03-18
4951,600835,上海机电,1129931561.64,-14.9,22287777845.49,4.1561481863,18495260137.98,726551989.47,759139015.46,-230252182.59,20578958222.25,1942118028.93,1983559366.6,2021-03-18
4952,600800,渤海化学,147028789.59,-210.17,3824575919.5,-28.4167932132,3359440941.42,23028061.92,113651620.26,65128402.23,3614881710.79,206172609.53,212067098.41,2021-03-18
4953,600785,新华百货,182106590.16,32.59,7668228196.89,0.5541924999,5993402171.81,1180045498.28,212333657.35,64615151.18,7501560316.86,180065973.52,211870165.66,2021-03-18
4954,600523,贵航股份,135103771.98,14.94,2207998805.4,-21.1005960694,1696636705.27,92397920.53,221502770.24,-19145394.57,2097603641.72,145050557.32,156849698.83,2021-03-18
4955,600435,北方导航,44597486.11,-9.96,2293110040.27,14.7122563227,1749963095.04,68674021.38,213569794.48,-1799878.5,2154447938.9,130112324.75,129028533.66,2021-03-18
4956,300801,泰和科技,171614747.95,-7.8,1245221017.78,0.0412519503,871927906.84,79515554.62,57038626.18,-6463759.8,1055367904.46,204813576.2,203993588.69,2021-03-18
4957,300398,飞凯材料,255136472.4,-10.3,1513307757.53,4.6750384055,870582993.45,106917489.51,157953314.18,37184292.12,1309778724.31,305772780.52,303811777.83,2021-03-18
4958,002985,北摩高科,212296858.02,41.51446830038,413787969.95,24.9074276987,100545745.61,7338354.36,33060877.8,-4078047.6,175249019.6,247948453.91,247970278.33,2021-03-18
4959,002876,三利谱,51252496.77,85.04,1450668675.41,64.2960117703,1208870092.89,17490959.12,33199903.18,49888644.45,1372475850.97,67937757.63,68966922.9,2021-03-18
4960,002812,恩捷股份,849837425.81,63.92,3159561554.91,28.5684955668,1730301164.11,67250207.94,122867832.09,98965867.78,2189218723.03,1062695831.17,1061929723.86,2021-03-18
4961,002469,三维化学,77364125.53,93.45,631007773.44,20.5634129414,467540688.3,26705613.03,37953754.5,-6811424.5,561900174.01,89518020.29,93282295.19,2021-03-18
4962,002352,顺丰控股,5796505532.2,27.23,112193396064.26,23.3671346578,92649616205.69,1996887445.06,9699267908.83,682991065.31,106501662812.83,7408608298.14,7426311085.12,2021-03-18
4963,002231,*ST奥维,47935022.96,136.08,358811284.06,44.9576449593,294345891.45,11977736.31,25378371.08,780287.01,345768340.02,47213366.8,49337837.52,2021-03-18
4964,002211,ST宏达,-87996928.58,-890.46,1104658864.23,2.2711688968,988925299.0,36376906.86,54342327.12,-1275153.34,1122102478.37,-74941313.22,-76340115.7,2021-03-18
4965,002176,江特电机,-2024446318.12,-8.35,2594520822.79,-8.8333709694,2716160115.52,189086424.39,218080919.99,155679173.74,3485113444.08,-2030357904.14,-2135234707.9,2021-03-18
4966,002080,中材科技,1379965477.82,48.42,13590466951.3,18.6076320767,10206499795.6,256103213.22,734111886.53,361460235.14,12219597794.99,1558178211.72,1665553666.52,2021-03-18
4967,000612,焦作万方,106643086.76,124.121635217675,4761183623.18,-3.0076712885,4506105474.01,6939881.48,87571772.3,84796156.77,4735270383.52,113199952.91,105012865.87,2021-03-18
4968,603677,奇精机械,76316812.65,-1.77,1666390456.03,20.6395731809,1415837950.9,32803388.47,53508515.64,21935656.7,1581176529.0,91552436.76,90351674.45,2021-03-17
4969,600961,株冶集团,77439844.92,104.745615746962,11191965772.14,-13.963742277,10729850070.2,52881401.26,159371606.99,149360241.71,11138384233.28,129756603.56,129600745.7,2021-03-17
4970,600507,方大特钢,1711190571.27,-41.54,15388999128.45,-10.9734363505,11590694282.79,126019363.14,1335340091.9,-109023672.3,13148329620.76,2372902686.92,2344250053.49,2021-03-17
4971,600433,冠豪高新,170325142.7,55.95,2594768713.06,1.7494418381,1934898410.36,119486922.15,91450780.89,54251149.12,2379310956.5,197338103.68,202122608.78,2021-03-17
4972,600416,湘电股份,-1578916977.58,17.41,5204770101.47,-16.0390821881,4841114798.21,739563645.21,297675403.05,334637347.36,6411851860.92,-1417594414.75,-1570331985.65,2021-03-17
4973,302132,中航成飞,212416459.45,36.0,1544752374.83,11.2662266734,950231893.54,143246972.37,158206231.81,-13401026.04,1323425819.31,242318690.62,244309850.04,2021-03-17
4974,300548,长芯博创,7783551.14,233.91,407171642.6,48.0027113909,326284026.24,6467885.6,37603782.34,-4818415.2,404675077.97,9165229.16,9200851.8,2021-03-17
4975,300483,首华燃气,73750172.52,1213.95,1530646879.85,352.021274598,787448293.73,101882072.07,79201089.16,48278893.25,1095315736.97,424159245.45,388897581.67,2021-03-17
4976,300456,赛微电子,115438474.87,29.772048152291,717966331.76,0.7675850988,400520542.7,23656191.98,83563985.52,-10011767.38,612392725.85,142142293.74,142201940.33,2021-03-17
4977,300416,苏试试验,87298238.46,21.32,788095511.91,25.314033162,419413259.13,64346846.46,109390157.43,15460412.25,667503948.2,118249668.21,117811673.85,2021-03-17
4978,002882,金龙羽,280417846.81,15.45,3846622652.7,15.9186890601,3226260893.58,122628497.74,72185593.19,19393823.01,3464333336.27,375368749.44,375731155.91,2021-03-17
4979,002810,山东赫达,157621906.31,114.72,1112844778.13,21.8735191984,740105557.26,38741745.87,83512378.14,9433136.32,927475457.33,186201480.32,181854920.24,2021-03-17
4980,000597,东北制药,173978087.39,-10.87,8220102898.48,10.0923067881,4637994286.97,2295206364.5,740951443.06,98475453.8,7918142395.73,209956135.09,224245489.13,2021-03-17
4981,000401,金隅冀东,2700587822.51,41.86,34507031964.78,9.7268280453,21715561421.71,1253754735.09,4156385138.78,1180158613.71,28913580754.05,6307076908.11,6254017747.62,2021-03-17
4982,000063,中兴通讯,5147877000.0,173.71,90736582000.0,6.1083377235,57008377000.0,7868722000.0,4772823000.0,965955000.0,84094286000.0,7552182000.0,7161670000.0,2021-03-17
4983,688516,奥特维,73429945.39,45.362253686544,754202135.49,28.7028501301,520761736.97,36410870.4,52522436.56,6595809.64,672611322.91,84917849.16,82321547.07,2021-03-16
4984,603659,璞泰来,651074010.02,9.56,4798526030.63,44.9256812959,3383679449.31,177811844.43,161469830.48,99893702.1,4056411154.31,764662842.93,768806498.79,2021-03-16
4985,603500,祥和实业,88674980.25,7.65,335518952.72,-1.2980165095,188688058.5,15801934.25,25320024.41,-897242.69,244696190.66,98412259.76,103467199.76,2021-03-16
4986,603396,金辰股份,60138252.58,-29.08,862017231.4,13.9739892753,533384137.49,72603633.86,67223802.56,-5649453.57,752626730.73,83984819.71,83948252.64,2021-03-16
4987,603335,迪生力,9081376.83,-32.77,816914321.67,2.6514982475,605866187.97,130950366.46,38257235.42,4376125.25,790501181.14,19936389.33,20075375.07,2021-03-16
4988,603186,华正新材,102140494.39,40.42,2025856500.14,18.1927413725,1611466904.98,89934205.44,68967385.95,34968264.66,1932703667.84,105899477.74,105424215.03,2021-03-16
4989,603093,南华期货,79493205.66,-35.84,9537526165.45,107.9061345635,,,454762357.27,,9421724003.7,115802161.75,114333007.08,2021-03-16
4990,601956,东贝集团,97706660.95,19.195749038375,4928711194.38,8.6807038309,4078637598.61,195585884.32,155548342.84,45107085.94,4773403146.47,213051882.41,217943777.2,2021-03-16
4991,600976,健民集团,91490271.53,12.65,2238937123.13,3.583683669,1344731094.69,687757279.19,103289549.85,658998.86,2193363137.03,105033857.66,99793886.03,2021-03-16
4992,600975,新五丰,63297284.54,276.619085510483,2130425322.84,4.3794076733,1938480810.1,33006615.98,78460605.45,5607017.65,2067761736.7,75840648.5,70061595.9,2021-03-16
4993,600862,中航高科,551582618.5,81.41,2473398794.74,-6.763257488,1662149309.8,58135638.06,278384427.46,219409.3,2112837263.88,664452309.32,667481335.46,2021-03-16
4994,600841,动力新科,116865057.43,-12.44,4033270192.12,-2.1217901447,3359473673.06,232206689.12,247188114.16,-61822731.92,4016957432.0,106371134.61,107573566.24,2021-03-16
4995,600794,保税科技,157493605.92,343.58,1876965973.46,37.583968555,1554906956.85,9968952.85,81353014.3,24352332.32,1678932994.16,229709449.22,222538053.66,2021-03-16
4996,600732,爱旭股份,585242848.36,69.61,6069237197.93,47.7352452249,4973040279.57,51454811.32,152664435.88,108390989.54,5516365699.62,665178951.51,653063666.95,2021-03-16
4997,600577,精达股份,437688660.78,0.07,11997432321.66,0.8374342347,10730595335.71,189947338.81,152124391.16,105403154.17,11394522851.72,596501110.48,626935320.3,2021-03-16
4998,600422,昆药集团,454309421.73,35.4,8119963320.36,14.3338333618,4167227898.91,2978547866.06,348360370.06,36201867.47,7681712216.36,539802767.01,544433475.09,2021-03-16
4999,600309,万华化学,10129985097.55,-34.92,68050668650.78,-6.5714300079,48997610501.85,2782908073.79,1433850380.23,1079748165.38,56574893322.83,12296960750.78,12260357585.58,2021-03-16
5000,600284,浦东建设,408299777.09,-9.84,6219610574.93,69.3619320634,5628520327.61,13721729.14,93738086.07,-44010274.93,5943208503.25,443888789.01,460123256.34,2021-03-16
5001,300848,美瑞新材,83363822.07,50.547766764281,648518070.18,9.6201140558,490870437.86,24837328.83,13898933.93,-1907070.48,554494743.1,96801485.7,95721539.21,2021-03-16
5002,300690,双一科技,152276015.09,73.27,827515391.91,54.3358179815,485956089.79,56654803.06,77897339.24,-5394315.98,655549418.52,174651124.66,175267627.43,2021-03-16
5003,300681,英搏尔,-79342518.05,-249.49,318479504.6,-51.3536607115,282090391.19,29664310.1,24633915.94,6535070.3,397027340.4,-98464728.17,-98538333.78,2021-03-16
5004,300677,英科医疗,178316192.33,-0.57,2082935405.65,10.0602930406,1560112291.68,132365842.79,86497587.19,23446353.22,1888459244.55,202454119.55,203273286.47,2021-03-16
5005,300577,开润股份,226004183.29,30.09,2694818584.84,31.5784270531,1946332766.06,257270744.47,125684503.81,560707.51,2421594174.97,282127133.14,282948934.7,2021-03-16
5006,300563,神宇股份,53639557.88,21.53,471333552.18,27.3205934061,355782397.11,12464909.72,20512348.95,1331659.43,407361957.36,61632561.72,61613882.04,2021-03-16
5007,300501,海顺新材,66976219.25,1.23,621030370.51,22.4438774924,427523609.19,38644534.07,60137277.9,7602969.5,564745351.73,73928539.84,73126977.23,2021-03-16
5008,300403,汉宇集团,163066701.74,0.19,863796022.4,8.8147915152,545258404.54,58849839.01,50988473.88,-12916370.03,702071192.41,179553352.69,179602701.62,2021-03-16
5009,300242,佳云科技,8492943.08,100.68,5529037559.33,-1.4466319465,5254683326.92,73157456.06,96277827.47,45462199.34,5515330783.0,12699543.01,18390542.91,2021-03-16
5010,300207,欣旺达,750965900.34,7.06,25240657906.82,24.1040577329,21366703719.52,260231898.84,857306743.1,379799391.28,24484289589.0,809237377.67,814158297.26,2021-03-16
5011,300018,中元股份,49400268.06,111.06,393913219.22,4.7020421149,185653095.97,61591775.12,43968125.88,-15005704.59,354218313.46,60377157.55,48492444.22,2021-03-16
5012,300007,汉威科技,-103778838.98,-268.32,1819480487.05,20.309706122,1247935555.28,127540709.72,176663088.46,46475529.03,1750408028.32,-1280107.47,-1534062.6,2021-03-16
5013,002993,奥海科技,221534557.8,94.804298090346,2316015938.2,39.4198656816,1834531322.47,37157690.82,75608196.48,-8860215.44,2048442766.73,253947350.62,256272787.84,2021-03-16
5014,002982,湘佳股份,227104319.88,99.090831621734,1877860207.1,24.0233511314,1163729068.78,381709064.82,78249997.71,12006128.71,1643170420.29,244115226.21,232551491.66,2021-03-16
5015,002879,长缆科技,145703084.09,13.55,852775282.9,22.7465304942,407339435.2,175194384.98,66712993.51,-7400772.05,705314172.9,164902935.4,164828065.39,2021-03-16
5016,002868,*ST绿康,56966032.34,-23.73,303759977.46,-11.7725444983,202732673.7,21185651.12,13794393.92,597941.25,261310995.07,66985378.63,66006630.21,2021-03-16
5017,002727,一心堂,603917846.83,15.9,10479093105.69,14.1977457518,6424131698.04,2834267929.17,428474628.44,20809130.14,9760152883.78,739219190.7,749050280.84,2021-03-16
5018,002649,博彦科技,246427162.42,11.15,3687645966.75,27.9116552792,2877344969.24,108150450.24,248369759.67,19325045.9,3462348819.63,265292684.54,266344767.98,2021-03-16
5019,002233,塔牌集团,1733479230.94,0.6,6890702383.14,3.926794073,4294756849.41,97107897.19,433659962.05,-23177056.86,4904510000.48,2340574433.83,2307327729.27,2021-03-16
5020,000712,锦龙股份,70577457.89,138.96,1519266123.74,55.2561633625,,,1302928783.38,,1312454539.65,206811584.09,207871418.71,2021-03-16
5021,688586,江航装备,113174875.96,59.179844378725,674497580.05,2.0437900936,400879068.94,22615752.68,105822403.73,3830249.46,561507441.25,131504011.25,127549725.45,2021-03-15
5022,603773,沃格光电,50904512.75,-67.79,524324061.46,-25.0748724043,366601225.45,34340007.85,70194246.95,-29040940.12,471252058.65,64540259.32,64236177.73,2021-03-15
5023,600973,宝胜股份,154025604.03,30.87,33282921832.46,3.413198971,31113733581.27,577301443.57,399556750.63,484341391.0,33070133564.15,249585897.66,249428531.68,2021-03-15
5024,300206,理邦仪器,131850513.29,42.3,1136243020.52,14.4575961569,500594460.14,253804037.12,90735029.87,-3944656.66,1046966396.99,136348578.16,127793953.64,2021-03-15
5025,002777,久远银海,161493339.26,36.06,1016378796.96,17.6175421317,513398028.84,98304546.55,112072597.58,-7361688.01,810621872.52,198207386.21,197810901.39,2021-03-15
5026,603303,得邦照明,309735843.73,25.18,4243635627.71,6.2132999535,3447315538.75,195698801.92,124118625.61,16859229.73,3929034698.44,304881595.62,345029526.63,2021-03-13
5027,600460,士兰微,14532046.33,-91.47,3110573827.93,2.7997591842,2504805451.16,103860735.94,232812163.62,108886314.13,3309710609.22,-130774503.07,-129936521.33,2021-03-13
5028,600292,电投水电,111066867.39,-11.68,4067543739.51,10.6367333717,3441618160.84,44743956.19,284588090.08,70832149.26,3925390022.31,159197717.23,163311433.28,2021-03-13
5029,300363,博腾股份,185550375.49,49.04,1551298762.27,30.9263962736,964279041.46,45159722.43,197970858.72,7122414.03,1350301602.31,194689484.75,193419217.47,2021-03-13
5030,002916,深南电路,1232775470.34,76.8,10524196882.92,38.4372627646,7731867071.12,217876723.17,501094742.89,72943193.46,9122601234.0,1417268719.81,1403184487.16,2021-03-13
5031,002865,钧达股份,17227122.44,-58.82,826734130.9,-8.3884121538,588691765.7,31216754.97,91830809.13,31142910.78,800847680.01,23864807.32,23236723.49,2021-03-13
5032,002715,登云股份,3730364.45,-63.66,335695249.82,-5.296894662,254134461.76,21596133.17,29701337.33,8355287.22,333265624.06,5503914.23,5269497.66,2021-03-13
5033,000795,英洛华,142538754.49,26.75,2502829937.09,11.5124032455,1983347552.7,82135842.01,151746021.61,-5591416.92,2354366608.87,170914967.37,170242473.52,2021-03-13
5034,000050,深天马A,829364995.37,-10.39,30281970068.28,4.740065454,25180411084.29,472167334.92,1091365666.13,725573915.46,29520919770.24,1003532358.85,1018624638.86,2021-03-13
5035,688571,杭华股份,90121712.5,34.673938749816,1007624367.27,4.295030667,755718935.41,67002662.87,47770697.8,-4971124.19,913353566.54,103452704.07,102441691.06,2021-03-12
5036,603385,惠达卫浴,329045357.32,37.78,3210228496.58,10.6972912747,2149768791.84,302629981.67,193302341.09,10741862.86,2830486067.67,419840613.94,419246276.81,2021-03-12
5037,600765,中航重机,275255465.74,-17.38,5984908825.86,9.9352509806,4419250699.82,116190304.96,517546532.19,137760233.51,5417969755.1,400522408.46,407968352.17,2021-03-12
5038,600211,西藏药业,312321254.23,44.86,1256021957.79,22.1954822286,206642991.36,623038239.75,58830029.5,-11551873.57,902990999.11,351224319.0,352665694.4,2021-03-12
5039,600050,中国联通,4982083711.0,22.1,290514554553.0,-0.1245277526,214133057016.0,33544986730.0,22977013828.0,717430307.0,274317722813.0,13443155791.0,14035186382.0,2021-03-12
5040,300231,银信科技,135179878.65,20.14,1542179385.09,26.4325499058,1166791615.6,113673544.56,41284037.64,21057218.49,1397572521.59,157124878.19,156925351.71,2021-03-12
5041,002419,天虹股份,859304790.24,-4.98,19392529091.0,1.3302138877,13853303146.25,4022225383.81,428100061.35,-14502138.63,18465782588.91,1089723509.25,1105198084.73,2021-03-12
5042,002056,横店东磁,691064377.31,0.31,6563638225.95,1.1575939376,5066647246.98,236719285.46,313645384.66,-75138089.72,5870327330.47,770260556.05,766550846.28,2021-03-12
5043,000877,天山股份,1635758861.78,31.8,9688216842.42,22.1442351256,6142515190.56,327899128.82,533275288.68,195789532.94,7393410278.02,2397086930.05,2327392860.95,2021-03-12
5044,000739,普洛药业,553400761.42,49.34,7210711386.14,13.0918042778,4876578494.29,835337733.34,458116308.6,12859175.74,6587200487.77,644154398.82,633726258.48,2021-03-12
5045,000661,长春高新,1775009197.07,76.36,7373701266.96,37.1852749094,1091714066.43,2522444501.92,458033454.75,-49773587.22,4550431059.16,2876181417.94,2820041585.06,2021-03-12
5046,000045,深纺织A,19679910.43,185.64,2158184855.71,69.6210453171,1973495608.35,20785078.66,96870842.37,15862799.64,2168659186.75,4949428.32,9532401.59,2021-03-12
5047,688188,柏楚电子,246310754.73,76.85,376070956.02,53.333085907,69498200.35,14092150.96,29403445.52,-1092961.4,157283183.08,260116346.79,266481863.85,2021-03-11
5048,600989,宝丰能源,3801873303.62,2.88,13568199157.86,3.9526309369,7604612878.07,443336858.5,442006615.62,324031199.37,9027365209.06,4631877581.63,4385434968.34,2021-03-11
5049,002134,天津普林,12671491.44,121.38,418242590.19,6.5955864168,351183589.88,8622822.03,29062739.11,-177871.47,407309008.11,12716119.26,12640666.59,2021-03-11
5050,002129,TCL中环,903661419.12,42.93,16886971336.01,22.7632992158,13595714849.3,143180770.61,501615794.24,906856105.91,15796924115.92,1440669961.42,1457321501.84,2021-03-11
5051,000100,TCL科技,2617765000.0,-24.52,75077806000.0,-33.8215059559,66337117000.0,2857489000.0,1895088000.0,1248801000.0,76083118000.0,3976839000.0,4055803000.0,2021-03-11
5052,605006,山东玻纤,146281992.65,-13.349825866739,1811278777.29,0.4366526813,1297513564.94,71471532.8,79340168.53,134615483.97,1666103879.03,170620334.79,171416243.53,2021-03-10
5053,603976,正川股份,61056666.09,-26.23,521080827.35,-12.5382387035,379669395.98,33650370.79,38483505.55,-13039300.17,452113507.22,71890718.51,71345528.39,2021-03-10
5054,603536,惠发食品,5951415.28,-86.91,1209814314.35,16.1299251261,996043778.31,76105967.01,87779710.08,15467380.05,1206236594.89,6002883.14,4507120.65,2021-03-10
5055,603008,喜临门,380410692.04,186.8,4871398275.97,15.6844941043,3178415434.32,812268838.86,209931521.85,69468246.88,4431351629.99,512911927.28,512624234.6,2021-03-10
5056,601016,节能风电,584107064.84,13.38,2487370654.42,4.6843472773,1183890759.22,,110381594.44,473184176.56,1787017206.79,741403941.29,746965439.98,2021-03-10
5057,600888,新疆众和,140536441.27,-22.52,4747800917.29,-2.5286693319,4078811733.28,129353139.06,169907132.64,264994700.4,4738426565.82,204817710.38,157864562.57,2021-03-10
5058,300821,东岳硅材,553425297.56,-16.585878666928,2733150962.44,-19.6338330983,1976292450.53,73881364.07,71732028.72,-19454395.65,2200927093.17,530586170.51,524668735.13,2021-03-10
5059,300697,电工合金,128989700.36,94.44,1877878188.62,33.0233630032,1606739346.64,19628957.73,34966799.3,18593245.12,1719987355.66,154104880.21,154131936.06,2021-03-10
5060,300211,*ST亿通,6343025.01,27.39,98908656.53,-22.6880812999,74509555.94,4410029.18,14967839.45,-5411938.71,98106086.65,7142955.73,7264481.7,2021-03-10
5061,000737,北方铜业,-48569079.1,-118.19,1214654424.56,-33.5263001881,959693618.32,110281923.51,96236213.12,52165826.77,1244154799.65,-27607862.21,-33045016.49,2021-03-10
5062,000062,深圳华强,630032131.15,-8.1,14355283742.39,21.6578686949,12753943827.89,274744956.24,232820601.4,148738707.84,13541287868.6,894890287.42,899673113.88,2021-03-10
5063,000026,飞亚达,215909014.15,17.45,3704210734.9,8.9329377409,2217207732.04,865792078.61,240619989.04,32815277.57,3429685607.06,272879726.97,276233643.4,2021-03-10
5064,688208,道通科技,326977567.67,-2.62,1195799594.97,32.8290405333,450111860.88,167387320.97,97917162.85,-7993857.35,888117616.97,341302251.15,341950459.77,2021-03-09
5065,600202,哈空调,50575127.55,142.69,904500342.13,17.6495293626,684484470.51,54148420.52,52173025.79,39460656.98,869501976.34,48499292.86,52806555.28,2021-03-09
5066,300822,贝仕达克,144420839.5,46.707874810171,736991200.21,31.9017243827,476219319.08,38169933.28,22291630.09,4244874.9,573107958.75,164862238.92,166050160.15,2021-03-09
5067,300596,利安隆,262314192.05,35.86,1978311486.09,32.9734418811,1399796244.03,103186259.27,92225841.16,20002615.6,1702634627.32,287525459.59,291615971.72,2021-03-09
5068,300238,冠昊生物,-465329816.63,-1117.19,437886453.72,-4.4879188244,141442010.98,185577265.35,103581534.48,15299230.79,519589041.46,-486857495.94,-484877827.91,2021-03-09
5069,002887,绿茵生态,208985562.54,36.9,713215117.46,39.5948511198,423770414.8,,39111167.24,-27872566.75,464473656.06,241485936.11,240315820.86,2021-03-09
5070,002478,常宝股份,601156011.09,25.17,5285111388.12,-1.6929572292,3921953890.57,159684674.65,197570674.77,-14726352.5,4471345202.02,798491388.79,789510090.24,2021-03-09
5071,002139,拓邦股份,330827437.0,48.9,4098855380.7,20.3175623275,3197501735.13,134890094.7,142622745.5,36179591.44,3797327579.71,392218892.91,393283929.25,2021-03-09
5072,002033,丽江股份,203483569.62,6.18,722695468.61,6.5259060359,237905352.79,68763254.87,136190877.84,-8340609.81,450108603.01,289741473.1,279401506.06,2021-03-09
5073,605369,拱东医疗,113589631.64,33.750502160936,552979558.94,14.5948494872,307371968.01,46556905.14,40274246.26,364590.64,422162211.34,132400668.84,131952432.4,2021-03-08
5074,600892,*ST大晟,-567605644.66,49.72,191759034.64,-4.2752100145,43902404.52,9286078.56,71837861.26,14475362.26,209112773.8,-645649132.04,-571498075.26,2021-03-06
5075,600681,百川能源,728290026.53,-27.64,4881558893.48,2.714062213,3551888393.35,86588431.04,182794793.95,76773860.51,3921332585.13,974190259.95,963336237.72,2021-03-06
5076,600095,湘财股份,324031717.64,-29.15,1943761155.18,53.4691733679,385406353.64,12676383.45,861381150.29,4570295.01,1853403071.78,539534399.28,527140234.97,2021-03-06
5077,300761,立华股份,1964251401.9,51.13,8870466583.29,22.9562239435,6394703948.68,113288342.68,430016876.81,1962083.1,6972145155.32,1970944553.12,1964359102.87,2021-03-06
5078,300556,丝路视觉,27844601.32,-48.58,916410710.53,26.7586986537,606731203.85,102633030.24,95447721.13,-128796.33,851562102.88,31601481.28,31569578.57,2021-03-06
5079,300146,汤臣倍健,-355889615.46,-135.51,5261799439.25,20.9393425488,1800697810.88,1650399754.51,429626755.08,10665253.96,4076269758.63,-465416353.65,-424868414.42,2021-03-06
5080,002681,奋达科技,-3052567152.7,292.8,3535639194.26,5.464819873,2937616202.27,83080832.11,207932750.91,27314032.3,3459669589.88,-3065878985.99,-3077274799.04,2021-03-06
5081,002258,利尔化学,311142625.53,-46.15,4163842124.04,3.3963354691,3086942057.23,133327434.71,211000065.57,78392660.82,3750618300.21,432060403.14,440045433.0,2021-03-06
5082,688667,菱电电控,81162728.15,269.368460839581,535694814.87,114.7903991469,362231417.43,19107796.6,14432993.7,2168773.82,441410350.2,90620636.61,90658641.74,2021-03-05
5083,688177,百奥泰,-1022621826.46,-84.885381220625,700000.0,,127750.0,15424835.75,385946116.17,-981281.91,1037686683.92,-1023887987.19,-1022621826.46,2021-03-05
5084,603516,淳中科技,114218040.73,34.45,371252212.25,34.7278629856,117694439.89,57238929.9,36214467.98,-829006.8,265087946.81,123794815.54,125798593.25,2021-03-05
5085,300765,新诺威,273197126.61,22.05,1256502359.88,1.3227712169,611841833.31,279065567.9,50662872.61,-6023805.51,965627827.03,332832505.85,335170436.49,2021-03-05
5086,300692,中赋科技,97112077.23,60.66,653829899.37,67.5898124306,456635307.32,3079861.71,18186714.51,37664240.36,544245195.5,119433452.92,119364395.55,2021-03-05
5087,003009,中天火箭,98947546.05,27.688310561036,796584628.6,19.2306699384,550949026.07,43417141.15,44796041.62,7489868.32,698930250.39,109235522.45,109591370.97,2021-03-05
5088,002420,毅昌科技,134138240.61,116.49,3514813978.31,-28.2563178895,3147528198.47,96257314.25,134282428.06,36737773.6,3578234502.68,136245825.53,138899998.23,2021-03-05
5089,000990,诚志股份,442549769.98,-47.89,6912211738.65,17.7875057719,5094656237.89,209351053.68,464371764.46,246049210.73,6279206220.15,523504329.18,502088673.19,2021-03-05
5090,000707,双环科技,11261281.78,-91.7,2304589569.8,-38.8694206685,1866878307.22,142140235.55,96528419.15,142569919.77,2344706316.12,-4197143.86,31442297.35,2021-03-05
5091,688676,金盘科技,209983778.71,8.862010945637,2244260786.38,2.6903524,1633359716.47,134400882.18,125920212.34,296015.25,2009457959.08,234982761.6,239061985.98,2021-03-04
5092,688057,金达莱,257642805.12,4.974383625636,777870096.57,6.608380907,245542863.37,88999089.46,63873786.96,4569731.4,461322535.27,275467179.34,288378550.59,2021-03-03
5093,300873,海晨股份,128421615.31,61.498841850184,920340442.85,13.9695413799,664875384.96,23361813.92,61728486.52,-3212589.7,769725476.5,161990610.92,163939281.24,2021-03-03
5094,002519,银河电子,152753877.76,113.093596989525,1200337378.24,-20.9942223075,737842587.57,66997451.45,107662531.01,8352103.85,1081830278.27,172875856.78,172205245.57,2021-03-03
5095,002458,益生股份,2176039144.86,499.73,3583534105.26,143.2616927075,1240916433.9,49811014.56,150623227.98,6229134.05,1480408685.77,2186752806.39,2179349084.46,2021-03-03
5096,603212,赛伍技术,190273102.49,1.675743018787,2135491647.33,10.5866612553,1735053691.69,51717848.9,37688798.77,9850387.44,1915795587.71,221447938.03,218497676.27,2021-03-02
5097,600903,贵州燃气,190652995.55,11.03,4083024996.24,13.2341287591,3242898174.76,160026342.75,294989177.68,186809733.21,3905524946.45,230456665.94,233284722.54,2021-03-02
5098,600255,鑫科材料,-1132478679.26,10.34,3544771438.26,-29.3785302887,3531225477.93,41655307.41,142289970.46,34169817.06,3840291333.9,-1198039275.38,-1200666212.61,2021-03-02
5099,300738,奥飞数据,103792081.85,79.17,882851898.85,114.7928275373,700601977.35,14471239.31,20259514.72,19341687.67,778406359.44,107119632.29,117308787.53,2021-03-02
5100,300033,同花顺,897675406.14,41.6,1742093893.2,25.6118107771,180824256.45,199286211.64,105262862.13,-104600842.02,871731521.61,951444308.0,953206718.63,2021-03-02
5101,000708,中信特钢,5386471750.59,50.45,72619869343.03,0.5959316986,59544529213.04,862709265.44,1445941394.94,485326234.23,65676993395.57,6492422755.91,6578627972.96,2021-03-02
5102,605050,福然德,279166138.36,-5.227167339766,5480958237.47,-2.3499440354,4965018540.68,107046576.22,45126017.41,11925213.97,5142352664.37,373443293.37,373895325.47,2021-03-01
5103,300862,蓝盾光电,152799953.66,112.845072823113,778245553.29,21.6861876754,480166906.72,75456869.61,30584960.47,813127.41,626212334.65,162154100.49,177495825.85,2021-03-01
5104,688155,先惠技术,71926589.6,155.814946684583,364943926.09,12.2014601839,196668370.81,15618451.17,22966325.69,-125226.79,284902345.45,82663238.0,82544883.58,2021-02-27
5105,600605,汇通能源,23069497.8,2.32,120284870.61,-94.1702656839,55849172.4,2745363.75,29494185.75,4563605.31,98794236.91,24152948.64,30784076.09,2021-02-27
5106,300056,中创环保,-20125698.37,95.31,1475739097.45,87.6356999775,1259280504.78,62788547.41,101230479.83,21566559.64,1488759999.02,-14317612.85,-16639110.63,2021-02-27
5107,002381,双箭股份,248630128.49,59.0,1525277062.57,12.3061861339,1042655707.49,94022160.57,69281256.81,-8430503.95,1252724198.1,297447554.5,297773317.29,2021-02-27
5108,002125,湘潭电化,67991660.91,-3.88,1210041335.08,12.1426479121,908433997.41,43498259.63,92188233.19,70315600.37,1143678506.14,81947543.9,76319291.19,2021-02-27
5109,688018,乐鑫科技,158505350.38,68.83,757428576.53,59.4854553187,401242675.29,27131940.11,54771686.95,3802596.25,608461558.61,168893360.68,172064060.57,2021-02-26
5110,600749,西藏旅游,20842355.56,-1.99,187918350.69,5.2179325381,94500279.12,13597032.49,69044189.19,1816519.01,179804399.34,21454837.07,21807166.72,2021-02-26
5111,600212,绿能慧充,-351609433.29,-104.455246568256,261171078.43,6.5720480682,246081949.97,831461.18,22190456.6,-486456.88,272824271.41,-351694592.6,-351609433.29,2021-02-26
5112,002402,和而泰,303374266.35,36.69,3649383104.32,36.6241584909,2837481925.2,83523472.31,143927245.98,31782017.71,3287531783.19,351452973.58,354995935.67,2021-02-25
5113,000803,山高环能,-171934370.81,-2467.39,23529152.29,-95.2102991297,16178803.65,5153133.81,49060719.03,20212776.47,94990010.64,-264139393.35,-266570181.89,2021-02-25
5114,300816,艾可蓝,103378091.24,24.72,565979161.95,27.1151564663,361960672.28,38585636.96,14219020.93,4348202.38,454027890.87,113985014.42,117766608.33,2021-02-24
5115,300860,锋尚文化,253832040.58,86.589252054487,912126929.27,59.2643873087,541646501.57,9532099.89,31810941.7,-903506.71,587933013.5,343856354.15,343679142.6,2021-02-23
5116,300160,秀强股份,124888872.88,153.57,1269053556.25,-9.3979780576,847386796.01,105191727.79,110362594.9,14948738.85,1131645205.24,85075849.99,84878604.46,2021-02-20
5117,002895,川恒股份,180401348.21,133.63,1749307555.92,35.5761717244,1271455228.07,127852583.65,78698338.56,15356449.94,1532916202.79,226352986.68,220850658.48,2021-02-10
5118,603856,东宏股份,201391193.02,30.36,1838571924.1,12.2807101693,1360722711.51,117799126.47,73835805.68,900404.11,1618373281.2,229736183.02,235554338.37,2021-02-09
5119,300314,戴维医疗,62056592.35,115.38,356352075.2,18.6660806538,164744577.43,63300777.5,31654565.55,-3521663.42,301913840.64,72008707.93,69804016.45,2021-02-09
5120,300285,国瓷材料,500563277.38,-7.82,2153079393.87,19.7634151062,1124850123.88,113484528.07,122654089.55,21323153.02,1542644956.0,620824953.5,622114239.69,2021-02-09
5121,002846,英联股份,79749268.65,89.32,1170391277.96,42.9125158747,921366382.05,40339317.59,60077670.08,14291060.49,1071767444.89,96980096.69,97106164.64,2021-02-09
5122,002245,蔚蓝锂芯,117611627.28,-47.86,3518956915.1,-18.0986133327,3039988878.74,50189788.07,90444287.75,98109279.6,3444874391.98,157160871.76,150499764.03,2021-02-09
5123,002192,融捷股份,-326132395.72,-4534.98,269797293.27,-29.5323241914,221192924.72,21515502.73,63988858.02,7472406.25,345606815.49,-318948241.61,-317912223.16,2021-02-09
5124,002130,沃尔核材,209590265.96,921.69,3978083207.29,12.8526490315,2560508740.01,412820794.95,294792937.25,136406507.36,3673995419.49,263386997.55,260827741.96,2021-02-09
5125,002014,永新股份,269116549.45,19.44,2599724041.24,11.4676592954,1970735268.13,114567829.57,96605590.12,395498.38,2300317747.25,307917188.42,308375247.01,2021-02-09
5126,300443,金雷股份,205198565.91,76.37,1124000775.49,42.343461149,797125832.12,16517283.4,32577784.71,-5354726.55,885314177.48,233721996.61,234786119.98,2021-02-08
5127,002188,中天服务,515828326.56,180.49,21274024.79,-85.2489116204,19186827.75,396945.42,45319727.17,3191373.76,69421205.79,-45544530.62,515828326.56,2021-02-06
5128,000798,中水渔业,22477221.61,-60.73,578668995.1,-7.5922945963,555550076.6,35917136.79,76065082.94,1628283.15,671519151.78,-27954534.63,20362514.86,2021-02-06
5129,601218,吉鑫科技,65396509.7,210.357533400223,1496938303.74,17.9927460146,1184349319.49,48638653.4,59384211.6,53046974.3,1405253922.92,68456165.94,64229027.88,2021-02-05
5130,601318,中国平安,149407000000.0,39.1,1168867000000.0,19.6589587565,,,,,983839000000.0,185028000000.0,184739000000.0,2021-02-04
5131,600885,宏发股份,704054276.33,0.75,7081493747.65,2.9320692856,4452337098.61,362808591.76,745591490.69,24566450.71,6000993175.74,1138813299.07,1123420960.29,2021-02-03
5132,600315,上海家化,557091142.46,3.09,7596951822.91,6.4304823434,2896002829.01,3204126278.65,941785257.09,31418065.31,7299744332.78,700215139.83,701994306.15,2021-02-03
5133,000690,宝新能源,883186076.57,90.8,5626823268.01,46.750008463,3900179394.65,10473851.21,360452224.65,384083279.64,4705038689.5,1128757819.94,1081053616.15,2021-02-03
5134,002984,森麒麟,740725544.57,51.62811136151,4578918313.22,9.6501798537,3105940215.08,212005540.03,162203781.34,147783553.7,3709060427.68,784207147.02,762141033.41,2021-02-02
5135,000001,平安银行,28195000000.0,13.607059392377,137958000000.0,18.1997326845,,,40852000000.0,,101669000000.0,36289000000.0,36240000000.0,2021-02-02
5136,002072,凯瑞德,8541181.02,103.41,15326699.97,-38.7803310872,7712952.04,421981.0,4898276.6,15038295.38,28484306.39,-19436913.42,10073162.42,2021-01-30
5137,003038,鑫铂股份,63284169.2,300.851974757288,924007022.07,31.0732708931,767024344.52,18537343.52,13502934.18,15309198.15,853187508.52,67186939.51,70084059.8,2021-01-29
5138,300617,安靠智电,63616426.5,-15.49,318024319.3,-0.6393381617,157633818.13,36139018.24,40296606.5,4172190.72,265302065.72,75548075.82,75294613.51,2021-01-27
5139,002107,沃华医药,95801508.5,109.85,860290535.41,11.0889785274,201502449.35,448330775.15,36653707.44,-4063577.65,748862975.35,111428579.17,112920402.77,2021-01-21
5140,688688,蚂蚁集团,16957244000.0,2442.06009291421,120618372000.0,40.7082055526,60515170000.0,18050292000.0,9346894000.0,-44758000.0,99327273000.0,22400853000.0,21052403000.0,2020-10-22
5141,688727,恒坤新材,4082597.62,-55.19,244187327.7,11.2868333798,181989620.5,22369844.34,21607683.47,5511236.67,249728288.84,-4622477.96,-4258033.53,2020-04-30
5142,301479,弘景光电,12932084.26,110.75,202489727.87,17.980936373,153737443.31,7129175.79,9778784.5,997880.32,188771610.34,14471807.31,14458393.59,2020-04-29
