序号,股票代码,股票简称,净现金流-净现金流,净现金流-同比增长,经营性现金流-现金流量净额,经营性现金流-净现金流占比,投资性现金流-现金流量净额,投资性现金流-净现金流占比,融资性现金流-现金流量净额,融资性现金流-净现金流占比,公告日期
1,300237,ST美晨,54831277.33,211.9110067969,40322982.55,73.5401116179,-192377327.25,-350.8532659055,206889201.26,377.3196820035,2025-10-31
2,600287,苏豪时尚,-106806611.14,-193.1398306436,-247990696.44,-232.1866537971,563196501.6,527.3049070547,-419797927.83,-393.0448905262,2024-04-30
3,002412,汉森制药,-46976862.69,-134.8810383403,85045389.14,181.036757821,-63797205.11,-135.8055890854,-68225046.72,-145.2311687356,2022-11-19
4,000070,特发信息,68742773.84,255.3958331693,143097008.72,208.1629831421,-93840340.38,-136.5093887518,19485242.86,28.3451507286,2022-07-26
5,000839,国安股份,-42097221.28,86.8816738866,1252557742.24,2975.3929218009,-1993471132.21,-4735.3983745171,698814946.11,1660.002548534,2021-08-31
6,600965,福成股份,225670456.78,1588.1755703977,31675904.3,14.03635405,-131151776.31,-58.1165023465,325146328.79,144.0801482965,2021-06-16
7,300152,ST新动力,-81782351.9,68.6965698986,-4818654.01,-5.8920462643,-130830067.96,-159.973472174,53866370.07,65.8655184383,2021-04-20
8,000010,美丽生态,-67950225.82,-115.6783557245,-120689305.64,-177.6142819006,8800131.68,12.9508497931,43938948.14,64.6634321075,2020-05-29
9,002267,陕天然气,373059188.19,1596.4528230287,1125546822.3,301.7073048813,-666408712.46,-178.6335073781,-86078921.65,-23.0737975032,2020-04-28
10,300189,神农种业,-84407204.21,70.9303998208,5242463.77,6.2109198131,-72062685.51,-85.3750413658,-17602636.38,-20.8544241511,2020-01-07
11,688981,中芯国际,140662000.0,35.2428201948,608102000.0,432.314342182,-1144123000.0,-813.3845672605,676683000.0,481.0702250786,2019-04-25
12,001235,里得电科,-50032.98,-101.6539215683,4172573.13,8339.6454298745,-168256.0,-336.2901829953,-4054350.11,-8103.3552468792,2019-03-27
13,300824,北鼎股份,-15129458.67,-704.4365540201,32784736.29,216.6947080202,-34987860.7,-231.2565271709,-12203802.87,-80.6625216155,2019-03-05
14,600830,香溢融通,-114679747.85,-241.8908093065,-55683028.03,-48.5552410726,57900334.36,50.4887178822,-117397432.16,-102.3698031788,2019-02-25
15,300838,浙江力诺,-3151620.09,46.7961912528,26092742.71,827.9152297827,-24756314.95,-785.5107609115,-4369226.97,-138.6343164858,2018-12-25
16,002982,湘佳股份,24821542.62,388.4634510334,89492935.72,360.5454225391,-59994852.76,-241.704771047,-4676540.34,-18.8406514921,2018-12-05
17,300839,博汇股份,-5951740.1,-174.1368782314,-7469138.97,-125.4950458942,-1969598.77,-33.0928222151,3486997.64,58.5878681094,2018-11-19
18,301258,富士莱,4580979.35,118.8698034459,40094440.62,875.2373140473,-57941484.5,-1264.8274544176,22094425.49,482.3079040948,2018-11-05
19,600869,远东股份,18513997.73,108.5948742024,671522697.34,3627.1080246049,-678401792.34,-3664.2642082683,25393092.73,137.1561836634,2018-10-17
20,601609,金田股份,-27085197.92,65.8527795765,629678340.32,2324.8061253968,-364862264.22,-1347.0910026121,-283262432.86,-1045.8200589734,2018-09-20
21,300825,阿尔特,-26729488.67,-322.7719329975,44768382.0,167.4868627406,-47093260.8,-176.1846677331,-24712470.4,-92.4539586413,2018-08-31
22,000911,广农糖业,-219840387.22,52.2960055909,-920776347.55,-418.8385761114,1048956568.55,477.1446146973,-348018670.38,-158.3051571101,2018-07-27
23,002967,广电计量,57373890.39,358.7857157886,34166377.33,59.550393215,-61253007.71,-106.7611195504,84460520.77,147.2107263354,2018-07-18
24,600399,抚顺特钢,-174637321.32,-163.406231298,805724633.5,461.370242861,-439709072.37,-251.7841370026,-540583201.3,-309.5462053666,2018-06-26
25,601916,浙商银行,-1653766000.0,89.2729306524,143328870000.0,8666.8168289831,-186031478000.0,-11248.960130998,41049593000.0,2482.1887135181,2018-06-08
26,601963,重庆银行,-2465669000.0,-131.2286501168,25604056000.0,1038.4222699803,-26387110000.0,-1070.1805473484,-1675811000.0,-67.9657731837,2018-06-05
27,600506,统一股份,-40839570.89,-92.3042648897,2894139.33,7.0866056301,-43733710.22,-107.0866056301,0.0,0.0,2018-05-10
28,603045,福达合金,-80275426.86,-129.8738385145,7201617.54,8.971135778,-64160610.15,-79.925592002,-23316434.25,-29.045543776,2018-05-04
29,601077,渝农商行,20802862000.0,200.3045506481,49292967000.0,236.9528144733,-30088653000.0,-144.6370840705,1594504000.0,7.6648299643,2018-05-03
30,600029,南方航空,5698000000.0,172.8927203065,15116000000.0,265.2860652861,-6819000000.0,-119.6735696736,-2586000000.0,-45.3843453843,2018-05-02
31,301231,荣信文化,10203463.36,-35.2752769926,11274128.23,110.4931515136,-336236.19,-3.2953143275,-734428.68,-7.1978371861,2018-04-26
32,300941,创识科技,50777841.19,549.3231147061,5378539.67,10.5922968444,47159301.52,92.8737819781,-1760000.0,-3.4660788225,2018-04-26
33,002323,雅博股份,58490258.49,130.4392626781,-66546905.86,-113.7743405107,-4962835.65,-8.484892661,130000000.0,222.2592331717,2018-04-26
34,300267,尔康制药,-151373798.79,-87.8139044956,175382420.41,115.8604869614,-611375527.84,-403.8846436616,284619308.64,188.0241567002,2018-04-25
35,688390,固德威,3541329.53,368.9778417593,-14339770.68,-404.9261882726,-781869.67,-22.0784217729,18941764.47,534.877206697,2018-04-24
36,688257,新锐股份,-2513479.05,35.9001659984,30078041.57,1196.6696746488,-18467093.66,-734.7224024008,-14124426.96,-561.947272248,2018-04-24
37,301418,协昌科技,-2902414.92,-189.9949128826,-11157437.76,-384.4191153758,-26912153.04,-927.2331414283,35167175.88,1211.6522568041,2018-04-24
38,688096,京源环保,58231.5,101.3573913861,-4532553.33,-7783.6795033616,-301592.07,-517.9191159424,4892376.9,8401.598619304,2018-04-23
39,300899,*ST凯鑫,-6164301.53,-235.8097739981,4012381.58,65.090611815,-6777392.22,-109.9458257682,-3427600.0,-55.6040288315,2018-04-23
40,601728,中国电信,4366090081.94,126.0527212834,102068472833.26,2337.7546252529,-81956173629.26,-1877.1067955805,-15742182474.12,-360.5556041832,2018-04-20
41,003816,中国广核,17319405639.57,933.3803359992,10954214465.72,63.2482124022,-14095340083.64,-81.3846639831,20474761312.7,118.2186140725,2018-04-19
42,605305,中际联合,14910495.73,468.0639111192,14826986.24,99.4399281452,-1985698.4,-13.3174539328,2064403.53,13.8453044579,2018-04-18
43,300235,方直科技,-5086536.55,94.4906156748,20637845.75,405.7347381098,-22005343.13,-432.6193847953,-3719039.17,-73.1153533144,2018-04-18
44,600956,新天绿能,1528162814.09,44.8279185702,885484795.69,57.9444014424,-1974555476.33,-129.211066918,2610232592.66,170.8085400713,2018-04-17
45,301246,宏源药业,38804472.75,280.8918436729,119356315.37,307.5839121406,-57303280.66,-147.6718445041,-23266144.61,-59.9573785215,2018-04-17
46,605289,罗曼股份,2585725.58,-83.1255352562,22178926.04,857.7447742927,-13176890.68,-509.6012810455,-6416309.78,-248.1434932473,2018-04-16
47,001289,龙源电力,-584990940.62,71.1110444786,11232311759.76,1920.0830269022,-19530478999.14,-3338.5951205399,7709250819.01,1317.8410610666,2018-04-12
48,002952,亚世光电,14635239.9,518.1758450293,39332394.96,268.7512827173,-25721540.77,-175.7507286915,511096.38,3.4922309678,2018-04-09
49,603348,文灿股份,19177343.14,-36.6947168841,138176788.92,720.5210227051,-91159595.48,-475.3504946671,-27451572.4,-143.1458581076,2018-04-04
50,605088,冠盛股份,9826246.71,183.7453244025,60061736.16,611.2378198166,-90320962.81,-919.1806950876,43891120.71,446.6722850072,2018-03-30
51,688388,嘉元科技,4579512.86,596.4975807046,37685701.7,822.9194425715,-50325415.89,-1098.9250915653,17219227.05,376.0056489939,2018-03-26
52,301276,嘉曼服饰,20952422.83,,55421557.99,264.5114526357,-35458190.68,-169.2319354554,969498.15,4.6271410131,2018-03-23
53,300782,卓胜微,3827531.74,,-692070.4,-18.0813758582,-928282.4,-24.2527681821,5494610.0,143.5549166733,2018-03-23
54,300504,天邑股份,57910186.54,643.1303499281,87955992.75,151.8834560984,-16364213.02,-28.2579179894,-13638717.06,-23.5514990969,2018-03-20
55,688168,安博通,-6662277.12,,-725993.03,-10.8970704299,-3277597.42,-49.1963537536,-2658686.67,-39.9065758165,2018-03-19
56,300776,帝尔激光,-755897.6,4.4104964968,-449418.25,-59.4549116177,-281611.69,-37.2552697614,,,2018-03-09
57,002941,新疆交建,17414300.0,157.974121585,14552800.0,83.568102077,-126962200.0,-729.0686389921,129938400.0,746.1591910097,2018-03-09
58,601615,明阳智能,776096613.0,246.9830661878,1524182144.66,196.3907739229,-467238776.83,-60.2036871446,-288816939.76,-37.2140446076,2018-03-02
59,300345,华民股份,-17682842.88,79.112940679,90555535.53,512.1095976735,-75440510.36,-426.6311184913,-32797868.05,-185.4784791822,2018-02-27
60,301263,泰恩康,-2028471.14,84.0887178027,24624134.07,1213.9257781109,-6684863.57,-329.5518204908,-19967741.64,-984.3739576201,2018-02-26
61,603259,药明康德,321982645.31,,712548594.95,221.3003108487,-1068061605.45,-331.7140290035,656468203.84,203.8831015901,2018-02-06
62,603680,今创集团,228649323.43,477.3525702436,506593721.58,221.5592480137,-93013979.08,-40.6797525944,-182867234.57,-79.9771597076,2018-01-31
63,603712,七一二,-146381146.61,-204.7676138518,27839279.84,19.018350713,-34555032.4,-23.6062042143,-139664558.04,-95.4115753801,2018-01-30
64,603156,养元饮品,-120511361.93,88.2514631333,2535053398.43,2103.580407549,-2160564760.36,-1792.8307553399,-495000000.0,-410.7496522092,2018-01-30
65,601066,中信建投,29820778000.0,998.6055589965,19058594700.0,63.9104543148,2815765600.0,9.4422942285,7942511900.0,26.6341538775,2018-01-30
66,600901,江苏金租,29683213.28,117.6923304076,-1392486363.97,-4691.1577625871,-187515118.55,-631.7210902377,1609684695.8,5422.8788528248,2018-01-30
67,301335,天元宠物,-2146543.17,,34589870.04,1611.4220539995,-64259072.95,-2993.6072960508,27982650.18,1303.6146009586,2018-01-30
68,002927,泰永长征,-5063692.32,,13788637.99,272.3040247832,6139772.82,121.2509060977,-24992103.13,-493.554930881,2018-01-30
69,603700,宁水集团,15926800.37,299.9026436695,98122122.4,616.081825103,-8168232.93,-51.2860884813,-74126145.0,-465.4176813795,2018-01-26
70,603876,鼎胜新材,-8307477.45,,842800996.46,10145.0891866098,-448069670.41,-5393.5707091206,-389064183.6,-4683.3011096527,2018-01-23
71,603267,鸿远电子,2944574.99,,28564491.69,970.0718027901,-22703072.78,-771.0135709602,-2916843.92,-99.0582318299,2018-01-23
72,603220,中贝通信,17454279.03,,37120371.36,212.6720404561,-63892557.06,-366.0566956113,44226464.73,253.3846551552,2018-01-23
73,603150,万朗磁塑,-8967167.2,,25244780.35,281.5245861592,-26773964.31,-298.5777304342,-9413110.18,-104.9730641802,2018-01-23
74,603516,淳中科技,-3901693.16,39.4973493871,70024287.79,1794.715394534,-41918765.42,-1074.3737065167,-32019024.0,-820.6443379059,2018-01-22
75,300749,顶固集创,177574.82,101.3952055007,5871043.95,3306.2367457278,-52451593.15,-29537.7425414256,46758124.02,26331.5057956978,2018-01-22
76,300739,明阳电路,-23596427.39,,76933722.97,326.039708039,-106629459.48,-451.8881511919,8138595.11,34.4907937777,2018-01-22
77,603706,东方环宇,29968291.86,,203030811.67,677.4854323312,-125947188.83,-420.2681601553,-47115330.98,-157.2172721759,2018-01-19
78,603693,江苏新能,393217312.77,110.7941467072,362271761.53,92.1301656272,-761514047.68,-193.662390477,792459597.27,201.5322244302,2018-01-19
79,603214,爱婴室,-16150418.18,-5.0389169679,45480681.53,281.6068353346,-56625389.51,-350.6125282881,-5005710.2,-30.9943070465,2018-01-19
80,601456,国联民生,4805438000.0,335.9622813284,3294515000.0,68.5580585994,-188100000.0,-3.9143154068,1698983000.0,35.3554244171,2018-01-19
81,688699,明微电子,-13742972.5,,-878936.07,-6.395531025,-1560954.71,-11.3582029652,-11298190.0,-82.2106716724,2018-01-17
82,603279,景津装备,28160299.11,-73.5102970325,144707024.65,513.8689190933,-92446905.05,-328.2880792171,-24264392.34,-86.1652507497,2018-01-17
83,301076,新瀚新材,-1995831.91,-133.9621533604,25233276.02,1264.2986562932,-9697701.11,-485.8976881475,-17700306.9,-886.8636086693,2018-01-17
84,300807,天迈科技,18197652.62,475.843094463,11966765.88,65.7599423942,-20399614.31,-112.1002512576,26630501.05,146.3403088634,2018-01-17
85,300634,彩讯股份,27108400.0,119.0361828199,26612100.0,98.1692021661,496200.0,1.8304289445,,,2018-01-17
86,603087,甘李药业,-43145147.87,-157.0461751768,296420982.98,687.0320247207,-337783399.33,-782.9000849592,-1782731.52,-4.1319397615,2018-01-16
87,601528,瑞丰银行,319905000.0,85.0905766705,6279061000.0,1962.7892655632,-7337668000.0,-2293.7021928385,1378729000.0,430.9807599131,2018-01-16
88,301219,腾远钴业,-7159929.3,,53260684.22,743.8716499617,-9655786.98,-134.8586916913,-48881080.42,-682.7033951299,2018-01-16
89,002930,宏川智慧,-35939658.17,-201.5844785217,167775499.99,466.8255307171,-190545257.86,-530.1810522479,-13192478.83,-36.7073019103,2018-01-16
90,002926,华西证券,8896384911.82,3364.4388715666,7199305469.73,80.9239431644,-1159988662.43,-13.038876734,2857010356.32,32.1142844497,2018-01-16
91,603773,沃格光电,18979980.68,469.0426704786,88696993.38,467.3186705267,-81898110.71,-431.4973344325,12292069.73,64.7633416348,2018-01-12
92,601860,紫金银行,130125000.0,116.0255226075,1678739000.0,1290.0972142171,-1503599000.0,-1155.5035542747,-44000000.0,-33.8136407301,2018-01-12
93,300745,欣锐科技,1028238.87,,-2000654.56,-194.5709910772,7473000.37,726.7766846822,-4456415.84,-433.4027792589,2018-01-10
94,002966,苏州银行,-4067639000.0,-178.0598535241,15721223000.0,386.4950404891,-21180603000.0,-520.7099990928,1391802000.0,34.2164582452,2018-01-10
95,002958,青农商行,-1138606000.0,45.2025799795,4774935000.0,419.3667519757,-5905246000.0,-518.6382295544,-5830000.0,-0.5120296222,2018-01-10
96,603596,伯特利,1635032.02,108.2103351792,7352327.21,449.6748149311,-56795776.32,-3473.6797582716,51445947.08,3146.4794848483,2018-01-09
97,601330,绿色动力,260189622.6,-17.9110843213,-269370394.94,-103.5284928923,-76173597.76,-29.2761859596,597734798.27,229.7304528509,2018-01-09
98,002948,青岛银行,1195608000.0,119.6698980186,11196260000.0,936.4490702638,-12865686000.0,-1076.0789489532,2864665000.0,239.5990157309,2018-01-09
99,603895,天永智能,-13899019.04,-166.2160751582,-8756600.22,-63.0015700734,-30142476.64,-216.8676548557,25000000.0,179.8688089285,2018-01-08
100,300738,奥飞数据,1459403.98,980.2119909468,-174196.36,-11.936130255,-11365712.11,-778.7913604292,12999312.45,890.7274906842,2018-01-08
101,300737,科顺股份,-53214553.92,-265.7783523186,57740272.1,108.5046624403,-135217873.47,-254.0994211345,24263047.45,45.5947586942,2018-01-08
102,603301,振德医疗,-6296846.85,,83626714.07,1328.0728603079,-59766057.76,-949.1426293781,-27334672.59,-434.100959435,2018-01-05
103,600968,海油发展,-712795800.0,-2484.5225059283,3245023300.0,455.2528648457,-3568541800.0,-500.6401272286,-390170800.0,-54.7380890853,2018-01-05
104,300786,国林科技,-22861700.07,-457.0340263966,17243810.27,75.4266315156,-35933584.15,-157.1780927926,-4171950.05,-18.2486430896,2018-01-05
105,688196,卓越新能,19642995.22,-63.4095559305,79445994.6,404.4494931155,-41102268.19,-209.2464399123,-18690374.95,-95.1503308974,2018-01-03
106,603356,华菱精工,-12313118.57,-925.7512970676,60541826.78,491.6855663804,-40207205.27,-326.5395768052,-32647740.08,-265.1459895752,2018-01-03
107,300624,万兴科技,3097270.7,110.7816387143,59962823.57,1935.9891135767,-15296919.51,-493.8838413446,-40569361.43,-1309.84228889,2018-01-03
108,002931,锋龙股份,11789383.47,,36266794.99,307.6224900334,-15732409.67,-133.4455674466,-7592018.75,-64.3970803844,2018-01-03
109,603506,南都物业,4008481.43,109.5853259755,54612606.2,1362.4263241254,-50604124.77,-1262.4263241254,,,2018-01-02
110,688300,联瑞新材,-14958202.23,-190.7879277209,17334092.19,115.8835261315,-2598019.88,-17.3685302555,-30000081.6,-200.559406396,2017-12-29
111,688098,申联生物,-104317675.56,-255.4391800086,105978100.55,101.5917005254,-139849776.11,-134.0614381592,-70446000.0,-67.5302623662,2017-12-29
112,603982,泉峰汽车,38783787.82,,34610905.16,89.2406521009,-89802099.59,-231.5454591666,94249870.62,243.0135783989,2017-12-29
113,603956,威派格,-16387735.61,-211.8759331018,10632053.16,64.8781101491,-70585041.09,-430.7186957967,43565252.32,265.8405856476,2017-12-29
114,603927,中科软,212040704.65,105.9044929871,288987895.28,136.2888770611,-13488470.26,-6.3612645894,-63576305.9,-29.983066697,2017-12-29
115,603867,新化股份,-152190.7,,124379035.59,81725.7792953183,-67808080.97,-44554.6810481849,-56686969.96,-37247.3284898486,2017-12-29
116,603786,科博达,116594668.52,,352153590.99,302.0323274298,-142363771.24,-122.1014417272,-80006819.83,-68.619621159,2017-12-29
117,603687,大胜达,25958563.26,,146872827.85,565.7972145027,-75834394.07,-292.1363301599,-45079870.52,-173.6608843428,2017-12-29
118,603530,神马电力,5515248.53,,156781095.65,2842.6841473633,-17167781.36,-311.2784721598,-136688237.34,-2478.369498609,2017-12-29
119,603327,福蓉科技,-24778600.0,,-37890100.0,-152.9146118021,-104539200.0,-421.8930851622,118345700.0,477.6125366243,2017-12-29
120,603236,移远通信,-15032221.76,-176.8243788033,-16414448.82,-109.1950949239,-10272654.15,-68.3375638945,11678172.42,77.6876007183,2017-12-29
121,603212,赛伍技术,-10737241.1,,-19913765.98,-185.4644577181,-8467597.23,-78.8619455514,17747458.91,165.2888180931,2017-12-29
122,603115,海星股份,-20821821.55,,79934738.6,383.898874592,-30271956.67,-145.3857271676,-71202991.55,-341.9633166052,2017-12-29
123,603059,倍加洁,2443576.48,146.9446887017,39207988.13,1604.532882474,-46308061.55,-1895.0936027179,9543649.9,390.560720244,2017-12-29
124,601698,中国卫通,574317585.77,,2310677494.6,402.3344490665,-1403648328.25,-244.4028117941,-311392001.29,-54.2194787354,2017-12-29
125,601162,天风证券,1252918995.46,362.0925440436,-1016996875.49,-81.170201679,-803145392.8,-64.1019408047,3073010726.27,245.2681089045,2017-12-29
126,600989,宝丰能源,343372356.51,149.9770987175,648026327.88,188.7240820625,-1799894496.85,-524.1815372513,1488796081.57,433.5806460083,2017-12-29
127,301518,长华化学,-13543413.67,,139098751.0,1027.0582763644,-19878202.29,-146.7739432196,-132803255.31,-980.5744588912,2017-12-29
128,301168,通灵股份,7229339.98,-66.9726220975,66005502.61,913.022527542,-45831826.25,-633.9697175232,-12977376.8,-179.5098423356,2017-12-29
129,301046,能辉科技,-7257085.64,,35743684.68,492.5349713801,-57290770.32,-789.4459726949,14290000.0,196.9110013148,2017-12-29
130,300912,凯龙高科,118978063.78,,27750986.46,23.3244562723,-83440302.71,-70.1308292126,174418801.51,146.5974449143,2017-12-29
131,300851,交大思诺,1297383.58,,16061141.98,1237.9640244869,-6763758.4,-521.3383693356,-8000000.0,-616.6256551513,2017-12-29
132,300823,建科智能,2275344.73,107.9278941191,40893618.3,1797.2493469154,184525.75,8.1097931037,-38796453.48,-1705.0802442582,2017-12-29
133,300798,锦鸡股份,19086047.81,,61653965.16,323.0315976034,-8239727.5,-43.1714705005,-34427428.35,-180.3800802174,2017-12-29
134,300767,震安科技,63634538.39,334.2653887906,27158450.27,42.6787888419,-9907488.57,-15.5693571772,46383576.69,72.8905683353,2017-12-29
135,300765,新诺威,61266701.37,,93362269.63,152.386643221,-26083507.6,-42.5737097261,-6000000.0,-9.7932479893,2017-12-29
136,002957,科瑞技术,236317024.77,,400753170.71,169.5828606086,-95000627.68,-40.2005009044,-69060891.38,-29.2238324544,2017-12-29
137,002932,明德生物,4088862.66,-25.1063370503,16474044.78,402.9004187683,-25801664.79,-631.0230236493,13416482.67,328.122604881,2017-12-29
138,001236,弘业期货,922890054.52,,882727202.0,95.6481433164,16799437.28,1.8203075434,23382716.72,2.5336405572,2017-12-29
139,688003,天准科技,3432365.92,161.1142870415,42834564.31,1247.9603080898,-33744715.67,-983.1328144058,-5657482.72,-164.827493684,2017-12-27
140,603697,有友食品,21482672.15,-46.1506377431,70656439.45,328.8996776409,-49173767.3,-228.8996776409,,,2017-12-27
141,603341,龙旗科技,6419256.3,-95.0268737358,151846203.51,2365.4796819688,107924737.03,1681.2654299222,-253867113.71,-3954.7745384461,2017-12-27
142,600929,雪天盐业,-97189449.99,,346443500.49,356.4620445178,-184857850.24,-190.203618046,-258775100.24,-266.2584264718,2017-12-27
143,300746,汉嘉数智,-19617783.51,58.740888036,43991969.31,224.2453602752,-838640.33,-4.2748984847,-62771112.49,-319.9704617905,2017-12-27
144,002981,朝阳科技,12240414.84,,6098697.99,49.8242753184,-12497115.75,-102.0971585796,18628537.3,152.1887741837,2017-12-27
145,603056,德邦股份,219512808.73,2081.5652958557,1276073906.74,581.3209325336,-449605655.1,-204.819781452,-607139587.07,-276.5850387422,2017-12-26
146,300813,泰林生物,-7205867.58,-178.3748737206,17508485.94,242.9754050518,-12706709.66,-176.3383731234,-12000000.0,-166.5309536537,2017-12-26
147,300741,华宝股份,559160584.0,,1773279982.0,317.1325076805,-533961567.0,-95.493420366,-681458714.0,-121.8717365815,2017-12-26
148,003003,天元股份,2771274.6,-73.4780878553,19775678.02,713.5950374604,-12289376.09,-443.4557329685,-4715027.33,-170.1393044919,2017-12-26
149,002929,润建股份,-2586500.0,97.9031670973,69301800.0,2679.365938527,-9104400.0,-351.9969070172,-62783900.0,-2427.3690315098,2017-12-26
150,601828,美凯龙,-212520806.59,-648.6375484823,3277601774.54,1542.2498282078,-2594405661.17,-1220.7772513188,-895716919.96,-421.4725768889,2017-12-25
151,603486,科沃斯,-471330.03,-100.6606890485,153877578.04,32647.5225947305,-155825567.66,-33060.8189043249,1018855.32,216.1660100461,2017-12-22
152,603187,海容冷链,17685808.62,67.1268414091,37806608.68,213.7680526365,-38112661.85,-215.4985540605,18207664.22,102.9507025164,2017-12-22
153,301469,恒达新材,-11907783.05,-288.4671269563,31471504.68,264.2935678947,-7710897.09,-64.7551022522,-35443875.87,-297.6530200557,2017-12-22
154,301222,浙江恒威,-15901229.76,,49088843.56,308.7109884009,-56560382.39,-355.6981645047,-8772189.07,-55.1667336577,2017-12-22
155,300970,华绿生物,3046082.95,-77.3420263526,69224642.95,2272.5790494313,-79416109.17,-2607.1551718577,13237549.17,434.5761224263,2017-12-22
156,300779,惠城环保,2764564.02,,22924877.9,829.2402611823,-4089991.04,-147.9434373887,-16070323.46,-581.2968462203,2017-12-22
157,002956,西麦食品,-90839005.67,,108918679.6,119.9029852833,-145985600.75,-160.7080567134,-53871442.98,-59.3043072,2017-12-22
158,300883,龙利得,-14343171.97,-238.9534623463,38493317.48,268.3738127139,-24729033.85,-172.4097982073,-28161255.94,-196.3391082454,2017-12-20
159,300769,德方纳米,14403354.65,357.5720527781,1055270.48,7.3265604135,-13569921.41,-94.2136171729,26918005.58,186.8870567594,2017-12-20
160,300674,宇信科技,-127923108.66,-226.2809436166,-60836102.93,-47.5567734143,-84814550.16,-66.3011953418,17727401.93,13.8578573611,2017-12-20
161,002999,天禾股份,-60928555.25,-174.9501338281,-136576927.21,-224.1591428676,-61834883.13,-101.4875256377,137342439.62,225.4155527838,2017-12-20
162,688029,南微医学,49057977.05,168.5038741483,50421060.02,102.7785144271,3198283.38,6.5193951572,,,2017-12-19
163,601838,成都银行,10306017000.0,162.8006470906,25172286000.0,244.248442439,-18913480000.0,-183.5188123598,4046796000.0,39.2663431469,2017-12-19
164,002935,天奥电子,-10755319.19,-117.5990114522,72914165.78,677.9358612415,-9385428.16,-87.2631299378,-74284056.81,-690.6727313037,2017-12-19
165,601868,中国能建,5251148000.0,39.0859416179,5231734000.0,99.630290367,-5044782000.0,-96.0700783905,5060022000.0,96.3603006428,2017-12-18
166,300664,鹏鹞环保,-8733786.21,93.2020360066,-34913185.09,-399.7485655193,-1738367.14,-19.9039351113,27917766.02,319.6525006307,2017-12-18
167,603863,松炀资源,-734847.24,70.3009594105,13311494.97,1811.464239833,-990208.88,-134.7503026615,-13056133.33,-1776.7139371715,2017-12-15
168,301302,华如科技,4525598.8,3369.9070057622,4049947.19,89.4897530466,475651.61,10.5102469534,,,2017-12-15
169,300868,杰美特,26329672.67,641.8820250704,42224002.98,160.3666080821,-70683556.95,-268.455889429,54731918.29,207.8716244443,2017-12-15
170,300770,新媒股份,104200775.47,,9385622.32,9.0072480533,96400867.8,92.5145397097,-1585714.65,-1.5217877629,2017-12-15
171,002951,金时科技,77379800.0,,70861300.0,91.5759668544,-21735500.0,-28.0893721617,28254000.0,36.5134053073,2017-12-15
172,001201,东瑞股份,-5319934.14,,23557904.46,442.823235026,-33694692.38,-633.3667202128,4799130.87,90.2103436566,2017-12-15
173,688588,凌志软件,55165973.91,58.5532080864,60484214.62,109.6404365464,-11497871.59,-20.8423250331,8851120.0,16.0445277635,2017-12-12
174,688106,金宏气体,-6194996.73,-124.9950940697,116765643.0,1884.8378472025,-90962199.56,-1468.3171521222,-31998440.17,-516.5206950803,2017-12-12
175,603583,捷昌驱动,14706500.0,679.7931438886,50072200.0,340.4766599803,-35139700.0,-238.9399245232,-223700.0,-1.521096114,2017-12-12
176,603329,上海雅仕,49572949.69,1179.9542908714,101093881.92,203.9295271961,-13429458.88,-27.0902961474,-39363868.93,-79.4059445245,2017-12-12
177,603080,新疆火炬,-210630.07,-101.2706853241,80220171.0,38085.8112994028,-19490187.52,-9253.2787554977,-60940613.55,-28932.5325439051,2017-12-12
178,601577,长沙银行,-13739292000.0,-1055.7695979919,-11615007000.0,-84.5386137801,-7081520000.0,-51.5421027517,4948672000.0,36.0183916318,2017-12-12
179,300829,金丹科技,27323127.94,194.5468195594,106302984.51,389.0586200212,-22682150.54,-83.014472537,-56076268.72,-205.2337083922,2017-12-12
180,002922,伊戈尔,-6088237.65,69.3393139683,80929167.35,1329.2708334078,-11926768.27,-195.8985334615,-74371759.62,-1221.5646611627,2017-12-12
181,603655,朗博科技,-14191059.67,-231.6600680704,29602300.28,208.5982369772,-42576158.01,-300.0209920899,-1135758.75,-8.0033399648,2017-12-11
182,300735,光弘科技,-87473581.01,-217.3368706128,104877122.06,119.8957683555,-296976401.58,-339.5041087275,103951723.82,118.8378509485,2017-12-11
183,301186,超达装备,13573643.9,,16221639.2,119.5083598738,-22101735.79,-162.8283160574,24373765.5,179.5668552937,2017-12-08
184,003004,*ST声迅,-5418694.9,,919712.77,16.9729572706,-4270679.34,-78.8137996107,-2067728.33,-38.1591576599,2017-12-08
185,300752,隆利科技,-789502.31,,-20320516.74,-2573.8387947212,-18605172.23,-2356.569701487,38133774.13,4830.1029201549,2017-12-06
186,002920,德赛西威,-22838584.33,-252.129440137,189454642.18,829.5375906077,-225385908.05,-986.8646181976,13706581.81,60.0150237508,2017-12-05
187,603302,鑫广绿环,35226589.56,292.3535581258,15283036.6,43.3849452669,-59743272.04,-169.5970935201,79686825.0,226.2121482532,2017-12-04
188,601187,厦门银行,-16099935000.0,-211.6491685809,-630507000.0,-3.9162083574,-19806289000.0,-123.0209252398,4337176000.0,26.9390901268,2017-12-01
189,301419,阿莱德,23942375.43,,67697797.72,282.7530539646,-24108303.24,-100.6930298561,-18600000.0,-77.6865271969,2017-12-01
190,300594,朗进科技,-3009999.06,,-394712.45,-13.1133745271,-1494346.92,-49.6460925805,-1120939.69,-37.2405328924,2017-12-01
191,002949,华阳国际,18395200.0,594.207671905,48807600.0,265.3279116291,-92160700.0,-501.0040662782,61748300.0,335.676154649,2017-12-01
192,002936,郑州银行,2469597000.0,87.8989319208,29447228000.0,1192.3900134313,-28931492000.0,-1171.5066061386,1951475000.0,79.0199777535,2017-11-29
193,603871,嘉友国际,24343488.12,119.9811828425,29681710.9,121.9287505294,-5377093.8,-22.0884278107,,,2017-11-28
194,300732,设研院,10728326.2,319.8247315794,26404266.84,246.117300572,-7561954.72,-70.4858761658,-8113985.92,-75.6314244062,2017-11-28
195,603161,科华控股,-44191334.23,-213.1691690938,27023209.52,61.150472125,-82384764.06,-186.427419528,11674587.93,26.4182743821,2017-11-27
196,603351,威尔药业,-11404333.97,,74615185.74,654.2704373292,-88544982.49,-776.415200773,2532099.49,22.2029580742,2017-11-24
197,002950,奥美医疗,38658166.44,,293445367.54,759.0773038743,-68239585.32,-176.5204912807,-183711340.11,-475.2200040194,2017-11-24
198,603890,春秋电子,-6881877.94,90.0660404413,64866026.96,942.562880736,-44255825.33,-643.0777429627,-27710229.17,-402.6550515948,2017-11-21
199,300968,格林精密,1424571.57,-92.8651669034,212174970.1,14893.949491074,-119549829.38,-8391.9847831864,-89753771.02,-6300.4044802045,2017-11-21
200,603917,合力科技,1230009.06,109.353112054,22864229.73,1858.866773713,-9460395.7,-769.1321964734,-12115397.33,-984.9843975946,2017-11-14
201,603685,晨丰科技,735360.27,232.1592587496,28080604.8,3818.6187023675,-21865889.98,-2973.4935203938,-5512699.85,-749.6597348127,2017-11-14
202,603283,赛腾股份,16225227.21,151.5917378357,172454899.31,1062.881259399,-155735570.02,-959.8359887621,-497170.1,-3.0641795863,2017-11-14
203,300761,立华股份,-108584056.67,-293.1346846442,797219818.28,734.1960161821,-604772725.4,-556.962729103,-301031155.31,-277.2332923837,2017-11-14
204,300730,科创信息,35384700.38,583.5266213605,37734472.36,106.6406439924,-16734595.37,-47.2933080972,14384823.39,40.6526641049,2017-11-14
205,300727,润禾材料,5903711.32,163.8280814157,9937865.48,168.3325105402,-5771294.52,-97.7570583516,1669913.28,28.2858220784,2017-11-14
206,002915,中欣氟材,-18007609.11,-242.6315992784,71954149.83,399.5763645827,-33764984.35,-187.5039831426,-56196774.59,-312.0723814401,2017-11-14
207,603848,好太太,162933822.18,120.5000230296,156288187.16,95.9212673397,6645635.02,4.0787326603,,,2017-11-13
208,603711,香飘飘,-140162698.26,-227.2350745592,193319961.88,137.9253997532,-331163905.94,-236.271069301,-2318754.2,-1.6543304522,2017-11-13
209,600025,华能水电,559248207.48,461.4441209553,13257412386.09,2370.5775376248,-14088406015.54,-2519.1687388723,1383426985.97,247.3726276574,2017-11-13
210,300729,乐歌股份,61785194.54,232.1701425506,25167915.56,40.734541256,-60207107.5,-97.445849201,97005903.84,157.0050957389,2017-11-13
211,300728,天常股份,82091462.46,11759.8461015795,161568091.77,196.8147319202,-63113980.0,-76.8825138555,-16362649.31,-19.9322180647,2017-11-13
212,002913,奥士康,60928555.08,285.5432414749,78089156.52,128.1651212924,-90693652.87,-148.8524596569,73462511.1,120.5715628797,2017-11-13
213,688317,之江生物,3788283.4,-32.4499362508,27566671.97,727.6824107193,-18988995.83,-501.2559469548,-4745670.24,-125.2723130482,2017-11-10
214,300789,唐源电气,11803080.8,,13809628.75,117.0002051498,-1349764.82,-11.4356992286,-656783.13,-5.5645059212,2017-11-10
215,300750,宁德时代,48203750.38,,-138904402.07,-288.1609853486,-1273406702.03,-2641.7170697124,1465510216.57,3040.2410704916,2017-11-10
216,002989,中天精装,30081300.0,244.8096086266,34814200.0,115.7336950198,-52722300.0,-175.2660290612,47989300.0,159.532001609,2017-11-10
217,002953,日丰股份,25452674.72,167.377769592,46785622.24,183.8141678809,-31969957.68,-125.6054934568,10359635.57,40.7015595962,2017-11-10
218,002938,鹏鼎控股,-442333575.05,,3409367347.65,770.7683838525,-2983909399.36,-674.5835196939,-872005381.66,-197.1375068152,2017-11-10
219,301380,挖金客,18255809.21,3159.0701516469,16738795.86,91.6902431848,-2993899.36,-16.3997077618,4510912.71,24.7094645771,2017-11-08
220,300736,百邦科技,-19126655.1,-190.5580310216,17921346.54,93.698278378,-16603945.81,-86.810504624,-20442750.0,-106.8809464756,2017-11-08
221,300644,南京聚隆,1066800.0,,12980500.0,1216.7697787777,-28558600.0,-2677.0341207349,16645000.0,1560.2737157855,2017-11-08
222,002911,佛燃能源,-43269146.33,-131.4884166877,594093977.97,1373.0198729576,-296150049.92,-684.4370065944,-341213074.38,-788.5828663632,2017-11-08
223,300740,水羊股份,43328119.11,,37679235.39,86.9625457185,-7245453.01,-16.7222883403,12894336.73,29.7597426218,2017-11-07
224,002925,盈趣科技,40202441.86,146.1430516422,107650106.47,267.7700694024,-11149292.81,-27.7328746568,-57172677.01,-142.211951227,2017-11-07
225,001296,长江材料,-16005217.72,-129.3927228092,59349823.12,370.8154687945,-37227917.49,-232.5986321541,-38127123.35,-238.2168366404,2017-11-07
226,300763,锦浪科技,1177547.15,134.862630718,2424153.95,205.8647035917,-5409790.01,-459.4117534911,4814018.98,408.8175135917,2017-11-03
227,605266,健之佳,102644151.66,,66163953.29,64.4595451567,-117551053.71,-114.522894689,154031252.08,150.0633495323,2017-10-31
228,605006,山东玻纤,-31137200.0,-4249.3784048051,107210800.0,344.3174081163,-283484300.0,-910.4360700384,144988800.0,465.6449520188,2017-10-31
229,603682,锦和商管,7436513.31,118.8289990157,140154872.72,1884.6852937321,-167151971.92,-2247.719663128,34433612.51,463.0343693959,2017-10-31
230,603365,水星家纺,-36097554.39,81.3934008887,-62738005.33,-173.8012626899,-60956799.86,-168.8668412309,87577366.94,242.6130202446,2017-10-31
231,300936,中英科技,-14792123.35,,12023746.59,81.2847912737,-6248844.44,-42.2444046209,-20642396.57,-139.549921817,2017-10-31
232,300832,新产业,41293297.7,-15.1212280527,242765059.83,587.9042686145,-120982592.91,-292.9836066592,-79914028.4,-193.5278431395,2017-10-31
233,300783,三只松鼠,61764082.27,,7646931.57,12.3808713559,-69057062.06,-111.8078007832,122483957.76,198.3093624294,2017-10-31
234,300771,智莱科技,-7792228.8,,8581403.44,110.127713909,-21458676.79,-275.3856096987,4963399.23,63.6967850585,2017-10-31
235,300726,宏达电子,-8314795.05,-281.535373737,52964730.81,636.9938223552,-17363532.71,-208.8269476949,-43909599.55,-528.0899804019,2017-10-31
236,300684,中石科技,158364137.99,2082.4116560066,86816900.96,54.8210611707,-16188495.41,-10.2223240788,87908750.0,55.5105159007,2017-10-31
237,601019,山东出版,90819568.85,-89.1063495158,882439937.06,971.6407468499,-491033732.46,-540.6695260479,-300915731.43,-331.3335828834,2017-10-30
238,300723,一品红,10168299.14,153.9625595839,8741923.49,85.9723280132,-266227091.32,-2618.2067192803,267653466.97,2632.2343912671,2017-10-30
239,300781,因赛集团,17082116.01,171.8626104822,22627908.48,132.4654888584,-1480470.0,-8.6667834309,-4065322.47,-23.7987054275,2017-10-25
240,300755,华致酒行,55772867.56,,188811845.97,338.5370955992,-39797228.38,-71.3558942208,-93241750.03,-167.1812013784,2017-10-25
241,300743,天地数码,3569799.75,68.5665162986,32079888.31,898.6467184889,-10745827.98,-301.0204698457,-17790178.49,-498.3522812449,2017-10-25
242,300733,西菱动力,-38691113.3,-177.6833984238,67120449.79,173.4776905218,-38816060.98,-100.3229363783,-67093139.28,-173.4071045198,2017-10-25
243,002864,盘龙药业,37342606.79,510.052045797,48555475.78,130.0270119145,-29623202.35,-79.3281586275,18410333.36,49.301146713,2017-10-25
244,603709,中源家居,9830833.24,586.0697623563,43208375.38,439.5189535328,-7223382.44,-73.4768077502,-26426103.68,-268.808381089,2017-10-24
245,300724,捷佳伟创,-99660710.74,-196.409469388,-48849308.41,-49.015613121,-2727126.3,-2.7364106474,-48064653.56,-48.2282869579,2017-10-24
246,300721,怡达股份,-7803572.87,58.2953913253,9205012.94,117.9589541015,-32968493.47,-422.4794721498,16017193.98,205.2546217845,2017-10-24
247,300720,海川智能,2456091.52,109.3764189967,43424380.2,1768.0277728413,-39912823.11,-1625.0543917028,-817200.0,-33.2723757786,2017-10-24
248,300717,华信新材,11126869.49,44735.8148548707,24596330.84,221.0534675733,-16987567.1,-152.6715768102,3488080.56,31.3482652343,2017-10-24
249,688391,钜泉科技,-31823605.67,56.4316170637,39403923.77,123.81979647,1412900.0,4.4397860338,-72636000.0,-228.2456637793,2017-10-23
250,603949,雪龙集团,-95050831.42,-193.9428967219,98346436.38,103.4672026649,-73261963.25,-77.0766148549,-120223553.58,-126.4834318479,2017-10-23
251,603916,苏博特,103531523.51,474.2161997658,44180501.26,42.673477374,-181770777.65,-175.5704653882,241091610.02,232.8678279294,2017-10-23
252,603477,巨星农牧,-33596409.86,,-186516352.34,-555.1675108062,-62838654.75,-187.0397908939,216463304.64,644.3048693061,2017-10-23
253,301227,森鹰窗业,16284062.9,600.5257644091,19780565.59,121.4719306323,-11425081.55,-70.1611239171,7928578.86,48.6891932848,2017-10-23
254,300803,指南针,36794317.0,-15.2898344372,7312072.0,19.8728298177,29482245.0,80.1271701823,,,2017-10-23
255,300772,运达股份,511225923.52,,952228861.67,186.2638058558,-193994326.39,-37.9468875628,-247008611.76,-48.316918293,2017-10-20
256,002943,宇晶股份,-41168311.76,-558.041020565,-1471825.56,-3.5751418921,-6315705.09,-15.34118068,-33380781.11,-81.0836774279,2017-10-20
257,001216,华瓷股份,6768746.02,,34081345.27,503.5104754898,4793613.22,70.819812205,-31980445.0,-472.4722261037,2017-10-20
258,300719,安达维尔,-18340505.31,-122.0387112516,18629035.49,101.5731855536,-6677828.02,-36.4102728203,-30291712.78,-165.1629127333,2017-10-19
259,002996,顺博合金,-11269730.72,-141.9369171858,168603337.86,1496.0724621466,-39309750.23,-348.8082475674,-140471646.77,-1246.4507827211,2017-10-17
260,002916,深南电路,-12402699.36,-147.9893649306,469470216.97,3785.2261297576,-848921404.13,-6844.6503417463,369172282.57,2976.5478615133,2017-10-17
261,001238,浙江正特,-28974404.59,-231.3323118864,73476446.77,253.5908772233,10470472.25,36.1369712274,-114337077.84,-394.6140721713,2017-10-17
262,688020,方邦股份,-2792034.52,-146.9586734254,24360795.55,872.510542957,-57242586.64,-2050.2105625829,30089756.57,1077.7000196258,2017-10-16
263,603856,东宏股份,-20692072.45,-1449.1866615076,-18127899.7,-87.6079462016,-17219146.38,-83.216151604,14654973.63,70.8240978056,2017-10-16
264,603659,璞泰来,6609397.91,118.5143447361,-28116012.47,-425.3944588124,-13003286.54,-196.7393508012,47766742.65,722.7094404126,2017-10-16
265,300731,科创新源,1559083.22,112.4966387319,43649713.13,2799.7038625045,-29153950.93,-1869.9419348507,-12933919.97,-829.5849640406,2017-10-16
266,300718,长盛轴承,-42395552.25,-64.9048478943,90092982.32,212.50574067,-104539465.84,-246.5812102731,-26313819.18,-62.0674051486,2017-10-16
267,688368,晶丰明源,33800141.02,,46987580.86,139.0159314193,-11211930.23,-33.1712528163,-1977962.45,-5.8519354959,2017-10-13
268,603068,博通集成,-23540539.04,,3886633.67,16.5103851845,-27020913.01,-114.7845976003,-100429.33,-0.4266228986,2017-10-13
269,601298,青岛港,3232375784.0,621.460207116,818307640.0,25.3159810209,-2761628064.0,-85.4364791888,5180828392.0,160.279272529,2017-10-13
270,301591,肯特股份,11221943.34,,21025900.14,187.3641623644,-16237707.24,-144.6960365779,6444800.0,57.4303380862,2017-10-13
271,301191,菲菱科思,10134585.53,,21332407.39,210.4911673679,-6454537.67,-63.6882253437,-5000000.0,-49.3360087119,2017-10-13
272,300890,翔丰华,-2359578.28,,-2654683.46,-112.5066916619,-2194082.15,-92.986198788,2489187.33,105.4928904499,2017-10-13
273,300859,西域旅游,-19840780.21,-276.2549507949,47722417.71,240.5269208413,-66452759.31,-334.9301721336,-1110438.61,-5.5967487077,2017-10-13
274,300845,捷安高科,-13895460.52,-185.0149750338,11594763.51,83.4428156829,-23667157.36,-170.3229434241,-1823066.67,-13.1198722588,2017-10-13
275,300810,中科海讯,5916044.73,,-30876573.24,-521.9124372645,8671958.8,146.5837260497,28120659.17,475.3287112148,2017-10-13
276,300795,米奥会展,36726461.1,586.2367527088,14061886.35,38.2881604403,5034557.5,13.7082565246,17284328.1,47.0623294004,2017-10-13
277,300762,上海瀚讯,-16884027.07,,-60669693.9,-359.3318919027,-3960585.3,-23.4575867687,47746252.13,282.7894786715,2017-10-13
278,002928,华夏航空,54232995.07,403.6719902475,260265612.95,479.9027098062,-130658608.85,-240.9208797732,-75325084.27,-138.8916178662,2017-10-13
279,001330,博纳影业,399809280.64,,300100732.68,75.0609721214,-146644245.96,-36.6785497638,246184985.21,61.5756054527,2017-10-13
280,603937,丽岛新材,69893796.2,353.09820396,78244600.44,111.9478475831,-26701182.21,-38.2025067484,18351416.66,26.2561452629,2017-10-12
281,603722,阿科力,4562868.0,126.4173321596,18343673.64,402.0206948787,-30773283.21,-674.4285219296,16930670.84,371.0532682515,2017-10-12
282,300713,英可瑞,-2281393.47,51.5964965557,22490146.92,985.8074556512,-22931540.39,-1005.1549937153,-1840000.0,-80.6524619359,2017-10-11
283,300712,永福股份,15153842.42,59.3927566761,46698836.92,308.1649896159,-31300965.8,-206.554647544,-241251.72,-1.5920168187,2017-10-11
284,300711,广哈通信,-61954.55,-100.6774046268,53050817.94,85628.6066802196,-2611675.66,-4215.4703084761,-50481046.49,-81480.7733895251,2017-10-11
285,603260,合盛硅业,-26353501.09,-183.1424696778,816985928.7,3100.1039516909,-418193369.6,-1586.8607672727,-425395389.17,-1614.1892787498,2017-10-10
286,300715,凯伦股份,11540356.27,207.2640208346,23661672.29,205.0341578406,-4764060.37,-41.2817443287,-7360179.98,-63.7777535442,2017-10-10
287,002910,庄园牧场,83131376.27,93.2984124152,248244932.83,298.6176146341,-127433397.04,-153.2915762469,-37680159.52,-45.3260383873,2017-10-10
288,688558,国盛智科,-5283331.61,,29792941.89,563.9044468382,-21813110.83,-412.8665857111,-13377649.49,-253.2048047993,2017-10-09
289,605158,华达新材,5135300.0,202.6505686929,41819600.0,814.3555391116,10734600.0,209.0354993866,-47125900.0,-917.6854322045,2017-10-09
290,688669,聚石化学,1144741.23,-95.1516521134,30223230.62,2640.1801409739,-15491392.11,-1353.2658476886,-12932907.18,-1129.7668714177,2017-09-29
291,688508,芯朋微,-10773619.04,-203.1580125302,-8479812.6,-78.7090444587,-15443806.44,-143.3483621674,13150000.0,122.0574066261,2017-09-29
292,605296,神农集团,22136734.77,142.6458798876,74095402.19,334.7169443003,-64772657.13,-292.6025802946,12813989.71,57.8856359944,2017-09-29
293,603613,国联股份,-18885726.56,-1300.7765944895,-9676030.18,-51.2346196968,7589523.34,40.1865573765,-16800000.0,-88.9560692655,2017-09-29
294,603332,苏州龙杰,6377159.77,,117634532.98,1844.6226411542,-70700913.73,-1108.6583413293,-40556459.48,-635.964299825,2017-09-29
295,601319,中国人保,-7298000000.0,,-399000000.0,-5.4672513017,4182000000.0,57.3033707865,-11091000000.0,-151.9731433269,2017-09-29
296,300787,海能实业,16418550.51,242.6939426075,64536762.9,393.0722316851,-34142931.92,-207.9533872324,-12266676.4,-74.7122980956,2017-09-29
297,300780,德恩精工,-24300080.56,-163.2521238519,96497390.56,397.107286627,-89729046.89,-369.2541128349,-30045577.21,-123.6439407508,2017-09-29
298,300778,新城市,22011347.34,,65988175.49,299.791623251,-38664863.3,-175.6587759157,-5311964.85,-24.1328473353,2017-09-29
299,003002,壶化股份,5888163.18,124.2617406572,79428246.75,1348.9477842562,-71003167.05,-1205.8627602437,-2536916.52,-43.0850240125,2017-09-29
300,002995,天地在线,18862600.0,,31856600.0,168.887640092,-30237000.0,-160.3013370373,17243000.0,91.4136969453,2017-09-29
301,002978,安宁股份,-8112167.17,,219562061.1,2706.5771266644,-475251466.22,-5858.5018807003,247577237.95,3051.9247540359,2017-09-29
302,002947,恒铭达,30507836.39,,46235210.44,151.5519155438,-13433721.24,-44.0336740642,-2479067.26,-8.1260015568,2017-09-29
303,002946,新乳业,31687020.0,,351587318.0,1109.5625843011,-767118095.0,-2420.9221788606,447217112.0,1411.3574327911,2017-09-29
304,002921,联诚精密,-17549176.22,-146.5789152055,37942966.7,216.2093891151,-31525976.35,-179.6436251752,-23264249.0,-132.5660458836,2017-09-29
305,002917,金奥博,1186427.59,-94.9974152789,24002054.98,2023.0526651863,-22813530.58,-1922.8759321081,,,2017-09-29
306,603607,京华激光,-11640444.57,-171.3762335193,82351604.85,707.460993906,-50838009.07,-436.7359748529,-43154040.35,-370.7250190531,2017-09-28
307,300709,精研科技,-6544107.69,73.0398811941,21519096.87,328.8316435086,-34323208.39,-524.490274548,6154944.17,94.0532225563,2017-09-28
308,002909,集泰股份,2272368.02,-93.9460320571,35023328.09,1541.2700663689,-62072781.57,-2731.6341817731,29318001.06,1290.1959894683,2017-09-28
309,603396,金辰股份,-56968927.26,-188.94775087,-32951555.2,-57.8412773153,-11253018.31,-19.7529054016,-12764353.75,-22.4058172831,2017-09-27
310,300710,万隆光电,-41859464.87,-261.4965503568,31003283.14,74.0651683826,-58256869.93,-139.1725147728,-14607227.82,-34.8958780657,2017-09-27
311,601108,财通证券,11017591907.45,484.2666358799,2856327421.85,25.9251517559,-311054770.14,-2.8232555059,8473421863.69,76.9081114537,2017-09-26
312,002907,华森制药,13205475.38,123.9041503365,20221317.33,153.1282801119,-4296245.06,-32.5338159844,-2719596.89,-20.5944641275,2017-09-26
313,603466,风语筑,-9063853.95,-13.7433813249,1973861.99,21.777292539,-28393248.28,-313.2580074285,17355532.34,191.4807148895,2017-09-25
314,002908,德生科技,74722966.26,246.8887761737,93280892.4,124.835638986,-9614776.13,-12.8672302657,-8943150.01,-11.9684087204,2017-09-25
315,300766,每日互动,23759680.18,,-2349473.17,-9.888488196,-4511626.38,-18.9885821098,30723615.23,129.3098854751,2017-09-22
316,605069,正和生态,-16201887.0,-146.0726601339,12148039.95,74.9791672414,-4647892.87,-28.6873551828,-23702034.08,-146.2918120587,2017-09-21
317,603829,洛凯股份,776416.11,-97.0142125185,31731717.91,4086.9473857259,-21396457.93,-2755.797780909,-9558843.87,-1231.1496048169,2017-09-20
318,002905,金逸影视,251666308.56,427.2372522612,577645972.86,229.5285277418,-196491935.87,-78.0763770066,-129487728.43,-51.4521507352,2017-09-20
319,300708,聚灿光电,3519154.95,110.0857202852,74213173.96,2108.8350758752,-81384263.02,-2312.6081169003,10972318.38,311.788441711,2017-09-19
320,605136,丽人丽妆,17022402.75,227.1017400798,-33477803.55,-196.6690839224,-3645348.91,-21.4150079959,54145555.21,318.0840919182,2017-09-18
321,603661,恒林股份,23767337.74,-50.07912163,156894077.29,660.1247434876,-36731940.52,-154.5479806019,-96025534.16,-404.0230976244,2017-09-18
322,603499,翔港科技,-18329743.71,-227.0568183474,60277715.78,328.8519290486,-64809574.94,-353.5760017454,-13797884.55,-75.2759273032,2017-09-18
323,603378,亚士创能,-92932304.76,-196.2136590459,39270696.26,42.2573144628,-77795197.2,-83.7116838982,-54442045.84,-58.5824767616,2017-09-18
324,603367,辰欣药业,910692.07,100.6067983575,27538117.08,3023.8670113818,-25029856.36,-2748.443429402,-1596690.52,-175.32715751,2017-09-18
325,603110,东方材料,-24528530.47,-166.6611639512,62120120.61,253.2565931171,-23374396.34,-95.2947277807,-63274254.74,-257.9618653363,2017-09-18
326,603076,乐惠国际,67910025.92,345.1294385401,64089910.22,94.3747397409,-9897931.3,-14.5750662968,19228074.05,28.3140431615,2017-09-18
327,600933,爱柯迪,-95825952.63,-272.1843416463,350599715.45,365.8713593005,-263429745.45,-274.9043846891,-181403812.74,-189.3055145931,2017-09-18
328,300943,春晖智控,-12573396.09,-94.3589958899,58927660.74,468.6694057691,-45928351.52,-365.2819905716,-25589288.52,-203.5193064533,2017-09-18
329,300725,药石科技,-5542372.08,-161.8344058571,11909554.6,214.8819030569,-10585557.62,-190.9932690769,-6852706.6,-123.6421247272,2017-09-18
330,002945,华林证券,2357922181.33,474.4923987194,2004025258.39,84.9911534086,-56099468.36,-2.3791908318,409999207.64,17.3881568648,2017-09-18
331,002919,名臣健康,20865456.67,-47.962945524,24596371.9,117.8808223036,-1728415.23,-8.2836204227,-2002500.0,-9.5972018809,2017-09-18
332,002906,华阳集团,-100774741.2,-201.4345180872,362033647.92,359.2503871595,-156707780.03,-155.5030339587,-305843862.24,-303.4925801824,2017-09-18
333,002903,宇环数控,13067465.45,86.8764937074,39118302.47,299.356463728,-8550837.02,-65.436079037,-17500000.0,-133.920384691,2017-09-18
334,603136,天目湖,-37148084.07,-1055.2458038935,177132785.38,476.8288589156,-135761354.9,-365.4599107835,-78519514.55,-211.3689481321,2017-09-13
335,603103,横店影视,70763770.95,240.6834891352,222676004.57,314.6751530912,-210595897.3,-297.6041192728,58683663.68,82.9289661817,2017-09-13
336,300705,九典制药,-15130929.41,-150.5817766519,30107644.95,198.9808037179,-26083227.14,-172.3835095203,-19155347.22,-126.5972941975,2017-09-12
337,002902,铭普光磁,7931144.95,126.5852086024,27303511.75,344.2568749169,-48691606.43,-613.9290951932,29323733.24,369.7288780481,2017-09-12
338,603970,中农立华,-46939628.65,-162.6654201705,40413734.51,86.097260827,-124082342.6,-264.3445339655,36852078.89,78.509523722,2017-09-11
339,603809,豪能股份,-4715418.63,31.7459029422,106716489.54,2263.1392441184,-56793646.11,-1204.4242635993,-55057920.0,-1167.6146768755,2017-09-11
340,603605,珀莱雅,36551099.23,248.446287978,185448638.78,507.3681576936,-193162048.85,-528.4712441465,44261781.85,121.0956244338,2017-09-11
341,603278,大业股份,-6840228.06,-255.2198868395,82214454.42,1201.9256331638,-65602356.19,-959.0667974015,-23562060.12,-344.4630780337,2017-09-11
342,601086,国芳集团,-19808451.52,92.0804613595,60133165.74,303.5732787052,-69919783.92,-352.9795544564,-10021833.34,-50.5937242489,2017-09-11
343,300827,上能电气,4638262.99,-52.3710240106,-22108829.13,-476.6618274485,-22874331.61,-493.1659041179,49621423.73,1069.8277315664,2017-09-11
344,300722,新余国科,20393857.19,380.3434265665,18668775.6,91.5411705891,-32404697.77,-158.8944036829,34129779.36,167.3532330938,2017-09-11
345,300716,ST泉为,-62141030.92,-189.0676431319,-36437495.6,-58.6367735787,-53280084.28,-85.7405863585,27472107.7,44.2092886025,2017-09-11
346,300960,通业科技,19454868.72,133.9835765368,14716167.23,75.6425933364,29424788.14,151.246397822,-24685972.21,-126.8884029252,2017-09-08
347,300828,锐新科技,8513431.68,262.0018280598,47932501.43,563.0220953391,-48381611.72,-568.2974097703,8932833.33,104.9263524483,2017-09-08
348,300756,金马游乐,-62090487.69,-165.4787831593,33806692.69,54.4474587779,-76697180.38,-123.5248477398,-19200000.0,-30.922611038,2017-09-08
349,003012,东鹏控股,140430606.77,,550891085.62,392.2870507298,-559042636.23,-398.0917330548,-407284683.68,-290.0255813514,2017-09-08
350,300703,创源股份,-9964483.34,-165.681698571,46014192.55,461.7820210034,-41545164.4,-416.9324488027,-15335962.23,-153.9062458807,2017-09-06
351,603363,傲农生物,-42304833.96,-153.40419942,-33662510.4,-79.5713095856,-159464296.9,-376.9410773501,150821973.34,356.5123869357,2017-09-05
352,300654,世纪天鸿,-39033424.76,67.2269842252,49450898.3,126.6885972831,-77498836.79,-198.544804271,-10985486.27,-28.1437930121,2017-09-05
353,002901,大博医疗,41914504.67,-11.1307246142,151116863.14,360.5359632179,-138101178.6,-329.4830266689,28691473.85,68.4523748423,2017-09-05
354,603922,金鸿顺,-26833905.12,-157.9969806139,137286658.33,511.6163961826,-10156463.79,-37.8493690895,-152921360.4,-569.8811250772,2017-09-04
355,603912,佳力图,45503488.55,4.2271366719,23443698.66,51.5206622768,4040999.61,8.8806369331,18019463.9,39.6001811602,2017-09-04
356,600903,贵州燃气,166853751.12,-11.1109873837,35365976.73,21.1957936172,-417395463.25,-250.1564756251,548883237.64,328.9606820078,2017-09-04
357,300801,泰和科技,-17914913.58,17.4857926776,84616586.66,472.3248386443,-122285618.32,-682.5911706128,18703262.51,104.4005176273,2017-09-04
358,002900,哈三联,10827756.83,12501.4769748604,116310824.69,1074.191326201,-136065795.56,-1256.6388190674,30582727.7,282.4474928664,2017-09-04
359,002899,英派斯,14435438.36,-59.713301207,102414667.32,709.4669712545,-38081794.97,-263.8076795473,-50917995.68,-352.7291268209,2017-09-04
360,603055,台华新材,-72796552.17,-221.4648559628,214431907.93,294.5632746854,-72735524.29,-99.9161665241,-215567740.96,-296.1235587869,2017-09-01
361,001210,金房能源,-1193666.0,,86114066.86,7214.2514623019,-53464367.45,-4479.0056389308,-33843365.41,-2835.245823371,2017-09-01
362,603106,恒银科技,-44259764.23,-135.8008430866,160059771.65,361.6371990104,-41424959.05,-93.5950739248,-162957261.87,-368.1837549409,2017-08-31
363,300701,森霸传感,64695934.77,388.4412705143,35805772.84,55.3447028276,34890161.93,53.9294502105,-6000000.0,-9.2741530381,2017-08-31
364,603533,掌阅科技,23242183.02,-42.0423117198,80664133.72,347.0591968516,-30421950.7,-130.891107233,-27000000.0,-116.1680896186,2017-08-30
365,300702,天宇股份,-53544044.63,-378.9013526108,80438316.19,150.2283152979,-71633712.25,-133.7846491519,-62941521.44,-117.5509281657,2017-08-30
366,688159,有方科技,-6132949.94,21.7974622459,-16356170.47,-266.6933633898,25982407.61,423.6526934704,-15759187.08,-256.9593300806,2017-08-29
367,603321,梅轮电梯,15889784.76,-18.4497418289,77034768.73,484.8068736835,-61152390.75,-384.8534871532,,,2017-08-28
368,300777,中简科技,-17958172.91,-167.2104912266,-7131091.57,-39.7094493172,-6612209.02,-36.8200543181,-4214872.32,-23.4704963647,2017-08-28
369,300707,威唐工业,5617169.66,131.308379666,39728330.73,707.2659922115,-55448293.16,-987.1215668426,21691261.98,386.1599932518,2017-08-28
370,603289,泰瑞机器,42761692.91,195.7012272642,90836488.93,212.4249129266,-21691880.19,-50.7273653446,-25684090.1,-60.0633145045,2017-08-25
371,603083,剑桥科技,34827013.93,278.4015412604,304130650.18,873.2607704792,-164139220.02,-471.2985740032,-106135938.58,-304.7517619321,2017-08-25
372,003010,若羽臣,3311836.37,-37.2933264757,-19366792.12,-584.7750298122,-3661193.98,-110.5487581803,26339822.47,795.3237879926,2017-08-25
373,603648,畅联股份,6005329.41,833.4122812257,120981854.13,2014.5748196351,-47304696.8,-787.7119400183,-67707783.93,-1127.4616146327,2017-08-24
374,603527,众源新材,-116277068.51,-6618.734850413,79830982.5,68.6558265727,-15116009.69,-12.9999920738,-181011613.59,-155.6726669407,2017-08-23
375,603386,骏亚科技,2966638.54,156.5302774346,85531586.04,2883.1145044047,-41635575.5,-1403.4596712278,-40926349.48,-1379.5529495144,2017-08-22
376,300700,岱勒新材,10085530.97,-2.8439367494,-3105824.4,-30.7948526383,6917773.53,68.5910692315,6135926.26,60.8389015735,2017-08-22
377,603882,金域医学,568926.27,-98.9147951112,225966983.77,39718.1490265865,-452093612.58,-79464.3588140164,226831568.98,39870.1169098766,2017-08-21
378,603683,晶华新材,1225568.6,-80.8680273797,73538215.67,6000.3345116707,-53173805.03,-4338.7049105207,-19284502.71,-1573.5147514386,2017-08-21
379,603277,银都股份,19487827.94,-47.0941461385,94565420.04,485.2537713857,-69049122.77,-354.3192344606,-5259589.11,-26.989098663,2017-08-21
380,002912,中新赛克,-4331550.64,-111.5615028765,25551481.89,589.8922583068,-29281161.17,-675.9972029324,-620283.63,-14.3201287842,2017-08-21
381,002898,*ST赛隆,-29071511.43,-156.765022312,51362902.58,176.6777854109,-35181130.16,-121.0158276246,-45253283.85,-155.6619577863,2017-08-21
382,002897,意华股份,6733241.58,122.4452925424,91111373.15,1353.1576443155,-67167860.61,-997.5560777369,-17661776.94,-262.3071923108,2017-08-21
383,603725,天安新材,28245630.58,271.6066738369,22700742.1,80.3690398616,-91378042.77,-323.512135837,96887264.97,343.0168241264,2017-08-16
384,300697,电工合金,21246006.02,250.6512295702,320150219.41,1506.8724875095,-12558201.85,-59.108530037,-286282273.32,-1347.463956522,2017-08-16
385,002896,中大力德,9489912.41,130.2953639903,36201962.85,381.4783665638,-31285275.1,-329.6687445401,4471340.56,47.1167737575,2017-08-16
386,603813,*ST原尚,17738935.44,316.2554383278,57390483.73,323.5283420706,-50208487.85,-283.0411555407,10556939.56,59.5128134702,2017-08-15
387,603500,祥和实业,5715078.55,167.7053766689,49290688.29,862.4673809601,-26851052.24,-469.8282272953,-16725792.95,-292.6607710405,2017-08-15
388,603183,建研院,-5267892.88,-73.035503876,37892595.22,719.3121819895,-42978571.43,-815.8588720202,-181916.67,-3.4533099694,2017-08-15
389,300699,光威复材,-39015481.81,-186.2835407811,441501297.43,1131.6053959811,-68896584.69,-176.5878094894,-411591705.3,-1054.9445661197,2017-08-15
390,603127,昭衍新药,24733350.83,265.100391269,82375992.67,333.0563385293,-42468489.78,-171.7053628192,-15100823.61,-61.0544997069,2017-08-14
391,300698,万马科技,18596646.64,69.1811895319,14403394.36,77.4515676876,-15336248.26,-82.4678156061,19529500.54,105.0162479186,2017-08-14
392,601825,沪农商行,-4757843000.0,-156.5092408366,15758284000.0,331.2064731854,-20942551000.0,-440.1690219707,426424000.0,8.9625487852,2017-08-10
393,603079,圣达生物,-66247545.11,-191.9996182534,34401628.28,51.9289103059,-79567956.04,-120.1070257138,-21098176.24,-31.8474838652,2017-08-09
394,300696,爱乐达,-24548646.13,-142.7096301885,22919163.83,93.3622315,-30043117.49,-122.3819730461,-17424692.47,-70.9802584539,2017-08-09
395,300706,阿石创,-4094198.98,-2559.236266011,-4783931.12,-116.8465710477,-2874852.54,-70.2177044654,3579350.56,87.4249292105,2017-08-07
396,300695,兆丰股份,-115809104.16,-253.1126488015,93639046.22,80.8563773109,-124961801.16,-107.9032620677,-84663080.15,-73.1057206289,2017-08-07
397,002895,川恒股份,-77454521.29,-138.6812299813,98146510.2,126.7150174907,11707139.59,15.1148562989,-187634908.06,-242.2517174401,2017-08-07
398,002893,京能热力,22358176.7,-59.4144980634,73027002.39,326.6232455798,-126770346.52,-566.9976949417,76101520.83,340.374449362,2017-08-07
399,300811,铂科新材,5214716.04,,11801526.01,226.3119586853,-8745269.47,-167.7036564008,1998174.94,38.3180009165,2017-08-04
400,300454,深信服,-4148088.25,,402476264.71,9702.69291426,-318894340.22,-7687.7424249593,-87818700.21,-2117.0885216822,2017-08-04
401,301428,世纪恒通,-7284801.12,39.4677217813,28546426.01,391.8628050343,-32454483.65,-445.5095357497,-3376743.48,-46.3532692846,2017-08-02
402,300878,维康药业,20123984.04,194.491559977,46009996.5,228.6326425649,-37036886.39,-184.0435090605,11149450.0,55.4037907098,2017-08-02
403,300774,倍杰特,-1432053.02,73.3122461418,-10458464.7,-730.3126737584,6753948.37,471.6269771911,2272463.31,158.6856965673,2017-08-01
404,300691,联合光电,-19852875.81,-177.8561182193,12160490.22,61.2530413043,-53081271.94,-267.37321307,21250858.17,107.0417121095,2017-08-01
405,603976,正川股份,28364911.47,111.2355199656,76862589.88,270.9777182322,-18497678.41,-65.2132421762,-30000000.0,-105.764476056,2017-07-31
406,603557,ST起步,38981305.25,144.5194372044,-16453662.4,-42.2091109943,-102456900.81,-262.8359931842,157891868.46,405.0451041785,2017-07-31
407,603507,振江股份,-3824144.05,-320.4119842673,-16799017.48,-439.2883024372,-38152405.52,-997.6717670978,50936814.54,1331.9794932934,2017-07-31
408,603359,东珠生态,-90143943.95,49.1266219264,-134899107.66,-149.6485529131,-3953392.99,-4.3856445777,48708556.7,54.0341974909,2017-07-31
409,603181,皇马科技,-10883002.54,-231.2956791577,137102442.78,1259.7850848246,-297494319.65,-2733.5684114432,149359596.78,1372.4116688481,2017-07-31
410,603129,春风动力,60401093.89,639.8998286139,50789129.19,84.0864393656,-59819622.38,-99.0373162594,65933473.61,109.1594031891,2017-07-31
411,601949,中国出版,1333827241.26,846.4366548531,947310512.58,71.0219797044,-7832133.72,-0.5871925147,394337579.32,29.5643668926,2017-07-31
412,300693,盛弘股份,28593443.9,203.8006557111,40630857.93,142.0985106659,-5596469.91,-19.5725633106,-6440944.12,-22.5259473554,2017-07-31
413,300692,中赋科技,30503489.91,403.3787339616,27248891.4,89.330406063,-32750414.3,-107.3661223572,36005012.81,118.0357162942,2017-07-31
414,002892,科力尔,6458588.74,146.1519101095,42983955.81,665.5317057701,-10910367.19,-168.9280372108,-25572355.51,-395.9433947485,2017-07-31
415,002891,中宠股份,23683003.26,248.6592274033,27248297.81,115.0542332442,-90108935.66,-380.4793449156,85209826.44,359.7931626514,2017-07-31
416,300689,澄天伟业,2789284.13,-58.4682119562,42671545.84,1529.8386199186,-52320709.7,-1875.775548904,12438447.99,445.9369289854,2017-07-27
417,300688,创业黑马,25564697.72,65.262935761,27544703.86,107.7450794126,-2820006.14,-11.0308604893,840000.0,3.2857810767,2017-07-27
418,300690,双一科技,30262910.84,475.4151498979,69467026.67,229.5450924641,-14982782.64,-49.5087294121,-24145066.55,-79.7843494886,2017-07-26
419,603602,纵横通信,15857925.67,901.9967653556,36946188.77,232.9824816867,-1361403.95,-8.5850065029,-19726859.15,-124.3974751838,2017-07-25
420,603978,深圳新星,-820396.36,63.7804799496,109076568.51,13295.5939138979,-99301566.28,-12104.0964004277,-10595398.59,-1291.4975134702,2017-07-24
421,603721,*ST天择,-58537888.53,-388.2720390366,52973927.53,90.4951115598,-96511816.06,-164.8706820208,-15000000.0,-25.624429539,2017-07-24
422,603619,中曼石油,96169145.01,6147.8708931911,269736555.97,280.4813913464,-355529153.78,-369.6914990177,184114594.82,191.4487175703,2017-07-24
423,300687,赛意信息,-1126043.64,57.9568721881,-19294642.8,-1713.4897897918,-12777156.02,-1134.6945683206,30945755.18,2748.1843581124,2017-07-21
424,003006,百亚股份,19455404.0,-69.8858394409,5875480.0,30.199732681,113526800.0,583.5232205921,-100000000.0,-513.9960085126,2017-07-21
425,603458,勘设股份,119970414.89,983.090258581,282214449.84,235.2367040647,-131084546.37,-109.2640602187,-31144561.75,-25.9602017535,2017-07-20
426,300685,艾德生物,3802847.19,155.0029281377,15690813.87,412.6070043325,-45265449.18,-1190.3041831139,33425363.33,878.9562572458,2017-07-20
427,002890,弘宇股份,-19539003.42,-2133.9681067111,74118541.74,379.3363466231,8034317.24,41.1193808983,-101691862.4,-520.4557275214,2017-07-20
428,603860,中公高科,-33142510.16,-189.3594061851,50244121.72,151.6002302705,-28784094.9,-86.8494714523,-54602536.98,-164.7507588182,2017-07-19
429,603535,嘉诚国际,-114249101.94,-7833.9797872051,59148078.86,51.7711543072,-255874834.35,-223.9622281533,82887611.0,72.5499015682,2017-07-19
430,300683,海特生物,297311228.97,604.3375767014,135404687.48,45.5430788636,-11773458.51,-3.9599777482,173680000.0,58.4168988846,2017-07-19
431,603880,南卫股份,15780339.17,246.7567146947,73518726.38,465.8881256479,-13007345.47,-82.4275405609,-44640348.4,-282.885861445,2017-07-18
432,300686,智动力,29388879.23,400.457358932,90862298.4,309.1723835023,-10097500.63,-34.3582364982,-51363223.91,-174.7709516516,2017-07-17
433,688418,震有科技,-9743900.0,,-16690000.0,-171.2866511356,-12361400.0,-126.8629604163,19258500.0,197.6467328277,2017-07-14
434,688202,美迪西,6830416.56,,19417863.86,284.2852070504,-15547515.92,-227.6217824115,2576076.39,37.7147772375,2017-07-14
435,605183,确成股份,64852345.58,382.8261775119,112225976.84,173.0484469549,-62416384.4,-96.2438348864,16368177.98,25.2391456833,2017-07-14
436,603915,国茂股份,58227268.22,,262865005.66,451.4465708177,-60270096.25,-103.5083700343,-144367641.19,-247.9382007834,2017-07-14
437,603790,雅运股份,16234786.86,,27304564.62,168.1855441372,-3465913.53,-21.3486851407,-7618997.12,-46.9300717386,2017-07-14
438,603662,柯力传感,60501900.0,,94934500.0,156.9116011233,63821400.0,105.4866045529,-98311800.0,-162.493739866,2017-07-14
439,603657,春光科技,8521138.57,,11739258.5,137.7663137803,-17259687.31,-202.5514215995,13973379.9,163.9848922208,2017-07-14
440,603192,汇得科技,-13143555.96,,113634742.95,864.5662048827,-41788222.8,-317.9369641456,-84993500.23,-646.6552924388,2017-07-14
441,603185,弘元绿能,-29999222.06,,5725357.22,19.0850189667,-34717193.31,-115.7269786549,-1007386.67,-3.3580426452,2017-07-14
442,603121,华培动力,-17153727.0,,21331097.22,124.3525516058,-16180328.09,-94.3254377897,-22096666.66,-128.8155434676,2017-07-14
443,301505,苏州规划,-8648649.91,,10891087.8,125.9281843217,-9720568.3,-112.3940545768,-9819169.41,-113.5341297449,2017-07-14
444,301226,祥明智能,8142862.52,,26864719.48,329.9173897879,-16634097.94,-204.2782608591,543445.95,6.6738932245,2017-07-14
445,301042,安联锐视,-1705684.44,92.2104431446,8156496.77,478.1949450157,-31905934.72,-1870.5649164508,21445537.71,1257.2980797081,2017-07-14
446,300791,仙乐健康,-6125232.68,-117.1308250634,90936017.39,1484.6132733361,-77209408.73,-1260.5138900617,-20002812.22,-326.5641203364,2017-07-14
447,300775,三角防务,-2358780.52,96.7563164377,-14633197.53,-620.3713065258,253597240.4,10751.2012351196,-241322823.39,-10230.8299285938,2017-07-14
448,300748,金力永磁,-13681400.0,57.7502989727,66234400.0,484.1200461941,-13795800.0,-100.8361717368,-66211000.0,-483.9490110661,2017-07-14
449,003025,思进智能,-3628243.71,13.8130796352,21132834.98,582.4535689748,-15545602.81,-428.4608216133,-9211999.05,-253.8969205572,2017-07-14
450,603825,ST华扬,87581986.13,438.9863614837,102571395.93,117.1147178345,2617716.79,2.9888758016,-17607126.59,-20.1035936361,2017-07-13
451,301386,未来电器,19470775.86,1320.0124025266,20451693.06,105.0378947765,24085529.35,123.7009224654,-25066446.55,-128.738817242,2017-07-13
452,300676,华大基因,192656639.5,630.4733119832,-8164446.9,-4.237822751,-535392705.35,-277.8999502636,736170358.62,382.1152286942,2017-07-13
453,688550,瑞联新材,87310631.96,611.5053311606,49379935.23,56.5566118599,-40198665.26,-46.0409738855,77698126.22,88.990452223,2017-07-12
454,603357,设计总院,-282454141.31,-801.7497538027,74378858.11,26.3330740222,68014240.5,24.07974625,-424847239.92,-150.4128202722,2017-07-12
455,300682,朗新科技,228297442.55,90.1969910965,46773002.21,20.4877469005,-16275185.86,-7.1289391936,197799626.2,86.6411922931,2017-07-12
456,300681,英搏尔,3974906.42,190.9966583317,9795209.52,246.4261666819,-5820303.1,-146.4261666819,,,2017-07-12
457,603233,大参林,29440790.8,6.6578933825,448578297.49,1523.6625284196,-291828113.2,-991.2373454316,-127309393.49,-432.425182988,2017-07-11
458,300680,隆盛科技,37125159.61,600.7880213691,-10948443.09,-29.4906290101,-20335156.63,-54.7745971832,68408759.33,184.2652261933,2017-07-11
459,300679,电连技术,-26645111.1,-149.772979708,162621263.79,610.3230839597,-150676057.23,-565.492321141,-37971255.0,-142.5073997909,2017-07-11
460,688310,迈得医疗,2650691.33,615.3872239548,-11281839.66,-425.6187633888,-8312970.68,-313.6151910981,22234756.27,838.8285734499,2017-07-10
461,603676,卫信康,-22233983.75,-211.2092532027,118472228.3,532.843010196,-68481015.33,-308.0015533878,-72225196.72,-324.8414568082,2017-07-10
462,603063,禾望电气,-113650688.35,-194.818255424,96840548.72,85.2089416491,-85168037.07,-74.9384260725,-125323200.0,-110.2705155767,2017-07-10
463,002889,东方嘉盛,169752872.15,444.9053814185,162605385.3,95.7894751591,-36750150.31,-21.6492067819,43869573.65,25.8431996433,2017-07-10
464,688060,云涌科技,-3916423.85,-149.6385830239,8996438.34,229.7105391185,-12912862.19,-329.7105391185,,,2017-07-07
465,605108,同庆楼,3493803.19,295.3491572529,184130557.02,5270.2040443211,-132663032.84,-3797.0951889823,-47973720.99,-1373.1088553388,2017-07-07
466,603983,丸美生物,211606865.06,33.7591648667,376235489.51,177.7992833093,-44628624.45,-21.0903481025,-120000000.0,-56.7089352068,2017-07-07
467,603739,蔚蓝生物,7252523.39,,58547610.1,807.2722685835,-21110071.88,-291.0720964941,-30185014.83,-416.2001720893,2017-07-07
468,603713,密尔克卫,8019787.83,,52168746.1,650.500327513,-46493460.08,-579.7342905517,2323188.26,28.9682010204,2017-07-07
469,601865,福莱特,-72954019.72,,609517432.4,835.4816290307,-207135505.25,-283.9261031058,-474674001.48,-650.6481799109,2017-07-07
470,300896,爱美客,-10965617.32,,27949754.19,254.8853691896,-38915371.51,-354.8853691896,,,2017-07-07
471,300877,金春股份,-8090898.35,-211.0239264494,-12002902.55,-148.3506778947,-33831344.97,-418.140773824,37704696.39,466.0137200957,2017-07-07
472,300753,爱朋医疗,6742987.68,,33493142.65,496.7107199282,-9483231.71,-140.638425577,-17264655.81,-256.0386675658,2017-07-07
473,601326,秦港股份,-2635116910.01,-225.8130953929,2983810567.2,113.2325687663,-3172428006.18,-120.3904082634,-2479954146.0,-94.111731308,2017-07-04
474,300678,中科信息,-45130419.12,-382.2111359021,-6174154.25,-13.6806933558,-1126418.47,-2.495918478,-37829846.4,-83.8233881662,2017-07-04
475,601619,嘉泽新能,286322661.81,1004.9846446407,354177079.14,123.6985842829,-1373192801.26,-479.5962682728,1305338383.93,455.8976839899,2017-07-03
476,300677,英科医疗,11409078.12,287.6592528035,77277193.6,677.3307430031,-102860215.14,-901.5646492918,36940882.22,323.7849879846,2017-07-03
477,002888,惠威科技,16494810.87,-14.7940069844,41404228.06,251.0136574849,-27154293.0,-164.6232455407,2325191.73,14.096504339,2017-07-03
478,688543,国科军工,-29628203.56,,7393627.73,24.9546946545,-16191297.6,-54.6482596125,-20830533.69,-70.3064350419,2017-06-30
479,688103,国力电子,5212448.83,,16136382.0,309.5739167189,-11812412.5,-226.6192510517,859138.88,16.4824424761,2017-06-30
480,688026,洁特生物,860371.28,-46.9750859018,15665381.61,1820.769936672,-27003155.53,-3138.5468294572,12178532.47,1415.4973269215,2017-06-30
481,688025,杰普特,2377629.73,,-27245152.99,-1145.8955381585,-10349930.0,-435.3045333093,39842480.08,1675.7226567822,2017-06-30
482,603810,丰山集团,42987100.0,,127636500.0,296.918145211,-133897300.0,-311.4825145218,49236600.0,114.5380823549,2017-06-30
483,603755,日辰股份,13036760.03,,24216796.12,185.7577808004,-5659780.03,-43.4140079052,-5520256.06,-42.3437728952,2017-06-30
484,603681,永冠新材,2496646.13,-85.9874397662,50463218.11,2021.2403153025,-68485140.22,-2743.0855897868,23120816.23,926.0750232954,2017-06-30
485,603650,彤程新材,4304253.3,,117991745.96,2741.2825811158,-47499071.98,-1103.5380278386,-66062180.03,-1534.8116252824,2017-06-30
486,603629,利通电子,-43978451.53,,2380204.23,5.4122056307,-27299975.65,-62.0758000799,-19013146.69,-43.2328698,2017-06-30
487,603297,永新光学,28801600.0,,60971400.0,211.694489195,2841900.0,9.8671601578,-35511200.0,-123.295928004,2017-06-30
488,601990,南京证券,4225156660.16,466.7001293219,2394480144.91,56.671984911,-297012008.0,-7.0296093586,2127613208.91,50.3558419259,2017-06-30
489,601869,长飞光纤,1104575458.0,,226372718.0,20.4940926725,-316704912.0,-28.6720938535,1196109771.0,108.2868320437,2017-06-30
490,301296,新巨丰,-11127556.0,,19878654.0,178.6434864942,-20450615.0,-183.7835280272,-10555704.0,-94.8609380173,2017-06-30
491,301035,润丰股份,63918939.82,119.9661090957,252759038.6,395.4368444029,-248613544.18,-388.9512949997,57133820.49,89.3848062106,2017-06-30
492,301018,申菱环境,-79759459.7,,3934422.97,4.9328606096,-144865462.97,-181.6279391998,61199216.15,76.7297275836,2017-06-30
493,300949,奥雅股份,-3351294.56,-126.4558953777,43481285.57,1297.4474428174,-28843580.13,-860.6697983003,-17989000.0,-536.7776445172,2017-06-30
494,300915,海融科技,26256166.43,,30124531.64,114.733168379,-43773551.29,-166.7172220541,39918758.92,152.0357475888,2017-06-30
495,300902,国安达,-11646342.88,-226.3366643894,35849342.27,307.8163045634,-62195414.32,-534.0338590478,14699729.17,126.2175544844,2017-06-30
496,300897,山科智能,-5962220.97,,19663282.79,329.7979543016,-14530992.7,-243.717781899,-11094511.06,-186.0801724026,2017-06-30
497,300894,火星人,5970613.76,,22822622.45,382.2491852161,-74330058.06,-1244.93161085,57478049.37,962.6824256339,2017-06-30
498,300849,锦盛新材,616103.23,,46787664.5,7594.1274484148,-26919210.16,-4369.2694420706,-19329955.05,-3137.4539377111,2017-06-30
499,300768,迪普科技,57931082.34,,14661671.62,25.3088170077,-53181132.04,-91.8006878033,96498556.83,166.5747521575,2017-06-30
500,300759,康龙化成,-26796117.29,,12134613.57,45.2849696046,-81934100.76,-305.7685554712,42103256.93,157.1244687219,2017-06-30
501,300758,七彩化学,38228.19,,37540372.96,98200.7595965177,-13960497.91,-36518.8566604906,-23553653.07,-61613.3096283136,2017-06-30
502,300757,罗博特科,-2139898.06,,-7457362.97,-348.4915057122,-875258.51,-40.9018787559,6535209.36,305.3981627517,2017-06-30
503,300751,迈为股份,-2738414.38,,-9103888.39,-332.4510876254,4130140.6,150.8223382905,1993124.44,72.7838874407,2017-06-30
504,300694,蠡湖股份,-2478632.04,,-39484495.52,-1592.995445988,-80755245.95,-3258.0570510982,117211758.83,4728.8890379227,2017-06-30
505,002992,宝明科技,-6760047.06,,77735673.67,1149.9279957675,-82916756.75,-1226.5707030448,-1352787.9,-20.0115160145,2017-06-30
506,002942,新农股份,85804791.31,455.6667681788,70870366.29,82.5948821832,90262442.46,105.1951075015,-75682680.95,-88.203327337,2017-06-30
507,002940,昂利康,-9794695.32,,50457985.8,515.1562570504,-50329063.6,-513.8400119219,-9916572.03,-101.2443134372,2017-06-30
508,002939,长城证券,7064410121.27,1893.990071072,5650955474.12,79.9918942575,79593423.77,1.1266818093,1333700115.16,18.8791433717,2017-06-30
509,002937,兴瑞科技,-10111955.62,,122394022.4,1210.3892362613,-57267605.01,-566.3356047245,-75982779.17,-751.4152753966,2017-06-30
510,603707,健友股份,-65640454.63,-618.9748233331,178740925.71,272.302997774,-220356778.33,-335.7026997636,-24200345.08,-36.8680339227,2017-06-28
511,603612,索通发展,-92174636.37,-223.148502681,207948737.21,225.6029916682,-219011091.03,-237.6045077638,-81373990.01,-88.282409581,2017-06-28
512,002887,绿茵生态,-25609501.38,-163.0800209181,-23946915.45,-93.5079332263,6976993.48,27.2437693201,-8639579.41,-33.7358360938,2017-06-27
513,002884,凌霄泵业,-14126059.17,53.6684198366,96417286.23,682.549075221,-74391788.37,-526.6280388234,-36513002.04,-258.4797472571,2017-06-27
514,603387,基蛋生物,-2335425.14,75.2943596069,98534931.13,4219.1432061916,-92821028.69,-3974.4810099115,-8047207.58,-344.5714205166,2017-06-26
515,300675,建科院,-11288167.51,-289.2070271647,8876396.74,78.6345235587,-16431256.02,-145.5617663845,-3732429.68,-33.0649742458,2017-06-26
516,688350,富淼科技,54433324.13,,100691834.64,184.9819687652,-82450768.89,-151.4711258366,36191802.73,66.4883199923,2017-06-23
517,603933,睿能科技,2945519.35,-91.8086085026,44526142.12,1511.6567514656,-10459356.22,-355.0937874504,-29513208.32,-1001.9695956165,2017-06-23
518,603353,和顺石油,17020160.65,,91625440.72,538.3347584325,-69857064.41,-410.437162413,-4748215.66,-27.8975960195,2017-06-23
519,603595,ST东尼,-4176350.72,-15.5542587905,39550539.87,947.0119374936,-25843851.38,-618.8142019835,-17753976.08,-425.1074028572,2017-06-22
520,603757,大元泵业,-2978812.94,-112.8417915455,71224992.66,2391.0528822934,-14663223.53,-492.2505650858,-59880230.82,-2010.2044682269,2017-06-20
521,300672,国科微,18535216.04,158.1896050986,62377685.91,336.5360607364,-111895956.33,-603.693833881,68016413.66,366.9577603693,2017-06-20
522,603730,岱美股份,35930332.0,-14.9149172225,218486494.54,608.0837063793,-95462128.95,-265.6867433065,-85163087.84,-237.0228247265,2017-06-19
523,603305,旭升集团,1871075.13,322.12628095,56574425.35,3023.6319452335,-93797649.08,-5013.0348897321,38914245.39,2079.7799492958,2017-06-19
524,688689,银河微电,-11155926.18,,80613448.89,722.6065105605,-58218081.09,-521.8578910496,-33573304.99,-300.9459228064,2017-06-16
525,605178,时空科技,25623501.96,,32145727.96,125.4540773161,-1585826.0,-6.188951075,-4936400.0,-19.2651262412,2017-06-16
526,301370,国科恒泰,24113300.15,,-56109534.37,-232.6912285791,-1155008.43,-4.7899226685,81377842.95,337.4811512476,2017-06-16
527,300853,申昊科技,-4990038.09,-115.1799535195,-15976597.29,-320.169846439,-10463440.8,-209.6865917911,21450000.0,429.8564382301,2017-06-16
528,300747,锐科激光,-2525300.39,,4115014.63,162.9514906937,-33730483.32,-1335.701821992,27082666.67,1072.4532723808,2017-06-16
529,603331,百达精工,7721150.56,-26.181228043,97300302.5,1260.1788003471,-49179130.79,-636.9404456996,-40400021.15,-523.2383546475,2017-06-15
530,001965,招商公路,-832151309.65,,2521304251.31,302.9862744998,-195476944.87,-23.4905530525,-3181373131.87,-382.3070510107,2017-06-15
531,300981,中红医疗,53189535.94,378.6717414014,133333043.79,250.6753282082,-17042336.03,-32.0407684121,-63549878.31,-119.4781589779,2017-06-14
532,300671,富满微,-13652060.32,-45.6563480714,3789109.56,27.7548551001,-12283040.9,-89.9720673077,-5158744.59,-37.7872970752,2017-06-14
533,300670,大烨智能,-9043775.19,-253.7248480375,37984256.88,420.0044348957,-46028032.07,-508.947105639,-1000000.0,-11.0573292568,2017-06-14
534,002885,京泉华,-4194982.5,81.0976648315,25431191.71,606.2287914193,-16974720.98,-404.6434277139,-13807887.05,-329.1524350817,2017-06-13
535,688160,步科股份,-21720094.81,13.9956020766,15699610.58,72.2815011506,-35800191.89,-164.8252100332,-1841711.73,-8.4792987605,2017-06-12
536,603801,志邦家居,179685913.18,2339.8123625038,168532034.51,93.7925692267,-126535941.01,-70.4206238378,137700167.25,76.6338133096,2017-06-12
537,603617,君禾股份,-5302694.38,-174.3624604955,31593959.82,595.8095555943,-50923261.91,-960.3280570358,12247791.13,230.9729781183,2017-06-12
538,002886,沃特股份,10244234.82,-19.4268233943,34711337.83,338.8377798821,-37419456.22,-365.273315943,12888435.62,125.8115988794,2017-06-12
539,002715,登云股份,1886631.06,126.4302169788,4816462.64,255.2943573398,-30373634.36,-1609.9403324781,27293297.8,1446.668528822,2017-06-10
540,300669,沪宁股份,11592113.19,2191.9156706642,24646136.11,212.6112444387,-8561614.84,-73.8572398291,-4492408.08,-38.7540046096,2017-06-09
541,603938,三孚股份,-8044467.05,-169.1496675466,31228300.82,388.1960187779,-19286784.64,-239.7521740113,-20421666.65,-253.8597836634,2017-06-08
542,603679,华体科技,1872829.9,121.4648117456,11485818.35,613.2867886187,-8922153.35,-476.3995571621,-690988.19,-36.8954057173,2017-06-08
543,603043,广州酒家,95087901.0,14.5997981467,254031796.73,267.1547000811,-27665326.73,-29.0944762047,-131278569.0,-138.0602238764,2017-06-07
544,002883,中设股份,18570910.25,270.9677209008,16387217.99,88.2413288816,3778691.96,20.3473707488,-1594999.7,-8.5886996304,2017-06-06
545,300667,必创科技,18502967.37,372.9488802164,5875254.85,31.753041188,9860619.19,53.2920963044,2767093.33,14.9548625075,2017-06-05
546,688597,煜邦电力,-7867436.91,,-8803234.53,-111.8945678333,-4028697.17,-51.2072383431,4964494.79,63.1018061764,2017-06-02
547,688077,大地熊,8709332.84,,59668544.12,685.1103892362,-43600844.56,-500.6220954118,-7349441.44,-84.3858143329,2017-06-02
548,603226,菲林格尔,-42921827.66,-585.6741055625,78737008.24,183.4428134415,-49939063.74,-116.3488752986,-71712074.37,-167.0760037016,2017-06-02
549,300668,杰恩设计,3126592.1,171.2164449149,20970055.57,670.7000753312,-12461123.06,-398.5528863839,-4864501.13,-155.584770076,2017-06-02
550,300666,江丰电子,3827374.79,452.8509993547,27463357.72,717.5507815894,-82383561.39,-2152.4822080463,58881401.41,1538.4278948548,2017-06-02
551,002882,金龙羽,-105408072.46,-234.4074176479,77245164.46,73.2820197327,-14356675.68,-13.6200912747,-168161228.86,-159.5335394486,2017-06-02
552,603380,易德龙,2600809.05,-74.950145251,85118005.12,3272.7510356825,-41875745.78,-1610.104585725,-40642560.9,-1562.6891524389,2017-06-01
553,603335,迪生力,42356646.05,275.6501031801,78104816.52,184.3980196822,-78918751.1,-186.3196415666,43283160.14,102.1874113661,2017-06-01
554,002880,卫光生物,43156694.47,162.037826414,134165948.45,310.8809655088,-31187925.88,-72.2667161214,-59821328.1,-138.6142493874,2017-06-01
555,002881,美格智能,-3122120.13,-164.4932881307,11818919.97,378.554298934,-26016426.63,-833.2935808591,11088630.47,355.1634789274,2017-05-31
556,688616,西力科技,27195837.11,,47111817.81,173.2317252065,-71182496.55,-261.7404136599,51194788.71,188.2449453677,2017-05-26
557,688111,金山办公,-1240400.0,,28871000.0,2327.555627217,-29646200.0,-2390.0515962593,,,2017-05-26
558,300760,迈瑞医疗,-665768900.0,,1741478600.0,261.5740386792,-244775700.0,-36.7658657531,-2150933100.0,-323.0750339945,2017-05-26
559,300665,飞鹿股份,15479502.45,197.8090293105,26212081.01,169.3341313435,-19984062.88,-129.1001629061,9251484.32,59.7660315626,2017-05-25
560,603980,吉华集团,-99904343.05,-278.4221869222,787518889.27,788.2729271097,-28107486.01,-28.1343985175,-861218015.72,-862.0426193974,2017-05-24
561,603879,永悦科技,11411081.39,586.7759513186,49826675.22,436.6516504182,-28395568.88,-248.8420501924,-10020024.95,-87.8096002258,2017-05-23
562,603587,地素时尚,138391295.74,-31.9214829508,555399795.22,401.3256702672,-18215735.6,-13.1624864863,-398805840.0,-288.1726324387,2017-05-23
563,603496,恒为科技,-12337649.38,-134.0257297928,23655578.59,191.7348909943,-47373222.04,-383.9728345401,11379994.07,92.2379435458,2017-05-23
564,603536,惠发食品,1323022.06,-94.9540099044,97437441.45,7364.7631733367,-112603911.87,-8511.1137050882,16503712.87,1247.4253732398,2017-05-22
565,002879,长缆科技,61529695.18,147.7440270231,96257277.44,156.4403612896,-22148463.56,-35.9963810892,-12579118.7,-20.4439802005,2017-05-22
566,301315,威士顿,23134811.74,814.0677551175,27872553.28,120.478841986,-537741.54,-2.3243826059,-4200000.0,-18.1544593801,2017-05-19
567,300661,圣邦股份,35663172.1,135.4913780666,74461544.6,208.7911428384,-6849029.61,-19.2047684115,-32210000.0,-90.3172603651,2017-05-18
568,300663,科蓝软件,-56027800.22,-238.4407406333,-20811947.56,-37.145751713,-174836848.93,-312.0537451827,139621000.3,249.1995040886,2017-05-17
569,300662,科锐国际,86772266.8,2405.1115566747,57179594.24,65.896162851,-2661726.96,-3.0674857972,31632311.01,36.4544020533,2017-05-17
570,002878,元隆雅图,-102164861.47,-246.1150395488,21368822.9,20.9160200411,-43824153.7,-42.8955250068,-79706936.38,-78.017955717,2017-05-17
571,603200,上海洗霸,-18034228.8,-197.1650545019,-8666386.47,-48.0552097132,-9367842.33,-51.9447902868,,,2017-05-16
572,601878,浙商证券,8919923823.65,2421.4668995332,8235753856.21,92.3298675979,-663699202.61,-7.440637563,1347869170.05,15.1107699651,2017-05-16
573,603286,日盈电子,-38309080.33,-185.2902711995,71668228.56,187.0789586767,-86265142.4,-225.1819716289,-23704033.45,-61.8757569898,2017-05-15
574,002877,智能自控,-5398847.4,78.432923408,30286230.98,560.9758664414,-6324097.96,-117.1379276251,-29361011.97,-543.8385232003,2017-05-15
575,688359,三孚新科,2486231.68,-39.4655443959,4967458.6,199.7987009803,-13688738.01,-550.581754714,11207511.09,450.7830537338,2017-05-12
576,002876,三利谱,8783927.86,391.2028539652,11186644.87,127.3535603695,-26190726.65,-298.1664588716,21589870.74,245.7883430295,2017-05-12
577,603580,*ST艾艾,6641019.46,2240.8733267565,35225987.02,530.4304140678,-13980773.09,-210.5214895726,-13904235.74,-209.3689955849,2017-05-11
578,603042,华脉科技,23086809.86,2957.9422050389,54719638.77,237.0168901716,-39780433.38,-172.3080565103,8108305.4,35.1209432969,2017-05-11
579,300660,江苏雷利,19971567.26,104.1511219371,136805720.58,685.0024276963,-81902524.0,-410.095627117,-34409032.19,-172.2900949237,2017-05-11
580,603326,我乐家居,1178936.66,-94.1528793835,56014259.39,4751.2526576279,-48530920.57,-4116.499402945,-6310170.99,-535.2425795293,2017-05-10
581,300655,晶瑞电材,54961896.39,90.793202239,42156812.32,76.701888197,-46922337.61,-85.3724865624,59727421.68,108.6705983654,2017-05-10
582,002875,安奈儿,51041258.88,2227.4278282596,100606199.54,197.1075983383,-8564940.66,-16.780425969,-41000000.0,-80.3271723693,2017-05-10
583,603383,顶点软件,23688535.6,-44.3350061655,60115242.69,253.7735709167,-17230707.09,-72.7385912787,-19196000.0,-81.034979638,2017-05-09
584,300658,延江股份,7904549.0,3028.0986960565,7813532.0,98.8485491076,-21790750.0,-275.6735393759,21881767.0,276.8249902683,2017-05-09
585,603316,诚邦股份,-71508217.94,-278.5484065728,-77775495.13,-108.7644152946,-2074205.74,-2.9006536588,8341482.93,11.6650689533,2017-05-08
586,603196,日播时尚,-15516080.91,80.9446494039,121210018.88,781.1896546755,-68892917.89,-444.009787585,-67850747.23,-437.2930743502,2017-05-08
587,300659,中孚信息,5240037.91,-84.341571428,24011326.24,458.228101636,-3657842.55,-69.8056505091,-15113445.78,-288.4224511269,2017-05-08
588,300958,建工修复,-49046130.88,-721.9845581174,-118810075.34,-242.2414841054,1042751.61,2.1260629356,68721192.85,140.1154211698,2017-05-05
589,300656,民德电子,-4258034.33,-121.5908345575,38389369.14,901.5749090966,-5148178.36,-120.9050458736,-37500000.0,-880.6880615263,2017-05-05
590,002873,新天药业,48350583.17,337.1218393047,37304161.03,77.1534872679,-38209436.72,-79.0258032373,49255858.86,101.8723159694,2017-05-04
591,603855,华荣股份,-44947441.98,-172.699678764,186523104.13,414.9804658806,-108688624.94,-241.8127042432,-123267006.44,-274.2469893945,2017-05-03
592,603767,中马传动,-10907085.86,44.9180117397,173324927.23,1589.1039041477,-56056714.19,-513.9476750209,-128308947.1,-1176.3815628385,2017-05-02
593,603197,保隆科技,-3007373.91,-217.3183207699,50933552.52,1693.622211413,-31764720.27,-1056.2278326741,-22077032.46,-734.0966943482,2017-05-02
594,300657,弘信电子,-27180796.01,-172.7746207585,123468444.87,454.2488189992,-191985707.4,-706.3284950498,41425171.58,152.4060280087,2017-05-02
595,002872,ST天圣,17643813.04,-56.5285665741,191988710.69,1088.1361656618,-360914049.67,-2045.5558492474,186569152.02,1057.4196835856,2017-05-02
596,301515,港通医疗,3019117.72,131.6903168241,6142137.47,203.4414699802,-10090623.08,-334.2242342243,6972999.98,230.9615134848,2017-04-28
597,301097,天益医疗,-5008009.39,,32511783.78,649.1957432212,-37961900.56,-758.023749632,400000.0,7.9872054713,2017-04-28
598,300653,正海生物,351047.86,103.1805844237,30791512.95,8771.3148144529,-3436798.42,-979.0113575967,-27003666.67,-7692.3034568563,2017-04-28
599,603776,永安行,107424271.42,439.6910000014,207638979.79,193.2887019342,-262120025.73,-244.0044714897,161905317.36,150.7157695555,2017-04-27
600,603180,金牌家居,-1581792.68,-110.8524545708,78948064.93,4991.0500869178,-106050116.82,-6704.4258176742,25800071.82,1631.065318876,2017-04-27
601,603113,金能科技,-27353796.19,-1501.8348116777,412325334.61,1507.3788359977,-81947012.93,-299.5818655692,-359256733.26,-1313.3706589191,2017-04-27
602,002871,伟隆股份,16564445.63,229.4953175701,47164868.51,284.7355689621,-22826175.08,-137.8022276741,-7384507.96,-44.5804714806,2017-04-27
603,603086,先达股份,73225650.66,158.8995499384,139006403.05,189.8329366787,-61299789.56,-83.7135471075,-4442035.13,-6.066228282,2017-04-26
604,301178,天亿马,16284197.43,564.3204777429,22113330.47,135.7962562482,-1052818.91,-6.4652796954,-4776572.8,-29.3325650253,2017-04-26
605,603758,秦安股份,-11193607.23,-112.5487465057,163256394.49,1458.478854363,-406493722.17,-3631.4810214223,232000893.92,2072.6195689466,2017-04-25
606,603269,海鸥股份,-23229468.86,-198.389878099,10449520.93,44.9838995156,-33693283.94,-145.0454340694,261.18,0.0011243477,2017-04-25
607,300652,雷迪克,-19451976.22,-209.1311841329,57584340.54,296.0333689941,-16503244.93,-84.8409680505,-61007251.63,-313.6300956778,2017-04-25
608,002870,香山股份,-103246412.41,-970.3517852421,87111922.25,84.3728321562,-165462763.28,-160.2600607786,-25313734.39,-24.5177859444,2017-04-25
609,603488,展鹏科技,4164801.49,119.6537858782,77643434.27,1864.276951889,-53978632.78,-1296.0673614242,-19500000.0,-468.2095904648,2017-04-24
610,601952,苏垦农发,71757649.6,717.089871443,296032324.15,412.5446217932,-198493734.14,-276.616827957,-25780940.41,-35.9277938362,2017-04-24
611,301197,工大科雅,13653749.98,215.9123429819,26792847.55,196.2306881937,-14781111.46,-108.2567901247,1642013.89,12.026101931,2017-04-24
612,300785,值得买,3966252.8,,6620883.02,166.9304341872,-2654630.22,-66.9304341872,,,2017-04-21
613,603985,恒润股份,2624349.17,108.0970502322,55898154.04,2129.9815847294,-12639524.3,-481.6250994528,-33227363.79,-1266.118250187,2017-04-20
614,603501,豪威集团,27563600.93,190.1708429574,19916590.16,72.2568513837,-60246867.52,-218.5740087915,68649556.1,249.0587361003,2017-04-20
615,300651,金陵体育,-6405103.88,54.6621026908,24503602.11,382.5636955946,-52058157.97,-812.7605569763,21322066.88,332.8918200153,2017-04-20
616,300649,杭州园林,-32416724.97,-507.4670719737,-11450380.3,-35.3224463933,-4177644.1,-12.887310806,-16788700.57,-51.7902428007,2017-04-20
617,002869,金溢科技,56630052.76,57.3141359404,88626293.0,156.5004598806,-35404734.7,-62.519339069,3207276.0,5.6635582057,2017-04-20
618,300650,太龙股份,-5421222.21,-173.2249752575,13286134.62,245.0763703338,-16409619.49,-302.6922500932,-2282721.88,-42.1071446913,2017-04-19
619,603896,寿仙谷,-36230235.95,-225.0425471062,102899075.66,284.0143680047,-140929302.53,-388.9825689363,1799990.92,4.9682009316,2017-04-18
620,603728,鸣志电器,9424770.79,-84.7834544652,106674950.58,1131.8572404242,-77633264.42,-823.7151454375,-19875264.09,-210.8832621276,2017-04-18
621,300908,仲景食品,10886777.47,681.4437469101,64729193.99,594.5670715542,-32440338.62,-297.9792570335,-21402077.9,-196.5878145207,2017-04-18
622,603229,奥翔药业,596567.35,-77.8664199621,21450356.02,3595.6302368878,-20951865.7,-3512.0704644664,98077.03,16.4402275787,2017-04-17
623,002229,鸿博股份,15191772.94,173.4932601861,20837819.35,137.1651579595,-64076964.75,-421.7872726447,58428825.31,384.6083372939,2017-04-15
624,300945,曼卡龙,-11659740.78,-18.8120240066,74338521.46,637.5658161073,1576574.26,13.5215206731,-86977401.69,-745.9634251835,2017-04-13
625,300643,万通智控,-10650335.64,-151.3815951529,34785473.31,326.6138691381,-22950645.47,-215.4922271539,-21384342.44,-200.7856199356,2017-04-13
626,603505,金石资源,-24915007.29,-12.1129314997,78664010.37,315.7294294735,-115081388.01,-461.8958632863,11503948.7,46.1727687498,2017-04-12
627,300647,超频三,23365631.03,349.3984324444,38273474.98,163.8024452704,-26111741.39,-111.7527763597,11157325.19,47.7510116276,2017-04-12
628,603320,迪贝电气,5248546.11,-64.0983410996,84951734.48,1618.5765105148,-30230244.95,-575.9736947419,-49468318.54,-942.5146984181,2017-04-11
629,300648,星云股份,-6896184.7,-150.3643507939,-10990552.54,-159.3714933418,-52404385.74,-759.9040341828,56510397.03,819.444366535,2017-04-11
630,301286,侨源股份,-2531235.36,95.5154511939,60677947.67,2397.1673527032,16426274.47,648.942991615,-79602915.91,-3144.8247432037,2017-04-10
631,300953,震裕科技,-825990.81,-113.2001099597,25359434.67,3070.1836343676,-41745329.12,-5053.9701670531,15295729.06,1851.8037821753,2017-04-10
632,300645,正元智慧,74568848.71,287.9629480416,40567321.1,54.4025042652,-6453325.0,-8.6541834984,40454852.61,54.2516792331,2017-04-10
633,300642,透景生命,16412953.69,556.9320337448,40808998.75,248.6389684683,-21692063.15,-132.1642865733,-2704483.65,-16.4777388707,2017-04-10
634,002868,*ST绿康,2166607.61,121.1720533356,62759716.75,2896.6812661569,-22215819.24,-1025.3734519099,-38377289.9,-1771.307814247,2017-04-10
635,002867,周大生,15889636.4,-12.820713209,125528081.57,789.9997105661,84573421.72,532.2552359977,-194152001.27,-1221.8781876595,2017-04-10
636,600517,国网英大,476552945.09,113.9746905445,9895237.15,2.0764192629,-99319136.81,-20.8411547622,564671668.19,118.4908568938,2017-04-08
637,688138,清溢光电,13942377.12,260.8270274923,77077015.38,552.82549537,-34426221.37,-246.9178754362,-28478251.12,-204.256784011,2017-04-07
638,603787,新日股份,30582765.35,125.7879279185,131413859.46,429.6990738282,-26016063.65,-85.0677280235,-75049746.99,-245.3988255513,2017-04-07
639,603232,格尔软件,-6311008.36,72.8980448985,31515776.94,499.3778353987,-29081062.26,-460.7989817336,-8745723.04,-138.5788536652,2017-04-07
640,300554,三超新材,-3532033.2,-167.7581228718,13048487.97,369.4327666569,-45021489.18,-1274.6621175588,28440968.01,805.2293509019,2017-04-07
641,603920,世运电路,75205515.88,430.6846903831,271602694.32,361.1473056755,-83540096.77,-111.08240638,-112470810.06,-149.5512779135,2017-04-06
642,603096,新经典,55831713.92,481.2502600997,5652476.13,10.1241314893,46341573.79,83.0022410854,3850000.0,6.8957223945,2017-04-06
643,300848,美瑞新材,-1018062.03,-118.2970129173,9502752.36,933.4158508986,-12380238.65,-1216.0593642806,1882918.49,184.9512539035,2017-04-06
644,300514,友讯达,10915999.94,-54.2774479532,32373757.49,296.571616599,-11149888.28,-102.1426194695,-10297413.03,-94.3332089282,2017-04-06
645,002866,传艺科技,-14960160.37,-173.943062327,22884644.85,152.9705851008,-44852950.8,-299.8159758364,6677808.29,44.6372774412,2017-04-06
646,002865,钧达股份,24123722.12,241.2311049278,139396649.52,577.8405539021,-99090029.16,-410.7576296356,-16182898.24,-67.0829242664,2017-04-05
647,002863,今飞凯达,-19295014.79,-118.7455272272,111323614.2,576.9553193486,-146337315.52,-758.4203335042,16796301.68,87.0499549381,2017-04-05
648,603666,亿嘉和,5781360.29,,7373298.24,127.5356986963,-1591937.95,-27.5356986963,,,2017-03-31
649,300962,中金辐照,-43266633.48,-1631.2445790112,123212897.29,284.775789979,-105682634.32,-244.2589723761,-60796896.45,-140.5168176029,2017-03-31
650,002965,祥鑫科技,-52645015.3,-606.981570932,38194299.34,72.5506472405,-84118947.02,-159.7852076605,-8664704.0,-16.4587358378,2017-03-31
651,300640,德艺文创,5013363.21,128.8967976045,19724460.2,393.4376859162,-518823.0,-10.3488013588,-14399426.59,-287.2208931776,2017-03-30
652,300604,长川科技,319573.65,-94.1971698927,-407781.31,-127.6016686607,-1903864.5,-595.7514019069,2631219.46,823.3530705676,2017-03-30
653,603803,瑞斯康达,91450572.37,212.0323925565,160881955.61,175.9223058321,-58847428.65,-64.3488904716,-10448475.46,-11.425270711,2017-03-28
654,603081,大丰实业,8586420.88,102.7926104851,61377098.96,714.8158681921,-69705583.72,-811.8118677639,16994283.09,197.9204528581,2017-03-28
655,603926,铁流股份,-51707420.48,-178.2551445256,141252584.02,273.1766208965,-51207981.75,-99.0341062746,-140231688.21,-271.2022508728,2017-03-27
656,603225,新凤鸣,-66215434.2,-135.6186290419,626999284.36,946.9080614441,-497500760.98,-751.3365531627,-197638773.9,-298.4784080748,2017-03-27
657,603139,康惠股份,7915657.81,386.186143306,22724637.66,287.0846391476,-11760650.34,-148.5745167653,-3048336.31,-38.510208288,2017-03-27
658,300641,正丹股份,-28135911.93,-224.6395608287,65377289.92,232.3624344669,-13322751.58,-47.3514120074,-79621157.17,-282.9876542409,2017-03-27
659,002862,实丰文化,25487391.23,39.5454185182,77633083.5,304.5940747699,-22184926.86,-87.0427524724,-29663711.61,-116.3858291432,2017-03-27
660,603078,江化微,2433088.4,-79.2100728211,61890917.54,2543.7184090804,-15164170.67,-623.2478306173,-44295295.78,-1820.5378719491,2017-03-23
661,300638,广和通,18936252.71,305.2732572711,48460895.47,255.9159735147,-10904511.29,-57.5853705429,-18031680.74,-95.2230677112,2017-03-23
662,002861,瀛通通讯,-14567247.4,-121.7674631181,110358980.98,757.5829389703,-76547459.22,-525.4764823998,-48701430.0,-334.3214312403,2017-03-23
663,603050,科林电气,12173166.51,-70.8089864394,-2067936.22,-16.987660674,-36283248.92,-298.0592509779,50524351.65,415.0469116519,2017-03-22
664,300639,凯普生物,8045133.38,-89.4005495492,34651896.14,430.7187277484,-78723205.53,-978.5195821079,52147603.77,648.1881816856,2017-03-22
665,300637,扬帆新材,-5936695.55,-135.0695934827,58849863.83,991.2899075648,-50297048.38,-847.222970361,-15307576.18,-257.8467440528,2017-03-22
666,603826,坤彩科技,-25551563.93,-198.2403948401,89785647.45,351.3900272248,-107446874.15,-420.5099713049,-7724826.59,-30.2323044146,2017-03-21
667,603797,联泰环保,4704056.9,24.0361114536,150375688.3,3196.7234133584,-52079386.35,-1107.1164200841,-93592245.05,-1989.6069932743,2017-03-21
668,601366,利群股份,-64248738.0,31.0697729165,526658158.67,819.7175151829,-1037072065.24,-1614.1516511032,446165168.57,694.4341359203,2017-03-21
669,002860,星帅尔,-4798114.44,2.2249056093,42039197.76,876.1607978654,-16030258.84,-334.0949666886,-30807053.36,-642.0658311768,2017-03-21
670,001267,汇绿生态,-7999267.21,-617.4645652823,-53982917.84,-674.8482882596,-4462800.94,-55.7901220554,50446451.57,630.6384103151,2017-03-21
671,300788,中信出版,182806266.3,301931.194472518,153973381.11,84.227627546,34661776.52,18.9609345574,-5780114.03,-3.1618795936,2017-03-20
672,603897,长城科技,10462170.02,,213483883.31,2040.5315809425,-68326285.1,-653.0794755714,-134695428.19,-1287.4521053712,2017-03-17
673,603733,仙鹤股份,18349748.49,429.7160659426,158277664.45,862.5604025922,-72995337.32,-397.8002061433,-66810723.01,-364.0961239682,2017-03-17
674,300636,同和药业,-8117266.47,-195.3648228246,64501990.47,794.6269930695,-31188715.4,-384.2268270392,-41427899.7,-510.3676200986,2017-03-17
675,603538,美诺华,48067372.38,10.627679907,75215446.21,156.4792134161,-11460012.86,-23.8415629825,-15688060.97,-32.6376504336,2017-03-16
676,300633,开立医疗,93953708.13,1197.5527441727,113548681.72,120.8559874645,-149532303.89,-159.1552977165,128863838.33,137.1567348376,2017-03-16
677,300632,光莆股份,-38091978.21,-185.1234913813,33889059.84,88.9663951113,-69793584.42,-183.2238379305,-2183476.15,-5.7321154023,2017-03-16
678,603906,龙蟠科技,-28732366.5,-119.7666103898,52160163.52,181.5380000808,-108560847.48,-377.8346885558,27632561.6,96.1722439396,2017-03-14
679,603586,金麒麟,-124625120.52,-185.597791277,200844788.47,161.1591528513,-235503297.06,-188.9693635419,-89288739.39,-71.645860014,2017-03-13
680,603385,惠达卫浴,18407787.43,-83.64375796,213438476.82,1159.5009863714,-92656366.43,-503.3541743262,-103469851.26,-562.0982513703,2017-03-13
681,300635,中达安,-33316862.55,-2640.0918910642,-41254756.28,-123.8254539067,-1580867.86,-4.7449481704,9518761.59,28.5704020771,2017-03-13
682,002859,洁美科技,59616196.46,143.9905311391,61473604.57,103.1156098851,-104427368.8,-175.1661041812,102242940.76,171.5019522062,2017-03-13
683,002858,力盛体育,14471574.92,0.0060523683,27564995.48,190.4768184001,-21476711.07,-148.4061768586,8467370.79,58.5103614279,2017-03-13
684,603303,得邦照明,-9782815.4,-111.1643969657,342896371.4,3505.088845896,-196217360.31,-2005.7350802101,-169017241.07,-1727.6952917869,2017-03-10
685,603041,美思德,24208802.4,166.6530222271,68152391.25,281.5190529623,-61419092.97,-253.7056230836,17502884.37,72.2996705116,2017-03-10
686,601228,广州港,105881731.72,-74.3744669265,1309308995.11,1236.5768615991,-1988425036.07,-1877.9679967157,784999665.53,741.3929228187,2017-03-09
687,300631,久吾高科,-35520627.31,-393.2879080277,-13519753.04,-38.0616955945,-12570016.71,-35.3879355798,-9430857.56,-26.5503688257,2017-03-09
688,300629,新劲刚,6215387.26,167.3447213598,46963707.76,755.6038875042,-8262263.96,-132.9324081409,-32367728.17,-520.7676821412,2017-03-09
689,002857,三晖电气,35449853.38,218.0443775804,54227786.96,152.9704125394,-2108433.96,-5.947652131,-16669499.62,-47.0227604084,2017-03-08
690,603833,欧派家居,264806776.23,-46.989441314,906252829.74,342.2317369072,-409010494.32,-154.4562039322,-232465660.33,-87.7869001842,2017-03-07
691,603656,泰禾智能,6921734.95,-71.7248807509,56569804.88,817.2778254099,-38221076.87,-552.1892581281,-11394000.0,-164.6119084638,2017-03-07
692,002774,快意电梯,-3309071.06,-102.6443987818,54540942.68,1648.2251874035,-7563549.59,-228.5701773355,-50863000.0,-1537.0779012524,2017-03-06
693,300773,拉卡拉,119653236.06,624.8821737863,29772140.85,24.8820189327,-114159194.51,-95.4083635922,204040289.72,170.5263446596,2017-03-03
694,300996,普联软件,-47948193.22,-267.5496249148,1985345.24,4.1406049043,-35923692.53,-74.9218898931,-14013216.67,-29.2257449738,2017-03-02
695,300628,亿联网络,24719996.3,-19.5751178739,130302675.2,527.1144607736,-9821730.53,-39.7319255667,-95810692.6,-387.5837659409,2017-03-02
696,300627,华测导航,-724833.33,-102.2454456348,-2929944.27,-404.2231708633,-17263839.38,-2381.7667683687,19527730.99,2694.0994821527,2017-03-02
697,300626,华瑞股份,-62666183.08,-331.1105628176,78753872.15,125.6720423669,-97741940.95,-155.9723859761,-43939414.21,-70.1166275819,2017-03-01
698,688622,禾信仪器,15848089.57,,3891765.94,24.5566881914,11956323.63,75.4433118086,,,2017-02-28
699,603960,克来机电,746918.43,-98.4243190402,10754956.61,1439.9104611731,-6242381.1,-835.7513818477,-3763500.0,-503.8702820601,2017-02-28
700,301586,佳力奇,-258223.25,,7307549.91,2829.934914846,-3260089.83,-1262.5082481922,-4305682.97,-1667.4265272395,2017-02-28
701,300904,威力传动,-983800.19,,2737156.91,278.2228482798,-2370346.88,-240.9378351513,-1350610.22,-137.2850131285,2017-02-28
702,002855,捷荣技术,36842969.7,243.8178380054,124773703.85,338.6635357193,-71849926.67,-195.0166538014,-15973385.56,-43.3553149761,2017-02-28
703,603517,ST绝味,210189522.4,253.6610123724,426249147.39,202.7927665104,-126863108.32,-60.3565329382,-89196516.67,-42.4362335722,2017-02-27
704,603179,新泉股份,16553046.05,2797.5458870378,57969345.61,350.203493876,-10153356.72,-61.3382980349,-31262942.84,-188.8651958411,2017-02-27
705,300625,三雄极光,-11408803.32,-162.5732471453,106107736.77,930.0514155064,-62676429.6,-549.3690077918,-54794741.9,-480.2847447106,2017-02-27
706,002856,美芝股份,-63548303.36,-202.7690304165,-107359994.62,-168.9423461265,-133523.08,-0.2101127378,43945214.34,69.1524588643,2017-02-27
707,688004,博汇科技,-2015031.46,,3345065.55,166.0056240512,-360097.03,-17.8705413364,-4999999.98,-248.1350827148,2017-02-23
708,603811,诚意药业,-7530683.81,81.0855338634,84108709.95,1116.8801143704,-21518542.78,-285.7448715537,-70120850.98,-931.1352428167,2017-02-23
709,603991,至正股份,7205846.97,154.5096422373,24486016.74,339.8076151484,-63476650.09,-880.9047757227,46196480.32,641.0971605743,2017-02-22
710,603903,中持股份,2591385.42,-75.7233558364,46209306.97,1783.1892783436,-104780872.16,-4043.430643366,61150366.03,2359.7557336724,2017-02-22
711,300623,捷捷微电,12764936.1,-20.8977579187,90989724.75,712.8098725853,-41593907.51,-325.8450115547,-36630881.14,-286.9648610305,2017-02-22
712,300622,博士眼镜,22708946.71,201.6958069291,57402876.8,252.7764829124,-21818895.69,-96.0806151366,-12875034.4,-56.6958677759,2017-02-22
713,002853,皮阿诺,49067865.92,116.4550956135,37850809.45,77.1397099513,-34219035.19,-69.7381770093,45436091.66,92.598467058,2017-02-22
714,603908,牧高笛,-3555931.92,19.3155471262,10219842.02,287.4026345251,-3019707.86,-84.920294537,-10831057.81,-304.59125916,2017-02-21
715,603665,康隆达,12174813.75,173.4440112807,96842136.76,795.4301293521,-98440657.4,-808.5598631848,13643736.0,112.0652543863,2017-02-21
716,603630,拉芳家化,23325275.11,-69.6560464279,78266172.97,335.5423359463,-35590307.58,-152.5825843946,-19350800.0,-82.9606506622,2017-02-21
717,300621,维业股份,-68846830.66,-55.7815084045,-145218740.71,-210.9301754603,-9745046.97,-14.1546776759,86116957.02,125.0848531362,2017-02-21
718,300620,光库科技,9057558.89,-42.452662737,20111848.75,222.0449129202,34845968.89,384.717000609,-45999580.69,-507.8584776389,2017-02-21
719,002852,道道全,-1719050.59,-101.2545581342,93822645.5,5457.817591046,-33717928.17,-1961.4273347243,-61823928.32,-3596.3995870535,2017-02-20
720,688229,博睿数据,10581455.54,361.5347313182,11964826.57,113.07354196,-1383371.03,-13.07354196,,,2017-02-17
721,603717,天域生物,53620326.68,-23.6114682213,-51118948.77,-95.3350192644,-8446922.24,-15.7532092082,113186197.69,211.0882284725,2017-02-14
722,603178,圣龙股份,33112405.66,188.1815518123,110497266.12,333.7035286853,-168533562.9,-508.974082495,91385037.85,275.9842905657,2017-02-14
723,300618,寒锐钴业,52672727.79,122.7851842746,60392826.12,114.6567277867,-19856204.34,-37.6973154289,11244573.2,21.3479986167,2017-02-14
724,002851,麦格米特,-25073037.36,86.2101332956,-92795728.86,-370.1016654968,55816183.73,222.6143682897,12229400.0,48.7751038074,2017-02-14
725,603768,常青股份,-8878810.91,-958.602346642,186396796.3,2099.3441372883,-60893237.33,-685.8264912638,-134382369.88,-1513.5176460245,2017-02-13
726,603578,三星新材,-12368311.29,-199.3123364695,45802075.11,370.3179361845,-9443616.78,-76.3533238983,-48728189.47,-393.9760920264,2017-02-13
727,603138,海量数据,28093017.21,27.3066327675,11700591.76,41.6494663871,-4124922.39,-14.6830878263,20506080.44,72.9935139637,2017-02-13
728,300619,金银河,-4217365.12,-117.430575974,25041307.77,593.7666542374,-34305554.58,-813.4357259539,5046881.69,119.6690717165,2017-02-13
729,300617,安靠智电,28982427.19,241.6229430966,80246700.24,276.8805376925,-11226661.12,-38.736097037,-40037611.93,-138.1444406555,2017-02-13
730,300616,尚品宅配,169059017.85,51.041458757,416450216.76,246.3342222475,-247391198.91,-146.3342222475,,,2017-02-13
731,002850,科达利,-19719229.77,-199.973386775,-13242419.36,-67.1548509473,-51392600.83,-260.6217455217,45087870.25,228.649246324,2017-02-13
732,603955,大千生态,56342807.17,3.7977435342,-94350545.36,-167.4580130083,-10044933.6,-17.8282448187,160738286.13,285.286257827,2017-02-06
733,300613,富瀚微,28945612.56,-6.8067981668,31658369.94,109.3719121486,-6770732.62,-23.3912224382,3999900.0,13.8186745632,2017-02-06
734,603238,诺邦股份,-1184606.63,96.0264767994,70665279.82,5965.2949789754,-104190227.75,-8795.3439657855,33119373.31,2795.8119152178,2017-01-26
735,000737,北方铜业,-17882057.41,93.264105451,117979064.99,659.7622537775,156775855.89,876.7215779227,-292501845.92,-1635.7281447739,2017-01-26
736,300615,欣天科技,6073071.5,-84.21474713,79479265.86,1308.7161226407,-34322200.78,-565.1539057296,-39183729.69,-645.2044849134,2017-01-25
737,300612,宣亚国际,-35309390.49,-1207.6434896762,61971072.98,175.508758775,-69788422.71,-197.6483358719,-27492040.76,-77.860422903,2017-01-25
738,300611,美力科技,-2246100.0,-132.9243623571,27786700.0,1237.108766306,-44137100.0,-1965.0549841948,13986200.0,622.6882151284,2017-01-25
739,688378,奥来德,19362764.6,,-11121539.95,-57.4377687265,19145462.88,98.8777340194,11338841.67,58.560034707,2017-01-24
740,603345,安井食品,66298547.13,1768.3495548234,292986739.13,441.9203011425,-269150488.41,-405.9674005861,42474443.61,64.0654214137,2017-01-24
741,688083,中望软件,-101007.55,,9534055.01,9438.952840654,-6797479.62,-6729.6747817366,-2850257.78,-2821.8264674274,2017-01-23
742,603817,海峡环保,-111066932.91,-417.8271925658,78886285.46,71.0258970813,-245979480.89,-221.4695899538,56026216.31,50.4436512669,2017-01-23
743,603330,天洋新材,10545347.71,197.1300016897,19286014.95,182.8864773393,-14369119.72,-136.2602743423,5489275.76,52.0540043909,2017-01-23
744,002849,威星智能,61175880.25,206.8458775461,21243908.48,34.7259547279,-17549884.92,-28.6875887168,57481856.69,93.9616339889,2017-01-23
745,300608,思特奇,-34769225.14,-138.0884483537,-52861316.73,-152.0347851215,-4829920.74,-13.8913672092,22867384.43,65.7690366637,2017-01-20
746,605166,聚合顺,1258140.27,,-46898364.82,-3727.5942864463,-121121936.39,-9627.0614078667,169278441.48,13454.655694313,2017-01-19
747,603040,新坐标,-6891309.09,-131.7131522768,47323335.1,686.7103837886,-43113649.03,-625.6234986262,-11100000.0,-161.0724443648,2017-01-19
748,300607,拓斯达,14007025.63,-71.9721562886,9410102.29,67.181302716,-63570593.08,-453.8479100363,68160516.87,486.6166356119,2017-01-19
749,300609,汇纳科技,9759719.17,82.2586177384,11420360.02,117.0152523969,-1651134.95,-16.9178530779,,,2017-01-18
750,603615,茶花股份,-24449529.39,-161.9927572942,66026975.72,270.054178413,-90389945.38,-369.700144073,,,2017-01-17
751,300610,晨化股份,21332652.67,-20.2413342701,37699270.39,176.7209684289,-9349032.14,-43.8249864404,-6923066.67,-32.4529104612,2017-01-17
752,603839,安正时尚,-79017053.03,-176.4082085662,213402704.54,270.0717077603,-177941697.44,-225.1940443444,-114437631.58,-144.8264990806,2017-01-16
753,603677,奇精机械,-6128269.52,-150.8671127418,110144577.98,1797.3194165259,-23468894.55,-382.9612009297,-92941541.02,-1516.6033529805,2017-01-16
754,603208,江山欧派,8780187.2,-75.8064054698,50965927.23,580.4651548887,-21937035.96,-249.8470187515,-20238536.11,-230.5023304059,2017-01-16
755,002848,*ST高斯,21131762.49,-61.3918951513,59349888.72,280.8563116687,-23830173.19,-112.7694540447,-14303155.51,-67.6855776548,2017-01-16
756,603626,科森科技,20266203.6,-8.6938389582,35170398.63,173.5421163439,-172952507.37,-853.4035815667,157750782.94,778.3933589812,2017-01-13
757,603379,三美股份,101547221.24,292.2828573857,146603250.69,144.3695345868,93219711.54,91.7993721558,-139987445.89,-137.8545313014,2017-01-13
758,603637,镇海股份,-46029434.83,-171.1797691368,69464896.78,150.914077126,-86721035.73,-188.4034336947,-28773295.88,-62.5106434312,2017-01-12
759,601992,金隅集团,613243269.55,-73.4387499813,-6156167926.92,-1003.870443036,-1616895392.08,-263.6629658025,8387364513.35,1367.70592191,2017-01-12
760,300605,恒锋信息,1977318.33,181.9395915669,-11795431.25,-596.5367877817,-16846701.97,-851.9974611271,30619451.55,1548.5342489087,2017-01-12
761,300601,康泰生物,145327202.0,203.7175427452,112059069.78,77.1081175704,-84338577.73,-58.0335797905,117609837.15,80.927614054,2017-01-12
762,300578,会畅科技,-3914206.13,-127.6116930279,43484157.11,1110.931710436,-1507915.71,-38.5241773151,-45870000.0,-1171.8851403465,2017-01-12
763,600939,重庆建工,-557420801.6,-18.2705720068,306894575.98,55.0561757113,134519679.7,24.1325187926,-998902599.62,-179.2008114431,2017-01-11
764,603429,集友股份,-29117322.08,-246.2383620221,54264267.62,186.3642112105,-57549801.54,-197.6479889939,-25831788.16,-88.7162222165,2017-01-10
765,603177,德创环保,-12367488.48,-143.3491245055,42489187.04,343.555501254,-32771785.98,-264.9833556182,-22089078.52,-178.6060165386,2017-01-10
766,300606,金太阳,-696456.6,74.614763783,22551981.76,3238.1029571692,-26166240.12,-3757.0525026254,2910640.83,417.9213507346,2017-01-10
767,002847,盐津铺子,-10752887.86,65.2888186441,61651459.0,573.3479210672,-54121601.88,-503.3215503096,-18282744.98,-170.0263707577,2017-01-10
768,002846,英联股份,9312670.39,153.8114440406,36873387.23,395.94859139,-10579320.9,-113.6013673517,-17007716.12,-182.6298516724,2017-01-10
769,603881,数据港,79245469.46,156.1401672532,110507517.56,139.4496345508,-103426226.19,-130.5137402741,72164178.09,91.0641057233,2017-01-09
770,603360,百傲化学,-14313788.21,-147.5155365481,59513772.7,415.7793298801,-23313019.04,-162.8710631873,-50976128.16,-356.1330334927,2017-01-09
771,300603,立昂技术,-17621003.56,-163.868232011,5795992.73,32.8925234608,-15553982.74,-88.2695624403,-7863013.55,-44.6229610205,2017-01-09
772,300602,飞荣达,33115456.17,72.9613880362,39060299.35,117.9518686063,-7675985.06,-23.1794634523,1829686.72,5.52517444,2017-01-09
773,300598,诚迈科技,-25563273.38,-193.964925636,-5201188.98,-20.3463339874,-20676714.38,-80.8844551034,303610.25,1.1876814267,2017-01-09
774,603109,神驰机电,-51962283.05,-144.4485727992,41093488.91,79.0833013832,-52191428.68,-100.4409845306,-40892194.2,-78.6959151904,2017-01-06
775,603089,正裕工业,3842511.86,187.2481519196,75948209.65,1976.5250548895,-19494860.18,-507.3467796662,-52580070.17,-1368.3775635763,2017-01-06
776,600928,西安银行,-147616000.0,-103.0427699893,-5495780000.0,-3723.0246043789,-6335848000.0,-4292.1146759159,11684012000.0,7915.1392802948,2017-01-06
777,300600,国瑞科技,32214875.92,36.0930994989,64233386.24,199.3904505469,-33993224.65,-105.5202718595,1972034.23,6.1215018642,2017-01-06
778,603358,华达科技,-39748444.14,-701.3559860136,122083310.94,307.1398480655,-165544559.94,-416.4806032581,3822830.03,9.6175589076,2017-01-05
779,002845,同兴达,-22294889.38,-188.4445339142,-54935750.56,-246.4051273081,-48729862.69,-218.5696545044,81259985.2,364.4780820168,2017-01-05
780,603966,法兰泰克,29846042.17,245.1904437754,85623169.98,286.8828285248,-30211433.09,-101.2242525087,-26436450.0,-88.5760659635,2017-01-04
781,300597,吉大通信,-8619066.13,-123.8597099163,-22569541.57,-261.8559972692,3354607.93,38.9207818968,10595867.51,122.9352153723,2017-01-04
782,300595,欧普康视,67252744.04,5.6758392834,61909062.63,92.05432955,22054118.21,32.7928897546,-16712100.0,-24.8496923636,2017-01-04
783,300599,雄塑科技,144174314.01,482.0119364748,236926317.95,164.3332375652,-106727655.2,-74.0268167273,13975651.26,9.6935791621,2017-01-03
784,605376,博迁新材,-9120188.03,,19378174.05,212.4755979401,-4786671.44,-52.4843503693,-23702472.92,-259.8901781634,2016-12-30
785,603638,艾迪精密,21159955.08,152.858596507,83649634.3,395.320472013,-19071244.77,-90.1289473342,-43438997.54,-205.2887039494,2016-12-30
786,603590,康辰药业,-72905345.24,-201.2684885254,130978239.36,179.6551939077,-203883584.6,-279.6551939077,,,2016-12-30
787,603370,华新精科,-10747386.41,,32044419.23,298.1601108171,-6993049.84,-65.0674459187,-35819510.82,-333.2857818034,2016-12-30
788,603038,华立股份,7284734.03,-58.9726101919,49496772.34,679.4588812188,-64313334.11,-882.8508198809,22374440.15,307.1414832423,2016-12-30
789,603337,杰克科技,-24624498.98,-801.9151999475,234346896.65,951.681887377,-257859401.38,-1047.1660828082,-389516.57,-1.5818253615,2016-12-29
790,603039,泛微网络,-30184209.31,-73.247540316,89033974.37,294.9687151172,-119218183.68,-394.9687151172,,,2016-12-29
791,002843,泰嘉股份,-974357.51,87.2948701631,96649920.37,9919.3488404477,-41518048.64,-4261.0692906755,-55758830.02,-5722.6253657141,2016-12-29
792,002841,视源股份,65994181.05,-70.4418139636,270299233.21,409.5804037711,-129108782.91,-195.6366165256,-75696102.98,-114.7011778548,2016-12-29
793,601858,中国科传,235186033.48,-13.4966262247,251984948.82,107.142820129,-13527614.64,-5.7518783917,-5222580.28,-2.2206166764,2016-12-28
794,601212,白银有色,289806597.91,116.1088791733,948823898.98,327.3989984433,-32472696.65,-11.2049542295,-283821607.19,-97.9348328288,2016-12-28
795,301257,普蕊斯,2218862.16,,2193998.63,98.8794468422,48417.21,2.1820738067,,,2016-12-28
796,300596,利安隆,-16964261.36,-282.8657035776,34054008.99,200.7397096009,-22589793.83,-133.1610811141,-27804328.02,-163.8994320469,2016-12-28
797,300592,华凯易佰,-14399850.86,-135.0585937119,-40060384.1,-278.1999931074,-2060599.41,-14.3098663315,27721132.65,192.5098594389,2016-12-28
798,300584,海辰药业,-6174617.12,-202.7789755993,24293227.54,393.4369867455,-42583996.18,-689.6621337389,12188696.63,197.4000394376,2016-12-28
799,603579,荣泰健康,60238006.08,117.0974957289,125140234.11,207.7429886106,-40744003.59,-67.6383669404,-24668456.54,-40.9516485443,2016-12-27
800,300590,移为通信,36166325.44,-2.0154424728,67171135.82,185.7283951377,-212970.56,-0.5888642471,-31191833.33,-86.2455141641,2016-12-27
801,002842,翔鹭钨业,-5351504.71,-125.8108816292,69518087.57,1299.0381460395,-35936822.46,-671.5274377475,-38932769.82,-727.510708292,2016-12-27
802,603165,荣晟环保,21355114.5,7867.4659385662,75150984.23,351.9109402574,-20027919.09,-93.7851168628,-33767950.64,-158.1258233947,2016-12-26
803,601881,中国银河,43300246770.99,789.7853739938,18629960275.88,43.0250672113,-2940816166.82,-6.7916845425,27604769297.63,63.7519907072,2016-12-26
804,300589,江龙船艇,-23410350.93,76.8724096447,6171111.91,26.3606125703,-58657829.63,-250.5636494104,29076366.79,124.2030368402,2016-12-26
805,603690,至纯科技,-22492376.79,-229.7390550681,45214994.45,201.0236395742,-45209538.27,-200.9993816665,-22497832.97,-100.0242579077,2016-12-23
806,603390,通达电气,21236213.21,,23334698.4,109.881635531,-7532458.7,-35.4698769762,5433650.3,25.5867194696,2016-12-23
807,301028,鼎熔岩,-26435093.32,-172.0239020165,68234644.79,258.1214447175,-33009974.56,-124.8717912981,-61400115.35,-232.267443155,2016-12-23
808,300593,新雷能,32316891.46,552.6095890338,17625515.27,54.539636932,-22611510.47,-69.968086188,37302886.66,115.4284492559,2016-12-23
809,603639,海利尔,-22111294.49,-200.2885896244,134575073.92,608.625939928,-84511060.86,-382.2076581641,-71855306.05,-324.9710508016,2016-12-22
810,002824,和胜股份,-10663689.98,45.8466696409,102613795.39,962.2728678577,-82916287.73,-777.5571859789,-30629790.59,-287.2344436818,2016-12-22
811,603628,清源股份,-24115972.39,-8.9358943997,161733.09,0.6706471851,-17910163.99,-74.2668124692,-4294976.0,-17.8096737322,2016-12-21
812,603444,吉比特,119008285.21,192.5506753169,203785630.33,171.2365067444,-21214834.69,-17.8263510415,-63574601.57,-53.4203156174,2016-12-20
813,603361,浙江国祥,29634812.56,443.2136387336,69657185.57,235.0518851063,-16947303.98,-57.1871475336,-22836131.69,-77.0584650865,2016-12-20
814,300591,万里马,-15373290.53,-152.4809859362,-10092759.53,-65.6512638612,-3521734.56,-22.9081376764,-1615379.72,-10.5077030636,2016-12-20
815,603877,太平鸟,153440077.39,-41.6576264915,529689095.5,345.2090904215,-266371236.12,-173.5995188812,-109877781.99,-71.6095715402,2016-12-19
816,603266,天龙股份,-17736989.74,-762.9517379378,84457981.41,476.1686320398,-61306014.02,-345.6393385725,-40204695.55,-226.6714709731,2016-12-19
817,603037,凯众股份,-1671765.4,95.7951126047,42405896.44,2536.5937373749,-22883543.23,-1368.8250295167,-21000000.0,-1256.1571139108,2016-12-19
818,300583,赛托生物,9074063.91,16.218696718,174489331.41,1922.9458062082,-218250323.18,-2405.2103373383,52835055.68,582.26453113,2016-12-19
819,002836,新宏泽,-6857482.87,-5631.7135689035,41489272.59,605.0218918009,-3346579.06,-48.801858108,-45000000.0,-656.2174613205,2016-12-19
820,603689,皖天然气,91546599.79,194.6312193327,186296209.14,203.4987750144,-389194843.21,-425.1330405529,294445233.86,321.6342655385,2016-12-16
821,603228,景旺电子,21875796.95,-48.9943886209,359602499.16,1643.8372507384,-279617721.38,-1278.2058729979,-56440611.14,-258.0048227226,2016-12-16
822,301017,漱玉平民,24644829.54,2448.2166650331,120722365.08,489.8486511504,-51487027.03,-208.9161418075,-44590508.51,-180.9325093429,2016-12-16
823,300587,天铁科技,18251251.24,140.9209579305,53463168.85,292.9287868923,-5286267.03,-28.9638609457,-29793516.44,-163.2409528981,2016-12-16
824,300585,奥联电子,23173736.98,251.261031107,66849557.14,288.4711999523,-22669193.78,-97.8227801565,-21006626.38,-90.6484197958,2016-12-16
825,002840,华统股份,93781852.4,3007.6796612504,122130079.99,130.2278392509,-209206740.81,-223.0780640989,180859068.76,192.8508172227,2016-12-16
826,603035,常熟汽饰,-49899095.18,-50.9609428182,128145448.31,256.8091622659,-52324346.53,-104.8603112767,-125739707.19,-251.9879503555,2016-12-15
827,603032,德新科技,27905887.93,-10.3336312712,88143289.7,315.8591116008,-14506080.09,-51.9821484498,-45798183.75,-164.1165615833,2016-12-15
828,300588,熙菱信息,-18640100.22,-726.2728961415,-1970106.55,-10.5691843217,-2396195.34,-12.855056098,-14273798.33,-76.5757595803,2016-12-15
829,002838,道恩股份,61834295.96,171.2646873337,48351516.75,78.1953056946,-14690440.31,-23.7577546278,27958220.35,45.2147467937,2016-12-15
830,002837,英维克,13510045.55,-10.760516638,35639734.73,263.8017362569,-14696173.27,-108.7795982301,-7340283.2,-54.3320388731,2016-12-15
831,603186,华正新材,-10695421.06,49.8990980624,108407319.35,1013.5862696929,-50196107.31,-469.3233396648,-69461165.16,-649.447691403,2016-12-14
832,300891,惠云钛业,-9325888.44,,106802172.69,1145.2224994662,-30719719.25,-329.4026027401,-85442343.81,-916.1844939462,2016-12-14
833,300586,美联新材,18670940.35,319.9844832387,38109937.91,204.1136503872,-37068636.94,-198.5365292006,17660994.51,94.5908142757,2016-12-14
834,002839,张家港行,-6054627281.67,-37.8957990003,-3478318519.95,-57.4489288627,-2583814105.1,-42.6750315898,-3949680.1,-0.065234075,2016-12-13
835,002832,比音勒芬,78960413.02,11.0261921386,117417486.24,148.7042452656,-18349960.72,-23.2394436885,-20107112.5,-25.4648015771,2016-12-13
836,603929,亚翔集成,-99062608.85,-98.3391449133,-80114689.08,-80.8727833943,-2574257.54,-2.5986167434,-16400000.0,-16.5551868565,2016-12-12
837,688379,华光新材,-60349717.77,-2443.6555969606,-40412751.58,-66.9642760121,-25740567.54,-42.6523412058,5803601.35,9.6166172179,2016-12-09
838,002961,瑞达期货,846400561.69,252.453139667,869111067.04,102.6831864696,17599494.65,2.0793339994,-40310000.0,-4.762520469,2016-12-09
839,603218,日月股份,58185296.12,244.086453318,241342124.57,414.7819821562,-140896294.07,-242.1510303555,-42260534.38,-72.6309518007,2016-12-08
840,601375,中原证券,5665271389.74,1565.4206857909,2645370610.33,46.6945081417,-315269458.48,-5.5649489105,3331641206.38,58.8081484042,2016-12-08
841,300579,数字认证,53897902.63,209.1183598329,68907071.2,127.8474074827,-1809168.57,-3.3566585743,-13200000.0,-24.4907489084,2016-12-08
842,300582,英飞特,6531067.7,111.8805817421,85036786.38,1302.0349854894,-161315312.87,-2469.9684688615,83035264.58,1271.3888202384,2016-12-07
843,300581,晨曦航空,7069393.24,-25.2790292245,66756916.61,944.3089999899,-7770136.71,-109.9123566367,-51917386.66,-734.3966433532,2016-12-07
844,002833,弘亚数控,-42587378.36,-392.3415713148,107180190.25,251.6712565493,-137544434.93,-322.9699507852,-11610000.0,-27.2615982648,2016-12-07
845,603886,元祖股份,-195582541.27,-323.1308317399,218083264.46,111.5044640712,-251227987.97,-128.4511318539,-160293930.89,-81.9571776955,2016-12-06
846,300577,开润股份,5142322.14,44.4586158777,32539830.8,632.7847597661,-14535649.07,-282.6670261852,-12849986.96,-249.8868528684,2016-12-06
847,002835,同为股份,20193680.58,-42.6910147716,31208948.41,154.5480938275,-11602755.2,-57.4573572858,,,2016-12-06
848,603298,杭叉集团,171491538.55,7.5462932022,517920280.8,302.0092333296,-54439374.55,-31.7446417533,-301830479.7,-176.0031324298,2016-12-05
849,600996,贵广网络,43515600.0,109.6986538414,726591500.0,1669.7264888913,-428272900.0,-984.1824541084,-254802900.0,-585.5438049803,2016-12-05
850,300576,容大感光,-3437046.59,41.8255006579,11193288.19,325.6658848491,-7910248.42,-230.1466742701,-6720658.35,-195.5358524832,2016-12-05
851,603058,永吉股份,16298044.96,147.1861846966,69518378.11,426.5442774309,11950516.85,73.3248489578,-65170850.0,-399.8691263888,2016-12-02
852,300575,中旗股份,-10285073.45,-122.2839359486,86115811.78,837.2892249982,-132641510.96,-1289.6505951545,35113983.15,341.4072181468,2016-12-02
853,603577,汇金通,20323118.89,404.159744278,10760580.8,52.9474873332,-4770392.92,-23.4727403103,14326353.7,70.4928892929,2016-12-01
854,300580,贝斯特,11777246.92,131.9304586121,73505267.99,624.1294632719,-67208991.58,-570.6681029661,5480970.51,46.5386396942,2016-12-01
855,300989,蕾奥规划,6672135.8,,8918581.74,133.6690680067,-8793164.61,-131.7893531184,6546718.67,98.1202851117,2016-11-30
856,002829,星网宇达,-37772286.32,-150.9340851721,83381755.75,220.7485007489,-147766217.07,-391.2027347727,26612175.0,70.4542340237,2016-11-30
857,603823,百合花,-5855978.21,-114.8632500462,108510756.1,1852.9911179434,-43373652.01,-740.6730430781,-72923908.84,-1245.2899622384,2016-11-29
858,603416,信捷电气,33966788.67,53.4168497517,59289354.19,174.5509555408,-8529988.09,-25.1127304759,-16742671.11,-49.2912982521,2016-11-29
859,002969,嘉美包装,-35265800.0,47.1319370425,432934200.0,1227.6318699703,-240679700.0,-682.4733878148,-229257200.0,-650.0836504489,2016-11-29
860,002830,名雕股份,46150028.23,-56.5180316076,75760049.82,164.1603542308,-13710021.59,-29.7075042331,-15900000.0,-34.4528499977,2016-11-29
861,603878,武进不锈,-44958838.09,-145.3106622331,104497469.47,232.4292039327,-57384419.29,-127.6376831072,-92071888.27,-204.7915208255,2016-11-28
862,300571,平治信息,3990404.06,-81.2725992054,7310638.64,183.2054731821,-8901567.91,-223.074349769,5581333.33,139.8688765869,2016-11-28
863,603389,*ST亚振,-1534195.08,-103.2578727307,72807958.21,4745.677988356,-49901999.99,-3252.6502424972,-24298282.6,-1583.7805059315,2016-11-25
864,300573,兴齐眼药,-4709180.86,92.594301671,12998237.93,276.0190851961,-62829244.5,-1334.1862707732,45182443.08,959.4544024372,2016-11-25
865,002960,青鸟消防,-7602203.82,-109.2767238421,65795018.73,865.4729639964,-14489279.01,-190.5931405296,-58105814.89,-764.3285587415,2016-11-25
866,002831,裕同科技,91423541.19,212.7630289665,461541925.51,504.8392563911,-422178189.15,-461.7828008572,47495720.74,51.9513028283,2016-11-25
867,603585,苏利股份,-11293740.92,-889.6127009774,176042567.9,1558.7622307525,-93382255.97,-826.8496384987,-92920115.19,-822.7576305159,2016-11-24
868,603990,麦迪科技,12016183.49,39.8330978515,40817781.0,339.6900607749,-62569906.64,-520.7136416656,33768309.13,281.0235808907,2016-11-23
869,603239,浙江仙通,3543266.95,-29.0305083031,114213288.77,3223.3893291613,-12752986.76,-359.9217033309,-97885634.72,-2762.5814284188,2016-11-23
870,603098,森特股份,18944656.98,41.5321488806,18684881.68,98.6287674658,-70468556.5,-371.9706119482,70728331.8,373.3418444824,2016-11-23
871,301318,维海德,-5953731.65,,-9328752.99,-156.6874951443,3375021.34,56.6874951443,,,2016-11-23
872,300570,太辰光,-40347345.94,-159.5455517116,59624014.9,147.7767955014,-79602664.3,-197.2934339185,-20155138.67,-49.9540631495,2016-11-23
873,603708,家家悦,131980189.65,343.8981259342,451206842.65,341.8746736511,-267006402.33,-202.3079395764,-52220250.67,-39.5667340746,2016-11-22
874,603928,兴业股份,-48359788.57,-197.4946676448,78562000.2,162.4531506921,-15466418.9,-31.9819820503,-111450100.67,-230.4602728126,2016-11-21
875,300572,安车检测,31798431.73,-14.8799932921,40210984.91,126.455874464,-6112097.35,-19.2213798526,-2300455.83,-7.2344946113,2016-11-21
876,603036,如通股份,14744957.91,-71.8425974023,39869754.59,270.3958521507,-24990017.3,-169.4817811793,-188679.25,-1.2796187765,2016-11-18
877,002828,贝肯能源,87205517.73,575.1514771791,194989477.97,223.5976381377,-114543121.34,-131.3484792266,6734132.06,7.7221398775,2016-11-18
878,603033,三维股份,6168096.77,-51.5432872465,21244570.72,344.4266766911,-36023662.9,-584.0320643997,21323935.37,345.7133726195,2016-11-15
879,600909,华安证券,6410067544.81,1123.5341638632,4978389460.74,77.665163837,-81239058.04,-1.2673666459,1512870287.09,23.601471849,2016-11-15
880,003042,中农联合,-11861238.63,-115.5246045159,53109480.34,447.7566129196,-23523264.83,-198.3204753212,-41440156.51,-349.3746125737,2016-11-15
881,002827,高争民爆,-106408481.62,-221.0038557937,37855089.71,35.5752559699,-115499838.57,-108.543827345,-28763732.76,-27.0314286249,2016-11-14
882,002826,易明医药,12602805.72,27.8563646012,2184178.36,17.3308897124,-61317076.68,-486.5351259259,71735700.0,569.2042041572,2016-11-14
883,688571,杭华股份,-65689709.51,-184.21655071,76526690.5,116.4972277558,-75644309.09,-115.1539710774,-66633079.74,-101.4361004745,2016-11-11
884,603668,天马科技,14974523.8,168.7878976063,102838729.91,686.7579315611,-65507265.22,-437.4580861129,-22191531.62,-148.1952409064,2016-11-11
885,301237,和顺科技,2382378.12,58.0254695432,3772745.3,158.3604747008,-1159491.0,-48.6694782103,-230862.5,-9.6904222744,2016-11-11
886,300568,星源材质,24844763.0,2.5237270527,135669645.63,546.0693894725,-25293549.23,-101.8063614855,-85531333.4,-344.263027987,2016-11-11
887,603559,ST通脉,8139372.52,136.2884361124,25715585.01,315.9406323622,-4305787.56,-52.9007309767,-13270424.93,-163.0399013854,2016-11-10
888,300800,力合科技,21244534.02,185.5139992261,45291546.43,213.1915267587,-18150999.45,-85.4384446979,-5896012.96,-27.7530820608,2016-11-10
889,002825,纳尔股份,13491584.2,292.1999990321,85175602.5,631.3239515638,-60564325.04,-448.9044736496,-11922607.54,-88.3707010478,2016-11-10
890,603660,苏州科达,-25373961.13,-145.5908056267,-604269.07,-2.3814534392,-44632754.93,-175.8998317264,19845810.46,78.2132925889,2016-11-09
891,300567,精测电子,-48973506.67,-230.2969933099,-36636570.87,-74.8089597032,-28751531.38,-58.7083370887,16440183.52,33.5695453274,2016-11-09
892,300569,天能重工,18109085.06,166.8404832184,162489127.5,897.2796083382,-102734777.35,-567.3107007318,-41645265.09,-229.9689076064,2016-11-08
893,002822,ST中装,-8150587.92,-106.7401979591,-128539128.13,-1577.0534517466,-11324311.18,-138.9385807644,131712851.39,1615.992032511,2016-11-08
894,002823,凯中精密,-11198949.64,-244.2178666702,41753787.39,372.8366385439,-65652676.95,-586.2395944304,12926001.37,115.4215509982,2016-11-07
895,688268,华特气体,4659085.39,,62346982.43,1338.1807202722,-33153918.16,-711.5971351622,-24633496.2,-528.7195691427,2016-10-31
896,688228,开普云,-2794550.45,,-670738.76,-24.0016693919,-1723811.69,-61.6847582766,-400000.0,-14.3135723315,2016-10-31
897,688066,航天宏图,9858546.15,,-20178178.54,-204.6770206579,-1944611.61,-19.7251357392,31981336.3,324.4021563971,2016-10-31
898,688063,派能科技,5934675.63,,7993671.21,134.6943238076,-2291661.3,-38.6147692456,240699.44,4.0558145888,2016-10-31
899,605189,富春染织,-21297109.45,,87033549.87,408.6636736987,-28437433.67,-133.5271987814,-79894992.11,-375.1447692823,2016-10-31
900,603987,康德莱,32983916.46,-17.9171245287,124691799.26,378.0381854023,-102662456.77,-311.2500508983,11290131.71,34.2292029623,2016-10-31
901,603900,莱绅通灵,10442615.93,141.8749234972,71163689.92,681.4737839353,-32459564.52,-310.8374830367,-28292866.78,-270.936583033,2016-10-31
902,603858,步长制药,862204436.05,419.931127375,1780581763.62,206.5150316063,-407821908.02,-47.2999083475,-510555419.55,-59.2151232588,2016-10-31
903,603819,神力股份,13608243.88,120.656244156,95376497.06,700.8729260076,-19886086.49,-146.1326433106,-61882166.69,-454.7402826969,2016-10-31
904,603727,博迈科,-2788695.91,95.4551970231,279938112.57,10038.3161737416,-214315831.39,-7685.1631840346,-64937676.45,-2328.6037110443,2016-10-31
905,603633,徕木股份,1683040.33,120.4409628717,90101366.06,5353.4882351869,-103206706.95,-6132.1588740538,14788381.22,878.670638867,2016-10-31
906,603336,宏辉果蔬,-14173528.28,-171.2560284756,-16309440.89,-115.0697311764,-6101894.15,-43.0513421179,7596055.05,53.5932542691,2016-10-31
907,603282,亚光股份,45771.32,,89143.38,194.7581586024,-115635.76,-252.638027481,,,2016-10-31
908,301479,弘景光电,-305696.62,,-657148.36,-214.9674929347,-723514.44,-236.6772782767,1074939.71,351.6361122998,2016-10-31
909,301327,华宝新能,4638557.91,,5868382.51,126.513080657,-1229322.26,-26.5022509981,,,2016-10-31
910,301198,喜悦智行,-1674997.51,,39048069.1,2331.2314715023,-21699930.53,-1295.5201664748,-19023222.02,-1135.7164357814,2016-10-31
911,301169,零点有数,-3304710.84,,4347249.26,131.5470390747,-5743200.38,-173.7882876312,-1908475.1,-57.7501388896,2016-10-31
912,301067,显盈科技,2382276.22,,2062569.74,86.5797896434,-2431428.4,-102.0632443705,2751134.88,115.4834547272,2016-10-31
913,301001,凯淳股份,5626770.41,,-1020110.95,-18.1295996756,-2586818.81,-45.9734203017,9234334.2,164.1142880752,2016-10-31
914,300566,激智科技,2554411.01,-76.0888474503,-25266525.61,-989.1331313202,-74752356.9,-2926.402861848,102552272.89,4014.7130782215,2016-10-31
915,300565,科信技术,-29253707.75,-256.7599951128,48422208.42,165.5250296264,-44972636.73,-153.7331168901,-32781546.53,-112.0594586168,2016-10-31
916,300563,神宇股份,-7696981.31,47.4542829921,39342796.72,511.1458003527,-49990373.78,-649.4802542271,3020707.47,39.2453527992,2016-10-31
917,300562,乐心医疗,57640912.08,11653.365857669,54250469.3,94.1179924855,-18052062.09,-31.3181409499,21142000.0,36.6788089173,2016-10-31
918,300561,*ST汇科,68573680.15,7.0590668424,91600662.28,133.5799129923,-10491267.84,-15.2992632407,-12535714.29,-18.2806497516,2016-10-31
919,002968,新大正,-55966382.19,,42027215.63,75.0936794294,-94432808.82,-168.7313081975,-3560789.0,-6.3623712319,2016-10-31
920,002821,凯莱英,61495648.62,308.8993446715,127045751.7,206.5930753655,-57594954.69,-93.6569594475,-7433797.39,-12.0883307304,2016-10-31
921,002820,桂发祥,-11627945.0,-144.2831709673,108037245.0,929.1172687865,-88249456.0,-758.9428398569,-31415734.0,-270.1744289296,2016-10-31
922,002577,雷柏科技,57118332.6,1765.7322487513,50560085.29,88.5181394283,28248735.23,49.4565123738,-21240565.43,-37.1869493788,2016-10-31
923,603350,安乃达,-4978824.2,,-2160403.94,-43.3918502284,885236.15,17.7800242475,-3703656.41,-74.3881740191,2016-10-28
924,301578,辰奕智能,17860773.11,,21277015.37,119.1270682347,-3508875.77,-19.6457104538,,,2016-10-27
925,603556,海兴电力,189687695.48,135.6295412805,340350633.76,179.426837834,-95186450.43,-50.1806140821,-54329924.67,-28.6417759109,2016-10-21
926,601658,邮储银行,452201000000.0,740.8835159228,680953000000.0,150.5863542982,-245570000000.0,-54.3054968919,16831000000.0,3.7220174215,2016-10-21
927,688055,龙腾光电,-143496800.0,,356503200.0,248.4398258358,-110522600.0,-77.0209509898,-373826400.0,-260.5120114177,2016-10-20
928,603319,美湖股份,-3148211.76,-118.3282489875,62077125.56,1971.8217925722,-60386440.49,-1918.1187637137,-4851010.14,-154.0877968133,2016-10-20
929,603060,国检集团,997838.22,102.1010410324,146597397.75,14691.4995649295,-34459090.4,-3453.3744758745,-111140469.13,-11138.125089055,2016-10-20
930,002819,东方中科,20258685.59,159141.462507036,40867656.25,201.7290611893,-22948878.97,-113.2792098878,2936708.41,14.4960461376,2016-10-20
931,002183,怡亚通,417384774.0,130.7229991024,-3280440670.0,-785.9512072187,-54175259.0,-12.9796922108,3750634448.0,898.603562381,2016-10-20
932,300558,贝达药业,11341443.83,-92.6613955253,277553769.1,2447.2525126459,-220776930.78,-1946.6386651408,-45000000.0,-396.7748787061,2016-10-19
933,300557,理工光科,-3592965.82,-119.7526577149,16011780.73,445.6424450484,-5102027.55,-142.000447697,-14502719.0,-403.6419973514,2016-10-19
934,603323,苏农银行,-3895888000.0,-147.5064721373,-3470017000.0,-89.0687052605,-169256000.0,-4.3444780753,-248601000.0,-6.3811125987,2016-10-18
935,603203,快克智能,34276036.35,184.0355709411,64349305.84,187.738468891,199234.58,0.5812649338,-30360000.0,-88.5750023427,2016-10-18
936,300560,中富通,17082803.58,189.8501974245,6409089.6,37.5177854735,-7461676.92,-43.679463298,18052182.96,105.6745918517,2016-10-18
937,300556,丝路视觉,-27676056.51,-137.8766225969,6058026.62,21.8890527912,-22380246.71,-80.8650130553,-11353836.42,-41.0240397359,2016-10-18
938,603716,塞力医疗,11332967.77,1609.1100035396,30065369.08,265.2912254775,-49490156.69,-436.6919389024,30757755.38,271.400713425,2016-10-17
939,601882,海天精工,22535362.31,155.6213055439,105495447.64,468.1329112387,11903470.45,52.8212960868,-94811982.25,-420.7253513201,2016-10-17
940,300559,佳发教育,30689556.17,76.1701491705,65883707.28,214.6779409746,-5066151.11,-16.5077366448,-30128000.0,-98.1702043298,2016-10-17
941,002818,富森美,34142355.5,-81.9489757998,668533489.85,1958.0766472015,-869701255.47,-2547.2795966582,235310121.12,689.2029494567,2016-10-17
942,603888,新华网,-37750144.17,-541.7341564646,113656706.24,301.0762176912,-121047147.37,-320.6534704209,-30359703.04,-80.4227472703,2016-10-10
943,300900,广联航空,7078602.92,,9663140.57,136.511973891,-36840874.07,-520.4540286602,34256336.42,483.9420547692,2016-10-10
944,605258,协和电子,7389555.13,,35078181.22,474.6994995354,-11197300.82,-151.5287540726,-16628723.66,-225.0301048908,2016-09-30
945,603258,电魂网络,86913699.68,-52.7850162521,340382718.77,391.6329876915,-41461296.31,-47.7039827584,-212000000.0,-243.9201193604,2016-09-30
946,688221,前沿生物,-6567091.72,,-12175162.48,-185.3965651632,-34309929.24,-522.4524142934,39918000.0,607.8489794566,2016-09-29
947,605100,华丰股份,-3490910.97,82.9483481366,63007014.95,1804.8874775515,4389479.08,125.7402184622,-68356798.84,-1958.1364127427,2016-09-29
948,301601,惠通科技,-2654374.0,,16034858.04,604.0918890857,-16874822.6,-635.7364335244,-1814409.44,-68.3554555613,2016-09-29
949,301189,奥尼电子,-3031937.64,,-2684792.21,-88.5503769794,-2055543.15,-67.7963531598,1610824.58,53.1285524725,2016-09-29
950,300553,集智股份,6207511.43,-75.0111706604,42215528.72,680.0717033879,-16208017.29,-261.1033015851,-19800000.0,-318.9684018028,2016-09-29
951,300550,和仁科技,-7327127.75,-119.0211003069,24968354.35,340.7659208617,-55354023.99,-755.466887963,23058541.89,314.7009671013,2016-09-28
952,002817,黄山胶囊,-7461299.44,66.0425254647,52066505.71,697.8208839987,-38073415.8,-510.2786197789,-21453408.13,-287.5291134275,2016-09-28
953,603667,五洲新春,-278813.71,95.8977460126,100686754.89,36112.5551860416,-104311366.53,-37412.5671689531,1710070.05,613.3378627615,2016-09-27
954,300555,ST路通,6042412.03,2197.5145492679,12060566.44,199.5985440933,-7865484.53,-130.1712708592,1847330.12,30.5727267659,2016-09-27
955,002816,*ST和科,-364209.04,98.6679498207,6115135.81,1679.018129259,-6840854.27,-1878.2769010896,310459.17,85.2420274906,2016-09-27
956,603859,能科科技,-11832285.11,-166.3231838372,16631344.85,140.5590272326,-9901306.4,-83.6804244316,-17916536.1,-151.4207605161,2016-09-26
957,601229,上海银行,58053020000.0,560.2721976969,106041273000.0,182.6628020386,-78938137000.0,-135.9759354466,30847634000.0,53.1370013136,2016-09-26
958,300552,万集科技,5866860.84,-72.8794964413,19711505.72,335.9804545833,-4907550.22,-83.6486556242,-8937094.66,-152.3317989591,2016-09-26
959,300551,古鳌科技,55235376.03,116.1299584682,66465083.13,120.3306429812,-8718103.35,-15.7835502835,-2409015.0,-4.3613625418,2016-09-26
960,688707,振华新材,26580516.89,,24291755.52,91.3893270794,-8254331.02,-31.054065104,10543092.39,39.6647380246,2016-09-23
961,603160,汇顶科技,179480695.81,92.2628994653,334658475.7,186.4593148526,-72964443.46,-40.6530870246,-83077358.5,-46.2876289425,2016-09-20
962,603816,顾家家居,-45002093.07,62.8621943645,228504789.11,507.7648027494,-285482237.3,-634.3754652832,11707775.56,26.0160689455,2016-09-19
963,300547,川环科技,2563362.54,49.5686694885,64188639.25,2504.07963167,-1780367.99,-69.4543968018,-59826336.91,-2333.900725178,2016-09-19
964,603313,梦百合,1982432.76,125.875454227,114194886.17,5760.3409545149,-96133127.11,-4849.2503276631,-15338322.04,-773.7120950322,2016-09-14
965,300549,优德精密,18960822.05,311.0795977022,21131242.16,111.4468671468,-15452282.05,-81.49584448,13699199.03,72.2500268916,2016-09-14
966,300548,长芯博创,15829347.51,307.9363820277,32622672.36,206.0898109628,51185.06,0.3233554634,-16960000.0,-107.1427611864,2016-09-14
967,603777,来伊份,8445677.46,-90.0815122901,227056462.05,2688.4339725898,-173610784.59,-2055.6170350128,-45000000.0,-532.816937577,2016-09-13
968,300546,雄帝科技,34143032.39,31.1942593492,77518105.46,227.039310904,-27499121.34,-80.5409461758,-15700000.0,-45.9830275784,2016-09-13
969,603738,泰晶科技,588288.46,-91.862225075,51480816.27,8750.9478377325,-55426678.05,-9421.6837178822,1912881.61,325.160485045,2016-09-12
970,603421,鼎信通讯,-33971452.38,-156.2768915154,304829866.98,897.311847519,-281301319.36,-828.0520838891,-57500000.0,-169.2597636298,2016-09-12
971,600926,杭州银行,-20018753000.0,42.5818039408,8978188000.0,44.8488874407,-45718518000.0,-228.3784509455,16723918000.0,83.5412575399,2016-09-12
972,300545,联得装备,34105118.91,389.1250730749,38146909.04,111.8509779739,-6206118.17,-18.1970283885,2164995.26,6.3480067778,2016-09-12
973,002815,崇达技术,65148510.79,712.8783961658,404812255.36,621.3683942291,-216036048.68,-331.6055057289,-126214589.57,-193.7336526031,2016-09-12
974,002813,路畅科技,-5058486.71,-81.1417934559,108483283.47,2144.5797861946,-34410594.92,-680.2547262203,-80131839.19,-1584.1069431217,2016-09-12
975,603402,陕西旅游,5904113.27,,148295540.49,2511.7326465181,-56860216.93,-963.0610784335,-85529676.98,-1448.645597885,2016-09-09
976,688510,航亚科技,809800.57,,-10933527.61,-1350.1506438801,-36013571.82,-4447.2149260157,47756900.0,5897.3655698958,2016-08-31
977,688472,阿特斯,467008276.84,43.1606640102,596735855.08,127.7784323477,-255122320.97,-54.6290791025,101376934.49,21.7077382816,2016-08-31
978,301580,爱迪特,5819392.42,,4316605.66,74.1762257717,-1481617.31,-25.4599999977,2911000.0,50.0224042289,2016-08-31
979,301107,瑜欣电子,6304676.55,,28593093.3,453.5219701318,-2775709.37,-44.0261978229,-19351846.33,-306.944316279,2016-08-31
980,001206,依依股份,-19831860.75,,-42239070.62,-212.9859177233,14561401.99,73.4242851619,7854751.63,39.6067304476,2016-08-31
981,688479,友车科技,-21587285.83,,43266413.96,200.4254462591,82034300.21,380.0121092388,-146888000.0,-680.4375554979,2016-08-30
982,301150,中一科技,3528819.82,,6794300.53,192.5374736192,-3961501.73,-112.2613772329,696021.02,19.7239036138,2016-08-30
983,300987,川网传媒,-27855798.82,-152.6659904557,47704959.26,171.2568344145,-75240758.08,-270.1080610403,-320000.0,-1.1487733741,2016-08-30
984,300950,德固特,9226586.81,-69.9316576848,11818716.4,128.0941332193,-3332863.62,-36.1223894451,829471.63,8.9900159949,2016-08-30
985,003032,*ST传智,10277006.22,,16353056.11,159.1227616285,-10076049.89,-98.044602429,4000000.0,38.9218408004,2016-08-30
986,601500,通用股份,-359327771.26,-45.3833392471,78126089.44,21.7422909357,-107507014.81,-29.918927344,-329945050.85,-91.8228640367,2016-08-26
987,300843,胜蓝股份,1452400.0,,-24044800.0,-1655.5218947948,-4198900.0,-289.1007986781,29732700.0,2047.1426604241,2016-08-26
988,300542,新晨科技,-33103559.69,-312.084538968,9157800.8,27.6640968094,-46836707.48,-141.4854109909,4566377.15,13.794217881,2016-08-26
989,603189,网达软件,20252761.22,88.9080228751,61194360.07,302.1531701542,-5911598.85,-29.1891006159,-35030000.0,-172.9640695384,2016-08-25
990,300541,先进数通,-15657396.36,-1375.1347640978,30702692.87,196.0906664433,-52593875.57,-335.9043506388,6314078.12,40.3264883562,2016-08-25
991,002720,宏良股份,-143262937.42,,-314331130.88,-219.4085480451,-2552101.79,-1.7814110446,173620295.25,121.1899590897,2016-08-25
992,603067,振华股份,37089941.41,268.5198938317,124607856.02,335.9613180365,-77902833.62,-210.037629229,-9615080.99,-25.9236888075,2016-08-24
993,300534,陇神戎发,-49198183.65,-143.9058721013,39007994.1,79.2874679633,-76551733.3,-155.5986982052,-11654444.45,-23.6887697581,2016-08-24
994,603887,城地香江,21900695.8,159.3064374365,29374814.33,134.1273108318,-39277405.82,-179.3431869868,31803287.29,145.2158761549,2016-08-23
995,603393,新天然气,-23543252.93,-150.2776343511,273101188.61,1159.9976835062,-64345579.78,-273.3079407986,-232298861.76,-986.6897427075,2016-08-23
996,300543,朗科智能,-15592600.0,-146.559389902,64858100.0,415.954362967,-75708300.0,-485.5399356105,-5350000.0,-34.3111475957,2016-08-23
997,002812,恩捷股份,46761457.44,869.2919382433,149435730.7,319.5703018704,-68991909.35,-147.5401177102,-33682363.91,-72.0301841601,2016-08-23
998,688237,超卓航科,-4090210.28,,4730189.32,115.6466048489,-4134762.7,-101.0892452209,-4685636.9,-114.557359628,2016-08-22
999,601163,三角轮胎,781677006.46,-8.3831590584,1422465550.55,181.9761280931,-372068461.06,-47.5987470509,-284334548.49,-36.3749408183,2016-08-22
1000,601128,常熟银行,5572346932.44,178.4154205052,13273432637.45,238.2018348531,-7551558298.37,-135.5184519185,-148545214.25,-2.6657567458,2016-08-22
1001,002811,郑中设计,66314400.88,253.6022252686,35558186.25,53.6206099703,-5553935.22,-8.3751570493,36247836.02,54.6605798122,2016-08-22
1002,603515,欧普照明,-17740252.64,59.2068787137,142357629.67,802.4554810962,37694454.23,212.479805079,-197156912.02,-1111.3534627768,2016-08-18
1003,603658,安图生物,62742807.13,1070.4342837539,256928030.22,409.4939993483,-179044237.0,-285.3621716813,-14680319.17,-23.397612956,2016-08-11
1004,300539,横河精密,-8497064.38,-251.5727720624,31239088.34,367.6456590529,-39677830.6,-466.9592794117,240384.75,2.8290329371,2016-08-11
1005,601206,海尔施,-32234413.49,-41.5126979255,144596440.31,448.577854084,-205595281.89,-637.8130067537,29057885.65,90.1455385841,2016-08-10
1006,600908,无锡银行,2190893235.31,157.7487728404,8882102630.64,405.4101079637,-9976833797.58,-455.3774523006,3286530041.11,150.0086808495,2016-08-10
1007,300538,同益股份,-3650262.91,-109.7471115492,26788472.33,733.8778874424,-4163256.36,-114.0536027856,-25992615.7,-712.0751666624,2016-08-10
1008,603977,国泰集团,3456739.09,132.5887354235,138856212.86,4016.9711755711,-132156446.44,-3823.1536427587,-3243027.33,-93.8175328124,2016-08-09
1009,300537,广信材料,2731268.52,208.1886947932,42678542.43,1562.5905002559,-25048380.83,-917.0969696528,-14816107.5,-542.4625001719,2016-08-09
1010,002809,红墙股份,-9939133.66,-201.5045926891,52492675.7,528.1413601596,-21264559.46,-213.9478166551,-41167249.9,-414.1935435045,2016-08-09
1011,688167,炬光科技,-6978724.33,-616.6220830165,-13169778.06,-188.7132581436,-7651122.9,-109.634978231,12775794.67,183.0677651943,2016-08-08
1012,603090,宏盛股份,10578342.92,34.5107358696,32037726.47,302.8614851332,-11620396.54,-109.850820945,-9550000.0,-90.2787900924,2016-08-08
1013,603031,安孚科技,10531351.83,-53.1044257802,46236679.86,439.0384122225,-103251548.51,-980.420654221,67546220.48,641.3822419985,2016-08-08
1014,300540,蜀道装备,-62444273.69,-205.2454584756,-54137609.06,-86.6974757826,-6753723.31,-10.8156007123,-1552941.32,-2.4869235051,2016-08-08
1015,300536,农尚环境,-14717879.9,-5565.4187990431,-10661787.29,-72.4410537553,-1988736.68,-13.5123855712,-2067355.93,-14.0465606735,2016-08-08
1016,002810,山东赫达,14790388.48,178.011041914,80540890.48,544.5488506871,-90933184.84,-614.8126870566,26253476.52,177.5036305199,2016-08-08
1017,603843,*ST正平,-25618950.71,-124.8319059875,153759590.6,600.1791109266,-175354500.31,-684.4718282765,-4024041.0,-15.7072826501,2016-08-02
1018,600936,北投科技,8291293.21,101.4874236342,894583766.68,10789.4359061028,-637371300.7,-7687.2362918161,-248921172.77,-3002.1996142867,2016-08-02
1019,002807,江阴银行,-390090000.0,92.4342630966,4008338000.0,1027.5418493168,-4134987000.0,-1060.0084595862,-258074000.0,-66.1575533851,2016-08-02
1020,605299,舒华体育,29709422.23,,129438153.02,435.6804787987,-112188935.3,-377.6207239288,12461253.8,41.9437769726,2016-07-29
1021,603182,嘉华股份,3977909.16,,-44902563.1,-1128.7981020663,-14207114.14,-357.1502909835,62892957.12,1581.0556397924,2016-07-29
1022,301381,赛维时代,-828814.08,,696684.52,84.0579976634,-1925498.6,-232.3197260355,400000.0,48.2617283722,2016-07-29
1023,301232,飞沃科技,838755.44,,-5542308.1,-660.7776040177,-5268305.65,-628.1098635855,11657156.18,1389.8158657546,2016-07-29
1024,301078,孩子王,-40304112.0,,-140582740.0,-348.8049556829,-512291372.0,-1271.0647787005,612570000.0,1519.8697343834,2016-07-29
1025,300931,通用电梯,1487885.01,,27877766.71,1873.6506196806,-13717815.11,-921.9674247541,-12672066.59,-851.6831949265,2016-07-29
1026,300856,科思股份,-8813550.19,,16428697.06,186.4027174729,-39654370.69,-449.9250567041,14531264.24,164.8741304779,2016-07-29
1027,300533,冰川网络,124497894.44,275.096020917,239461915.99,192.3421412604,-88941915.14,-71.44049748,-26010139.2,-20.892031401,2016-07-29
1028,688678,福立旺,-12725799.65,,12661469.53,99.4944905486,-16212991.8,-127.4025385116,-9192197.65,-72.232770457,2016-07-28
1029,688265,南模生物,-4679818.55,,20710433.54,442.5477893796,-1237496.61,-26.4432604978,-24152755.48,-516.1045288818,2016-07-28
1030,603986,兆易创新,62769051.13,-1.145213461,95084429.2,151.4829800487,-23363130.06,-37.2207794118,-9980706.42,-15.9006807341,2016-07-28
1031,301568,思泰克,-562064.53,,-479550.38,-85.3194525547,-82514.15,-14.6805474453,,,2016-07-28
1032,301185,鸥玛软件,2371951.16,,22759742.85,959.53674063,-4039486.11,-170.3022464425,-16348305.58,-689.2344941875,2016-07-28
1033,301117,佳缘科技,-14002.0,99.2182631504,-3171180.53,-22648.0540637052,-608676.56,-4347.0687044708,3765855.09,26895.122768176,2016-07-28
1034,301071,力量钻石,-501536.44,,4901380.15,977.2729873825,-6592416.59,-1314.4441887413,1189500.0,237.1712013588,2016-07-28
1035,300535,达威股份,-3116290.97,-193.9927441361,19347088.29,620.8370295409,-12154546.9,-390.0324782573,-10425369.4,-334.5441584359,2016-07-28
1036,300532,今天国际,-51790657.66,-211.9821172741,-49595040.52,-95.7605922782,-19242031.58,-37.1534798927,17756311.73,34.284777472,2016-07-28
1037,001202,炬申股份,2043123.53,,1270079.07,62.1635966377,-1226955.54,-60.0529298392,2000000.0,97.8893332015,2016-07-28
1038,601997,贵阳银行,2427726000.0,135.9195837238,13641827000.0,561.9179017731,-11970193000.0,-493.0619435636,755947000.0,31.1380691231,2016-07-27
1039,601595,上海电影,136002497.89,-18.8825245953,247066466.01,181.6631825467,-41256939.9,-30.3354280547,-69808077.1,-51.3285257132,2016-07-27
1040,300530,领湃科技,20218973.06,-31.1087827998,39477200.38,195.2482960576,-19292159.77,-95.4161208522,,,2016-07-27
1041,688291,金橙子,4800073.72,,6352485.31,132.3414114148,-1554587.91,-32.3867507185,,,2016-07-26
1042,603159,上海亚虹,-7200301.46,-775.2658984957,25933066.87,360.1664043383,-36344069.52,-504.7576094126,3232420.07,44.892843556,2016-07-25
1043,300531,优博讯,-12250331.26,-236.8492175848,-18759497.26,-153.1346121329,-2455293.63,-20.0426713196,8999085.74,73.4599379315,2016-07-25
1044,300523,辰安科技,20737762.96,499.2431612319,37450182.85,180.5893090891,-29677659.15,-143.1092601803,12965239.26,62.5199510912,2016-07-25
1045,002808,*ST恒久,18591505.71,21.651885791,40486210.68,217.7672497942,-14252885.92,-76.6634297529,-7687968.79,-41.3520502853,2016-07-25
1046,688601,力芯微,-13176537.34,-334.2925413314,6373824.0,48.3725263742,-9079231.59,-68.9045335335,-10631430.45,-80.6845544901,2016-07-22
1047,301359,东南电子,4391915.55,,10423542.35,237.3347627324,-6055480.11,-137.8778813267,,,2016-07-22
1048,301295,美硕科技,1183658.33,,11197504.98,946.0082099874,-12604090.23,-1064.8419320464,2658409.8,224.5926660272,2016-07-22
1049,603569,长久物流,199359353.62,515.8306938456,315060795.58,158.036625751,-15301098.32,-7.6751343953,-99803108.9,-50.0619143711,2016-07-21
1050,301489,思泉新材,1036565.47,,11590578.16,1118.1713548687,-9599539.69,-926.0910157465,-954473.0,-92.0803391222,2016-07-21
1051,600977,中国电影,522869434.66,-8.140126407,993409120.23,189.9918133245,-131411276.64,-25.1327134326,-339153485.36,-64.8638958176,2016-07-20
1052,301069,凯盛新材,33435428.16,,47612959.55,142.4027212158,-49884049.94,-149.1951881139,35705166.46,106.7884230139,2016-07-20
1053,601811,新华文轩,-70929095.86,87.5104172429,875983963.09,1235.0135758378,-413048694.03,-582.3402780225,-533864364.92,-752.6732978152,2016-07-19
1054,603663,三祥新材,9676098.34,186.2025861775,41312006.1,426.9490103177,-4641950.44,-47.9733698118,-27152968.66,-280.6189820101,2016-07-18
1055,300528,幸福蓝海,91418063.66,161.0660332702,265027379.38,289.9070148386,-151843288.09,-166.0976857426,-21765811.09,-23.8090922282,2016-07-18
1056,300527,ST应急,372685826.09,473.325645607,428622694.84,115.0091215802,-27149850.49,-7.2849162993,-28999728.16,-7.7812801373,2016-07-15
1057,603322,超讯通信,44536780.82,567.195484443,61527166.55,138.1491105041,-6425800.18,-14.4280750914,-10564585.55,-23.7210354127,2016-07-14
1058,603007,*ST花王,-19310266.71,-387.1529955472,-78752523.14,-407.8272160747,-5702607.48,-29.5314796302,65144863.91,337.3586957049,2016-07-14
1059,301622,英思特,61772.23,,292552.74,473.5991237486,-230780.51,-373.5991237486,,,2016-07-14
1060,301020,密封科技,-1807275.53,-116.3666768643,6990259.67,386.7843919737,-182912.64,-10.1209050288,-8614622.56,-476.6634869449,2016-07-14
1061,300529,健帆生物,-15518802.47,-144.5474973368,137354216.38,885.0825741582,-65123018.88,-419.639459977,-87750000.0,-565.4431143745,2016-07-14
1062,300525,博思软件,-5084018.21,10.349658585,28893389.95,568.3179870042,-33977387.66,-668.3175837799,-20.5,-0.0004032244,2016-07-13
1063,002806,华锋股份,1626881.93,112.4971659544,18300574.64,1124.8864654855,-17240381.0,-1059.7192508002,517651.17,31.8186071438,2016-07-12
1064,688089,嘉必优,36326430.4,987.1442773927,46341803.43,127.5704849602,-20903539.7,-57.5436107259,10888166.67,29.9731257658,2016-07-01
1065,603893,瑞芯微,17289200.0,377.2199067046,113332000.0,655.5074844412,-4368100.0,-25.2649052588,-85983000.0,-497.3220276242,2016-07-01
1066,301026,浩通科技,-7127551.36,-136.7640171726,60146906.55,843.8649335808,-54605135.64,-766.1135343962,-12586376.5,-176.5876647433,2016-07-01
1067,300886,华业香料,-6251979.96,-1628.0940477931,33095024.14,529.3526906954,-8389384.39,-134.1876404543,-31023849.58,-496.2243925683,2016-07-01
1068,001227,兰州银行,2252769000.0,-55.9100661006,7101526000.0,315.2354280443,-4097013000.0,-181.8656506726,-751537000.0,-33.36058868,2016-07-01
1069,688318,财富趋势,77108200.0,49.8724955879,88819800.0,115.1885272902,-797400.0,-1.0341312597,-10910200.0,-14.1492085148,2016-06-30
1070,301393,昊帆生物,1161433.01,247.7014967139,3805609.88,327.6650351104,-2644488.67,-227.6918812562,,,2016-06-30
1071,300866,安克创新,83834809.25,,82682499.87,98.6255000872,1152309.38,1.3744999128,,,2016-06-30
1072,688377,迪威尔,51880393.27,199.3323540356,58903552.68,113.5372131307,-24286858.18,-46.8131728563,17263698.77,33.2759597256,2016-06-29
1073,688303,大全能源,9504109.95,899.2317495991,625711221.07,6583.5856735854,-524311554.13,-5516.6823288908,-91551160.19,-963.2796829123,2016-06-29
1074,301031,中熔电气,724718.49,,3501475.69,483.149766194,-1219023.86,-168.2065349264,-1557733.34,-214.9432312676,2016-06-28
1075,301355,南王科技,-443579.98,,30586985.62,6895.4837907698,-8412725.09,-1896.5520242821,-22617840.51,-5098.9317664877,2016-06-27
1076,688687,凯因科技,-67264453.86,-320.9719421167,49673138.34,73.8475308867,-88026473.43,-130.8662575529,-28911118.77,-42.9812733337,2016-06-24
1077,688223,晶科能源,1306716334.23,253.7102246639,428613168.23,32.800781394,-270682589.12,-20.7147168846,1148785755.12,87.9139354906,2016-06-24
1078,603392,万泰生物,139291917.96,3477.1111031147,132425299.94,95.070339959,-71538003.75,-51.358330618,78397706.35,56.2830259632,2016-06-24
1079,601606,长城军工,-37397272.63,-157.3885688985,13813796.58,36.9379786507,-82051882.22,-219.406059452,30840813.01,82.4680808013,2016-06-24
1080,301538,骏鼎达,4953850.22,365.737657727,7193900.83,145.2183758192,-2264706.41,-45.7160856591,,,2016-06-24
1081,003036,泰坦股份,-34450800.53,-177.2964243698,27299120.82,79.2408896166,-31738851.85,-92.1280532287,-29988066.71,-87.0460664155,2016-06-24
1082,300614,百川畅银,21862682.02,150.8596326954,9014737.85,41.2334490423,-61135229.22,-279.6327969463,73983173.39,338.399347904,2016-06-23
1083,600877,电科芯片,-102318759.21,-333.1771299418,-78158273.91,-76.3870423307,489049345.42,477.9664542416,-510906576.58,-499.3283543748,2016-06-22
1084,300521,爱司凯,5639229.24,12.7163481263,12998593.79,230.5030215441,-7101763.16,-125.9349967479,-242413.22,-4.2986941953,2016-06-22
1085,002803,吉宏股份,3536166.33,-80.2232177042,15654982.1,442.7105695563,-38430101.82,-1086.7730257473,26310731.6,744.0467767816,2016-06-22
1086,603069,海汽集团,115947589.82,388.9026229387,271375306.54,234.0499763396,17601182.43,15.1802917657,-173028899.15,-149.2302681053,2016-06-21
1087,300522,世名科技,-7489303.58,56.9910202108,25602735.31,341.8573574501,-31514828.17,-420.7978463333,-1568213.64,-20.9393787186,2016-06-21
1088,600919,江苏银行,20578365000.0,-29.5986558228,175461820000.0,852.6518992155,-178011997000.0,-865.0444143643,23084851000.0,112.1801999333,2016-06-20
1089,300520,科大国创,-2926258.23,-524.9423468948,21360520.98,729.960218856,-13451709.15,-459.6897502788,-5520734.06,-188.6618892141,2016-06-20
1090,002805,丰元股份,-10739323.46,12.5813212207,23348677.86,217.4129305907,-21963467.5,-204.5144424768,-12123764.5,-112.8913245341,2016-06-20
1091,688595,芯海科技,-1051490.76,-131.4462822261,6333864.19,602.3699333316,-10091799.57,-959.7611271449,2706444.62,257.3911938132,2016-06-17
1092,688118,普元信息,17055555.78,193.4133707481,32744242.58,191.9857845875,-15589233.05,-91.4026681457,,,2016-06-17
1093,603967,中创物流,7127562.21,106.420221075,155166132.78,2176.9874216222,-134980749.0,-1893.7856313709,-13690462.76,-192.0777729697,2016-06-17
1094,603120,肯特催化,4564299.12,215.7871386266,20169588.82,441.8989266418,-19276369.2,-422.329227187,3671079.5,80.4303005452,2016-06-17
1095,003033,征和工业,27826530.25,65.5421724206,29610792.33,106.4120896999,-44661860.9,-160.5010056904,43177141.91,155.1653818212,2016-06-17
1096,003016,欣贺股份,330923322.11,-11.7227343955,661155287.43,199.7910824823,-106800367.39,-32.2734483351,-223667037.7,-67.5887804685,2016-06-17
1097,002970,锐明技术,-7322902.4,-138.1796171992,49835643.32,680.5449615169,-10101017.8,-137.9373539104,-47057527.92,-642.6076076065,2016-06-17
1098,002918,蒙娜丽莎,57953699.44,327.8842658938,102238601.93,176.4142805687,-87232846.45,-150.5216186247,42876731.94,73.98446062,2016-06-17
1099,601390,中国中铁,-6979321000.0,-188.4020770683,19446298000.0,278.6273621746,-12334241000.0,-176.7255152758,-14064867000.0,-201.5219961942,2016-06-16
1100,688435,英方软件,5095693.15,3470.3420048495,-1132609.05,-22.2267906771,28302.2,0.5554141344,6200000.0,121.6713765428,2016-06-13
1101,601966,玲珑轮胎,252462834.0,220.2105398786,769167630.0,304.6656879404,-2265748103.0,-897.458080107,1757566176.0,696.1682827342,2016-06-13
1102,603016,新宏泰,29765206.28,-45.7390385983,75011508.48,252.0107126904,-41889509.14,-140.7331390414,-3103554.39,-10.4267860965,2016-06-08
1103,688513,苑东生物,24946398.74,248.350699902,46712073.51,187.2497669778,-8384026.12,-33.6081620733,-13381648.7,-53.6416051049,2016-06-07
1104,603958,哈森股份,-74103510.4,-183.7154033587,252989088.35,341.3996003488,-10813642.25,-14.5926180712,-317205625.52,-428.0574885154,2016-06-07
1105,301519,舜禹股份,177433.22,548.2062979635,-8386594.09,-4726.6200151246,7698923.89,4339.0543721181,865103.42,487.5656430064,2016-06-07
1106,002802,洪汇新材,18082795.33,372.3362714532,26214618.42,144.9699448653,-6410899.53,-35.4530337429,-1720923.56,-9.5169111224,2016-06-07
1107,002801,微光股份,-18326594.16,-264.8113478274,64765023.58,353.3936694105,-74086650.94,-404.2576066954,-8448800.0,-46.1013100756,2016-06-07
1108,688309,恒誉环保,-401903.71,-120.36249115,15147888.52,3769.0342594747,-408427.29,-101.6231698881,-15364250.0,-3822.8684179104,2016-06-06
1109,603909,建发合诚,23082274.36,554.2470867673,27882842.22,120.7976379846,-13797125.55,-59.7736831944,8996557.69,38.9760452098,2016-06-06
1110,300854,中兰环保,12932821.8,191.3508656936,27748765.8,214.560799098,-949386.48,-7.3409074576,-13866557.52,-107.2198916404,2016-06-06
1111,300519,新光药业,21312262.25,7.6787983194,99820100.69,468.3693336685,-16434688.46,-77.1137679671,-62073149.98,-291.2555657014,2016-06-06
1112,300518,新迅达,72765408.62,-21.4373880266,129866991.21,178.4735270136,-57111747.72,-78.4874967421,,,2016-06-06
1113,300517,海波重科,-3409296.15,59.7765560567,38546169.66,1130.6195755391,-19332276.7,-567.0459780973,-22623189.11,-663.5735974418,2016-06-06
1114,603227,雪峰科技,-122923912.15,1.2838430458,107322372.48,87.3079701117,-383062501.74,-311.6257000286,152805969.0,124.309392963,2016-06-04
1115,605151,西上海,-32858400.0,-162.0127768394,76784700.0,233.6836242787,-82167400.0,-250.0651279429,-27475700.0,-83.6184963358,2016-06-03
1116,301230,泓博医药,2636137.58,-48.77237161,23049288.32,874.3583223756,-16749303.43,-635.3728863423,-3663847.31,-138.9854360333,2016-06-01
1117,688244,永信至诚,-2723171.52,-179.6056718465,-1630771.83,-59.885020757,-26692399.69,-980.1953161584,25600000.0,940.0803369154,2016-05-31
1118,002997,瑞鹄模具,-13440701.67,67.7954869467,60105346.76,447.1890548256,68535492.77,509.9100809817,-142327770.59,-1058.9311040783,2016-05-31
1119,688299,长阳科技,20981682.68,,-36132861.89,-172.2114591145,-62293959.83,-296.8968732397,119408168.5,569.106731434,2016-05-30
1120,688148,芳源股份,-2722204.5,,648555.76,23.8246524095,-2245903.55,-82.5031164999,-1124856.71,-41.3215359096,2016-05-30
1121,603273,天元智能,17124230.56,59.1962663939,22763311.0,132.930416466,-23067127.14,-134.7046050284,17428046.7,101.7741885624,2016-05-30
1122,301131,聚赛龙,-5083665.02,,391851.06,7.7080424941,10774417.29,211.9419207916,-16252455.01,-319.699566082,2016-05-30
1123,300964,本川智能,-1624335.4,,-6311683.99,-388.5702417124,4408663.59,271.4133786655,278685.0,17.1568630469,2016-05-30
1124,001314,亿道信息,6303.6,102.5347850349,68519.26,1086.9861666349,-62215.66,-986.9861666349,0.0,0.0,2016-05-30
1125,688793,倍轻松,2872898.83,-17.571941435,175951.18,6.1245170962,-6396582.33,-222.6525439464,9228385.73,321.2220922517,2016-05-27
1126,301096,百诚医药,-36870.26,75.0254789798,1129843.85,3064.3772243537,-2986714.11,-8100.6049591188,1820000.0,4936.2277347651,2016-05-27
1127,300515,三德科技,11000838.73,319.4048001999,15296316.31,139.0468189329,-8643389.0,-78.5702727959,4338500.0,39.4379020226,2016-05-27
1128,001218,丽臣实业,-4082503.13,94.3341056834,104328706.94,2555.5083148215,-34936365.86,-855.7584586592,-73474844.21,-1799.7498561624,2016-05-27
1129,002799,环球印务,24415499.27,544.4866653988,72938495.66,298.7384974332,-10018608.22,-41.0338044257,-38504388.17,-157.7046930075,2016-05-26
1130,000736,*ST中地,-184035557.46,-196.45468273,-1381580701.08,-750.7140033959,159317472.77,86.5688538502,1038227670.85,564.1451495457,2016-05-26
1131,688535,华海诚科,276422.92,3362.2702054564,2063103.95,746.3577730819,-8690596.23,-3143.9492173804,6875560.04,2487.3335539614,2016-05-24
1132,688611,杭州柯林,7773333.01,37.4087241815,10718409.97,137.8869264473,-18869.95,-0.2427523686,-2954195.14,-38.004227224,2016-05-23
1133,601127,赛力斯,-6958881.17,98.1297216306,396283875.1,5694.6492606943,-321835799.62,-4624.8210273721,-81358302.03,-1169.1290602969,2016-05-23
1134,300516,久之洋,12252634.21,-78.1232218344,36508863.17,297.9674618883,-40051460.08,-326.8804029693,15787127.79,128.8468056699,2016-05-23
1135,688131,皓元医药,14114631.26,1191.7503792048,-3963180.76,-28.0785284929,-1601056.63,-11.3432409286,19659475.54,139.2843722082,2016-05-20
1136,301166,优宁维,-1387312.67,31.5320197212,-6830582.0,-492.360673099,3893833.75,280.6745612725,1549435.58,111.6861118265,2016-05-20
1137,300673,佩蒂股份,13194833.03,1196.0330112969,8349843.7,63.2811622626,-1476518.58,-11.1901270493,5881203.74,44.5720209314,2016-05-20
1138,002526,山东矿机,-199563712.32,-16832.4980722267,-13762239.71,-6.8961634107,-324170813.14,-162.4397588977,138369340.53,69.3359223084,2016-05-20
1139,002202,金风科技,5247525443.85,325.4064719985,2829382591.1,53.9184158586,-1674740804.54,-31.9148677307,4134920627.1,78.7975336441,2016-05-20
1140,688627,精智达,5105109.38,4595.0981925869,-789781.07,-15.4704044754,-100976.1,-1.9779419496,6000000.0,117.5293133484,2016-05-19
1141,688577,浙海德曼,-8610938.66,-203.1976327687,16785171.5,194.9284760089,-25701556.45,-298.4756652534,344415.06,3.9997388624,2016-05-19
1142,301120,新特电气,63566705.55,-37.066792963,67184257.98,105.6909547202,-3120397.99,-4.9088559223,-497129.88,-0.7820601614,2016-05-19
1143,603131,上海沪工,26348826.66,292.9225660888,54167650.46,205.578985201,-14632700.5,-55.5345431082,-13702837.33,-52.0054934773,2016-05-18
1144,300909,汇创达,4375782.18,398.0611092881,9630393.03,220.0839217733,-4614784.77,-105.4619398354,-643029.07,-14.6951800512,2016-05-18
1145,605196,华通线缆,6837766.37,-83.1342985037,171314336.53,2505.4137164093,-69174645.98,-1011.6555939012,-95082634.03,-1390.5510788898,2016-05-17
1146,002800,天顺股份,-16506811.99,55.6283582682,-54580393.53,-330.6537541172,-4448004.79,-26.9464799908,42521586.33,257.600234108,2016-05-17
1147,603959,百利科技,-133453567.6,-366.9806358768,-270118418.22,-202.406292374,-1264764.0,-0.9477183883,137929614.62,103.3540107623,2016-05-16
1148,603737,三棵树,12999237.74,330.7688223527,126566808.27,973.6479230666,-104629331.42,-804.8882058526,-8921666.66,-68.6322293541,2016-05-16
1149,601611,中国核建,1030808677.34,153.362791419,-2531116909.47,-245.5467212404,-973916945.27,-94.480864071,4533143675.52,439.7657659633,2016-05-16
1150,300513,恒实科技,-13486964.59,-253.0832576816,-4477087.18,-33.1956620048,-778319.47,-5.7709017089,-8231557.94,-61.0334362863,2016-05-16
1151,688179,阿拉丁,47067454.1,1190.7600371672,31418018.18,66.7510465156,-17319643.2,-36.7974931536,32959282.67,70.0256329989,2016-05-13
1152,688058,宝兰德,3607539.91,-36.4806167803,13881932.22,384.8032888429,-10274392.31,-284.8032888429,,,2016-05-13
1153,301503,智迪科技,7949325.59,1713.2005151478,20208680.72,254.2188075102,-35456138.43,-446.0269997571,23038871.47,289.8217114038,2016-05-06
1154,301106,骏成科技,3825037.79,187.5658467772,16056297.71,419.7683419489,-2867835.66,-74.9753549494,-9403116.95,-245.8306941328,2016-05-04
1155,601236,红塔证券,693631296.69,-10.9560497429,873583079.6,125.9434347569,-24785271.97,-3.5732632147,-154556456.03,-22.2822206506,2016-04-30
1156,601136,首创证券,2192842619.19,8244.5589608536,2294639511.59,104.6422343085,-521850678.12,-23.7979084114,420000000.0,19.1532213176,2016-04-30
1157,601059,信达证券,5647636177.56,148.889004113,5894357998.92,104.36858561,-47057529.9,-0.8332252366,-199845267.16,-3.5385648239,2016-04-30
1158,600906,财达证券,8153699351.42,464.5645831022,6700054963.38,82.1719648298,-30224031.39,-0.3706787568,1483800000.0,18.1978748056,2016-04-30
1159,600822,上海物贸,-421652520.27,-43.7870444006,479838777.4,113.7995753216,-19425681.78,-4.6070356149,-881953836.44,-209.1660298568,2016-04-30
1160,600686,金龙汽车,-306735293.54,-160.7606723504,113905363.98,37.134743337,-606586361.51,-197.7556460848,188361522.9,61.408493534,2016-04-30
1161,600645,中源协和,-496707352.72,-365.5682433831,221454696.41,44.5845416214,-754348049.13,-151.8697166449,36186000.0,7.2851750235,2016-04-30
1162,600461,洪城环境,83045336.51,221.9242491808,541713175.68,652.3101698971,-371778448.14,-447.6813073004,-86889391.03,-104.6288625967,2016-04-30
1163,600423,柳化股份,224293728.52,93.1162924992,487417993.85,217.3123595859,-432455868.91,-192.8078291638,169414318.52,75.5323475328,2016-04-30
1164,600189,泉阳泉,-106970470.6,44.3005325121,3847996.68,3.5972513334,-369242267.12,-345.1814926577,258423799.84,241.5842413243,2016-04-30
1165,300318,博晖创新,-130974432.36,-3964.4277501819,31048911.32,23.7060858066,-150520504.25,-114.9235782418,-11503206.4,-8.7827877493,2016-04-30
1166,300142,沃森生物,-645750367.59,-235.2280331155,-65933088.3,-10.2103059648,-250317827.88,-38.7638692045,-329499451.41,-51.0258248307,2016-04-30
1167,300135,宝利国际,138852426.6,152.6139418533,311041927.34,224.0089964261,-219437340.66,-158.0363743243,47664326.05,34.3273266569,2016-04-30
1168,300013,新宁物流,-46105569.95,-288.3648425715,14169251.45,30.7321902004,-34448255.48,-74.7160386855,-26131524.24,-56.6775863921,2016-04-30
1169,002647,*ST仁东,-235897338.16,-202.2032496046,-852954337.81,-361.5786190989,9478409.26,4.0180229815,607829364.46,257.6669025607,2016-04-30
1170,002605,姚记科技,-77469245.95,57.8035163327,74249756.34,95.8441707151,-383632295.24,-495.2059240226,232424116.67,300.0211423511,2016-04-30
1171,002496,*ST辉丰,-47538320.79,57.5149169674,148382950.64,312.1333445821,-396088928.07,-833.1992411337,207524615.02,436.5417447889,2016-04-30
1172,002425,凯撒文化,-15835830.06,-115.51785439,81100448.73,512.1326032341,-127535025.04,-805.3573734802,30877618.57,194.9857914174,2016-04-30
1173,002403,爱仕达,-118370945.7,-331.7344945784,253195150.98,213.8997449777,-397333933.13,-335.6684622061,25930765.25,21.9063597884,2016-04-30
1174,002366,融发核电,33265578.67,152.3112163977,2609803.25,7.8453565347,-257575812.46,-774.3013131237,288245685.03,866.4983341773,2016-04-30
1175,002312,川发龙蟒,198386035.3,751.0654230094,-118950733.31,-59.9592270344,-493992678.37,-249.005771814,811329446.98,408.9649988484,2016-04-30
1176,002306,*ST云网,15508770.6,107.7702215165,-74532757.02,-480.5845604551,186934613.52,1205.3477244676,-97411788.26,-628.10773834,2016-04-30
1177,002200,*ST交投,-30199090.45,-125.7443585043,-212925031.56,-705.0710083886,-31052469.22,-102.825842624,213778410.33,707.8968510126,2016-04-30
1178,002069,獐子岛,-30861195.56,60.824541187,48192988.86,156.1604726761,-518192161.12,-1679.1059183451,452166261.8,1465.1611954595,2016-04-30
1179,000938,紫光股份,183035482.63,1442.7394031608,120815217.65,66.0064463535,-247147.63,-0.1350271687,62686621.48,34.2483438617,2016-04-30
1180,000887,中鼎股份,-9788453.63,93.2557853078,547396371.01,5592.2660687927,-635791543.2,-6495.3216027035,97478639.56,995.8533108973,2016-04-30
1181,000809,和展能源,-164115269.63,-172.0401991492,-788591639.22,-480.5108269315,-56118908.28,-34.1948122235,680595277.87,414.705639155,2016-04-30
1182,000767,晋控电力,926526442.01,-32.5691879053,2929606671.72,316.1924516007,-1383558259.88,-149.3274446521,-635515940.69,-68.5912362427,2016-04-30
1183,000723,美锦能源,-377049793.12,-836.0252327571,-967537983.14,-256.6074828297,-754712468.25,-200.1625467037,1345200658.27,356.7700295334,2016-04-30
1184,000691,*ST亚太,4070029.98,87.2812514728,-6746685.57,-165.7650091806,7453342.94,183.1274702306,3363372.61,82.63753895,2016-04-30
1185,000690,宝新能源,7142038.96,-99.5700865164,1624554188.9,22746.3641405283,-489060397.75,-6847.6299343794,-1128351752.19,-15798.7342061489,2016-04-30
1186,000638,*ST万方,1089070667.76,2973.2462227974,-269908428.61,-24.7833714193,38600312.57,3.5443349741,1320378783.8,121.2390364452,2016-04-30
1187,000630,铜陵有色,1017121330.12,223.7456591018,2291797623.07,225.321950804,-7257734115.77,-713.5563772823,5976710995.83,587.6104274723,2016-04-30
1188,000593,德龙汇能,-148762828.09,-148.918755971,23065716.16,15.505026663,-34739432.95,-23.3522267599,-137089111.3,-92.1527999031,2016-04-30
1189,000564,供销大集,-414944249.47,-854.8188739537,1054934666.19,254.2352780012,-504333039.17,-121.5423613688,-965545876.49,-232.6929166324,2016-04-30
1190,000546,金圆股份,-66132502.5,-16.9054147024,165478031.2,250.2219407167,-269718739.08,-407.8459590728,38108205.38,57.6240183562,2016-04-30
1191,000539,粤电力A,150966138.0,-90.3438072436,8392794644.0,5559.3888504984,-6094459949.0,-4036.9714889308,-2147368557.0,-1422.4173615675,2016-04-30
1192,000402,金融街,-1712134797.29,-6.5778379457,-321179673.2,-18.7590179061,-5831178044.21,-340.579378063,4440282930.52,259.3419009735,2016-04-30
1193,000061,农产品,-428630843.56,-801.5312733776,722412135.27,168.5394660986,-1751041305.03,-408.5196693935,599788725.19,139.9313031718,2016-04-30
1194,000020,深华发A,-28312172.74,42.8546991682,119492159.01,422.0522391811,-4601605.58,-16.253099408,-145149145.55,-512.6739896756,2016-04-30
1195,000004,*ST国华,-16528410.0,-6979.131725945,-5534050.66,-33.4820509656,-11190998.0,-67.7076500401,196638.66,1.1897010057,2016-04-30
1196,688819,天能股份,670244911.71,4888.8005992639,894865789.97,133.5132537876,-690660248.9,-103.0459518354,466039370.64,69.5326980478,2016-04-29
1197,688680,海优新材,10967725.0,96.3439921501,-7258417.9,-66.179794807,-14079220.84,-128.3695647001,32334309.74,294.8132793264,2016-04-29
1198,688625,呈和科技,-6354916.56,,11432917.48,179.9066497893,-7579317.54,-119.2669875118,-10208516.5,-160.6396622775,2016-04-29
1199,688283,坤恒顺维,-652688.59,,-608392.59,-93.2133025338,-44296.0,-6.7866974662,,,2016-04-29
1200,688238,和元生物,3004425.59,,292404.21,9.7324497226,-2916656.74,-97.0786811864,5628678.12,187.3462314638,2016-04-29
1201,605368,蓝天燃气,189573048.43,245.6641227423,424022791.82,223.6725079497,-363512482.24,-191.7532503964,129062738.85,68.0807424467,2016-04-29
1202,603918,金桥信息,15923604.28,-64.716846684,68160826.01,428.0489819482,-1448341.53,-9.0955634449,-50795862.87,-318.9972695679,2016-04-29
1203,603601,再升科技,19289562.24,363.8576037762,42807388.59,221.9199588741,-22556245.24,-116.9349773694,-995240.03,-5.1594744226,2016-04-29
1204,603558,健盛集团,18314984.8,937.3114821454,102435380.63,559.2982017108,-99316731.45,-542.2703460284,14366135.45,78.4392430945,2016-04-29
1205,603300,海南华铁,164616.11,-99.1469208854,118732054.22,72126.6309962008,-71212354.6,-43259.650953968,-47355083.51,-28766.9800422328,2016-04-29
1206,603223,恒通股份,8450999.27,1334.0098382907,104517269.63,1236.7445113979,-79177458.02,-936.9005426503,-16888812.34,-199.8439687476,2016-04-29
1207,603198,迎驾贡酒,52431837.92,127.4924619849,427574029.14,815.485487639,-221716966.83,-422.8670510622,-153425224.39,-292.6184365768,2016-04-29
1208,603077,和邦生物,-145370303.71,86.3757539434,204674407.56,140.7951984253,-612177250.71,-421.1157541029,261658558.18,179.994504725,2016-04-29
1209,601985,中国核电,925297701.58,182.0325293484,9543160228.93,1031.3610649453,-23407779174.49,-2529.7565458684,14829088156.17,1602.6288761821,2016-04-29
1210,601918,新集能源,224967754.74,233.1082720956,-1187112728.81,-527.6812804493,-1947277141.63,-865.5805557025,3359357625.18,1493.2618361518,2016-04-29
1211,601901,方正证券,13307065597.2,58991.8572050867,13421007072.41,100.8562479412,-184254763.97,-1.3846385788,69245367.48,0.5203654177,2016-04-29
1212,601696,中银证券,9106545710.62,1719.4811676183,3966220757.41,43.5535150588,1009299056.85,11.0832261642,4128230172.65,45.3325586214,2016-04-29
1213,601636,旗滨集团,246210476.74,188.2484304211,616419831.69,250.3629576823,-1448872134.19,-588.4689203214,1078735981.5,438.1356942171,2016-04-29
1214,601598,中国外运,-54464000.0,86.8609159049,1107622000.0,2033.6772914219,-249471000.0,-458.0475176263,-918681000.0,-1686.7674059929,2016-04-29
1215,601519,大智慧,-1015183395.29,-103.8824014005,-530838614.16,-52.2899228477,-374845919.17,-36.9239608241,-111732792.77,-11.0061682735,2016-04-29
1216,601388,怡球资源,58367895.59,111.0823356849,209581657.22,359.0700934161,-32002682.68,-54.8292556319,-127409420.73,-218.2868157951,2016-04-29
1217,601238,广汽集团,-1059161603.0,-127.3406904441,1105432657.0,104.3686491154,-476586068.0,-44.9965393997,-1666173740.0,-157.3106252418,2016-04-29
1218,601106,中国一重,-1288049452.61,-260.4940428026,-2294449001.32,-178.1336109938,-3913749270.65,-303.850854695,4941590381.74,383.6491193507,2016-04-29
1219,601101,昊华能源,-805271719.07,-386.1869519453,171434974.06,21.2890841688,-1367605305.03,-169.831532965,394325917.74,48.9680574149,2016-04-29
1220,601021,春秋航空,918209392.0,896.4101507446,1076380614.0,117.226051419,-2404157376.0,-261.8310591186,2243558452.0,244.3406124515,2016-04-29
1221,601001,晋控煤业,2390557985.67,422.621363172,389661917.75,16.3000404126,-1215689637.49,-50.8538025339,3216585705.41,134.5537621213,2016-04-29
1222,600900,长江电力,849912457.28,18.7592136817,21298893169.41,2506.0102351686,-828758790.69,-97.5110770046,-19614522800.04,-2307.8286042321,2016-04-29
1223,600897,厦门空港,-784646015.58,-254.3959786073,635260498.69,80.9614126722,-1475889829.4,-188.0962625304,55985500.0,7.1351283112,2016-04-29
1224,600827,百联股份,698096644.88,-71.1994889173,2133758782.82,305.6537799558,-1053461375.65,-150.9048042812,-382065193.6,-54.729555915,2016-04-29
1225,600825,新华传媒,-276154445.57,-210.7408250897,-27698915.82,-10.030226297,195808257.2,70.9053431299,-444267951.49,-160.8766248803,2016-04-29
1226,600824,益民集团,84435393.92,385.3463292683,273028027.35,323.3573205197,-145683877.07,-172.538872985,-41256626.12,-48.8617678021,2016-04-29
1227,600784,鲁银投资,-355783390.36,-279.4281042051,-97570739.45,-27.4241974453,12074225.98,3.3937014226,-270286876.89,-75.9695039773,2016-04-29
1228,600783,鲁信创投,97752775.89,171.1542924375,-149035387.94,-152.4615404351,-222392955.1,-227.505513859,469081441.41,479.8650853024,2016-04-29
1229,600757,长江传媒,-311212995.7,-202.2381572282,683978452.87,219.7782426571,-1280444237.92,-411.4366223814,285252789.35,91.6583797243,2016-04-29
1230,600745,闻泰科技,580716983.85,1022.264009013,-928222839.35,-159.8408286935,-129928725.49,-22.3738463147,1638868591.69,282.2146824129,2016-04-29
1231,600734,实达集团,3062214.15,14.0223924169,-282977236.69,-9240.9355723864,-7837671.41,-255.9478542675,293877122.25,9596.8834266539,2016-04-29
1232,600730,中国高科,-942987253.65,-223.6598800607,-153734636.92,-16.3029390191,-491971317.56,-52.1715766205,-297285633.41,-31.5259439891,2016-04-29
1233,600726,华电能源,-1455584583.1,-2310.4561333836,2550771988.23,175.2403823073,-2661836344.33,-182.8706057508,-1344520227.0,-92.3697765565,2016-04-29
1234,600725,云维股份,-1834224703.93,-454.3223983781,76920156.02,4.1936059336,-130245233.51,-7.1008330239,-1780899626.44,-97.0927729097,2016-04-29
1235,600708,光明地产,-1613556355.52,-2213.5680190581,-4687344762.5,-290.4977409971,-502664930.26,-31.1526107248,3576331697.43,221.6428131063,2016-04-29
1236,600690,海尔智家,10145869439.13,142.8371153011,6769361298.35,66.7203667361,-3639278256.98,-35.8695553773,7153737060.71,70.5088617947,2016-04-29
1237,600679,上海凤凰,-40215511.17,-181.4026806841,107967738.6,268.4728739207,-102683435.57,-255.3329115622,-45419068.81,-112.939180651,2016-04-29
1238,600642,申能股份,32591602.63,-92.9204193342,4479201355.65,13743.4216000381,-1328838678.42,-4077.2425139868,-3117771074.6,-9566.1790860513,2016-04-29
1239,600638,新黄浦,-543735072.14,-218.3505453174,315654843.07,58.0530591539,-26443160.84,-4.8632435528,-832946754.37,-153.1898156011,2016-04-29
1240,600620,天宸股份,74413722.61,286.1902087398,100746572.55,135.3870885858,84688391.62,113.8074922872,-111021241.56,-149.194580873,2016-04-29
1241,600613,神奇制药,-30989767.84,-110.4529740532,-8619656.81,-27.8145252798,-58614060.23,-189.1400430382,36243940.0,116.9545386307,2016-04-29
1242,600584,长电科技,2075637037.12,4499.1259610582,1048518721.28,50.5155141544,-1454759947.19,-70.0873958777,2477350544.07,119.3537453691,2016-04-29
1243,600567,山鹰国际,-256785260.29,-139.67612123,1441628393.59,561.4139970347,-1059101603.35,-412.4464161821,-625926402.47,-243.7548018773,2016-04-29
1244,600556,天下秀,-2241104.07,-135.3447840279,-2521865.9,-112.5278354432,280761.83,12.5278354432,0.0,0.0,2016-04-29
1245,600546,山煤国际,-270032950.1,68.1886962666,991957947.36,367.3470022798,-1169389216.56,-433.0542684243,-61144934.98,-22.6435088597,2016-04-29
1246,600540,新赛股份,477761918.37,370.5265584232,54694882.21,11.448146055,66501524.58,13.9193857909,356565511.58,74.6324681541,2016-04-29
1247,600539,狮头股份,-208282604.69,20.6174439615,-32394475.57,-15.553135423,-196238563.09,-94.2174519961,20350433.97,9.7705874191,2016-04-29
1248,600512,腾达建设,32608946.32,77.0848887661,7220201.74,22.1417817955,64070752.82,196.4821315944,-38682008.24,-118.6239133899,2016-04-29
1249,600503,华丽家族,569530577.14,2202.4904795695,57162670.11,10.0368044148,-890966407.99,-156.4387310799,1403334369.85,246.4019362924,2016-04-29
1250,600499,科达制造,-167470681.31,-695.6095920098,-284257906.29,-169.7359227696,-316282137.72,-188.8582140145,429121182.56,256.2366016567,2016-04-29
1251,600489,中金黄金,150755750.89,119.9101519561,831818496.12,551.7656813815,-3458471431.82,-2294.0892214079,2777408686.59,1842.3235400264,2016-04-29
1252,600469,风神股份,324357569.84,7527.7448320666,868351325.8,267.7142162054,-86144844.54,-26.5586046234,-450230533.04,-138.8068523457,2016-04-29
1253,600418,江淮汽车,-621064738.6,-140.4383398102,1894329248.93,305.0131703178,-343935012.55,-55.3782868635,-2207892245.72,-355.5011431976,2016-04-29
1254,600361,创新新材,169973243.93,-72.4019312639,552047153.9,324.7847373716,-51879659.29,-30.5222504969,-329070836.86,-193.6015511921,2016-04-29
1255,600359,新农开发,400987011.47,235.0977597024,-34201495.53,-8.5293275223,-31644515.38,-7.8916559576,466788318.46,116.4098350091,2016-04-29
1256,600331,宏达股份,115883679.09,113.1100185992,-632510160.47,-545.8147043975,-1411901110.57,-1218.3778782804,2161373317.28,1865.1231426657,2016-04-29
1257,600322,津投城开,-2484447841.9,-228.0539688652,-3236371724.64,-130.2652311737,577906.56,0.0232609657,751345976.18,30.241970208,2016-04-29
1258,600307,酒钢宏兴,1079629130.1,-19.4956351127,6746769287.19,624.915454677,-778325317.29,-72.0919152318,-4862318558.44,-450.3693372917,2016-04-29
1259,600302,标准股份,-26412557.7,-123.7455855878,17772321.43,67.2873927314,-12765810.98,-48.3323543483,-27909039.81,-105.6657977883,2016-04-29
1260,600295,鄂尔多斯,-548108285.64,-228.0729983446,4932173163.17,899.853786631,-3474635012.86,-633.9322181205,-2007571906.37,-366.2728623097,2016-04-29
1261,600281,华阳新材,28162581.12,122.9107810929,-121075333.95,-429.9156154548,43081246.22,152.9733586436,106156668.85,376.9422568112,2016-04-29
1262,600272,开开实业,-30078393.43,8.8002422621,27550971.36,91.5972171988,-45769140.15,-152.1661728926,-11858687.84,-39.4259349908,2016-04-29
1263,600265,ST景谷,-59626647.12,-203.7000759107,33266054.72,55.790584121,4292247.3,7.1985387529,-97184954.7,-162.9891321986,2016-04-29
1264,600257,大湖股份,-86711352.37,-208.1068316343,-710834.53,-0.819771011,-50957979.93,-58.7673684439,-35042537.91,-40.412860545,2016-04-29
1265,600241,时代万恒,10914618.48,108.6012749117,-28649311.99,-262.4856933158,-140095278.68,-1283.5563509317,181970719.51,1667.2201583907,2016-04-29
1266,600234,科新发展,-395613.79,56.138627484,-24266182.92,-6133.8061345132,-1039399.32,-262.7308112794,24909968.45,6296.5369457925,2016-04-29
1267,600179,安通控股,38129844.58,107.4232985295,47897010.78,125.6155415989,103023.92,0.2701923418,-9870190.12,-25.8857339407,2016-04-29
1268,600177,雅戈尔,-36265031.97,-110.2417583716,3186200849.46,8785.8763011591,257514815.4,710.0912405455,-3477441719.01,-9588.9663681717,2016-04-29
1269,600165,ST宁科,-14154133.28,78.351848775,-241897813.04,-1709.0259661593,-35706519.65,-252.2692060591,262977240.06,1857.9536793792,2016-04-29
1270,600117,西宁特钢,1678620.62,103.2734104431,-105339884.93,-6275.3837093935,-635731659.86,-37872.2656141326,742750165.41,44247.6493235261,2016-04-29
1271,600107,ST尔雅,-765893009.95,-1486.9134797335,603489168.13,78.7954923586,-1366035925.71,-178.3585837661,3704700.04,0.4837098644,2016-04-29
1272,600098,广州发展,-515480002.27,-186.1047212651,3235942365.18,627.7532301796,-502833712.12,-97.5466962648,-3248628454.17,-630.2142546489,2016-04-29
1273,600082,海泰发展,1520136.97,100.7697567942,-129138814.01,-8495.2090869812,-672452.54,-44.2363124686,131331403.52,8639.4453994498,2016-04-29
1274,600078,澄星股份,-35709138.58,86.539495593,262726339.71,735.7397858294,-219969776.11,-616.0041514785,-79434937.92,-222.4498856001,2016-04-29
1275,600073,光明肉业,687882671.47,311.6661947212,272288593.98,39.5835809322,-377651065.71,-54.9005057655,793089558.31,115.2943068932,2016-04-29
1276,600057,厦门象屿,38742683.18,-57.9907971702,-4805222099.89,-12402.9150938379,-1342671318.7,-3465.6126228065,6212574837.57,16035.4790315016,2016-04-29
1277,600052,东望时代,58415717.43,1888.3092740995,-520566031.52,-891.1403547235,617484680.53,1057.052292938,-38497654.05,-65.9029037795,2016-04-29
1278,600031,三一重工,-779552000.0,73.3624282551,1231939000.0,158.0316643405,-2254518000.0,-289.2068777965,260983000.0,33.4785877017,2016-04-29
1279,600022,山东钢铁,-178282697.48,78.0203018126,-6618932918.14,-3712.6053238467,-2210123596.17,-1239.6736348562,8650733030.64,4852.2560814464,2016-04-29
1280,600004,白云机场,1351711263.31,142.2682523377,1823799354.15,134.9252169198,-75831516.06,-5.6100380398,-396453434.04,-29.3297425864,2016-04-29
1281,301556,托普云农,2122058.42,1162.758317783,17395571.93,819.7499072622,-15273513.51,-719.7499072622,,,2016-04-29
1282,301373,凌玮科技,-7087666.77,,-517568.23,-7.3023781562,-12032021.01,-169.7599703887,5465290.17,77.1098634763,2016-04-29
1283,301322,绿通科技,-4649405.67,,-32193104.37,-692.4133245185,-5055734.12,-108.7393632399,32562279.74,700.3535946563,2016-04-29
1284,301305,朗坤科技,-1094236.7,,-16881438.78,-1542.7593298598,731716.85,66.8700702508,15055485.23,1375.889259609,2016-04-29
1285,301300,远翔新材,-5447089.27,-1061.3456044697,28268739.24,518.96963385,-15813478.55,-290.3106185003,-17923246.63,-329.042645376,2016-04-29
1286,301212,联盛化学,4286348.72,,25965329.95,605.7680241658,-30499270.22,-711.5443052426,8820288.99,205.7762810768,2016-04-29
1287,301149,隆华新材,2596910.15,,77561200.77,2986.6724796004,-10103358.5,-389.0530636957,-64860932.12,-2497.6194159047,2016-04-29
1288,301116,益客食品,-19007778.3,-27.2316835986,72967190.51,383.8806900962,-70153214.26,-369.0763494437,-21821754.55,-114.8043406525,2016-04-29
1289,301007,德迈仕,1202176.75,,5174967.77,430.4664659336,-11405330.35,-948.7232513855,7228020.5,601.2444093599,2016-04-29
1290,300986,志特新材,2386804.76,,13741092.78,575.710800074,-53102864.88,-2224.8516414053,41734668.74,1748.5581325889,2016-04-29
1291,300983,尤安设计,-7401801.42,,5688076.62,76.8471929635,-13089878.04,-176.8471929635,,,2016-04-29
1292,300792,壹网壹创,-762480.71,,3582141.17,469.800891094,-4344621.88,-569.800891094,,,2016-04-29
1293,300512,中亚股份,138285732.3,44.1766104287,178351799.49,128.9733919209,-27589390.37,-19.9510028339,-12565000.0,-9.0862591469,2016-04-29
1294,300429,强力新材,9464149.64,9.8373666936,66806233.03,705.8873281932,-69023133.01,-729.3115138234,11793566.94,124.6130649726,2016-04-29
1295,300343,ST联创,-30339348.04,72.48811802,-185708086.95,-612.1030903669,-66353677.72,-218.7050217181,221609573.36,730.436175055,2016-04-29
1296,300287,飞利信,210889672.79,797.2343527797,-133632066.88,-63.3658657212,267614195.74,126.8977243881,76907543.93,36.4681413331,2016-04-29
1297,300016,北陆药业,-100272011.59,-361.5015976893,42107536.11,41.9933094413,-181715986.08,-181.2230384118,39336438.38,39.2297289705,2016-04-29
1298,002792,通宇通讯,210743132.7,435.2433545037,282233999.21,133.9232247305,-26120480.68,-12.3944635089,-45000000.0,-21.3530089562,2016-04-29
1299,002712,思美传媒,-130076786.5,-505.7268850716,-372196337.16,-286.1358641882,-8274773.75,-6.3614530868,250394324.41,192.497317275,2016-04-29
1300,002624,完美世界,-62074958.02,-152.9271241673,-227648921.0,-366.7322995638,-30581354.41,-49.2652035305,196155317.39,315.9975030942,2016-04-29
1301,002608,江苏国信,110334874.01,-21.239775663,-346673130.12,-314.2008664356,-1598645195.4,-1448.902905581,2065693955.92,1872.2040283771,2016-04-29
1302,002567,唐人神,-10362890.01,73.6396955314,215830030.77,2082.7204627447,-610760933.85,-5893.7317028418,384493929.01,3710.2963424196,2016-04-29
1303,002558,巨人网络,-5867797.79,86.6993504883,74226996.08,1264.988991381,-21489793.84,-366.232692555,-58605000.03,-998.756298826,2016-04-29
1304,002432,九安医疗,-240777138.19,-532.1676135396,-68921756.5,-28.6247095626,-171357153.23,-71.1683652851,-462630.55,-0.1921405635,2016-04-29
1305,002423,中粮资本,26260186.16,143.3055571101,31738129.59,120.8602612206,-361109519.74,-1375.1217053063,357383508.41,1360.9328823204,2016-04-29
1306,002358,森源电气,-169358096.76,-138.0529596833,-54881986.99,-32.4058831789,-464701011.04,-274.389603999,350224901.27,206.7954871779,2016-04-29
1307,002343,慈文传媒,53291068.01,122.6072613386,-221996266.52,-416.5731234329,-1784254.78,-3.348131022,277081343.73,519.9395584979,2016-04-29
1308,002335,科华数据,56480360.38,120.6944406931,52650813.2,93.219683525,-149200281.37,-264.1631185888,152448336.2,269.913887189,2016-04-29
1309,002289,*ST宇顺,-25272624.27,-108.9787230197,-88656549.87,-350.8007277869,-559602557.3,-2214.263747688,622935778.75,2464.8638467255,2016-04-29
1310,002058,*ST威尔,3115478.42,-63.0636841246,8680352.81,278.6202194268,-2343207.96,-75.2118180295,-3217467.03,-103.2736099003,2016-04-29
1311,002052,同洲电子,-167499897.58,-237.2213100379,306166615.5,182.7861508714,-49757629.36,-29.7060655433,-421544794.14,-251.6686877009,2016-04-29
1312,001285,瑞立科密,-12770368.09,-209.5206465442,11538226.49,90.3515576739,-5855887.95,-45.8552792584,-18452706.63,-144.4962784154,2016-04-29
1313,001259,利仁科技,-55362010.7,,-89244473.77,-161.2016482812,-3752905.64,-6.7788463471,37635333.35,67.9804307577,2016-04-29
1314,000923,河钢资源,-78577805.98,-839.38719277,-25925049.9,-32.9928401241,39856764.34,50.72267397,-92509520.42,-117.7298338459,2016-04-29
1315,000899,赣能股份,-93688433.86,-157.6520569448,782266777.38,834.9662227772,-26106703.67,-27.8654499754,-849848507.57,-907.1007728018,2016-04-29
1316,000883,湖北能源,-469571700.47,72.425596456,2535550317.18,539.9708531503,-2371904529.01,-505.1208423838,-633217488.64,-134.8500107665,2016-04-29
1317,000869,张裕A,3913342.0,100.6460484193,1070083296.0,27344.4870394665,-982733769.0,-25112.3916335449,-76376438.0,-1951.6934119226,2016-04-29
1318,000852,石化机械,-476611614.55,-7339.9806437773,-243962670.41,-51.1868915826,-111660800.0,-23.4280484552,-124661188.43,-26.1557177006,2016-04-29
1319,000816,智慧农业,1176515750.66,478.1707417989,-30410151.57,-2.5847636594,-430237839.89,-36.5688125848,1636666845.93,139.1113416894,2016-04-29
1320,000801,四川九洲,-337511487.05,-388.7457222149,76664459.17,22.7146222015,-404705768.1,-119.9087389995,-10589301.54,-3.1374640409,2016-04-29
1321,000798,中水渔业,45106600.22,-44.8491185485,-15662680.07,-34.7236989567,78628827.03,174.3177864137,-17570024.99,-38.9522262913,2016-04-29
1322,000788,北大医药,-274474040.18,-352.5003052702,165991410.35,60.4761784543,-255370950.48,-93.0401105739,-185316458.73,-67.5169347923,2016-04-29
1323,000761,本钢板材,4874611555.66,580.5486939645,2868140094.86,58.8383312621,-87273977.73,-1.7903780995,2114091986.89,43.3694451907,2016-04-29
1324,000729,燕京啤酒,126968028.92,-46.6884812575,1202722309.58,947.2639055756,-874652294.18,-688.8760120322,-200892306.97,-158.2227499937,2016-04-29
1325,000709,河钢股份,264729104.05,-82.6451951937,14434257142.75,5452.4632622274,-7855496902.9,-2967.3718464353,-6313163654.85,-2384.7637295133,2016-04-29
1326,000681,视觉中国,139217448.96,75.4224021881,67038970.47,48.1541437304,102244397.24,73.4422286889,-30065935.71,-21.5963846016,2016-04-29
1327,000670,盈方微,194628627.33,2444.961343284,4746135.3,2.438559715,201772425.84,103.6704767474,-11150755.55,-5.7292473892,2016-04-29
1328,000651,格力电器,14247288049.48,80.6038333406,18939165507.73,132.9317231599,-2862137892.25,-20.0890013756,-1864313851.65,-13.0853945339,2016-04-29
1329,000637,茂化实华,76917842.39,306.6072911494,229520095.62,298.3964298638,-81396392.07,-105.8225107996,-71205861.16,-92.5739190641,2016-04-29
1330,000629,钒钛股份,352080747.56,-61.8259468249,1671534927.48,474.7589690899,-3674540258.36,-1043.6640696276,2435081408.13,691.625834416,2016-04-29
1331,000615,*ST美谷,-376352980.43,-800.2519285855,-1396761061.76,-371.1305966447,-214328957.76,-56.9489200046,1234737039.09,328.0795166493,2016-04-29
1332,000612,焦作万方,-218505372.89,-165.6927748896,1643778183.2,752.2827294629,-2328367543.16,-1065.5882335361,466083987.07,213.3055040732,2016-04-29
1333,000571,新大洲A,129135374.96,186.4997565325,-380136162.1,-294.3702778714,-410413907.44,-317.816793088,923892311.75,715.4447896529,2016-04-29
1334,000565,渝三峡A,-11181739.15,89.7898420115,30095631.78,269.1498288082,13770498.27,123.1516679586,-55047869.2,-492.3014967667,2016-04-29
1335,000554,泰山石油,-40484737.69,-377.5980286878,-14406442.73,-35.5848735894,-74146294.96,-183.1462896654,48068000.0,118.7311632548,2016-04-29
1336,000526,学大教育,-42939751.08,-295.5403901188,12630358.24,29.4141393984,-55588345.29,-129.4566081355,18235.97,0.0424687371,2016-04-29
1337,000518,*ST四环,-111944300.17,-98.5784049691,20089635.26,17.9460992918,-123678438.0,-110.4821217446,-8419635.42,-7.5212721034,2016-04-29
1338,000155,川能动力,-138145397.86,-244.0646376544,-59645202.82,-43.1756712449,-26571599.99,-19.2345169666,-53183850.85,-38.4984600818,2016-04-29
1339,000066,中国长城,519068696.46,178.2612801432,2631912246.94,507.0450722398,-1265036363.34,-243.7127054603,-780379067.39,-150.3421556168,2016-04-29
1340,000009,中国宝安,440275089.49,218.5450764435,474634829.06,107.8041525379,-341809899.71,-77.6355301196,308451151.4,70.0587334517,2016-04-29
1341,688226,威腾电气,-5000615.39,-130.7440721555,62456205.66,1248.970392422,-74778413.91,-1495.3842292998,7362866.58,147.2392096925,2016-04-28
1342,688052,纳芯微,1487002.27,,2218915.61,149.2207278204,-726490.74,-48.8560612621,-4392.0,-0.2953593339,2016-04-28
1343,603936,博敏电子,-12624517.19,-695.7618429927,168136519.95,1331.8253476116,-169926302.51,-1346.0023852999,-11500031.58,-91.0928426563,2016-04-28
1344,603838,*ST四通,25932700.97,202.1232759874,89195085.36,343.9483047415,-25488463.36,-98.2869597328,-39216977.78,-151.2259668801,2016-04-28
1345,603616,韩建河山,-51419026.6,-1627.0646618432,16203875.0,31.5133834136,-144024935.61,-280.100470844,76402034.01,148.5870874304,2016-04-28
1346,603611,诺力股份,16591970.72,-76.1557753567,152603184.39,919.7411625495,-13080685.6,-78.8374438501,-119513487.17,-720.3091735567,2016-04-28
1347,603589,口子窖,-55511385.43,-204.1906332623,104913845.31,188.9951844965,-31696748.52,-57.0995450293,-128728482.22,-231.8956394672,2016-04-28
1348,603518,锦泓集团,653105234.87,439.8375926837,109356454.59,16.7440787106,-94909260.53,-14.5320011941,638593248.92,97.7780018938,2016-04-28
1349,603308,应流股份,155497858.47,13.252137123,8228905.3,5.291973395,-253700218.34,-163.1535127469,408210960.7,262.5187026474,2016-04-28
1350,603222,济民健康,-5306232.24,-131.1525633502,77356248.62,1457.8375977754,-36102339.44,-680.3761653674,-46416291.29,-874.7504668209,2016-04-28
1351,601933,永辉超市,165354307.38,-68.4649500951,2016093844.46,1219.2569255706,-1953817597.05,-1181.594618252,103078059.97,62.3376926814,2016-04-28
1352,601699,潞安环能,744703323.34,-22.3915833332,1911826514.82,256.7232419812,-4274273798.58,-573.9565897745,3107150607.1,417.2333477934,2016-04-28
1353,601669,中国电建,5170957150.01,120.8919261112,10515843325.51,203.3635750683,-24846607638.3,-480.5030658251,19513679475.81,377.3707441334,2016-04-28
1354,601616,广电电气,-134156783.24,75.7549168727,36442598.57,27.1641863273,-103523300.37,-77.1659083274,-67492821.44,-50.3089145476,2016-04-28
1355,601369,陕鼓动力,-1209149551.82,-66.6460214848,496235896.23,41.0400761,-1267465969.6,-104.8229284535,-432759368.15,-35.790392305,2016-04-28
1356,601222,林洋能源,-260817966.62,-454.273763734,33201010.44,12.7295718429,-380502468.07,-145.8881353156,86827890.8,33.2906095102,2016-04-28
1357,601166,兴业银行,230007000000.0,279.6761241134,682060000000.0,296.538800993,-566235000000.0,-246.1816379501,114322000000.0,49.7037046699,2016-04-28
1358,601009,南京银行,7975976000.0,218.4472376535,111525691000.0,1398.2701427386,-125037146000.0,-1567.6720441486,21478197000.0,269.2861287446,2016-04-28
1359,601006,大秦铁路,938653013.0,-0.9576085966,17313230619.0,1844.4761140931,-6129334159.0,-652.9925408123,-10245243447.0,-1091.4835732808,2016-04-28
1360,600984,建设机械,-22371475.56,5.0241922643,-76662778.76,-342.6809222056,3948814.69,17.6511141583,51815907.64,231.6159589073,2016-04-28
1361,600981,苏豪汇鸿,847608696.53,450.6947475688,-1372292521.83,-161.9016566781,401367082.84,47.3528745615,1838966791.34,216.9594057811,2016-04-28
1362,600881,亚泰集团,-1847230301.08,-646.5829234139,-5980359762.0,-323.7473832312,-61302892.1,-3.3186382913,4193992170.53,227.0421921987,2016-04-28
1363,600854,春兰股份,419265.37,102.2425970479,41450464.94,9886.4508986278,-12408673.35,-2959.622768272,-28623764.78,-6827.1235423045,2016-04-28
1364,600838,上海九百,-36079705.56,-158.4732641716,-3016525.48,-8.3607264338,83613311.25,231.7461020045,-116676491.33,-323.3853755707,2016-04-28
1365,600834,申通地铁,-248648312.62,-262.6738033176,-293380533.53,-117.9901566347,160002992.5,64.349116555,-115270771.59,-46.3589599203,2016-04-28
1366,600807,济高发展,-293654960.42,-212.7252139154,-6555263.75,-2.2323013855,-125364481.39,-42.6910824904,-160307270.17,-54.5903498244,2016-04-28
1367,600803,新奥股份,99057857.78,-74.1943891457,1209825815.24,1221.3325044106,-582653778.32,-588.1954156671,-528133285.79,-533.1563771174,2016-04-28
1368,600789,鲁抗医药,-80271369.17,-151.4028413922,108564469.32,135.2468139544,-92456822.74,-115.1803235649,-96339972.98,-120.0178519143,2016-04-28
1369,600779,水井坊,-140516721.97,-2217.5361259797,-105887184.06,-75.3555751767,-28831647.17,-20.5183032779,-5797890.74,-4.1261215453,2016-04-28
1370,600774,汉商集团,-4089437.53,-129.5533559999,80435261.24,1966.9027989773,-37373808.31,-913.9107282072,-47156775.45,-1153.1359778468,2016-04-28
1371,600750,华润江中,-105661504.23,56.4201095267,356804768.68,337.6866260614,-259022916.57,-245.1440744267,-203443356.34,-192.5425516347,2016-04-28
1372,600683,京投发展,1137229790.66,69.6297446867,183568068.87,16.1416866123,983525162.48,86.4842946041,-30075759.72,-2.6446510606,2016-04-28
1373,600648,外高桥,639661961.97,320.5109455824,245719411.34,38.4139476706,157459516.63,24.6160512883,228951214.22,35.7925322798,2016-04-28
1374,600629,华建集团,85566337.87,129.6318021978,54674722.18,63.8974666218,-51994620.29,-60.7652747381,82979628.89,96.9769549049,2016-04-28
1375,600615,鑫源智造,1516986.1,100.4024115801,-23421502.61,-1543.949717799,17938488.71,1182.5084428921,7000000.0,461.4412749069,2016-04-28
1376,600612,老凤祥,1844676283.04,102.8933458158,2579291609.85,139.8235361708,-101449837.56,-5.499601122,-631010829.75,-34.207130842,2016-04-28
1377,600594,益佰制药,941709036.25,756.3894222085,541581197.26,57.5104598568,-787926646.22,-83.6698614848,1188054485.21,126.159401628,2016-04-28
1378,600569,安阳钢铁,-56131983.23,97.0749092939,4911475520.96,8749.8699285847,-841835762.57,-1499.7434869183,-4126978604.23,-7352.2764861519,2016-04-28
1379,600549,厦门钨业,342495381.68,522.6229323962,-43823895.11,-12.7954703783,-1009284008.41,-294.6854358909,1392288109.53,406.5129587151,2016-04-28
1380,600527,江南高纤,-20370869.67,-203.6613266219,85275353.9,418.6142039168,-33343261.22,-163.6810885355,-72302962.35,-354.9331153813,2016-04-28
1381,600456,宝钛股份,380522737.58,332.9652375923,260826811.27,68.5443432182,-20780774.94,-5.4611125401,141519240.85,37.1907449605,2016-04-28
1382,600421,*ST华嵘,-93220754.12,-367.537139651,1966645.52,2.1096648901,-1867399.64,-2.0032016021,-93320000.0,-100.1064632881,2016-04-28
1383,600390,五矿资本,-14303238.92,-214.7202399939,-169052252.44,-1181.9158820288,-114347431.0,-799.4513105707,269108459.86,1881.4511969293,2016-04-28
1384,600388,龙净环保,661662623.63,428.2934986023,495332647.96,74.8618148087,108091908.7,16.3364084414,61243183.4,9.2559532929,2016-04-28
1385,600346,恒力石化,48424591.9,-9.9762940683,155947307.41,322.041552218,-95210572.47,-196.6161587208,-4815039.73,-9.9433769931,2016-04-28
1386,600313,农发种业,13441363.05,112.3465080527,349984.72,2.6037889067,80869160.38,601.64404517,-68000454.16,-505.9044525994,2016-04-28
1387,600280,中央商场,-343893141.16,-73.9419130212,-1754880952.08,-510.2983287659,-177663258.1,-51.6623441517,1588651069.02,461.9606729175,2016-04-28
1388,600255,鑫科材料,-197967957.5,-727.9324489406,260847884.44,131.7626790386,-342110072.18,-172.8108308538,-116807825.6,-59.003399881,2016-04-28
1389,600216,浙江医药,-428045868.33,46.0737140142,549899398.98,128.4674002638,-913197358.5,-213.3410052672,-44096270.02,-10.3017627975,2016-04-28
1390,600215,派斯林,-266330968.02,-1093.9757044036,452845546.55,170.0311270284,227942469.13,85.5861677764,-947118983.7,-355.6172948047,2016-04-28
1391,600210,紫江企业,177440243.64,286.1966117635,832436246.92,469.1361045518,-659290259.45,-371.5562185474,1559932.63,0.8791312489,2016-04-28
1392,600207,安彩高科,-27264947.9,-125.6028889787,126992042.58,465.7703475017,1213670.96,4.451396586,-157701968.42,-578.4055373896,2016-04-28
1393,600167,联美控股,222480874.18,-44.3975729403,386898766.8,173.9020346023,-122217892.62,-54.9341120087,-42200000.0,-18.9679225936,2016-04-28
1394,600157,永泰能源,-1368824551.22,79.4776223132,1980054246.75,144.6536186822,-5332143360.2,-389.541768187,1983545486.61,144.9086725426,2016-04-28
1395,600108,亚盛集团,-105157156.07,-161.7859979178,136534729.15,129.838742557,-1005169971.38,-955.874054554,763478086.16,726.035311997,2016-04-28
1396,600105,永鼎股份,120769608.84,899.6399975568,226577727.82,187.6115439938,347034906.61,287.3528447623,-447442096.9,-370.4922961975,2016-04-28
1397,600097,开创国际,68685231.2,439.3804971383,170064316.52,247.5995400304,-46273520.99,-67.3704087204,-54844021.68,-79.8483469034,2016-04-28
1398,600088,中视传媒,51159156.19,126.2736026755,92953144.79,181.6940538362,-21245824.61,-41.5288800525,-20548163.99,-40.1651737837,2016-04-28
1399,600020,中原高速,-973024145.7,-160.9048973464,2541219511.07,261.1671583177,-4657206471.5,-478.6321585216,1142962814.73,117.4650002038,2016-04-28
1400,301598,博科测试,-9738647.49,,-9194857.4,-94.4161641485,-553397.96,-5.6824929803,9607.87,0.0986571288,2016-04-28
1401,301160,翔楼新材,-3466289.31,,23806801.87,686.8094305146,-8975702.06,-258.9426691565,-18297389.12,-527.8667613581,2016-04-28
1402,300925,法本信息,4692209.61,399.8373534586,-1456070.44,-31.0316580252,-1180739.41,-25.1638248957,7329019.46,156.1954829209,2016-04-28
1403,300836,佰奥智能,-1369798.56,,574470.03,41.9382854367,-1466561.13,-107.0639999797,-390387.71,-28.4996437724,2016-04-28
1404,300439,美康生物,10948951.89,-68.956144766,116510814.69,1064.1275608893,-91373190.18,-834.5382379792,-14204964.31,-129.7381197096,2016-04-28
1405,300300,海峡创新,-74612811.33,-984.3349268615,-131802340.49,-176.6484041287,-31610814.99,-42.3664708869,88800344.15,119.0148750156,2016-04-28
1406,300199,翰宇药业,252140692.41,249.3492825854,153425926.23,60.8493316821,-85164044.79,-33.7763983973,184100000.0,73.014791163,2016-04-28
1407,300029,*ST天龙,26706739.23,124.1759501335,40514716.59,151.7022210802,148108018.58,554.5717030615,-161859956.06,-606.064089914,2016-04-28
1408,003017,大洋生物,-1558405.94,-106.985505617,57730232.71,3704.4412645142,-48064259.04,-3084.1937781628,-11224379.61,-720.2474863513,2016-04-28
1409,002798,帝欧水华,-43099888.2,-467.4422178563,27177513.85,63.05704025,-38901610.15,-90.2591903939,-31370078.24,-72.78459307,2016-04-28
1410,002514,宝馨科技,-8951302.57,80.1185701633,-8954063.87,-100.0308480244,-176673321.37,-1973.7163389171,176236840.73,1968.8401699285,2016-04-28
1411,002476,宝莫股份,32075199.32,128.7285247136,-106427237.21,-331.8053806875,32627031.8,101.7204335178,113121755.85,352.6767042706,2016-04-28
1412,002278,神开股份,-287034200.34,-4493.9908979481,25105057.9,8.7463646737,-258070301.48,-89.9092516412,-54576853.68,-19.0140595146,2016-04-28
1413,002237,恒邦股份,166618036.4,165.4401453737,1573462579.35,944.3530924663,-245042012.12,-147.0681190431,-1161997492.54,-697.4019845909,2016-04-28
1414,002225,濮耐股份,16027489.15,197.6103350169,146514409.79,914.1444952405,-8372342.06,-52.2373902839,-123255714.33,-769.0269709526,2016-04-28
1415,000966,长源电力,-21825013.08,82.7129529431,2085198399.79,9554.1679271699,-337292781.44,-1545.441371346,-1769730631.43,-8108.7265558239,2016-04-28
1416,000935,四川双马,34454367.39,-81.8209329128,720055768.98,2089.8824257298,-88418620.81,-256.6252916768,-597199397.19,-1733.3053613497,2016-04-28
1417,000930,中粮科技,29185411.72,129.8382247786,206776195.43,708.4916170235,-122589445.7,-420.0367186048,-52863898.66,-181.1312417559,2016-04-28
1418,000876,新希望,137989259.7,-7.0043075229,1343951250.37,973.953518768,-1024159198.69,-742.2021111763,-154761493.39,-112.1547385111,2016-04-28
1419,000863,三湘印象,1518956474.59,507.7233695158,-1425465822.8,-93.8450736835,155029223.5,10.2062979482,2789393379.79,183.6387958742,2016-04-28
1420,000825,太钢不锈,101268507.6,19.2552075511,5421387601.89,5353.4783225047,-3896335107.76,-3847.5289111104,-1385196986.8,-1367.8457593859,2016-04-28
1421,000820,*ST节能,-20479799.42,-27.0394214437,-33847960.32,-165.274862443,3921516.11,19.1482154174,9446644.79,46.1266470255,2016-04-28
1422,000782,恒申新材,39854999.89,-33.6003578083,256752135.98,644.2156233563,-268666684.63,-674.1103634965,51628528.27,129.5409068185,2016-04-28
1423,000705,浙江震元,-44493510.14,65.2061882367,81407567.93,182.9650384379,-102777559.25,-230.9944954368,-23160995.84,-52.0547733077,2016-04-28
1424,000692,惠天热电,58825284.02,120.0926796351,148691731.63,252.7684041091,-82705844.21,-140.5957414194,-7160603.4,-12.1726626897,2016-04-28
1425,000672,上峰水泥,92511177.71,301.773847255,799989009.89,864.7484873642,-398156392.16,-430.3873348236,-309321440.02,-334.3611525406,2016-04-28
1426,000607,华媒控股,243648068.48,206.6992411062,63752796.06,26.1659353418,-4931983.8,-2.0242244606,184702949.48,75.8072701468,2016-04-28
1427,000568,泸州老窖,-661737192.93,58.4485721623,1307110085.84,197.527069629,-143280511.97,-21.6521775564,-1824599951.11,-275.7287894052,2016-04-28
1428,000426,兴业银锡,-760297115.89,-196.9268584903,-195890662.82,-25.7650145878,-116663280.31,-15.3444328371,-447743172.76,-58.8905525751,2016-04-28
1429,000410,沈阳机床,-519919480.29,-155.7720241039,-1643096495.53,-316.0290309979,-308424463.32,-59.3215824781,1432152326.4,275.4565621587,2016-04-28
1430,000409,云鼎科技,-26151558.06,-257.2085890296,-82545616.68,-315.6432075313,-442841607.99,-1693.3660586263,499235666.61,1909.0092661577,2016-04-28
1431,000153,丰原药业,-141035808.94,-157.9940956963,10510497.35,7.4523608075,-164878547.51,-116.905450289,13359670.69,9.472538067,2016-04-28
1432,688410,山外山,33905143.14,,-217688.25,-0.6420508213,-3511502.86,-10.3568442271,37634333.34,110.9988923645,2016-04-27
1433,688287,*ST观典,1614046.57,190.9930203489,10166389.31,629.8696393872,-38231638.82,-2368.682510815,29679296.08,1838.8128714279,2016-04-27
1434,605111,新洁能,4504641.38,,9569568.74,212.4379708113,-4971417.83,-110.3621223228,-118000.01,-2.6195206243,2016-04-27
1435,603999,读者传媒,108245098.28,-27.9322997833,118777637.5,109.7302689797,33337306.51,30.7979825782,-43866978.77,-40.5256029761,2016-04-27
1436,603339,四方科技,93905458.33,55.2065160542,122281951.22,130.2181506748,-19852888.41,-21.1413572364,-9306000.0,-9.9099670727,2016-04-27
1437,603009,北特科技,-853147.88,-107.0778029642,157949428.07,18513.7221544757,-176060211.88,-20636.5409804453,17264174.03,2023.5851761127,2016-04-27
1438,601908,京运通,-262408280.06,74.8145081662,-324535104.75,-123.6756342734,-163643776.21,-62.3622761342,227158413.96,86.5667858911,2016-04-27
1439,601368,绿城水务,38996254.0,-84.8035817673,515555349.0,1322.0637782285,-441650674.0,-1132.5464081755,-34948444.0,-89.620002988,2016-04-27
1440,601169,北京银行,83027000000.0,347.5366537301,124487000000.0,149.9355631301,-54539000000.0,-65.6882700808,12971000000.0,15.6226287834,2016-04-27
1441,601003,柳钢股份,2063025015.52,353.4054944027,3047360946.79,147.7132329402,-98571729.18,-4.7780190952,-887021081.01,-42.9961379206,2016-04-27
1442,600821,金开新能,10574830.61,119.7261077451,139534971.28,1319.5007695731,67398662.62,637.3498082916,-196358803.29,-1856.8505778647,2016-04-27
1443,600817,宇通重工,61657102.03,47.9255760258,14587618.42,23.6592670426,273939115.88,444.2945043812,-226870006.4,-367.9543782152,2016-04-27
1444,600815,厦工股份,-231543112.65,46.7369780634,-296324705.19,-127.9781988756,164988909.65,71.2562372345,-100986096.46,-43.6143814878,2016-04-27
1445,600698,湖南天雁,44655420.57,135.8126773004,65176134.87,145.9534677718,-60064490.07,-134.5066048048,39543775.77,88.553137033,2016-04-27
1446,600637,东方明珠,1511919482.76,418.9386363723,2582917086.43,170.8369470651,-442030854.93,-29.2364018038,-629221558.37,-41.6173986475,2016-04-27
1447,600596,新安股份,3080312.0,106.2962553436,378598986.06,12290.9298168497,-751155183.83,-24385.6850809269,395402611.85,12836.4468225946,2016-04-27
1448,600580,卧龙电驱,-285828133.28,-213.4444668315,642922207.66,224.9331443627,-466252118.94,-163.1232424848,-413553695.64,-144.6861408967,2016-04-27
1449,600573,惠泉啤酒,60102387.04,45.513604684,83274396.83,138.554225433,-16922009.79,-28.1553040127,-6250000.0,-10.3989214203,2016-04-27
1450,600429,三元股份,122084551.28,175.6942944977,73852519.71,60.4929280042,-220744916.24,-180.8131445999,269077340.3,220.4024485317,2016-04-27
1451,600376,首开股份,-1398953400.61,13.6738442357,3290204165.32,235.1904047615,-1810750960.59,-129.4361170144,-2878412033.4,-205.7546757558,2016-04-27
1452,600250,南京商旅,-95489409.71,-143.7250865767,249090617.89,260.8567993524,145724740.46,152.60827447,-490388222.38,-513.5524702365,2016-04-27
1453,600201,生物股份,236778332.66,-41.2732527814,585186590.74,247.1453296279,-197419320.01,-83.3772743444,-150988938.07,-63.7680552835,2016-04-27
1454,600060,海信视像,74974651.25,-94.4604614026,954527626.88,1273.1338005123,-394204601.74,-525.7838418288,-487395646.03,-650.0805777739,2016-04-27
1455,301600,慧翰股份,3289077.16,227.1428315967,6073190.38,184.6472455514,-2788811.96,-84.7901044681,0.0,0.0,2016-04-27
1456,301577,美信科技,-449783.68,,11603375.18,2579.7679408911,-688261.99,-153.020667624,-11433693.07,-2542.0426703788,2016-04-27
1457,301558,三态股份,1390922.46,197.5745049182,3539391.19,254.4635874238,-2148468.73,-154.4635874238,0.0,0.0,2016-04-27
1458,301382,蜂助手,-5222352.83,,8253112.7,158.0343758581,-13234732.03,-253.4247007206,-240733.5,-4.6096751376,2016-04-27
1459,301265,华新环保,-9941316.95,-39.0876870072,-33981062.24,-341.8165059107,-32021112.68,-322.1013155606,56060857.97,563.9178214713,2016-04-27
1460,301221,光庭信息,42420068.78,34.3163098957,18767420.03,44.2418425282,-6852577.14,-16.1540924781,32561504.32,76.7596688465,2016-04-27
1461,301218,华是科技,-8054489.35,,9226457.41,114.550494874,-5831292.45,-72.398040355,-11449654.31,-142.152454519,2016-04-27
1462,301115,联检科技,-29624491.36,-54.6969217412,19821133.83,66.9079296219,-11885456.46,-40.1203730912,-37560168.73,-126.7875565307,2016-04-27
1463,300988,津荣天宇,7477896.11,3.438203917,37178221.68,497.1748889408,-25263931.16,-337.8481164805,-4436394.41,-59.3267724603,2016-04-27
1464,300461,田中精机,28399747.77,431.6753398027,54832165.76,193.0727209413,-11250348.7,-39.6142557008,-14916008.63,-52.5216236102,2016-04-27
1465,300342,天银机电,-5685294.12,83.9021888816,103194149.73,1815.106616331,-58401112.09,-1027.2311485971,-50306347.31,-884.8503920497,2016-04-27
1466,300326,ST凯利,73123309.0,161.5337244769,71462771.41,97.7291268506,-182517017.26,-249.6016930251,184226148.13,251.9390200599,2016-04-27
1467,300274,阳光电源,-78430790.54,-144.5023528502,10336629.45,13.1793003473,-96215992.74,-122.6763010771,17377225.21,22.1561265548,2016-04-27
1468,300270,中威电子,-25635047.63,64.100325856,27419568.49,106.9612543177,-80142916.12,-312.6302602466,27088300.0,105.6690059288,2016-04-27
1469,300179,四方达,-200602253.07,-215.4894305416,38587389.68,19.2357708298,-233508199.97,-116.4035779242,-5680299.37,-2.831622917,2016-04-27
1470,300082,奥克股份,-408069066.5,9.4273183824,-475169206.15,-116.4433291221,-477337925.23,-116.9747879505,544458705.14,133.4231751036,2016-04-27
1471,300055,万邦达,-226422088.29,-177.4830606987,-43142759.27,-19.0541300965,-232922120.99,-102.8707590982,49642791.97,21.9248891947,2016-04-27
1472,002617,露笑科技,-80252498.85,-468.0850461074,251056292.66,312.8329911935,-171659730.2,-213.8995453847,-159649061.31,-198.9334458088,2016-04-27
1473,002392,北京利尔,12224330.0,101.6562390094,-15057836.52,-123.1792377987,159837067.05,1307.5323314243,-132471846.07,-1083.6736743036,2016-04-27
1474,002327,富安娜,249611400.7,824.4061558797,435767496.19,174.578362594,-223724905.7,-89.6292817846,37568810.21,15.0509191906,2016-04-27
1475,002054,德美化工,-39249257.03,-188.6055420374,181965782.5,463.6158650364,-136827516.29,-348.6117359761,-84387523.24,-215.0041290603,2016-04-27
1476,002048,宁波华翔,-104297859.0,-217.5041480886,465301000.75,446.1270875656,-569768578.45,-546.2898125742,5833066.62,5.592700249,2016-04-27
1477,002036,联创电子,145675995.11,2232.5913820878,6897854.41,4.7350659282,-133967468.82,-91.9626248091,272864519.85,187.3091854591,2016-04-27
1478,001299,美能能源,-6578021.68,,58778363.79,893.5568572039,-70832225.75,-1076.8013423452,5475840.28,83.2444851413,2016-04-27
1479,000990,诚志股份,73231957.43,9.2115386615,-142259059.72,-194.2581691278,-32625973.5,-44.5515518702,248081442.45,338.7611790756,2016-04-27
1480,000959,首钢股份,-31231389.61,69.6126711082,3105728791.27,9944.2542584643,-2678001933.82,-8574.7127081484,-458958247.06,-1469.5415503159,2016-04-27
1481,000886,海南高速,-252831442.19,-3.1588234897,-98567925.74,-38.9856280873,-105815201.05,-41.8520735133,-48448315.4,-19.1622983994,2016-04-27
1482,000686,东北证券,5466470370.97,626.7381334062,2327123644.17,42.5708635782,124398125.23,2.2756571753,3015181765.57,55.1577445948,2016-04-27
1483,000680,山推股份,-357889994.5,-5.2182924231,578116984.8,161.5348273728,13057733.04,3.6485325772,-951042943.19,-265.7361082471,2016-04-27
1484,000678,襄阳轴承,-126122291.15,-182.3779990705,16047760.13,12.7239681294,-176870016.19,-140.2369197208,39741682.96,31.5104353066,2016-04-27
1485,000668,*ST荣控,112923817.98,-46.5672391641,160937735.2,142.518857473,-186226332.13,-164.9132445761,138212414.91,122.3943871031,2016-04-27
1486,000657,中钨高新,-987771122.77,-197.202914767,1116998980.51,113.0827734038,-820657729.28,-83.0817696896,-1278920679.11,-129.4754067646,2016-04-27
1487,000601,韶能股份,-13229693.09,-114.663686153,759682089.21,5742.250285339,-388550936.61,-2936.9610766231,-384590897.76,-2907.0281157974,2016-04-27
1488,000558,天府文旅,-213353999.8,-657.0969805417,-119903593.9,-56.1993653798,14367898.03,6.7342998226,-107818145.61,-50.5348602375,2016-04-27
1489,000544,中原环保,19109693.74,226.7166901358,167216477.5,875.0348371622,-342464037.52,-1792.0958973987,194357253.76,1017.0610602365,2016-04-27
1490,000420,吉林化纤,-30197385.74,-148.3472034459,-61087076.61,-202.2925995514,-313116454.41,-1036.8992107659,343771590.62,1138.4150720194,2016-04-27
1491,000408,藏格矿业,-2259969.98,35.8666740343,639311.64,28.2885014251,-2811981.62,-124.4256182553,-87300.0,-3.8628831698,2016-04-27
1492,000403,派林生物,27636066.29,226.2312586666,77039221.86,278.7633415392,6643134.61,24.0379167581,-56046290.18,-202.8012582973,2016-04-27
1493,000166,申万宏源,45889729555.67,1820.260760095,37934243999.13,82.6639083874,-3768123381.03,-8.2112564565,11722780186.79,25.5455421078,2016-04-27
1494,000036,华联控股,-1018148154.11,-17919.9905236649,-1794265905.83,-176.2283709485,364006556.63,35.7518260148,412111837.93,40.4766080719,2016-04-27
1495,000008,神州高铁,36286351.59,-5.0609495211,68698054.36,189.3220215033,-59408576.99,-163.7215492515,27000000.0,74.4081419512,2016-04-27
1496,688798,艾为电子,-17076324.17,-355.765003053,9736150.45,57.0154932237,-16636847.49,-97.4263976508,-10174127.31,-59.5803125351,2016-04-26
1497,688695,中创股份,-16122595.52,-21.7091759316,8514093.09,52.8084518367,-12026710.08,-74.5953718499,-12609978.53,-78.2130799868,2016-04-26
1498,688657,浩辰软件,10072103.48,173.7114575552,9349500.22,92.825696624,-594411.9,-5.9015666507,1318189.6,13.0875303517,2016-04-26
1499,688596,正帆科技,-4661125.48,92.2085588579,47031664.37,1009.0194862122,-27911135.29,-598.8067776712,-23792694.86,-510.4495676439,2016-04-26
1500,688500,慧辰股份,-6497888.88,-118.7981528104,-8400190.65,-129.2756894605,-3343415.29,-51.4538698914,5250000.0,80.7954721442,2016-04-26
1501,603997,继峰股份,-26260974.58,54.3160917823,140606213.15,535.418869249,-154677292.61,-589.0005800767,-8765725.83,-33.3792860707,2016-04-26
1502,603567,珍宝岛,-99572025.8,-119.414474791,386323632.48,387.9841043467,-69595158.21,-69.8942877288,-416300500.07,-418.089816618,2016-04-26
1503,603355,莱克电气,307989602.14,1048.4755961747,484186760.37,157.2088008834,-88528841.9,-28.7441008673,-91056510.89,-29.5648003236,2016-04-26
1504,603309,维力医疗,18774361.68,58.726402395,107343451.31,571.7555309715,-54136397.81,-288.3528011909,-34292075.66,-182.6537500688,2016-04-26
1505,603116,红蜻蜓,73026740.16,-24.0312955957,607512560.27,831.9042571789,-61601557.01,-84.3547950724,-472884263.1,-647.5494621065,2016-04-26
1506,603088,宁波精达,79174481.9,337.1223382175,28078600.85,35.4642053553,-9382134.86,-11.849947906,60478015.91,76.3857425507,2016-04-26
1507,603017,中衡设计,355366846.86,2397.079057436,90266681.45,25.4009855583,-110098334.64,-30.9815998912,375198500.0,105.5806143188,2016-04-26
1508,603015,弘讯科技,-32648406.05,-232.7435860993,54044489.65,165.5348489823,-24541105.66,-75.1678523675,-61130111.95,-187.2376613314,2016-04-26
1509,603001,奥康国际,-201454013.17,77.0476060036,145585310.96,72.2672676851,-246242053.61,-122.2323892859,-101477454.18,-50.3725155847,2016-04-26
1510,601900,南方传媒,-52967117.98,37.2644800647,518665840.87,979.2223187711,-616996548.28,-1164.8671323083,45362632.21,85.6430063405,2016-04-26
1511,601890,亚星锚链,-272999538.64,23.0460905006,97680410.36,35.7804305629,-337465153.13,-123.613818108,-30317560.96,-11.1053524526,2016-04-26
1512,601798,蓝科高新,-68212642.57,64.7374624648,73517434.62,107.7768458311,-108297945.38,-158.7652102304,-32270975.17,-47.3093754386,2016-04-26
1513,601789,宁波建工,-33600428.79,87.8565784186,-601513688.59,-1790.1964654958,-118642626.45,-353.0985488058,686555886.25,2043.2950143015,2016-04-26
1514,601677,明泰铝业,-67058861.33,86.1979172155,812819912.24,1212.099185878,-280169493.89,-417.7963781867,-600688762.52,-895.7634391732,2016-04-26
1515,601666,平煤股份,310673511.22,400.9703089684,-2542751034.35,-818.4640603458,-319805980.51,-102.9395712734,3173230526.08,1021.4036316192,2016-04-26
1516,601567,三星医疗,-20432046.22,97.094900854,399766868.52,1956.5679531827,-1611902788.22,-7889.0913365406,1191703873.56,5832.5233837495,2016-04-26
1517,601566,九牧王,-852298711.92,13.8881295569,473586366.71,55.5657729017,-877272213.71,-102.9301348742,-448627011.0,-52.6372977837,2016-04-26
1518,601208,东材科技,-4401378.28,99.0988422,90089638.01,2046.850606306,-355962265.01,-8087.5180992169,261466580.46,5940.5614293166,2016-04-26
1519,601188,龙江交通,81285747.07,396.9149935029,320068196.62,393.7568493335,-66513534.14,-81.8268104035,-172268915.41,-211.93003893,2016-04-26
1520,601098,中南传媒,1515066345.07,102.6578740989,1534733870.59,101.2981296551,72707911.74,4.798991937,-92379682.9,-6.0974018201,2016-04-26
1521,601015,陕西黑猫,658393908.15,555.6940009593,-915719201.25,-139.0837901011,-619702133.42,-94.1233091238,2193815242.82,333.2070992249,2016-04-26
1522,600998,九州通,-119406711.5,-115.3510254578,-171679532.74,-143.7771215565,-1025095616.79,-858.4907865836,1077368438.03,902.2679081402,2016-04-26
1523,600892,*ST大晟,10558276.13,25.8011068411,108298123.98,1025.7178600613,-12562454.39,-118.9820595268,-85177393.46,-806.7358005345,2016-04-26
1524,600882,妙可蓝多,-12183976.9,68.5791637153,356324515.55,2924.5337419345,-108988894.98,-894.5264413625,-259065091.53,-2126.2769427115,2016-04-26
1525,600866,星湖科技,181990417.95,3899.4799538737,-20224407.2,-11.1128967271,197898579.01,108.7412080478,4316246.14,2.3716886793,2016-04-26
1526,600863,华能蒙电,-55345782.19,56.5466603236,4343607502.89,7848.1274110077,-3168324244.46,-5724.5992722323,-1230629163.07,-2223.5283600208,2016-04-26
1527,600851,海欣股份,275058872.53,2499.3586249792,31335340.67,11.3922304639,491200277.7,178.5800520383,-247499952.51,-89.9807194851,2016-04-26
1528,600850,电科数字,73647481.89,12.5219885968,278249189.74,377.8122246672,-98095537.66,-133.1960511651,-105694279.15,-143.5137718732,2016-04-26
1529,600809,山西汾酒,-193009006.51,87.2875532489,416261349.57,215.6693913392,-297823727.36,-154.3056113004,-311446628.72,-161.3637800389,2016-04-26
1530,600802,福建水泥,-120487758.36,-98.187323501,295225962.66,245.0256911394,-266566591.32,-221.2395640423,-149147129.7,-123.7861270971,2016-04-26
1531,600792,云煤能源,-259790447.27,-317.8583472025,288624505.74,111.0989679463,-768363584.4,-295.7628321112,219948631.39,84.6638641649,2016-04-26
1532,600760,中航沈飞,18107693.77,114.5270831809,65043973.9,359.2062839485,75759542.88,418.3831681841,-122695823.01,-677.5894521326,2016-04-26
1533,600758,辽宁能源,713339290.68,1159.6875481462,1152042206.61,161.4998951637,-292475417.82,-41.0008843816,-146228504.07,-20.4991518034,2016-04-26
1534,600743,华远控股,-105487245.76,-180.6926376614,-1503104222.37,-1424.9156014461,-46751327.91,-44.3194128097,1444368304.52,1369.2350142558,2016-04-26
1535,600704,物产中大,-1090083624.77,-60.5744804806,177138918.58,16.2500302321,799221077.06,73.317409683,-1951693437.41,-179.0407078009,2016-04-26
1536,600623,华谊集团,326341527.15,57.9102739074,858810852.08,263.1632141886,-996627899.81,-305.3941398491,454295884.82,139.2087267555,2016-04-26
1537,600619,海立股份,186590399.03,126.0816065276,463092893.48,248.1868820086,-295646689.1,-158.4468925716,12318692.79,6.6019971306,2016-04-26
1538,600608,*ST沪科,-1677241.74,-138.3194847515,-7812672.98,-465.8048266793,18577416.99,1107.6171399121,-12082788.0,-720.3963335661,2016-04-26
1539,600606,绿地控股,6434818575.5,5251.1818715433,-52984365067.94,-823.4010710057,-2227463073.54,-34.6157867142,61639908587.86,957.9121441364,2016-04-26
1540,600601,方正科技,-206316383.11,17.3878951373,825869113.24,400.2925510766,-2127977005.23,-1031.414458296,1091727777.63,529.1522472299,2016-04-26
1541,600589,大位科技,355197221.07,46.2109275967,242209338.03,68.1900993764,44556669.74,12.5442056122,68431213.3,19.2656950113,2016-04-26
1542,600559,老白干酒,-13629668.25,-14.1560020443,8913018.61,65.3942447205,-85495666.04,-627.276207108,62952979.18,461.8819623875,2016-04-26
1543,600550,保变电气,-349861407.4,-343.6008133732,628517338.27,179.6475189821,447588317.58,127.9330352285,-1423935200.8,-406.9997921125,2016-04-26
1544,600497,驰宏锌锗,-139597327.84,-243.8298843962,884152669.05,633.3593076104,-2300148395.97,-1647.7023103238,1278021515.96,915.5057161444,2016-04-26
1545,600476,湘邮科技,29860056.42,156.0553214216,-4955868.63,-16.5969834762,52466371.52,175.7075431541,-17650446.47,-59.1105596779,2016-04-26
1546,600398,海澜之家,1583527921.18,9.1578535834,1923411728.92,121.4637079141,513325789.36,32.4165922491,-853519688.92,-53.8998825031,2016-04-26
1547,600262,北方股份,24335997.66,-83.3631142641,171281476.23,703.8194144452,-1965099.47,-8.0748671061,-141388744.66,-580.9860217582,2016-04-26
1548,600243,*ST海华,-129914137.34,-207.1756834876,-60454003.89,-46.5338146624,-55371570.79,-42.6216668361,-14088565.06,-10.844520349,2016-04-26
1549,600239,云南城投,2160255283.83,177.2027561616,-2566711173.14,-118.8151785741,-1403490732.33,-64.9687443348,6130457189.3,283.7839229089,2016-04-26
1550,600143,金发科技,-297644160.46,38.8155491056,1004148976.89,337.3655896148,-876955903.03,-294.6323225944,-410264146.63,-137.837122689,2016-04-26
1551,600137,浪莎股份,56754802.27,250.4032326402,58428033.81,102.9481761421,-1671582.66,-2.9452708725,0.0,0.0,2016-04-26
1552,600123,兰花科创,-121858117.4,88.2781969081,81420955.45,66.8161934447,-1030515001.0,-845.6679152668,827235928.15,678.8517218222,2016-04-26
1553,600103,青山纸业,51924318.74,338.2351525822,122151045.57,235.2482392338,267861482.45,515.869035839,-337483215.44,-649.9521296175,2016-04-26
1554,301396,宏景科技,-35490404.26,,-25966546.03,-73.1649767632,-1028148.23,-2.8969752569,-8495710.0,-23.9380479798,2016-04-26
1555,301113,雅艺科技,-5812955.12,-184.6074346863,-1244177.75,-21.4035327009,-2079402.09,-35.7718586687,-2408051.55,-41.4256002376,2016-04-26
1556,301070,开勒股份,4152507.04,113.019698828,7372213.56,177.5364494024,-2343707.57,-56.4407849866,-879556.61,-21.181339406,2016-04-26
1557,300976,达瑞电子,-584029.04,51.4211291544,-1162426.97,-199.0358167806,-7080912.13,-1212.424664705,7690792.48,1316.8510387771,2016-04-26
1558,300926,博俊科技,2302150.24,,29719547.87,1290.947365364,-35806956.81,-1555.3701138984,8385052.34,364.2269819888,2016-04-26
1559,300920,润阳科技,-5535071.91,-494.6220303688,-4608795.39,-83.2653209378,-565476.54,-10.2162455916,-360799.98,-6.5184334705,2016-04-26
1560,300499,高澜股份,27197509.07,1440.3825832745,71093997.15,261.3989279938,-60703354.34,-223.1945366164,17058916.1,62.7223473153,2016-04-26
1561,300497,富祥药业,-2330380.17,-8.6555452965,31389547.2,1346.9710909873,-49787720.3,-2136.4634380664,16067792.93,689.4923470791,2016-04-26
1562,300483,首华燃气,2080773.95,-74.2272776822,21225304.05,1020.0677517133,-1959996.94,-94.1955727579,-17206898.96,-826.9470578484,2016-04-26
1563,300478,杭州高新,-13287597.41,-141.3548780368,13032286.83,98.0785798055,-38326001.15,-288.434394627,12006116.84,90.3558142946,2016-04-26
1564,300471,厚普股份,30516200.56,172.3031610201,135716577.17,444.7361554829,-76749482.6,-251.5040574894,-28293733.33,-92.7170906298,2016-04-26
1565,300464,星徽股份,1116695.51,112.6645118999,56169744.93,5029.9964875833,-57181692.67,-5120.6163325578,2058511.26,184.3395304777,2016-04-26
1566,300463,迈克生物,68407247.6,484.2888973782,115090084.07,168.2425300064,-158921600.51,-232.3169051316,112248775.78,164.0890106211,2016-04-26
1567,300459,汤姆猫,103486195.99,373.5680035348,103131278.2,99.6570385194,-15681691.19,-15.1534134963,21722106.27,20.9903418153,2016-04-26
1568,300456,赛微电子,35000819.59,614.6620428492,29672940.0,84.7778433408,-43060848.63,-123.0281151539,48388728.22,138.2502718131,2016-04-26
1569,300447,全信股份,-19112200.06,-186.7627391061,39942553.56,208.9898255282,-11650186.95,-60.9568072405,-47404566.67,-248.0330182877,2016-04-26
1570,300446,航天智造,3754254.2,-94.0087958012,98431051.84,2621.8536784217,-31284988.97,-833.3210087372,-63184575.51,-1683.0127142163,2016-04-26
1571,300445,康斯特,24960194.79,346.2370734758,40886926.0,163.8085213036,-10622703.22,-42.5585750006,-5299475.67,-21.2317079838,2016-04-26
1572,300409,道氏技术,275444738.15,4157.1647171806,48027279.67,17.436266887,-29971503.14,-10.8811311268,257388961.62,93.4448642398,2016-04-26
1573,300407,凯发电气,258441469.23,1008.742775468,43874742.71,16.9766650997,-31011854.64,-11.9995659878,245578581.16,95.022900888,2016-04-26
1574,300405,科隆股份,212798018.89,1126.2245843639,8612540.63,4.0472842158,-101723302.68,-47.8027489215,305917680.76,143.759646991,2016-04-26
1575,300404,博济医药,-21908568.75,-154.0264759075,25687786.48,117.2499526241,-22596355.23,-103.1393492101,-25000000.0,-114.110603414,2016-04-26
1576,300399,天利科技,202274671.66,319.8857941975,129100075.14,63.8241427266,-48792319.18,-24.1218135615,121966915.7,60.2976708349,2016-04-26
1577,300385,雪浪环境,116235371.04,711.4454368499,-38506077.07,-33.1276759608,-81851108.51,-70.4184171975,236536406.26,203.4977856943,2016-04-26
1578,300364,中文在线,-57189998.88,-583.3657723414,38325953.08,67.0151317198,-140729977.22,-246.0744535339,45214026.65,79.0593242446,2016-04-26
1579,300337,银邦股份,-17657025.8,51.0297311885,-108874512.46,-616.6073136734,-74152539.35,-419.9605312351,165365552.61,936.5425099509,2016-04-26
1580,300329,海伦钢琴,-42204127.81,10.3541068371,5160201.73,12.2267702184,-25214679.99,-59.7445825762,-21690943.61,-51.3953130548,2016-04-26
1581,300323,华灿光电,-17495635.44,92.2371637255,-129926870.54,-742.6244733184,-621675585.58,-3553.3181273238,733224307.02,4190.898407403,2016-04-26
1582,300321,同大股份,-11550598.72,84.4726816615,108524629.98,939.5584818654,-61983906.72,-536.6293836585,-58674801.21,-507.980604576,2016-04-26
1583,300305,裕兴股份,-6776816.27,-115.0213373986,5488631.16,80.991293571,1836911.22,27.1058140993,-14112000.0,-208.2393772791,2016-04-26
1584,300302,同有科技,8935587.45,112.4286441133,29946143.05,335.1334561669,-18010555.6,-201.5598381279,-3000000.0,-33.573618039,2016-04-26
1585,300292,吴通控股,184631149.28,695.7211833304,124910161.87,67.6538939161,-227547182.2,-123.2441996312,287484475.03,155.7074611468,2016-04-26
1586,300288,朗玛信息,-70519729.36,-319.8731412786,45967103.36,65.1833235566,-124387832.72,-176.3872803383,7901000.0,11.2039567816,2016-04-26
1587,300279,和晶科技,-35741261.9,56.1505592788,43104614.88,120.6018271,-217139290.69,-607.5311255029,138080228.91,386.3328309345,2016-04-26
1588,300275,梅安森,-134350248.56,-168.5549428654,-49568795.49,-36.8952019228,-71464802.96,-53.1929071408,-13316650.11,-9.9118909364,2016-04-26
1589,300272,开能健康,-91830568.78,24.7144236598,80250326.17,87.3895558267,-370576876.4,-403.5441371247,198362292.3,216.0089988936,2016-04-26
1590,300266,兴源环境,-36031911.96,32.1417523108,91745196.16,254.6220590843,-131040332.35,-363.6785427747,3705434.76,10.2837583643,2016-04-26
1591,300264,佳创视讯,-17569171.25,-144.5642832292,11286071.21,64.2379259067,-33096172.93,-188.3764035256,4195958.96,23.882509313,2016-04-26
1592,300260,新莱应材,-34324706.61,41.2065495282,-19094553.01,-55.6291805403,-32823714.74,-95.627080263,17525575.59,51.0581948715,2016-04-26
1593,300252,金信诺,50937636.99,221.7362266404,45439746.17,89.2066237366,-99629455.72,-195.5910434941,105056191.49,206.2447292375,2016-04-26
1594,300226,上海钢联,-36348264.41,-331.6616035429,-430370798.64,-1184.0202156161,-40080916.99,-110.2691356536,434103451.22,1194.2893512697,2016-04-26
1595,300220,金运激光,-31014732.22,49.2391641312,11462049.91,36.9567914651,-38597128.6,-124.4477247981,-3866092.11,-12.4653409308,2016-04-26
1596,300206,理邦仪器,-210804949.82,-47.707493031,7986949.15,3.7887863434,-184132805.77,-87.3474773373,-35724726.66,-16.9468158554,2016-04-26
1597,300201,海伦哲,-30052181.17,-514.3652403499,35238641.53,117.2581827943,-90508466.88,-301.1710410236,25218312.51,83.9150821278,2016-04-26
1598,300194,福安药业,-42860130.66,79.9323688713,-31268073.24,-72.95375156,23702068.52,55.3009712173,-35286617.33,-82.3297007886,2016-04-26
1599,300183,东软载波,46150300.06,-67.8033446879,248823048.08,539.158028781,-93757752.32,-203.1574056899,-108914995.7,-236.0006230911,2016-04-26
1600,300180,华峰超纤,-85494626.36,-6.7300789979,121831346.43,142.5017590193,-191507306.12,-223.9992316167,-15818666.67,-18.5025274026,2016-04-26
1601,300169,天晟新材,-35473617.32,-559.4661267747,141646219.62,399.3001850988,-158915093.29,-447.9810780402,-17832327.17,-50.2692663371,2016-04-26
1602,300168,万达信息,-124437742.65,-229.5836402564,-100319320.99,-80.6180816637,-607070131.74,-487.8504855617,582952559.71,468.4692500005,2016-04-26
1603,300158,振东制药,-141477394.36,28.1471586729,73228987.59,51.7602037564,-153600831.54,-108.5691691134,-61105550.41,-43.191034643,2016-04-26
1604,300157,新锦动力,-172914527.59,16.5172722326,114711162.75,66.3398063476,-296217134.6,-171.3084138901,9948028.33,5.7531477943,2016-04-26
1605,300155,安居宝,-97851369.02,11.718879704,-48138324.79,-49.1953513498,-1559591.43,-1.5938371079,-48153452.8,-49.2108115423,2016-04-26
1606,300154,瑞凌股份,93273903.54,327.1616670848,93657712.62,100.4114860271,19925571.3,21.3624288721,-20630948.23,-22.1186714043,2016-04-26
1607,300137,先河环保,-72108036.09,-544.9701396448,1121825.85,1.5557570429,-65986715.16,-91.5109032752,-7094658.11,-9.8389284949,2016-04-26
1608,300123,亚光科技,10876193.47,104.9965602345,6392381.59,58.7740702446,-154328597.97,-1418.9578219226,162708233.18,1496.0034834687,2016-04-26
1609,300109,新开源,18823263.18,178.4318497629,46599082.84,247.5611289838,-46767833.09,-248.4576273666,19234700.0,102.1857890211,2016-04-26
1610,300102,乾照光电,-203323753.19,-239.4190570005,116467230.74,57.2816647896,-260158864.94,-127.9530113222,-59110227.39,-29.0719733738,2016-04-26
1611,300094,国联水产,4803441.06,105.5485236199,8822545.45,183.6713585073,85126431.69,1772.1968610977,-90158535.17,-1876.9572488519,2016-04-26
1612,300091,*ST金灵,-36558778.04,-152.2097855776,-7788567.4,-21.304233395,-135556091.25,-370.7894478904,106965552.18,292.5851407368,2016-04-26
1613,300063,天龙集团,-75659909.38,29.5400673046,-79757999.01,-105.4164611927,-123486367.39,-163.212417781,127698602.17,168.7797450677,2016-04-26
1614,300048,合康新能,-150770659.81,-47.0873789899,5879111.86,3.899373968,-119533215.29,-79.2814831749,-37116556.38,-24.6178907931,2016-04-26
1615,300030,阳普医疗,-170670298.4,-3847.6642251996,-108198450.55,-63.3961805682,-204132226.2,-119.6061811069,141062699.84,82.6521668752,2016-04-26
1616,300022,吉峰科技,-163124482.21,24.2064109509,-70011035.02,-42.9187783903,-32775810.22,-20.0925144871,-60297878.42,-36.9643339878,2016-04-26
1617,300005,探路者,142843571.47,-0.6005685682,290912435.0,203.6580519559,-86722651.05,-60.7116233216,-61346212.48,-42.9464286343,2016-04-26
1618,300004,南风股份,47186176.48,301.7900466108,184925713.83,391.9065447237,-413389102.64,-876.0809488669,275650339.6,584.1760451111,2016-04-26
1619,300002,神州泰岳,-234074459.09,-319.65568063,371219542.29,158.5903663873,-435003861.11,-185.8399514416,-169209553.16,-72.2887724777,2016-04-26
1620,300001,特锐德,8563518.38,152.2059567007,112513535.82,1313.8704306722,-253203579.57,-2956.770434,149283111.1,1743.2450597484,2016-04-26
1621,002780,三夫户外,5909888.9,145.211633096,17256725.95,291.9974680065,-3697997.2,-62.5730409247,-7648839.85,-129.4244270819,2016-04-26
1622,002766,索菱股份,8681221.84,-68.4410990119,61227490.69,705.2865577963,-106355863.12,-1225.1255074482,53522449.26,616.531293019,2016-04-26
1623,002759,天际股份,20113714.11,96.1051580488,74948997.92,372.6263459355,-89871948.7,-446.8192607715,35022074.11,174.1203733854,2016-04-26
1624,002749,国光股份,22924387.37,-68.1473195862,112712546.69,491.6709217604,-9789859.32,-42.7049986636,-79998300.0,-348.9659230968,2016-04-26
1625,002705,新宝股份,459144942.84,437.2607656041,215007158.08,46.8277308577,-414386467.3,-90.2517764296,636332989.96,138.5908741636,2016-04-26
1626,002689,ST远智,1925702.44,101.9393483317,192367183.34,9989.455242109,-38043506.57,-1975.565164159,-151529617.14,-7868.7970681493,2016-04-26
1627,002659,凯文教育,-37098385.4,83.1067558892,92617971.63,249.6549934219,-31621687.59,-85.2373688209,-97774499.24,-263.5545945889,2016-04-26
1628,002656,*ST摩登,-299747217.3,-481.909538816,42437026.07,14.1576046818,-250281509.79,-83.4975256966,-92816832.58,-30.965035611,2016-04-26
1629,002639,雪人集团,-116826941.32,49.7388517586,-32661315.63,-27.957006544,-301472972.44,-258.0508990766,217393368.62,186.0815374979,2016-04-26
1630,002631,德尔未来,180638443.63,132.3488990606,33823976.16,18.7246831186,161808799.06,89.5760591203,-14994331.59,-8.3007422389,2016-04-26
1631,002627,三峡旅游,48752984.64,186.8017096148,182049618.65,373.4122536175,-223820442.22,-459.0907487464,90523808.21,185.6784951289,2016-04-26
1632,002611,东方精工,-260916568.33,-190.4552271495,42531912.71,16.3009627875,-539733356.93,-206.8605149855,241480240.35,92.5507498031,2016-04-26
1633,002573,清新环境,-259530942.65,27.8524572241,203103398.32,78.2578740886,-673317680.52,-259.436379202,210572915.74,81.1359576588,2016-04-26
1634,002551,尚荣医疗,-136487868.01,46.8184593142,-14052013.89,-10.2954307184,-117868049.46,-86.3578947921,-3804858.04,-2.7876895547,2016-04-26
1635,002550,千红制药,-416323574.61,36.7139764208,252012794.67,60.5329147902,-611673677.92,-146.9226618966,-57556508.21,-13.8249457201,2016-04-26
1636,002549,凯美特气,-52542211.65,-995.2536881055,76335491.59,145.2841233607,-169790830.32,-323.1512815849,40912700.03,77.8663454491,2016-04-26
1637,002513,蓝丰生化,41667619.47,152.6023789845,127973626.65,307.1296807396,-182333780.46,-437.5910665866,93477284.54,224.3403528423,2016-04-26
1638,002511,中顺洁柔,-317399637.13,-224.509169833,262277899.94,82.6333332677,-465272733.96,-146.5889306513,-112607776.35,-35.4782309672,2016-04-26
1639,002506,协鑫集成,-39191215.13,72.2958976909,-1110300070.27,-2833.033031987,-159357861.27,-406.6162805654,1234310609.97,3149.4573614921,2016-04-26
1640,002493,荣盛石化,-1136913975.46,-180.2981453663,3712063100.14,326.5034277231,-3944108320.7,-346.913522556,-891059536.58,-78.3752821949,2016-04-26
1641,002489,浙江永强,211195254.04,128.8778743512,-207985826.64,-98.4803506051,303890170.09,143.8906245651,83943668.65,39.7469484016,2016-04-26
1642,002458,益生股份,64471339.52,125.6378813013,70034625.38,108.629083716,-178313793.47,-276.5783909526,172750507.61,267.9493072366,2016-04-26
1643,002444,巨星科技,19712748.17,102.5895131672,484284949.27,2456.7094607692,-507115204.2,-2572.5241342643,51475507.54,261.1280126753,2016-04-26
1644,002399,海普瑞,-1924259153.15,-257.5327109711,912803849.12,47.4366380238,-2812373120.82,-146.1535529773,-26573232.33,-1.3809591232,2016-04-26
1645,002390,信邦制药,355370823.22,436.1693504471,-198596680.25,-55.8843515769,-373123168.3,-104.9954424843,927090671.77,260.8797940612,2016-04-26
1646,002386,天原股份,710079325.08,472.3902297024,90174444.73,12.6992071935,82097253.48,11.5617017114,537762608.82,75.732751233,2016-04-26
1647,002377,国创高新,87195504.08,-27.7836305579,-8464154.75,-9.7070999696,-21271663.82,-24.3953676791,122279447.01,140.235954021,2016-04-26
1648,002351,漫步者,-93289020.76,76.6818692056,59545866.66,63.8294476401,-99139803.47,-106.2716734106,-52673135.9,-56.4623097883,2016-04-26
1649,002337,赛象科技,74757833.16,223.9617351347,-55740281.75,-74.5611254284,183497615.72,245.4560384693,-50180982.72,-67.1247153627,2016-04-26
1650,002319,乐通股份,-78185692.45,-254.0741461297,29047262.54,37.1516343077,-92535191.94,-118.3531014951,-14698987.15,-18.8000984444,2016-04-26
1651,002314,南山控股,-211410270.66,-1044.5188200929,-499283159.99,-236.167882682,101402586.71,47.9648346286,189426812.79,89.6015185065,2016-04-26
1652,002304,洋河股份,-3507894110.91,-1889.0395671377,2711804132.16,77.3057579967,-3447058537.54,-98.2657522877,-2771146293.02,-78.9974328017,2016-04-26
1653,002297,博云新材,-298494100.88,-151.8620559342,13407073.13,4.4915705505,-101636536.59,-34.049763895,-209897741.2,-70.3188909199,2016-04-26
1654,002266,浙富控股,-410853054.81,-186.7875355377,-81767313.1,-19.9018389039,-878295759.95,-213.7736958914,554211142.29,134.8927885047,2016-04-26
1655,002263,大东南,-127396464.38,44.0647788621,46635979.81,36.6069655363,-135126898.13,-106.068012788,-37581653.64,-29.4997618834,2016-04-26
1656,002259,升达林业,114399058.58,2403.8916537554,43867101.0,38.3456835611,511263936.39,446.9127130382,-440731843.87,-385.2582786438,2016-04-26
1657,002244,滨江集团,-160658838.68,-133.5536679233,-1317042447.78,-819.7759043953,958570085.21,596.6494548858,197813523.89,123.1264495096,2016-04-26
1658,002217,合力泰,53923817.92,48.3584127468,-170784686.89,-316.7147532902,-124410642.87,-230.7155681272,349244217.39,647.6622592045,2016-04-26
1659,002211,ST宏达,-175305676.37,-360.0601454305,83299969.83,47.5169837936,64802071.71,36.9651873526,-323570577.42,-184.5750714524,2016-04-26
1660,002142,宁波银行,-6541365000.0,-267.5243455045,22776297000.0,348.1887495958,-62631412000.0,-957.4670118546,33325187000.0,509.4531034425,2016-04-26
1661,002129,TCL中环,254915055.5,122.9985350396,239336177.41,93.88860024,-2615137032.5,-1025.8856729237,2632720435.39,1032.7834227861,2016-04-26
1662,002104,恒宝股份,314509404.11,718.1054777819,419217381.9,133.2924791506,-78336819.57,-24.9076239204,-24363585.82,-7.746536511,2016-04-26
1663,002098,浔兴股份,66776.89,101.061502307,153961424.77,230560.939226131,-76703354.18,-114865.119025459,-77990901.95,-116793.252800482,2016-04-26
1664,002097,山河智能,360124016.45,274.1570515228,180903268.03,50.2336028053,-239511097.93,-66.5079492035,418450245.27,116.1961508135,2016-04-26
1665,002095,生意宝,-8304799.87,-127.4222857254,28542952.35,343.6922357769,-7399813.67,-89.1028536007,-28400000.0,-341.9709137434,2016-04-26
1666,002077,大港股份,47648945.42,140.3248974472,66333178.63,139.2122701674,-83010582.41,-174.2128428621,64325464.0,134.9987149411,2016-04-26
1667,002072,凯瑞德,-1405228.71,81.5062323757,-35488503.12,-2525.4610062728,52240788.29,3717.6004103987,-18160098.24,-1292.323314402,2016-04-26
1668,002065,东华软件,-201390492.21,-124.751857287,-15144074.12,-7.5197562476,-427598185.44,-212.322925848,241333428.18,119.8335758216,2016-04-26
1669,002063,远光软件,65794930.31,-58.6659952144,131851044.82,200.3969670593,47362596.81,71.9851766494,-113418711.32,-172.3821437087,2016-04-26
1670,002040,南京港,-7839621.0,30.0859636417,19132428.0,244.0478691508,-7070605.0,-90.1906482469,-19901444.0,-253.8572209039,2016-04-26
1671,002038,双鹭药业,82234028.54,-19.4496194682,465004184.35,565.4644343781,-287002501.27,-349.006982104,-94835809.47,-115.3242899001,2016-04-26
1672,002037,保利联合,19785092.02,-81.4469699867,-595825684.51,-3011.4880633747,2919915.02,14.7581573897,612690861.51,3096.729905985,2016-04-26
1673,002026,山东威达,138621088.71,214.1291859581,-3639911.64,-2.6257993454,-540004376.78,-389.5542747538,682265377.13,492.1800740992,2016-04-26
1674,002005,ST德豪,-160652143.59,-7.1577494014,334235640.94,208.0492880276,-1381561409.79,-859.9707286296,885230431.26,551.0231058723,2016-04-26
1675,000983,山西焦煤,201825363.21,109.0458371002,934449664.14,462.9991242318,-1786049572.79,-884.9480285248,1053425271.86,521.948904293,2016-04-26
1676,000897,津滨发展,-53210279.82,96.6375618963,1053738637.69,1980.3290665913,189324424.21,355.8042258948,-1296273341.72,-2436.133292486,2016-04-26
1677,000830,鲁西化工,-57926375.73,79.7208306633,1320122375.03,2278.9659432228,-2132234497.81,-3680.9389003526,754096551.35,1301.8189759789,2016-04-26
1678,000758,中色股份,460981506.1,233.1375410372,565720947.59,122.720963879,-625316921.28,-135.6490256128,528203937.66,114.582457359,2016-04-26
1679,000725,京东方A,20029731311.0,586.3048047637,8095825923.0,40.4190440565,-23754411146.0,-118.5957553657,35641391214.0,177.9424329792,2016-04-26
1680,000707,双环科技,-81804872.0,62.7537872804,501139709.12,612.6037445789,-314394409.79,-384.3223540402,-268905094.91,-328.7152566048,2016-04-26
1681,000633,合金投资,-67098188.76,-676.1645725002,-39910167.26,-59.4802452906,-24871523.38,-37.0673543349,-2291143.6,-3.4146131846,2016-04-26
1682,000596,古井贡酒,-624570268.17,43.3609192333,387494289.89,62.0417444822,-835804558.06,-133.8207405404,-176260000.0,-28.2210039419,2016-04-26
1683,000566,海南海药,230683408.12,114.3396668642,14983199.5,6.4951353121,236348448.91,102.4557643032,-20859542.74,-9.0424980756,2016-04-26
1684,000545,金浦钛业,-96686712.52,-1764.7943768707,79132972.18,81.844723145,-916769433.6,-948.1855466028,741179849.4,766.5788091065,2016-04-26
1685,000506,招金黄金,-103716773.12,-298.3520856535,-179100974.56,-172.682748578,175574143.06,169.282303892,-92552923.89,-89.2362161932,2016-04-26
1686,000422,湖北宜化,212488132.71,-82.1994346096,3657926602.25,1721.4733621111,-2451398398.5,-1153.6636739359,-985387558.65,-463.7376902337,2016-04-26
1687,000407,胜利股份,108966005.95,209.8293647566,58722954.69,53.8910774769,208536801.34,191.3778517639,-158714138.11,-145.6547266519,2016-04-26
1688,000078,海王生物,-227680393.75,-182.541359665,-117480859.17,-51.5990231899,-273298343.03,-120.0359585332,163098808.45,71.6349817231,2016-04-26
1689,000055,方大集团,-182599023.19,-505.1464370003,-557893929.44,-305.5295256752,-286049588.05,-156.6545006938,661084592.17,362.0416914729,2016-04-26
1690,000048,京基智农,500609106.17,529.1845131411,508303199.08,101.5369462551,3474247.34,0.6940040237,-11200912.22,-2.2374567466,2016-04-26
1691,000019,深粮控股,23395505.53,118.093329162,25443112.45,108.7521379582,-41596155.46,-177.795497544,39449781.81,168.621198458,2016-04-26
1692,688651,盛邦安全,1517212.61,391.0518137566,694293.85,45.7611441814,-377081.24,-24.8535529902,1200000.0,79.0924088088,2016-04-25
1693,688639,华恒生物,10290551.66,18101.3045868366,30557213.52,296.9443673149,-7006949.06,-68.0910926013,-13259010.92,-128.846454088,2016-04-25
1694,688565,力源科技,23418475.38,7127.8517753186,-32830287.95,-140.1896896244,-410597.58,-1.7533061967,57415829.08,245.1732153709,2016-04-25
1695,605098,行动教育,-41590376.53,18.3041924364,31923702.28,76.7574254996,-64935793.81,-156.131776694,-8578285.0,-20.6256488056,2016-04-25
1696,603988,中电电机,219031634.64,510.4306920982,-5478106.36,-2.5010571505,-44373182.01,-20.2588005531,269081815.66,122.8506631484,2016-04-25
1697,603779,威龙股份,-9542100.13,-140.1805157724,257255185.41,2696.0017386655,-14956755.75,-156.7449046461,-251840529.79,-2639.2568340194,2016-04-25
1698,603398,*ST沐邦,-2564274.81,74.841935522,71944895.57,2805.6624543295,-23034585.55,-898.288493112,-51799997.97,-2020.0642211979,2016-04-25
1699,603025,大豪科技,106771594.6,-22.3514039953,255121401.81,238.9412678211,-4352494.66,-4.0764537388,-144000000.0,-134.8673310907,2016-04-25
1700,601211,国泰海通,75638988759.0,4409.3297986591,49415382215.0,65.3305696252,-1768134923.0,-2.3375972524,27948845091.0,36.9503156369,2016-04-25
1701,601200,上海环境,-103498306.79,-146.8278027132,975051014.34,942.0936869222,-1399447641.24,-1352.1454453158,320898320.11,310.0517583936,2016-04-25
1702,600586,金晶科技,265333098.04,158.7141822617,318963412.48,120.2124479894,-632959517.33,-238.5527934531,579372352.89,218.3566080409,2016-04-25
1703,600523,贵航股份,115945395.34,216.4651092669,88884894.81,76.6609959364,-58317109.52,-50.2970465959,85361281.74,73.6219679011,2016-04-25
1704,600518,康美药业,1504638789.97,-36.4515305249,1132203880.61,75.2475536426,-768886322.21,-51.1010567676,1141321231.57,75.853503125,2016-04-25
1705,301337,亚华电子,-1030881.61,,5874677.0,569.8692209671,-11431404.11,-1108.8959196779,4525845.5,439.0266987108,2016-04-25
1706,301024,霍普股份,3656946.54,113.4301303286,-15940553.33,-435.897904321,30045619.87,821.6040224094,-10448120.0,-285.7061180883,2016-04-25
1707,300496,中科创达,13268136.79,-80.636486728,70404118.37,530.6255089491,-35419263.09,-266.9497884337,-21423993.23,-161.4694931857,2016-04-25
1708,300487,蓝晓科技,4102805.35,-93.1661832074,26546255.89,647.0269395062,-13529067.88,-329.751638839,-9184975.85,-223.8706218417,2016-04-25
1709,300486,东杰智能,-16230458.78,-79.2534735472,6885376.71,42.4225636707,-11714024.83,-72.1730974385,-11401810.66,-70.2494662323,2016-04-25
1710,300465,高伟达,74522071.03,243.7112665558,39535203.93,53.0516709796,-6889813.97,-9.2453334627,41876680.9,56.193662255,2016-04-25
1711,300462,ST华铭,89140795.23,256.0284772549,37437353.13,41.9980021868,72003527.21,80.7750559373,-20295000.0,-22.7673535418,2016-04-25
1712,300444,双杰电气,-11495555.09,-224.3877441777,48898231.02,425.3664189086,-18014659.73,-156.7097855559,-42396997.62,-368.812095528,2016-04-25
1713,300440,运达科技,27350127.43,631.4565784553,102795133.06,375.848826749,-24965978.24,-91.2828589333,-50413545.75,-184.326547944,2016-04-25
1714,300402,宝色股份,199274322.08,2348.897562476,77002688.52,38.6415508613,-37869116.65,-19.0035104647,160206160.24,80.3947837171,2016-04-25
1715,300388,节能国祯,138989390.63,2836.1212168472,33141734.37,23.8447943543,-13750535.66,-9.8932268123,119598191.92,86.048432458,2016-04-25
1716,300377,赢时胜,153851408.56,1610.7798382,37635135.85,24.4620027871,-65825499.09,-42.7851130556,182044865.4,118.3251210398,2016-04-25
1717,300370,安控科技,59984652.31,248.6622147916,-34549074.07,-57.5965230097,-77289263.15,-128.8483973377,171826957.2,286.4515348226,2016-04-25
1718,300355,蒙草生态,98988030.58,194.5846515659,-64016216.93,-64.6706642762,-352530329.56,-356.1342997678,515534577.07,520.804964044,2016-04-25
1719,300353,东土科技,40989231.04,135.3424140595,48360356.28,117.9830776352,-16895372.52,-41.2190521542,10658490.34,26.0031478258,2016-04-25
1720,300192,科德教育,-68307331.75,10.1031961602,42097581.71,61.6296679016,-100402854.27,-146.9869363913,-5512500.0,-8.0701439491,2016-04-25
1721,300188,国投智能,33883805.82,101.63184268,173661157.41,512.5196335162,-133639458.37,-394.4051004186,-6108508.0,-18.0278096045,2016-04-25
1722,300170,汉得信息,12481604.28,67.4874466581,60535594.27,484.9985058972,-134751543.26,-1079.6011493164,83994883.5,672.9494191271,2016-04-25
1723,300167,ST迪威迅,-230332701.41,-400.2109783535,-294050341.14,-127.6633058788,-44613831.33,-19.3692997377,108328699.04,47.0314021313,2016-04-25
1724,300141,和顺电气,-54896254.37,-53.6073951641,13547888.74,24.6790767339,-67310873.55,-122.6146926097,-1133269.56,-2.0643841242,2016-04-25
1725,300083,创世纪,-256964029.4,-1392.8953717396,-121712930.29,-47.3657463164,-686262132.41,-267.06544648,551453664.43,214.6034469173,2016-04-25
1726,002797,第一创业,3244381194.51,724.4278078455,2475914471.16,76.3139200581,-190807679.66,-5.8811732722,959215582.74,29.5654402252,2016-04-25
1727,002796,世嘉科技,33250004.1,7.4063241081,68840423.46,207.0388420193,-11955187.16,-35.9554456717,-24000000.0,-72.1804422274,2016-04-25
1728,002788,鹭燕医药,223759303.87,279.0621890579,177889035.22,79.5001736881,-71240804.66,-31.8381418908,116880744.56,52.2350322594,2016-04-25
1729,002786,银宝山新,-34480865.29,-1507.6784725047,111032353.38,322.0115053557,-56724083.67,-164.5088752644,-88940666.24,-257.9420948168,2016-04-25
1730,002762,*ST金比,86827125.23,131.2981463378,111204208.76,128.0754239708,-8567083.53,-9.8668284909,-15810000.0,-18.2085954799,2016-04-25
1731,002747,埃斯顿,-17690058.42,-100630.659306187,-1721053.67,-9.7289315227,-16675989.01,-94.2675745556,-1841123.27,-10.4076720737,2016-04-25
1732,002729,好利科技,56398050.8,1641.9601521306,45128790.52,80.0183514853,-175244507.47,-310.7279506724,186344344.24,330.4091925106,2016-04-25
1733,002722,物产金轮,27647985.12,361.4239930091,53790487.86,194.5548206371,-73454384.97,-265.6771719573,47267285.06,170.9610478118,2016-04-25
1734,002713,*ST东易,55369384.0,-77.1950409919,46995001.87,84.8754283956,-395302068.63,-713.9361865214,403676450.76,729.0607581258,2016-04-25
1735,002685,华东重机,60893316.87,163.8735749635,18185333.22,29.864251374,55422574.42,91.0158573531,-13078000.0,-21.476905303,2016-04-25
1736,002666,德联集团,-136492952.27,59.1445808416,285615.75,0.2092531118,-214138808.24,-156.8863481071,77361680.73,56.6781503685,2016-04-25
1737,002660,茂硕电源,-36263090.02,81.3993691448,-22910785.56,-63.1793527451,-161523684.4,-445.4217340853,144320046.92,397.9805549952,2016-04-25
1738,002648,卫星化学,-536483702.53,-868.0796575175,-947146610.87,-176.5471358036,-554228013.24,-103.3075209231,960468649.33,179.0303498132,2016-04-25
1739,002591,恒大高新,-14000551.39,87.671653723,-19350242.0,-138.2105708624,-7806938.73,-55.7616518988,13154664.61,93.9581895281,2016-04-25
1740,002465,海格通信,-372826820.96,59.2259544862,-86176803.8,-23.1144324805,-1689407475.27,-453.1346406141,1403211547.7,376.3708694795,2016-04-25
1741,002388,新亚制程,-110456134.31,9.947910719,-5768946.91,-5.222839769,-295203991.0,-267.2590280695,190477458.32,172.4462471097,2016-04-25
1742,002380,科远智慧,-35550082.53,-111.1946022064,21954797.92,61.7573753914,-46791766.34,-131.6221032694,-10713114.11,-30.135272122,2016-04-25
1743,002340,格林美,364453842.61,180.6397570779,22635769.76,6.2108742215,-2028067980.43,-556.4677178065,2369332934.51,650.1050771045,2016-04-25
1744,002333,罗普斯金,31110649.21,115.6311882285,63321643.71,203.5368766578,18476064.32,59.3882313265,-50687078.04,-162.9251697638,2016-04-25
1745,002303,美盈森,223505645.77,259.4357116857,292618451.84,130.9221746198,-29011292.9,-12.9801163635,-40212232.83,-17.9915960026,2016-04-25
1746,002299,圣农发展,-201943569.33,56.2948534698,920817520.54,455.9776394936,-2097003062.54,-1038.4104180675,973604176.76,482.1169497945,2016-04-25
1747,002291,遥望科技,-227394005.24,-3750.8490541617,53859604.64,23.6855868664,-126880335.5,-55.7975727487,-154375234.29,-67.8888760181,2016-04-25
1748,002276,万马股份,63778922.02,450.957142112,247936206.96,388.7431758132,-119665746.63,-187.6258532442,-64245230.3,-100.7311322695,2016-04-25
1749,002269,美邦服饰,326381947.0,-28.1438827582,1322173963.0,405.1002131561,-494940486.0,-151.6445656843,-500851530.0,-153.4556474718,2016-04-25
1750,002207,准油股份,-73206570.29,-127.563899875,-102921616.66,-140.5906823012,-86301854.24,-117.8881265686,117815780.31,160.9360742394,2016-04-25
1751,002203,海亮股份,1716160458.71,999.5387153272,1281254461.0,74.6581972855,224615404.68,13.0882519487,204563654.19,11.9198442752,2016-04-25
1752,002195,岩山科技,79860515.97,1439.2426594187,117391316.45,146.9954395162,-844264380.13,-1057.1737107824,821989893.02,1029.2819712419,2016-04-25
1753,002175,东方智造,86819857.51,54.2290448286,29100197.85,33.5179055628,-85852239.67,-98.8854878737,143547419.24,165.3393858928,2016-04-25
1754,002170,芭田股份,-480864948.51,-436.4310306747,263964980.26,54.8937869308,-1159181435.22,-241.0617448437,414351506.45,86.1679579129,2016-04-25
1755,002163,海南发展,-186628074.63,-85.3522384181,224784011.74,120.4449074372,202101593.5,108.2910992361,-611375706.13,-327.5904267576,2016-04-25
1756,002161,远望谷,11370722.34,104.0012191874,27603265.23,242.7573588082,-1923407.2,-16.9154354709,-8578523.73,-75.4439645388,2016-04-25
1757,002160,常铝股份,25978505.09,112.9455297987,121901789.06,469.2409691693,-206464411.52,-794.7509327605,108763735.39,418.6681836126,2016-04-25
1758,001269,欧晶科技,-1518646.37,-196.8699794206,12905403.63,849.7964954145,-424050.0,-27.9228929379,-14000000.0,-921.8736024767,2016-04-25
1759,000902,新洋丰,-258336272.15,-642.6010408468,651535153.92,252.2042872639,-379544086.98,-146.9186203785,-529863706.5,-205.106198247,2016-04-25
1760,000807,云铝股份,-12116225.43,96.0539905357,495633845.13,4090.662129006,-1373357767.53,-11334.8647684413,866580292.63,7152.2298560435,2016-04-25
1761,000703,恒逸石化,656645578.83,73.3899433326,1880793971.8,286.4245237364,-1315570073.29,-200.3470541344,85136999.52,12.9654416728,2016-04-25
1762,000505,京粮控股,15041949.93,542.3285081196,-243681708.74,-1620.0140930798,-50335421.21,-334.633617611,309059079.88,2054.6477106908,2016-04-25
1763,000504,*ST生物,-1214020.2,-106.1680929844,-32601254.91,-2685.3964135028,3487234.71,287.2468439981,27900000.0,2298.1495695047,2016-04-25
1764,000156,华数传媒,57168561.35,-85.5621144619,1345570066.98,2353.6888723543,-863942896.43,-1511.2202861652,-424458609.2,-742.4685861891,2016-04-25
1765,000017,深中华A,3329695.19,113.0263703884,3921048.18,117.759973699,-591352.99,-17.759973699,0.0,0.0,2016-04-25
1766,603800,洪田股份,-30997364.26,18.7755438555,128268348.07,413.8040479639,-86954029.05,-280.5207188606,-72237499.29,-233.0440055615,2016-04-23
1767,603520,司太立,-2789533.17,48.7026108534,144000559.15,5162.1741120935,-160715443.65,-5761.3741746616,14076622.67,504.6228817562,2016-04-23
1768,603123,翠微股份,20102897.94,105.5324335049,48097572.21,239.2569088972,-468638165.87,-2331.1970605866,440643491.6,2191.9401516894,2016-04-23
1769,603117,万林物流,11477669.18,-86.331826956,192278459.41,1675.2396013038,-67371392.82,-586.9779984371,-113462837.43,-988.5529513929,2016-04-23
1770,601999,出版传媒,436917914.78,191.178009629,250831626.57,57.4093252039,207959343.2,47.5968908953,-21873054.99,-5.0062160992,2016-04-23
1771,601888,中国中免,207803272.59,-93.3394901088,1495839221.79,719.8342947858,-808084896.56,-388.8701493909,-473391973.63,-227.8077566969,2016-04-23
1772,601225,陕西煤业,1268391666.05,126.96509305,121415894.64,9.5724292338,-3130216930.66,-246.7863054011,4277334812.47,337.2250801513,2016-04-23
1773,601118,海南橡胶,-413540123.59,-198.3422266655,-17045431.4,-4.1218325448,-409532174.38,-99.0308197485,15068313.51,3.6437367623,2016-04-23
1774,600975,新五丰,-38791459.94,-830.9068234275,-28442582.1,-73.3217624291,-73062049.8,-188.3457078259,62713171.96,161.6674702551,2016-04-23
1775,600973,宝胜股份,32886544.57,108.5905070578,75526040.35,229.6563574481,-210648044.98,-640.5295774739,161959628.77,492.4799211582,2016-04-23
1776,600883,博闻科技,40502635.17,16615.8959315065,-1506603.9,-3.7197675995,44860466.97,110.7593784496,-2851227.9,-7.0396108501,2016-04-23
1777,600751,海航科技,12298985578.28,110932.776446085,128743624.83,1.0467824684,-629842.3,-0.0051210915,12170871795.75,98.958338623,2016-04-23
1778,600640,国脉文化,-972185832.07,-763.1686229893,51011586.63,5.2471024517,-1001395957.82,-103.0045825383,-21392434.88,-2.200447093,2016-04-23
1779,600543,莫高股份,-165290087.44,27.2014665249,129859340.99,78.5645061971,-305079685.43,-184.5722814689,9930257.0,6.0077752718,2016-04-23
1780,600509,天富能源,28576078.13,104.8407902772,646455062.12,2262.2245753217,-1551996627.71,-5431.1043686596,934117643.72,3268.8797933378,2016-04-23
1781,600490,鹏欣资源,-20139526.03,-133.7265144298,543703674.99,2699.6845614941,-328680316.6,-1632.0161463105,-229522889.35,-1139.6638084139,2016-04-23
1782,600467,好当家,4497002.1,101.7367087982,213940772.8,4757.4087812856,-446529850.57,-9929.500601523,237248022.83,5275.6929517556,2016-04-23
1783,600395,盘江股份,-27761100.0,-286.6412462039,770710700.0,2776.2253657096,-356702400.0,-1284.9000940164,-441769400.0,-1591.3252716931,2016-04-23
1784,600383,金地集团,-491429724.99,78.6621325244,-951362861.62,-193.5908255528,-3404101031.72,-692.6933513819,3861509893.54,785.7705175686,2016-04-23
1785,600365,ST通葡,103643063.15,-5.6523559718,-26073157.6,-25.1566837254,130564257.75,125.9749121473,-848037.0,-0.8182284219,2016-04-23
1786,600360,*ST华微,8707969.74,-96.6236993697,236689597.81,2718.0801596355,-236506060.62,-2715.9724675387,8699981.65,99.9082669068,2016-04-23
1787,600288,大恒科技,57135860.05,463.2539905907,206436994.67,361.3089826413,68951404.2,120.6797344779,-218046843.0,-381.628705351,2016-04-23
1788,600198,大唐电信,365105123.68,250.3520760425,-587050504.47,-160.7894456679,-643580093.85,-176.2725451134,1592409852.36,436.151055978,2016-04-23
1789,600160,巨化股份,-1317934474.68,-215.3175008823,622165419.9,47.2076140243,-1225359095.58,-92.9757221714,-693073556.94,-52.5878615557,2016-04-23
1790,600113,浙江东日,19856416.51,-51.3194885731,78268763.03,394.1736566141,-785860.61,-3.9577161851,-57727951.14,-290.7269350989,2016-04-23
1791,600033,福建高速,76011982.03,126.7408599121,1828757852.25,2405.8810248208,-232713488.9,-306.1536914116,-1520032381.32,-1999.7273334092,2016-04-23
1792,600006,东风股份,60474150.84,-75.312991822,-328339341.1,-542.9416313239,189362031.33,313.1288801905,198284659.16,327.8833293329,2016-04-23
1793,300506,ST名家汇,-3479754.63,-239.3317334226,-41302111.04,-1186.9259597767,-1653398.64,-47.5148053758,39475755.05,1134.4407651525,2016-04-23
1794,300492,华图山鼎,-19236402.64,-791.1930803799,-18766507.06,-97.557258554,-8364820.1,-43.4843263397,7894924.52,41.0415848938,2016-04-23
1795,300468,四方精创,7788270.57,-61.6052556178,78281640.86,1005.1222560441,-33010356.25,-423.8470653184,-37500000.0,-481.4932874116,2016-04-23
1796,300467,迅游科技,3567954.65,-82.8825976804,62745409.46,1758.5820341074,-13127454.81,-367.9266161637,-46050000.0,-1290.6554179437,2016-04-23
1797,300433,蓝思科技,132508176.0,-64.1944713502,2557945711.39,1930.4059482262,-5292762778.66,-3994.2914757652,2829758653.77,2135.5351339,2016-04-23
1798,300413,芒果超媒,-24449345.34,-115.4607914073,106808896.38,436.8578990344,-78730840.83,-322.0161510877,-52527400.89,-214.8417479468,2016-04-23
1799,300374,中铁装配,16781121.03,-78.658701363,52749914.8,314.3408280394,-66638639.4,-397.1048136824,30148215.73,179.655552666,2016-04-23
1800,300369,绿盟科技,379412004.45,5133.612488552,99048896.16,26.1058941199,-58209751.89,-15.3420954549,338818005.67,89.3008132837,2016-04-23
1801,300366,ST创意,52089737.25,607.8518449453,-32923240.73,-63.2048508365,-13743451.2,-26.3841822316,98756429.18,189.5890330681,2016-04-23
1802,300350,华鹏飞,-69891004.23,-1993.8344125348,-33342463.25,-47.7063731124,-36760502.41,-52.5969011534,345734.57,0.4946767811,2016-04-23
1803,300310,宜通世纪,-30089870.63,79.4241838538,38110040.61,126.6540527163,-56106402.69,-186.4627581152,-12093508.55,-40.1912946011,2016-04-23
1804,300308,中际旭创,-52435317.65,-213.6544575584,9114630.25,17.382616638,-68690845.86,-131.001105626,7139748.07,13.6162960195,2016-04-23
1805,300268,*ST佳沃,38655874.16,121.6399587516,35827066.21,92.6820748166,33818730.88,87.4866540077,-30989922.93,-80.1687288243,2016-04-23
1806,300265,通光线缆,-93270757.78,24.9556446487,-61631785.26,-66.0783580266,-51086987.41,-54.7727804791,19172675.97,20.5559345998,2016-04-23
1807,300248,新开普,-52980803.88,0.8641242844,3621744.87,6.8359568084,-57885919.43,-109.2582882682,1283370.68,2.4223314597,2016-04-23
1808,300232,洲明科技,34956008.49,143.9684281842,87993107.77,251.7252729103,-91315569.51,-261.2299671918,37678703.75,107.7889192091,2016-04-23
1809,300182,捷成股份,-243044387.38,-235.0878351327,-133656507.77,-54.992632914,-228673268.57,-94.0870394232,119056191.56,48.9853696452,2016-04-23
1810,300173,ST福能,191159851.29,779.5353227844,-15422581.07,-8.0678976082,3563250.56,1.8640161812,203009097.58,106.1986061456,2016-04-23
1811,300166,东方国信,-31951386.76,52.9791257308,85786671.23,268.4912297372,-129531605.59,-405.4021397036,11793547.6,36.9109099664,2016-04-23
1812,300151,昌红科技,-10972242.66,-122.4080753699,69234804.0,630.9995699639,-130401946.64,-1188.4712239859,51101072.75,465.730428441,2016-04-23
1813,300128,锦富技术,53740616.56,157.4518821307,309460412.36,575.8408298396,-13595391.45,-25.2981679784,-245383862.15,-456.6078282262,2016-04-23
1814,300119,瑞普生物,-768355.36,99.7371313834,130379634.43,16968.6633577984,-103942257.65,-13527.8886646929,-27201533.01,-3540.228184261,2016-04-23
1815,300106,西部牧业,46460400.14,42.7490904164,-166624995.15,-358.6387432048,-151148942.03,-325.3285412406,364237316.99,783.9736977995,2016-04-23
1816,300053,航宇微,-15683701.13,77.1638460695,35746424.29,227.9208459387,-87059469.61,-555.0951837731,36190303.33,230.7510391203,2016-04-23
1817,300043,星辉娱乐,131918890.53,419.3371093813,328814253.41,249.2548656898,-700402214.16,-530.9339787092,500957070.46,379.7462732194,2016-04-23
1818,300035,中科电气,37071211.61,177.5172915994,7136143.59,19.2498256196,119349981.43,321.9478842116,-89414913.41,-241.1977098312,2016-04-23
1819,300006,莱美药业,-261558746.33,-200.7835524313,-49383274.92,-18.8803760581,-237025628.29,-90.6204176369,25056917.43,9.5798430684,2016-04-23
1820,002773,康弘药业,199491465.35,-23.922321626,291375787.85,146.0592749363,-34422635.21,-17.2551919199,-57399351.4,-28.7728356195,2016-04-23
1821,002731,ST萃华,312712980.08,585.5999866156,249388579.07,79.7499927909,-53685601.28,-17.1676920051,117010002.29,37.4176992142,2016-04-23
1822,002679,福建金森,-45897479.73,85.4695337272,-2862852.57,-6.237494056,-33963204.83,-73.9979733741,-9071422.33,-19.7645325699,2016-04-23
1823,002651,利君股份,-152162316.28,49.6612259437,288422267.47,189.5490779328,-167738178.66,-110.2363467912,-272714905.08,-179.2263102634,2016-04-23
1824,002646,天佑德酒,-298039374.76,-131.4233153258,231419791.81,77.6473887037,-390888389.72,-131.1532712866,-138481661.69,-46.4642169517,2016-04-23
1825,002632,道明光学,31353547.41,144.7344625529,134413135.03,428.7015222626,-82910432.41,-264.4371666332,-19626549.98,-62.5975419092,2016-04-23
1826,002625,光启技术,-85652375.02,-56.040752474,68309584.54,79.7521195694,-167191839.82,-195.1981363984,13229880.26,15.446016829,2016-04-23
1827,002620,ST瑞和,8354114.07,-92.187577693,33182835.4,397.2035229823,-33264996.37,-398.1870021318,8436275.04,100.9834791495,2016-04-23
1828,002540,亚太科技,19254604.94,102.6662769706,88276680.31,458.4704832173,-93413110.25,-485.1468546931,24378119.03,126.6092921977,2016-04-23
1829,002527,新时达,-200761685.34,-1552.8550282271,87472902.94,43.5705163522,-210383814.96,-104.7928117378,-77044023.34,-38.3758600201,2016-04-23
1830,002524,光正眼科,-305558801.17,-199.4630509648,95280411.69,31.1823489702,-259310323.91,-84.8642954865,-141524392.4,-46.3165819011,2016-04-23
1831,002482,广田集团,628173302.37,24.2604795889,245268917.66,39.0447853697,15286460.18,2.4334781695,367625914.52,58.5230084012,2016-04-23
1832,002466,天齐锂业,-234918763.13,-270.4007110819,302255610.15,128.66388624,-3117789994.46,-1327.1779371385,2616708491.2,1113.8780301478,2016-04-23
1833,002421,达实智能,243701180.45,8649.8516507936,114107771.58,46.8228226754,-670299544.93,-275.0497735351,799892953.8,328.2269508596,2016-04-23
1834,002339,积成电子,62471198.82,-10.0667723737,38265232.12,61.2525977455,-50054381.52,-80.1239330531,74260348.22,118.8713353076,2016-04-23
1835,002305,*ST南置,177801422.39,456.0846483895,-577378855.36,-324.7324164221,-768000642.81,-431.9429127656,1523180920.56,856.6753291877,2016-04-23
1836,002271,东方雨虹,522964861.12,1605.7966882702,351061516.89,67.129083231,-495419642.43,-94.7328739007,667266262.99,127.592944115,2016-04-23
1837,002234,民和股份,-237730986.16,29.4135520916,-173326630.05,-72.908724626,-281505857.0,-118.4136159729,217309412.74,91.4097973723,2016-04-23
1838,002218,拓日新能,117516945.21,284.7780633855,142686410.78,121.4177330129,-231868418.33,-197.3063696607,208334257.83,177.280184962,2016-04-23
1839,002213,大为股份,23508296.06,520.0465784121,14433595.72,61.3978813401,25385995.29,107.9873897504,-16311294.95,-69.3852710905,2016-04-23
1840,002201,九鼎新材,24356541.04,128.3666119037,19265291.18,79.0969914339,-237774862.15,-976.2259007119,241182159.13,990.2151489159,2016-04-23
1841,002199,*ST东晶,9573343.52,115.3685199207,-88727356.1,-926.8168003649,-181615176.81,-1897.0924466523,279915876.43,2923.9092470172,2016-04-23
1842,002162,悦心健康,359336.27,104.5179182057,35246985.24,9808.9138733477,55668718.03,15492.0954764739,-91044148.43,-25336.7544640011,2016-04-23
1843,002146,荣盛发展,-298521387.41,-148.6631772015,-1660815661.12,-556.3472940848,-1299092845.29,-435.1758031681,2659340147.06,890.8373936396,2016-04-23
1844,002133,广宇集团,174658382.56,351.5382069384,422716742.2,242.0248808011,-132424721.75,-75.8192763548,-115633637.89,-66.2056044463,2016-04-23
1845,002094,青岛金王,-139318466.69,-3177.1677174642,56614143.91,40.63649655,-268120949.82,-192.4518380012,71967826.02,51.6570615008,2016-04-23
1846,002093,国脉科技,66733379.64,112.0134942108,-85797135.89,-128.5670474848,157854137.97,236.544498153,-5335338.93,-7.9950078338,2016-04-23
1847,002081,金螳螂,-1624310188.55,-682.1383377926,-346005196.29,-21.3016700092,-1004464371.98,-61.8394429254,-268654078.87,-16.5395797406,2016-04-23
1848,002078,太阳纸业,-549040515.96,-210.8707606234,2608087577.11,475.0264327123,-1973578073.76,-359.4594599834,-1189435884.98,-216.6390002931,2016-04-23
1849,002055,ST得润,31778765.99,137.2980071433,89537285.47,281.7519267368,-168927943.9,-531.5749011562,111169424.42,349.8229744194,2016-04-23
1850,000995,皇台酒业,-30839082.96,-260.8503169648,-49197567.22,-159.5299292259,-15944006.87,-51.7006517045,34302491.13,111.2305809303,2016-04-23
1851,000967,盈峰环境,-27735755.97,-1085.4500260255,89548347.26,322.862471666,-173527058.92,-625.6438768343,57045891.48,205.6763534468,2016-04-23
1852,000957,中通客车,199314112.26,173.8654351795,235937166.1,118.374541283,-92403534.36,-46.3607585596,57025969.58,28.6111048201,2016-04-23
1853,000955,欣龙控股,-32105996.72,80.722452638,1103317.52,3.4364842482,33797935.5,105.2698528401,-67052378.22,-208.8468979947,2016-04-23
1854,000931,中关村,-420381660.17,-215.6416733539,-391310673.68,-93.0846206568,-96020314.67,-22.841223528,66949328.18,15.9258441848,2016-04-23
1855,000828,东莞控股,238001738.41,186.4459475486,269246621.39,113.1280062023,75082527.66,31.5470501021,-104782800.57,-44.026065217,2016-04-23
1856,000823,超声电子,270802027.43,28.9474046155,195022832.98,72.0167551295,-457260351.05,-168.8541091769,531229371.54,196.168904857,2016-04-23
1857,000821,ST京机,-166257677.76,-193.1131932321,21695680.46,13.0494307104,-195320693.93,-117.4807061915,7328093.97,4.407672517,2016-04-23
1858,000803,山高环能,-28131304.33,-254.2255354964,-44124675.85,-156.8525772299,-17960003.8,-63.8434805202,33953375.32,120.6960577501,2016-04-23
1859,000753,漳州发展,377103556.05,12.5927882402,-460293596.35,-122.0602640748,30561527.53,8.1042798562,805505070.92,213.6031490547,2016-04-23
1860,000752,ST西发,61047762.84,-86.9560847106,68131018.49,111.6028095388,-7159206.36,-11.7272214852,75950.71,0.1244119464,2016-04-23
1861,000751,锌业股份,-202444783.34,-161.7499302538,-163776058.21,-80.8991249406,-18845336.7,-9.308877408,-19823388.43,-9.7919976514,2016-04-23
1862,000720,新能泰山,25923648.83,60.0794402822,495112903.36,1909.8889458302,-158819306.91,-612.6425641371,-310369947.62,-1197.2463816931,2016-04-23
1863,000700,模塑科技,34704436.51,301.6156289963,384945046.71,1109.2099034631,-421349926.15,-1214.1096889114,71109315.95,204.8997854482,2016-04-23
1864,000663,永安林业,9988872.17,119.8238501263,62419042.38,624.8857860797,15991274.57,160.0908921232,-68421444.78,-684.9766782029,2016-04-23
1865,000655,金岭矿业,-164155203.84,-114.0138536641,245000069.26,149.2490420826,-250392057.36,-152.5337311902,-158763215.74,-96.7153108925,2016-04-23
1866,000632,三木集团,-571960871.44,-312.3238803441,-219450147.71,-38.3680350646,-194329293.52,-33.9759768934,-161077650.91,-28.162354971,2016-04-23
1867,000592,平潭发展,17402811.54,107.9282227681,-8881205.34,-51.0331639206,-48755377.39,-280.1580496228,75039379.34,431.1911277527,2016-04-23
1868,000589,贵州轮胎,861595480.12,2764.3994046329,971399055.53,112.7442144189,-1337068241.21,-155.1851503473,1226507798.75,142.3530911025,2016-04-23
1869,000557,西部创业,-9359417.58,75.1117109106,-2877582.7,-30.7453180222,-6481834.9,-69.2546821915,0.0,0.0,2016-04-23
1870,000523,红棉股份,-107656173.81,-96.5472612994,-45595092.98,-42.3525111161,-61519862.6,-57.144760419,-385131.62,-0.3577422514,2016-04-23
1871,000503,国新健康,178132871.4,31.113959476,-24808052.32,-13.9267121924,236835922.23,132.9546424355,-34695099.76,-19.4770900437,2016-04-23
1872,000069,华侨城A,4680460731.47,1730.9665546872,-2588443955.89,-55.303187109,282008500.91,6.0252295039,6981223295.39,149.1567539163,2016-04-23
1873,000007,全新好,-53239470.91,-536.4985456653,12598695.32,23.6642008357,5705882.22,10.7173909178,-71240666.69,-133.811748074,2016-04-23
1874,688737,中自科技,-5751745.8,83.7632907051,31068417.37,540.1563012399,-35492890.97,-617.0803127287,-1321728.36,-22.9796031667,2016-04-22
1875,688727,恒坤新材,1860646.0,345.1731268065,-11180344.33,-600.8850866849,-11142781.58,-598.8662851504,24192000.63,1300.1936225375,2016-04-22
1876,688531,日联科技,19378275.11,96.2590492615,-977290.77,-5.0432288965,-17169440.7,-88.6014911159,37520877.89,193.6234142462,2016-04-22
1877,688335,复洁科技,-2848544.4,31.3592326627,-261548.06,-9.1818144032,,,-2586996.34,-90.8181855968,2016-04-22
1878,688328,深科达,14986068.16,455.7506629798,21574975.55,143.9668852407,491819.9,3.2818474783,-7078861.18,-47.2362804201,2016-04-22
1879,688267,中触媒,-2215813.03,-172.4531111403,-27592389.26,-1245.2489847485,-16704262.73,-753.8660755145,42117800.55,1900.7831427907,2016-04-22
1880,688101,三达膜,6068600.0,131.9694455419,69368400.0,1143.0708894968,-42363500.0,-698.0769864549,-20914800.0,-344.6396203408,2016-04-22
1881,605168,三人行,-82510.0,-100.5510284494,12118809.28,14687.6854684281,-8588185.96,-10408.6607199127,-3613133.32,-4379.0247485153,2016-04-22
1882,603366,日出东方,-712137180.28,53.3920006762,120728255.41,16.9529493408,-620778463.33,-87.1711912424,-212000000.0,-29.7695452324,2016-04-22
1883,603311,金海高科,-3430427.33,-137.42290315,76757828.22,2237.5587889221,-53687199.58,-1565.029496777,-26223382.68,-764.4348694015,2016-04-22
1884,603299,苏盐井神,61761828.43,143.8848446177,421456974.07,682.3907011556,-241222765.57,-390.5693398365,-118472380.07,-191.8213613191,2016-04-22
1885,603188,亚邦股份,308600343.11,390.3671716796,413037650.6,133.8422525515,-705131677.48,-228.4934846066,599048420.2,194.1178723792,2016-04-22
1886,601777,千里科技,-114685731.05,-126.1901079125,-368054156.14,-320.9241051788,-173203689.56,-151.0246200414,599825295.54,523.0164991306,2016-04-22
1887,601311,骆驼股份,-510867157.23,20.325090953,260917715.53,51.0734956901,-534393081.23,-104.6050961913,-237918153.77,-46.5714325932,2016-04-22
1888,601218,吉鑫科技,-38885745.43,-134.1451539071,320389155.4,823.924427466,-128440561.19,-330.3024277141,-230772955.11,-593.4641410576,2016-04-22
1889,601168,西部矿业,-1795810543.0,-299.8680249952,1627449334.0,90.6247788968,-813538211.0,-45.302006616,-2610411706.0,-145.3611972697,2016-04-22
1890,601113,华鼎股份,-325267859.31,-3643.584187784,-239637275.99,-73.6738257811,-666903890.76,-205.0322131964,581748905.3,178.8522562709,2016-04-22
1891,600983,惠而浦,1472003148.43,239.5375722273,-217411977.44,-14.7698038331,-198076459.1,-13.4562524076,1885106053.16,128.0639960024,2016-04-22
1892,600893,航发动力,509027658.96,-70.3642511862,164653435.99,32.3466580041,-1644827487.71,-323.1312599144,1988318334.64,390.6110600556,2016-04-22
1893,600759,洲际油气,1010754809.06,117.7775534982,111307500.12,11.0123146704,-3372016053.91,-333.6136542398,4303796756.74,425.8002750185,2016-04-22
1894,600755,厦门国贸,344941404.01,2.1044537714,-3725713262.89,-1080.1003357608,-656282308.6,-190.2590703727,4740115079.18,1374.1797951987,2016-04-22
1895,600678,四川金顶,-17233632.7,57.6012555513,65320.12,0.3790269941,-50099017.44,-290.7049158591,32800064.62,190.325888865,2016-04-22
1896,600545,卓郎智能,-177861721.82,-178.5260141349,240790375.26,135.380661334,-393990316.5,-221.5149569387,-24661780.58,-13.8657043953,2016-04-22
1897,600522,中天科技,1062848315.32,460.9846396207,-128953562.12,-12.1328283878,-423294960.88,-39.8264695704,1619220610.98,152.3472905438,2016-04-22
1898,600513,联环药业,-9826853.6,-135.6947989535,69500069.47,707.2464117101,-24851270.71,-252.8914311901,-54558546.47,-555.1985273292,2016-04-22
1899,600482,中国动力,45196868.27,-43.0005457418,328709278.35,727.2833072998,-326487237.77,-722.3669476823,42983759.22,95.1034017738,2016-04-22
1900,600481,双良节能,-127874874.56,46.3596913316,864855751.03,676.3296965145,-682633731.17,-533.8294434453,-295890132.61,-231.3903600126,2016-04-22
1901,600475,华光环能,-44059150.71,76.9309962292,99004985.21,224.7092456722,-55100591.56,-125.0604940678,-87963544.36,-199.6487516044,2016-04-22
1902,600327,大东方,47102471.51,112.645503879,142071781.13,301.6227738704,-74638382.76,-158.4595889924,-20330926.86,-43.1631848781,2016-04-22
1903,600256,广汇能源,1079410766.46,542.0863793151,543865972.59,50.3854500519,-3717425620.97,-344.3939727562,4256216838.03,394.3092815341,2016-04-22
1904,600235,民丰特纸,-73647574.11,-1093.7123282107,123089610.97,167.1332864083,-204099963.87,-277.1305998011,7169965.29,9.7355077566,2016-04-22
1905,600197,伊力特,422799214.73,166.681943296,245858267.12,58.1501238778,274314710.12,64.8806101249,-97373779.68,-23.0307380637,2016-04-22
1906,600186,莲花控股,-3665797.04,57.326232907,-38708861.22,-1055.946654919,20069861.48,547.489707177,15227542.77,415.3951406431,2016-04-22
1907,600138,中青旅,75482982.68,28.1847919123,524228725.14,694.4992189331,-759433382.31,-1006.0987991552,297728454.96,394.4312272637,2016-04-22
1908,600104,上汽集团,-2206162048.61,-108.0283006774,23283810974.3,1055.3989444687,-5292759991.92,-239.9080337392,-20185314532.36,-914.9515805096,2016-04-22
1909,600094,大名城,-76694560.65,-113.030965778,-2636828114.1,-3438.0901223665,-386667689.74,-504.1657276121,2946805683.76,3842.2616399198,2016-04-22
1910,600084,中信尼雅,931685262.42,2935.5437385126,-374128048.34,-40.1560552078,125383073.12,13.4576641037,1180430237.64,126.6983911041,2016-04-22
1911,301449,天溯计量,-69452.83,-110.3938193102,4132447.56,5950.0060112741,-5101900.39,-7345.8495355769,900000.0,1295.8435243028,2016-04-22
1912,301421,波长光电,-3492742.99,-187.245006053,-2456879.82,-70.3424164628,-5870753.83,-168.0843350572,4801626.32,137.4743671019,2016-04-22
1913,301313,凡拓数创,-2906777.34,59.6454141455,2743961.4,94.3987474459,-3509352.3,-120.7300005992,-2140577.79,-73.6409273784,2016-04-22
1914,301172,君逸数码,4402057.82,233.8722267445,5603031.79,127.2821034868,-344973.97,-7.8366524045,-856000.0,-19.4454510822,2016-04-22
1915,301152,天力锂能,-1058271.2,-209.4323716734,12704722.5,1200.516701201,-3357409.38,-317.2541575354,-10405584.32,-983.2625436656,2016-04-22
1916,301083,百胜智能,-2119695.64,-106.1827382696,23056197.97,1087.7126666166,-25175893.61,-1187.7126666166,,,2016-04-22
1917,300489,光智科技,-1328973.45,93.3521353641,37943252.83,2855.0798234532,-64163059.94,-4828.016687617,24890833.66,1872.9368641638,2016-04-22
1918,300460,ST惠伦,4430007.69,284.8883378749,117867337.93,2660.6576371428,-43327384.54,-978.0430999658,-72361651.84,-1633.4430299826,2016-04-22
1919,300452,山河药辅,17389910.03,272.1980436478,36827621.21,211.775800717,-10104494.51,-58.1055019409,-9333216.67,-53.6702987761,2016-04-22
1920,300417,南华仪器,5598142.34,-72.8654919245,21201796.31,378.7291394595,-15607518.65,-278.798174503,0.0,0.0,2016-04-22
1921,300411,金盾股份,196101433.87,378.793102098,-18173108.66,-9.2671982562,-45958932.29,-23.4363060907,260233169.85,132.7033488304,2016-04-22
1922,300397,天和防务,473022315.83,522.2077269359,-83975312.35,-17.752928253,-134713213.29,-28.4792511435,691710841.47,146.2321793965,2016-04-22
1923,300381,溢多利,11267790.51,22.7852516928,17959691.13,159.3896435513,-152063869.83,-1349.5447017323,145371969.21,1290.155058181,2016-04-22
1924,300333,兆日科技,278240191.28,608.7679285541,29745393.56,10.6905452527,283992851.63,102.0675159557,-35360000.0,-12.7084443974,2016-04-22
1925,300332,天壕能源,-119593404.61,14.2000249613,26894960.07,22.4886649541,-245600162.33,-205.3626311007,98634850.5,82.4751589117,2016-04-22
1926,300304,云意电气,-153047593.13,10.7572606584,66144733.79,43.2184083639,-217682223.5,-142.2317195901,-1500000.0,-0.9800872848,2016-04-22
1927,300276,三丰智能,-40113926.65,21.7864671753,35855110.77,89.3831987151,-46810146.19,-116.6930043983,-29158891.23,-72.6901943168,2016-04-22
1928,300234,开尔新材,-23415669.24,60.9096706293,60018949.56,256.3195992599,-33979484.12,-145.1142983432,-49461540.16,-211.2326564449,2016-04-22
1929,300198,ST纳川,-85409437.37,57.7007226317,48634853.67,56.9431846967,-165366230.85,-193.6158765847,31881786.93,37.3281781402,2016-04-22
1930,300185,通裕重工,-93562976.86,-5.2391327281,46421919.12,49.6156927429,225056387.22,240.5400028654,-364337967.88,-389.4039930187,2016-04-22
1931,300165,ST天瑞,19114163.2,134.9468118873,33251265.54,173.9613981113,-11044827.74,-57.7834751353,-3120188.14,-16.3239588746,2016-04-22
1932,300164,通源石油,-2148016.73,96.9524779187,60789777.92,2830.042106795,-15750831.9,-733.2732413122,-47267611.57,-2200.5234367984,2016-04-22
1933,300153,科泰电源,-81809068.97,-202.7198826978,-6423328.57,-7.8516094253,-86875716.7,-106.1932592484,12140247.02,14.8397325295,2016-04-22
1934,300129,泰胜风能,100253314.52,120.3516509194,72685901.27,72.5022425623,27311249.68,27.2422411277,1507734.56,1.5039248999,2016-04-22
1935,300113,顺网科技,-411910370.07,-2134.5923041114,271691401.67,65.9588642121,-633210501.22,-153.7253119198,-50391777.52,-12.2336753773,2016-04-22
1936,300061,旗天科技,19119138.04,165.9601275402,46379166.74,242.579799586,-66330760.35,-346.9338429966,39112975.57,204.5749943756,2016-04-22
1937,300042,朗科科技,147068564.49,1075.0163144621,534120.55,0.3631779176,135821974.33,92.3528252288,10705937.1,7.279555041,2016-04-22
1938,003026,中晶科技,17990302.35,3300.3141145668,-1396766.96,-7.7639993638,-648792.58,-3.6063461713,20059830.76,111.5035777039,2016-04-22
1939,002782,可立克,-8543332.18,82.1305896239,71920694.97,841.8342334665,-61955753.96,-725.1942527184,-18981381.25,-222.1777270283,2016-04-22
1940,002779,中坚科技,44767613.57,687.7287934814,55434686.06,123.8276549482,-9783647.3,-21.8542971577,-707547.16,-1.5804888927,2016-04-22
1941,002771,真视通,32803032.05,285.5732001078,66999634.36,204.2482971022,-2449064.5,-7.4659699026,-31747537.81,-96.7823271995,2016-04-22
1942,002735,王子新材,141578927.48,8213.0346648106,36701057.31,25.9226835259,-22646949.21,-15.9959886779,127243316.7,89.8744742349,2016-04-22
1943,002698,博实股份,-4841365.68,99.1710617611,92284550.24,1906.1677291024,-66700589.16,-1377.7226007848,-30393626.4,-627.7903469585,2016-04-22
1944,002692,远程股份,-311820196.43,-1513.3761904121,-126312027.61,-40.5079687128,-219391000.38,-70.3581752856,33882831.56,10.8661439983,2016-04-22
1945,002682,龙洲股份,6793887.69,104.0123281113,225725422.85,3322.4779853551,-138388893.68,-2036.9617514239,-80542641.48,-1185.5162339312,2016-04-22
1946,002681,奋达科技,-56263544.55,-170.6910872797,156318861.82,277.8332987554,-171204467.74,-304.290227552,-42833581.2,-76.1302572431,2016-04-22
1947,002670,国盛证券,-65494137.33,-22.8990171332,127378601.64,194.4885555148,-47716263.43,-72.8557782044,-145156475.54,-221.6327773105,2016-04-22
1948,002650,ST加加,-15042879.1,96.5260875843,263556450.92,1752.0346282647,-370546504.25,-2463.2685125416,91947174.23,611.2338842768,2016-04-22
1949,002641,公元股份,13377289.09,-50.7794011632,280553452.32,2097.236969557,-234237594.45,-1751.0094375183,-32843715.35,-245.5184688694,2016-04-22
1950,002640,跨境通,88597936.06,203.4280411858,-13129312.82,-14.8189827031,-20189288.47,-22.787538139,121907944.72,137.5968223881,2016-04-22
1951,002638,勤上股份,-109760396.97,-11.2129438131,-2958548.41,-2.6954607415,-12946588.2,-11.7953183092,-96293854.87,-87.7309644719,2016-04-22
1952,002636,金安国纪,-199613222.26,43.829295819,97404362.15,48.7965481681,-204564480.35,-102.4804259126,-91543795.35,-45.8605869459,2016-04-22
1953,002615,哈尔斯,-106190595.3,-442.1851527777,36851902.19,34.7035460964,-114185218.46,-107.5285604506,-29184000.0,-27.4826597568,2016-04-22
1954,002614,奥佳华,-264749727.55,-202.0415253612,142555667.21,53.8454443482,-282458736.12,-106.6889619619,-122158669.42,-46.1411879629,2016-04-22
1955,002609,捷顺科技,183375368.19,174.953510504,167428946.86,91.3039458421,-13542606.2,-7.3851828267,29500590.72,16.0875427333,2016-04-22
1956,002600,领益智造,-51299616.41,-133.7930978331,-8739537.41,-17.0362626889,-171481749.22,-334.2749151367,125987724.36,245.5919423511,2016-04-22
1957,002592,ST八菱,327815639.17,2367.0863496378,146668073.4,44.741023879,-438887139.14,-133.8823066072,620034704.91,189.1412827283,2016-04-22
1958,002579,中京电子,1452980.56,114.7434065107,11698682.03,805.1506229374,-157217104.27,-10820.3171190398,146996649.03,10116.9040437816,2016-04-22
1959,002565,顺灏股份,-289205114.82,-2911.0233282382,226555704.09,78.3373780339,-616205301.71,-213.0686042996,100472219.61,34.7408169709,2016-04-22
1960,002556,辉隆股份,-191116363.93,-54.7559916121,58836189.33,30.7855319765,-445682302.67,-233.1994464028,194952567.52,102.0072606611,2016-04-22
1961,002529,*ST海源,-82908343.26,40.6327936144,-58229393.96,-70.2334550063,-60330121.61,-72.7672502402,35541738.82,42.8687119082,2016-04-22
1962,002528,ST英飞拓,-287571480.49,69.062078655,12579749.7,4.3744774964,-189680101.75,-65.9592882531,-101091626.48,-35.1535647095,2016-04-22
1963,002519,银河电子,-126693602.44,-1175.5711634311,134132021.07,105.8711872476,-248701252.39,-196.3013503446,-12097668.96,-9.5487607322,2016-04-22
1964,002500,山西证券,5312167802.0,1274.4425929699,2252672689.0,42.4059023164,423137847.0,7.9654457986,2636214279.0,49.6259601967,2016-04-22
1965,002498,汉缆股份,-120549774.73,-98.5235225694,212502656.38,176.2779373549,-1120265360.55,-929.2969340333,787371849.72,653.1508262736,2016-04-22
1966,002486,嘉麟杰,-20290398.99,-178.9915706844,69923367.41,344.6130726383,-434313653.78,-2140.488484204,347008331.83,1710.2095035244,2016-04-22
1967,002475,立讯精密,1482253379.87,460.5516669465,320904617.51,21.6497814657,-1769415418.16,-119.3733434641,2906796691.59,196.1065989841,2016-04-22
1968,002446,盛路通信,-8552123.81,59.3515306003,-35626303.27,-416.5784319954,-146745055.52,-1715.8902137082,173755100.2,2031.7187175989,2016-04-22
1969,002445,中南文化,-296893122.31,-186.0880510144,-304866466.77,-102.6855941956,-178828573.38,-60.2333162818,186801917.84,62.9189104775,2016-04-22
1970,002440,闰土股份,117121155.16,110.7184272885,1224944288.5,1045.8779089282,-571427367.82,-487.8942382692,-536714922.04,-458.2561718306,2016-04-22
1971,002437,誉衡药业,231290878.09,153.4428869663,674036849.79,291.42387947,-1491257115.11,-644.7539684335,1048511094.41,453.3300677781,2016-04-22
1972,002420,毅昌科技,-52377904.43,65.0471475458,175295621.46,334.6747514389,-201927281.66,-385.5199704102,-25718225.71,-49.1012880142,2016-04-22
1973,002394,联发股份,-755741559.41,-86.8318934094,622236509.0,82.3345628214,-1183570772.69,-156.6105182325,-196851326.45,-26.0474396305,2016-04-22
1974,002375,亚厦股份,837434072.58,233.957982345,147924506.31,17.6640181184,-349316057.92,-41.7126636421,1038825164.61,124.0485906442,2016-04-22
1975,002352,顺丰控股,-71369429.31,-2494.1880370779,148544685.58,208.1348933516,-79656494.53,-111.6115055145,-140485433.12,-196.8425899972,2016-04-22
1976,002328,新朋股份,98085123.36,122.9579660691,497378961.91,507.089092486,-326789731.46,-333.169516707,-72251124.34,-73.6616541479,2016-04-22
1977,002309,中利集团,622500816.56,139.460008067,-1244623252.68,-199.9392160733,-411983096.0,-66.1819366401,2367429978.95,380.3095379108,2016-04-22
1978,002287,奇正藏药,-241113349.89,-2634.9490549185,310947521.44,128.9632123571,-418060871.33,-173.3876915238,-134000000.0,-55.5755208333,2016-04-22
1979,002275,桂林三金,-67922495.46,80.375960261,396529896.12,583.7975967086,-166206707.43,-244.7005315461,-298245962.22,-439.0974745556,2016-04-22
1980,002254,泰和新材,41979215.82,-58.5455504686,317915357.1,757.3160929522,-260240656.5,-619.9273888676,-14569827.38,-34.7072404651,2016-04-22
1981,002251,步步高,-78317344.09,-212.4588022151,648903620.76,828.5567243117,-773913278.92,-988.1761031511,46692314.07,59.6193788394,2016-04-22
1982,002239,奥特佳,221640860.03,551.1631463615,52368571.7,23.627670319,174590833.09,78.7719525481,-6030000.0,-2.7206174887,2016-04-22
1983,002227,奥特迅,21193642.54,-55.0618590686,-11820486.83,-55.7737387884,20697620.59,97.6595719728,12335550.21,58.2040118244,2016-04-22
1984,002216,三全食品,-302017931.71,-155.1675967879,142968002.08,47.3375872984,-368226156.92,-121.9219517315,-76830515.38,-25.4390575238,2016-04-22
1985,002204,大连重工,-241211774.04,-732.5518461574,-332942944.19,-138.0293086915,-34286404.85,-14.2142335242,124970191.82,51.8093249458,2016-04-22
1986,002197,证通电子,76542296.81,-43.9934823854,88069541.28,115.0599667771,-43690659.75,-57.0804137985,32163415.28,42.0204470214,2016-04-22
1987,002185,华天科技,129690686.12,1552.1886256358,553145925.08,426.5116806986,-460331453.82,-354.9456538414,37475360.55,28.8959536503,2016-04-22
1988,002181,粤传媒,-607678976.34,-383.2672353429,196757837.9,32.3785823701,-679143069.6,-111.7601720715,-125272381.6,-20.6148947845,2016-04-22
1989,002157,正邦科技,-67214962.33,61.2093249505,563007673.89,837.6225387524,-1416765957.3,-2107.8133620669,786541548.7,1170.1881864314,2016-04-22
1990,002154,报喜鸟,-175128985.9,-27.0291027317,382581680.96,218.4570869259,-8083290.42,-4.6156210969,-549627376.44,-313.841465829,2016-04-22
1991,002112,三变科技,16562805.52,167.2608211299,94881683.61,572.8599752948,-23663961.41,-142.8741126099,-54462021.54,-328.8212342664,2016-04-22
1992,002088,鲁阳节能,43019084.52,164.7559648269,69769265.67,162.1821255577,-22259021.45,-51.742201626,-4522592.7,-10.5129915024,2016-04-22
1993,002073,软控股份,-189078320.51,-370.6292785906,-289782381.46,-153.2605010867,-600315567.93,-317.4957162253,701956163.84,371.2515331988,2016-04-22
1994,002046,国机精工,2921353.73,102.5084427842,-25822270.14,-883.9145316374,-158088802.24,-5411.4912759983,186832426.11,6395.4058076356,2016-04-22
1995,002045,国光电器,-76137294.0,-350.5753878108,139558673.0,183.2987037863,-158496636.0,-208.1721422881,-57621333.0,-75.6808260089,2016-04-22
1996,002044,美年健康,289895407.84,1767.2699617075,207421289.41,71.5503881057,-314482123.43,-108.4812366547,396956238.66,136.9308474452,2016-04-22
1997,002035,华帝股份,18792376.4,160.7532089264,305556558.14,1625.9601853228,-245553743.32,-1306.6667998412,-40934200.42,-217.8234383385,2016-04-22
1998,002027,分众传媒,477690625.62,2479.8274044056,2517164690.05,526.9445442399,-131039908.31,-27.4319614583,-1908065382.18,-399.4353834563,2016-04-22
1999,002004,华邦健康,78718818.9,-82.8956655601,455964027.92,579.2312871198,-2684544122.59,-3410.2952255931,2313968737.35,2939.5369108492,2016-04-22
2000,000989,九芝堂,106008174.71,194.4915437765,399632555.53,376.9827719638,-208083565.18,-196.2901122949,-85540815.64,-80.6926596689,2016-04-22
2001,000960,锡业股份,-1312447599.53,-248.7240226185,2169828873.64,165.3268956732,-1308462551.22,-99.6963651493,-2174591688.9,-165.6897913241,2016-04-22
2002,000950,重药控股,55582861.82,177.7431083156,5738571.77,10.324354634,-320612884.99,-576.8196787497,370457175.04,666.4953241157,2016-04-22
2003,000937,冀中能源,-59767715.04,85.9879959998,1952086013.07,3266.1212023306,-2891102745.01,-4837.2315104821,879249016.9,1471.1103081514,2016-04-22
2004,000917,电广传媒,-2693238638.86,-198.1754632229,153006649.36,5.6811396938,-1501121972.75,-55.7366863482,-1345105499.61,-49.9437918424,2016-04-22
2005,000688,国城矿业,-147054476.79,-19.7479503292,299920694.88,203.9521008995,-650778799.86,-442.5426645048,203808330.0,138.5937609305,2016-04-22
2006,000417,合百集团,-329478545.79,-107.8854553876,450194963.29,136.6386276261,-596943044.69,-181.1781229211,-182730464.39,-55.4605047051,2016-04-22
2007,688319,欧林生物,-23833703.32,-211.7922974835,-19730359.59,-82.7834404293,-5620141.52,-23.5806473066,1516797.79,6.3640877359,2016-04-21
2008,688080,映翰通,4656013.88,-27.7555852369,3386180.57,72.7270291127,-576812.97,-12.388557785,1830000.0,39.3040065422,2016-04-21
2009,603608,天创时尚,60304697.0,136.2708510906,236261249.0,391.7791826398,-64095021.0,-106.2852881924,-111843949.0,-185.4647391728,2016-04-21
2010,603306,华懋科技,272766027.13,442.0576631408,150090270.77,55.0252802188,-227652570.46,-83.4607494398,349943104.02,128.2942409295,2016-04-21
2011,601928,凤凰传媒,350088.16,100.023677031,1647094211.61,470479.839023976,-1409932896.97,-402736.526985089,-234733829.52,-67049.9195174153,2016-04-21
2012,601518,吉林高速,-920824109.47,-796.8115609356,263127591.62,28.5752283106,-1709870283.84,-185.6891306662,525918582.75,57.1139023557,2016-04-21
2013,601226,华电科工,1287883507.56,2321.0069858314,-169904331.8,-13.1925232991,-344713160.27,-26.765864944,1803316362.05,140.0216985049,2016-04-21
2014,601008,连云港,-294306855.47,-47.3858319271,119624987.72,40.6463476799,-445092000.49,-151.2339900405,31148696.89,10.5837483263,2016-04-21
2015,600969,郴电国际,417526818.84,111.9323771396,365377010.0,87.5098301506,-927905453.39,-222.2385273281,980028662.75,234.7223264539,2016-04-21
2016,600960,渤海汽车,316762764.59,1237.6071113011,165070691.05,52.1117724375,-593088888.92,-187.2344085921,744582782.22,235.060071907,2016-04-21
2017,600592,龙溪股份,-13481627.91,-143.1969564426,102103204.99,757.3507121812,197252401.47,1463.1200533556,-313160480.56,-2322.86844475,2016-04-21
2018,600435,北方导航,163310939.29,106.1448410735,244759605.62,149.8733683635,-34990396.49,-21.4256293192,-46458269.84,-28.4477390443,2016-04-21
2019,600352,浙江龙盛,-37990815.56,-117.7175659982,2649388730.48,6973.7611352295,-2794421525.15,-7355.5186535459,112989504.49,297.4126846831,2016-04-21
2020,600156,华升股份,34456516.38,169.3153801362,-110253866.83,-319.9797263719,157110937.78,455.9687231504,-12412009.27,-36.022240708,2016-04-21
2021,600148,长春一东,9954949.78,182.4379175399,57573332.22,578.3387509967,12836204.51,128.9429358628,-60454629.89,-607.2821182027,2016-04-21
2022,301585,蓝宇股份,1790322.3,24.9662294192,4810976.41,268.7212470068,-2020654.11,-112.8653823951,-1000000.0,-55.8558646116,2016-04-21
2023,301550,斯菱智驱,-6661319.79,-254.0882965532,15788939.79,237.0241977228,-27512322.9,-413.0160954185,4912059.3,73.7400313279,2016-04-21
2024,301372,科净源,6918211.96,117.4014359134,21152276.48,305.7477365871,-1982129.69,-28.6508956571,-12251934.83,-177.09684093,2016-04-21
2025,301225,恒勃股份,9855661.82,285.4898286524,17070014.13,173.2000797284,-18347993.34,-186.1670344935,11161208.8,113.2466698213,2016-04-21
2026,301077,星华新材,-14450207.76,-191.0541608493,20654705.49,142.9370832105,-7554412.33,-52.2789184451,-27438008.87,-189.8796842628,2016-04-21
2027,300501,海顺新材,43760371.45,1092.5145521278,62805425.89,143.521235787,-1031719.15,-2.35765629,-18000000.0,-41.1331060582,2016-04-21
2028,300494,盛天网络,43924161.52,-31.2408576763,96783862.69,220.3431080772,-8679826.17,-19.7609376471,-44179875.0,-100.58217043,2016-04-21
2029,300315,掌趣科技,98887324.1,-27.3626418275,408661839.28,413.2600846462,-1097703060.24,-1110.0543676659,787904297.32,796.7697624452,2016-04-21
2030,300040,九洲集团,-4158292.45,97.6222718148,92561021.03,2225.93822207,-82829313.48,-1991.9068818741,-13890000.0,-334.0313401959,2016-04-21
2031,002702,海欣食品,-212361528.5,-4.7452300447,-13143450.15,-6.1891860747,-185077564.84,-87.152115615,-14140000.0,-6.658456501,2016-04-21
2032,002693,*ST双成,-262364511.33,-164.4418810685,53205645.19,20.2792843134,-279273429.28,-106.4448190284,-36000000.0,-13.7213679615,2016-04-21
2033,002673,西部证券,7087487280.53,525.0991673707,3881274005.05,54.7623417359,-28367239.99,-0.4002439633,3234538356.16,45.637307386,2016-04-21
2034,002607,中公教育,-43806113.76,68.0609590892,118923719.25,271.4774469645,-238532202.88,-544.5180647314,75802369.87,173.040617767,2016-04-21
2035,002582,好想你,-65401919.55,62.5943229707,-93864986.67,-143.5202319991,-553492037.88,-846.2932612503,581955105.0,889.8134932494,2016-04-21
2036,002454,松芝股份,162209534.19,137.621374841,225187200.11,138.8248855004,-33303989.21,-20.531462208,-29717460.77,-18.3204155775,2016-04-21
2037,002384,东山精密,-120098503.9,-163.1530437284,-141783149.63,-118.0557167873,-574800626.41,-478.6076493414,603501222.39,502.5051959785,2016-04-21
2038,002379,宏桥控股,-247379986.58,-381.3542994465,-431718594.03,-174.5163786281,-524219721.31,-211.9087031078,708103872.65,286.2413740252,2016-04-21
2039,002361,神剑股份,473719659.27,1972.497742631,104494310.59,22.0582592563,-25307568.02,-5.3423090059,394753728.95,83.3306621807,2016-04-21
2040,002346,柘中股份,-121683497.53,63.4704209292,173451226.29,142.5429329456,-86104640.31,-70.7611484366,-208607785.61,-171.4347383535,2016-04-21
2041,002322,理工能科,-54178997.33,-164.8805590206,165021169.22,304.585129575,-195348166.55,-360.5606898927,-23852000.0,-44.0244396823,2016-04-21
2042,002190,成飞集成,-413159119.8,-16155.9652764036,-39327976.67,-9.5188451096,-371058494.55,-89.8100699628,-3219063.31,-0.7791340323,2016-04-21
2043,002182,宝武镁业,36221973.91,132.3047814422,336399667.82,928.717105964,-135850191.8,-375.0491128328,-165229311.5,-456.1576680237,2016-04-21
2044,002178,延华智能,202637136.92,45.8492859947,79704058.3,39.333391456,115152857.84,56.8271243812,7780220.78,3.8394841628,2016-04-21
2045,002167,东方锆业,-202185169.94,41.5978043199,19679763.45,9.733534589,-10007123.44,-4.9494843974,-209442370.85,-103.5893833915,2016-04-21
2046,002165,红宝丽,-26282034.12,65.7346170668,235378346.73,895.5864894448,-85299266.06,-324.5535169406,-176360836.13,-671.0319122362,2016-04-21
2047,002144,宏达高科,-42171635.3,-1189.5284440337,118942758.2,282.0444532299,-123435977.65,-292.6990541673,-37830349.93,-89.7056745864,2016-04-21
2048,002064,华峰化学,436006254.67,3137.9600582681,712873113.86,163.5006622553,-1223627503.58,-280.6444839894,945343255.83,216.8187372783,2016-04-21
2049,002059,云南旅游,95720661.94,29.3498453415,-67785124.89,-70.8155621954,-56871173.68,-59.4136861649,220376957.22,230.2292449233,2016-04-21
2050,002041,登海种业,-968439911.99,-1390.2772674142,736566835.1,76.0570507247,-1471736123.22,-151.9697923432,-233270591.68,-24.0872550575,2016-04-21
2051,001317,三羊马,-14232826.88,,-24219503.38,-170.1665001914,-23590535.57,-165.7473653611,33577212.07,235.9138655525,2016-04-21
2052,000501,武商集团,155188112.07,268.3068036358,1035161998.32,667.0369170114,-2259438731.27,-1455.9354457839,1379464302.02,888.8981788745,2016-04-21
2053,000032,深桑达A,46735708.31,143.2516526808,78043899.68,166.9898724169,-144886018.18,-310.0113883349,113166376.37,242.1411388897,2016-04-21
2054,000030,富奥股份,254783538.25,194.9593013968,359864277.12,141.2431429408,249056518.45,97.7522017948,-353878538.16,-138.8938000432,2016-04-21
2055,688677,海泰新光,-12883897.63,-129.6945847499,13745353.32,106.6862972273,-19902596.74,-154.4765203168,-6895017.98,-53.5165535928,2016-04-20
2056,688663,新风光,16059719.62,98.8212248309,-11064010.43,-68.8929239849,-4823064.29,-30.0320578698,31946794.34,198.9249818547,2016-04-20
2057,688095,福昕软件,-25059740.14,-417.1408095801,70223570.65,280.2246561923,-102005698.55,-407.0501049896,6276513.62,25.0462039308,2016-04-20
2058,603789,*ST星农,36397597.62,138.5243020592,209976702.11,576.8971466255,-33434144.49,-91.8581078868,-140144960.0,-385.0390387386,2016-04-20
2059,603318,水发燃气,18136935.61,40.5210818669,5516613.98,30.4164611852,-50184458.63,-276.6975618656,63776916.85,351.6410832646,2016-04-20
2060,601599,浙文影业,-69185193.23,-145.189762417,328026363.97,474.1279870095,-274892592.62,-397.3286476286,-122497221.65,-177.0569914328,2016-04-20
2061,601555,东吴证券,8803792291.97,2026.4217655928,1006467334.46,11.4322021815,-157187681.11,-1.7854542213,7954478124.94,90.3528600078,2016-04-20
2062,601199,江南水务,42718699.11,136.0137445482,385402225.87,902.1862413872,-298261526.76,-698.1989924178,-44422000.0,-103.9872489694,2016-04-20
2063,601177,杭齿前进,-27722809.09,-410.5892326147,152531901.32,550.2036277234,-136751226.22,-493.280553843,-43268472.3,-156.0753535456,2016-04-20
2064,601117,中国化学,1219209141.07,150.2529462651,1481582541.23,121.5199666178,-2610768775.38,-214.1362533657,2362830523.75,193.8002631506,2016-04-20
2065,601010,文峰股份,-223716826.19,57.3156671522,251226116.37,112.2964779398,-253856849.71,-113.4723990293,-221086092.85,-98.8240789105,2016-04-20
2066,600880,博瑞传播,166239134.72,-66.9906824687,531196933.75,319.5378360485,-201766695.96,-121.3713583747,-163127331.57,-98.1281163697,2016-04-20
2067,600831,广电网络,95496015.41,243.637312728,799507181.58,837.2152263604,-780069623.5,-816.86091315,76058457.33,79.6456867896,2016-04-20
2068,600797,浙大网新,18853266.0,-65.2652204912,176531792.08,936.345947063,95714755.7,507.6826248566,-244855401.85,-1298.7426255483,2016-04-20
2069,600778,友好集团,-529964037.15,-261.0013600759,976752114.97,184.3053578169,-1671975882.15,-315.4885548728,165259730.03,31.1831970559,2016-04-20
2070,600703,三安光电,2680480853.51,475.8772653636,665256703.4,24.8185583019,-1456580093.56,-54.3402536024,3472352381.16,129.5421445228,2016-04-20
2071,600699,均胜电子,167065051.46,968.3415965431,737519428.75,441.4564400542,-843998910.85,-505.1917821676,288228228.14,172.524549941,2016-04-20
2072,600697,欧亚集团,187959768.8,153.1736909865,86761451.51,46.159586205,-1666241116.48,-886.4881709091,1767439537.99,940.3286401521,2016-04-20
2073,600681,百川能源,-3478462.51,-15.3477294511,-3381927.51,-97.224779634,-96535.0,-2.775220366,0.0,0.0,2016-04-20
2074,600551,时代出版,-41105060.77,85.3320259122,409031477.63,995.0878796134,-225340619.49,-548.206510996,-224844870.99,-547.000458771,2016-04-20
2075,600100,同方股份,832742291.16,-35.3850687279,856103304.69,102.8053112923,-2027170017.38,-243.4330571294,2063745733.45,247.8252582291,2016-04-20
2076,600010,包钢股份,281159017.03,117.455124152,2964567367.17,1054.4094934198,-2728155597.33,-970.3247742678,44458681.87,15.8126466438,2016-04-20
2077,301082,久盛电气,3523652.16,138.9862676446,23726306.31,673.3441677172,-2695271.08,-76.4908384147,-17507383.07,-496.8533293025,2016-04-20
2078,300872,天阳科技,3015276.29,10.5475329313,-27680800.31,-918.0187036857,-1277994.86,-42.384005215,31974071.46,1060.4027089007,2016-04-20
2079,300423,昇辉科技,-19717012.99,-140.9782317325,-8693045.6,-44.0890595569,-1324778.16,-6.718959716,-9699189.23,-49.1919807271,2016-04-20
2080,300346,南大光电,219183269.89,245.6103553534,44720333.89,20.4031694173,178600261.14,81.4844405002,-4101957.15,-1.871473654,2016-04-20
2081,300313,*ST天山,30442525.98,671.5507442369,3184366.71,10.4602578383,-54127052.49,-177.8007926332,81358369.77,267.2523621182,2016-04-20
2082,300281,金明精机,33711009.69,124.5839520867,67800218.22,201.1218852342,-42454998.1,-125.9380792519,8264397.0,24.5154241181,2016-04-20
2083,300263,隆华科技,-95951212.03,59.4021213838,-200104990.73,-208.5486847914,-95541264.69,-99.5727543912,199693242.92,208.1195627394,2016-04-20
2084,300261,雅本化学,-49496799.24,53.2694071386,84640620.13,171.0022090915,-353374446.46,-713.9339348926,218223035.78,440.8831260419,2016-04-20
2085,300258,精锻科技,-25066362.86,82.0656904411,130138919.92,519.177515489,-231154905.71,-922.1717047704,76576067.35,305.4933329486,2016-04-20
2086,300250,初灵信息,12550781.16,188.5092630871,30049836.77,239.4260276466,-2779372.83,-22.1450186611,-14723207.55,-117.3090930541,2016-04-20
2087,300246,宝莱特,-15421659.03,76.2526022215,42310640.87,274.3585549887,-50698886.28,-328.7511815776,-7513285.23,-48.7190464747,2016-04-20
2088,300236,上海新阳,-100995430.83,-141.6810687242,22294613.85,22.074873751,-118610284.51,-117.4412382176,-4666025.14,-4.6200358785,2016-04-20
2089,300171,东富龙,60851719.27,111.3501722759,55060521.05,90.4830984408,60585701.31,99.5628423269,-54603850.96,-89.732634698,2016-04-20
2090,300130,新国都,-174011217.45,-1200.7018316276,-3867312.57,-2.2224501539,-171016532.9,-98.2790278731,872628.02,0.501478027,2016-04-20
2091,300079,数码视讯,-764189184.36,-165020.261340808,252613751.67,33.0564416299,-1103091005.78,-144.3478955677,97677214.06,12.7818105855,2016-04-20
2092,300075,数字政通,-451103735.41,-2935.4945610715,-59276710.47,-13.1403723394,-402342957.77,-89.1907838902,10515932.83,2.3311562296,2016-04-20
2093,003039,顺控发展,69231971.38,15.5326187115,193527713.01,279.5351759489,-37097835.53,-53.584831965,-87197906.1,-125.950343984,2016-04-20
2094,002790,瑞尔特,-5002306.64,70.1646972254,109210978.79,2183.2123987905,-139584635.58,-2790.4054194487,24270694.22,485.1900526434,2016-04-20
2095,002787,华源控股,17024448.77,200.9890431402,138907083.63,815.9270558867,-86781309.83,-509.7451964666,-35113076.81,-206.250888263,2016-04-20
2096,002785,万里石,-64110680.02,-880.1617215138,-3425509.54,-5.3431183992,-34856048.41,-54.368552009,-26254631.33,-40.9520400061,2016-04-20
2097,002767,先锋电子,12087763.66,-28.3263834033,47810527.24,395.5283093283,-3380677.75,-27.96776844,-32342085.83,-267.5605408883,2016-04-20
2098,002760,凤形股份,36721752.77,209.9598837281,68777924.61,187.294776044,137763780.97,375.1557879954,-169890740.19,-462.6433309273,2016-04-20
2099,002757,南兴股份,32686953.27,269.3110310124,111820187.8,342.0942504991,-103007693.61,-315.1339703004,23874459.08,73.0397198013,2016-04-20
2100,002748,世龙实业,-2661617.0,-1661.3581805295,100809812.11,3787.5401348128,-68290035.92,-2565.7348867249,-35428033.24,-1331.0717973322,2016-04-20
2101,002724,海洋王,406583047.45,3922.7776301972,198410054.56,48.7993918596,-134699234.86,-33.1295748076,342816821.4,84.3165556336,2016-04-20
2102,002723,小崧股份,19769249.95,153.754698431,68682837.28,347.4225752303,-165049707.64,-834.8809795892,116658671.36,590.1016561329,2016-04-20
2103,002668,TCL智家,801038.67,-98.6585485026,465671849.1,58133.5042289531,-259212414.89,-32359.5382592453,-210675022.96,-26300.231293453,2016-04-20
2104,002663,普邦股份,455452568.28,262.1980369667,-166782394.88,-36.6190480624,-323074162.98,-70.9347548967,945465724.48,207.5881859774,2016-04-20
2105,002589,瑞康医药,-88015509.89,-129.0863666921,-163621029.09,-185.9002229204,-201853339.31,-229.3383740687,277458858.51,315.2385969891,2016-04-20
2106,002562,兄弟科技,202927957.87,150.5158261589,91415751.39,45.048376946,47522070.3,23.4181976692,63165139.34,31.1268787224,2016-04-20
2107,002512,ST达华,-150437980.53,6.8729554794,-16987760.57,-11.2922019494,-308527395.42,-205.0861054722,176125750.77,117.0753224349,2016-04-20
2108,002462,嘉事堂,174820306.78,244.8519038039,-764459266.51,-437.2828766809,-58754309.62,-33.6084009359,998033882.91,570.8912776168,2016-04-20
2109,002376,新北洋,99299504.39,184.5389784973,177509575.19,178.7617937073,80900295.52,81.4709962723,-158575287.61,-159.6939366255,2016-04-20
2110,002347,泰尔股份,3425142.47,-98.0456641042,58405997.43,1705.2136645866,-59261391.27,-1730.1876283704,4280536.31,124.9739637838,2016-04-20
2111,002344,海宁皮城,-466128249.55,-606.7968181486,685714715.32,147.108594251,-1474458673.02,-316.3203848819,321700290.43,69.0154031086,2016-04-20
2112,002320,海峡股份,-159484584.8,68.7177966411,203717894.67,127.735163198,-486903478.22,-305.2981445389,123700998.75,77.5629813409,2016-04-20
2113,002317,众生药业,-90561738.45,84.376226714,100595091.43,111.0790198507,-225113350.33,-248.574457804,33956520.45,37.4954379534,2016-04-20
2114,002315,焦点科技,-455437849.76,-80.8567390277,99895923.09,21.9340406474,-447411969.34,-98.2377660477,-107965851.28,-23.7059461213,2016-04-20
2115,002264,新华都,-273070204.62,31.2879162321,-215825929.49,-79.0367919453,-307398197.31,-112.5711235093,250153922.18,91.6079154546,2016-04-20
2116,002219,新里程,80991822.54,142.651242148,193353694.53,238.7323663874,-420635843.62,-519.3559428944,308273971.63,380.6235765071,2016-04-20
2117,002206,海利得,203441422.88,161.0169560477,347358385.58,170.741228931,13775328.32,6.77115217,-146864032.51,-72.1898374633,2016-04-20
2118,002132,恒星科技,162548715.83,253.980797864,321117141.11,197.5513245185,-70653038.6,-43.4657623957,-87915386.68,-54.0855621228,2016-04-20
2119,002022,科华生物,-93237955.58,-60.5906714968,249638498.44,267.743427971,-225217713.32,-241.5515354439,-117522990.54,-126.0462971425,2016-04-20
2120,000913,钱江摩托,5593925.11,122.8172616109,-32312905.4,-577.6427957935,35932649.41,642.351277563,2210748.73,39.520527832,2016-04-20
2121,000792,盐湖股份,615275783.33,271.9320471805,1355651678.59,220.3323640097,-7343219138.4,-1193.4841801602,6602843243.14,1073.1518161505,2016-04-20
2122,000766,通化金马,38539084.75,377.7376001327,34317920.13,89.0470553533,-160453090.93,-416.3386130492,164674255.55,427.2915576959,2016-04-20
2123,000717,中南股份,181203747.27,141.0348051004,2047132281.21,1129.7405887306,-1004357785.82,-554.2698762865,-861493647.18,-475.4281631364,2016-04-20
2124,000650,仁和药业,94808791.41,5.8033594882,365274345.48,385.2747620211,-159273912.38,-167.9948768582,-111191641.69,-117.2798851629,2016-04-20
2125,000560,我爱我家,-55673805.81,-787.2380442503,-29729851.67,-53.4000707109,185022190.81,332.3325720563,-210966144.95,-378.9325013454,2016-04-20
2126,000538,云南白药,-58987836.99,-118.3256328449,1586864179.63,2690.154887183,-2214752499.2,-3754.5918145387,569410636.63,965.3017735275,2016-04-20
2127,688576,西山科技,-4028307.41,31.6701588614,-3218995.91,-79.9093907781,-11162818.07,-277.1093894743,10355655.25,257.0721197765,2016-04-19
2128,688078,龙软科技,1511642.6,110.2312191032,-335516.95,-22.1955209518,-3679013.9,-243.3785538989,5526173.45,365.5740748508,2016-04-19
2129,603979,金诚信,17856027.8,-82.4717194911,76156814.82,426.5047953162,-145471023.63,-814.6886040914,88003457.98,492.8501398279,2016-04-19
2130,603703,盛洋科技,-2956894.2,-123.7364334144,66342601.34,2243.658272927,-43962361.48,-1486.7749234991,-25387165.82,-858.5753869719,2016-04-19
2131,603696,安记食品,29522270.89,15.0999902652,73907253.97,250.3440681964,-33836155.39,-114.6123057947,-10396672.18,-35.2163701049,2016-04-19
2132,603688,石英股份,355893712.61,1097.6847933043,48549629.79,13.6416092979,-44847630.86,-12.6014113964,353507672.76,99.3295639216,2016-04-19
2133,603600,永艺股份,20956253.44,556.1125610542,62983996.58,300.5498896085,-26799304.5,-127.8821358824,-16380478.39,-78.165109221,2016-04-19
2134,603333,尚纬股份,-157504947.14,70.9364691802,153635302.52,97.5431599513,-60782277.3,-38.5907099451,-250193764.28,-158.8481941825,2016-04-19
2135,603167,渤海轮渡,100159835.03,1647.9842128563,321999455.22,321.485608601,-651223701.92,-650.1844793624,429736856.37,429.0510824437,2016-04-19
2136,603158,腾龙股份,31120478.03,482.2064449817,113913998.14,366.0419291445,-37512372.12,-120.5391899309,-41179099.1,-132.3215506533,2016-04-19
2137,603012,创力集团,-36652452.01,-367.6827584452,192267655.5,524.5696944028,-20317132.09,-55.4318496467,-208602975.42,-569.1378447562,2016-04-19
2138,601718,际华集团,1327770216.2,272.4035687662,374392187.21,28.1970617086,-35270205.1,-2.6563485662,992605813.09,74.7573488981,2016-04-19
2139,601700,风范股份,290845.49,100.0352878471,220584068.16,75842.354701804,-247210097.51,-84997.0537655578,26916874.84,9254.6990637537,2016-04-19
2140,601668,中国建筑,28180876000.0,468.4462434597,24906341000.0,88.380293785,-15466747000.0,-54.8838403746,18194575000.0,64.5635536667,2016-04-19
2141,601002,晋亿实业,-74181730.77,-34.4833301724,288686406.94,389.1610561569,-173991713.44,-234.5479293001,-190197550.3,-256.3940586527,2016-04-19
2142,600959,江苏有线,320950210.57,249.5091998855,2197777684.52,684.7721584656,-1392325625.31,-433.813588356,-484501848.64,-150.9585701095,2016-04-19
2143,600872,中炬高新,-84946656.95,-11645.3990908853,334963620.08,394.3223101495,-376524361.78,-443.2480044525,-43573730.67,-51.2954037681,2016-04-19
2144,600867,通化东宝,-14181833.27,-115.5062975621,205890089.83,1451.7875503835,-106041587.32,-747.7283458431,-114030335.78,-804.0592045403,2016-04-19
2145,600848,上海临港,463736340.19,11447.4628849648,-339454288.6,-73.1998463741,-220819373.92,-47.6174400802,1024010002.71,220.8172864543,2016-04-19
2146,600782,新钢股份,1733659338.01,378.557327102,3100196373.18,178.8238499461,-245704185.15,-14.1725758783,-1093040073.32,-63.0481461586,2016-04-19
2147,600776,东方通信,83283806.19,130.5013402792,74355286.63,89.2794050027,107773391.74,129.4049787952,-98865675.6,-118.7093627475,2016-04-19
2148,600706,曲江文旅,-238638836.23,-239.1680699282,-14460348.55,-6.0595118458,-66560990.42,-27.891935559,-157617497.26,-66.0485525952,2016-04-19
2149,600658,电子城,257777654.71,1101.1894070196,395981996.45,153.6137788574,3922566.0,1.5216858127,-142126907.74,-55.1354646701,2016-04-19
2150,600597,光明乳业,-584643517.0,-324.015771207,337881633.0,57.7927614307,-1717496181.0,-293.7681050177,795420838.0,136.0522805558,2016-04-19
2151,600526,菲达环保,-197086344.72,-160.4525712222,-423463141.28,-214.8617357948,-24758870.15,-12.562448294,251149266.79,127.4310846583,2016-04-19
2152,600521,华海药业,-7780987.65,-102.6130586044,328608722.39,4223.2263713977,102335804.54,1315.2032767974,-430197561.0,-5528.829762376,2016-04-19
2153,600510,黑牡丹,-443176491.08,-276.7856439299,-962855939.63,-217.2624132845,-3079947.91,-0.694970959,522719118.94,117.9482958733,2016-04-19
2154,600480,凌云股份,451368093.91,1012.7767842929,742310460.84,164.4578938688,-373739407.27,-82.8014678735,85138015.44,18.86221392,2016-04-19
2155,600478,科力远,204108390.33,149.146197796,93248201.7,45.6856288706,-376848901.43,-184.6317541482,488328268.06,239.2494827236,2016-04-19
2156,600381,*ST春天,-320456934.26,-3921.8247369854,-152276388.75,-47.5185188617,487816599.32,152.2253217726,-655997144.83,-204.7068029109,2016-04-19
2157,600370,三房巷,84540851.67,50.1387810464,127686101.19,151.0347940288,-27426169.71,-32.4413217613,-15944884.6,-18.8605677433,2016-04-19
2158,600363,联创光电,80014207.94,153.1981754634,46790862.81,58.4781928293,-75341142.55,-94.1597054944,108303392.85,135.3552020801,2016-04-19
2159,600330,天通股份,38813061.68,1023.9847688071,56146623.69,144.6590947988,-225421220.75,-580.7870108484,209118556.69,538.7839753898,2016-04-19
2160,600305,恒顺醋业,-57274385.19,-144.5362236671,232546694.44,406.0221574942,-118390431.44,-206.7074680021,-171430648.19,-299.3146894922,2016-04-19
2161,600199,金种子酒,-379188111.15,47.5627641732,53283820.53,14.0520810023,-388009931.52,-102.326502364,-44462000.16,-11.7255786383,2016-04-19
2162,600185,珠免集团,966204128.14,26.5316708661,-1145330909.93,-118.5392275372,180315394.88,18.6622463751,1931219643.19,199.8769811621,2016-04-19
2163,600152,维科技术,-65402165.74,65.1771042691,-50379556.57,-77.0304102318,210178975.25,321.3639378328,-226961857.9,-347.0249881361,2016-04-19
2164,600121,郑州煤电,-572486593.74,-185.111370729,-308349732.95,-53.8614766392,453879005.74,79.2820322263,-718015866.53,-125.420555587,2016-04-19
2165,600114,东睦股份,15330220.45,148.5157307466,197467120.37,1288.0905464735,-279587111.21,-1823.7644534981,97434105.04,635.5688449346,2016-04-19
2166,600089,特变电工,701341909.61,164.7931423905,-1381726521.31,-197.011828664,-2162975677.76,-308.4053081845,4227133265.62,602.7207568375,2016-04-19
2167,600015,华夏银行,3881000000.0,-94.5477789329,12882000000.0,331.9247616594,-20167000000.0,-519.6341149188,11068000000.0,285.1842308683,2016-04-19
2168,301316,慧博云通,1894990.81,128.466508196,5829861.69,307.6459083197,-1167370.88,-61.6029837105,-2767500.0,-146.0429246092,2016-04-19
2169,301030,仕净科技,-524333.55,87.5340934577,4500715.4,858.3687616404,-273913.27,-52.2402714837,-4751135.68,-906.1284901567,2016-04-19
2170,300484,蓝海华腾,31395395.99,44.3136373645,39324433.55,125.2554150377,-1929037.56,-6.1443326296,-6000000.0,-19.1110824081,2016-04-19
2171,300449,汉邦高科,74234770.19,27.6779643327,53710258.61,72.3518891114,-734889.91,-0.9899537752,21199758.78,28.5577213019,2016-04-19
2172,300395,菲利华,272650854.46,1788.1034460854,35518607.79,13.0271397316,-18065319.78,-6.6258071392,255049880.9,93.5445008618,2016-04-19
2173,300384,三联虹普,233407275.07,2555.0796003245,216276190.97,92.6604326729,-389787024.46,-166.9986611784,406920233.33,174.3391388327,2016-04-19
2174,300352,北信源,-81961668.35,-74.4524781593,-19327029.19,-23.5805707462,-48388704.35,-59.0382130136,-13340000.0,-16.2759010017,2016-04-19
2175,300319,麦捷科技,-10155858.77,89.1858823261,31541500.67,310.5744318065,-107700227.02,-1060.4738551322,66154623.48,651.3936928251,2016-04-19
2176,300311,ST任子行,-68034092.13,-1742.0181049037,31302727.51,46.0103552939,-122067616.09,-179.4212464197,22730796.45,33.4108911258,2016-04-19
2177,300285,国瓷材料,-129708045.21,-136.6077848026,-9202682.4,-7.0949202766,-108043147.5,-83.2971827808,-12901875.53,-9.9468583534,2016-04-19
2178,300269,联建光电,139267887.02,2666.1017608764,183741677.82,131.9339883383,-286465500.55,-205.693865743,241987669.92,173.7569766426,2016-04-19
2179,300254,仟源医药,25845139.41,113.4893847823,82191777.71,318.0163836849,-30486907.05,-117.9599249451,-25859731.25,-100.0564587398,2016-04-19
2180,300219,鸿利智汇,-45403097.18,-50.1721758861,208303435.3,458.7868410699,-269667485.04,-593.9407260498,17060889.19,37.5764876179,2016-04-19
2181,300197,节能铁汉,61250386.9,-46.4741025867,-241763512.08,-394.7134447897,-356703230.94,-582.3689432727,659717127.72,1077.0823844706,2016-04-19
2182,300159,*ST新研,-66214778.05,-226.7657476802,-15750754.61,-23.7873705445,-36884023.44,-55.7036125865,-13580000.0,-20.5090168689,2016-04-19
2183,300086,康芝药业,802448.76,101.898512867,73930322.65,9213.0895248689,-45127873.89,-5623.770156988,-28000000.0,-3489.3193678809,2016-04-19
2184,300032,金龙机电,11246717.3,105.8227339413,89645541.92,797.0818464513,-486972476.28,-4329.9076814174,409052114.57,3637.0800799803,2016-04-19
2185,300020,ST银江,-94199815.27,-560.2958485148,-259091403.83,-275.0444924837,-137617292.83,-146.0908308955,302529719.21,321.1574442507,2016-04-19
2186,300010,豆神教育,161723279.66,548.0523456176,91718855.82,56.713452765,-120882354.57,-74.746415497,190886778.41,118.032962732,2016-04-19
2187,002791,坚朗五金,-22054958.67,-125.6996005447,33904373.72,153.7267615292,-96197062.21,-436.1697686645,40171058.99,182.1407130753,2016-04-19
2188,002783,凯龙股份,-51409281.49,-191.8085649003,115879489.08,225.4057744467,-65953585.93,-128.2912034918,-101335184.64,-197.1145709549,2016-04-19
2189,002756,永兴材料,34180980.83,124.1174287001,249712609.73,730.5601058435,-147163905.27,-430.5432486034,-67445049.66,-197.3174789671,2016-04-19
2190,002708,光洋股份,92159813.62,2721.9108982465,73120055.77,79.3404987466,-188107376.9,-204.1099797311,207435168.04,225.0820177386,2016-04-19
2191,002696,百洋股份,229952104.79,155.4752177459,-34028362.03,-14.7980215537,51036314.57,22.1943237339,212933791.02,92.5991919989,2016-04-19
2192,002664,信质集团,-105163460.65,-872.0745848578,165375727.6,157.2558820125,-223186278.59,-212.227970828,-48006730.15,-45.6496294942,2016-04-19
2193,002645,华宏科技,-105200137.75,-2.163276362,-46476476.08,-44.1791019233,-49140814.53,-46.7117397192,-9600480.0,-9.1259196094,2016-04-19
2194,002576,通达动力,75868833.69,128.5035164801,-24089236.15,-31.7511618123,11563399.97,15.2413045088,88513168.78,116.6660464845,2016-04-19
2195,002483,润邦股份,-205123215.29,-218.8969918384,-268457131.55,-130.8760352505,-144214377.36,-70.3062191942,202693165.02,98.8153216755,2016-04-19
2196,002456,欧菲光,1012842382.68,74.1904714063,-216023715.43,-21.3284632559,-1395618347.68,-137.7922539129,2631694411.96,259.8325718752,2016-04-19
2197,002416,爱施德,-1403679695.13,-239.9634331434,9096769.34,0.6480658922,-229399254.51,-16.3427066236,-1183103688.05,-84.2858732056,2016-04-19
2198,002406,远东传动,111406222.89,123.2172452419,232431708.3,208.6344032411,-18685485.41,-16.7723893022,-102340000.0,-91.8620139389,2016-04-19
2199,002282,博深股份,-17618151.57,-429.2340090775,117291176.54,665.7405351179,6769788.39,38.4250774725,-141523353.52,-803.2815074709,2016-04-19
2200,002150,正泰电源,31318425.75,371.8830489339,90086420.44,287.6467072742,-18295715.32,-58.4183747486,-40890049.06,-130.5622747018,2016-04-19
2201,002139,拓邦股份,1238813.94,110.9144693044,110884945.66,8950.8958593088,-69732921.67,-5629.0068603845,-40839231.3,-3296.6396309683,2016-04-19
2202,002131,利欧股份,-313292747.37,-196.6847380087,-109977222.09,-35.1036603985,-261901130.07,-83.5962952442,48227741.04,15.393826204,2016-04-19
2203,002107,沃华医药,24986116.64,168.4101550438,39895379.57,159.6701886284,-13274624.13,-53.1280003262,-1634638.8,-6.5421883022,2016-04-19
2204,002102,能特科技,-29228335.73,-165.9701380116,-167495961.55,-573.0602080709,-64548573.78,-220.8424536254,202838845.51,693.9801409966,2016-04-19
2205,002100,天康生物,180173105.95,262.1322125567,501496181.63,278.3413090349,-259657491.3,-144.1155659336,-61665584.38,-34.2257431013,2016-04-19
2206,002009,天奇股份,-87334085.59,-167.661671451,164807768.09,188.7095593623,-152262531.71,-174.3449086131,-96841040.71,-110.8857327077,2016-04-19
2207,002008,大族激光,106557285.13,-65.8316401681,958317537.26,899.3449261501,-343748278.92,-322.5948169575,-494340760.73,-463.9201910286,2016-04-19
2208,002001,新和成,-32516354.76,-108.348400638,1079736503.0,3320.5951619406,-810935254.06,-2493.9303930143,-278934076.98,-857.8270197837,2016-04-19
2209,001376,百通能源,35857.2,100.3485600659,29766279.95,83013.397448769,-40829345.3,-113866.518579253,11098922.36,30953.1206006046,2016-04-19
2210,000962,东方钽业,-141013791.09,-5344.8412882632,172333008.56,122.2100386267,-48394226.77,-34.3187899538,-265268297.51,-188.1151449511,2016-04-19
2211,000933,神火股份,-522844542.63,-88.6378711655,752849881.82,143.9911523286,-2195938284.81,-419.9983180018,920256593.95,176.0096011179,2016-04-19
2212,000926,福星股份,-1263744987.24,-292.6151353848,-2120675692.04,-167.8088311687,-2498468026.04,-197.7034964543,3347855770.71,264.9154540286,2016-04-19
2213,000889,中嘉博创,92764410.42,185.8060536926,195395844.02,210.6366473255,-214286833.38,-231.0011268436,111655399.78,120.364479518,2016-04-19
2214,000778,新兴铸管,-1954449665.37,-164.5897095341,2005061005.08,102.58954429,-3383337629.06,-173.1094787964,-571184759.19,-29.2248385472,2016-04-19
2215,000738,航发控制,-621524847.81,-160.5063033147,138144437.89,22.2266959039,-651805321.79,-104.8719651494,-108165723.74,-17.4032822857,2016-04-19
2216,000625,长安汽车,5419912056.15,10611.8646335236,3779921774.57,69.7413857533,5219580798.24,96.3037913561,-3577988959.21,-66.0156275995,2016-04-19
2217,000620,盈新发展,291640989.69,-76.7317618732,-2012662078.49,-690.1163243992,-705046253.49,-241.7514267248,3013144520.04,1033.1690765564,2016-04-19
2218,000591,太阳能,-230038569.65,-7.8235977972,1001947717.87,435.5564023,-4218816244.37,-1833.9603879423,2990572491.96,1300.0309019962,2016-04-19
2219,000581,威孚高科,-260511803.51,-80.8305080473,889899654.79,341.5966734712,-793482044.93,-304.5858322882,-356929413.37,-137.010841183,2016-04-19
2220,000525,红太阳,-105570587.12,29.8779881129,779879197.71,738.7277261455,-216662493.37,-205.2299786149,-673319210.71,-637.7905334036,2016-04-19
2221,000415,渤海租赁,249948000.0,-71.3888017656,4734712000.0,1894.2788099925,-12598385000.0,-5040.4024037,8111613000.0,3245.3202266071,2016-04-19
2222,688592,司南导航,2855889.62,129.8221718076,8412311.15,294.5600940277,-19133046.26,-669.9504814895,13580000.0,475.5085737522,2016-04-18
2223,688556,高测股份,-2409725.96,-37.3758526923,3386324.65,140.5273755693,-3120485.37,-129.4954456149,-2675565.24,-111.0319299544,2016-04-18
2224,688181,八亿时空,8750959.56,175.3242907104,34746237.23,397.0563112738,-29344772.99,-335.3320603164,3349495.32,38.2757490425,2016-04-18
2225,688127,蓝特光学,-803839.62,77.4714063725,14197673.43,1766.2321036129,-27018541.72,-3361.1856205844,12017028.67,1494.9535169715,2016-04-18
2226,603818,曲美家居,84697164.5,81.6113939791,123802866.0,146.1712050585,86323538.84,101.9202228901,-125417208.32,-148.0772220185,2016-04-18
2227,603565,中谷物流,157358458.74,532.7398162188,32531961.62,20.6737927408,1833918.72,1.1654401897,122992578.4,78.1607670695,2016-04-18
2228,603508,思维列控,135552695.55,5942.7852854208,175955806.84,129.8062027657,-29780666.86,-21.9698079327,-10622444.43,-7.8363948329,2016-04-18
2229,601995,中金公司,6228090583.0,328.397643193,6891184643.0,110.6468274853,-238800665.0,-3.8342516349,-427475082.0,-6.863661925,2016-04-18
2230,601689,拓普集团,-51716291.07,-466.966702714,458807959.78,887.1633102207,-384903086.37,-744.2588755041,-125292378.19,-242.2686847756,2016-04-18
2231,301329,信音电子,-8826036.42,70.5395532583,110651833.88,1253.6979071292,-65362269.22,-740.561970398,-55379977.67,-627.4614678057,2016-04-18
2232,301321,翰博高新,-12209387.38,-145.9856114069,56581454.23,463.4258253013,-32177084.99,-263.5438125479,-37223277.86,-304.8742471795,2016-04-18
2233,301206,三元生物,-2360626.9,-203.670679763,3195748.89,135.3771275757,-13892008.58,-588.4881079683,8333601.29,353.024922744,2016-04-18
2234,300818,耐普矿机,-41041709.52,-73.0973350589,-41558540.36,-101.2592819501,-20186539.77,-49.1854262556,20741500.0,50.5376122062,2016-04-18
2235,300510,金冠股份,-7174618.02,-117.7881602507,14774889.17,205.9327636512,-24121896.2,-336.2115743689,2172389.01,30.2788107178,2016-04-18
2236,300498,温氏股份,-1036141643.9,-179.2994470203,4646799154.07,448.4714210095,-3796723329.81,-366.4289870176,-1886724869.11,-182.0914042223,2016-04-18
2237,300477,ST合纵,-21411693.58,-261.1727864238,18973009.68,88.6105043915,-29026578.54,-135.5641413023,-11358124.72,-53.0463630892,2016-04-18
2238,300391,*ST长药,29828142.21,456.493550075,-38880883.48,-130.3496651124,-32324354.41,-108.3686479112,101042098.06,338.7475403216,2016-04-18
2239,002752,昇兴股份,35364961.72,232.4928257108,152131687.74,430.1763110745,-380426870.85,-1075.7169026847,263797612.53,745.929303186,2016-04-18
2240,002736,国信证券,32531078193.57,719.1716575167,5976490838.74,18.3716346663,-461581943.19,-1.4188953113,27014892811.2,83.0433367454,2016-04-18
2241,002677,浙江美大,302962451.07,148.6387362448,129633636.31,42.7886808587,243327996.65,80.3162226179,-70000000.0,-23.1051735133,2016-04-18
2242,002602,世纪华通,176508396.58,148.5935239587,245450357.61,139.0587430206,-526455672.97,-298.260979744,457387363.82,259.1306547917,2016-04-18
2243,002581,ST未名,247545055.44,2026.1943662949,97786563.37,39.5025314467,46441212.14,18.7607108764,103312436.03,41.7348009017,2016-04-18
2244,002553,南方精工,40464484.71,118.8492190777,62027872.89,153.2896645899,17256776.03,42.6467213253,-39150000.0,-96.7515100725,2016-04-18
2245,002418,康盛股份,-11089066.88,-118.3077615568,169272023.54,1526.4767123489,-106097143.16,-956.7725067233,-74516245.28,-671.9794017511,2016-04-18
2246,002127,南极电商,42279308.96,-72.3511263513,41642820.39,98.4945625043,-53511.43,-0.1265664726,690000.0,1.6320039683,2016-04-18
2247,603699,纽威股份,-107203502.69,-218.7999124627,426446016.75,397.7911225374,-961602004.66,-896.9874869114,427565874.35,398.8357316891,2016-04-16
2248,603606,东方电缆,148260453.49,269.4344794945,204598696.04,137.9995077742,-14473685.73,-9.7623374199,-40907904.69,-27.5919193062,2016-04-16
2249,603588,高能环境,743131039.22,733.6413654313,-231425990.13,-31.142016403,-149806641.49,-20.1588459617,1124067457.78,151.2610022264,2016-04-16
2250,603568,伟明环保,80558159.21,182.1198108204,401061901.31,497.853855206,-92324105.77,-114.6055305575,-228179636.33,-283.2483246485,2016-04-16
2251,603399,永杉锂业,-2533568.73,98.1118607138,79773303.08,3148.6536021464,-45960713.75,-1814.0701377381,-35458139.77,-1399.5333677015,2016-04-16
2252,603066,音飞储存,36051157.34,1493.4583355592,60337987.1,167.3676840134,-24093879.29,-66.8324710432,-1100908.28,-3.0537390787,2016-04-16
2253,601877,正泰电器,522290502.21,126.3038704537,2344058849.4,448.8036522742,-392671346.26,-75.1825554167,-1429097000.93,-273.6210968576,2016-04-16
2254,600862,中航高科,135564249.48,-48.0385955469,-48904391.31,-36.0746963138,-373745257.98,-275.6960329981,558213898.77,411.7707293119,2016-04-16
2255,600773,西藏城投,2033920254.62,423.1274517243,2171966258.89,106.7871886303,-249615101.19,-12.2726100309,111569096.92,5.4854214007,2016-04-16
2256,600770,综艺股份,488230176.65,341.8558983509,413040192.44,84.5994803668,-555725567.85,-113.8245021361,662142182.19,135.6209046178,2016-04-16
2257,600713,南京医药,135162531.67,187.8080310489,-341013665.8,-252.2989630237,-38559448.38,-28.5282081532,514735645.85,380.8271711769,2016-04-16
2258,600624,ST复华,-106078573.5,-43.4254853622,35773639.21,33.7237182116,-177751881.25,-167.5662439503,28334584.36,26.7109402258,2016-04-16
2259,600610,中毅达,52030767.03,957.0897838506,-24401916.87,-46.8990143004,174410228.14,335.205952354,-95412899.15,-183.3778446798,2016-04-16
2260,600587,新华医疗,300511329.17,2256.8470849802,52058790.32,17.3234035681,-945095703.72,-314.4958648748,1196738269.49,398.2339943041,2016-04-16
2261,600568,ST中珠,1216466257.66,1430.3906970027,14338135.7,1.1786710572,-233051860.72,-19.158103174,1435179982.68,117.9794321168,2016-04-16
2262,600557,康缘药业,265187633.38,592.9485326377,311543597.41,117.4804395813,-307776802.89,-116.0600134204,261413725.59,98.5768914855,2016-04-16
2263,600501,航天晨光,-95243700.65,-223.0515583998,118688781.31,124.6158858801,-86279885.41,-90.5885479262,-127562015.71,-133.9322336695,2016-04-16
2264,600496,精工钢构,234133211.14,71.0624469288,116858970.46,49.911317532,-369609729.98,-157.863008063,483226670.03,206.3896307906,2016-04-16
2265,600477,杭萧钢构,35682651.02,169.6246598386,-230053852.99,-644.7218645864,-34322767.94,-96.1889516582,300279368.84,841.5276338961,2016-04-16
2266,600397,江钨装备,-76086652.52,57.6446481812,529020896.03,695.2873841978,-328853214.7,-432.2088090464,-276254333.85,-363.0785751514,2016-04-16
2267,600339,中油工程,-47384239.48,50.8868038543,87635259.83,184.9460090353,-193526871.87,-408.4203397454,58507372.56,123.4743307101,2016-04-16
2268,600318,新力金融,9310607.17,-74.0838677549,436661670.22,4689.9376404471,-25373959.66,-272.527443127,-401977103.39,-4317.4101973201,2016-04-16
2269,600308,华泰股份,32410148.52,-65.9815335858,1213028837.62,3742.7438410887,-465579545.55,-1436.5239494743,-708279777.69,-2185.3641838541,2016-04-16
2270,600282,南钢股份,612877786.17,184.4083833878,3774024389.75,615.7874334677,-822878683.57,-134.2647265309,-2330652498.79,-380.280139268,2016-04-16
2271,600229,城市传媒,153596923.67,-29.7038968242,183948609.29,119.7606077614,-23712207.46,-15.4379442592,-6639478.16,-4.3226635022,2016-04-16
2272,600222,太龙药业,193409980.69,-41.229992825,89541779.0,46.2963589989,-93823180.52,-48.5099994247,197691382.21,102.2136404258,2016-04-16
2273,600208,衢州发展,1945689689.09,-9.1201698707,-5008432532.98,-257.4116808586,412547203.82,21.2031346074,6541471575.45,336.2032297406,2016-04-16
2274,600180,瑞茂通,56367444.49,119.1960030423,-725956486.1,-1287.900298955,7958696.89,14.119314725,775583741.16,1375.9427062506,2016-04-16
2275,600172,黄河旋风,-82004345.15,-235.3555355913,427349337.68,521.1301143839,-582593535.97,-710.4422758384,73447734.01,89.5656612776,2016-04-16
2276,600166,福田汽车,-504379861.67,84.2414839924,1102348778.34,218.5552719512,-2292117826.22,-454.4427722849,715948019.51,141.9461945089,2016-04-16
2277,600150,中国船舶,-16939808.53,99.748574337,-890342025.21,-5255.9155177771,-1096399524.01,-6472.3253634674,1881529550.23,11107.1476805529,2016-04-16
2278,600129,太极集团,273381513.62,199.9898867947,-276282119.97,-101.0610104215,159932620.31,58.5016222173,389730059.9,142.5590394681,2016-04-16
2279,600128,苏豪弘业,-175587810.89,-314.0882592726,-214849964.62,-122.3604096042,-39555023.62,-22.5272035795,79119442.52,45.0597579177,2016-04-16
2280,600127,金健米业,-199354728.7,-186.1351870432,-24541241.18,-12.3103381294,-49447532.97,-24.8037923617,-125365954.55,-62.8858695088,2016-04-16
2281,600126,杭钢股份,33148880.55,148.0303524261,1090189583.47,3288.7674195381,-40244799.16,-121.4062088742,-1016795903.76,-3067.3612106639,2016-04-16
2282,600111,北方稀土,-1980842475.02,-263.6100809467,697351286.69,35.2047825854,-164742760.63,-8.3168027093,-2513451184.97,-126.8879891595,2016-04-16
2283,600055,万东医疗,8125533.89,111.2278328824,34324601.25,422.4288731629,-75001109.76,-923.0299297909,48807703.13,600.6707225733,2016-04-16
2284,300380,安硕信息,166751448.25,1294.1826790285,38246554.08,22.9362650108,-29244719.62,-17.5379104211,157749613.79,94.6016454103,2016-04-16
2285,300347,泰格医药,-52068948.2,50.7058301588,43660896.56,83.8520808838,-219458478.62,-421.4766885189,122957690.56,236.1439875599,2016-04-16
2286,300344,*ST立方,-132650865.8,-105.2407499889,-235534.68,-0.1775598513,-87190766.16,-65.7295115521,-45224564.96,-34.0929285966,2016-04-16
2287,300241,瑞丰光电,-75670262.81,17.8751402342,151774321.85,200.573271737,-266038710.6,-351.5763005449,38594125.94,51.0030288079,2016-04-16
2288,300196,长海股份,30090360.45,212.2643328737,136624873.47,454.0486435748,-97627596.33,-324.4480786205,-9430567.29,-31.3408252642,2016-04-16
2289,300110,华仁药业,-157978521.9,-165.219964606,65562085.69,41.5006324287,-228071618.44,-144.3687506991,3376473.66,2.1372991843,2016-04-16
2290,300098,高新兴,38444069.04,136.3376916366,-140468920.17,-365.3851521904,-20944456.11,-54.4803311226,199857055.19,519.8644685141,2016-04-16
2291,002746,仙坛股份,-53973058.04,-1091.8925882173,98112098.68,181.7797661331,-123570909.22,-228.9492456188,-28525902.75,-52.8521150846,2016-04-16
2292,002694,顾地科技,-74948067.77,56.2016568807,-75557563.33,-100.813223847,-138108728.53,-184.2725671779,138718224.09,185.0857910249,2016-04-16
2293,002520,日发精机,-36144474.38,75.5976149252,10607315.84,29.3469915442,-54537926.28,-150.8886965864,10520837.68,29.1077346136,2016-04-16
2294,002517,恺英网络,-115321165.55,-20.5032147609,82190265.28,71.2707549286,1144005.57,0.9920170027,-198565750.47,-172.1850013594,2016-04-16
2295,002481,双塔食品,1230299461.65,1069.6609685372,-74766184.55,-6.0770720366,-371220785.63,-30.1732055651,1676286431.83,136.2502776017,2016-04-16
2296,002427,尤夫股份,6146495.06,119.2355756201,429414939.41,6986.3383150592,-132709624.77,-2159.1105739862,-292708069.14,-4762.194816439,2016-04-16
2297,002350,北京科锐,-196482958.44,-232.1591486546,6955063.15,3.5397793301,-132448770.44,-67.4098005708,-70989251.15,-36.1299787593,2016-04-16
2298,002274,华昌化工,-17032952.94,87.5753514771,223421406.72,1311.7009570039,-980393318.23,-5755.8623081008,739598757.65,4342.1640408172,2016-04-16
2299,002226,江南化工,-81458446.5,-303.5387234187,374865571.02,460.192389036,-89232091.67,-109.543080557,-367087368.51,-450.6437137983,2016-04-16
2300,002222,福晶科技,-1590097.89,-135.2307078799,67113573.71,4220.7196256326,-28660539.46,-1802.4386825644,-40051841.92,-2518.828694251,2016-04-16
2301,002173,创新医疗,-16730215.98,40.8618566791,10646421.35,63.6358870843,-10381995.54,-62.0553587139,-17017689.13,-101.7182871419,2016-04-16
2302,002123,梦网科技,-250234759.6,-230.4033671627,-112482507.3,-44.9507923998,-110486608.71,-44.1531819507,-26144310.53,-10.4479132203,2016-04-16
2303,002106,莱宝高科,-376183764.56,-151.0425528376,-131314786.3,-34.9070849598,-366235905.45,-97.3555852094,120354431.38,31.9935209115,2016-04-16
2304,002086,东方海洋,-73709144.83,-64.6916166408,-43541084.12,-59.0714818635,-55827463.94,-75.7402138754,25776307.37,34.9702976876,2016-04-16
2305,002066,瑞泰科技,-34495155.33,20.4985609888,130223230.5,377.5116512861,-96492316.94,-279.7271559351,-66877695.29,-193.8756171706,2016-04-16
2306,002031,巨轮智能,538918242.99,463.2017740971,158516053.65,29.4137479501,-430305563.83,-79.8461676566,810649008.9,150.4215193018,2016-04-16
2307,002017,东信和平,151522470.79,1468.7271481351,172052003.11,113.5488368246,-54996348.33,-36.2958365471,36544307.48,24.1180778597,2016-04-16
2308,000893,亚钾国际,179244694.78,157.064568502,229909323.5,128.2656224678,-176504424.96,-98.4712128728,127813396.57,71.3066552552,2016-04-16
2309,000790,华神科技,-12575650.55,-3.1615583804,-18378505.35,-146.1435754511,35004460.24,278.3510888826,-29201605.44,-232.2075134316,2016-04-16
2310,000509,华塑控股,-106423775.95,-152.4997501166,-57194216.23,-53.7419535432,-9592686.64,-9.0136687543,-39636873.08,-37.2443777024,2016-04-16
2311,000411,英特集团,-127609856.6,-549.20224118,88049363.7,68.998873634,-71358355.69,-55.9191567103,-144300864.61,-113.0797169237,2016-04-16
2312,000088,盐田港,386176456.76,2860.1543090828,117939045.51,30.5401956659,-427973821.54,-110.8233850221,696210898.9,180.2831028958,2016-04-16
2313,000056,皇庭国际,8108128.54,2429.7055638507,-282974522.35,-3490.01031439,-636595694.19,-7851.3271101891,927678243.29,11441.3361691723,2016-04-16
2314,688733,壹石通,-6468599.06,-15.5616851727,-1022247.98,-15.803236072,-3775138.99,-58.3609983396,-1671212.09,-25.8357655885,2016-04-15
2315,688360,德马科技,-3628616.51,33.1995681913,28986798.77,798.8388602134,-22127556.96,-609.8069856382,-10193794.71,-280.9278600234,2016-04-15
2316,688156,路德科技,-30727213.23,-434.7084175944,7086925.17,23.0640023127,-29623138.41,-96.4068501373,-8190999.99,-26.6571521755,2016-04-15
2317,603885,吉祥航空,113372805.89,294.4416454772,867288108.83,764.9877781727,-1798576704.11,-1586.4269125129,1044661402.16,921.4391352134,2016-04-15
2318,603808,歌力思,4505997.08,133.8708179351,169697298.57,3766.0321468739,-100896422.84,-2239.1586378924,-64294878.65,-1426.8735089815,2016-04-15
2319,603686,福龙马,39633912.8,-4.2280880534,38244249.14,96.4937510283,-4493523.21,-11.3375715203,5883186.87,14.843820492,2016-04-15
2320,603669,灵康药业,-38628106.52,-184.6313773692,181499700.22,469.8643463822,-90185306.74,-233.4706897769,-129942500.0,-336.3936566053,2016-04-15
2321,603599,广信股份,-30259339.16,-1209.0114484809,113420973.45,374.8296446604,-143628085.24,-474.6570454845,0.0,0.0,2016-04-15
2322,603315,福鞍股份,16529437.54,45.1742390401,59925102.92,362.5356445129,-21567908.59,-130.4818057953,-21533844.73,-130.2757258248,2016-04-15
2323,603199,九华旅游,3119017.44,130.5881017878,153569617.0,4923.6536811413,-51602085.08,-1654.4340027801,-98846102.82,-3169.1423572162,2016-04-15
2324,603101,汇嘉时代,-75673249.4,-177.8573320308,286540183.52,378.6545255978,-361389466.85,-477.5656783809,-823966.07,-1.0888472169,2016-04-15
2325,603006,联明股份,50002396.34,639.9182176047,95628170.99,191.2471761148,-160857386.79,-321.6993555593,115231612.14,230.4521794445,2016-04-15
2326,603000,人民网,-322854451.25,-149.5325816804,365184219.28,113.1110994029,-769988909.85,-238.4941285055,83612582.03,25.8979183054,2016-04-15
2327,601069,西部黄金,-97048415.46,-1000.2262814124,302229246.95,311.4211041133,-280834506.84,-289.3756745114,-118443155.57,-122.0454296019,2016-04-15
2328,600995,南网储能,182509986.07,300.6495836229,442874388.55,242.6576200494,-196057809.88,-107.423058925,-64306592.6,-35.2345611244,2016-04-15
2329,600961,株冶集团,-157029222.93,-264.9688403068,539142981.19,343.3392658578,-129884812.38,-82.7137840693,-566314578.53,-360.6427949927,2016-04-15
2330,600884,杉杉股份,130196097.69,363.9383112698,-403236826.79,-309.7149868118,29943659.6,22.9988917727,510771774.78,392.3095882614,2016-04-15
2331,600820,隧道股份,1694829375.31,3622.4305224869,3607135909.93,212.8318025683,-5064769047.79,-298.8365154376,3151156831.34,185.9276737379,2016-04-15
2332,600810,神马股份,-88651995.71,-163.5638842414,1359230283.53,1533.220174734,-266914259.47,-301.0809371321,-1168798897.21,-1318.4123920159,2016-04-15
2333,600800,渤海化学,-18724710.06,-143.5630712747,-35129648.69,-187.6111757001,37126640.45,198.2761833483,-20722333.33,-110.6683802505,2016-04-15
2334,600796,钱江生化,-22309205.86,-143.2694598541,62087012.86,278.3022096332,-27023250.23,-121.1304893575,-57424077.57,-257.4008144008,2016-04-15
2335,600791,京能置业,-301230289.74,-113.651084782,493561679.44,163.8486222172,895391.13,0.2972447196,-795687360.31,-264.1458669368,2016-04-15
2336,600712,南宁百货,-239164621.55,-301.1721300403,-204634549.09,-85.5622155835,-40364879.06,-16.8774456683,5834806.6,2.4396612518,2016-04-15
2337,600628,新世界,-98330169.55,-171.8356076221,466936448.36,474.8659038186,-133523705.72,-135.7911883312,-431769352.09,-439.1016043865,2016-04-15
2338,600520,三佳科技,98626080.49,472.3554408643,-92429103.5,-93.7166954631,-29222203.19,-29.6292857273,220277387.18,223.3459811904,2016-04-15
2339,600516,方大炭素,-85767081.05,-109.0582452432,496806584.49,579.2508948747,550019486.47,641.2943984293,-1131075530.2,-1318.7758244222,2016-04-15
2340,600507,方大特钢,24140102.32,102.5903771061,832941081.46,3450.4455300917,26139434.22,108.2822014319,-828734571.27,-3433.0201267763,2016-04-15
2341,600491,龙元建设,73771282.33,-58.5089281981,-278702250.38,-377.7923354149,1201793.96,1.6290810218,351231506.6,476.108718063,2016-04-15
2342,600479,千金药业,18769553.35,-22.7894157538,183342688.41,976.8090108015,-111775206.43,-595.513405917,-52797928.63,-281.2956048845,2016-04-15
2343,600444,国机通用,3455385.27,921.0050038418,10048571.48,290.809003767,17388231.15,503.221197965,-23981417.36,-694.030201732,2016-04-15
2344,600436,片仔癀,66848227.66,-68.024837316,264499645.46,395.6718894707,44192763.87,66.1091032881,-241996624.95,-362.0090366207,2016-04-15
2345,600368,五洲交通,-550195006.85,-276.6778747318,267422865.76,48.6051059044,-60726367.47,-11.0372443795,-756891505.14,-137.5678615248,2016-04-15
2346,600354,敦煌种业,59373030.38,119.4465569632,472165581.55,795.2526231658,-65869726.45,-110.9421668869,-346922824.72,-584.3104562789,2016-04-15
2347,600345,长江通信,3390437.82,107.337711205,-13234559.62,-390.3495749702,144991795.84,4276.4918142637,-128345782.52,-3785.5223818852,2016-04-15
2348,600338,西藏珠峰,105648200.33,660.0311562328,357753030.06,338.6267148352,-164790372.7,-155.9802932613,-93246782.82,-88.2615913274,2016-04-15
2349,600337,美克家居,-250399396.33,-1737.4398404852,-36821554.44,-14.7051290777,-211289298.86,-84.3809138348,-4911653.09,-1.9615275284,2016-04-15
2350,600333,长春燃气,-202608937.93,-185.8987271031,-31183032.96,-15.3907489366,-610973491.56,-301.5530794456,439547586.59,216.9438283823,2016-04-15
2351,600328,中盐化工,-28468601.49,78.6471866088,267824020.75,940.7698542694,-44151931.62,-155.0899212085,-252553771.8,-887.1309392866,2016-04-15
2352,600249,两面针,236219219.48,202.9736755837,-166443614.38,-70.4615038295,133137019.99,56.3616374159,269509323.08,114.0928852755,2016-04-15
2353,600238,*ST椰岛,-160936433.86,-246.1087716745,-176923428.63,-109.9337324598,66083573.0,41.0619096093,-50089102.31,-31.1235318869,2016-04-15
2354,600048,保利发展,6239695349.43,1072.5683257316,-10458366565.0,-167.6102113856,-3168813682.68,-50.7847499793,19891110172.22,318.7833549283,2016-04-15
2355,600039,四川路桥,-1411584891.64,-146.3796614384,1776631213.18,125.8607416176,-3439435822.15,-243.6577383705,251206838.72,17.7960844018,2016-04-15
2356,301079,邵阳液压,3535753.6,719.1391163684,26854568.61,759.5147074163,-3548232.84,-100.3529442776,-19770582.17,-559.1617631387,2016-04-15
2357,300906,日月明,6951033.62,180.8583992703,10128954.61,145.7186824828,-2833637.67,-40.7657022669,-344283.32,-4.9529802159,2016-04-15
2358,300500,启迪设计,17948523.38,-63.3524083719,47294713.84,263.5019763949,-15258690.46,-85.013625561,-14087500.0,-78.4883508339,2016-04-15
2359,300493,润欣科技,-21473894.67,-146.9846021238,-4767200.87,-22.1999825521,-151204.96,-0.704133844,-16696373.59,-77.7519581174,2016-04-15
2360,300448,浩云科技,11332391.71,-56.8858370565,33431679.52,295.0099182549,-5825203.55,-51.4031256514,-16274084.26,-143.6067926035,2016-04-15
2361,300427,红相股份,-2893045.9,-353.6213917001,16764281.91,579.4682313889,-437613.33,-15.1263873829,-19230063.61,-664.6995683684,2016-04-15
2362,300387,富邦科技,184147084.19,2328.5862699756,-12062646.85,-6.5505500144,-18303985.0,-9.9398722931,214786038.68,116.6383055288,2016-04-15
2363,300348,长亮科技,-283898822.37,-1019.1381172554,9180728.09,3.2338028081,-361087245.46,-127.188708444,68007695.0,23.9549056358,2016-04-15
2364,300340,科恒股份,-55779279.91,65.000009217,-12032527.35,-21.5716792497,-50150510.81,-89.908853056,6403758.25,11.4805323058,2016-04-15
2365,300295,三六五网,8578466.26,-49.0236993999,138976705.49,1620.0647211032,-32433712.05,-378.0828771366,-94049996.4,-1096.3497850256,2016-04-15
2366,300224,正海磁材,-302139609.03,-3626.3606321061,-71289028.36,-23.5947311208,-214857291.45,-71.1119247621,-13650154.21,-4.5178301031,2016-04-15
2367,300096,ST易联众,32433297.48,141.4739981067,62499903.52,192.7028960239,-6695859.95,-20.6450175291,-23370746.09,-72.0578784948,2016-04-15
2368,300088,长信科技,69265853.43,206.1238641401,33820195.7,48.8266498213,-277046041.91,-399.9749200953,312715337.88,451.4711396663,2016-04-15
2369,300070,碧水源,204835225.55,-24.1883098554,781390751.08,381.4728394405,-757584296.53,-369.8505930783,181028771.0,88.3777536378,2016-04-15
2370,003030,祖名股份,9075075.94,139.7042714803,105735036.63,1165.114620848,-52083332.85,-573.9162205843,-44576627.84,-491.1984002637,2016-04-15
2371,002789,*ST建艺,-126739575.72,-275.1758343102,-106548133.18,-84.0685575715,-21178940.4,-16.7105975223,987497.86,0.7791550937,2016-04-15
2372,002775,文科股份,-2742675.4,-107.5526710433,-69731600.73,-2542.4664081648,-2092915.5,-76.3092672213,69081840.83,2518.7756753862,2016-04-15
2373,002758,浙农股份,15971131.79,-53.8385282673,78198550.49,489.6243517254,-7618856.91,-47.7039261223,-54608561.79,-341.9204256031,2016-04-15
2374,002737,葵花药业,1353528038.81,2985.9579038764,403225247.89,29.7906830393,-144608789.54,-10.683841442,1094911580.46,80.8931584027,2016-04-15
2375,002706,良信股份,175757935.57,1272.7949546361,83596292.16,47.5633102363,-219377170.25,-124.8177896142,311855667.89,177.4347581397,2016-04-15
2376,002688,金河生物,-126441700.8,-28.7098983458,-58016150.68,-45.8837158255,-347376372.8,-274.7324423842,278891462.28,220.5692113563,2016-04-15
2377,002606,大连电瓷,-132232678.15,-2991.0539639198,27135036.91,20.5206740797,-50056752.13,-37.8550543106,-109310989.71,-82.6656400213,2016-04-15
2378,002554,惠博普,18152124.54,107.0592015945,106255643.84,585.3620252872,-586933195.99,-3233.4132277279,499247937.68,2750.3554009882,2016-04-15
2379,002544,普天科技,131074718.98,263.6921060709,8306260.03,6.3370420281,-296364233.19,-226.1032756707,420023304.47,320.4457028316,2016-04-15
2380,002495,佳隆股份,-274177376.76,-740.0995863051,64876849.77,23.6623643193,-310996636.53,-113.4289926489,-28057590.0,-10.2333716704,2016-04-15
2381,002472,双环传动,-30384505.45,2.4310779409,126386693.88,415.9577126835,-178175560.51,-586.402700558,21580388.99,71.0243220036,2016-04-15
2382,002429,兆驰股份,-344700356.12,-235.1478824037,1026219377.56,297.7134660118,-418550966.93,-121.4245821041,-953359252.36,-276.5762307562,2016-04-15
2383,002387,维信诺,-259817938.07,-380.0143635028,-2342193.23,-0.9014747971,-474689615.43,-182.7008631337,217213870.59,83.6023379308,2016-04-15
2384,002357,富临运业,-137018821.36,-30.8035760004,289564853.45,211.332173621,-226346901.03,-165.1940213639,-200236773.78,-146.1381522571,2016-04-15
2385,002355,兴民智通,140315721.36,130.7725695018,75260475.49,53.636523948,84836947.63,60.4614698964,-18988356.36,-13.5325936224,2016-04-15
2386,002310,东方新能,-186087875.08,-108.8811190036,-303498043.85,-163.0939381298,-54202128.98,-29.1271685255,171595072.78,92.2118502918,2016-04-15
2387,002290,禾盛新材,-97768646.67,-480.846652018,107978119.76,110.4424817544,-272130525.68,-278.3413036273,65464163.23,66.9582381057,2016-04-15
2388,002270,华明装备,53604737.25,81.4601273086,20009518.08,37.3278913516,29389462.41,54.8262409588,3685861.44,6.8759994528,2016-04-15
2389,002246,北化股份,-11392254.64,-742.5328720383,157061161.05,1378.6661728797,-33435161.73,-293.4902948237,-135412473.42,-1188.6362945623,2016-04-15
2390,002228,合兴包装,37673035.6,120.6226510847,319890372.83,849.1229011288,-254607138.42,-675.8338805594,-27712363.65,-73.5602088036,2016-04-15
2391,002221,东华能源,209027884.3,-64.7909035631,-359593504.56,-172.0313563734,-2148747645.62,-1027.9717717164,2715314920.07,1299.020429338,2016-04-15
2392,002198,嘉应制药,-30383072.97,-190.424385051,103362813.35,340.1986805352,-123247517.89,-405.645334202,-10498368.43,-34.5533463332,2016-04-15
2393,002105,信隆健康,-44602799.34,-215.072235123,87655413.65,196.5244669551,-72897439.38,-163.4369153028,-59841086.7,-134.1644192416,2016-04-15
2394,002050,三花智控,-171776949.66,-142.0672576922,694687900.86,404.4127586588,-735652700.43,-428.2604283555,-131806780.52,-76.7313546904,2016-04-15
2395,002047,*ST宝鹰,14404928.28,0.6868463785,-738645006.92,-5127.7242938137,-126253604.45,-876.4611804787,879303539.65,6104.1854742924,2016-04-15
2396,000993,闽东电力,-55357843.57,73.6610475691,177191450.19,320.0837293562,-106068392.25,-191.6049929146,-126480901.27,-228.478736008,2016-04-15
2397,000669,ST金鸿,1716899718.13,686.5571246585,737503613.89,42.9555440019,-1350130260.39,-78.637688977,2329526364.59,135.6821449728,2016-04-15
2398,000628,高新发展,361745623.11,423.5194730152,150673183.63,41.6516950045,139417015.68,38.5400698097,71655423.8,19.8082351858,2016-04-15
2399,000573,粤宏远A,122246268.79,434.78253809,33858740.97,27.6971569809,-96834627.86,-79.2127472016,185222155.68,151.5155902207,2016-04-15
2400,000547,航天发展,-76937604.24,30.8608697123,31808079.03,41.3426949594,-104785683.27,-136.195667002,-3960000.0,-5.1470279574,2016-04-15
2401,000510,新金路,67910650.31,131.2672937638,125789625.65,185.2281270696,-44246764.18,-65.1543814969,-13632211.16,-20.0737455727,2016-04-15
2402,000419,通程控股,3351287.74,-94.1293368839,178372279.07,5322.4996750055,-13371173.83,-398.9861470385,-161649817.5,-4823.513527967,2016-04-15
2403,000158,常山北明,-133078820.97,68.1404905951,119395771.92,89.718086657,-112348901.64,-84.4228261275,-140125691.25,-105.2952605295,2016-04-15
2404,000027,深圳能源,1814217116.44,303.4742853086,3190136649.58,175.8409520378,-2361558864.37,-130.1695835063,1002431971.97,55.2542450893,2016-04-15
2405,000025,特力A,16879221.55,110.4400551742,6214706.85,36.8186816649,-96929587.3,-574.2538956129,107593642.45,637.4324913698,2016-04-15
2406,688150,莱特光电,-1059823.88,-338.9795554868,-10071541.86,-950.3033522891,3109188.05,293.3683707901,5902529.93,556.934981499,2016-04-14
2407,603822,ST嘉澳,-18543020.45,44.98003661,-2941870.62,-15.8651101525,-105423595.19,-568.5351826811,89679062.36,483.6270477176,2016-04-14
2408,603328,依顿电子,1495036986.02,311.4709925024,284836034.12,19.0521061876,-89577462.01,-5.9916552465,1296011156.91,86.6875648582,2016-04-14
2409,603002,宏昌电子,-46068651.77,89.0122986573,59315780.83,128.7551915479,-55476074.88,-120.420443726,-50236851.94,-109.047801509,2016-04-14
2410,600742,富维股份,203626415.57,222.1311317218,302629528.07,148.6199750768,-47559205.97,-23.3561082126,-51637157.18,-25.3587713733,2016-04-14
2411,600579,中化装备,-14340105.73,95.3950826693,5479121.62,38.2083767244,-4339326.13,-30.2600706836,-15479901.22,-107.9483060408,2016-04-14
2412,600353,旭光电子,-137603006.72,-356.2879232487,550783.19,0.4002697347,-83409812.46,-60.6162717285,-52427183.92,-38.1003185684,2016-04-14
2413,600335,国机汽车,1353165655.21,67.6309689789,-3568148503.85,-263.6889644747,-501045118.31,-37.027626025,5423529568.61,400.8030759374,2016-04-14
2414,600299,安迪苏,190887926.0,1384.6709446634,2471293869.0,1294.6307924159,-729853582.0,-382.3466456438,-1402440414.0,-734.6930963041,2016-04-14
2415,600054,黄山旅游,-23608878.11,-65.147025982,409080639.58,1732.7406989607,-206324117.98,-873.9259740284,-226317401.9,-958.6114208626,2016-04-14
2416,301266,宇邦新材,-14569230.75,28.0667404569,104812200.32,719.4079228926,-19817146.21,-136.0205391077,-99564284.86,-683.3873837848,2016-04-14
2417,301126,达嘉维康,-19237446.85,-302.8096541171,-78324679.5,-407.1469572377,-456705.67,-2.3740451296,59543938.32,309.5210023673,2016-04-14
2418,301057,汇隆新材,5150293.65,535.7671138135,14201709.31,275.7456229704,-58729826.03,-1140.319951077,49678410.37,964.5743281065,2016-04-14
2419,300511,雪榕生物,22664250.84,38.2491576505,253240371.29,1117.3560206237,-166343639.47,-733.9472221884,-64234391.55,-283.417228319,2016-04-14
2420,300470,中密控股,49841252.08,348.21919431,38535259.91,77.3159948874,-5331656.75,-10.6972769092,16636670.0,33.3793179459,2016-04-14
2421,300435,中泰股份,62946451.07,58.5223186474,134477769.21,213.638365506,-4204418.0,-6.6793567048,-67326900.14,-106.9590088012,2016-04-14
2422,300058,蓝色光标,-196438979.31,-161.058278575,205359617.96,104.5411754232,-1937456883.26,-986.2894269077,1543940882.85,785.9646228428,2016-04-14
2423,300021,大禹节水,-21215505.3,-137.2229604073,13188933.06,62.1664809464,-26658513.53,-125.6558029282,-7797130.03,-36.7520354559,2016-04-14
2424,002382,蓝帆医疗,18540058.47,8.4320030793,150958834.43,814.2306275585,-85391529.65,-460.5785347882,-48836987.37,-263.4133406269,2016-04-14
2425,002338,奥普光电,-44230617.54,39.0113243673,7796544.29,17.6270301516,-24681311.83,-55.8014181187,-27345850.0,-61.8256120328,2016-04-14
2426,002223,鱼跃医疗,40933972.96,3227.0031823074,205781087.3,502.7146705283,-156710716.64,-382.8377880474,-8668604.99,-21.1770428404,2016-04-14
2427,000570,苏常柴A,-146120395.68,-459.3637540716,-51507355.52,-35.2499425424,-73723463.59,-50.4539172967,-20913962.05,-14.3128287825,2016-04-14
2428,688711,宏微科技,-4475307.63,-906.8146724231,24298715.75,542.9507367743,-13452162.63,-300.5863225988,-15257721.94,-340.9312432004,2016-04-13
2429,688502,茂莱光学,7329722.6,196.7645693616,16730364.6,228.2537213618,-11159529.07,-152.2503603342,1813133.98,24.7367339659,2016-04-13
2430,688215,瑞晟智能,291046.29,225.4089318323,-8001114.81,-2749.0866865199,-7838.9,-2.6933516315,8300000.0,2851.7800381513,2016-04-13
2431,688153,唯捷创芯,32480267.84,170.2695616506,32682081.42,100.6213421053,-5105534.34,-15.7188800448,4919577.77,15.1463583805,2016-04-13
2432,603528,多伦科技,125656357.03,8.0833349679,272677803.48,217.0027923179,-16616446.45,-13.2237213005,-130405000.0,-103.7790710174,2016-04-13
2433,603191,望变电气,9123603.28,162.3913831754,39077678.65,428.3140931354,-2457777.86,-26.9386752643,-27496297.51,-301.3754178711,2016-04-13
2434,603111,康尼机电,400896814.18,409.1148230896,217162678.96,54.1692204275,-56067034.99,-13.9854029782,240341925.84,59.951069038,2016-04-13
2435,600794,保税科技,307282466.28,1106.9026739314,-31467731.66,-10.2406531817,-248417305.16,-80.8433062151,587572356.64,191.2157122901,2016-04-13
2436,600691,潞化科技,363102324.73,137.9635424344,815573928.89,224.612698224,-3088920759.05,-850.7025564617,2636485809.54,726.0999530919,2016-04-13
2437,600276,恒瑞医药,1279870596.64,52.4247996271,1574306024.01,123.0050934948,-298179822.34,-23.2976539287,3611751.75,0.2821966345,2016-04-13
2438,600173,卧龙新能,691001979.28,371.6021268984,451561346.39,65.3487775622,-70958256.03,-10.2688933111,310398888.92,44.9201157489,2016-04-13
2439,600076,康欣新材,15819058.74,-66.1660131477,174945626.04,1105.916786298,-185435190.42,-1172.2264482849,26308587.29,166.3094354879,2016-04-13
2440,301135,瑞德智能,-39164846.81,-219.5062455763,31624151.19,80.7462655054,-72906075.65,-186.1518213098,1900344.38,4.8521685511,2016-04-13
2441,300972,万辰集团,-34277189.98,-229.2932308578,80553799.22,235.0070098132,-110452763.78,-322.234009977,-4378225.42,-12.7729998362,2016-04-13
2442,300971,博亚精工,-21987194.55,-30.7144503333,19913061.69,90.566632522,-2308582.72,-10.4996693177,-39591673.52,-180.0669632043,2016-04-13
2443,300948,冠中生态,-12639177.81,56.9167626907,-17399408.66,-137.6625040138,-5415860.85,-42.8497876319,10176091.7,80.5122916457,2016-04-13
2444,300860,锋尚文化,958175.17,111.1585798852,26718815.48,2788.5105267339,-38673791.42,-4036.1921943772,12913151.11,1347.6816676433,2016-04-13
2445,300796,贝斯美,-1805665.07,,53733280.94,2975.8166025774,-58845179.94,-3258.9199911809,3298062.96,182.6508700199,2016-04-13
2446,300438,鹏辉能源,-4252135.92,74.2993077576,41405955.84,973.7683982595,-48587156.95,-1142.652959927,2400542.67,56.4549843929,2016-04-13
2447,300358,楚天科技,126803525.68,5238.6300699934,-8686723.89,-6.8505381403,-127970970.52,-100.920672224,263582130.35,207.8665628077,2016-04-13
2448,300205,*ST天喻,81295017.46,344.8082264296,-108829372.04,-133.8696705411,-106957709.48,-131.5673614716,300786650.15,369.9939547931,2016-04-13
2449,300126,锐奇股份,230207796.61,61.9783110283,32645185.37,14.1807470688,195459643.33,84.9057443789,1970640.0,0.8560266112,2016-04-13
2450,300100,双林股份,-46611738.19,33.9006007968,88286475.24,189.4082449363,-570254280.22,-1223.4134627109,435356066.79,934.0052177745,2016-04-13
2451,300084,海默科技,-7430189.23,52.0516757409,54270275.59,730.4023344504,-306196307.17,-4120.975895657,244604059.17,3292.0300089046,2016-04-13
2452,300012,华测检测,-23838738.24,-153.3080853594,251789795.07,1056.2211495217,-264472620.6,-1109.4237368496,-11122199.47,-46.6559905899,2016-04-13
2453,002657,中科金财,151237710.45,21.3239768399,242420412.3,160.2909827044,-298804499.46,-197.5727472804,207621926.27,137.2818496473,2016-04-13
2454,002488,金固股份,85882467.04,24.6557920563,329796059.17,384.0085998186,-880666961.67,-1025.4327711148,636532246.89,741.1667000594,2016-04-13
2455,002405,四维图新,273576051.49,498.982270893,324775433.95,118.7148627159,-79881790.71,-29.1991167629,30723497.61,11.230331545,2016-04-13
2456,002277,友阿股份,-823406817.7,-401.0323178216,-225497600.45,-27.3859282681,-1538462575.65,-186.8411267164,940553358.4,114.2270549845,2016-04-13
2457,002191,劲嘉股份,105098590.23,246.7140609928,717422230.87,682.6183199032,-60606664.11,-57.6664862748,-550967429.53,-524.2386489907,2016-04-13
2458,002116,中国海诚,25234362.46,-90.5017524639,128945880.91,510.9932185305,-69213665.01,-274.2833908315,-32818668.42,-130.0554688949,2016-04-13
2459,000609,ST中迪,-384382630.51,-172.3463916999,25023624.1,6.5100819116,-471115670.51,-122.564245394,62009905.02,16.1323379617,2016-04-13
2460,688716,中研股份,10645037.17,3241.5458051273,11948027.18,112.2403519048,-11335773.34,-106.4888093763,10032783.33,94.2484574716,2016-04-12
2461,688580,伟思医疗,3830959.3,130.9379532111,15006389.43,391.7136219641,-11556521.13,-301.6612870306,381091.0,9.9476650666,2016-04-12
2462,688516,奥特维,3463279.63,1354.9277228329,-8200719.48,-236.7905672116,-3462024.94,-99.963771623,15126024.05,436.7543388346,2016-04-12
2463,688339,亿华通,1374657.69,269.3049017476,50635.49,3.6834981078,-3675977.8,-267.4104125515,5000000.0,363.7269144437,2016-04-12
2464,688239,航宇科技,1349850.15,133.4091377596,-13238130.62,-980.7111270833,-14062291.56,-1041.7668627884,29058906.36,2152.7505375319,2016-04-12
2465,603989,艾华集团,22671272.06,-21.7692328379,237356904.31,1046.9500947359,-94202994.44,-415.517021677,-120482637.81,-531.4330730589,2016-04-12
2466,603519,立霸股份,25714509.32,281.0747400508,26845894.8,104.3997941626,-11530676.69,-44.8411305326,10067777.7,39.1521283751,2016-04-12
2467,603169,兰石重装,38550704.77,-77.415407001,123117179.05,319.3642756586,-497138756.36,-1289.5711228265,412572282.08,1070.2068471678,2016-04-12
2468,603128,华贸物流,-67515594.69,7.0594707242,234473186.99,347.2874497612,-57033372.58,-84.4743689837,-245266682.82,-363.2741205142,2016-04-12
2469,603023,威帝股份,-59786979.39,-131.5239126313,76824041.29,128.4962747304,388979.32,0.6506087512,-137000000.0,-229.1468834816,2016-04-12
2470,603005,晶方科技,540275103.19,10722.3214014489,239583810.31,44.3447808154,-307520967.65,-56.91932977,613586119.11,113.5692012249,2016-04-12
2471,601958,金钼股份,-420040517.71,57.5364746161,98374250.2,23.4201811616,-697148106.62,-165.9716330274,183219538.34,43.6194916002,2016-04-12
2472,601515,衢州东峰,-63423734.18,43.3990993262,566501852.49,893.2016693975,-545757747.72,-860.494505371,-84063058.84,-132.5419575603,2016-04-12
2473,601233,桐昆股份,-260861681.84,-2595.0574283128,3590830068.29,1376.5264576085,-1957543127.32,-750.4142093666,-1888495525.45,-723.9451620987,2016-04-12
2474,601216,君正集团,-38154437.36,38.5705842692,954921206.81,2502.7788977727,-1429917919.9,-3747.7106696876,436334028.4,1143.599692699,2016-04-12
2475,601100,恒立液压,-284935481.55,54.7734703674,251964181.46,88.4285032139,-469898246.87,-164.9139111471,-59523166.97,-20.8900508446,2016-04-12
2476,600966,博汇纸业,442473396.02,289.4493481606,334933100.59,75.6956471514,-153467026.71,-34.6838992108,261234317.61,59.039553555,2016-04-12
2477,600888,新疆众和,937569923.87,1838.0676680467,386092795.39,41.180160067,-126199643.98,-13.4602914158,677018601.23,72.2099316535,2016-04-12
2478,600868,梅雁吉祥,-39053371.27,-194.8830679602,132513765.23,339.3145352647,-29237547.74,-74.8656179715,-142329588.76,-364.4489172932,2016-04-12
2479,600853,龙建股份,-66499900.95,-119.6396973843,-405393023.62,-609.6144773581,365603912.34,549.7811381928,-26710789.67,-40.1666608347,2016-04-12
2480,600795,国电电力,-218203002.8,93.3805340921,22798499758.9,10448.2978998216,-18532299726.91,-8493.1460562421,-4485610209.12,-2055.7050780971,2016-04-12
2481,600768,宁波富邦,79623308.97,236.3284758465,-20094071.95,-25.2364190963,81213686.03,101.9973762464,18503694.89,23.2390428498,2016-04-12
2482,600737,中粮糖业,478667111.04,484.7381240535,-2195222483.75,-458.6115137471,-290436028.55,-60.6759942038,2965017876.21,619.4321288897,2016-04-12
2483,600702,舍得酒业,140723299.03,278.0242720785,-147974626.38,-105.1528974946,-44813949.78,-31.8454371727,333511875.19,236.9983346673,2016-04-12
2484,600668,尖峰集团,258843305.51,822.853499906,318894448.16,123.1998051994,-41635596.14,-16.0852512905,-18655664.75,-7.2073197772,2016-04-12
2485,600667,太极实业,100973663.22,-77.7987071342,940250537.18,931.1839416298,-357301068.81,-353.8557059493,-483827858.42,-479.1624300743,2016-04-12
2486,600662,外服控股,22547220.63,112.8924743434,724684067.09,3214.0727186826,-357257167.4,-1584.4842841723,-344883515.27,-1529.6054486251,2016-04-12
2487,600622,光大嘉宝,-390420740.76,-219.5677226436,-1588707324.31,-406.9218559489,298790060.8,76.5302735245,899102608.96,230.290687736,2016-04-12
2488,600617,国新能源,161109060.84,-53.0965570933,35568296.49,22.0771546334,-2007012915.43,-1245.7480075706,2132553679.78,1323.6708529372,2016-04-12
2489,600590,泰豪科技,210750334.94,166.5996651547,183151079.18,86.9042885422,-42676119.59,-20.2496093789,70064232.91,33.2451347847,2016-04-12
2490,600572,康恩贝,-99726982.18,87.5035413776,617434215.75,619.1245360614,-1257444383.09,-1260.8868288227,540828050.81,542.3086500641,2016-04-12
2491,600500,中化国际,3006171283.73,186.1843973623,2262170325.79,75.2508793505,2731895223.95,90.8762331254,-1903322674.61,-63.3138465832,2016-04-12
2492,600448,华纺股份,-128260874.98,-222.5135845101,37827811.06,29.4928683949,-278905284.84,-217.4515688307,115945557.52,90.3982274704,2016-04-12
2493,600438,通威股份,385700639.21,54.4573273805,579696886.54,150.2971028846,-489449510.01,-126.8988070677,294180487.66,76.2717137992,2016-04-12
2494,600232,金鹰股份,-15888479.56,-157.0825293779,82263900.1,517.7581642683,-3918887.48,-24.6649622149,-93610152.39,-589.1699834241,2016-04-12
2495,600227,赤天化,-83055720.49,2.6184575675,339410397.19,408.6538473059,489398666.33,589.2413712658,-911864784.01,-1097.8952185717,2016-04-12
2496,600202,哈空调,-36758439.21,41.0965042204,264811412.69,720.4098388866,-10825403.46,-29.4501172864,-290735101.61,-790.9342938884,2016-04-12
2497,600182,S佳通,-35724078.82,-30.2612901129,1190379925.0,3332.1500912532,-119926040.0,-335.7008604876,-1101077908.66,-3082.172990962,2016-04-12
2498,600178,东安动力,-118731162.01,41.1285697002,-87493641.91,-73.690546297,16657162.18,14.0293094905,-47894682.28,-40.3387631934,2016-04-12
2499,600158,中体产业,-316958041.55,-221.6944031199,-32838845.01,-10.3606284445,-187936281.64,-59.2937414432,-96175530.18,-30.3433002393,2016-04-12
2500,600151,航天机电,-145683388.9,-1.5377663068,303149150.68,208.0876570548,-1529319898.99,-1049.755851053,1089829874.66,748.0810838414,2016-04-12
2501,301575,艾芬达,1822764.31,107.0931730088,-127218671.86,-6979.4361872271,-6932838.98,-380.3475272127,136159524.61,7469.9468199484,2016-04-12
2502,301233,盛帮股份,702774.69,122.1577480768,10103693.47,1437.6860199675,-14203304.53,-2021.0324492477,4894365.65,696.434535797,2016-04-12
2503,301127,武汉天源,683656.25,18.1219454487,1790757.22,261.9382504,-3654498.1,-534.5519915893,2547397.13,372.6137411894,2016-04-12
2504,301011,华立科技,6608216.88,1946.7226569309,43184780.36,653.5012567566,169607.14,2.566609769,-36725859.7,-555.7605079693,2016-04-12
2505,300509,新美星,-11725132.27,-126.6678834105,5048044.67,43.0532002007,-16773176.94,-143.0532002007,,,2016-04-12
2506,300434,金石亚药,-3939574.68,-115.7579604533,26204718.02,665.1661701714,-19659467.9,-499.0251358809,-10484824.8,-266.1410342905,2016-04-12
2507,300400,劲拓股份,133748859.27,852.499381974,31215156.73,23.3386339894,-11874510.7,-8.8782145618,114336954.04,85.4863022115,2016-04-12
2508,300394,天孚通信,7703005.68,-71.9334474504,59985442.43,778.7277450119,-35616932.87,-462.3770817471,-16548000.0,-214.8252342974,2016-04-12
2509,300359,全通教育,78651932.85,181.5572012713,26160758.78,33.2614315148,-60700380.73,-77.175955543,113191554.8,143.9145240281,2016-04-12
2510,300341,麦克奥迪,-65688099.04,-2524.8994239337,76157082.95,115.9374134173,-126480307.59,-192.5467618008,-9199689.36,-14.0051082227,2016-04-12
2511,300334,津膜科技,-125097215.33,6.8198257996,-103958255.47,-83.1019740893,-94617695.66,-75.635333217,73476055.04,58.7351643649,2016-04-12
2512,300251,光线传媒,-40792734.71,-35.2660205455,-82888663.24,-203.1946713778,-905250422.25,-2219.1462001396,946369478.08,2319.9461492539,2016-04-12
2513,300240,飞力达,-96719405.98,5.8125942453,28838127.62,29.8162786752,-107147273.54,-110.7815670023,-16214456.65,-16.7644295224,2016-04-12
2514,300211,*ST亿通,-31122494.94,-48.6040704568,23469432.24,75.4098676383,-48240669.39,-155.0025776629,-6449520.0,-20.7230172659,2016-04-12
2515,300124,汇川技术,136565686.0,104.423214625,524225122.88,383.862988013,-79570991.35,-58.2657281493,-308108001.51,-225.611579698,2016-04-12
2516,300085,银之杰,81312044.81,190.9773807058,31869543.38,39.1941236436,58303626.75,71.703554973,-8840725.92,-10.8725908205,2016-04-12
2517,300031,宝通科技,7582429.32,223.180866566,90466146.9,1193.1024092949,-40333717.58,-531.9366113129,-42550000.0,-561.165797982,2016-04-12
2518,002795,永和智控,10907987.67,-47.6422521837,102833214.38,942.7331373212,-14898105.78,-136.5797819975,-77027120.93,-706.1533553237,2016-04-12
2519,002763,汇洁股份,23893581.19,-5.6647121169,188339388.4,788.242611697,-43496834.24,-182.0440138049,-121070729.55,-506.7081765067,2016-04-12
2520,002738,中矿资源,158459544.04,237.3614666928,-8765155.94,-5.5314787084,-33754782.18,-21.301829678,203547238.81,128.4537577356,2016-04-12
2521,002709,天赐材料,70256460.3,316.0892087287,68967564.45,98.1654415203,-171471659.46,-244.0653268437,173046489.32,246.3068713981,2016-04-12
2522,002686,亿利达,-119416539.05,-32.7499787785,111396368.82,93.2838698108,-205580488.29,-172.1541169468,-25450206.75,-21.3121289165,2016-04-12
2523,002593,日上集团,-8710343.49,90.4198105243,12253864.91,140.6817644341,-95185214.14,-1092.7837030684,75409585.02,865.7475460821,2016-04-12
2524,002588,史丹利,73301135.28,-52.6605432387,707269548.57,964.882120677,-546581400.77,-745.6656689997,-87387012.52,-119.2164516773,2016-04-12
2525,002531,天顺风能,-132782172.75,67.8746741513,165603650.3,124.7182862505,-8937210.77,-6.7307309294,-270531843.89,-203.7410883458,2016-04-12
2526,002460,赣锋锂业,-171346387.85,-137.0170134551,11107441.03,6.4824483138,-205599514.63,-119.9905741871,23813404.82,13.8978154829,2016-04-12
2527,002438,江苏神通,-143756523.5,-1027.7662228368,44281087.71,30.8028370692,-177114244.24,-123.2043179174,-10916935.42,-7.594045233,2016-04-12
2528,002378,章源钨业,34112670.18,-39.2304679163,92095425.31,269.9742495209,-95071840.55,-278.6994980116,36972872.93,108.3845759799,2016-04-12
2529,002212,天融信,-99231905.26,-336.7672826915,-28384983.16,-28.6046943124,-12688291.14,-12.7865036016,-58120012.17,-58.5698843711,2016-04-12
2530,002177,御银股份,113858007.28,189.2608507732,176427114.06,154.9536288881,-26819535.89,-23.5552479186,-35749570.89,-31.3983809695,2016-04-12
2531,002130,沃尔核材,-46509532.24,54.9540991654,26336886.04,56.6268564132,-599439848.94,-1288.8537468981,526654391.1,1132.3579613365,2016-04-12
2532,002124,天邦食品,-18300042.84,-125.6495979078,85228225.53,465.7269181016,-221519215.38,-1210.4846820129,118161654.23,645.6905880664,2016-04-12
2533,002122,ST汇洲,94885654.19,140.3691595375,133913180.65,141.1311138582,79119354.75,83.3838955166,-111503438.59,-117.513484564,2016-04-12
2534,002121,科陆电子,-19763620.44,86.6977742556,182021781.76,920.994118019,-867446035.08,-4389.1049097682,665660632.88,3368.1107917492,2016-04-12
2535,002111,威海广泰,20096087.49,133.0333066131,48452265.94,241.1029806877,-182438180.69,-907.8293512644,155397315.61,773.2714922112,2016-04-12
2536,002049,紫光国微,-139488382.44,-485.2141168444,253305547.33,181.5961608408,-363850236.22,-260.8462653702,-29032826.39,-20.8137953012,2016-04-12
2537,002025,航天电器,56010396.78,-18.4840489898,135311423.6,241.582690677,-42900901.82,-76.5945329552,-36400125.0,-64.9881577218,2016-04-12
2538,000868,安凯客车,134324919.37,124.6801630796,126780222.04,94.3832481974,-17424145.38,-12.9716403045,24683289.45,18.3758081269,2016-04-12
2539,000733,振华科技,430804409.1,430.2420227508,78515287.06,18.225274719,-370971791.42,-86.1114193782,724974373.05,168.2838795834,2016-04-12
2540,000719,中原传媒,1338494195.15,204.1016517955,1185640192.53,88.5801519966,-702681931.03,-52.4979438518,855535203.41,63.9177372984,2016-04-12
2541,000603,盛达资源,374082584.09,196.8775140105,476448755.64,127.3645916447,-4812171.55,-1.2863928327,-97554000.0,-26.078198812,2016-04-12
2542,000599,青岛双星,149234849.27,-42.4158874235,554702250.81,371.6975314569,-602800834.71,-403.9276601,197310635.28,132.2148521241,2016-04-12
2543,000520,凤凰航运,-5881215.66,79.9384271609,-215590914.04,-3665.7542675454,64800219.8,1101.8167594283,144906930.8,2463.8941874816,2016-04-12
2544,000401,金隅冀东,236145793.9,133.3192243943,2253471810.46,954.2714156553,-1119876177.26,-474.2308379773,-897449839.3,-380.0405776781,2016-04-12
2545,000301,东方盛虹,-103330205.68,-425.2501108253,-124950151.52,-120.9231615264,-122565407.43,-118.6152748109,144185353.27,139.5384363373,2016-04-12
2546,000096,广聚能源,112081810.85,-30.2214179698,22735154.74,20.2844284613,98177829.0,87.5947919252,-8877272.8,-7.9203509764,2016-04-12
2547,688401,路维光电,-1752350.84,42.5009139606,12471146.92,711.6809394174,-25620383.97,-1462.0579044548,11171332.82,637.5054906242,2016-04-11
2548,605298,必得科技,2410093.08,-76.377244096,20251210.76,840.2667485357,-18146896.41,-752.9541726247,305778.73,12.687424089,2016-04-11
2549,603022,新通联,3665612.97,55.0094368258,38913417.04,1061.5800783791,-51355005.73,-1400.9936714623,16107201.66,439.4135930832,2016-04-11
2550,600251,冠农股份,13927586.64,121.6981580463,-501475266.25,-3600.5898165427,233135093.66,1673.9087660057,282267759.23,2026.681050537,2016-04-11
2551,301618,长联科技,-11131553.63,-469.3725829672,12157418.88,109.2158317167,-15884462.88,-142.6976270158,-7404509.63,-66.518204701,2016-04-11
2552,301013,利和兴,-1820759.43,-254.5839247169,-3695874.82,-202.985345516,-2207625.46,-121.2475093428,4098571.83,225.1023261211,2016-04-11
2553,300967,晓鸣股份,-2938499.11,50.9249865421,38551643.74,1311.9501588006,-31722483.72,-1079.5471610675,-9767659.13,-332.4029977331,2016-04-11
2554,300418,昆仑万维,45162560.48,-80.0981750955,396800219.07,878.6043458402,-190371341.3,-421.5246861043,-166640010.2,-368.9782165336,2016-04-11
2555,002743,富煌钢构,-178526930.19,-2.5893789342,-88756866.44,-49.7162340413,-90269797.97,-50.5636868757,498960.8,0.2794876938,2016-04-11
2556,000533,顺钠股份,-47337424.25,-120.5376192549,-18377172.15,-38.8216563135,194779065.44,411.4695054199,-223740474.22,-472.6502925854,2016-04-11
2557,603898,好莱客,65377050.98,-42.6098526762,162999701.57,249.3225055683,-57197650.59,-87.4888813928,-40425000.0,-61.8336241755,2016-04-09
2558,603828,ST柯利达,-6913284.77,-189.3454989604,-27269492.36,-394.4505870543,-5608950.59,-81.132931401,25965158.18,375.5835184553,2016-04-09
2559,603566,普莱柯,26848731.04,148.0599101885,151206579.78,563.1796137953,-64357848.74,-239.7053650101,-60000000.0,-223.4742487852,2016-04-09
2560,603338,浙江鼎力,10865016.31,-56.8085607548,86308815.71,794.3735494494,-60978937.61,-561.2411051226,-14937996.38,-137.4871049779,2016-04-09
2561,603100,川仪股份,41144967.68,118.4809142915,44578820.92,108.3457429514,-348565921.86,-847.1653801528,345087103.95,838.7103536789,2016-04-09
2562,601801,皖新传媒,296593809.09,46.3678951596,500444573.33,168.730620125,-23130298.86,-7.7986452013,-180718228.58,-60.931220761,2016-04-09
2563,600895,张江高科,346652000.46,136.9969354828,1464305548.68,422.4137021384,680642195.36,196.3474015603,-1799279116.49,-519.0447809626,2016-04-09
2564,600861,北京人力,257353978.6,295.861075023,-203281060.05,-78.9888934905,80782625.18,31.389693534,379852602.75,147.5992735051,2016-04-09
2565,600839,四川长虹,2279463422.34,931.0403108683,1920744485.81,84.2630097498,-930532891.01,-40.8224532971,1181776120.72,51.844487134,2016-04-09
2566,600633,浙数文化,114100872.78,-68.9053636877,588656698.85,515.9090237504,-362965619.86,-318.1094158323,-110326602.31,-96.6921633656,2016-04-09
2567,600616,金枫酒业,153748983.04,328.3221630445,84430043.19,54.9142124524,-352046021.66,-228.9745367411,421377921.63,274.0687536908,2016-04-09
2568,600578,京能电力,1155011510.22,-4.3754649092,5126006289.82,443.8056456116,-869472024.09,-75.2782129352,-3101522755.51,-268.5274326763,2016-04-09
2569,600525,ST长园,-26131814.64,-121.2531195003,281474563.58,1077.1336298595,-808787488.86,-3095.0299472199,501181110.64,1917.8963173604,2016-04-09
2570,600498,烽火通信,268609087.92,-11.0729097907,820800448.49,305.5743403345,-398849316.05,-148.4869030823,-148857230.1,-55.4177936617,2016-04-09
2571,600428,中远海特,20290290.34,100.8875184467,779844208.83,3843.4354351876,-520402728.59,-2564.7869984595,-276440215.74,-1362.4261215968,2016-04-09
2572,600425,青松建化,201283555.83,106.8723475746,506804807.82,251.7864937998,-752544193.6,-373.8726646083,447022941.61,222.0861708085,2016-04-09
2573,600403,大有能源,-308078837.54,89.0614719627,97793043.95,31.7428632005,-357112648.43,-115.9159945167,-48759233.06,-15.8268686838,2016-04-09
2574,600375,汉马科技,-1026575017.99,-341.6321010853,-240853368.19,-23.4618380507,-431146640.1,-41.9985517419,-354970757.56,-34.5781605182,2016-04-09
2575,600348,华阳股份,-1689632001.67,-9.1978678695,1270128761.7,75.1719167514,-4737488811.91,-280.3858359233,1777728048.54,105.2139191719,2016-04-09
2576,600132,重庆啤酒,-211776730.72,-115.2913644623,414174659.77,195.5713729086,-79123903.33,-37.3619439024,-546827487.16,-258.2094290061,2016-04-09
2577,600023,浙能电力,4362030542.51,67.2201478796,10423366933.58,238.9567618108,-6233077727.49,-142.8939496582,180084859.62,4.1284639772,2016-04-09
2578,300473,德尔股份,69715249.37,289.1963519333,138801362.89,199.0975635092,-30093867.0,-43.16683548,-39358655.0,-56.4563066986,2016-04-09
2579,300426,华智数媒,-5799607.09,-117.0437940178,-69036794.5,-1190.3701997164,-1175272.52,-20.2646921035,64415793.3,1110.69236761,2016-04-09
2580,300396,迪瑞医疗,500652095.16,4428.4779751351,124170678.06,24.8017893584,-52748171.69,-10.5358935276,428835524.77,85.6553940183,2016-04-09
2581,300389,艾比森,162446935.78,344.7383256191,187564511.72,115.4620189168,-337956930.56,-208.0414314602,313472985.0,192.9694663029,2016-04-09
2582,300303,聚飞光电,77222810.64,159.1150430089,154902140.71,200.5911717357,-35191018.07,-45.5707552967,-42488312.0,-55.020416439,2016-04-09
2583,300136,信维通信,-25619525.36,71.2054609998,11991702.91,46.8068894388,-153131296.38,-597.7132449889,115875713.0,452.2945346244,2016-04-09
2584,300097,ST智云,-10877654.05,20.6885187411,-15649902.3,-143.8720355332,-6018244.53,-55.3266770789,10815829.17,99.4316340664,2016-04-09
2585,300046,台基股份,4999421.23,1449.5903370671,70322743.85,1406.6176986251,-2317822.62,-46.361818966,-63005500.0,-1260.2558796591,2016-04-09
2586,300011,鼎汉技术,98605683.69,102.8176229484,147380073.36,149.4640753401,-25847311.57,-26.2128009287,-22927078.1,-23.2512744114,2016-04-09
2587,002548,金新农,-136517016.58,7.0109285003,-9630454.01,-7.0543982364,-66284557.86,-48.5540627246,-60602120.21,-44.3916236438,2016-04-09
2588,002443,金洲管道,16037319.48,104.7720303808,176635438.59,1101.4025056387,-126262452.65,-787.3039681442,-34335666.46,-214.0985374945,2016-04-09
2589,002441,众业达,33023312.52,130.6389351202,118844746.02,359.8813594125,-104105098.55,-315.2472923089,18309293.85,55.4435411012,2016-04-09
2590,002415,海康威视,2527121906.39,366.1445266455,3706420782.04,146.6656900353,-1040632841.46,-41.1785770536,-119653023.32,-4.7347547033,2016-04-09
2591,002413,雷科防务,19179467.5,421.9244861178,137832817.19,718.6477788812,80109622.28,417.6842880544,-202075416.75,-1053.6028528946,2016-04-09
2592,002385,大北农,1053671486.64,793.314869058,847419737.58,80.425421806,-1025449612.26,-97.3215679898,1231735643.0,116.8993997292,2016-04-09
2593,002372,伟星新材,-105860412.2,-1160.6954007197,513259593.16,484.8456401155,-396729005.36,-374.7661633987,-222391000.0,-210.0794767168,2016-04-09
2594,002353,杰瑞股份,1373260992.61,996.5321430929,457802590.87,33.3368961424,-1501678337.77,-109.351270141,2426130401.01,176.6692867609,2016-04-09
2595,002348,高乐股份,-219307224.82,-298.1214315982,69860894.71,31.8552636683,-274656380.35,-125.2381815398,-14789866.99,-6.7439032171,2016-04-09
2596,002248,华东数控,-43353851.5,-47.7057850825,-70035969.48,-161.5449771054,117608362.07,271.2754645801,-90919970.75,-209.7160173878,2016-04-09
2597,002096,易普力,148956582.28,200.3042892884,222474002.99,149.3549325479,-98647594.56,-66.2257370907,25150637.75,16.884542707,2016-04-09
2598,002034,旺能环境,13013565.04,139.7737347645,154689728.45,1188.6806418881,-27550279.01,-211.7043171899,-115900344.16,-890.6117870373,2016-04-09
2599,001696,宗申动力,-382097894.43,-234.1070390546,274387644.9,71.8108235873,-965787705.1,-252.759232432,310675351.89,81.3077895531,2016-04-09
2600,000985,大庆华科,73992575.64,761.3945837161,108458151.47,146.5797757841,-28322186.87,-38.277065807,-6481975.0,-8.7603045899,2016-04-09
2601,000953,河化股份,-57651807.2,-222.3372588636,-215633043.01,-374.0265110198,446080595.26,773.7495438998,-288099359.45,-499.7230328801,2016-04-09
2602,000906,浙商中拓,10087087.29,-93.7987052869,-417471200.5,-4138.6694543019,-207821152.37,-2060.2691975911,635533927.93,6300.4701918268,2016-04-09
2603,000882,华联股份,-1451007107.64,-154.478387929,561291093.6,38.68286314,-1903817671.36,-131.2066399493,-107303883.4,-7.3951314804,2016-04-09
2604,000797,中国武夷,244578097.98,127.1186612041,-81352713.03,-33.2624685947,-236374558.64,-96.6458405688,580783864.07,237.4635623005,2016-04-09
2605,000713,国投丰乐,-36548559.2,-345.3913918607,248397277.61,679.6363059094,-87052421.45,-238.1829088628,-198339293.72,-542.6733585711,2016-04-09
2606,000683,博源化工,1231787819.36,326.2468069563,763851228.57,62.011591328,-341221926.56,-27.7013558015,809157633.35,65.6896927078,2016-04-09
2607,000682,东方电子,-34584957.47,-145.9745229541,117238271.99,338.9863124501,-175353311.82,-507.0219096615,23680299.28,68.4699389917,2016-04-09
2608,000659,珠海中富,-296331059.5,23.9895221759,595365764.1,200.9123731763,16634599.83,5.613518832,-908602327.62,-306.6173114466,2016-04-09
2609,000600,建投能源,1186865567.74,721.7498919843,4659307797.71,392.5724972022,-1462575141.1,-123.2300591452,-2009867088.87,-169.342438057,2016-04-09
2610,000548,湖南投资,44973497.83,129.4601476835,246366145.41,547.802944617,7027061.22,15.6248936797,-208419724.11,-463.427872339,2016-04-09
2611,000531,穗恒运A,3109042.94,-98.6177812315,495286652.68,15930.5182410893,-157875079.02,-5077.9317644291,-334302530.72,-10752.5864766602,2016-04-09
2612,603969,银龙股份,-24038234.9,-149.3302542003,155008402.54,644.8410342308,-67022890.07,-278.8178514305,-112430636.9,-467.715859204,2016-04-08
2613,603778,国晟科技,-60324338.08,-137.9371247178,-51115922.49,-84.7351568487,-712706.2,-1.181457141,-8495709.39,-14.0833860104,2016-04-08
2614,603766,隆鑫通用,-268146689.83,-719.2187763829,733564383.39,273.5683158554,-860941848.6,-321.0712200646,-141048205.28,-52.6011361055,2016-04-08
2615,603698,航天工程,136972921.41,180.1370997475,487633891.4,356.0075132955,-149412519.99,-109.0817940159,-201248450.0,-146.9257192797,2016-04-08
2616,603456,九洲药业,57684351.86,116.2535575296,10167664.08,17.6263817693,-307328350.04,-532.7759437878,356459403.11,617.9481811205,2016-04-08
2617,603439,三力制药,-12248284.36,-152.9316614515,563457.94,4.6003009355,-50873856.29,-415.354957435,38062113.99,310.7546564995,2016-04-08
2618,603021,ST华鹏,-27512158.03,-191.7920128331,123236957.06,447.936352087,-120783890.1,-439.0200505838,-29918984.83,-108.7482297731,2016-04-08
2619,601116,三江购物,-331444479.47,-1037.7924243327,40888553.54,12.3364714372,-290181273.01,-87.5504921591,-82151760.0,-24.7859792781,2016-04-08
2620,600894,广日股份,625415302.61,65.4461912585,281221861.46,44.9656188914,-219709654.6,-35.1302012732,563990824.52,90.1786096641,2016-04-08
2621,600886,国投电力,3407354916.71,255.6359810273,21440981070.5,629.2558772011,-13665006439.46,-401.0444105029,-4368618357.69,-128.2114268832,2016-04-08
2622,600818,中路股份,3509330.67,-84.1145443108,2525380.74,71.96189181,28539528.75,813.2470671394,-27493707.04,-783.4458939716,2016-04-08
2623,600674,川投能源,244806696.42,239.4370252691,536304481.18,219.0726352762,-592129615.33,-241.8763963524,300631830.57,122.8037610761,2016-04-08
2624,600558,大西洋,59563282.84,188.7179706897,86905715.52,145.9048450258,-418982058.83,-703.4233824141,391595945.85,657.445203116,2016-04-08
2625,600460,士兰微,-184188910.21,-182.571235691,267189510.46,145.0627565771,-71878128.83,-39.0241349211,-379365811.72,-205.9656095948,2016-04-08
2626,600459,贵研铂业,-19303201.86,-115.0764040847,34797526.68,180.2681593053,-144256923.71,-747.3212203667,90082525.73,466.6714174329,2016-04-08
2627,600439,瑞贝卡,-256865194.07,35.9382613799,-45353300.62,-17.656460146,-42507149.36,-16.5484270899,-156620124.49,-60.9736656058,2016-04-08
2628,600420,国药现代,-24821213.4,19.1964053055,258514766.29,1041.5073676052,-721747941.83,-2907.7866992191,438411962.14,1766.279331614,2016-04-08
2629,600410,华胜天成,381435992.51,-35.6570202078,276488016.32,72.4860846247,-487670567.74,-127.8512194224,592252323.52,155.2691238241,2016-04-08
2630,600325,华发股份,94401802.39,-96.4151445927,2032121655.76,2152.6301450948,-21084648494.59,-22335.0062824897,19146738060.54,20282.1742549359,2016-04-08
2631,600315,上海家化,900533758.39,122.614130575,1129569111.86,125.4332890173,144391837.56,16.0340282876,-373362826.52,-41.4601699316,2016-04-08
2632,600267,海正药业,315144999.23,-41.6548332713,571038090.96,181.1985252361,-2407331430.48,-763.8805744536,2148803874.36,681.8460961177,2016-04-08
2633,600212,绿能慧充,-31636660.02,-342.4660838423,-67963175.46,-214.824116759,-11167746.64,-35.3000178683,47504222.21,150.1556175019,2016-04-08
2634,600153,建发股份,-404934238.95,-139.2953976572,-472038134.1,-116.5715537723,-883116075.91,-218.0887637953,933180665.64,230.4523984091,2016-04-08
2635,301555,惠柏新材,-11948479.74,-422.7978504731,128003561.53,1071.2957992596,-2008115.2,-16.8064493868,-137978966.94,-1154.7826162193,2016-04-08
2636,301298,东利机械,-28160420.89,-1033.6904347125,15859050.48,56.31680912,-7652353.29,-27.1741438805,-36561805.93,-129.8340180099,2016-04-08
2637,301188,力诺药包,-19375296.78,60.5283948596,8775069.54,45.2899877594,-48241529.95,-248.9847278097,20091163.63,103.6947400503,2016-04-08
2638,301040,中环海陆,-15228637.12,-2970.6219386557,-32503357.14,-213.4357584587,-989145.85,-6.4953012026,18607715.72,122.1889757657,2016-04-08
2639,300875,捷强装备,2929303.91,1048.2096590302,-4760236.13,-162.5040035535,-1890776.65,-64.5469609195,9580316.69,327.050964473,2016-04-08
2640,300490,华自科技,69950647.02,1159.056571952,86850498.87,124.1596791023,42360.85,0.0605581961,-16923201.52,-24.1930593082,2016-04-08
2641,300415,伊之密,-32787204.42,-179.3213308376,31688713.28,96.6496346382,-194789071.86,-594.1008857138,131464590.68,400.9630982744,2016-04-08
2642,300357,我武生物,172138199.29,338.2179199202,83703086.29,48.625515217,-78780065.48,-45.7655917193,167214093.71,97.1394463284,2016-04-08
2643,300294,博雅生物,-50478352.33,59.6198625434,121884584.71,241.4591187786,-134462937.04,-266.3774288054,-37900000.0,-75.0816899732,2016-04-08
2644,300242,佳云科技,-10259554.02,75.0051274362,25908879.32,252.5341673672,-34642503.45,-337.6609098453,-1824179.78,-17.7803028908,2016-04-08
2645,300212,易华录,-67493915.56,-76.544284281,-418781104.44,-620.4723803107,-141544420.81,-209.7143418567,492831609.69,730.1867221674,2016-04-08
2646,300195,长荣股份,-169587141.71,-293.5150538468,-102784771.63,-60.608823637,-474709905.52,-279.9209307577,410498272.59,242.0574274976,2016-04-08
2647,300181,佐力药业,-112125394.51,-1328.600035182,13695170.95,12.2141563112,-111497024.55,-99.4395828325,-14325881.74,-12.7766611682,2016-04-08
2648,002778,中晟高科,-20566814.52,-257.1785273796,30067078.94,146.1922015719,-18906209.79,-91.925804901,-31727683.67,-154.2663966709,2016-04-08
2649,002690,美亚光电,-517798059.04,-786.6321906459,215590409.24,41.6360018112,-655309096.66,-126.5568854922,-78079610.15,-15.0791623852,2016-04-08
2650,002574,明牌珠宝,-174374359.83,56.1413267179,371296051.72,212.9304171106,-852724285.39,-489.0193066351,313089973.04,179.5504644979,2016-04-08
2651,002566,益盛药业,-85922485.09,81.014210073,-592063521.12,-689.0670358287,159950926.79,186.1572400082,346190637.91,402.9104111076,2016-04-08
2652,002552,宝鼎科技,-44804618.58,69.2101145582,13834718.18,30.877884063,-50736698.28,-113.2398843869,-7902638.48,-17.6379996761,2016-04-08
2653,002508,老板电器,324139655.44,104.5114864569,658696443.73,203.2137792076,-206482499.57,-63.7017088482,-128000000.0,-39.4891516208,2016-04-08
2654,002453,华软科技,2205545.01,-96.2406429843,20979494.71,951.2158951587,-69529576.17,-3152.4895594853,50761966.95,2301.5611433838,2016-04-08
2655,002442,龙星科技,-272160001.66,-216.3082668045,291120874.63,106.9668110135,-212599437.83,-78.1156071918,-350629187.8,-128.8320053136,2016-04-08
2656,002373,千方科技,121124765.24,129.0542822504,162958303.92,134.5375601737,-54520273.27,-45.011664759,12686734.59,10.4741045854,2016-04-08
2657,002326,永太科技,199810907.25,479.1722410768,166637109.98,83.3974042125,-194498455.13,-97.3412601979,228390102.37,114.3031206421,2016-04-08
2658,002321,华英农业,-23475894.55,-104.1073951889,711673770.2,3031.5086340341,-347524688.6,-1480.3469484829,-387624976.15,-1651.1616855512,2016-04-08
2659,002300,太阳电缆,-13833534.25,63.3446609422,467563460.56,3379.9277329291,-147182223.41,-1063.9524271247,-334212967.63,-2415.9622666926,2016-04-08
2660,002273,水晶光电,-190333485.17,-55.44900514,149684735.19,78.6434058391,-488998388.18,-256.9166364727,148980167.82,78.2732306336,2016-04-08
2661,002126,银轮股份,-183752056.57,-530.0607982211,181260109.59,98.6438535565,-341268602.04,-185.7223306287,-23562260.24,-12.8228552539,2016-04-08
2662,002042,华孚时尚,89670374.08,217.6736391235,117142360.22,130.6366360371,-158893645.06,-177.1974821007,121472693.96,135.4658048506,2016-04-08
2663,000998,隆平高科,12804614.17,-87.3291450075,276094324.08,2156.209632047,-233004403.78,-1819.6909386454,-30273961.05,-236.4300919033,2016-04-08
2664,000856,冀东装备,1677789.53,105.3918914225,21930981.06,1307.1354104826,-85580024.88,-5100.7604559316,65275102.67,3890.5417814832,2016-04-08
2665,000831,中国稀土,-1535402.49,99.7408019396,404002233.18,26312.4643740808,-405920995.1,-26437.4323829578,383359.43,24.9680088769,2016-04-08
2666,000799,酒鬼酒,-182581726.68,57.1409781987,-65653629.92,-35.9584888991,-95991063.79,-52.5742994852,-20937037.5,-11.4672140968,2016-04-08
2667,000702,正虹科技,-3496203.29,94.2859209178,5652334.76,161.6706550265,18151851.71,519.1875358598,-27300636.55,-780.8652496863,2016-04-08
2668,000631,顺发恒能,-355344457.71,-238.0556700401,-376013696.63,-105.8166768811,26066112.83,7.3354493828,-5389103.83,-1.5165858685,2016-04-08
2669,000428,华天酒店,69373649.2,205.2487292057,115650696.63,166.7069528036,-779604110.66,-1123.7755540471,733327063.23,1057.0686012435,2016-04-08
2670,000016,深康佳A,-131252584.13,-113.8533013219,-640385182.05,-487.9029135272,-368577765.11,-280.8156255003,879805931.56,670.3151312347,2016-04-08
2671,688800,瑞可达,12385104.08,179.5278455116,21742203.19,175.5512351738,-17248076.02,-139.2646836764,7611000.0,61.4528545811,2016-04-07
2672,688518,联赢激光,19951493.11,70.5393598221,18301580.38,91.7303796718,-3016756.35,-15.1204540601,5585561.0,27.9957042273,2016-04-07
2673,603029,天鹅股份,-38282322.45,-421.0734236534,47328671.81,123.6306179486,-34540252.17,-90.2250698481,-51259889.79,-133.8996343729,2016-04-07
2674,600979,广安爱众,-32617601.31,-86.3348634999,399606804.15,1225.1262756942,-771548697.09,-2365.4366541462,339324291.63,1040.3103784519,2016-04-07
2675,600735,ST新华锦,30062722.32,404.1152946727,85269750.4,283.6394837844,-461592.22,-1.5354305411,-53847021.94,-179.1155882918,2016-04-07
2676,600729,重庆百货,-513480536.22,-65.1723627279,-116725543.32,-22.7322235385,-124891517.41,-24.322541674,-271863475.49,-52.9452347875,2016-04-07
2677,600694,大商股份,-236207550.93,-127.7103621537,1100762632.84,466.0150060851,-413762121.3,-175.1688799409,-913670904.4,-386.8085083659,2016-04-07
2678,600162,香江控股,251139751.32,133.701084513,-696580843.97,-277.3678162492,-430455849.11,-171.4009219359,1378176444.4,548.7687381851,2016-04-07
2679,600000,浦发银行,-77332000000.0,-196.7687466421,191158000000.0,247.191330885,-342455000000.0,-442.8373765065,72897000000.0,94.2649873274,2016-04-07
2680,301280,珠城科技,-1655508.55,-435.2158204689,1725715.21,104.2407911454,-2350255.68,-141.9657832634,-1023358.91,-61.8153805367,2016-04-07
2681,301073,君亭酒店,2789158.23,-51.4326889606,53627233.34,1922.7031569306,-91359528.57,-3275.5233312812,40412731.03,1448.9221369847,2016-04-07
2682,300991,创益通,2206015.52,503.489246566,6153856.17,278.9579726076,-3838638.3,-174.0077649136,-103233.3,-4.6796270953,2016-04-07
2683,300564,筑博设计,-5184746.34,-112.3377627698,60465989.98,1166.2285098407,-38969697.83,-751.6220712545,-26680927.99,-514.6043073343,2016-04-07
2684,300424,航新科技,-55327997.05,-161.8509685449,50316905.44,90.9429368906,-33107397.36,-59.8384165797,-72258731.83,-130.6006645509,2016-04-07
2685,300420,五洋自控,-2471016.78,-198.9290127291,7867552.98,318.3933449452,-16977503.1,-687.0654718905,6638933.34,268.6721269452,2016-04-07
2686,300187,永清环保,-45879405.0,-13.8507023533,116590627.52,254.124105402,-162461532.52,-354.1055785706,-8500.0,-0.0185268314,2016-04-07
2687,300041,回天新材,-76565363.13,7.8606528419,-2366864.04,-3.0912986542,-106585368.17,-139.2083362669,32386869.08,42.2996349211,2016-04-07
2688,002671,龙泉股份,-293215517.57,-148.5709485835,-141533332.67,-48.2693869148,-209533539.68,-71.4605902909,57851354.78,19.7299772057,2016-04-07
2689,002307,北新路桥,243593247.21,143.5194267111,321090302.22,131.8141228863,-543393200.2,-223.0739999667,467828532.98,192.0531617105,2016-04-07
2690,000063,中兴通讯,-2888134000.0,-13.6451688682,2512635000.0,86.9985603161,-1622730000.0,-56.1861049383,-3726249000.0,-129.0192560317,2016-04-07
2691,688292,浩瀚深度,-14354063.53,-154.7945831364,-23725845.17,-165.2900944768,-7900901.69,-55.0429616916,17272683.33,120.3330561684,2016-04-06
2692,688163,赛伦生物,-1322267.49,-113.2962342284,27470725.78,2077.5467889633,-8756483.94,-662.2324156211,-20036509.33,-1515.3143733421,2016-04-06
2693,600917,重庆燃气,93546819.17,33.0788736216,851898032.52,910.6648842564,-976861334.14,-1044.2485835513,218510120.79,233.5836992949,2016-04-06
2694,600487,亨通光电,-128913002.55,38.0070477094,227548095.92,176.5129129094,-750157797.35,-581.9101118671,393329222.34,305.1121411802,2016-04-06
2695,600261,阳光照明,267458710.78,3765.5603724815,601699421.59,224.9690876903,-57509577.34,-21.5022263333,-279950574.35,-104.6705764541,2016-04-06
2696,600017,日照港,230975958.07,355.490170712,1121115805.24,485.3820348264,-1464825344.18,-634.1895305554,573811500.28,248.429102784,2016-04-06
2697,301089,拓新药业,-31664844.3,-214.0442854906,-14865286.29,-46.9457109884,-22556273.15,-71.2344356925,5652986.01,17.8525621552,2016-04-06
2698,300830,金现代,14628679.13,893.3735885752,14464479.81,98.8775519749,-18517049.44,-126.58046072,18681248.76,127.7029087451,2016-04-06
2699,300257,开山股份,-32657339.96,72.1695255521,283473137.61,868.022741464,-165833572.37,-507.7987753232,-149579951.32,-458.0285825582,2016-04-06
2700,300174,元力股份,9120041.69,117.735844299,42382027.76,464.7130923368,-25282039.88,-277.2140823405,-8086012.58,-88.6620133422,2016-04-06
2701,300049,福瑞医科,18334371.06,132.8908449693,50875669.27,277.4879438379,-98799996.94,-538.8785719274,73486883.11,400.8148568037,2016-04-06
2702,002623,亚玛顿,-305207337.64,-4494.9474773059,95894801.8,31.4195597463,-475271591.96,-155.7208930935,72460183.29,23.7412979158,2016-04-06
2703,002430,杭氧股份,-297596364.51,-1442.4105638531,139746126.0,46.9582772727,-486236071.55,-163.3877726802,56038164.89,18.8302585558,2016-04-06
2704,002363,隆基机械,-35278068.84,-150.7044875121,171506457.04,486.1560246335,-92195551.08,-261.3395633932,-115115693.81,-326.3095106824,2016-04-06
2705,002215,诺普信,128400536.02,209.090980905,306172340.52,238.4509831581,-20629357.83,-16.0664109897,-156662995.25,-122.0111691945,2016-04-06
2706,000929,*ST兰黄,86689643.67,-27.5330639468,123424877.19,142.3755733267,1186575.89,1.3687631414,-37921809.41,-43.7443364681,2016-04-06
2707,000819,岳阳兴长,-286749319.6,-11170.6277483742,59215685.95,20.6506805431,-355160901.56,-123.8576266041,9195896.01,3.2069460611,2016-04-06
2708,000710,贝瑞基因,28114436.81,249.3319942005,18909920.32,67.2605339662,39450317.21,140.3204961088,-30283734.36,-107.715955915,2016-04-06
2709,603377,ST东时,46604869.58,169.5957258019,521689600.27,1119.3886067517,-361851126.33,-776.423428691,-113233604.36,-242.9651780607,2016-04-05
2710,600653,申华控股,56395720.09,-83.4425956981,51373719.49,91.0950678669,-49710462.7,-88.1458072007,53855686.26,95.4960521367,2016-04-05
2711,600639,浦东金桥,39147208.15,-77.3255326044,288762333.83,737.6319984903,-479586391.97,-1225.0845325479,229960285.55,587.4244841902,2016-04-05
2712,600406,国电南瑞,980792496.37,255.5672917043,1693439419.29,172.660315567,-301944025.6,-30.7857193767,-410713144.22,-41.8756409475,2016-04-05
2713,600219,南山铝业,-1532737598.37,-87.6889464622,1454782683.68,94.9140078006,-3399406684.62,-221.7866051068,406628946.37,26.5295864604,2016-04-05
2714,600161,天坛生物,285828082.72,5.3384410362,477952523.13,167.2167824035,-461780550.2,-161.558845375,271369120.97,94.9413781836,2016-04-05
2715,600066,宇通客车,333330481.14,-77.2084238704,3205260757.93,961.5864552704,-1713751959.12,-514.1299869304,-1176538957.57,-352.9647074418,2016-04-05
2716,300922,天秦装备,-4585572.68,-126.6812392004,28073137.39,612.2057014262,-16561389.62,-361.1629511889,-16097320.45,-351.0427502373,2016-04-05
2717,300112,万讯自控,-2097352.06,95.1418270357,19387020.87,924.3570137672,-37703646.34,-1797.6784660559,16250504.14,774.810507493,2016-04-05
2718,300107,建新股份,-55750299.22,-1662.4246467306,105069238.55,188.4639903642,-153772780.44,-275.8241347426,-7320164.03,-13.1302685948,2016-04-05
2719,300069,金利华电,-35156091.45,3.5828729518,-35095804.16,-99.8285153795,18435174.78,52.438066974,-20166350.52,-57.3623223978,2016-04-05
2720,002516,旷达科技,-546694593.31,-2691.8937264988,135319640.08,24.7523282169,-495633811.67,-90.6600902469,-186391112.41,-34.0941934841,2016-04-05
2721,002164,宁波东力,3426871.54,108.0110212538,37644149.22,1098.4989889641,37846449.94,1104.4023535239,-72063727.62,-2102.901342488,2016-04-05
2722,000826,启迪环境,-711265552.43,-103.6375893986,29256008.7,4.1132328987,-1519927504.82,-213.6933947704,779440141.82,109.5849699394,2016-04-05
2723,300306,远方信息,-1763593.85,84.1520018293,91733240.61,5201.4946984534,-66946173.28,-3796.0085469792,-26400000.0,-1496.9433013162,2016-04-02
2724,300076,GQY视讯,7667570.57,22.9923300203,34880546.0,454.9100093904,-51508265.72,-671.767742465,24295280.11,316.8576003077,2016-04-02
2725,300051,琏升科技,-151819620.87,-393.8353664986,24069118.69,15.85376024,-286241049.94,-188.5402218104,110395932.5,72.715194431,2016-04-02
2726,002598,山东章鼓,107792698.05,7962.3322768893,58466020.97,54.2393149329,111750261.89,103.6714581893,-62400000.0,-57.8888933377,2016-04-02
2727,002057,中钢天源,-36342670.79,45.8330542819,-12884108.95,-35.451739429,-33024945.39,-90.8709917904,9566383.55,26.3227312194,2016-04-02
2728,002029,七匹狼,-397386699.49,-40.0831365764,766877429.24,192.980145089,-588940689.15,-148.2034224864,-575439905.34,-144.8060305185,2016-04-02
2729,001896,豫能控股,2013640763.1,1914.0057340371,1126506403.66,55.9437623782,-3104111324.51,-154.1541759281,3991245683.95,198.2104135499,2016-04-02
2730,000716,黑芝麻,548679773.87,186.6449097511,-2945798.69,-0.536888515,-259585275.99,-47.3108884913,811210848.55,147.8477770063,2016-04-02
2731,000701,厦门信达,811172375.53,-23.6750929628,480976213.4,59.2939587083,-21056918.05,-2.5958623204,344589123.03,42.4803819046,2016-04-02
2732,000572,海马汽车,113741719.86,117.145331878,673429170.36,592.0687424007,-545507681.34,-479.602103794,0.0,0.0,2016-04-02
2733,000561,烽火电子,10497815.7,-88.7391595358,40637427.77,387.1036502384,-47685041.31,-454.2377450006,17548258.29,167.1610437017,2016-04-02
2734,688679,通源环境,-37741243.04,-348.2756141781,-5476431.53,-14.5104694199,-1734288.85,-4.5952086108,-30530522.66,-80.8943219693,2016-04-01
2735,603869,ST智知,-81404878.4,-202.5415093846,100170110.65,123.0517293543,-70676478.46,-86.8209373309,-110898510.59,-136.2307920234,2016-04-01
2736,601288,农业银行,-75558000000.0,45.6952500054,34615000000.0,45.8124884195,-140425000000.0,-185.8506048334,30822000000.0,40.7925037719,2016-04-01
2737,601018,宁波港,133877000.0,159.4831761209,2692877000.0,2011.456038005,-1345886000.0,-1005.3153267552,-1212776000.0,-905.8882406986,2016-04-01
2738,600037,歌华有线,554550603.07,95.8790351637,1197396449.61,215.9219452618,-516809197.8,-93.1942360064,-126036648.74,-22.7277092554,2016-04-01
2739,300371,汇中股份,139651735.96,4042.4378260663,61973781.24,44.3773797826,-124359973.21,-89.0500732806,202037927.93,144.672693498,2016-04-01
2740,300074,华平股份,29924563.23,-73.2842098963,20554653.09,68.6882309092,29369910.14,98.1464956205,-20000000.0,-66.8347265298,2016-04-01
2741,300050,世纪鼎利,146811271.43,212.377872276,116161582.53,79.1230682757,29039908.04,19.7804349469,1532549.29,1.0438907552,2016-04-01
2742,003015,日久光电,243382.41,101.3874048313,-22293068.62,-9159.687678333,-24246497.94,-9962.3049751213,47502877.7,19517.7941166743,2016-04-01
2743,002587,奥拓电子,-221710324.64,-10696.0979891641,18441945.41,8.3180363566,-223886403.73,-100.9814965061,-16850696.99,-7.6003212829,2016-04-01
2744,002410,广联达,410587368.66,228.2200332003,600611462.57,146.2810374635,56383824.64,13.7324791125,-222407338.39,-54.168090732,2016-04-01
2745,002364,中恒电气,-53624005.9,62.6341946737,-5407328.17,-10.0837825881,-74138573.53,-138.2563131674,25921895.8,48.3400957555,2016-04-01
2746,002345,潮宏基,-80450789.14,-298.5148458715,262321371.6,326.0643859484,-902730717.69,-1122.0905690795,559926005.55,695.9857218748,2016-04-01
2747,002158,汉钟精机,-36256424.31,-143.2383998982,210903875.58,581.7007043406,-180291231.77,-497.2669953012,-66654650.3,-183.8423164129,2016-04-01
2748,002156,通富微电,-188811832.9,-601.7722909741,415074338.01,219.8349179894,-657473581.43,-348.2163015589,52979533.75,28.0594351192,2016-04-01
2749,000951,中国重汽,-272836452.3,-180.4419800463,47332552.27,17.348324196,-56628098.94,-20.7553273995,-263540905.63,-96.5929967966,2016-04-01
2750,000949,新乡化纤,129921425.49,325.7797592587,558880968.92,430.1684397413,-542010348.88,-417.1831911756,112924657.89,86.9176561634,2016-04-01
2751,000927,中国铁物,-74394554.86,78.603275763,-1483743975.71,-1994.4255039931,944585266.98,1269.6967792301,464763862.23,624.7283327451,2016-04-01
2752,000800,一汽解放,-540644226.75,-525.5780938759,291061292.73,53.8360123588,-736991706.85,-136.3173174493,-93086351.86,-17.217672409,2016-04-01
2753,000755,山西高速,118657741.21,171.1758716927,356644370.69,300.5656159077,33118544.41,27.9109850502,-271156654.75,-228.5199869683,2016-04-01
2754,000037,深南电A,30440127.5,171.7211517171,571263982.13,1876.6806483646,-85479803.65,-280.8128962338,-455423890.05,-1496.1300344422,2016-04-01
2755,688701,卓锦股份,3169569.42,20.0290430976,1177004.05,37.1345092672,-1195037.7,-37.7034714072,3187603.07,100.56896214,2016-03-31
2756,688681,科汇股份,9046986.95,195.1138693227,23671561.57,261.6513287885,-2461156.9,-27.2041610494,-12093372.52,-133.6729298587,2016-03-31
2757,688539,高华科技,7265398.09,204.6856160976,12698163.26,174.775877422,-19781790.1,-272.2740014374,14349024.93,197.4981240154,2016-03-31
2758,688395,正弦电气,14152879.65,180.5821711506,9025220.64,63.7695003645,18013569.72,127.2784773521,-12900000.0,-91.1475284113,2016-03-31
2759,688367,工大高科,-22999641.93,-20.8049297591,-10063839.11,-43.7565034301,-12950971.23,-56.3094472054,20000.0,0.0869578755,2016-03-31
2760,688357,建龙微纳,27016291.32,605.7522993612,45376275.57,167.9589364526,-93987930.14,-347.8935321904,75627945.89,279.9345957378,2016-03-31
2761,688135,利扬芯片,1270688.12,-55.0679754126,18723900.84,1473.5245057615,-22307074.88,-1755.5114058987,4853862.16,381.9869001372,2016-03-31
2762,688133,泰坦科技,3694905.91,121.0874919607,11515935.07,311.670590551,-4494032.28,-121.6277867276,-3187761.67,-86.2745019128,2016-03-31
2763,688109,品茗科技,1053646.43,741.1701387072,-750152.49,-71.1958460297,1803798.92,171.1958460297,,,2016-03-31
2764,603901,永创智能,43875245.58,458.1505232362,55992145.24,127.6167107439,-25392196.84,-57.8736289776,14434086.39,32.8980184594,2016-03-31
2765,603726,朗迪集团,17383884.67,323.5850486004,46837720.54,269.4318412088,4007726.83,23.0542649476,-33475127.21,-192.5641353786,2016-03-31
2766,603598,引力传媒,70602395.56,190.4096842552,71319273.87,101.015373918,-716878.31,-1.015373918,,,2016-03-31
2767,603168,莎普爱思,77166852.6,454.2445695185,147991883.66,191.7816765537,-162865914.28,-211.0568317775,92040883.22,119.2751552238,2016-03-31
2768,603155,新亚强,7452853.9,21.0007920536,46496680.31,623.8775230788,45584843.48,611.6427893481,-84461864.3,-1133.2821685932,2016-03-31
2769,603118,共进股份,-7466242.29,-212.4115164623,312359845.03,4183.6285630372,-190178435.13,-2547.1773851314,-131707375.17,-1764.038321478,2016-03-31
2770,603020,爱普股份,60350154.33,319.0717896542,117367127.65,194.4769304288,-12994067.83,-21.5311260994,-44057517.9,-73.0031569747,2016-03-31
2771,601988,中国银行,-2415000000.0,-103.0849609749,126918000000.0,5255.4037267081,-200599000000.0,-8306.3768115942,83555000000.0,3459.83436853,2016-03-31
2772,601968,宝钢包装,120014827.31,1532.0420500366,321157702.08,267.5983537021,-601810397.94,-501.4467057354,411103093.53,342.5435862755,2016-03-31
2773,601939,建设银行,-87055000000.0,71.7488731028,316951000000.0,364.0813278962,-343887000000.0,-395.0226868072,-62850000000.0,-72.1957383263,2016-03-31
2774,601929,吉视传媒,395085807.36,272.8688110618,985294114.57,249.3873726201,-2510529535.95,-635.439058853,1920321228.74,486.0516862329,2016-03-31
2775,601919,中远海控,-8500865990.25,-560.7272831698,5901317459.94,69.4201916218,-779660901.67,-9.1715467879,-13579223811.09,-159.7392998156,2016-03-31
2776,601866,中远海发,-246915569.21,-131.9907808339,2874264868.94,1164.067895004,-6020500948.58,-2438.2832430707,2901558538.5,1175.1217421337,2016-03-31
2777,601727,上海电气,2840505000.0,967.5861058075,4410915000.0,155.2862959227,-3422976000.0,-120.5058959586,1907216000.0,67.1435536991,2016-03-31
2778,601588,北辰实业,856366018.0,38.2338592345,-1255190859.0,-146.5717733559,-468840458.0,-54.7476719236,2580397335.0,301.3194452795,2016-03-31
2779,601398,工商银行,36862000000.0,115.0922229728,201457000000.0,546.5167381043,-146741000000.0,-398.0820357007,-26344000000.0,-71.4665509196,2016-03-31
2780,601377,兴业证券,14226583263.41,1618.6648145287,2777475920.53,19.523141074,-103365590.19,-0.7265665148,11550625776.9,81.1904416052,2016-03-31
2781,601186,中国铁建,4622583000.0,329613.480741797,6742000000.0,145.8491929728,-17148988000.0,-370.9828033374,15064974000.0,325.8994808747,2016-03-31
2782,601179,中国西电,-1611082072.43,-164.8518573914,2772441.11,0.1720856533,-836476179.46,-51.9201469481,-780762311.96,-48.4619824974,2016-03-31
2783,601158,重庆水务,-651112467.96,-154.3503660838,2177246383.36,334.3886794522,-1292594941.39,-198.5209936833,-1535763909.93,-235.8676857689,2016-03-31
2784,601139,深圳燃气,-1558762940.92,-197.7052553598,1122697876.37,72.0249273894,-2454929042.72,-157.4921354796,-226531774.57,-14.5327919097,2016-03-31
2785,601126,四方股份,-98016387.63,-22.7812216194,11211886.21,11.4387874121,-131845918.39,-134.5141578648,22626326.12,23.0842277165,2016-03-31
2786,601111,中国国航,-4902127000.0,-264.8390473478,16901753000.0,344.7840702617,-10535267000.0,-214.9121595585,-11275172000.0,-230.0057097664,2016-03-31
2787,601107,四川成渝,1825589489.67,1816.3552022106,1860554213.78,101.9152566504,-2212014531.08,-121.1671377161,2177695276.63,119.2872378458,2016-03-31
2788,601058,赛轮轮胎,816535395.85,1767.4672594692,1348490121.82,165.1477852245,-1816397409.42,-222.4517661637,1291398141.09,158.1558065521,2016-03-31
2789,601016,节能风电,133777150.89,167.9896895474,1120038284.97,837.2418440059,-1393828624.61,-1041.9033559446,407600474.54,304.6861678757,2016-03-31
2790,601005,重庆钢铁,-372913000.0,87.0313819878,2796783000.0,749.9827037406,-1559477000.0,-418.1878883278,-1611908000.0,-432.2477360671,2016-03-31
2791,601000,唐山港,-142253565.21,-380.2771327736,1306499289.06,918.4299086854,-1830937937.6,-1287.0945869772,382155659.28,268.643994065,2016-03-31
2792,600997,开滦股份,862320158.01,154.5726330564,1509013374.22,174.9945609183,-1536091221.64,-178.1346762419,908138401.74,105.313368046,2016-03-31
2793,600887,伊利股份,4320182148.3,-33.0259723408,2436487020.35,56.3977845543,-998650077.59,-23.1159252853,2882475873.64,66.721165328,2016-03-31
2794,600885,宏发股份,-455482250.43,-146.4089337932,351693511.71,77.2134394651,-568581926.93,-124.8307538643,-261231837.24,-57.3528028794,2016-03-31
2795,600871,石化油服,-492340000.0,77.885022239,6746135000.0,1370.2187512694,-3979282000.0,-808.2386155909,-3231658000.0,-656.3874558232,2016-03-31
2796,600865,百大集团,-31916096.69,62.4678334014,127705447.2,400.1286511957,941972521.44,2951.4026435919,-1101594065.33,-3451.5312947875,2016-03-31
2797,600847,万里股份,60518470.87,-15.1072776215,-43983198.61,-72.6773131867,63090295.53,104.2496524169,41411373.95,68.4276607698,2016-03-31
2798,600846,同济科技,-71947324.51,57.5841928556,-109213568.77,-151.7965671605,-120626253.8,-167.6591237013,158024442.18,219.6390807528,2016-03-31
2799,600844,金煤科技,-52002877.69,4.602194043,330425865.65,635.3991939056,-141658792.75,-272.4056803057,-240769953.69,-462.9935195611,2016-03-31
2800,600833,第一医药,7591475.76,191.3654055555,19198828.28,252.8998166754,-153892.62,-2.0271765973,-11453459.9,-150.8726400781,2016-03-31
2801,600819,耀皮玻璃,-1257738081.43,-277.7034477974,228414832.31,18.1607630144,-1463655724.58,-116.3720607804,-21481439.98,-1.7079422415,2016-03-31
2802,600808,马钢股份,895318174.0,118.5932812215,2912853829.0,325.3428684449,1326246882.0,148.1313482195,-3344296078.0,-373.531575156,2016-03-31
2803,600801,华新建材,435089147.0,168.6734752563,3839857469.0,882.5449900271,-1838882875.0,-422.6450803656,-1541926456.0,-354.3932241546,2016-03-31
2804,600790,轻纺城,-283563103.52,-209.6605233616,-165588451.95,-58.3956268973,248811628.86,87.7447121192,-366786280.43,-129.3490852219,2016-03-31
2805,600754,锦江酒店,2872807097.68,4038.6735419705,559229653.67,19.4663141191,112727944.37,3.923964977,2200849499.64,76.6097209039,2016-03-31
2806,600727,鲁北化工,96381591.66,361.207790949,155944260.0,161.798801321,-120378765.14,-124.8980879717,60816096.8,63.0992866506,2016-03-31
2807,600716,凤凰股份,92821828.68,28.3931667495,325910960.04,351.1145650487,-387144794.29,-417.0837827648,154055662.93,165.9692177161,2016-03-31
2808,600693,东百集团,489758093.99,281.2734452659,-380655604.73,-77.7231881211,631218974.58,128.8838270007,239194724.14,48.8393611204,2016-03-31
2809,600684,珠江股份,-920859754.62,-637.466298045,-1093569997.24,-118.7553253091,-275544712.3,-29.9225491089,448254954.92,48.677874418,2016-03-31
2810,600665,天地源,-485755243.07,-145.5992305558,-583401708.0,-120.1019888767,-48581844.66,-10.0013011394,146228309.59,30.1032900161,2016-03-31
2811,600654,中安科,258361912.13,-11.2489951131,-34131790.11,-13.210844365,32527640.3,12.5899518361,258479842.55,100.0456454355,2016-03-31
2812,600649,城投控股,-120777334.05,-107.0494742166,1126953571.79,933.0836623066,-911625659.54,-754.798627334,-336105246.3,-278.2850349726,2016-03-31
2813,600643,爱建集团,17613346.26,105.2328091548,-826590007.91,-4692.9754046066,-535206726.49,-3038.6430754811,1379292531.95,7830.9510957743,2016-03-31
2814,600630,龙头股份,15067534.93,13899.9703897788,94136935.81,624.766667191,119084090.69,790.3355873621,-198396157.77,-1316.7127781133,2016-03-31
2815,600626,申达股份,-361942607.67,-85.802841609,-21798011.98,-6.0225050928,-226054180.16,-62.455808012,-108823766.77,-30.0665808512,2016-03-31
2816,600609,金杯汽车,1052124090.0,99.9450272011,492329243.76,46.7938381451,-332573589.98,-31.6097305575,893931781.94,84.964481893,2016-03-31
2817,600575,淮河能源,-81592335.69,64.0604012667,3577261929.73,4384.3112217321,-4744006734.06,-5814.2798510932,1085152468.64,1329.9686293611,2016-03-31
2818,600547,山东黄金,-434199613.46,-1092.339038833,2483065824.01,571.871956362,-2278345736.57,-524.7231148859,-638919700.9,-147.1488414761,2016-03-31
2819,600536,中国软件,-199823252.02,-144.3042905307,238781289.35,119.4962482775,-194558105.24,-97.365098042,-240933288.6,-120.5731996474,2016-03-31
2820,600505,西昌电力,-54398141.66,13.1207074675,168757091.63,310.2258394869,-71789471.53,-131.9704485104,-151365761.76,-278.2553909765,2016-03-31
2821,600493,凤竹纺织,19357175.73,143.4611808794,186381327.86,962.8539331342,-6124614.13,-31.6400192643,-161452780.04,-834.0719859756,2016-03-31
2822,600483,福能股份,315002591.71,148.31511323,1958951031.5,621.884099704,-850760603.21,-270.0805090497,-793011860.05,-251.7477255489,2016-03-31
2823,600468,百利电气,130895498.74,431.206998091,289882864.54,221.4612934214,-97169881.76,-74.234700731,-61816907.99,-47.2261526065,2016-03-31
2824,600422,昆药集团,216189694.08,2451.1570289974,403688751.89,186.7289528337,40538421.46,18.7513200537,-227627200.01,-105.2904954506,2016-03-31
2825,600409,三友化工,235775568.77,5.2363285758,709656053.61,300.9879510893,-231126885.13,-98.0283437914,-236999618.99,-100.5191590572,2016-03-31
2826,600396,华电辽能,-7829112.72,-124.3556296099,2743714536.97,35045.0253444556,-1081159163.88,-13809.4724465789,-1670384485.81,-21335.5528978768,2016-03-31
2827,600392,盛和资源,-8631888.69,96.6956846258,-108367083.16,-1255.4272541251,-101039512.77,-1170.537716584,201013538.14,2328.7318147751,2016-03-31
2828,600373,中文传媒,-360280876.85,-116.1080846804,809723773.38,224.7479190291,-472008758.32,-131.0113271753,-698254006.3,-193.8082343989,2016-03-31
2829,600371,万向德农,37922210.24,-0.5540045065,275862425.04,727.4428976954,19899611.78,52.474820571,-257839826.58,-679.9177182664,2016-03-31
2830,600367,红星发展,-38945765.85,-21.0477062723,-45463844.99,-116.7362972527,-15330239.93,-39.3630465223,21913524.49,56.2667699857,2016-03-31
2831,600366,宁波韵升,-750286313.88,-65.7029742773,166993547.68,22.2573095884,-799121181.7,-106.5088309511,-118023671.03,-15.7304843293,2016-03-31
2832,600355,*ST精伦,-31447088.25,-227.8693768817,-16658553.73,-52.97327879,-2423078.17,-7.7052544602,-12366109.23,-39.323542872,2016-03-31
2833,600351,亚宝药业,-382230085.79,-673.040776958,178626984.41,46.7328426125,-204463764.11,-53.4923261437,-356358156.2,-93.2313204659,2016-03-31
2834,600343,航天动力,213974802.67,-47.2788988197,153237812.88,71.6148868782,-43855594.1,-20.4956815255,104592583.89,48.8807946473,2016-03-31
2835,600336,澳柯玛,-163664928.99,-137.2182720897,-34478494.64,-21.0665136708,-69229118.98,-42.2992997994,-60189691.8,-36.7761695627,2016-03-31
2836,600300,维维股份,-202744234.06,1.0636719291,131186837.14,64.7055822565,-419599453.58,-206.9599934743,85654843.24,42.2477332769,2016-03-31
2837,600283,钱江水利,-91633647.05,-4.930190884,30947045.29,33.7725783992,-402448842.99,-439.1933050208,279868150.65,305.4207266216,2016-03-31
2838,600258,首旅酒店,-50567817.48,54.1210915921,246441435.89,487.3483732761,-371973402.49,-735.5931519827,74957845.53,148.2323130905,2016-03-31
2839,600236,桂冠电力,1290105812.2,11025.0823400922,6631631543.64,514.0378006926,-3307893690.01,-256.4048358459,-2033632041.43,-157.6329648467,2016-03-31
2840,600231,凌钢股份,266076438.74,1896.2772918639,1388170441.78,521.7186641379,-129406414.03,-48.6350518831,-997109344.0,-374.7454486094,2016-03-31
2841,600203,福日电子,130017817.9,44.5608289673,-68114514.26,-52.3885997782,113889945.66,87.5956445813,83836026.96,64.4804137726,2016-03-31
2842,600133,东湖高新,-485865383.34,-151.5566223486,-1661992962.72,-342.0686098884,-331731549.91,-68.2764323792,1507859129.29,310.3450422676,2016-03-31
2843,600115,中国东航,-684000000.0,-23.0215827338,12252000000.0,1791.2280701754,-24033000000.0,-3513.5964912281,11112000000.0,1624.5614035088,2016-03-31
2844,600081,东风科技,214149083.12,594.548634602,362085170.33,169.0808875082,89494989.82,41.7909750143,-237494054.93,-110.9012709603,2016-03-31
2845,600061,国投资本,39703651313.57,245309.586557304,14926448358.59,37.5946490178,18181263023.82,45.7924206523,6560615021.15,16.5239588907,2016-03-31
2846,600059,古越龙山,144538209.75,164.9784423723,-69556608.13,-48.1233358641,-360580133.26,-249.470457593,575194628.98,397.9533370275,2016-03-31
2847,600058,五矿发展,31035219.79,138.9371506264,-1654561079.9,-5331.2368692589,-702968485.91,-2265.0668842259,2391427813.89,7705.5288477788,2016-03-31
2848,600036,招商银行,121522000000.0,218.0902959983,272173000000.0,223.9701453235,-175979000000.0,-144.812461941,21879000000.0,18.0041473972,2016-03-31
2849,600035,楚天高速,-171023117.7,82.7620441034,707963919.6,413.9580245765,-1177837428.7,-688.7007116582,298850391.4,174.7426870818,2016-03-31
2850,600019,宝钢股份,-307562813.86,-107.7535317067,28280465939.43,9195.0212005483,-18963908454.91,-6165.8651827598,-9533779155.62,-3099.7827845208,2016-03-31
2851,600016,民生银行,-24869000000.0,75.5146848878,229163000000.0,921.4805581246,-284433000000.0,-1143.7251196268,30526000000.0,122.7471953034,2016-03-31
2852,301680,固德电材,-3342150.38,-219.7073060977,16272991.18,486.9018245672,-5877914.41,-175.8722302017,-13737227.15,-411.0295943655,2016-03-31
2853,301281,科源制药,3380600.12,2825.5397290029,6200672.99,183.4192974589,-4834496.27,-143.0070430809,2014423.4,59.5877456219,2016-03-31
2854,301139,元道通信,-2120998.6,-134.3985836778,2467793.97,116.3505704341,-12991992.58,-612.5413086081,8403200.01,396.190738174,2016-03-31
2855,300975,商络电子,26506327.32,467.0242739984,-21351580.41,-80.5527682211,-9939599.76,-37.4989701138,57796524.49,218.0480297864,2016-03-31
2856,300479,神思电子,22653836.49,540.7500227463,41330217.67,182.442464826,-10676381.18,-47.1283580806,-8000000.0,-35.3141067454,2016-03-31
2857,300442,润泽科技,-52624601.06,-178.364254942,45465672.27,86.3962317133,-70381861.44,-133.7432683998,-27714836.75,-52.6651721662,2016-03-31
2858,300425,中建环能,-13424263.21,-182.944298906,24146494.9,179.8720311295,-42610730.33,-317.4157841174,5039972.22,37.5437529878,2016-03-31
2859,300419,ST浩丰,-4535656.63,-127.89398438,8865147.19,195.4545485512,-2620803.82,-57.782236042,-10780000.0,-237.6723125092,2016-03-31
2860,300406,九强生物,456997128.61,1185.4926970743,156938955.17,34.341343817,-6692078.0,-1.4643588725,306820260.01,67.1383343137,2016-03-31
2861,300327,中颖电子,76291602.4,49.9694777439,45881553.18,60.139716216,57730804.45,75.6712437986,-28160000.0,-36.911008701,2016-03-31
2862,300317,珈伟新能,-49498221.86,-345.622323212,-38880060.11,-78.5483975969,-54802647.59,-110.7163965304,41880650.31,84.6104137406,2016-03-31
2863,300299,富春股份,-32089772.66,-5.2803920048,-13385928.34,-41.7140017844,-62186888.77,-193.7903687536,43483044.45,135.504370538,2016-03-31
2864,300277,海联讯,-31078699.69,77.4727910601,76884032.75,247.3849727205,-37066056.33,-119.2651452594,-70896676.11,-228.1198274612,2016-03-31
2865,300239,东宝生物,-41437001.36,-37.8640623014,-12236765.88,-29.5310120867,-13943526.59,-33.6499411935,-15256708.89,-36.8190467197,2016-03-31
2866,300221,银禧科技,-62726188.68,41.1154015399,1257434.97,2.0046411179,-144576211.44,-230.4877986092,81300124.33,129.6111337878,2016-03-31
2867,300217,东方电热,-128874531.92,25.0141805158,68724703.62,53.3268308301,-155916978.23,-120.9835457069,-41611698.39,-32.2885350349,2016-03-31
2868,300214,日科化学,-2086013.67,98.4369682555,47942962.14,2298.3052714127,-28269590.19,-1355.196784976,-21437445.42,-1027.6752126941,2016-03-31
2869,300145,南方泵业,-23827423.27,89.6731403598,178866967.07,750.676919796,-200306240.24,-840.6542242115,-3056230.11,-12.8265237721,2016-03-31
2870,300133,华策影视,182530253.25,192.5951738083,204427792.67,111.9966630354,-953747079.85,-522.5145217674,931849540.43,510.517858732,2016-03-31
2871,300078,思创智联,-296224435.78,-108.3088175393,49348260.9,16.6590783674,-241244228.35,-81.4396785717,-99361833.73,-33.5427539826,2016-03-31
2872,300065,海兰信,-86268955.6,-165.3882573431,-11563885.41,-13.4044574083,-78221962.71,-90.6722031882,4550627.36,5.2749303945,2016-03-31
2873,300062,中能电气,-27261145.03,-31.8425189597,14248186.22,52.265545722,-30735153.82,-112.7434441443,-10788058.18,-39.5730192849,2016-03-31
2874,300057,万顺新材,-89350424.77,-256.8651898016,152057907.5,170.1815160828,-129428411.6,-144.8548363739,-114209816.86,-127.8223546827,2016-03-31
2875,300047,天源迪科,-11485679.34,-22.6247301385,-126725860.9,-1103.3379667728,-153481632.33,-1336.2869342476,268721813.89,2339.6249010204,2016-03-31
2876,300018,中元股份,-6788815.0,-139.661964293,48494924.85,714.3356366317,-35783739.85,-527.0984678475,-19500000.0,-287.2371687842,2016-03-31
2877,300003,乐普医疗,-211423472.43,47.6817876817,348316884.55,164.7484456416,-688653703.89,-325.7224450885,129904081.93,61.4426016359,2016-03-31
2878,003001,中岩大地,577413.15,-95.9139689522,9943817.2,1722.1320990005,-3969259.45,-687.4210346612,-5397144.6,-934.7110643393,2016-03-31
2879,002777,久远银海,35563554.62,-31.0617424272,88960143.43,250.1441275501,-12518371.04,-35.1999994763,-40878217.77,-114.9441280738,2016-03-31
2880,002739,万达电影,570756193.21,18.9395103872,1261361268.08,220.9982621452,-688355074.87,-120.6040482887,-2250000.0,-0.3942138564,2016-03-31
2881,002721,金一文化,18892368.84,147.7249835501,-67041563.92,-354.860549716,-79687493.57,-421.7972571088,165621426.33,876.6578068248,2016-03-31
2882,002719,麦趣尔,96971575.78,526.3738339517,37390566.21,38.5582743286,-225379620.18,-232.4182301537,284960629.75,293.8599558251,2016-03-31
2883,002701,奥瑞金,197497809.0,135.4816547031,769522323.0,389.6358784416,-973283062.0,-492.8070174186,401106575.0,203.094189769,2016-03-31
2884,002678,珠江钢琴,-5153332.42,95.8154178163,127379075.81,2471.7806931228,-61630400.33,-1195.9329479855,-69933772.17,-1357.0592088837,2016-03-31
2885,002642,荣联科技,25222187.55,74863.1102728409,138335008.82,548.4655466373,-236475262.73,-937.5684098027,123281989.82,488.783891467,2016-03-31
2886,002635,安洁科技,-304120597.8,-347.6093959397,197888683.27,65.0691484567,-764737260.18,-251.4585548339,263835374.38,86.7535366853,2016-03-31
2887,002622,皓宸医疗,-149553592.22,-185.4905964898,59724239.19,39.9350081154,-322695270.77,-215.7723301593,113384660.0,75.8154039077,2016-03-31
2888,002613,北玻股份,-204923155.44,18.0616133945,-37621891.58,-18.3590241421,-101637626.43,-49.5979218219,-64471777.78,-31.4614410663,2016-03-31
2889,002612,朗姿股份,234931557.42,366.928730375,35511480.83,15.1156708022,35299417.69,15.0254048786,163880197.11,69.7565703432,2016-03-31
2890,002603,以岭药业,-308099938.03,60.9714856796,105904047.4,34.3732777349,-353748242.05,-114.8160704971,-60309300.0,-19.5745901105,2016-03-31
2891,002595,豪迈科技,-502294661.66,-53.3759315391,253288291.78,50.4262360549,-634275342.05,-126.2755490878,-120439480.6,-23.9778539955,2016-03-31
2892,002590,万安科技,-20427222.48,75.1444414943,84310651.81,412.7367384016,-45661166.32,-223.5309590656,-59064462.06,-289.1458303635,2016-03-31
2893,002580,圣阳股份,50309205.65,159.5578975047,112310249.36,223.2399575961,-41837794.24,-83.1613095445,-20779482.56,-41.3035393653,2016-03-31
2894,002571,德力股份,68574017.73,-52.8473754722,75702204.62,110.3948800522,-188569436.43,-274.9867116908,182019065.94,265.4344487393,2016-03-31
2895,002561,徐家汇,69367262.21,160.3744550372,285743590.79,411.9285981404,-57490448.58,-82.878358967,-158885880.0,-229.0502391733,2016-03-31
2896,002543,万和电气,-234458117.04,-238.8412921593,207249098.37,88.3949342367,-221922690.17,-94.6534472646,-221136549.61,-94.318146201,2016-03-31
2897,002533,金杯电工,84344687.3,240.8760631867,111269558.79,131.9224273062,-41803834.85,-49.5630918653,14905088.26,17.6716385313,2016-03-31
2898,002532,天山铝业,108176671.18,165.7169006446,188488404.2,174.2412686062,-55428680.29,-51.2390330423,-25066264.86,-23.1715993722,2016-03-31
2899,002507,涪陵榨菜,-127974130.48,-1075.1675422754,109211412.81,85.3386636818,-206044929.47,-161.0051411931,-31000000.0,-24.2236457351,2016-03-31
2900,002497,雅化集团,-162216751.6,64.9028918743,197512869.29,121.7586145339,-78261042.99,-48.2447356503,-280627274.18,-172.9952495116,2016-03-31
2901,002492,恒基达鑫,-92785983.93,-634.2678883525,88041061.51,94.8861646781,-171298958.5,-184.6172786498,-9705709.25,-10.4603182926,2016-03-31
2902,002490,山东墨龙,166296425.19,531.418353267,400589007.36,240.8885259574,-291014458.63,-174.9974230038,54216040.36,32.6020479984,2016-03-31
2903,002478,常宝股份,251005234.47,277.56362844,918346815.28,365.8675952392,-534125555.9,-212.7945885383,-134342182.56,-53.5216657309,2016-03-31
2904,002474,榕基软件,-41131701.61,89.3134903976,-43156140.17,-104.9218449049,-61414529.96,-149.3119116304,64445000.0,156.6796351171,2016-03-31
2905,002471,中超控股,123423450.17,122.2314471177,-287335805.84,-232.8048725297,-165366879.71,-133.9833552556,576536979.79,467.1211013757,2016-03-31
2906,002467,二六三,218220778.92,186.9497229023,200866658.92,92.0474484209,102923840.96,47.1650048494,-83144770.0,-38.1012158473,2016-03-31
2907,002461,珠江啤酒,309299844.22,544.5494470551,1167236126.28,377.3801209708,-660016760.52,-213.390589376,-197919521.54,-63.9895315949,2016-03-31
2908,002455,百川股份,34503773.74,1279.2842186603,307025168.43,889.8306914008,-139911285.2,-405.4956024645,-131736355.67,-381.8027461654,2016-03-31
2909,002431,棕榈股份,-98316334.55,-143.7196404039,-264209701.3,-268.7342876535,-268397150.87,-272.9934472216,434239130.33,441.6754675787,2016-03-31
2910,002428,云南锗业,-209154861.28,-12.2774416072,80429457.67,38.4545007359,-318881693.73,-152.4620043629,30232486.01,14.4545939908,2016-03-31
2911,002426,胜利精密,939630710.91,2155.8884851287,-161163642.18,-17.1518065883,-582913662.5,-62.0364634459,1688960099.76,179.747221983,2016-03-31
2912,002409,雅克科技,-21163122.6,95.9388362013,168022047.88,793.9378845729,-152952081.69,-722.7292710103,-24472325.96,-115.6366497636,2016-03-31
2913,002400,省广集团,-338312037.42,-930.9415469808,132259958.91,39.0940741922,-458637909.92,-135.566535976,-11936895.65,-3.5283685857,2016-03-31
2914,002389,航天彩虹,2936800.82,104.103075897,147132814.55,5009.969131989,-370923373.04,-12630.1848771617,226727359.31,7720.2157451727,2016-03-31
2915,002381,双箭股份,-3612362.71,-220.1726579291,158458446.31,4386.5596849216,-111999030.77,-3100.4370203456,-50071778.25,-1386.122664576,2016-03-31
2916,002371,北方华创,-50307030.72,84.5566378168,92833251.76,184.5333553409,-193801199.73,-385.2368087647,50651583.36,100.6848995758,2016-03-31
2917,002369,卓翼科技,72052059.55,134.2789840881,4637317.0,6.4360644636,-181672316.08,-252.1403513163,253185463.0,351.3924023564,2016-03-31
2918,002365,永安药业,-93503392.47,3.3001869715,19263271.37,20.6016817798,-107162875.77,-114.6085430049,-5610000.0,-5.9997823093,2016-03-31
2919,002332,仙琚制药,25528848.85,374.2275873821,141638736.64,554.8183448154,-104136854.59,-407.918332714,-11924281.68,-46.7090457155,2016-03-31
2920,002302,西部建设,66651741.66,-87.5805141699,19244366.13,28.8730131437,-341453505.2,-512.2949478827,388862217.84,583.4239408531,2016-03-31
2921,002292,奥飞娱乐,125024296.95,-12.4595171224,522773944.04,418.1378794308,-823029497.99,-658.2956417817,428712593.09,342.9034224135,2016-03-31
2922,002283,天润工业,75002218.02,126.1694953123,409902564.52,546.520590112,-396849113.08,-529.1165028935,61948766.58,82.5959127815,2016-03-31
2923,002281,光迅科技,200012737.67,310.857958824,125589452.51,62.7907272172,-541256596.82,-270.6110636379,617837611.42,308.8991324339,2016-03-31
2924,002279,久其软件,52099751.13,2005.5660775695,83342997.19,159.9681291798,4521418.27,8.6783874624,-35764664.33,-68.6465166422,2016-03-31
2925,002238,天威视讯,323687647.5,35.2610933408,721362681.83,222.857649157,-346638467.1,-107.090421824,-51038975.75,-15.7679714207,2016-03-31
2926,002194,武汉凡谷,-187431987.32,-322.7185434494,-175203105.5,-93.475563059,44201742.3,23.5828168564,-55587732.21,-29.6575483218,2016-03-31
2927,002155,湖南黄金,99244634.37,145.8987346585,718029931.47,723.494963761,-814284470.34,-820.4821102008,195498290.97,196.9862574546,2016-03-31
2928,002153,石基信息,291994141.21,201.577623264,484459916.95,165.914259424,163626288.29,56.0375244558,-356096434.82,-121.9532807557,2016-03-31
2929,002140,东华科技,352778725.55,709.0891118323,389717629.21,110.4708421979,-12433987.64,-3.5245854524,-23751146.15,-6.7325902697,2016-03-31
2930,002137,实益达,-2547381.54,-104.1769734351,4297043.03,168.6847047655,88196256.29,3462.2318998983,-95242864.87,-3738.8535393877,2016-03-31
2931,002134,天津普林,-6599424.56,-125.4645617308,2222236.56,33.6731868028,17479944.45,264.8707366995,-26552112.2,-402.3398094576,2016-03-31
2932,002115,三维通信,-22146631.33,81.5304727864,87585806.12,395.4813931515,-84095716.27,-379.7223831332,-25767948.73,-116.35154957,2016-03-31
2933,002110,三钢闽光,501682149.45,313.2939686798,1367087981.74,272.5008221319,-66641081.25,-13.2835264964,-798137486.87,-159.0922634471,2016-03-31
2934,002083,孚日股份,86471660.43,138.0189195055,142550243.79,164.8519793434,-603261999.11,-697.6412805191,547287474.86,632.9096401509,2016-03-31
2935,002079,苏州固锝,185673883.89,182.9812513605,304361498.77,163.9226219614,-73510138.83,-39.5909954001,-44903398.5,-24.1840142293,2016-03-31
2936,002076,*ST星光,-19666222.97,-121.1848183159,4124922.57,20.9746557653,-45016502.42,-228.9026341696,21225356.88,107.9279784043,2016-03-31
2937,002075,沙钢股份,-131666896.54,-1716.6662745434,1515047058.69,1150.6666432513,-30158628.79,-22.9052476989,-1616547087.59,-1227.7551382089,2016-03-31
2938,002074,国轩高科,195277493.1,121.8250041961,212568417.64,108.8545404109,-164363931.76,-84.1694191946,147307080.6,75.4347458386,2016-03-31
2939,002067,景兴纸业,63610477.6,140.6999678716,460955560.28,724.6535125528,-801517757.88,-1260.0404652205,406996701.04,639.8265134862,2016-03-31
2940,002030,达安基因,44911013.55,14.3326418172,40377289.65,89.905095562,-81904924.49,-182.371578853,86473279.86,192.543594599,2016-03-31
2941,002024,ST易购,-2820520000.0,44.9721955968,-1381419000.0,-48.9774580574,-2007048000.0,-71.158793414,628544000.0,22.2846850935,2016-03-31
2942,002019,亿帆医药,108965341.35,526.6833664214,139735191.77,128.2381994484,-35171523.21,-32.2777158078,6990396.45,6.4152476039,2016-03-31
2943,001205,盛航股份,-2525560.38,88.6768858302,64935568.24,2571.1350539954,-23226449.14,-919.6552703286,-44234679.48,-1751.4797836669,2016-03-31
2944,000988,华工科技,222715445.33,1921.9634935431,179389577.05,80.5465363142,-65517136.31,-29.4174192602,108540282.59,48.7349597282,2016-03-31
2945,000978,桂林旅游,22219139.85,57.6842531029,119118059.21,536.1056279143,-309704769.32,-1393.8648003964,212805849.96,957.7591724821,2016-03-31
2946,000969,安泰科技,-105342404.89,75.1907478621,129044941.45,122.5004703327,-359818138.52,-341.5700817688,125040921.21,118.6995126422,2016-03-31
2947,000932,华菱钢铁,3015116520.84,646.5105062408,7267806122.96,241.0456137508,-1631159641.24,-54.0993898566,-2584407076.3,-85.714998357,2016-03-31
2948,000898,鞍钢股份,586000000.0,129.344016024,2137000000.0,364.6757679181,-4425000000.0,-755.1194539249,2874000000.0,490.4436860068,2016-03-31
2949,000890,法尔胜,-15240304.65,-115.7545403868,292839293.44,1921.4792628178,-30032693.54,-197.0609789615,-278046904.55,-1824.4182838563,2016-03-31
2950,000880,潍柴重机,106303846.2,160.6009578545,366307191.98,344.5850785971,-264925548.7,-249.2153935819,4922202.92,4.6303149848,2016-03-31
2951,000878,云南铜业,-834969151.52,7.6881847979,4461053715.18,534.2776684694,-1044355489.5,-125.0771345982,-4254341669.12,-509.5208201854,2016-03-31
2952,000811,冰轮环境,214927818.23,487.6261290138,250295683.57,116.4556945821,125943281.53,58.5979435176,-156514000.21,-72.8216577542,2016-03-31
2953,000795,英洛华,428913228.7,746.8471147056,83165153.22,19.3897384494,66342341.08,15.467543699,279643626.96,65.1981818811,2016-03-31
2954,000791,甘肃能源,99981280.53,149.477847666,917477544.38,917.6493234698,-577089983.43,-577.1980318424,-240406280.42,-240.4512916274,2016-03-31
2955,000789,万年青,67425804.51,191.2438624958,997633773.05,1479.6023277735,-559138244.13,-829.2644755126,-371069724.41,-550.3378522609,2016-03-31
2956,000756,新华制药,-29590576.19,71.3995336587,346342064.0,1170.4471781021,-372543163.36,-1258.9925960479,-3674443.42,-12.4176136227,2016-03-31
2957,000735,罗牛山,-180277708.9,-486.8423864161,-21843016.03,-12.1163155241,-189448766.99,-105.0871836268,31014074.12,17.203499151,2016-03-31
2958,000715,中兴商业,-254816608.28,-377.3476858386,28724394.59,11.2725755138,-232144527.46,-91.1025890451,-51396475.41,-20.1699864687,2016-03-31
2959,000665,湖北广电,745627618.41,9110.7539298247,773719309.4,103.7675228621,-681873077.16,-91.4495467072,653781386.17,87.6820238451,2016-03-31
2960,000652,泰达股份,-990344626.11,-171.093587756,-967658716.0,-97.7092913404,-123537892.0,-12.4742325795,100958068.63,10.1942360233,2016-03-31
2961,000617,中油资本,21120998.33,133.3018068478,17788347.18,84.221147609,-853137.05,-4.039283734,4294416.68,20.3324512076,2016-03-31
2962,000582,北部湾港,-91079392.49,-19.3491808048,1172663475.63,1287.5178935331,-351571532.98,-386.0055753211,-912188105.28,-1001.5307308732,2016-03-31
2963,000537,绿发电力,-1181897509.97,-270.1589291049,-468866935.44,-39.6706932272,-697265693.07,-58.9954447986,-15764881.46,-1.3338619742,2016-03-31
2964,000488,ST晨鸣,249563932.34,115.4335973434,985399735.85,394.8486171902,-3073269421.7,-1231.455760808,2328351584.49,932.9679824559,2016-03-31
2965,000425,徐工机械,-2010705159.22,-320.0465602922,737667588.58,36.6870092911,-871041787.83,-43.3202144947,-1835605371.26,-91.2916228838,2016-03-31
2966,000400,许继电气,-579582612.24,-203.8685062583,-208308549.23,-35.9411315714,-119370347.94,-20.5959159952,-251903715.07,-43.4629524334,2016-03-31
2967,000338,潍柴动力,3897676822.22,56.0450202458,11171728281.02,286.6253101676,-2129760015.56,-54.6417805452,-5066923108.19,-129.9985437301,2016-03-31
2968,000157,中联重科,-2174002391.37,36.5542244289,-7690132991.82,-353.7315792451,-2611401906.46,-120.11955078,8229515708.2,378.5421644828,2016-03-31
2969,000090,天健集团,291845542.83,-58.5131110192,351220397.01,120.3446157184,90332664.54,30.9522165951,-149707518.72,-51.2968323135,2016-03-31
2970,000065,北方国际,142505506.95,-82.4227896392,169967121.03,119.2705634103,-19177718.51,-13.4575280075,10370367.01,7.2771693052,2016-03-31
2971,000060,中金岭南,-365552627.09,-672.218746209,859415243.0,235.10027813,-671082252.27,-183.580202285,-560302519.05,-153.2754732226,2016-03-31
2972,000045,深纺织A,154318407.34,-78.4689273877,-48701494.05,-31.5590958263,178562697.51,115.7105627176,24274448.74,15.7301057978,2016-03-31
2973,000021,深科技,-320554062.21,-183.5434176117,-101262930.04,-31.5899693618,-237934868.43,-74.2261279703,47673154.61,14.8721105829,2016-03-31
2974,000014,沙河股份,5788217.18,108.5430611186,-321940602.79,-5561.9993648891,-466939.0,-8.0670608147,328194459.36,5670.0439730218,2016-03-31
2975,000011,深物业A,-168208437.52,-193.7368505369,-14627057.08,-8.6957927293,224220310.61,133.2990864881,-376707717.73,-223.9529260744,2016-03-31
2976,688765,禾元生物,-11438996.82,72.2134735219,-2422172.96,-21.1746973805,-9728375.52,-85.0457052579,711551.66,6.2204026384,2016-03-30
2977,688067,爱威科技,-5965464.5,-221.7958618932,23431129.99,392.7796400431,-29416594.49,-493.1149031228,20000.0,0.3352630797,2016-03-30
2978,688057,金达莱,84048989.94,515.7784939252,44586372.16,53.0480761183,-52518341.68,-62.4853930041,91980716.67,109.4370280186,2016-03-30
2979,605589,圣泉集团,-1909661.25,97.2055209391,963803548.45,50469.8699023191,-106443011.97,-5573.9211323474,-858897565.63,-44976.4357751931,2016-03-30
2980,603998,方盛制药,370561287.82,381.6744258589,94161670.88,25.4105525793,-93618665.3,-25.2640166086,370018282.24,99.8534640293,2016-03-30
2981,603788,宁波高发,4073902.92,-76.7535619882,51839223.97,1272.4707728185,-15443668.49,-379.0877886211,-32321652.56,-793.3829841974,2016-03-30
2982,603636,南威软件,417398370.47,994.0142475185,104650567.9,25.0721074407,-27081206.57,-6.4880959021,339829009.14,81.4159884614,2016-03-30
2983,603162,海通发展,110093111.83,233.9482894031,213243915.41,193.6941484035,-69594512.82,-63.2142299034,-33556290.76,-30.4799185001,2016-03-30
2984,603108,润达医疗,-50936797.44,-168.9255384457,36114224.15,70.9000682513,-125197095.34,-245.789098711,38166825.8,74.9297712424,2016-03-30
2985,603011,合锻智能,7773413.12,112.4057794202,45334991.21,583.2057361439,-85220769.86,-1096.3108295472,47716338.38,613.8402480788,2016-03-30
2986,601996,丰林集团,-48659799.88,82.2299149265,109783799.11,225.6149827594,-127138926.94,-261.2812367777,-31304672.05,-64.3337459817,2016-03-30
2987,601991,大唐发电,-2867569000.0,-187.7426941239,26247213000.0,915.3123429637,-21024373000.0,-733.1775800338,-8100088000.0,-282.4722962202,2016-03-30
2988,601818,光大银行,-18820000000.0,10.7718566281,34699000000.0,184.3730074389,-92527000000.0,-491.6418703507,38782000000.0,206.0680127524,2016-03-30
2989,601808,中海油服,-4168609821.0,-1847.0799985261,10159659200.0,243.7181611198,-12438333116.0,-298.3808427774,-1919159873.0,-46.0383666356,2016-03-30
2990,601766,中国中车,15841953000.0,3297.0799873099,28437455000.0,179.5072551976,-19784830000.0,-124.8888315727,7272463000.0,45.9063538441,2016-03-30
2991,601688,华泰证券,59187194049.64,14548.1760156926,30402931451.43,51.3674147586,2324757030.67,3.9278040934,26459626586.37,44.7049856159,2016-03-30
2992,601618,中国中冶,-2671377000.0,-217.4085485034,14969027000.0,560.3487265182,-3204972000.0,-119.9745299896,-14431574000.0,-540.2297766283,2016-03-30
2993,601336,新华保险,-4067000000.0,37.3922413793,25052000000.0,615.9822965331,-38544000000.0,-947.7255962626,9414000000.0,231.4728300959,2016-03-30
2994,601333,广深铁路,1252379061.0,577.3961552705,2113226429.0,168.7369658922,3373820737.0,269.3929371756,-4234668105.0,-338.1299030677,2016-03-30
2995,601328,交通银行,70232000000.0,349.0143242093,49715000000.0,70.7868208224,-23351000000.0,-33.2483768083,43698000000.0,62.2195010821,2016-03-30
2996,601038,一拖股份,132065210.14,1589.5207186402,74866397.52,56.6889625516,-651099306.24,-493.0134935232,707727024.91,535.8920976688,2016-03-30
2997,600875,东方电气,5694070368.13,79.0941115782,2832630323.09,49.7470199691,-196004577.79,-3.4422577369,3083937938.11,54.1605167961,2016-03-30
2998,600874,创业环保,-180090000.0,-8981.6944024206,609369000.0,338.369148759,-329492000.0,-182.9596312955,-459967000.0,-255.4095174635,2016-03-30
2999,600835,上海机电,232650474.06,135.529679857,1789909522.64,769.3556309618,-467708179.5,-201.0346986782,-1073854823.6,-461.5743113952,2016-03-30
3000,600756,浪潮软件,-30615455.8,72.7059108789,26122164.3,85.3234538484,-357775287.3,-1168.6100302972,301037667.2,983.2865764487,2016-03-30
3001,600748,上实发展,-1333433209.09,-185.386527753,-1630746255.46,-122.2968082948,-186999829.55,-14.0239367278,483462836.66,36.2569968533,2016-03-30
3002,600744,华银电力,-340774508.56,-510.6438641572,2684550208.67,787.7790566008,-926939012.25,-272.0094927778,-2098385704.98,-615.769563823,2016-03-30
3003,600710,苏美达,-41970629.12,79.8787807401,-43827484.65,-104.4241784527,55130317.12,131.3545168989,-54194237.33,-129.1241958157,2016-03-30
3004,600682,南京新百,941650161.07,133.4254852942,1344878706.78,142.8214810957,-1188487975.52,-126.2133247202,815830956.31,86.6384343186,2016-03-30
3005,600661,昂立教育,83994710.58,-14.1636793229,197142452.54,234.7081752871,-82788674.07,-98.5641518357,-30359358.6,-36.1443695566,2016-03-30
3006,600655,豫园股份,99395272.14,141.6359658803,353628258.24,355.7797575542,-40786709.9,-41.0348591254,-212985440.58,-214.2812590522,2016-03-30
3007,600599,*ST熊猫,434021729.88,16497.820640876,-63598142.41,-14.6532161944,503204372.47,115.939902965,-5506049.16,-1.2686114037,2016-03-30
3008,600561,江西长运,-91958465.19,-125.5248895144,391569405.51,425.8111580059,-391569942.46,-425.8117419108,-91957928.24,-99.9994160951,2016-03-30
3009,600552,凯盛科技,-346385317.66,-152.8808261265,22425165.36,6.4740519348,-436703036.38,-126.0743496087,67960507.12,19.6199156417,2016-03-30
3010,600458,时代新材,119810132.18,-44.0274666259,294416790.15,245.736136663,-2166799771.42,-1808.5279867354,1992790407.95,1663.2903842858,2016-03-30
3011,600452,涪陵电力,115591981.37,347.2262180276,151495991.73,131.0609870464,14657489.64,12.6803688857,-50561500.0,-43.7413559321,2016-03-30
3012,600415,小商品城,756079029.18,311.3987138445,1132069606.63,149.7290048975,-2951247276.31,-390.3358197239,2575256698.86,340.6068148264,2016-03-30
3013,600405,动力源,-99203341.96,-172.073340921,42801552.61,43.1452728954,-114709412.91,-115.6305933285,-27379995.3,-27.5998718985,2016-03-30
3014,600372,中航机载,23714387.82,-89.8994225566,91146116.04,384.3494368559,-466544607.03,-1967.3483058944,399118845.66,1683.0240303458,2016-03-30
3015,600340,华夏幸福,4374278588.9,-3.9524418047,-4954009889.56,-113.2531865284,-2727530761.64,-62.3538420383,12054714253.99,275.581767576,2016-03-30
3016,600329,达仁堂,-102157468.83,-132.4758149729,286854209.22,280.7961204455,101986962.39,99.8330944943,-490999473.61,-480.630030514,2016-03-30
3017,600316,洪都航空,-592100181.15,-28.0103606988,-400610973.1,-67.6593228399,-754566740.0,-127.4390321135,563058781.18,95.0951881296,2016-03-30
3018,600310,广西能源,599991157.96,658.4595558364,-44266914.94,-7.3779278832,492325915.03,82.0555284021,151801585.7,25.3006371321,2016-03-30
3019,600218,全柴动力,-26093446.99,-194.3137249982,41187009.71,157.8442653659,-16268459.9,-62.3469176236,-51188497.26,-196.1737645456,2016-03-30
3020,600196,复星医药,593895001.82,133.8341107306,1200214191.85,202.0919839655,-2478337531.0,-417.3023048527,1863071443.85,313.7038429589,2016-03-30
3021,600188,兖矿能源,9363264000.0,610.5127883583,5895459000.0,62.9637164989,-7089190000.0,-75.712806987,10766894000.0,114.9908194407,2016-03-30
3022,600135,乐凯胶片,-93645088.66,-161.3476027897,-69183870.75,-73.8788031919,-56602019.41,-60.4431265109,31513175.18,33.6517116177,2016-03-30
3023,600075,新疆天业,-34684145.1,20.5904229924,715891225.95,2064.0301898345,-93185690.32,-268.6694166782,-657389227.17,-1895.3594654694,2016-03-30
3024,600064,南京高科,-33742175.3,27.3378760629,1268250105.1,3758.6495056233,368139960.83,1091.0380186129,-1670132241.23,-4949.6875242362,2016-03-30
3025,600038,中直股份,-506452868.86,-183.9058663504,-256421854.19,-50.6309411905,-229619946.45,-45.3388578817,-20401400.1,-4.0282919408,2016-03-30
3026,600028,中国石化,-5691000000.0,-223.9869281046,148347000000.0,2606.6947812335,-132633000000.0,-2330.5745914602,-21421000000.0,-376.4013354419,2016-03-30
3027,600026,中远海能,530036141.58,138.7867059109,3286649995.82,620.0803564117,-9214279658.75,-1738.424785767,6444207279.06,1215.8052580811,2016-03-30
3028,600008,首创环保,418601993.9,-39.043715573,637272752.14,152.2383460725,-5316774131.1,-1270.1263272936,5106148317.87,1219.8098413955,2016-03-30
3029,301060,兰卫医学,-15393567.02,-140.624819572,-82771253.57,-537.7002839073,-14905157.4,-96.8271835932,82282843.95,534.5274675005,2016-03-30
3030,300508,维宏股份,-13690878.39,-203.2055220328,54184185.1,395.7685077356,-37185544.59,-271.6081724688,-30690000.0,-224.1638492853,2016-03-30
3031,300481,濮阳惠成,7883926.44,246.9749066193,22946409.83,291.0530686027,-37106516.79,-470.6603628585,22044033.4,279.6072942558,2016-03-30
3032,300469,信息发展,-3082649.95,-126.1825595512,9364887.71,303.7934200087,-39530616.29,-1282.3582609501,27083078.63,878.5648409415,2016-03-30
3033,300412,迦南科技,185990719.07,1455.8726429806,38900441.48,20.9152594681,-8492958.36,-4.5663344937,155671595.17,83.6985823531,2016-03-30
3034,300390,天华新能,81941575.23,2552.6323691197,36087679.4,44.0407440285,-34215135.67,-41.7555259024,80153434.86,97.817786191,2016-03-30
3035,300386,飞天诚信,627952145.98,359.866134156,275246375.22,43.8323806969,-271535535.58,-43.2414376347,624248867.86,99.4102610933,2016-03-30
3036,300382,斯莱克,36682522.13,-22.949391001,110330701.58,300.7718531158,-231404138.82,-630.8294124377,155292243.45,423.3412383687,2016-03-30
3037,300338,ST开元,-1880783.9,-113.6709691349,36134925.55,1921.2693999561,5140687.79,273.3268713115,-43200000.0,-2296.914600343,2016-03-30
3038,300290,荣科科技,-33432669.05,25.6950391772,-27009449.76,-80.7875964662,-36226309.51,-108.3560198434,29761176.02,89.0182473182,2016-03-30
3039,300231,银信科技,6143511.55,13.2852932923,-19452418.49,-316.6335463307,-6651743.01,-108.272654098,32247673.05,524.9062004286,2016-03-30
3040,300229,拓尔思,-31277650.44,57.7041689489,120369685.64,384.8424800031,-145425159.92,-464.9491182177,-6221976.0,-19.8927218396,2016-03-30
3041,300177,中海达,-67958561.24,-558.7442480467,11935371.47,17.5627194753,-81964505.1,-120.6095355823,2285963.27,3.3637605451,2016-03-30
3042,300134,大富科技,201747857.03,2248.450092439,475708464.86,235.7935652269,-267226707.13,-132.4557846928,-6318645.31,-3.1319516366,2016-03-30
3043,300115,长盈精密,36625818.34,151.216781413,30283712.51,82.6840569919,-716164972.58,-1955.3555525553,721898377.91,1971.0095518101,2016-03-30
3044,300099,尤洛卡,-3136743.9,94.3123432263,-15475731.75,-493.3693104496,49213272.7,1568.9286173474,-36874284.85,-1175.5593068978,2016-03-30
3045,300093,*ST金刚,133794679.64,45.5182130765,128798923.04,96.2661021997,-50727913.11,-37.9147461218,56075351.51,41.9114957791,2016-03-30
3046,300071,福石控股,-3720651.15,-107.2284927764,112295905.84,3018.1788432382,5116832.39,137.5251853429,-121133389.38,-3255.7040285811,2016-03-30
3047,300039,上海凯宝,-5612581.34,79.7149336722,290077208.22,5168.3386065635,-230996790.5,-4115.6960853952,-64692999.06,-1152.6425211683,2016-03-30
3048,300007,汉威科技,-32365022.87,-169.045710331,50930042.17,157.3613662334,-219161211.26,-677.154507631,135790473.32,419.5593306559,2016-03-30
3049,002755,奥赛康,-48308805.22,-75.7934077847,-35296990.98,-73.0653362658,-1551814.24,-3.212280314,-11460000.0,-23.7223834202,2016-03-30
3050,002734,利民股份,-12786457.81,-259.9933478634,62912067.78,492.0210797614,-162940357.09,-1274.3197491534,86936784.0,679.9129617587,2016-03-30
3051,002630,ST华西,-29512503.84,96.0605923272,-540927973.78,-1832.8772669124,-283499484.32,-960.6080387383,798481430.25,2705.5699325917,2016-03-30
3052,002628,成都路桥,-528745445.04,-176.8390912022,-17758101.93,-3.3585352076,607362133.07,114.8685324417,-1118349476.18,-211.5099972342,2016-03-30
3053,002521,齐峰新材,17243955.2,171.8159990993,435579642.79,2525.9845420498,-706127849.74,-4094.929739437,292849079.55,1698.2709369948,2016-03-30
3054,002501,利源股份,1452805057.49,178.0500705952,733835531.21,50.5116310978,-832932985.88,-57.3327427232,1551902512.16,106.8211116253,2016-03-30
3055,002484,江海股份,-40359700.93,11.3080944777,168261911.89,416.905745119,-124299089.78,-307.9782231181,-83667473.95,-207.3044943894,2016-03-30
3056,002479,富春环保,76819692.74,147.1737562926,401867769.08,523.1311851769,-272922752.0,-355.2770679827,-52125324.34,-67.8541171942,2016-03-30
3057,002422,科伦药业,-641033304.0,-493.8397211852,1218735938.0,190.1205335815,-2988500952.0,-466.2005754384,1133991361.0,176.9005376045,2016-03-30
3058,002397,梦洁股份,46254069.46,488.2639533521,224856191.82,486.1327758727,-60350365.19,-130.4757957399,-117384520.45,-253.7820386842,2016-03-30
3059,002396,星网锐捷,37683718.17,129.5245165281,198557701.52,526.9058128082,90246242.73,239.4833819818,-250859364.34,-665.6969548714,2016-03-30
3060,002367,康力电梯,-337862990.11,5.458346146,562615240.42,166.5217135019,-783432947.0,-231.8788887605,-116430531.23,-34.4608716072,2016-03-30
3061,002334,英威腾,19691074.75,106.2659995879,92428438.82,469.3925547157,-78627926.36,-399.307439326,5817071.5,29.541665825,2016-03-30
3062,002293,罗莱生活,-285072028.7,-1099.4356907924,508017310.1,178.2066491815,-694542014.5,-243.6373774261,-98254170.0,-34.4664365873,2016-03-30
3063,002268,电科网安,141588290.1,214.9183388881,41820219.13,29.5364956385,-71959243.55,-50.8228777247,171727314.52,121.2863820862,2016-03-30
3064,002224,三力士,153600442.58,-34.0394143184,307752835.15,200.359341406,-97945755.17,-63.766583953,-56206637.4,-36.592757453,2016-03-30
3065,002179,中航光电,-305430699.89,-128.8821649171,153483783.19,50.2515900482,-273801111.3,-89.644266735,-182406842.36,-59.7211879571,2016-03-30
3066,002056,横店东磁,459154619.97,846.3986439552,692513560.48,150.8236072034,-150716825.3,-32.8248521837,-78567725.3,-17.1113872937,2016-03-30
3067,002039,黔源电力,260372607.0,285.7403956007,1257377127.57,482.9145208697,-1213993565.04,-466.252413811,216989044.47,83.3378929412,2016-03-30
3068,002016,世荣兆业,-487082381.27,-142.9764920335,-834249130.49,-171.2747499334,-60916999.97,-12.5065086138,408083749.19,83.7812585473,2016-03-30
3069,002007,华兰生物,-355838958.74,-225.0329550293,497148698.87,139.71171134,-471927542.88,-132.6239107014,-380947120.0,-107.0560461814,2016-03-30
3070,001390,古麒绒材,9044456.66,243.0754826741,68426612.77,756.5585788323,-49097225.12,-542.8432792114,-10284930.99,-113.7152996209,2016-03-30
3071,000987,越秀资本,-1108460769.19,-208.8336737439,56818303.26,5.1258740805,-985800018.95,-88.9341369898,-179479053.5,-16.1917370906,2016-03-30
3072,000977,浪潮信息,575405839.9,842.2940633035,-441901057.0,-76.7981529483,-126913255.22,-22.0563029465,1144653228.3,198.929720369,2016-03-30
3073,000958,电投产融,-593605593.91,-177.8022111484,1286838543.42,216.7834260024,-615172924.84,-103.6332762277,-1265271212.49,-213.1501497747,2016-03-30
3074,000921,海信家电,397051577.58,1076.1755300396,965990457.87,243.2909255159,-658539259.22,-165.8573586922,89690364.32,22.589096577,2016-03-30
3075,000908,*ST景峰,68776660.41,216.1606882811,205930470.22,299.4191183352,-436999018.67,-635.3885403346,299845208.86,435.9694219994,2016-03-30
3076,000895,双汇发展,-914336458.48,-223.9463998929,4712041491.8,515.350935435,-2241300434.01,-245.1286299724,-3385172370.47,-370.232679565,2016-03-30
3077,000860,顺鑫农业,750352669.45,266.3848633436,293909655.18,39.1695354926,-437320309.2,-58.2819688668,893763323.47,119.1124333742,2016-03-30
3078,000750,国海证券,4385511573.67,1052.0147317385,5482255475.33,125.0083458506,-31176609.7,-0.7109001807,-1065636719.2,-24.2990287746,2016-03-30
3079,000726,鲁泰A,-220515707.59,-628.430685024,1112095349.02,504.315706656,-711044713.99,-322.4462881855,-626237077.81,-283.987514837,2016-03-30
3080,000698,ST沈化,-253126397.83,-159.4297462194,120938804.25,47.7780291928,-561725212.35,-221.9149077953,187429615.14,74.0458588068,2016-03-30
3081,000555,神州信息,168379110.55,-66.7029461658,503133542.65,298.8099539228,-328252253.0,-194.948323416,-11432047.9,-6.7894692297,2016-03-30
3082,000543,皖能电力,-496496102.86,-247.2727634976,3535502834.69,712.0907524398,-1156740494.58,-232.9807802955,-2875258442.97,-579.1099721443,2016-03-30
3083,000530,冰山冷热,-26781570.96,-14.0632691798,28495772.47,106.4006757205,3908105.86,14.5925191089,-58975840.78,-220.210535327,2016-03-30
3084,000529,广弘控股,275558346.23,2637.2339122577,148211212.54,53.7857824188,83058149.24,30.1417650296,44288984.45,16.0724525517,2016-03-30
3085,000516,国际医学,-177082658.88,-1285.1083477462,305872493.95,172.7286544513,-112415804.64,-63.4821079325,-370539348.19,-209.2465465188,2016-03-30
3086,000507,珠海港,-40735163.36,-127.9134461365,204675155.85,502.4532589723,-611681393.66,-1501.6053532282,366271163.48,899.152312814,2016-03-30
3087,000498,山东路桥,121926694.82,-34.7467555659,314865388.34,258.2415514542,-27062201.87,-22.1954690972,-166750524.25,-136.7629332495,2016-03-30
3088,000151,中成股份,676356614.85,-6.3583331619,768365620.27,113.603623207,-1727100.51,-0.2553535327,-86768770.15,-12.8288491966,2016-03-30
3089,000058,深赛格,46463186.89,139.5300261333,-427933620.94,-921.0165070104,82783126.52,178.1692820942,391613671.15,842.8472030494,2016-03-30
3090,000029,深深房A,150835476.59,171.4300142246,322162063.36,213.5850733814,-2991428.7,-1.9832394657,-168359771.14,-111.6181517413,2016-03-30
3091,688038,中科通达,9445676.02,12.7670138042,-7465573.49,-79.036942133,-927254.92,-9.8167131504,17838504.43,188.8536552834,2016-03-29
3092,603609,禾丰股份,-57331161.35,-168.4524381762,329674823.99,575.0360122262,-328054783.22,-572.2102526709,-58916263.8,-102.7648183164,2016-03-29
3093,603369,今世缘,142855029.65,-10.0894217911,473260125.17,331.2869881652,-965944214.7,-676.170952515,636813723.89,445.7762008452,2016-03-29
3094,603368,柳药集团,223892830.66,171.8117480444,-132417588.58,-59.1432910959,-120867762.59,-53.9846507071,477178181.83,213.1279418029,2016-03-29
3095,603099,长白山,308862001.88,771.7255919981,123376001.47,39.9453479933,-80958377.39,-26.2118282266,266444377.8,86.2664802333,2016-03-29
3096,603018,华设集团,230963839.45,7512.0710100542,8471795.71,3.6680182189,-217458967.62,-94.1528198258,439951011.36,190.4848016069,2016-03-29
3097,601975,招商南油,239370372.9,167.2884165515,251523034.89,105.0769282108,3076673233.39,1285.3191462735,-3094401894.25,-1292.725518518,2016-03-29
3098,601969,海南矿业,997820845.5,677.5399959102,482113863.39,48.3166758406,-433704378.48,-43.4651551364,949411360.59,95.1484792958,2016-03-29
3099,601800,中国交建,-9415347842.0,-171.1361403873,4404027639.0,46.774986043,-45504554219.0,-483.3018915776,31804526620.0,337.7944941994,2016-03-29
3100,601579,会稽山,-46613515.54,-468.2597071623,83809425.71,179.7964061262,-108153979.16,-232.0227897576,-22238088.86,-47.7073840117,2016-03-29
3101,601339,百隆东方,456933932.24,311.8287052617,-160147428.54,-35.0482678655,-268509173.9,-58.7632379551,887023161.58,194.1250362457,2016-03-29
3102,601011,宝泰隆,75174092.1,134.9006848373,274727285.78,365.4547439223,-421730326.62,-561.00488192,222177132.94,295.5501379976,2016-03-29
3103,601007,金陵饭店,-108791951.06,-433.750842773,108947081.32,100.1425935085,-290412429.3,-266.9429369272,72673396.92,66.8003434187,2016-03-29
3104,600980,北矿科技,13020167.09,114.679867447,19779593.59,151.9150518828,-54315686.95,-417.1658211031,47555470.21,365.2446998666,2016-03-29
3105,600971,恒源煤电,-95758673.34,-142.1555983315,212030355.48,221.4215674513,-937357774.95,-978.8750640079,629568746.13,657.4534965566,2016-03-29
3106,600962,国投中鲁,161530686.77,266.6020854902,243684828.94,150.8597739617,-85743470.38,-53.0818459913,1314772.68,0.813946072,2016-03-29
3107,600858,银座股份,12233721.41,-94.7948731839,1503204354.93,12287.3842271842,-808106840.62,-6605.5684410096,-682863792.9,-5581.8157861746,2016-03-29
3108,600855,航天长峰,50433822.61,-32.6371108219,102601712.93,203.4383031471,-5457014.95,-10.820149391,-46395984.02,-91.9937883328,2016-03-29
3109,600798,宁波海运,54338451.75,-32.6163488772,492377162.0,906.1302744976,-11819150.62,-21.750988921,-426158485.4,-784.2668896064,2016-03-29
3110,600780,通宝能源,96974935.63,41.1820941563,1454190443.11,1499.5528830855,-1003390669.26,-1034.690729869,-353824838.22,-364.8621532166,2016-03-29
3111,600740,山西焦化,656943927.87,75.7563984693,319937473.49,48.7008799255,-246594069.46,-37.5365474888,583600513.13,88.835665933,2016-03-29
3112,600739,辽宁成大,220787674.04,246.2322207141,426131779.63,193.0052397548,-724056860.83,-327.9426100113,517653587.16,234.457647788,2016-03-29
3113,600724,宁波富达,-283765151.74,37.0601341309,-501261718.82,-176.6466797443,-36592941.98,-12.8955024095,254089509.06,89.5421821538,2016-03-29
3114,600692,亚通股份,21337947.62,160.2583207921,-544189862.85,-2550.3383574713,-72265855.22,-338.6729431853,637793665.69,2989.0113006567,2016-03-29
3115,600676,交运股份,181003113.21,176.9390651198,653870495.13,361.2482037098,-533432394.21,-294.7089609399,60476911.27,33.4120834705,2016-03-29
3116,600618,氯碱化工,-170749479.51,-26060.6291596102,-29059999.83,-17.019085454,-495001156.5,-289.899071974,353435963.67,206.9909464347,2016-03-29
3117,600600,青岛啤酒,-2128514884.0,-289.0802467887,1690634341.0,79.4278843765,-1359505817.0,-63.8710975065,-2454797639.0,-115.3291272451,2016-03-29
3118,600582,天地科技,-330956790.46,51.4824537947,128487420.73,38.823019933,-327319783.28,-98.9010628321,-132213925.92,-39.9489993048,2016-03-29
3119,600581,八一钢铁,101391308.74,474.4003904207,-1108217824.61,-1093.0106716068,-142438913.82,-140.4843428792,1352048047.17,1333.495014486,2016-03-29
3120,600570,恒生电子,179195112.26,1208.3429369869,613534744.47,342.3836379978,-362719797.75,-202.4161223905,-71012687.14,-39.6286964775,2016-03-29
3121,600535,天士力,121206720.93,207.9374877536,616763924.97,508.8529086817,-566434097.37,-467.3289509227,71094281.02,58.6553950759,2016-03-29
3122,600419,天润乳业,17142988.88,-73.8486548145,49243105.76,287.249242852,-29857365.05,-174.1666243792,-2242751.83,-13.0826184728,2016-03-29
3123,600391,航发科技,-127419133.24,-6303.4985371811,27608342.29,21.6673442897,-155094610.97,-121.7200329544,534744.13,0.4196733382,2016-03-29
3124,600380,健康元,303269469.07,171.880372914,979456226.87,322.9656548922,-1057246319.06,-348.616140722,381242254.53,125.7107270637,2016-03-29
3125,600326,西藏天路,-38772146.79,84.6492659837,156259433.89,403.0198140339,-291503056.6,-751.8362554925,96471475.92,248.8164414586,2016-03-29
3126,600320,振华重工,-1581140392.0,-298.9196722256,-863628925.0,-54.6206351675,-1856470193.0,-117.413368376,1144491991.0,72.3839576037,2016-03-29
3127,600285,羚锐制药,-71194331.31,-133.5072295341,124320875.9,174.6218745404,-218359391.88,-306.7089582304,22871545.82,32.1255153313,2016-03-29
3128,600269,赣粤高速,228958791.91,123.1719953025,1556160299.41,679.6682872181,-2148046957.99,-938.1805957617,820845450.49,358.5123085436,2016-03-29
3129,600252,中恒集团,2139760959.08,10593.9838791674,569946797.68,26.6360032069,947839469.28,44.2965119659,621976630.51,29.0675754163,2016-03-29
3130,600195,中牧股份,-567080781.55,-238.0427152594,286343550.63,50.4943140283,-563871260.52,-99.4340275434,-291130475.37,-51.3384485671,2016-03-29
3131,600171,上海贝岭,-140025633.87,-3871.2158545791,14818521.39,10.5827204494,-164500596.85,-117.478916041,9257974.41,6.6116282813,2016-03-29
3132,600130,*ST波导,-126146621.56,-409.372690439,-117501561.74,-93.1468162103,-58856444.74,-46.6571708478,49453651.31,39.2033101628,2016-03-29
3133,600119,长江投资,50605567.91,174.8529826855,21993918.52,43.4614597333,45566084.96,90.0416433248,-17185798.15,-33.9602910505,2016-03-29
3134,600110,诺德股份,-60432732.75,-320.7905491997,223715177.97,370.1887500197,-39611535.72,-65.5464909784,-244659468.83,-404.8459463882,2016-03-29
3135,600072,中船科技,157108905.33,294.7293130595,-112114540.23,-71.3610345604,240086882.1,152.8155782104,29532036.67,18.7971755057,2016-03-29
3136,600056,中国医药,416703501.12,201.6030034776,994844301.88,238.7415270585,-70762000.48,-16.9813789157,-507672612.42,-121.8306568233,2016-03-29
3137,600051,宁波联合,-114164118.29,59.4375532002,-196745550.76,-172.3357160787,-2392930.5,-2.0960443052,87974511.29,77.0596861849,2016-03-29
3138,600021,上海电力,972071538.03,464.9141691939,2691332562.85,276.8656891554,-4202457701.81,-432.3197971959,2505173880.5,257.7149708114,2016-03-29
3139,600018,上港集团,3795952929.16,206.1362723188,10208842469.03,268.9401754855,-1886779132.87,-49.705019216,-4525935922.96,-119.2305596888,2016-03-29
3140,300855,图南股份,1723408.68,101.0761034498,40330368.3,2340.1511648415,-18830080.48,-1092.606802932,-19713560.91,-1143.8703505892,2016-03-29
3141,300507,苏奥传感,13467490.92,21.657470664,52002833.65,386.1360216161,-20377591.98,-151.3094911372,-18154990.01,-134.8060311891,2016-03-29
3142,300480,光力科技,37250557.74,-1.6750647279,47893427.48,128.5710345984,-5062182.15,-13.5895472635,-5580687.59,-14.9814873349,2016-03-29
3143,300416,苏试试验,-4216462.14,-119.5541319049,43667577.79,1035.6449634812,-50547124.75,-1198.8041887173,2663078.96,63.1590862571,2016-03-29
3144,300354,东华测试,-14939976.16,46.9239441184,3261347.76,21.8296717818,-18273301.96,-122.3114532734,114708.04,0.7677926576,2016-03-29
3145,300328,宜安科技,-32495390.22,80.8241890697,29377912.27,90.4063994034,-85922892.17,-264.4156343047,23780367.18,73.180740465,2016-03-29
3146,300307,慈星股份,-248782216.38,-3429.6455982927,-167474177.17,-67.3175838719,-55647683.96,-22.3680312724,-18172506.45,-7.3045841919,2016-03-29
3147,300291,百纳千成,-44498879.46,64.3351039545,-57620134.96,-129.486709911,-779328389.34,-1751.3438513447,792449644.84,1780.8305612557,2016-03-29
3148,300284,苏交科,-74145223.26,20.4877998107,253293982.02,341.6187461353,-252032772.36,-339.9177469278,-76122601.69,-102.6668992864,2016-03-29
3149,300230,永利股份,-6933417.27,31.4898978438,47920138.31,691.1474738055,-40600798.03,-585.5813439309,-14071226.21,-202.9479210906,2016-03-29
3150,300223,北京君正,-11861724.59,85.5265489399,-1080681.02,-9.1106568172,-360765.34,-3.0414240127,-10421347.74,-87.8569356499,2016-03-29
3151,300138,晨光生物,51456885.27,12.6228672626,272955411.18,530.4545927096,-36038794.92,-70.0368759805,-186654855.79,-362.7402918202,2016-03-29
3152,300103,达刚控股,-71753042.5,-432.889486183,85908562.6,119.7281113202,-155646717.24,-216.9200243181,-11172564.86,-15.5708586991,2016-03-29
3153,300044,ST赛为,-208783704.62,-303.9329389106,1542822.05,0.7389571197,-61032562.52,-29.2324358508,-149294060.85,-71.5065675847,2016-03-29
3154,300015,爱尔眼科,100695756.87,9.5035169825,453683706.13,450.5489806445,-380286876.04,-377.6592856151,27298926.78,27.1103049707,2016-03-29
3155,002769,普路通,-360888234.73,-169.2668815362,35683448.39,9.8876729569,-853127.57,-0.2363966148,-394729131.71,-109.3771128353,2016-03-29
3156,002733,雄韬股份,379027199.78,766.9619798392,95892627.92,25.2996692521,-114117604.4,-30.108025088,396580628.36,104.6311791318,2016-03-29
3157,002725,跃岭股份,135510260.96,699.9512315816,-2470714.06,-1.8232671404,-143781230.9,-106.1035746529,281134943.15,207.4639522929,2016-03-29
3158,002717,ST岭南,160974111.33,13692.5096477798,-191839795.53,-119.1743156368,-13538555.23,-8.4103928999,366352462.09,227.5847085367,2016-03-29
3159,002687,乔治白,-9596296.22,64.0835687756,103718616.28,1080.8192442396,-84070391.0,-876.0712369923,-29244521.5,-304.7480072473,2016-03-29
3160,002669,康达新材,-16209035.74,65.4166300944,54682678.71,337.3592333753,-63167853.72,-389.7076589455,-7723860.73,-47.6515744298,2016-03-29
3161,002629,仁智股份,-72373013.02,-603.6757341692,80527857.1,111.2677968482,-92486520.11,-127.7914463565,-60414350.01,-83.4763504917,2016-03-29
3162,002597,金禾实业,-22609658.86,-146.3101936677,371518473.76,1643.1847824881,-506124170.45,-2238.5307694554,112099862.23,495.8051907113,2016-03-29
3163,002596,海南瑞泽,-127432564.7,-362.7972940195,-47719205.68,-37.4466336704,-67744959.95,-53.1614192255,-11968399.07,-9.3919471041,2016-03-29
3164,002594,比亚迪,-621476000.0,-150.7583832157,38069000.0,6.1255784616,-7961702000.0,-1281.0956497113,7270949000.0,1169.9484774955,2016-03-29
3165,002586,ST围海,261248641.65,378.434749566,-14388287.48,-5.5075070971,-314411732.81,-120.3496143843,590048661.94,225.8571214814,2016-03-29
3166,002578,闽发铝业,-60409123.61,-353.5964157978,79652996.49,131.8559047541,-161488375.6,-267.3244800613,20257575.89,33.5339675192,2016-03-29
3167,002563,森马服饰,-1034540937.78,-1240.2615625677,761991509.7,73.6550369225,-1131672652.04,-109.3888710164,-664859795.44,-64.2661659061,2016-03-29
3168,002535,林州重机,-87009054.94,-858.38696573,-79795708.85,-91.7096604543,-325794992.17,-374.4380310701,318581646.08,366.1476915244,2016-03-29
3169,002510,天汽模,-10937120.12,89.7981377419,-1902317.14,-17.3932179507,-168538742.36,-1540.9791655466,165296174.39,1511.3318001119,2016-03-29
3170,002480,新筑股份,235242123.83,144.6816451322,227529958.74,96.7216053977,-274595835.92,-116.729024313,282252739.17,119.9839274423,2016-03-29
3171,002470,金正大,878495491.79,88.467518849,183247120.6,20.8591987452,-944483072.64,-107.511430789,1639731443.83,186.6522320438,2016-03-29
3172,002459,晶澳科技,492993554.11,2061.4598790173,-171376674.49,-34.7624574523,16623356.52,3.3719216776,649857019.51,131.8185631622,2016-03-29
3173,002457,青龙管业,-543356247.31,-543.5068067493,91980020.22,16.9281241681,-525624147.06,-96.7365608958,-109712120.47,-20.1915632724,2016-03-29
3174,002398,垒知集团,-77870542.29,22.6745346812,85961197.34,110.3898789094,-133922998.0,-171.981591577,-29908741.63,-38.4082873323,2016-03-29
3175,002395,双象股份,-34967472.22,19.2822918388,-54324876.02,-155.3583160893,-39574002.36,-113.1737579171,59173036.9,169.2230897553,2016-03-29
3176,002370,亚太药业,-45335048.62,-348.2723386399,73312902.53,161.7135191461,-84502135.28,-186.3947163447,-34145000.0,-75.3170031562,2016-03-29
3177,002360,同德化工,154848277.23,12.3463925552,245326243.59,158.4300761872,-129183373.67,-83.425773913,38436370.02,24.8219552116,2016-03-29
3178,002318,久立特材,-90448584.38,-215.4017445005,251833477.95,278.4272188186,-435680180.75,-481.6882251242,93107980.63,102.9402298203,2016-03-29
3179,002311,海大集团,-333202769.5,-180.2418286061,1071398757.16,321.5455738161,-554420272.84,-166.3912558926,-851092142.31,-255.4276915486,2016-03-29
3180,002265,建设工业,-6202875.77,-127.1539384374,7084108.29,114.2068381292,-6108947.61,-98.4857320462,-7178036.45,-115.721106083,2016-03-29
3181,002253,*ST智胜,-110414633.37,22.8747471782,75663408.12,68.5266126515,-160468018.93,-145.3322028361,-25610022.56,-23.1944098154,2016-03-29
3182,002241,歌尔股份,2250037378.24,677.4163399703,1164874983.68,51.7713614425,-1680337823.61,-74.6804404167,2786925216.79,123.8612853165,2016-03-29
3183,002186,全聚德,371515680.03,1730.2186365383,179898798.69,48.4229356552,-31961557.96,-8.6030172286,223578439.3,60.1800815734,2016-03-29
3184,002176,江特电机,385619951.99,639.9591743205,-14129933.7,-3.6642122969,-207885233.03,-53.909356079,607640311.78,157.5749150541,2016-03-29
3185,002149,西部材料,18295206.99,2320.3500825132,72337769.27,395.3919149947,-65792805.24,-359.6177144974,11697367.3,63.9367857734,2016-03-29
3186,002145,钛能化学,162113479.95,2885.7015261167,-110220938.64,-67.9899898972,-228888497.4,-141.1902930408,502365525.83,309.8851039315,2016-03-29
3187,002136,安纳达,-4339425.92,92.9919031147,67121385.76,1546.7803114381,-31050445.26,-715.5426969473,-40152822.69,-925.3026421062,2016-03-29
3188,002128,电投能源,118142432.5,7.4193371504,1404935534.28,1189.1879188115,-732302335.48,-619.847010074,-554490766.3,-469.3409087374,2016-03-29
3189,002120,韵达股份,-12012096.77,53.1528972479,116000355.94,965.6961491495,-14094282.13,-117.334070811,-115447086.26,-961.0902115635,2016-03-29
3190,002119,康强电子,-19079127.23,-161.6889907129,246882782.71,1293.9941105996,-135242583.77,-708.85099795,-130698504.64,-685.0339801419,2016-03-29
3191,002103,广博股份,-135860386.82,-1963.1593832016,831261.87,0.6118500686,-115368259.8,-84.9167755961,-21344758.29,-15.7108034134,2016-03-29
3192,002101,广东鸿图,-94356302.63,-171.5644346415,168920918.31,179.024520463,-205940999.6,-218.2588696884,-54578664.2,-57.8431569262,2016-03-29
3193,002085,万丰奥威,32711279.02,-65.0515936126,1133331622.72,3464.650899242,-1116691728.56,-3413.7819186992,18729021.67,57.2555468056,2016-03-29
3194,002023,海特高新,23176456.3,-91.825473999,96510052.37,416.414188264,-485834830.81,-2096.2429481076,412428363.67,1779.5143413275,2016-03-29
3195,002012,凯恩股份,-58955137.59,63.7918990482,148518218.11,251.9173462758,-102638187.02,-174.0954074839,-104033906.32,-176.4628335591,2016-03-29
3196,002010,传化智联,215350146.35,232.7806950937,440095667.05,204.3628362967,-646837736.72,-300.3655895681,422779755.71,196.3220192211,2016-03-29
3197,001979,招商蛇口,-1348654788.11,-119.8085547141,-4941344846.98,-366.3906353608,-413775875.65,-30.6806366832,3988713859.81,295.7549919353,2016-03-29
3198,000981,山子高科,-1032343068.03,-170.0250939273,-539634348.59,-52.2727730056,-1269730650.63,-122.9950284892,777026191.41,75.2682141696,2016-03-29
3199,000965,天保基建,529126227.95,30.8009814318,348287925.03,65.8232207425,-991557991.3,-187.3953584084,1172396294.22,221.5721376659,2016-03-29
3200,000920,沃顿科技,-202438867.6,-276.6858345078,60447825.53,29.8597923643,-225805129.15,-111.5423791029,-37929824.18,-18.7364336847,2016-03-29
3201,000919,金陵药业,-233178067.76,-829.2156255789,299891714.98,128.6106012718,-412391010.09,-176.8566889895,-120679072.7,-51.7540409608,2016-03-29
3202,000910,大亚圣象,-403170841.32,-191.1342241023,1063947534.6,263.8949610335,-225581295.29,-55.9517882175,-1247930572.71,-309.5289750182,2016-03-29
3203,000909,ST数源,-737325657.22,-360.5393383978,10852471.98,1.4718695699,7971228.24,1.0811000759,-756600820.91,-102.6141995062,2016-03-29
3204,000888,峨眉山A,-120616986.76,-129.2565122358,315846626.28,261.8591582863,-504204609.7,-418.021228389,67740996.66,56.1620701028,2016-03-29
3205,000881,中广核技,-632692126.3,-444.5836904684,-477092366.97,-75.4067179182,78586807.63,12.4210187488,-230169937.99,-36.3794535165,2016-03-29
3206,000859,国风新材,206052192.33,1787.9146708114,4633818.91,2.2488568831,-300135274.64,-145.6598307672,502297583.75,243.7720162402,2016-03-29
3207,000777,中核科技,-128464384.88,-279.1816436484,-2723790.56,-2.1202690244,-12987961.12,-10.1101648773,-112744608.94,-87.7633198067,2016-03-29
3208,000768,中航西飞,-2641743217.09,-341.0003484634,-1132583271.22,-42.8725723187,-881820628.57,-33.380255237,-629129499.92,-23.8149376461,2016-03-29
3209,000731,四川美丰,-476797237.35,-264.5466439124,-28897225.95,-6.0606949215,-422522041.99,-88.6167135402,-25532376.38,-5.3549757381,2016-03-29
3210,000728,国元证券,8730408833.88,428.7376579341,8637417369.86,98.934855563,-118391331.77,-1.3560800419,200897297.08,2.301121298,2016-03-29
3211,000712,锦龙股份,1893083156.38,37.9373655426,1541439207.17,81.4248017566,111226246.06,5.8754020226,240328335.59,12.6950754794,2016-03-29
3212,000685,中山公用,171500896.82,441.2032156803,379967287.61,221.5541111769,-766558503.08,-446.9705507631,558092574.14,325.4167088851,2016-03-29
3213,000656,*ST金科,1092468672.91,161.4610331202,-8384763000.08,-767.5060354587,-680875058.11,-62.3244469149,10158106731.1,929.8304823736,2016-03-29
3214,000636,风华高科,1183860340.65,972.581340229,81144707.52,6.8542466314,1679192.41,0.1418404141,1102111221.23,93.0946990441,2016-03-29
3215,000635,英力特,53903914.43,186.5660659117,485008879.37,899.765600511,-33382050.62,-61.9288060487,-397725676.89,-737.8419194519,2016-03-29
3216,000623,吉林敖东,419944574.9,236.2159117735,288827750.65,68.7775882612,200619480.56,47.7728473115,-69502656.31,-16.5504355727,2016-03-29
3217,000586,汇源通信,13670573.24,158.0367466452,23363079.4,170.9005100945,2595277.32,18.9844074161,-12287783.48,-89.8849175106,2016-03-29
3218,000552,甘肃能化,-143463208.93,-1500.2725624333,21651834.06,15.0922555138,-514058908.35,-358.3210721299,348943865.36,243.2288166162,2016-03-29
3219,000551,创元科技,-81885098.3,-177.2204696378,90243667.47,110.2076804492,-61496989.74,-75.1015642855,-106782911.52,-130.405792674,2016-03-29
3220,000532,华金资本,100995333.45,646.0070109344,28323852.2,28.0447137828,97465356.1,96.504811431,-24793875.18,-24.5495255405,2016-03-29
3221,000528,柳工,-262704950.3,-141.7663333729,554442986.46,211.0515945082,-157334021.26,-59.890010097,-652624733.44,-248.424985024,2016-03-29
3222,000429,粤高速A,-414668282.1,-332.9814819105,967241746.79,233.2567472708,-83708180.71,-20.1867816574,-1297923881.65,-313.0029321454,2016-03-29
3223,000159,国际实业,-209410980.3,-217.4194512524,151135477.33,72.1717061414,14508675.94,6.9283262603,-378712358.52,-180.8464665881,2016-03-29
3224,000100,TCL科技,1145752000.0,318.254689396,5412241000.0,472.3745627326,-10862754000.0,-948.0894643867,6549482000.0,571.6317318233,2016-03-29
3225,000042,中洲控股,-238108200.82,-167.4107102712,-1640186839.52,-688.8409697236,-64301176.06,-27.0050236987,1466342327.26,615.8302495295,2016-03-29
3226,000039,中集集团,-1246245000.0,-476.9225427746,6434477000.0,516.3091526947,-11553782000.0,-927.087530943,3940986000.0,316.2288314096,2016-03-29
3227,688277,天智航,10390297.15,235.4922467353,-33838020.39,-325.6694192812,-542883.0,-5.2249035053,44771200.54,430.8943227865,2016-03-28
3228,688199,久日新材,-16036151.39,-159.9364652107,43897450.57,273.7405597042,-147649970.16,-920.7319547511,86819996.11,541.4016991891,2016-03-28
3229,603868,飞科电器,-23609529.08,-126.8970020914,540823666.45,2290.7007785604,-332478334.18,-1408.2378901053,-231898400.0,-982.2237420078,2016-03-28
3230,603806,福斯特,284753051.37,308.2862414855,99873177.29,35.0736109093,-1213590943.77,-426.1906722092,1402254215.75,492.4457206002,2016-03-28
3231,603701,德宏股份,-12579409.7,-360.2358850271,48787784.14,387.8384224977,-15345752.8,-121.9910406448,-46020939.45,-365.8433944639,2016-03-28
3232,603126,中材节能,30728476.96,-45.7231935336,202121403.84,657.7657724563,-477886080.78,-1555.1896093063,306123299.48,996.2202157904,2016-03-28
3233,601601,中国太保,-5293000000.0,6.4014146773,40050000000.0,756.6597392783,-46940000000.0,-886.8316644625,1570000000.0,29.6618174948,2016-03-28
3234,601399,国机重装,-347021861.37,68.4028103276,-910365364.26,-262.3366034249,-200907560.05,-57.8947848579,766643000.55,220.9206640537,2016-03-28
3235,600515,海南机场,607589059.22,711.3011463019,418505253.45,68.8796559285,-337659536.44,-55.5736696236,526743342.21,86.6940136951,2016-03-28
3236,600377,宁沪高速,185077203.0,166.7406550249,3741645416.0,2021.6673665638,-402940197.0,-217.7146566236,-3153628016.0,-1703.9527099402,2016-03-28
3237,600012,皖通高速,-82725212.99,61.9072021971,1595801803.64,1929.0392202833,196746125.87,237.8309088111,-1875273142.5,-2266.8701290944,2016-03-28
3238,301248,杰创智能,10764812.99,658.9924533565,15567939.49,144.6187639717,-4803126.5,-44.6187639717,0.0,0.0,2016-03-28
3239,300980,祥源新材,-337377.09,-106.8794903282,15027247.22,4454.1397935467,-19633815.83,-5819.546262018,4269191.52,1265.4064684712,2016-03-28
3240,300938,信测标准,-33361467.53,-200.7263390732,41065084.21,123.0913603338,-60897054.68,-182.5370980016,-13539460.73,-40.5841281347,2016-03-28
3241,300475,香农芯创,83617701.57,1400.0386466622,141457230.35,169.1713927721,737771.2,0.882314613,-58577299.98,-70.0537073851,2016-03-28
3242,300451,创业慧康,28949829.21,1852.047874152,54914017.67,189.6868450299,-16144081.55,-55.765722944,-9820106.91,-33.921122086,2016-03-28
3243,300436,广生堂,4366519.5,-75.6198819589,107036308.38,2451.2957832892,-31040094.56,-710.8658179587,-71629694.32,-1640.4299653305,2016-03-28
3244,300378,鼎捷数智,425445223.28,2033.9383768857,-889568.24,-0.2090911336,-63410106.6,-14.9044114566,495642822.11,116.499797151,2016-03-28
3245,300373,扬杰科技,34470592.8,2986.9159016599,85073177.61,246.7992880297,-271380028.22,-787.279841094,220731151.42,640.3462589132,2016-03-28
3246,300289,利德曼,-222489788.3,-115.2316185837,-13208545.83,-5.9366975585,-138020855.16,-62.0346921154,-71260387.31,-32.0286103261,2016-03-28
3247,300218,安利股份,-22493198.68,72.8694048017,180697378.76,803.3422961789,-264882465.04,-1177.6113695893,61746400.89,274.5114279585,2016-03-28
3248,300200,高盟新材,-33907321.3,66.8825850287,70942005.53,209.223267454,-62129326.83,-183.2327781965,-42720000.0,-125.9904892576,2016-03-28
3249,002793,罗欣药业,-2519322.05,77.9585450852,41830879.86,1660.402244326,-51900531.01,-2060.0991052335,6957950.03,276.1834291888,2016-03-28
3250,002661,克明食品,9982691.82,145.7841882233,61327374.52,614.3370508256,-11233437.05,-112.5291379575,-40111245.65,-401.8079128681,2016-03-28
3251,002449,国星光电,-343315911.98,-534.2625855245,73840083.27,21.5079117202,-300356653.58,-87.4869597065,-117067052.75,-34.0989300714,2016-03-28
3252,002084,海鸥住工,71037741.54,215.5157722235,154145267.3,216.9906643403,-59403131.12,-83.6219308669,-22947611.18,-32.3034075725,2016-03-28
3253,001872,招商港口,-246904030.01,-161.620644067,818315147.74,331.4304540541,-63130412.58,-25.5688060569,-1002780576.0,-406.1418422208,2016-03-28
3254,000858,五粮液,-3381388690.47,-62.4096667948,794565645.34,23.4982049706,-1186538462.43,-35.0902712183,-2989275619.56,-88.4037859352,2016-03-28
3255,000541,佛山照明,92025411.38,204.8423145986,305638745.34,332.1242912764,-52067149.61,-56.5791000868,-160694772.73,-174.6199993244,2016-03-28
3256,601965,中国汽研,-477232245.01,-753.7230953446,86113466.71,18.0443521179,-445298024.65,-93.3084529191,-118047687.07,-24.7358991988,2016-03-26
3257,601899,紫金矿业,-509172565.0,77.8022922063,6320623792.0,1241.3519946818,-9251759250.0,-1817.0184110371,2414082749.0,474.1187791609,2016-03-26
3258,601231,环旭电子,1971958599.75,74.3147449662,963221744.97,48.8459415473,-954722045.31,-48.4149132457,1963739741.55,99.5832134508,2016-03-26
3259,600993,马应龙,-117380981.06,-821.3972126072,111670948.36,95.1354702879,-200885298.28,-171.139563212,-28383418.43,-24.1805939716,2016-03-26
3260,600859,王府井,103067561.61,109.492351551,173274633.79,168.1175251294,274066694.98,265.9097495845,-344273857.62,-334.0273624816,2016-03-26
3261,600841,动力新科,21246822.87,104.8756876888,268323637.95,1262.8882896598,-195763852.33,-921.3794153027,-51176587.25,-240.8670113321,2016-03-26
3262,600805,悦达投资,-45862841.48,93.7671283394,33617478.6,73.30003444,709559907.2,1547.1346395086,-788221318.06,-1718.6491124928,2016-03-26
3263,600718,东软集团,-315837906.0,-571.9062362231,216362385.0,68.5042488219,-381194004.0,-120.6929240469,-160503233.0,-50.8182298422,2016-03-26
3264,600657,信达地产,-523093823.27,-479.5488368567,-5832061343.23,-1114.9168817885,114716829.1,21.9304499493,5194250690.86,992.9864318392,2016-03-26
3265,600563,法拉电子,-338256040.16,-432.7050201243,302470794.46,89.4206632103,-478659225.57,-141.5079610533,-162301066.68,-47.9817201796,2016-03-26
3266,600560,金自天正,-305829136.03,-4826.0960212464,-140889926.68,-46.0681832048,-226938433.94,-74.2043210421,61999224.59,20.2725042469,2016-03-26
3267,600533,栖霞建设,204674164.93,2681.5869102123,961835859.33,469.9351575021,117886294.77,57.5970566731,-875047989.17,-427.5322141753,2016-03-26
3268,600470,六国化工,-166573239.94,20.4301377104,588577421.1,353.3445235933,-87812340.81,-52.7169555216,-667819506.7,-400.916441885,2016-03-26
3269,600463,空港股份,-33067160.53,73.1288977255,-90923602.39,-274.9664650145,-56208434.76,-169.9826470102,114064876.62,344.9491120246,2016-03-26
3270,600386,北巴传媒,-62536903.75,-262.9796892123,369436294.26,590.7492570097,-317676548.42,-507.9825341049,-114296649.59,-182.7667229048,2016-03-26
3271,600350,山东高速,1009105299.0,655.2432259226,2729200973.0,270.4575008876,-2821242196.0,-279.5785730979,1101146522.0,109.1210722103,2016-03-26
3272,600319,亚星化学,-44986282.67,-113.0120114193,81800903.31,181.8352138808,-20178723.37,-44.8552807042,-105991057.42,-235.6075032861,2016-03-26
3273,600278,东方创业,-372108323.33,-666.9240406151,-243454501.48,-65.4257070364,-206196863.79,-55.4131286139,68781032.02,18.4841423069,2016-03-26
3274,600268,国电南自,-173221887.34,-287.8936870192,356693913.15,205.9173460279,-330757738.61,-190.9445415294,-199079181.83,-114.927267499,2016-03-26
3275,600259,中稀有色,-256031919.52,-270.893925433,-452928822.04,-176.9032638154,-443150687.28,-173.0841561126,640047601.91,249.9874246578,2016-03-26
3276,600191,华资实业,-130371618.42,-70.1490022203,-56527875.96,-43.3590352295,-92383898.67,-70.8619711787,18540056.58,14.2209299882,2016-03-26
3277,600184,光电股份,-80318817.28,-160.6704571834,406802925.32,506.4852037124,-123478284.97,-153.7351882804,-363643457.63,-452.750015432,2016-03-26
3278,600170,上海建工,3948275647.47,69.2802714882,-1058042453.98,-26.7975832604,-5173184107.92,-131.0238840906,10153046099.34,257.151399899,2016-03-26
3279,600080,金花股份,20428792.36,2.2820854716,34333480.91,168.0641728839,-5031600.89,-24.6299477783,-8873087.66,-43.4342251056,2016-03-26
3280,600067,冠城新材,2303615337.56,331.2827691333,1360294118.72,59.0504020589,-1332412166.25,-57.8400457978,2275801267.68,98.7925905238,2016-03-26
3281,300482,万孚生物,48310874.73,38.1499249057,104470301.61,216.245932606,-29403571.45,-60.8632561806,-26400000.0,-54.6460815449,2016-03-26
3282,300286,安科瑞,-2938097.24,-112.805490722,98018601.84,3336.1251801183,-68819558.3,-2342.3172440678,-32137140.78,-1093.8079360505,2016-03-26
3283,300253,卫宁健康,-87127090.37,-327.1132543626,42834953.96,49.163760408,-140482992.57,-161.2391645049,10520948.24,12.0754040968,2016-03-26
3284,300190,维尔利,2139596.13,100.8162304703,40168678.53,1877.3953629277,-159779571.77,-7467.7444742808,121759663.9,5690.7779086327,2016-03-26
3285,300160,秀强股份,-72097653.75,-361.8544134255,103854402.15,144.0468541599,-65596613.93,-90.9830077931,-110355441.97,-153.0638463668,2016-03-26
3286,300147,ST香雪,-449340391.12,16.8270648658,165580270.18,36.849629691,-503763309.61,-112.111735238,-111166740.57,-24.7399839335,2016-03-26
3287,300127,银河磁体,32148698.55,161.7513638768,103472717.94,321.8566306162,-21530622.48,-66.9719878287,-50410378.04,-156.8037908645,2016-03-26
3288,300008,天海防务,-140576663.23,-379.0830421811,-23705930.02,-16.8633466433,-178173552.02,-126.7447582879,61385741.45,43.6670924174,2016-03-26
3289,002616,长青集团,582585969.55,1928.4567597948,118336322.59,20.3122506849,-245118123.37,-42.0741549199,709367770.33,121.761904235,2016-03-26
3290,002523,天桥起重,-4736221.12,98.1925666193,-24324392.56,-513.5822830839,25619852.25,540.9344623251,-6031702.97,-127.3526471247,2016-03-26
3291,002518,科士达,-66237859.42,85.7444207454,137331965.13,207.3315266111,-181871079.78,-274.5727011297,-20743393.76,-31.3165219131,2016-03-26
3292,002439,启明星辰,-358709883.22,-8264.5190992782,368140438.35,102.6290201556,-695600070.35,-193.9171745439,-31250306.05,-8.711860897,2016-03-26
3293,002407,多氟多,-75441460.81,-4105.1089851128,7444665.03,9.8681347764,-99740167.57,-132.2086906843,16743028.8,22.1934048204,2016-03-26
3294,002391,长青股份,-125717340.93,15.0990198826,225446946.43,179.328440104,-848299182.02,-674.7670414795,498089053.52,396.1975729326,2016-03-26
3295,002362,汉王科技,104893387.84,199.7860484414,57906641.74,55.2052354609,43524959.91,41.494474348,3485000.0,3.3224210522,2016-03-26
3296,002324,普利特,61667875.71,-18.9897384951,218249905.59,353.9118269881,-45638452.71,-74.0068507056,-110947523.72,-179.9113759678,2016-03-26
3297,002242,九阳股份,171666557.95,140.1669889074,595413906.91,346.8432722251,33225096.76,19.3544375543,-457441077.56,-266.4706993736,2016-03-26
3298,002214,*ST大立,54477443.96,18.4233566038,-91545793.0,-168.0434806508,-266437957.4,-489.0794024691,412281239.28,756.7925535984,2016-03-26
3299,002187,广百股份,-15061747.26,-106.7573157217,68197887.29,452.788684558,18383135.85,122.0518146578,-101642770.4,-674.8404992158,2016-03-26
3300,002152,广电运通,846819221.58,336.1033594164,1108639128.97,130.9180402048,-137120692.78,-16.1924398131,-122477461.2,-14.4632358452,2016-03-26
3301,002062,宏润建设,-563286356.74,-230.3412212937,-292625932.89,-51.9497639857,-548572928.58,-97.3879310259,277907822.13,49.3368637114,2016-03-26
3302,002028,思源电气,-365627004.56,-513.629144538,-16153208.8,-4.417947416,-236639759.47,-64.721630656,-113047962.62,-30.9189313727,2016-03-26
3303,000948,南天信息,44318122.47,-84.5195788,-28243104.39,-63.7281157592,-9243038.6,-20.8561150267,81843103.61,184.6718657032,2016-03-26
3304,000922,佳电股份,328719438.87,1295.9071343965,-59010105.36,-17.951510736,-542471561.06,-165.025701834,930201105.29,282.97721257,2016-03-26
3305,000877,天山股份,227841227.83,162.9068548774,426977040.73,187.4011322694,18533612.46,8.1344419693,-217669425.36,-95.5355742387,2016-03-26
3306,000837,秦川机床,208536408.05,310.7760587634,-102577640.19,-49.1893195769,-51984888.8,-24.9284474045,363073101.78,174.1053781328,2016-03-26
3307,000793,*ST华闻,311548572.05,-12.0875598599,799167052.23,256.5144327164,-964522335.59,-309.5897147733,476903855.41,153.075282057,2016-03-26
3308,000785,居然智家,-119886472.0,51.674617308,203198046.46,169.4920561679,-151500348.44,-126.3698446644,-171584170.02,-143.1222115036,2016-03-26
3309,000783,长江证券,13650675131.58,1319.7228291361,10923913280.96,80.0247106877,-28443027.6,-0.2083635229,2753610365.42,20.1719720005,2016-03-26
3310,000759,中百集团,-285434913.22,-252.3685279146,347100226.07,121.6039839536,-612184607.83,-214.474326537,-20350531.46,-7.1296574166,2016-03-26
3311,000697,ST炼石,184493645.54,22.2725030243,220776149.03,119.6659908713,-809948167.59,-439.0114170162,773665664.1,419.3454261449,2016-03-26
3312,000605,渤海股份,51440258.36,1639.5201597147,73804706.62,143.4765473056,172770550.08,335.8664120053,-195134998.34,-379.3429593109,2016-03-26
3313,000590,古汉医药,-15037987.1,84.3278548765,-50908086.51,-338.5299253914,-38128261.01,-253.5463074709,73997617.6,492.0712932384,2016-03-26
3314,000404,长虹华意,81534249.96,-83.449472205,810536037.08,994.1049773287,-489866187.29,-600.8103190136,-239403217.92,-293.6228861337,2016-03-26
3315,000333,美的集团,-11491634000.0,-372.3268291067,24788512000.0,215.709202016,-28862397000.0,-251.1600787147,-7410130000.0,-64.4828228953,2016-03-26
3316,000031,大悦城,1378322668.51,15636.496135237,-2061824305.16,-149.5893778914,-59742089.31,-4.3344051923,3499858326.15,253.9215530666,2016-03-26
3317,000028,国药一致,-243736347.61,-237.5484875532,-796697032.43,-326.8683724205,-315355519.45,-129.3838701295,868310366.06,356.2498472527,2016-03-26
3318,688296,和达科技,-3092439.33,-125.1909232891,-6652171.09,-215.1108034834,-2760505.67,-89.2662838433,6320237.43,204.3770873267,2016-03-25
3319,688269,凯立新材,7604916.94,211.6803382981,164237.74,2.1596256908,-4087336.74,-53.7459747719,11528015.94,151.5863490812,2016-03-25
3320,603993,洛阳钼业,3820997814.38,1020.7034098606,3635047137.17,95.1334524058,-4079258102.91,-106.7589750394,4289250326.46,112.2547181346,2016-03-25
3321,603883,老百姓,-2705493.0,86.0243145013,247144683.0,9134.9222858828,-213617870.0,-7895.709580472,-36232306.0,-1339.2127054108,2016-03-25
3322,603866,桃李面包,-61615400.59,-278.7296781388,319384201.26,518.3512534232,-258168505.61,-418.9999628955,-122831096.24,-199.3512905277,2016-03-25
3323,603008,喜临门,36783727.61,165.119602577,40370943.52,109.7521815843,-271461431.95,-737.9932638371,267874216.04,728.2410822528,2016-03-25
3324,601886,江河集团,526623009.31,171.9352737364,298274400.59,56.6390748822,99546427.39,18.9027873128,126185795.43,23.9613144886,2016-03-25
3325,601880,辽港股份,68156989.81,121.2626705188,829243762.82,1216.6672341775,-72936600.95,-107.0126499913,-685844619.6,-1006.2718754333,2016-03-25
3326,601665,齐鲁银行,6987817594.0,584.4107106737,17954602730.0,256.9414912235,-11004974207.0,-157.4880004946,12984851.0,0.1858212643,2016-03-25
3327,601633,长城汽车,-2441110839.71,-3248.906222356,6095784407.4,249.7135446797,-7209952718.6,-295.3554013736,-1309157089.95,-53.6295635845,2016-03-25
3328,601088,中国神华,-2376000000.0,82.1420518602,69069000000.0,2906.9444444444,-43736000000.0,-1840.7407407407,-27707000000.0,-1166.1195286195,2016-03-25
3329,601012,隆基绿能,389593128.65,171.650287206,367497531.06,94.3285453554,-483292288.91,-124.0505166466,505290435.48,129.6969577546,2016-03-25
3330,600992,贵绳股份,33438383.4,-91.818916379,24633950.49,73.669681322,-15471226.06,-46.2678649112,24244832.72,72.5059953706,2016-03-25
3331,600985,淮北矿业,37471150.38,308.1124667228,93407099.73,249.2773741472,-70598175.77,-188.4067477354,14662226.42,39.1293735882,2016-03-25
3332,600970,中材国际,1587402720.93,1004.3409774297,1399014948.53,88.132326478,-575771127.78,-36.2712700557,790701373.36,49.8110128535,2016-03-25
3333,600918,中泰证券,21775624700.0,816.0365320401,15518375200.0,71.2648909677,-617090400.0,-2.8338585391,6877693700.0,31.5843691961,2016-03-25
3334,600741,华域汽车,2218919137.78,470.1340425517,6094069740.34,274.6413619397,-298657596.03,-13.4595980063,-3573291757.31,-161.0374932763,2016-03-25
3335,600720,中交设计,-70962080.28,79.4404727655,931196678.64,1312.2454625988,-146874353.78,-206.9758287813,-855284405.14,-1205.2696338174,2016-03-25
3336,600711,盛屯矿业,344847284.81,83.8488703431,-466427908.44,-135.2563667993,-861576320.32,-249.8428603823,1672854819.19,485.1001857566,2016-03-25
3337,600707,彩虹股份,-591797690.44,-214.2927439386,-145986676.67,-24.6683417371,200682247.98,33.9106169595,-646973710.73,-109.3234598886,2016-03-25
3338,600685,中船防务,139389249.98,119.3197598236,106457757.6,76.3744389293,-363314417.56,-260.6473724567,351986256.86,252.5203750723,2016-03-25
3339,600650,锦江在线,14070689.42,-90.8531020178,339355019.29,2411.7867231697,-171360141.39,-1217.8517787937,-153924188.48,-1093.934944376,2016-03-25
3340,600636,*ST国化,-12631657.89,81.751726034,-35664225.28,-282.3400189474,-316533436.64,-2505.8740459602,340354675.26,2694.457673125,2016-03-25
3341,600604,市北高新,120241639.17,149.4084469462,-740903357.62,-616.1786904556,-209290087.4,-174.0579127536,1070465201.85,890.2616508218,2016-03-25
3342,600528,中铁工业,1160641204.39,243.1684124418,1499558165.54,129.2008382839,-13186999.11,-1.1361822293,-325729962.04,-28.0646560546,2016-03-25
3343,600511,国药股份,-122321091.51,-161.9290975791,218943203.7,178.9905575541,-87616816.21,-71.6285434739,-253647479.0,-207.3620140802,2016-03-25
3344,600488,津药药业,-29453750.5,-108.8157442223,178763589.61,606.9298020637,-33431648.41,-113.5055734583,-173688351.28,-589.6985895905,2016-03-25
3345,600292,电投水电,349442863.93,205.5964427247,-156612338.89,-44.8177241706,-1437959216.66,-411.5005241452,1944014419.48,556.3182483158,2016-03-25
3346,600221,海航控股,162238000.0,107.518460402,6004642000.0,3701.1316707553,-6312266000.0,-3890.74446184,460477000.0,283.8280797347,2016-03-25
3347,600192,长城电工,10906183.39,-92.8884536563,118878807.11,1090.0129115654,-158475419.72,-1453.0786257024,50502508.12,463.0630745335,2016-03-25
3348,600125,铁龙物流,299590974.27,383.2253453612,579063764.51,193.2847830016,-627716552.77,-209.5245206567,348243762.53,116.2397376552,2016-03-25
3349,600027,华电国际,2624197000.0,1973.6502020591,26384237000.0,1005.421353656,-19571493000.0,-745.8088321875,-4188547000.0,-159.6125214685,2016-03-25
3350,300935,盈建科,9252752.42,95.090651593,13664700.16,147.6825439581,-8611947.74,-93.0744425992,4200000.0,45.3918986411,2016-03-25
3351,300476,胜宏科技,-74685368.63,-352.7887912228,203849756.56,272.9447016187,-120648327.08,-161.5421190163,-158495251.15,-212.2172710095,2016-03-25
3352,300455,航天智装,30991897.2,502.784438094,49708254.38,160.3911308147,-7516357.18,-24.2526526579,-11200000.0,-36.1384781568,2016-03-25
3353,300339,润和软件,-24796902.65,69.2135048031,48004020.35,193.5887760966,-628264237.05,-2533.6399707566,555046576.42,2238.3705910948,2016-03-25
3354,300320,海达股份,-10768984.5,95.9088934791,26522779.23,246.288582085,-102458089.32,-951.4183005835,65149540.86,604.9738567272,2016-03-25
3355,300293,蓝英装备,-122679918.78,-574.3518839357,98361052.21,80.1769785864,-51251063.62,-41.7762451505,-169789907.37,-138.4007334358,2016-03-25
3356,300210,森远股份,-61951122.56,44.3411040901,-118384486.52,-191.0933678487,-83735550.21,-135.1638949381,140168914.17,226.2572627869,2016-03-25
3357,300209,行云科技,-25354056.08,63.5852420221,1386864.35,5.4699900703,-22498705.05,-88.7380897913,-4242215.38,-16.731900279,2016-03-25
3358,300207,欣旺达,668890121.51,699.1446597647,734685051.76,109.8364332398,-446237807.2,-66.7131704969,380962915.45,56.9544837334,2016-03-25
3359,300150,世纪瑞尔,-160747680.7,-488.1807015337,2908678.75,1.8094685642,-54783095.4,-34.080177805,-108840217.02,-67.7087324346,2016-03-25
3360,300139,晓程科技,-124051709.62,16.4755575523,-25299695.96,-20.39447585,-85950735.89,-69.2862163313,-10960000.0,-8.8350253564,2016-03-25
3361,300092,科新机电,-16098536.71,52.8315166052,9538631.6,59.2515442355,-3034331.65,-18.8484935287,-22602836.66,-140.4030507068,2016-03-25
3362,300067,安诺其,-12466209.05,9.526686273,46772.65,0.3751954569,-32006676.64,-256.7474724002,19265561.11,154.5422592604,2016-03-25
3363,300066,三川智慧,94711242.15,229.8319895416,108112136.83,114.1492122538,-19253655.88,-20.3287967119,5935762.03,6.2672201264,2016-03-25
3364,300052,ST中青宝,-106417468.85,36.8696600221,-26048839.69,-24.4779733736,-355781234.86,-334.3259698852,274201862.04,257.6662130787,2016-03-25
3365,002716,湖南白银,179969231.68,406.115351385,-237906651.92,-132.1929585958,-215898757.66,-119.9642603597,636292125.47,353.5560604056,2016-03-25
3366,002703,浙江世宝,684248337.12,3867.1109165531,88725582.8,12.9668686041,-48900074.09,-7.1465389738,646862409.83,94.5362048745,2016-03-25
3367,002700,万憬能源,38562893.62,53.4972130405,120579495.11,312.6826951789,-67935705.49,-176.1685887979,-14080896.0,-36.514106381,2016-03-25
3368,002672,东江环保,89421562.64,209.0348354199,165537405.35,185.1202332668,-969850699.51,-1084.5825893409,894145812.68,999.9219274212,2016-03-25
3369,002560,通达股份,45973432.1,148.3173086211,61651700.32,134.1028883506,-407587619.4,-886.5720934505,391653472.35,851.9126253139,2016-03-25
3370,002491,通鼎互联,122137602.8,-22.6581833591,573431427.84,469.4962195868,-534336442.91,-437.4872526236,82093725.88,67.2141289808,2016-03-25
3371,002463,沪电股份,-375545461.0,63.5987165944,57975154.0,15.4375861302,-811442729.0,-216.0704397383,377921624.0,100.6327231312,2016-03-25
3372,002451,摩恩电气,-48812050.38,39.8502982281,-10464370.24,-21.4380878462,-104943426.24,-214.9949150323,66740671.91,136.7299086812,2016-03-25
3373,002401,中远海科,-74367982.84,10.0672651349,6424906.43,8.6393447619,-45257907.22,-60.8567094221,-35534982.05,-47.7826353398,2016-03-25
3374,002210,飞马国际,-763842556.53,-266.1441826875,312755905.08,40.9450746631,-64941004.43,-8.5018835197,-1000451141.55,-130.9760935676,2016-03-25
3375,002205,国统股份,-174149535.5,-309.5190956968,-130916704.13,-75.1748798836,-35503584.53,-20.386838488,-7721914.76,-4.4340714076,2016-03-25
3376,002080,中材科技,194551659.45,195.7711343899,381621479.49,196.1543173514,-395375632.81,-203.2239837623,209372830.43,107.61811594,2016-03-25
3377,002060,广东建工,285846104.42,207.7739306844,580694004.26,203.1491754762,-1039567713.91,-363.6809100545,746301047.74,261.0849111463,2016-03-25
3378,002043,兔宝宝,9093163.37,5.2067193557,101190961.95,1112.8246335466,-129415325.79,-1423.2156679046,38501937.18,423.4163141402,2016-03-25
3379,002032,苏泊尔,26616994.97,-47.2431173712,833189311.71,3130.2906757472,-570288325.8,-2142.5721665529,-234659145.56,-881.6139681601,2016-03-25
3380,001388,信通电子,1416579.3,-86.4042949918,5142475.33,363.020646285,-711390.14,-50.2188716156,-3014505.89,-212.8017746694,2016-03-25
3381,000997,新大陆,-132502885.02,-597.5783250138,316421967.43,238.8038323711,-264225604.36,-199.4112085334,-184956424.41,-139.5867149474,2016-03-25
3382,000875,电投绿能,-1131744485.04,-191.0554160461,1623525212.52,143.4533354464,-2606924259.25,-230.3456560831,-148649067.16,-13.1345077555,2016-03-25
3383,000818,航锦科技,93727302.46,651.7093734746,370374748.82,395.1620702816,-50646520.46,-54.0360376653,-225845664.98,-240.9603808628,2016-03-25
3384,000810,创维数字,420683577.45,1663.8175019965,208329353.06,49.5216272341,16608165.51,3.9478996567,193772555.93,46.0613549748,2016-03-25
3385,000779,甘咨询,2815061.06,-88.4350565305,-51743054.5,-1838.0792955162,-243228717.76,-8640.2643699672,297786833.32,10578.3436654834,2016-03-25
3386,000762,西藏矿业,-90920894.47,63.3304396889,-105007193.01,-115.4929168065,16529091.52,18.1796402426,-2439735.38,-2.6833605127,2016-03-25
3387,000739,普洛药业,-9586644.11,-115.091966108,786637638.17,8205.5579527506,-471645697.47,-4919.820659432,-323845709.29,-3378.0925376398,2016-03-25
3388,000727,冠捷科技,-207106831.45,-124.0903031312,-40757790.26,-19.6795972275,-3579656844.26,-1728.4108009369,3412371454.13,1647.6382890121,2016-03-25
3389,000722,湖南发展,56724369.15,275.2055362788,175926334.32,310.1424254799,-79637667.95,-140.3941007072,-39564297.22,-69.7483247727,2016-03-25
3390,000721,西安饮食,233695326.34,40462.226594203,22050293.45,9.4354875621,194821457.66,83.365577186,16823575.23,7.1989352519,2016-03-25
3391,000521,长虹美菱,406994880.38,-24.2908059725,165462930.48,40.6547940666,73765780.23,18.1244983134,156033547.53,38.3379632157,2016-03-25
3392,000513,丽珠集团,-41814307.14,90.2236223192,717393893.55,1715.6661023895,-738005863.19,-1764.9601623651,-20882108.37,-49.9401037546,2016-03-25
3393,000089,深圳机场,-16127105.17,93.4661275212,902946012.28,5598.9342337748,-1309912664.22,-8122.4289815926,390878288.51,2423.734975308,2016-03-25
3394,000035,中国天楹,46778334.9,-79.9211905693,73449013.07,157.0150225035,-764346439.88,-1633.975303982,737675761.71,1576.9602814785,2016-03-25
3395,000012,南玻A,-119612608.0,30.1677662839,1406259210.0,1175.6780773478,-899601189.0,-752.095622729,-626284428.0,-523.5939910281,2016-03-25
3396,601998,中信银行,28732000000.0,120.9439807559,34150000000.0,118.8570235278,-48285000000.0,-168.0530419045,44394000000.0,154.5106501462,2016-03-24
3397,601872,招商轮船,623416635.04,113.7165302902,1066406047.95,171.0583240823,-11290878188.03,-1811.1287946793,10851303170.22,1740.6181613238,2016-03-24
3398,601857,中国石油,22371000000.0,179.218671992,356477000000.0,1593.4781636941,-290838000000.0,-1300.0670510929,-44312000000.0,-198.0778686693,2016-03-24
3399,601628,中国人寿,25704000000.0,153.4142388097,78247000000.0,304.4156551509,-69257000000.0,-269.4405539994,16704000000.0,64.9859943978,2016-03-24
3400,600845,宝信软件,1223832.53,-98.8636954232,231172119.67,18889.1955396871,-655711125.93,-53578.5011311964,426460934.69,34846.3473748324,2016-03-24
3401,600777,*ST新潮,-51169236.14,-137.506338949,42280780.83,82.6292984213,91769959.45,179.3459632638,-185224393.82,-361.9838946066,2016-03-24
3402,600605,汇通能源,65121197.88,197.0577007264,145518718.77,223.4582954665,-52652111.35,-80.8524920672,-27745409.54,-42.6058033993,2016-03-24
3403,600595,中孚实业,-735426755.15,42.4284387321,1441453588.03,196.0023316987,-257034793.99,-34.9504273798,-1918915240.05,-260.9254050947,2016-03-24
3404,600585,海螺水泥,5993189211.0,476.4467376451,17654488609.0,294.5758591535,-4851113910.0,-80.9437803348,-6785675697.0,-113.2231180779,2016-03-24
3405,600519,贵州茅台,3005486960.09,4377.8096965507,12632522436.6,420.3153300729,-4580159580.19,-152.3932607597,-5041426729.33,-167.7407620221,2016-03-24
3406,600449,宁夏建材,144285224.61,137.1469756308,493166372.07,341.799635689,-166691984.67,-115.5294903692,-182189162.79,-126.2701453198,2016-03-24
3407,600303,曙光股份,77106734.44,116.9438808875,199999702.4,259.380330204,-289225721.87,-375.0978743563,166831743.33,216.3646853179,2016-03-24
3408,600301,华锡有色,-57824864.85,-584.1726526698,-126618328.44,-218.968654347,65660595.05,113.5507972571,3132868.54,5.4178570899,2016-03-24
3409,600293,三峡新材,-106173680.89,-443.6042297862,-152468826.44,-143.6032217796,-23489984.21,-22.1241121275,69785129.76,65.7273339071,2016-03-24
3410,600230,沧州大化,68295117.67,152.6552692036,154592254.89,226.3591603092,-255465730.26,-374.0614834202,169168593.04,247.702323111,2016-03-24
3411,600193,*ST创兴,-2499113.11,-102.0308115475,-540518.1,-21.6283968035,-8322472.74,-333.0170493964,6363877.73,254.6454461999,2016-03-24
3412,600149,廊坊发展,-16447296.45,-496.0080511927,5758493.63,35.0117944764,-23305790.08,-141.6998237422,1100000.0,6.6880292657,2016-03-24
3413,600030,中信证券,66614966129.2,990.8060300537,30431948309.43,45.6833502706,23978244.89,0.035995282,36272830821.9,54.4514737898,2016-03-24
3414,600007,中国国贸,366473668.0,1927.0096294065,1088768235.0,297.0931693242,-351733495.0,-95.9778357118,-370530031.0,-101.1068634268,2016-03-24
3415,302132,中航成飞,84412473.9,265.8207906761,74378247.81,88.1128633881,-54710392.48,-64.8131608426,64744618.57,76.7002974545,2016-03-24
3416,300869,康泰医学,4481989.27,136.4959066416,36454330.71,813.3515837266,-25172774.35,-561.6428963472,-7029667.22,-156.842571379,2016-03-24
3417,300815,玉禾田,35435206.1,,37433447.78,105.6391422541,-34587770.31,-97.6084919963,32589528.63,91.9693497423,2016-03-24
3418,300081,恒信东方,105526348.21,-27.1209901428,47448800.18,44.9639364811,110268792.43,104.4940854113,-52191244.4,-49.4580218924,2016-03-24
3419,300027,华谊兄弟,193762014.71,-60.9248355683,-21025474.41,-10.8511848628,231912510.43,119.6893574714,-12416383.23,-6.4080584879,2016-03-24
3420,002761,浙江建投,25424063.12,-6.432655358,96843368.18,380.9122394123,-140642903.85,-553.1881477251,69224916.67,272.281091906,2016-03-24
3421,002741,光华科技,17927591.06,301.0885117387,47687143.38,265.9986119741,-57845041.03,-322.6593067435,28078474.01,156.621566813,2016-03-24
3422,002633,申科股份,67930321.16,293.297820208,40108194.74,59.0431401694,-22415901.47,-32.9983740504,50225772.8,73.9371932038,2016-03-24
3423,002584,西陇科学,-89913451.24,-200.5952318086,104508649.31,116.2324967719,-213315164.67,-237.24499697,19905395.3,22.1383953407,2016-03-24
3424,002189,中光学,23599676.34,444.5862360164,55371754.17,234.6292947931,-20831080.73,-88.268501779,-11338302.96,-48.0443155095,2016-03-24
3425,002159,三特索道,236258495.49,3432.6880986057,95085352.12,40.2463208456,-215869487.94,-91.370042585,357044412.66,151.1244757229,2016-03-24
3426,002053,云南能投,20770159.95,-54.0274341412,254414189.93,1224.9024106817,-161692378.97,-778.4840336292,-71951651.01,-346.4183770525,2016-03-24
3427,000901,航天科技,362300225.61,1232.6382007726,-256157.08,-0.0707029866,-51217874.08,-14.13685956,413758949.22,114.2033374457,2016-03-24
3428,000059,华锦股份,1744180197.15,226.915962005,127498747.04,7.3099526785,-649925362.88,-37.2625124366,2266606812.99,129.9525597581,2016-03-24
3429,688255,凯尔达,-3250103.05,-158.8114905757,2492140.07,76.6788016152,58000.0,1.7845588004,-5800243.12,-178.4633604156,2016-03-23
3430,688191,智洋创新,-240043.88,-106.2339669767,-7126574.31,-2968.8631553531,-2500388.58,-1041.6381288288,9386919.01,3910.5012841819,2016-03-23
3431,688076,ST诺泰,-5639647.64,-200.0457249947,68176754.72,1208.8832329957,-9688913.07,-171.7999720635,-64125264.85,-1137.0438180425,2016-03-23
3432,603799,华友钴业,-28410246.53,84.550460553,-719632136.15,-2533.0020821541,-451852089.1,-1590.4546573465,1140443847.88,4014.1990555265,2016-03-23
3433,603019,中科曙光,-12524769.36,-112.377121536,30752260.2,245.531548854,-226548680.59,-1808.8052089288,183614124.69,1466.0080310653,2016-03-23
3434,601898,中煤能源,6899137000.0,446.6340387967,5083525000.0,73.6834911381,-17766523000.0,-257.5180489966,19584506000.0,283.8689244756,2016-03-23
3435,601608,中信重工,-427805913.93,-206.2116775689,-364626790.58,-85.2318256263,-941999849.45,-220.1932742809,901727444.72,210.7795650687,2016-03-23
3436,600508,上海能源,-145779493.58,-509.5780716585,788025558.48,540.5599505993,-1189631942.07,-816.0488919638,255826890.01,175.4889413645,2016-03-23
3437,600446,金证股份,-59719145.23,-186.0703943624,100925575.61,169.0003686779,-37765576.71,-63.2386424229,-122879144.13,-205.761726255,2016-03-23
3438,600362,江西铜业,-271942989.0,-109.1017242092,1735447985.0,638.1661065732,-2999813269.0,-1103.1037350994,973885835.0,358.121324834,2016-03-23
3439,600095,湘财股份,-79602084.26,41.7379024475,30696505.69,38.5624396338,2515198.55,3.1597144389,-112813788.5,-141.7221540727,2016-03-23
3440,600011,华能国际,2869601404.0,346.5898358445,37366771622.0,1302.1589538503,-23777980515.0,-828.6161444532,-10660810728.0,-371.508416226,2016-03-23
3441,300410,正业科技,124254036.06,1335.1160680341,-1531077.55,-1.2322155469,-8274123.74,-6.659038211,134060965.4,107.8926444975,2016-03-23
3442,300368,汇金股份,112256197.63,337.9688305733,37407311.54,33.3231592819,-143519445.56,-127.8499081477,218368331.65,194.5267488658,2016-03-23
3443,300247,融捷健康,-28021692.24,-105.7954545975,20527001.81,73.2539692257,-48298152.65,-172.3598711896,1729953.57,6.1736227605,2016-03-23
3444,300056,中创环保,-8492805.55,79.6607945404,74409869.85,876.1518135783,-74609399.46,-878.5012092971,-8430918.97,-99.2713058172,2016-03-23
3445,300034,钢研高纳,-131200087.69,21.5380158835,2160536.31,1.6467491356,-124990019.36,-95.2667193755,-8370604.64,-6.3800297602,2016-03-23
3446,300026,红日药业,217267074.91,301.8363195459,149941309.76,69.0124400221,-154470374.03,-71.0970008198,221794768.11,102.0839297449,2016-03-23
3447,002753,永东股份,-55062344.65,-467.6310846052,18121880.69,32.9115674336,-30144547.91,-54.7462119559,-43039677.43,-78.1653554776,2016-03-23
3448,002726,龙大美食,233719664.16,517.5684351881,44896827.08,19.2096917653,-189224437.85,-80.9621383507,378047274.93,161.7524465854,2016-03-23
3449,002559,亚威股份,-69399091.65,-152.694932667,118812411.41,171.2016808652,-147809723.61,-212.9850983576,-39137274.8,-56.3945058494,2016-03-23
3450,002424,ST百灵,-58536553.5,73.4693614843,395833192.16,676.2154047214,-59375578.61,-101.4333353432,-394994167.05,-674.7820693782,2016-03-23
3451,002408,齐翔腾达,403072849.1,279.8426738504,-87104683.09,-21.6101588793,-426186956.87,-105.7344740093,916726224.81,227.4343773978,2016-03-23
3452,002393,力生制药,-340268768.01,-4933.0367254327,72238880.43,21.2299473891,-277119757.35,-81.44143201,-135387891.09,-39.7885153791,2016-03-23
3453,002208,合肥城建,-17010903.12,-107.8750110292,-477304274.95,-2805.8726311175,6346968.59,37.3111794549,453946403.24,2668.5614516627,2016-03-23
3454,002193,如意集团,21025845.52,174.0388551858,69041001.79,328.3625465826,-6615621.86,-31.464236973,-39683951.41,-188.7389088456,2016-03-23
3455,002151,北斗星通,-29029762.79,-289.9530886763,29464807.78,101.4986171025,-180039323.91,-620.1887532199,121503627.88,418.5484695791,2016-03-23
3456,000900,现代投资,-255737126.57,-153.872940417,1195709910.34,467.5542915403,-1286037540.6,-502.874790942,-165409496.31,-64.6795005983,2016-03-23
3457,000885,城发环境,-67294557.75,-107.9245514011,780282021.11,1159.5024132691,-845738445.51,-1256.7709392666,-1836346.24,-2.7288183494,2016-03-23
3458,000610,西安旅游,-86453701.14,-199.2999639723,-718605.32,-0.831202494,-49865750.29,-57.6791388136,-35859324.17,-41.4780671008,2016-03-23
3459,603899,晨光股份,86731853.95,331.7488801577,342513938.26,394.9113533967,-246124804.68,-283.7767134805,-8778612.97,-10.1215557724,2016-03-22
3460,603010,万盛股份,41854257.84,516.4409023609,46644961.28,111.4461555102,-94415112.19,-225.5806626674,89245774.71,213.2298583603,2016-03-22
3461,600963,岳阳林纸,-135076312.51,-221.8837483449,1600019414.51,1184.5299777424,4276152.98,3.1657312082,-1755936871.17,-1299.959140534,2016-03-22
3462,600889,南京化纤,-225557522.54,-200.2488467353,158802443.25,70.4044101308,-21489799.15,-9.5274140751,-363372634.39,-161.0997630662,2016-03-22
3463,600857,宁波中百,47880082.07,265.9645184981,25513981.23,53.2872545889,35825295.98,74.8229627669,-13459195.14,-28.1102173558,2016-03-22
3464,600843,上工申贝,135785250.83,985.6670753982,101603959.96,74.8269486847,-517685432.55,-381.2530664307,590951936.01,435.2106965946,2016-03-22
3465,600814,杭州解百,32368792.04,113.3253101275,131267269.66,405.5365102837,-10560707.03,-32.6262006223,-88338582.65,-272.9128184358,2016-03-22
3466,600775,南京熊猫,-782801640.32,-188.8099975395,44034013.77,5.6251815916,-589843900.99,-75.3503659942,-228097020.51,-29.1385465693,2016-03-22
3467,600728,佳都科技,-165225426.51,-0.5431311258,-28974110.71,-17.536108892,-107873847.66,-65.2888904199,-28408848.32,-17.1939930313,2016-03-22
3468,600673,东阳光,206575250.78,-48.1744320036,719744530.09,348.417599578,-1011840506.03,-489.8169079836,498671226.72,241.3993084056,2016-03-22
3469,600663,陆家嘴,-358694456.22,-119.8121202799,-995432068.53,-277.5153201474,-6484523169.62,-1807.8124869716,7121199808.76,1985.3108084816,2016-03-22
3470,600598,北大荒,-142901033.71,-283.0026545858,1910070353.49,1336.6385839911,-422265602.69,-295.4951351485,-1630705784.51,-1141.1434488426,2016-03-22
3471,600576,祥源文旅,-42383793.58,-36.1251728859,-40015663.34,-94.412651535,15426757.25,36.3977736464,-17794887.49,-41.9851221114,2016-03-22
3472,600537,亿晶光电,-284682504.51,-170.7357374835,202140812.72,71.005702675,-223441667.41,-78.4880222248,-259071649.03,-91.0037128822,2016-03-22
3473,600389,江山股份,-7036375.32,-140.8755436694,417342781.29,5931.2183092871,-75246632.78,-1069.3948142039,-354693124.39,-5040.8499868083,2016-03-22
3474,600085,同仁堂,-295549119.39,-123.6982962331,696013987.24,235.4985826642,-478667269.0,-161.9586179069,-516649949.25,-174.8101805603,2016-03-22
3475,301118,恒光股份,-12276175.28,-245.4231589852,56553363.11,460.6757546231,-40344024.44,-328.6367579463,-28494599.17,-232.1130036032,2016-03-22
3476,300491,通合科技,-21801821.37,-508.1301580757,27445347.6,125.8855722842,-42747168.97,-196.071549457,-6500000.0,-29.8140228272,2016-03-22
3477,300466,赛摩智能,1532059.77,-86.291236515,7351992.73,479.8763647452,-9762571.54,-637.2187124266,3872694.37,252.7769768408,2016-03-22
3478,300256,星星科技,-39381104.32,-255.5958968817,-161506376.85,-410.1113456282,-415727227.64,-1055.6515232836,538119780.12,1366.4415699148,2016-03-22
3479,300249,依米康,37149739.32,152.8730499906,15930178.06,42.8809955375,-7133425.9,-19.2018195298,28331272.68,76.2623727611,2016-03-22
3480,300222,科大智能,43489178.87,12746.0463899019,46843929.4,107.7139891283,-133692624.38,-307.4158396498,130418154.11,299.8864487643,2016-03-22
3481,300213,佳讯飞鸿,-50773309.29,-46.0302145157,87778542.8,172.8832412688,-132974344.93,-261.8981248012,-5598905.28,-11.0272608941,2016-03-22
3482,300101,振芯科技,180783735.9,505.3329188623,189832173.35,105.005116973,22850880.05,12.6398981281,-31899317.5,-17.6450151012,2016-03-22
3483,300037,新宙邦,-47414347.01,55.9091013931,133066422.04,280.6459024142,-136143936.26,-287.1365838515,-44824729.31,-94.5383246563,2016-03-22
3484,300036,超图软件,-108051830.09,-350.1126730175,78812207.1,72.9392616806,-177997121.29,-164.7330925739,-8765712.61,-8.1125073057,2016-03-22
3485,300017,网宿科技,-112571453.65,-142.6610163101,521895477.42,463.6126304655,-628436957.7,-558.2560563301,-6229136.96,-5.5334960667,2016-03-22
3486,002765,蓝黛科技,2439960.69,120.2824207841,-11979213.48,-490.9592818071,65696130.56,2692.5077452785,-50882024.57,-2085.3624723766,2016-03-22
3487,002637,赞宇科技,-6690122.03,3.4341236223,98091241.42,1466.2100478906,-109213065.96,-1632.4525243376,4840668.27,72.3554555252,2016-03-22
3488,002634,棒杰股份,118909664.33,1117.968786383,92837015.62,78.0735663019,-54030321.73,-45.4381248441,79704942.32,67.029827028,2016-03-22
3489,002626,金达威,152976375.1,152.8071569395,161384095.38,105.4960906705,194048087.13,126.8484019203,-204386346.0,-133.6064773834,2016-03-22
3490,002583,海能达,-46353566.67,-241.5764342469,116038070.02,250.3325598354,-229276156.36,-494.6246272531,76877604.01,165.8504609954,2016-03-22
3491,002569,*ST步森,1633308.67,102.687062672,-14935705.73,-914.4447711773,-41774832.3,-2557.6814148669,58343846.7,3572.1261860442,2016-03-22
3492,002545,东方铁塔,-191438029.0,50.7334979439,227287502.95,118.7264119555,-276747683.37,-144.5625431977,-141561092.42,-73.9461710714,2016-03-22
3493,002534,西子洁能,-282928921.15,-333.4435177545,416325600.44,147.1484776981,-395266015.09,-139.7050586004,-304691564.06,-107.6919117429,2016-03-22
3494,002383,合众思壮,-48060432.22,81.8443759199,-66669586.72,-138.7203228111,-26042783.16,-54.1875758437,46214228.09,96.158577764,2016-03-22
3495,002368,太极股份,-203453142.06,-156.9216940901,-16906483.18,-8.3097675508,-139642636.44,-68.6362643634,-46904022.44,-23.0539680858,2016-03-22
3496,002331,皖通科技,200339314.53,1654.7020412854,-9092586.42,-4.538593157,-143302275.31,-71.5297821829,353084546.79,176.2432638937,2016-03-22
3497,002313,日海智能,89945009.02,120.1922347497,251008551.75,279.068904973,-84419295.88,-93.8565650277,-75964586.23,-84.4566997743,2016-03-22
3498,002294,信立泰,157149901.54,159.4065083095,982249146.6,625.0396194808,-432819021.58,-275.4179400296,-392291000.0,-249.6285369292,2016-03-22
3499,002184,海得控制,44004260.82,245.2536869969,23045055.92,52.3700557413,-26918940.45,-61.1734862679,48004749.94,109.0911403702,2016-03-22
3500,002092,中泰化学,1139894973.88,346.0713318871,2571985519.07,225.6335520382,-1996171359.55,-175.118884221,556047830.94,48.7806195905,2016-03-22
3501,002051,中工国际,898890783.62,91.5222887783,408940474.41,45.4939000223,-220774718.21,-24.5607945073,730195312.9,81.2329290951,2016-03-22
3502,002011,盾安环境,-558239383.35,-335.3656908063,141820884.46,25.4050302952,-343976743.57,-61.6181433681,-365006919.73,-65.3853759904,2016-03-22
3503,000903,ST云动,126032842.74,-60.4242619073,-100642783.16,-79.8544101458,-190192838.02,-150.9073618314,416868463.92,330.7617719772,2016-03-22
3504,000639,西王食品,364086380.51,601.6956771905,196267996.44,53.9069866236,-12747265.78,-3.5011652351,180565649.85,49.5941786114,2016-03-22
3505,000619,海螺新材,-26759890.37,63.1081219977,614293945.46,2295.5772126356,-157223072.37,-587.5325728025,-483888550.55,-1808.2605864951,2016-03-22
3506,000597,东北制药,230833026.15,-67.4091733037,46990983.7,20.3571319424,-472897925.94,-204.8658001099,656731074.24,284.504815101,2016-03-22
3507,000534,万泽股份,-233161679.6,-201.2694435761,336490823.03,144.3165204536,-125891222.35,-53.9931015105,-443761280.28,-190.3234189432,2016-03-22
3508,000099,中信海直,109488181.19,117.0472387658,265920064.69,242.875588762,-286506453.96,-261.6779736827,130574537.73,119.259025322,2016-03-22
3509,688739,成大生物,206257051.3,865.160799693,677758505.45,328.5989502799,-60969590.7,-29.5600030718,-410435400.01,-198.9921786543,2016-03-21
3510,600660,福耀玻璃,7403351.0,59.6817602597,3154001748.0,42602.3532856945,-2635344787.0,-35596.6478828304,-502842109.0,-6792.0879207267,2016-03-21
3511,600109,国金证券,5885961795.98,333.89757642,2888201452.58,49.0693204049,648672935.38,11.0206786565,2349081148.28,39.9098945882,2016-03-21
3512,002718,友邦吊顶,135506516.0,126.7851154413,117833711.71,86.95796718,-125510410.8,-92.6231553322,143183215.09,105.6651881523,2016-03-21
3513,002342,巨力索具,45973984.52,612.0986244673,297011055.53,646.0415790169,33035543.91,71.8570388338,-282837781.23,-615.2126777416,2016-03-21
3514,002135,东南网架,5267923.17,106.6828428167,261132961.54,4957.0381555128,-509261919.66,-9667.2237469249,253432578.37,4810.8632224035,2016-03-21
3515,601607,上海医药,-1454946411.54,-121.9482935233,1335674135.37,91.8022907769,-1844573224.17,-126.7794613973,-948811062.99,-65.2127841592,2016-03-19
3516,600990,四创电子,70915748.53,-82.2981972613,43938079.75,61.9581414013,-46696903.5,-65.8484250226,72321201.61,101.9818631392,2016-03-19
3517,600812,华北制药,158820601.46,128.6909779957,93563358.48,58.9113487922,-323632219.31,-203.772190972,387345284.46,243.8885641404,2016-03-19
3518,600761,安徽合力,109485265.95,47.4598207908,661579121.86,604.2631546076,-262668431.38,-239.9121279935,-290188153.87,-265.0476768285,2016-03-19
3519,600733,北汽蓝谷,-74847268.06,-611.4930011981,-76742901.56,-102.5326689258,-11770975.77,-15.7266605383,13666609.27,18.2593294642,2016-03-19
3520,600719,大连热电,-16119740.32,-121.0601039848,376226929.36,2333.9515518945,-76847119.19,-476.726781353,-315499550.49,-1957.2247705415,2016-03-19
3521,600675,中华企业,2107008187.64,377.3088428413,-124996561.13,-5.9324193358,1880320199.19,89.2412383692,351683777.56,16.691144326,2016-03-19
3522,600651,飞乐音响,176155593.15,2974.0150097427,9811074.89,5.569550597,-447011744.02,-253.7596087791,614034983.25,348.5753544749,2016-03-19
3523,600621,华鑫股份,-141370765.3,-123.8524615813,-17037340.98,-12.0515305579,-30080075.06,-21.2774366724,-94209257.76,-66.639844214,2016-03-19
3524,600588,用友网络,852546488.0,114.5956335706,804302209.0,94.3411556227,-599669905.0,-70.3386751855,648872043.0,76.1098722631,2016-03-19
3525,600566,济川药业,579180328.82,1458.6331884809,616112024.21,106.3765451885,-649800936.57,-112.1931986008,612869241.18,105.8166534124,2016-03-19
3526,600548,深高速,165518234.27,119.1446291082,1793755282.29,1083.720648786,494867605.15,298.9807179448,-2123006995.61,-1282.6423656422,2016-03-19
3527,600332,白云山,1097475071.78,36.3991066758,1751689554.88,159.6108740802,-290436552.93,-26.4640683327,-363998396.23,-33.1668942275,2016-03-19
3528,600271,航天信息,346601905.35,-31.2869280295,1757805645.5,507.1540630237,-570779811.62,-164.6787864722,-840305028.53,-242.4409720661,2016-03-19
3529,600248,陕建股份,444895904.64,1160.4482331505,288419194.45,64.8284669384,-103773125.48,-23.3252597737,260242613.41,58.4951694758,2016-03-19
3530,600228,*ST返利,-2285645.14,94.2520466812,6253689.56,273.6071952097,9312555.03,407.4366080292,-17851889.73,-781.0438032389,2016-03-19
3531,600211,西藏药业,-154541778.2,-162.3546000632,-141403348.04,-91.498460602,-27096636.05,-17.5335345339,13961460.11,9.0341008578,2016-03-19
3532,600131,国网信通,-4492124.07,-16.4024289199,173432453.41,3860.811738666,49467338.27,1101.2015140089,-227391915.75,-5062.0132526749,2016-03-19
3533,300255,常山药业,-32873824.78,88.1907404756,-84967293.81,-258.4648862085,-157985018.11,-480.5799725687,210078487.14,639.0448587772,2016-03-19
3534,300184,力源信息,6657977.4,106.2334270338,26531544.03,398.4925516569,-119314551.92,-1792.0540240945,99724032.44,1497.8127207221,2016-03-19
3535,300059,东方财富,2287808498.66,942.1918084129,2362917624.68,103.2830163042,-61144150.38,-2.6726078872,-13223345.88,-0.5779918157,2016-03-19
3536,300045,华力创通,-35433616.9,58.8760113148,10031967.96,28.3120066131,-110366063.1,-311.4727559748,65007800.57,183.4636321589,2016-03-19
3537,300019,硅宝科技,-21159248.57,-30.3911595288,45262873.84,213.9153178822,-107054095.0,-505.9446919669,40631631.32,192.0277612203,2016-03-19
3538,002728,特一药业,337485500.06,2063.1394928565,57348296.78,16.9928179936,-26984527.62,-7.9957591112,307121730.9,91.0029411176,2016-03-19
3539,002599,盛通股份,-106921890.88,-1840.7414847444,67980759.13,63.5798325025,-177981888.72,-166.4597279894,2831667.38,2.6483513869,2016-03-19
3540,002542,中化岩土,-200109117.07,-156.9470295822,-239202894.31,-119.5362299392,-121080395.17,-60.5071857509,160174060.85,80.0433599405,2016-03-19
3541,002404,嘉欣丝绸,-6453732.41,-134.5861406071,25555009.8,395.9725655871,-91418266.59,-1416.5177726977,59409524.38,920.5452071106,2016-03-19
3542,002249,大洋电机,-951807374.52,-280.1791817729,540509706.1,56.7877199284,-1828612439.26,-192.1200116969,315894684.56,33.1889301361,2016-03-19
3543,000970,中科三环,-493756883.81,-122.8758986673,238577140.56,48.3187472181,-564726392.71,-114.3733710308,-163782805.6,-33.1707386713,2016-03-19
3544,000786,北新建材,402558754.65,387.082128309,1568739190.6,389.6919822211,-2408709824.02,-598.3498796627,1242679147.22,308.6950992534,2016-03-19
3545,000776,广发证券,52793770165.11,1309.0435117113,25416953468.46,48.1438499069,-8723379135.05,-16.5235009884,36106621701.08,68.3918227248,2016-03-19
3546,000708,中信特钢,413751258.2,4606.3434567059,440275069.03,106.4105692259,-82115853.91,-19.8466717098,52807596.18,12.7631264276,2016-03-19
3547,000695,滨海能源,3118221.81,110.7560712873,87401218.66,2802.9185858334,-37660178.71,-1207.7453434911,-46622818.14,-1495.1732423422,2016-03-19
3548,000550,江铃汽车,2483495993.0,169.8633131149,4190066410.0,168.7164554245,-1021435486.0,-41.1289363413,-685134931.0,-27.5875190832,2016-03-19
3549,000524,岭南控股,-48765413.72,41.5103985993,49545333.14,101.5993290336,-72152393.7,-147.9581289196,-26158353.16,-53.6412001141,2016-03-19
3550,688218,江苏北人,-215810.84,95.9926774482,-11787891.05,-5462.1403864607,-11403942.85,-5284.2307874804,22976023.06,10646.371173941,2016-03-18
3551,601600,中国铝业,4886905000.0,110.8149253139,13818759000.0,282.771181351,-4921338000.0,-100.704597286,-4016451000.0,-82.1880310749,2016-03-18
3552,600976,健民集团,9655724.07,106.7388013226,103228934.44,1069.0957373226,-15190844.84,-157.3247612491,-78382365.53,-811.7709760735,2016-03-18
3553,600876,凯盛新能,-34599292.34,-25.8639129735,-40574860.63,-117.2707818162,64880764.08,187.5204944726,-58905626.26,-170.2509568148,2016-03-18
3554,600860,京城股份,-180434202.16,2.2759365538,-107897373.68,-59.7987368184,87653788.55,48.5793643892,-160813146.23,-89.1256448638,2016-03-18
3555,600765,中航重机,-114329551.18,76.4241053592,144291499.13,126.2066522966,-733189925.78,-641.2952016453,474406522.57,414.9465450302,2016-03-18
3556,600746,江苏索普,-31393515.13,-304.7159915776,39615381.05,126.1896951837,-5210676.85,-16.5979401428,-65801681.9,-209.6027846118,2016-03-18
3557,600738,丽尚国潮,9764849.81,108.3504510592,-120866925.16,-1237.7755675896,-30402258.0,-311.3438362243,161034032.97,1649.119403814,2016-03-18
3558,600732,爱旭股份,5630312.69,107.8849795155,-45038643.96,-799.9314858657,-13659.0,-0.2425975386,50682615.65,900.1740834042,2016-03-18
3559,600717,天津港,665281280.83,307.5682847183,1853806486.27,278.6500296472,-1463872974.65,-220.0382029123,254951150.57,38.3223093624,2016-03-18
3560,600495,晋西车轴,-40565729.2,-109.7219272182,97811523.25,241.1186121363,-61809911.6,-152.3697781821,-76460160.74,-188.4846205107,2016-03-18
3561,600426,华鲁恒升,264136111.23,167.1045094428,1606549742.56,608.2279833222,-847801481.03,-320.9714404752,-496916314.23,-188.1288824599,2016-03-18
3562,600378,昊华科技,43221163.49,36.1438524719,91555398.59,211.830018438,-17536290.54,-40.5733884144,-30726329.2,-71.0909349007,2016-03-18
3563,600279,重庆港,437734946.07,1631.0767164381,254513944.5,58.1433917454,-740776113.08,-169.229374929,923997114.65,211.0859831836,2016-03-18
3564,600246,万通发展,-672340712.0,-192.2801732621,-1183327745.0,-176.0012035386,-95205746.0,-14.1603422641,605994614.0,90.132071907,2016-03-18
3565,600223,福瑞达,-1456874685.06,-175.9246638927,-2363097628.14,-162.203218463,-28127748.68,-1.9306910175,934350691.76,64.1339094805,2016-03-18
3566,600183,生益科技,-727532767.52,-236.0263952115,205719558.52,28.2763289441,-817249841.63,-112.3316884291,-114899221.62,-15.7929961027,2016-03-18
3567,600176,中国巨石,-848071162.4,-1535.0286541124,1663215648.34,196.1174630244,-1464564652.96,-172.6936037791,-1004272604.86,-118.4184357853,2016-03-18
3568,600101,明星电力,-36740739.64,-138.3062076964,182142169.53,495.7498714362,-194192576.34,-528.548358696,-24690332.83,-67.2015127402,2016-03-18
3569,301361,众智科技,2943648.67,6713.4754636388,19068579.39,647.7872031515,-3418990.41,-116.1480459555,-12705301.85,-431.617467787,2016-03-18
3570,301202,朗威股份,2367397.45,300.8096129263,12662097.91,534.8530687148,-8537542.07,-360.6298583282,-1757158.39,-74.2232103866,2016-03-18
3571,300888,稳健医疗,20890047.89,-35.3758126776,203963201.35,976.3654081791,-308111072.11,-1474.9179788022,124267768.95,594.8658883137,2016-03-18
3572,300847,中船汉光,37941911.91,440.7717486721,63326043.35,166.902615504,-36705961.02,-96.7425181606,11343338.99,29.896593026,2016-03-18
3573,300488,恒锋工具,58872276.15,1636.5064602342,71996973.44,122.293510882,-31481075.0,-53.4735142901,18658150.19,31.6925918449,2016-03-18
3574,300472,*ST新元,17175643.92,138.5603734146,25481505.68,148.3583718822,-1784387.31,-10.3890562608,-6681749.13,-38.9024665458,2016-03-18
3575,300398,飞凯材料,270045059.75,473.3084086943,80671363.38,29.8732972396,-107546770.4,-39.8254907902,296874646.59,109.9352259452,2016-03-18
3576,300393,中来股份,134956233.96,458.6619312399,-73943970.42,-54.7910742989,-145588741.59,-107.8784857268,354488945.97,262.6695600257,2016-03-18
3577,300365,恒华科技,213280755.09,3983.2724460291,22898858.09,10.7364858495,-14856710.28,-6.9657997383,205238607.28,96.2293138888,2016-03-18
3578,300296,利亚德,-8706460.78,78.3917443548,84049397.63,965.3681301026,-234136862.37,-2689.2312305345,143793137.5,1651.5681989898,2016-03-18
3579,300243,瑞丰高材,17016839.31,126.3918563874,-13189612.34,-77.5091784069,-47948011.76,-281.7680233475,78084499.96,458.8660593046,2016-03-18
3580,300215,电科院,10676715.72,118.259736519,260107014.56,2436.2081128821,-532728130.63,-4989.6255047053,283297831.79,2653.4173918232,2016-03-18
3581,300149,睿智医药,-24963197.62,61.9760536529,59633875.4,238.8871662508,-68345393.77,-273.7846120933,-16251679.25,-65.1025541575,2016-03-18
3582,300120,经纬辉开,-47816738.75,6.6084191696,-30512320.98,-63.810961972,-20871414.0,-43.6487609687,3863422.33,8.0796441393,2016-03-18
3583,002570,贝因美,-79870541.26,95.7794477096,-187630557.2,-234.918349419,514671915.74,644.3826567603,-406568750.0,-509.0346748453,2016-03-18
3584,002469,三维化学,-297874002.01,-430.5657380089,-137976816.42,-46.3205299855,-152971281.82,-51.3543581473,-6925903.77,-2.3251118672,2016-03-18
3585,002295,精艺股份,-331885.18,-103.1280339231,61803318.53,18621.8976484578,-7764007.14,-2339.3654214991,-54389669.05,-16388.098151897,2016-03-18
3586,002272,川润股份,-138639653.93,-666.4648742196,-44514885.73,-32.1083358679,-4811543.21,-3.4705389646,-89004455.59,-64.1984115417,2016-03-18
3587,002255,海陆重工,-138823732.3,-44.3867465957,-5009305.61,-3.6083928353,-115517007.42,-83.2112820381,-17079550.6,-12.3030481295,2016-03-18
3588,002243,力合科创,-123907577.17,-165.8903098919,102286521.8,82.5506592383,-132881343.56,-107.2423063988,-92491308.68,-74.6454016715,2016-03-18
3589,002232,启明信息,14160749.95,168.6004373696,114760473.19,810.4123976146,-26732999.17,-188.7823686202,-71402657.21,-504.2293484605,2016-03-18
3590,002068,黑猫股份,153398389.97,-5.5476284702,1490006064.87,971.3309671382,-532011828.28,-346.817087444,-805387599.38,-525.0300212,2016-03-18
3591,000968,蓝焰控股,1812277144.1,856.4334005679,-1567115758.2,-86.4721912596,202120802.25,11.1528638381,3177272100.05,175.3193274215,2016-03-18
3592,000963,华东医药,134310742.69,13.4016796943,740854724.82,551.5975192915,-814573970.23,-606.4845997539,208029988.1,154.8870804625,2016-03-18
3593,000925,众合科技,105347006.83,1959.0796378086,265637611.6,252.1548733023,-117332141.28,-111.3768153559,-42548226.11,-40.38864263,2016-03-18
3594,000905,厦门港务,-101721763.1,-31.0216346273,168125506.51,165.279780242,-503804380.45,-495.2768857877,233062477.66,229.1176151075,2016-03-18
3595,000862,银星能源,256705664.78,226.0481001178,695426526.79,270.904238668,-400566171.35,-156.0410331004,-38154690.66,-14.8632055676,2016-03-18
3596,000718,苏宁环球,-320679930.17,-156.9863303739,802468268.58,250.2396293259,-658720871.09,-205.4138126888,-464427327.66,-144.8258166371,2016-03-18
3597,000553,安道麦A,8781815.25,-96.2612206522,699173855.92,7961.6097129805,-393101448.29,-4476.3119821953,-298768797.26,-3402.1302971501,2016-03-18
3598,000421,南京公用,113412646.33,228.3695898632,533798284.25,470.6691021888,104513837.74,92.1536011389,-524201507.68,-462.2072799137,2016-03-18
3599,000062,深圳华强,106343030.51,135.4186366066,248087379.24,233.2897398637,157045190.9,147.6779344606,-298564476.36,-280.7560353773,2016-03-18
3600,605377,华旺科技,-723999.18,97.4600437851,97540555.57,13472.4676856678,-27642783.93,-3818.0684030609,-71631476.62,-9893.8615676333,2016-03-17
3601,603268,*ST松发,-23098090.25,-243.6462397887,46710384.21,202.2261741314,-16698639.35,-72.294458846,-53031443.47,-229.5923294784,2016-03-17
3602,600688,上海石化,145942000.0,626.7523280156,4039919000.0,2768.1674911951,-910104000.0,-623.6066382536,-2983972000.0,-2044.628688109,2016-03-17
3603,600583,海油工程,1502315327.52,101.6337664894,4351011301.05,289.620376052,-638594194.85,-42.5073340564,-2209492295.36,-147.0724723955,2016-03-17
3604,600538,国发股份,287838929.08,3069.4676256121,-41047746.49,-14.2606653732,-15216443.5,-5.2864438972,344103119.07,119.5471092704,2016-03-17
3605,600050,中国联通,3809259159.0,17.3211952494,92429180159.0,2426.4345454318,-75033880118.0,-1969.7761949517,-13585750582.0,-356.6507295756,2016-03-17
3606,300458,全志科技,150718827.38,-30.1625682296,325246126.64,215.7966143274,-90687617.48,-60.1700657154,-84201877.47,-55.8668607856,2016-03-17
3607,300422,博世科,2414973.93,-92.5790819977,588809.3,24.3816006743,-38862180.12,-1609.2173765205,40675579.15,1684.3071738667,2016-03-17
3608,300225,*ST金泰,-13090231.3,74.0927851987,92927414.67,709.898950907,-66822645.97,-510.4771981378,-39195000.0,-299.4217527692,2016-03-17
3609,300025,华星创业,-12411355.24,-457.0344585723,-63503794.59,-511.6588266311,-85373964.63,-687.8698013159,136466403.98,1099.528627947,2016-03-17
3610,002644,佛慈制药,113804746.99,504.1852774429,93746664.63,82.3750037758,124453054.16,109.3566458796,-104388514.29,-91.7259754544,2016-03-17
3611,002568,百润股份,223563773.14,955.549734098,520105301.26,232.6429250835,-179826110.12,-80.436158146,-116713416.68,-52.2058717478,2016-03-17
3612,002316,亚联发展,41106822.18,120.0939834962,293311479.2,713.534794579,-35825977.29,-87.1533613888,-215331894.19,-523.8349324282,2016-03-17
3613,002188,中天服务,-25780299.0,25.356097405,-18154475.5,-70.4199571153,-6977234.06,-27.0642092243,0.0,0.0,2016-03-17
3614,002148,北纬科技,109946185.7,251.8636650116,-19899384.78,-18.0992043092,-345665425.69,-314.3951047408,475510996.17,432.49430905,2016-03-17
3615,000068,华控赛格,39642698.68,241.7217101753,110634536.01,279.0792244066,-5738314.06,-14.4750843184,-65256297.25,-164.6111375433,2016-03-17
3616,603718,海利生物,-7352685.64,-119.539052301,110218481.85,1499.023448662,-73121167.49,-994.4824390724,-44450000.0,-604.5410095895,2016-03-16
3617,601318,中国平安,19083000000.0,1049.8755599801,170260000000.0,892.2077241524,-236889000000.0,-1241.3614211602,85368000000.0,447.3510454331,2016-03-16
3618,600787,中储股份,914781223.03,181.6250861438,1345025418.16,147.032468999,50502874.85,5.5207598908,-480765520.83,-52.5552458584,2016-03-16
3619,301390,经纬股份,4115406.19,,6064805.55,147.3683342543,-1746473.38,-42.4374484405,-202925.98,-4.9308858137,2016-03-16
3620,300428,立中集团,23825237.49,300.9079936354,24931869.96,104.6447909301,-56744630.53,-238.1702619074,55877436.21,234.5304479481,2016-03-16
3621,300403,汉宇集团,621493980.5,2320.2290768597,91554195.66,14.7313085135,-50178086.99,-8.0737848739,578311416.61,93.0518130111,2016-03-16
3622,300176,鸿特科技,-53339721.93,-202.9731126996,57791936.7,108.3469028501,-274697371.3,-514.9958817942,163234255.35,306.0275709053,2016-03-16
3623,300143,盈康生命,27153015.84,245.9562794442,21248174.12,78.2534590088,-40474570.46,-149.0610497872,46386880.48,170.8350952739,2016-03-16
3624,300080,易成新能,144835115.07,1015.9069758856,205119681.43,141.6228939583,-45813025.39,-31.6311588995,-14617450.03,-10.0924765537,2016-03-16
3625,300072,海新能科,438865234.59,1579.8112739502,318638816.51,72.6051624499,-589501691.28,-134.3240805644,709728109.36,161.7189181146,2016-03-16
3626,002707,众信旅游,142240418.17,266.990506998,69455632.4,48.8297442412,-111245977.61,-78.2098218223,183736236.72,129.1730150149,2016-03-16
3627,002653,海思科,119617319.59,195.9349967132,502568128.63,420.1466228742,-273573762.43,-228.7074843072,-109327846.6,-91.3980073912,2016-03-16
3628,002649,博彦科技,-77854178.43,-121.7682063397,234167538.57,300.7770980212,-299817585.49,-385.1014698711,-4416947.56,-5.6733596694,2016-03-16
3629,002374,中锐股份,-24907919.69,82.5143631461,97991911.89,393.4166847717,-323237529.66,-1297.7299336234,199816114.94,802.2192034778,2016-03-16
3630,002252,上海莱士,1120920881.0,3567.3190644518,465961164.58,41.5694963381,289877655.56,25.8606704963,365166697.59,32.5773838082,2016-03-16
3631,002166,莱茵生物,31565573.63,1377.5467816765,90992863.17,288.2661479135,-27152832.85,-86.0204004789,-32434163.36,-102.7516994945,2016-03-16
3632,002141,贤丰控股,2298307.83,120.0956568193,93904700.14,4085.8190932587,-10806990.61,-470.2151064768,-80867105.48,-3518.5497966998,2016-03-16
3633,002117,东港股份,-224411219.78,-199.8387453711,307620030.67,137.0787213632,-469168382.46,-209.0663661647,-62861716.71,-28.011842176,2016-03-16
3634,603798,康普顿,43560652.03,357.9122587518,113678923.17,260.9669917055,-38095874.03,-87.4547837433,-32022397.11,-73.5122079622,2016-03-15
3635,603026,石大胜华,-1119189.9,94.0517756003,417638960.5,37316.1838308226,-171272507.89,-15303.2571049828,-247485642.51,-22112.9267258398,2016-03-15
3636,601799,星宇股份,-260568048.21,48.5807472602,385926433.59,148.1096535977,-369423949.7,-141.7763813475,-274448840.89,-105.3271277025,2016-03-15
3637,601137,博威合金,25708806.19,112.5404763382,63052361.56,245.255890507,-222515535.25,-865.5226291159,187385721.24,728.8775676907,2016-03-15
3638,600828,茂业商业,13036205.19,129.2048476832,196272234.09,1505.5933166851,10465554.96,80.2806860391,-193701583.86,-1485.8740027243,2016-03-15
3639,600577,精达股份,-31526256.33,-132.1824201643,982683636.46,3117.0324385293,-721707683.76,-2289.2273545122,-291502575.26,-924.6342864459,2016-03-15
3640,600486,扬农化工,149587460.9,143.4093563172,553547468.38,370.0493778353,-348770764.8,-233.155080447,-64440323.74,-43.0786934629,2016-03-15
3641,600433,冠豪高新,-144851171.59,-275.6686659048,135328345.71,93.4257860841,-342691904.63,-236.5820730812,62512387.33,43.1562869971,2016-03-15
3642,600273,嘉化能源,494291348.77,1885.6154644406,333783451.39,67.5276741583,-47735395.51,-9.6573398723,214124011.61,43.3193929335,2016-03-15
3643,600206,有研新材,207493959.64,13.146178634,-82038051.37,-39.5375612439,154465070.46,74.4431648651,136301541.98,65.6894023404,2016-03-15
3644,600120,浙江东方,-357565651.49,-289.8151644467,-65397773.51,-18.2897247645,612908993.49,171.4115969853,-905297497.49,-253.1835744618,2016-03-15
3645,600096,云天化,-687899349.14,22.4444997599,-402832293.91,-58.5597725036,-1568097764.65,-227.954535298,1282892629.5,186.4942351092,2016-03-15
3646,300421,力星股份,1089187.97,124.2300106639,71069526.64,6525.0010647841,-101514644.33,-9320.2135100703,34805815.79,3195.5747537314,2016-03-15
3647,300408,三环集团,1069042794.54,2915.6004687559,705567896.68,65.999967474,-769626132.87,-71.9920789702,1133083965.39,105.9905151765,2016-03-15
3648,300383,光环新网,199942448.4,1438.3286070778,149158802.05,74.6008680216,-230150278.03,-115.1082623384,280933924.38,140.5073943168,2016-03-15
3649,300375,鹏翎股份,193229171.61,1243.9687133783,100675943.31,52.101834558,-138999680.78,-71.9351429299,231814724.5,119.9688031411,2016-03-15
3650,300244,迪安诊断,35472413.42,730.9662315387,117949327.69,332.5100164273,-128723800.12,-362.8842464027,46246885.85,130.3742299754,2016-03-15
3651,300172,中电环保,12297288.86,-66.0394715797,75237339.76,611.820545297,-49320050.9,-401.0644253501,-13620000.0,-110.7561199469,2016-03-15
3652,300087,荃银高科,3356231.48,112.195748193,97235184.36,2897.1536957278,-66303710.68,-1975.5404558687,-27606418.14,-822.5421370519,2016-03-15
3653,300073,当升科技,4451485.3,102.1899340833,-199399.44,-4.4793911821,-12276937.37,-275.7941797539,16718940.3,375.581163887,2016-03-15
3654,300068,南都电源,-15141904.93,91.6688249073,40224229.11,265.6484061679,-292374949.43,-1930.8993867128,237281455.9,1567.0515499664,2016-03-15
3655,002436,兴森科技,37768821.56,361.8403244887,157718880.62,417.5901553334,-225822862.78,-597.9081513604,103523851.56,274.0987070395,2016-03-15
3656,002356,赫美集团,-35661324.02,82.5269683701,-95412583.44,-267.5519938253,27447914.65,76.9682994232,32301189.41,90.5776504313,2016-03-15
3657,002330,得利斯,-31766984.33,22.213851058,44217728.28,139.1939751682,-159123543.64,-500.9085596133,83153392.5,261.760422822,2016-03-15
3658,002329,皇氏集团,75112560.18,172.5766242454,120597163.28,160.5552559931,-316485474.79,-421.3482725546,271000871.69,360.7930165615,2016-03-15
3659,002284,亚太股份,9203745.25,117.8303717342,230043676.44,2499.4572338907,-1302539439.53,-14152.2761022748,1081784744.89,11753.744975612,2016-03-15
3660,002230,科大讯飞,-687681330.8,-156.110314855,420075250.4,61.0857430012,-1118095024.62,-162.5891200681,10340944.36,1.503740744,2016-03-15
3661,002196,方正电机,-17529159.71,-109.3935601038,69915518.17,398.8526508211,-94356853.77,-538.2850937012,8286598.17,47.2732196357,2016-03-15
3662,002180,纳思达,508535101.75,527.797897638,338902154.75,66.6428243761,260435593.42,51.212903991,-87296413.16,-17.1662512302,2016-03-15
3663,002169,智光电气,-64348210.95,29.1462057719,53684488.8,83.4280984777,-298375972.2,-463.6896159115,180343272.45,280.2615174338,2016-03-15
3664,002091,江苏国泰,15185847.94,240.4360599619,62837696.48,413.7911608774,-211447365.17,-1392.397487486,160444674.49,1056.5407682464,2016-03-15
3665,002033,丽江股份,750703499.99,887.4804418233,303883679.18,40.4798537884,-62890812.26,-8.3775834615,509710633.07,67.8977296731,2016-03-15
3666,002020,京新药业,89470383.17,241.6478646885,210488270.06,235.2602756379,-492513766.01,-550.4768712952,371358580.5,415.0631385968,2016-03-15
3667,000973,佛塑科技,-36577013.17,38.908953179,162411298.14,444.025588927,-77158643.44,-210.9484530117,-122194775.01,-334.0753233242,2016-03-15
3668,000936,华西股份,-109747299.56,-479.7679936538,-183186755.77,-166.9168685739,25317757.98,23.0691398162,48974126.45,44.6244478419,2016-03-15
3669,000519,中兵红箭,-806368359.65,-173.6094432799,-198651891.91,-24.6353778063,-210119672.35,-26.0575293953,-397596795.39,-49.3070927985,2016-03-15
3670,000049,德赛电池,28773896.96,-14.8362421142,148800077.64,517.1356450148,-578494096.85,-2010.482270282,458808771.9,1594.5312257767,2016-03-15
3671,603030,全筑股份,81953173.56,260.6981471658,-58008660.33,-70.7826894434,-59380740.78,-72.456914358,199342574.62,243.2396037404,2016-03-14
3672,600958,东方证券,14601799721.83,1142.4562277314,4988121472.1,34.1610045825,-654314331.62,-4.4810526379,10263398298.0,70.2885842398,2016-03-14
3673,300474,景嘉微,14200341.76,-55.3174052951,34234054.23,241.0790867473,-6866013.0,-48.3510405316,-13167699.47,-92.7280462157,2016-03-14
3674,000813,德展健康,97105258.23,253.8733172374,136465461.46,140.5335446787,-80926393.62,-83.3388377675,41580428.0,42.819955127,2016-03-14
3675,000002,万科A,18649170493.77,329.7806637208,41724819113.36,223.7355228604,-3487370938.83,-18.6998716109,-19617251505.23,-105.1910137868,2016-03-14
3676,600986,浙文互联,-291672492.09,-3415.1617800754,6279724.92,2.1530055423,1114390.6,0.3820691461,-299113725.17,-102.5512289578,2016-03-12
3677,600826,兰生股份,-83324660.21,-314.7528902486,-17195365.65,-20.6365865839,-86369870.15,-103.6546322929,18167885.6,21.8037319975,2016-03-12
3678,600502,安徽建工,59162796.54,-34.7175909892,-943213787.31,-1594.2684296073,-205861785.11,-347.9581716034,1208238368.96,2042.2266012106,2016-03-12
3679,600382,广东明珠,285197577.27,403.4594611478,-395326300.59,-138.6148873964,889513859.27,311.8939044941,-208989981.41,-73.2790170977,2016-03-12
3680,600356,恒丰纸业,79596581.57,187.6256429366,276497990.28,347.3742022914,-91467571.84,-114.9139448402,-105383243.46,-132.3966951612,2016-03-12
3681,600323,瀚蓝环境,119143037.9,285.0922370944,829204495.73,695.9739405218,-1066706111.62,-895.315521932,356644653.79,299.3415814102,2016-03-12
3682,600169,ST太重,-141552183.38,-2735.8313562529,-1442215853.86,-1018.8580772282,-985650953.64,-696.3163196106,2283835595.84,1613.4230792534,2016-03-12
3683,600118,中国卫星,-247876903.93,-121.1765301883,232788713.08,93.9130307783,-456351328.32,-184.1040133569,-24314370.75,-9.8090505265,2016-03-12
3684,600099,林海股份,-31365654.81,11.7070941248,-22643758.0,-72.1928432139,2234103.19,7.1227691675,-10956000.0,-34.9299259536,2016-03-12
3685,600009,上海机场,2284161195.19,21.495502934,2980926188.09,130.5041953417,105376259.38,4.6133460109,-802142990.17,-35.1176174369,2016-03-12
3686,300360,炬华科技,-2408755.62,-103.1837835278,175798222.62,7298.3004652004,-380027182.47,-15776.909011218,201919098.07,8382.7141447417,2016-03-12
3687,300322,硕贝德,-125889713.61,-95.5018555105,11360979.96,9.0245498494,-174339677.43,-138.486038637,37634437.17,29.894767484,2016-03-12
3688,002555,三七互娱,304115310.09,3691.3111481669,91586947.76,30.1158622145,-238515899.92,-78.4294285774,450880503.93,148.2597189193,2016-03-12
3689,002003,伟星股份,28604543.29,110.7757009654,331787475.78,1159.9118098697,-120636276.71,-421.7381675595,-182536362.45,-638.1376573623,2016-03-12
3690,000833,粤桂股份,119018985.29,185.0894580863,113388616.0,95.2693519641,-83960573.16,-70.5438489124,89600415.28,75.2824560398,2016-03-12
3691,000679,大连友谊,813014935.15,274.0475578648,375797107.27,46.2226572997,-139980044.65,-17.2174013783,577193414.5,70.9941957454,2016-03-12
3692,000595,*ST宝实,-72575690.42,-202.8591268389,-40739450.69,-56.1337418277,-38667552.25,-53.2789313146,6832198.29,9.4138936198,2016-03-12
3693,000576,甘化科工,-136738454.94,-234.4438049946,-36186149.55,-26.4637695123,-70341850.99,-51.4426252811,-30166310.95,-22.0613220789,2016-03-12
3694,603028,赛福天,3343739.19,168.5700160326,47252444.75,1413.161794775,-64516264.03,-1929.4646012747,20568435.54,615.1327711657,2016-03-11
3695,601360,三六零,-51953231.6,79.8783440032,276660615.29,532.5185879101,-209331855.07,-402.923646178,-117414625.34,-226.0006196419,2016-03-11
3696,600666,奥瑞德,66312280.47,176.7022370383,147434974.29,222.3343447775,-351643655.9,-530.2843657429,270833831.76,408.4218335434,2016-03-11
3697,600602,云赛智联,449471363.43,1078.6026006668,-40762440.84,-9.0689739451,602557590.25,134.059172458,-112550027.21,-25.0405334727,2016-03-11
3698,600593,大连圣亚,-56940214.42,-247.0206508846,101996290.31,179.1287429261,-51533329.45,-90.5042771175,-107403175.28,-188.6244658086,2016-03-11
3699,600298,安琪酵母,71653659.87,125.5902921906,699291850.43,975.9331926641,-400351922.34,-558.7319936851,-211334059.37,-294.9382624048,2016-03-11
3700,600062,华润双鹤,-53598655.53,-110.0374082719,928907795.35,1733.0804031644,-379623547.01,-708.2706520456,-602884088.22,-1124.8119607824,2016-03-11
3701,300457,赢合科技,13728649.01,232.820721449,30654635.58,223.2895280349,-112977547.49,-822.9327401968,96051560.92,699.6432121619,2016-03-11
3702,300430,诚益通,28602406.31,1257.0517181138,24424957.34,85.3947639065,-14991518.8,-52.4134880035,19169385.45,67.0201843937,2016-03-11
3703,300245,天玑科技,55318991.69,7.7981156283,53950374.82,97.5259547794,-295597.24,-0.5343503758,1660608.95,3.0018785579,2016-03-11
3704,300111,向日葵,-223209404.43,-13604.0245391165,113603588.68,50.8955207197,-173087923.99,-77.5450857154,-156320643.06,-70.0331795872,2016-03-11
3705,002695,煌上煌,115144420.38,176.5381926296,122301245.75,106.215520775,-4988703.0,-4.3325616504,-2168122.37,-1.8829591246,2016-03-11
3706,000928,中钢国际,-67125093.96,-4189.3230696616,538703870.93,802.5372318302,-620402395.05,-924.2480843598,18058569.84,26.9028596828,2016-03-11
3707,000848,承德露露,150706353.57,-8.2048836126,329551220.3,218.6710861841,-29633295.53,-19.6629371145,-149211571.2,-99.0081490696,2016-03-11
3708,000815,美利云,14851180.72,121.5344719425,-61233069.17,-412.3111173749,7134086.71,48.0371685222,68950163.18,464.2739488527,2016-03-11
3709,000661,长春高新,51857158.95,-68.9993393923,279752231.51,539.4669456916,-109844171.98,-211.8206515824,-118146685.71,-227.831003669,2016-03-11
3710,603409,汇通控股,7937654.55,7609.8513612931,9668906.26,121.8106204937,-12088897.64,-152.2981072539,10357645.93,130.4874867602,2016-03-10
3711,603288,海天味业,1671360520.35,1935.5946479123,2739330825.61,163.8982608633,-2605328797.72,-155.8807190907,1537358006.46,91.9824291493,2016-03-10
3712,600864,哈投股份,218616950.35,544.364281406,227795553.88,104.1984866751,171761627.44,78.5673879198,-180538967.27,-82.5823281228,2016-03-10
3713,600641,先导基电,-271432126.06,-159.7567185754,639650199.47,235.6575136315,654700036.94,241.2021179819,-1565428387.61,-576.7292215307,2016-03-10
3714,600163,中闽能源,-4128417.38,98.8715585438,300296404.72,7273.8867483404,-34828575.62,-843.6301956465,-267171118.73,-6471.5142423415,2016-03-10
3715,301290,东星医疗,1646509.96,159.9945810992,4922068.98,298.9395205359,-5428.0,-0.3296670006,-3270131.02,-198.6098535353,2016-03-10
3716,300895,铜牛信息,12879946.36,8299.8402980234,15572055.84,120.9015581646,-4417109.48,-34.2944710835,1725000.0,13.3929129189,2016-03-10
3717,300414,中光防雷,84838716.45,138.0025354706,104664006.76,123.3682110475,-7534215.31,-8.8806333067,-12291075.0,-14.4875777408,2016-03-10
3718,300316,晶盛机电,-254634560.45,-257.352221575,133766322.16,52.5326656066,-391730882.61,-153.8404221005,3330000.0,1.3077564939,2016-03-10
3719,300314,戴维医疗,16897700.94,181.8341588867,67787056.32,401.1614157494,-38122875.44,-225.6098363639,-12800000.0,-75.7499499219,2016-03-10
3720,300238,冠昊生物,-8891917.26,-774.5309008121,65448671.67,736.0467912181,-65746670.59,-739.3981372922,-8589985.86,-96.6044285932,2016-03-10
3721,300105,龙源技术,-210102564.98,-2142.4007125043,-137975161.38,-65.670384078,-29134539.92,-13.8668178196,-43031446.95,-20.4811621191,2016-03-10
3722,300024,机器人,136786379.86,863.0859800637,92016578.36,67.2702782647,-192860419.66,-140.9938766253,237632636.07,173.7253638215,2016-03-10
3723,002658,雪迪龙,173093773.11,10108.4043225319,51866300.27,29.9642785168,145838202.09,84.2538697203,-24610729.25,-14.2181482371,2016-03-10
3724,002564,天沃科技,-19617015.48,-121.9338331055,-219507900.51,-1118.9668516793,-409152516.17,-2085.7021629368,609475696.23,3106.8726884137,2016-03-10
3725,002541,鸿路钢构,-103586328.81,25.5188822146,41280515.48,39.8513162444,-216088124.11,-208.6067983994,71502630.6,69.027092109,2016-03-10
3726,002538,司尔特,-82743011.69,-405.0734193205,31840265.83,38.4809123812,-228092400.61,-275.6636433111,113509123.09,137.1827309299,2016-03-10
3727,002537,海联金汇,23146651.0,-54.6465919775,354520592.43,1531.6280200967,-32226863.59,-139.2290555986,-299162806.55,-1292.4669169203,2016-03-10
3728,002485,ST雪发,-97718075.53,-316.4073804128,30460856.97,31.1721826333,-120918066.13,-123.7417596224,-8056989.89,-8.2451377049,2016-03-10
3729,002448,中原内配,30150320.62,131.4845114377,169238421.28,561.3154944951,-95950131.23,-318.2391737697,-42606346.55,-141.3130795091,2016-03-10
3730,002419,天虹股份,-1082556264.33,5.1599080538,748131305.97,69.107845072,-1578870266.58,-145.8464856381,-251817303.72,-23.2613594339,2016-03-10
3731,002354,天娱数科,85280586.49,446.5518826181,130247553.36,152.7282570638,-17594341.29,-20.6311213538,-27441428.71,-32.1778142476,2016-03-10
3732,002256,兆新股份,-120228788.34,-179.4116390296,-23565753.38,-19.60075761,-166175959.79,-138.216447229,69512924.83,57.817204839,2016-03-10
3733,002247,聚力文化,-95488671.42,-266.8818493844,77257083.0,80.9070666197,-185632780.74,-194.4029359499,12887026.32,13.4958693302,2016-03-10
3734,002235,安妮股份,-25626148.81,-309.2521665284,46194316.02,180.262420087,-392589.77,-1.5319889575,-71003135.61,-277.0729856306,2016-03-10
3735,002172,澳洋健康,-43376618.15,-522.1591260621,589230620.42,1358.4060850073,-272415490.55,-628.0238113722,-360191748.02,-830.3822736351,2016-03-10
3736,002125,湘潭电化,2401099.66,111.4414350596,167044209.48,6956.9877611827,-112821413.01,-4698.7392855655,-51821696.81,-2158.2484756172,2016-03-10
3737,000999,华润三九,-49373846.08,-82.2722718257,1184427722.11,2398.8970196709,-919611033.62,-1862.5468879414,-313941865.98,-635.8464873717,2016-03-10
3738,000757,浩物股份,212677805.6,309.6007841556,20070260.65,9.4369323557,-183918382.96,-86.4774687895,376525927.91,177.0405364339,2016-03-10
3739,000677,恒天海龙,-105386116.27,-141.1757849285,43455632.78,41.2346847175,-76231217.38,-72.3351614787,-71042002.07,-67.4111586843,2016-03-10
3740,000514,渝开发,123239672.31,98.6584548716,-204065653.96,-165.5843853972,3889250.0,3.155842536,323416076.27,262.4285428612,2016-03-10
3741,000423,东阿阿胶,635976583.84,182.1934399359,657105721.16,103.322313723,401235438.04,63.0896558514,-422018323.78,-66.3575254975,2016-03-10
3742,000026,飞亚达,7216959.8,122.0312148569,289189630.97,4007.0838550327,-187249034.66,-2594.5694565182,-94503209.83,-1309.4601113061,2016-03-10
3743,000001,平安银行,2352000000.0,-73.9736638265,25321000000.0,1076.5731292517,-54483000000.0,-2316.4540816327,31189000000.0,1326.0629251701,2016-03-10
3744,300898,熊猫乳品,11177030.94,1097.6027930801,47347794.33,423.6169210246,3141777.14,28.1092282634,-39313940.67,-351.7386762284,2016-03-09
3745,002557,洽洽食品,58032968.51,121.0907122517,157325513.11,271.0967871356,-112614838.59,-194.0532105825,13212206.69,22.7667255859,2016-03-09
3746,002515,金字火腿,-11643478.35,94.3832538592,19767943.18,169.776956557,173172197.47,1487.2892125917,-204581574.77,-1757.0486122817,2016-03-09
3747,002298,中电鑫龙,-143739748.88,-118.6827013879,22122069.48,15.3903632449,-153294636.98,-106.6473527152,-12568521.15,-8.7439426101,2016-03-09
3748,002114,罗平锌电,-92602031.07,-184.4407330213,59613094.81,64.3755802342,-41401048.02,-44.7085744682,-110814077.86,-119.667005766,2016-03-09
3749,603939,益丰药房,11856361.36,-72.1674834741,212345071.15,1790.9800882621,-95694709.79,-807.1170141022,-104794000.0,-883.8630741599,2016-03-08
3750,603861,白云电器,-23072704.35,-161.1882060135,103142139.16,447.0309920995,-64851694.31,-281.0753924908,-61363149.2,-265.9555996088,2016-03-08
3751,603085,天成自控,-96867.35,99.1813828229,35639345.38,36791.9070564024,-21131637.94,-21815.0263633722,-14599580.75,-15071.7251478439,2016-03-08
3752,600982,宁波能源,469711687.99,411.1675812519,19806933.68,4.2168279365,-613066130.25,-130.5196668351,1061692732.21,226.0307246671,2016-03-08
3753,600927,永安期货,3975179178.69,63.7565814219,3951409544.41,99.4020487326,-6632394.13,-0.1668451617,30263654.36,0.7613154779,2016-03-08
3754,600736,苏州高新,-146349183.09,-794.2634885093,282801698.55,193.2376338419,13756163.68,9.3995493446,-442906729.57,-302.6369674354,2016-03-08
3755,600309,万华化学,5707724.35,101.4876089023,4020514862.83,70439.8919129653,-9025830462.02,-158133.608221988,5001211226.87,87621.8072246254,2016-03-08
3756,600233,圆通速递,-18383535.05,66.6771815531,58087800.9,315.9773174311,-61714007.74,-335.7026141716,-15678621.82,-85.2862182238,2016-03-08
3757,600141,兴发集团,189447466.11,117.6032282748,664964861.0,351.0022459809,-823944139.11,-434.9195880148,348694208.58,184.0585233151,2016-03-08
3758,301192,泰祥股份,7045447.6,271.211912812,13010718.98,184.6684514409,-14137507.42,-200.6615934522,8185050.0,116.1750177519,2016-03-08
3759,300335,迪森股份,-130331640.81,-416.8900683657,-915132.71,-0.7021569776,-110307838.64,-84.6362694081,-19119249.51,-14.6696914051,2016-03-08
3760,002539,云图控股,-70580663.78,71.1870629053,251206536.44,355.9141030793,-1078376911.96,-1527.8645087857,757159376.97,1072.7575180223,2016-03-08
3761,002530,金财互联,15549843.09,149.3413901738,33662027.14,216.4782431898,-62712975.11,-403.3029449045,44684158.05,287.3608292468,2016-03-08
3762,002233,塔牌集团,38281341.64,205.6686027317,1152205535.87,3009.8358273475,-477050978.29,-1246.1710009441,-636873215.94,-1663.6648264034,2016-03-08
3763,002090,金智科技,-9126514.09,-106.3889132556,19637071.41,215.1650807346,25885375.42,283.6282852876,-54055525.08,-592.2910384725,2016-03-08
3764,002021,中捷资源,563868673.31,1592.3567141674,336700835.37,59.7126336871,115472610.46,20.4786355273,111811576.72,19.829364888,2016-03-08
3765,600136,ST明诚,-15757266.74,-61.320660802,5372993.01,34.0985089524,-7518755.59,-47.7161154537,-13611504.16,-86.3823934988,2016-03-07
3766,601717,中创智领,-288119829.1,84.1899861716,186933475.32,64.8804616829,-229412160.33,-79.6238707508,-244635893.85,-84.9076908778,2016-03-05
3767,601198,东兴证券,8627143179.51,558.1540284142,9281567370.66,107.5856419389,-1876151395.68,-21.7470761368,1221693728.77,14.1610461696,2016-03-05
3768,601099,太平洋,3056630316.88,761.4239640867,-1213619425.52,-39.7044882666,-148686040.44,-4.8643775997,4418870238.44,144.5667215311,2016-03-05
3769,600721,百花医药,11950885.94,112.6069885958,202160848.73,1691.5971731716,-84962758.39,-710.9327192692,-105247204.4,-880.6644539024,2016-03-05
3770,600635,大众公用,570629338.39,307.6384873401,683140562.5,119.7170416136,-152629259.82,-26.747531112,40830490.49,7.1553437132,2016-03-05
3771,600611,大众交通,98316445.1,167.9141963361,639990365.61,650.9494570914,-263802632.01,-268.3199456019,-274174177.14,-278.8690913927,2016-03-05
3772,600571,信雅达,95504939.73,311.3301527368,248425424.53,260.1178800095,-164781697.41,-172.5373555293,12077716.02,12.6461689355,2016-03-05
3773,600530,交大昂立,37884824.61,230.1094199221,-28676859.71,-75.6948461692,76761404.78,202.6178174776,-10204726.88,-26.9361861512,2016-03-05
3774,600455,博通股份,-18314613.47,80.4433716111,41698869.25,227.6808588852,-52636211.56,-287.4000679633,-7377271.16,-40.2807909219,2016-03-05
3775,600408,安泰集团,-436696297.99,-211.8038413957,-754889758.87,-172.8637871089,-2744796.1,-0.6285366083,321563130.64,73.6354148455,2016-03-05
3776,600369,西南证券,7403878875.98,6310.5068130071,5575305755.34,75.3024981733,-2997158144.89,-40.4809181119,4828833399.75,65.2203187091,2016-03-05
3777,600284,浦东建设,-603132336.1,-141.3849867845,248208380.51,41.1532205544,843886888.98,139.9173677931,-1695227605.59,-281.0705883475,2016-03-05
3778,600079,ST人福,169247739.39,-32.1550831832,502704784.08,297.0230420163,-1056079842.44,-623.9846075619,722605413.35,426.9512939756,2016-03-05
3779,300163,先锋新材,77452819.65,316.9762400746,82220785.74,106.1559619282,-152466464.02,-196.8507598677,150075495.63,193.7637600647,2016-03-05
3780,300148,天舟文化,195683103.28,191.3426097838,174729130.98,89.2918847112,-196863020.22,-100.6029733381,217816992.52,111.311088627,2016-03-05
3781,002683,广东宏大,42220082.99,143.0178191554,83037692.97,196.6781850942,-298622377.0,-707.2993605217,257804767.02,610.6211754275,2016-03-05
3782,002434,万里扬,64230962.66,119.976200987,208691945.42,324.9086371703,-171852103.57,-267.553367493,27391120.81,42.6447303227,2016-03-05
3783,000812,陕西金叶,173453309.05,239.2884824667,103745034.62,59.8115050028,-6435501.73,-3.7102213646,76143776.16,43.8987163618,2016-03-05
3784,000796,凯撒旅业,97714965.08,-52.3534206773,156773245.66,160.4393406186,25213469.04,25.8030783917,-83621863.53,-85.5773355305,2016-03-05
3785,000598,兴蓉环境,656572125.29,138.6392349277,1171604758.61,178.4426589984,-1224587683.34,-186.5122864909,710260846.08,108.1771246025,2016-03-05
3786,688579,地纬智能,55942526.33,853.9388968989,126710031.98,226.5003751038,-60559172.65,-108.2524809351,-10208333.0,-18.2478941687,2016-03-04
3787,603889,新澳股份,376704963.72,375.4473421468,113443042.17,30.1145599595,-96939006.0,-25.7334028845,360585833.63,95.7210199911,2016-03-04
3788,600715,文投控股,5935873.63,195.3306478608,14704444.76,247.72166115,-18942.25,-0.3191147787,-8749635.66,-147.402660592,2016-03-04
3789,301062,上海艾录,23209250.19,6664.1077996384,36298595.28,156.3971045288,-6087280.53,-26.2278207188,-7004737.04,-30.1807985293,2016-03-04
3790,300283,温州宏丰,36844848.95,141.6665763718,44169439.44,119.87955087,-54316853.02,-147.4204795729,46987891.78,127.529066122,2016-03-04
3791,000822,山东海化,-48615696.36,-125.4611949602,962892552.37,1980.6207140175,67356827.06,138.5495469636,-1078865135.64,-2219.1703840895,2016-03-04
3792,600763,通策医疗,45688634.91,-56.7821472521,128783327.9,281.8716911847,-88826925.85,-194.4179904367,5700000.0,12.475750285,2016-03-03
3793,300485,赛升药业,157048522.16,4.8655497184,214225147.96,136.4069811123,-7046625.8,-4.4869099709,-50130000.0,-31.9200711414,2016-03-03
3794,300441,鲍斯股份,18104533.48,204.8455277515,43897313.54,242.4658640804,-35271740.98,-194.822700176,9340653.33,51.5928971068,2016-03-03
3795,300432,富临精工,43124498.04,3816.0509887851,113114811.12,262.2982672519,-61189153.58,-141.8895439044,-10102922.3,-23.427338889,2016-03-03
3796,300009,安科生物,-48973497.29,-473.9675717763,108684214.78,221.9245526543,-152683486.94,-311.7675791783,-4962493.93,-10.1330192953,2016-03-03
3797,000608,*ST阳光,-398194000.0,-173.5893166366,-164531000.0,-41.3193066696,-1883271000.0,-472.9531333973,1649613000.0,414.2736957362,2016-03-03
3798,600967,内蒙一机,-342814241.48,-365.4688206344,-170062658.93,-49.6078162318,-104485401.53,-30.4787225522,-68266181.02,-19.913461216,2016-03-02
3799,600644,乐山电力,754861798.37,6262.8166090097,43940043.75,5.8209388586,-375585528.93,-49.7555353498,1086507283.55,143.9345964912,2016-03-02
3800,300203,聚光科技,-50356880.87,59.6962970923,143241246.15,284.4521814601,-204933867.54,-406.9629889688,14507693.69,28.8097543759,2016-03-02
3801,300077,国民技术,-163561349.22,-22.9694736793,-33977519.67,-20.7735628448,-125433966.36,-76.6892465477,-4091751.26,-2.5016614741,2016-03-02
3802,002468,申通快递,50816838.64,126.982745107,35002247.75,68.8792311501,-33294858.86,-65.5193430978,49596271.46,97.5981048553,2016-03-02
3803,001914,招商积余,-505319142.82,-228.8788720132,-2675234234.7,-529.4147812748,252343764.72,49.9375035174,1917571327.16,379.4772777573,2016-03-02
3804,000430,ST张家界,-10291701.38,-157.3467332102,109346043.1,1062.4680901886,-116616873.25,-1133.1155942459,-3020871.24,-29.3524960399,2016-03-02
3805,603618,杭电股份,-159410884.32,-3269.1700994116,36756044.25,23.0574244706,-108851109.39,-68.2833608598,-87371604.96,-54.8090585738,2016-03-01
3806,603105,芯能科技,5208865.5,691.0892197786,56159662.73,1078.1553628136,-46476284.18,-892.2534893635,-4566548.5,-87.6687735554,2016-03-01
3807,600999,招商证券,36728527674.59,1220.8106182138,19608939658.68,53.3888530257,-291209126.11,-0.7928690436,17395618784.83,47.3626902199,2016-03-01
3808,600988,赤峰黄金,106947289.28,397.321529228,73123123.66,68.3730500813,-76660397.64,-71.6805429629,110484563.26,103.3074928816,2016-03-01
3809,600987,航民股份,308847648.43,102.8428757803,706665097.01,228.8070188011,-182141470.96,-58.9745370852,-215706888.08,-69.8424900356,2016-03-01
3810,600873,梅花生物,2442165.3,110.5925706168,406577731.91,16648.2478442389,-895369934.05,-36662.9537341309,474307614.81,19421.6015930617,2016-03-01
3811,600731,湖南海利,-200482848.02,-188.7383828931,74846352.8,37.3330454646,-197163858.05,-98.3445017852,-77826514.09,-38.8195373612,2016-03-01
3812,600696,*ST岩石,-3252126.97,46.3575476972,-131104304.86,-4031.3402911203,196417089.01,6039.6500758394,-68564911.12,-2108.3097847191,2016-03-01
3813,600217,中再资环,-94547133.72,-503.8700164356,179039464.0,189.3653006237,-107376109.21,-113.5688677015,-166210488.51,-175.7964329223,2016-03-01
3814,600159,大龙地产,-161849099.7,-148.5363087359,293004777.11,181.0357781743,-34660492.66,-21.4153138474,-420193384.15,-259.6204643269,2016-03-01
3815,300204,舒泰神,83313065.67,615.252920614,206852594.48,248.2834988924,-99620257.19,-119.5733903066,-24012000.0,-28.8214097115,2016-03-01
3816,300122,智飞生物,-189385529.28,-223.6217078073,161388660.59,85.2169968865,-336907663.06,-177.8951456011,-13866526.81,-7.3218512854,2016-03-01
3817,002494,华斯股份,175296911.69,183.8301586352,-274339606.27,-156.499965473,-177185303.58,-101.0772533707,623422790.52,355.6382052084,2016-03-01
3818,002296,辉煌科技,-35438075.93,-105.8425335138,44952835.9,126.8489745007,-218757212.27,-617.2942704398,138366300.44,390.4452959391,2016-03-01
3819,002108,沧州明珠,199533729.53,457.4960630449,221735418.64,111.1267850114,-140376248.84,-70.352140047,118058281.09,59.1670798557,2016-03-01
3820,000952,广济药业,87542397.92,388.2216137695,-74693712.75,-85.3229001315,-79014688.9,-90.2587669259,241235706.32,275.564425983,2016-03-01
3821,000912,泸天化,-475634231.35,-304.1007551397,90316609.69,18.9886689681,-590277866.75,-124.1033188622,24308172.68,5.1106861277,2016-03-01
3822,000850,华茂股份,-46240902.29,6.8630058366,-9776480.47,-21.1424950333,539283181.18,1166.2470982895,-576531083.9,-1246.7989493031,2016-03-01
3823,000676,智度股份,-86400835.21,-226.0899112921,69812435.47,80.8006488598,-7021724.89,-8.1269178393,-150048021.24,-173.6650124681,2016-03-01
3824,000626,远大控股,415525054.49,-19.7976908046,-181384430.0,-43.6518635976,396778937.44,95.488571183,201592988.31,48.5152426145,2016-03-01
3825,000567,海德股份,-34650877.89,-2124.7021191308,-34765367.81,-100.3304098683,114489.92,0.3304098683,0.0,0.0,2016-03-01
3826,000517,荣安地产,-36148277.13,-464.5984214322,-639843823.97,-1770.0534431252,97554144.56,269.8721828683,506141402.28,1400.1812602569,2016-03-01
3827,603919,金徽酒,-739222.56,99.1536762189,230856622.69,31229.650606172,-372605998.74,-50405.1173357047,141010153.49,19075.4667295327,2016-02-29
3828,603678,火炬电子,-3575754.41,80.7573774323,51281422.58,1434.1427486347,-49522515.13,-1384.9529204664,-5232174.82,-146.3236626477,2016-02-29
3829,600379,宝光股份,-16198389.44,-96.5734055074,32065582.79,197.9553764204,-5603957.9,-34.5957721338,-42481698.43,-262.2587794136,2016-02-29
3830,600187,国中水务,-122211267.16,-191.5125984896,105400937.0,86.2448606003,-286537249.43,-234.4605829632,58563967.63,47.9202687207,2016-02-29
3831,600071,凤凰光学,-75355216.98,21.4764466651,-48333836.3,-64.1413272194,-38756575.78,-51.4318415277,11613299.99,15.4114080689,2016-02-29
3832,301171,易点天下,448059.27,121.0545505987,1549352.5,345.7918636523,-60257.51,-13.4485578214,-1041035.72,-232.3433058309,2016-02-29
3833,301148,嘉戎技术,-5315700.5,-532.5864219931,9355508.42,175.9976586341,-14671259.02,-275.9986011251,,,2016-02-29
3834,300191,潜能恒信,161630302.8,1244.3132589123,132272198.91,81.8362625192,38101977.84,23.5735361377,-9100000.0,-5.6301323714,2016-02-29
3835,300144,宋城演艺,115366496.57,122.2307341761,528002593.37,457.6741160287,-345026515.02,-299.0699425553,-67609581.78,-58.6041734733,2016-02-29
3836,300014,亿纬锂能,-118380497.42,-205.8406864886,39129030.18,33.0536118979,-178215168.82,-150.5443655873,19932303.44,16.8374891763,2016-02-29
3837,002745,木林森,-69616823.78,-150.8060775896,815132965.99,1170.8850271106,-420601853.85,-604.1669685753,-463487600.03,-665.7695293521,2016-02-29
3838,002730,电光科技,229551482.15,1217.0836476898,51108725.03,22.2646024985,-70203284.54,-30.5828060366,248646041.66,108.3182035381,2016-02-29
3839,002727,一心堂,531938178.12,295.8632082799,176218848.64,33.127693384,-164748737.18,-30.9714068207,520468066.66,97.8437134367,2016-02-29
3840,002655,共达电声,-9271335.65,89.5523209493,67837153.6,731.6869560213,-42939315.52,-463.1405564526,-35020103.13,-377.7244665929,2016-02-29
3841,002652,扬子新材,97619463.63,209.6919467749,134821918.31,138.1096692162,-127935845.4,-131.0556733695,90675857.09,92.8870675152,2016-02-29
3842,002575,群兴玩具,-152724817.7,-95.7806200312,-6097695.83,-3.9926031157,-174583914.59,-114.3127339873,27939876.46,18.2942608024,2016-02-29
3843,002487,大金重工,-366765150.88,-51.9606489887,-67612686.92,-18.4348722221,-295518820.54,-80.5744002207,-3600000.0,-0.9815545428,2016-02-29
3844,002285,世联行,-169371090.44,-206.9175675648,-921857612.94,-544.2827406644,-97366454.3,-57.4870564079,849860483.29,501.7742290507,2016-02-29
3845,002240,盛新锂能,18876760.53,165.3200335103,242500930.17,1284.6533163601,-12249109.03,-64.8898893988,-211375060.61,-1119.7634269613,2016-02-29
3846,002236,大华股份,-505488362.04,-146.0655811048,-17080921.46,-3.3790929214,-864063239.81,-170.9363270646,375074009.91,74.2003254825,2016-02-29
3847,002109,兴化股份,-36330009.19,76.2862996264,-84524173.64,-232.656626091,-123691903.85,-340.4675820562,171672193.64,472.5355084338,2016-02-29
3848,002061,浙江交科,-55116480.17,-105.7922459507,163353291.51,296.3783082776,-162904236.43,-295.5635699659,-55510860.98,-100.715540631,2016-02-29
3849,001277,速达股份,1138549.86,131.6611822223,-32567914.55,-2860.4732822153,33706464.41,2960.4732822153,,,2016-02-29
3850,603166,福达股份,-62902442.63,-206.5458320485,148956408.9,236.8054445456,-175342618.68,-278.7532746723,-36543265.94,-58.0951460899,2016-02-27
3851,601788,光大证券,23474869563.86,1272.9640168837,17505465194.87,74.5710861023,-1137932614.72,-4.8474502132,7109726591.85,30.2865435418,2016-02-27
3852,600793,宜宾纸业,-3951634.74,88.83721108,24532045.79,620.807524078,-720252901.43,-18226.7073962914,691769220.9,17505.8998722134,2016-02-27
3853,600289,ST信通,-182264795.83,-134.7102609702,223360970.69,122.5475109841,-266260248.71,-146.0842986697,-139375944.79,-76.468933101,2016-02-27
3854,600226,亨通股份,-111504965.78,-5689.2821100396,24421396.96,21.9016227566,-108218121.57,-97.0522889389,-28585858.55,-25.6363995541,2016-02-27
3855,600155,华创云信,50407682.33,-49.8901012006,-118395069.86,-234.8750515545,-7149274.61,-14.1829068101,175952026.8,349.0579583646,2016-02-27
3856,300331,苏大维格,45689.21,100.048479824,5198919.93,11378.8790176061,-40616930.39,-88898.2987230464,35446888.9,77582.6259635481,2016-02-27
3857,300259,新天科技,49791717.8,230.6218114721,109017966.46,218.9479923105,-39246728.66,-78.8218008819,-19979520.0,-40.1261914286,2016-02-27
3858,300228,富瑞特装,19629433.44,126.572073772,223474726.61,1138.4675329172,-212197660.18,-1081.0177523901,8848427.57,45.0773456964,2016-02-27
3859,300193,佳士科技,-197404682.41,-626.3826465665,99872780.44,50.5929136131,-256305901.41,-129.8378023666,-40967731.66,-20.7531711811,2016-02-27
3860,300162,雷曼光电,-83312560.14,22.2473063583,70613405.95,84.7572152762,-77025058.24,-92.4531164455,-77343698.28,-92.8355798334,2016-02-27
3861,300146,汤臣倍健,31861903.54,-90.1667360977,560640271.74,1759.5944041327,-236393070.25,-741.9301547794,-292097726.4,-916.7616932657,2016-02-27
3862,300095,华伍股份,-383294.59,99.1176638349,61460888.14,16034.895806904,-70253242.86,-18328.7854023716,8429585.55,2199.2445940862,2016-02-27
3863,002675,东诚药业,-55970184.2,86.1201687627,52001639.55,92.9095379858,-132456424.44,-236.6553305715,24650848.66,44.0428221067,2016-02-27
3864,002662,峰璟股份,-371664971.17,-67.2188668128,250181614.95,67.3137460769,-384904324.26,-103.5621740323,-236816688.41,-63.717785312,2016-02-27
3865,002601,龙佰集团,1808684.12,100.422614277,21072155.08,1165.0544640155,-473623043.32,-26186.0563756152,450424160.68,24903.4176669832,2016-02-27
3866,002452,长高电新,167540588.26,206.9474416931,62583512.78,37.3542396084,98713175.12,58.9189617544,6238567.0,3.723615313,2016-02-27
3867,002258,利尔化学,3492155.61,105.4167393654,140335346.77,4018.5880138944,-273626108.89,-7835.4500614593,135637766.58,3884.0699478452,2016-02-27
3868,002138,顺络电子,-28003583.04,-165.9948887748,234275866.51,836.5924680973,-586596505.11,-2094.7194659773,322246453.39,1150.7329363164,2016-02-27
3869,002006,精工科技,38165765.62,235.7558674758,56363688.96,147.6812741586,36289015.51,95.0826347133,-54633043.24,-143.1467241715,2016-02-27
3870,000915,华特达因,150701612.5,1092.6875541457,272411394.69,180.7620968157,-41497078.67,-27.5359221322,-80212703.52,-53.2261746834,2016-02-27
3871,000559,万向钱潮,1919800192.08,1483.8961148341,1358313611.06,70.7528635878,-169375160.02,-8.8225410498,731830596.44,38.1201439326,2016-02-27
3872,000536,华映科技,1008607247.77,376.3078556208,1457051283.31,144.4617105946,-28596696.57,-2.8352658216,-420140766.12,-41.6555370833,2016-02-27
3873,000034,神州数码,-29448625.44,-205.0880583415,-28153147.99,-95.6008899205,2573343.41,8.7384160434,-3868820.86,-13.1375261228,2016-02-27
3874,601678,滨化股份,90075028.86,122.5744077579,1034941757.45,1148.9774364198,-1258317170.82,-1396.9656038365,312811789.63,347.2791444965,2016-02-26
3875,600753,*ST海钦,-468698.42,-220.4088251771,-468698.42,-100.0,0.0,0.0,0.0,0.0,2016-02-26
3876,600237,铜峰电子,-130235372.29,-148.1368525562,45568889.72,34.9896413845,-246805272.3,-189.5070962368,70982126.54,54.5029551434,2016-02-26
3877,600106,重庆路桥,-21636874.84,-103.7671800453,280766748.58,1297.6307838179,230622628.67,1065.877722062,-533026252.09,-2463.50850588,2016-02-26
3878,301092,争光股份,-3066025.02,60.4945606679,26001625.62,848.056537386,-48775283.69,-1590.8312349649,19630396.5,640.2555873468,2016-02-26
3879,300846,首都在线,54542408.52,3584.7228529156,40282283.22,73.8549769126,-31357732.29,-57.4923864583,45636145.7,83.6709396199,2016-02-26
3880,300233,金城医药,39738779.65,145.3385039467,219455483.56,552.2451506887,-195200440.92,-491.208946624,15483737.01,38.9637959353,2016-02-26
3881,300175,ST朗源,-62971596.94,-373.3515515706,-271328670.11,-430.8746852466,-26801745.04,-42.5616410293,236035854.09,374.8290746301,2016-02-26
3882,300121,阳谷华泰,67998210.31,526.3278188136,-64571279.96,-94.9602639035,-82197769.49,-120.8822542759,214777191.76,315.8571244461,2016-02-26
3883,002772,众兴菌业,88855897.05,38.2493709385,170310081.1,191.6699811203,-191244509.46,-215.2299575034,110851249.25,124.7539588595,2016-02-26
3884,002585,双星新材,155480391.5,440.3418904871,46864701.54,30.1418726103,-1229628665.14,-790.8577109159,1333947603.27,857.9523053684,2016-02-26
3885,002536,飞龙股份,-1692943.63,97.6126118152,84002910.06,4961.9437157515,-84296199.08,-4979.2679204564,-1369669.35,-80.9046046028,2016-02-26
3886,002261,拓维信息,415461311.99,362.936499003,108736304.87,26.1724261037,82319295.63,19.81394976,224467353.95,54.0284612483,2016-02-26
3887,000972,*ST中基,-181533094.72,-10.251475641,-156063601.12,-85.9697794282,-36885024.21,-20.3186224897,10530004.84,5.8005978779,2016-02-26
3888,000563,陕国投A,-485623839.35,-460.6202175629,-300853688.3,-61.9520015127,-149664963.03,-30.8191136643,-35105188.02,-7.2288848231,2016-02-26
3889,603968,醋化股份,-5157363.22,82.7102896891,145722140.75,2825.5163449589,-57786956.46,-1120.4748239547,-95084510.39,-1843.6651896315,2016-02-25
3890,601020,华钰矿业,-16038647.22,90.3773495924,344237440.96,2146.2997236496,-317341087.3,-1978.6025775558,-42935000.88,-267.6971460938,2016-02-25
3891,600416,湘电股份,28162043.43,-86.3408233712,138580026.78,492.0808645312,-19985295.22,-70.9653589935,-77158141.6,-273.9792010895,2016-02-25
3892,300505,川金诺,-9843702.72,-141.3609433789,43398244.38,440.8731715539,-64378346.2,-654.0053883301,11136399.1,113.1322167762,2016-02-25
3893,300453,三鑫医疗,9547867.95,150.0343913641,68291522.1,715.2541536773,-47322956.22,-495.6389894353,-11420697.93,-119.615164242,2016-02-25
3894,300278,华昌达,-18837833.28,-341.303231286,-21618430.98,-114.760708722,-77208270.09,-409.8574870177,79941824.46,424.3684678156,2016-02-25
3895,300140,节能环境,-127751523.4,-164.4094778407,-7702524.99,-6.0293018705,-103634297.91,-81.1217707248,-16393954.72,-12.8326882402,2016-02-25
3896,002972,科安达,20923489.86,661.9413643881,33480531.01,160.0140857669,-12557041.15,-60.0140857669,0.0,0.0,2016-02-25
3897,002768,国恩股份,-2980729.54,-124.8465875961,24242435.51,813.3054403185,-16433060.97,-551.3100316374,-10790104.08,-361.9954086811,2016-02-25
3898,002714,牧原股份,135713793.59,2247.4411905901,455384506.87,335.5476955023,-869104693.94,-640.3952545646,549433980.66,404.8475590623,2016-02-25
3899,002667,威领股份,-19558359.7,75.3898657914,547091.06,2.7972236342,-14686572.3,-75.0910225871,-5379259.0,-27.5036305831,2016-02-25
3900,002547,春兴精工,710425353.72,1451.0153535831,313992622.53,44.1978345629,-295345540.77,-41.5730574963,692575864.17,97.4874926047,2016-02-25
3901,002546,新联电子,83598671.14,119.6104396247,103051709.74,123.2695548084,48480703.32,57.9921937262,-67933741.92,-81.2617485345,2016-02-25
3902,002286,保龄宝,-250050390.96,-206.862591554,101769169.55,40.6994642797,-318708540.88,-127.4577254834,-33457233.35,-13.3801963762,2016-02-25
3903,600771,广誉远,-2271703.91,-107.6193901654,-45097349.33,-1985.1772553405,135617305.69,5969.8495518283,-92791660.27,-4084.6722964878,2016-02-24
3904,300443,金雷股份,59314086.47,350.2150013158,62636525.89,105.6014340231,-27327866.55,-46.073147504,24008084.19,40.4761931251,2016-02-24
3905,300363,博腾股份,197511271.19,477.9216004652,121921427.19,61.7288453745,-340706716.39,-172.4998853672,420257963.09,212.7766990501,2016-02-24
3906,300132,青松股份,-31331226.81,-1206.2253236839,70477101.82,224.9420434361,-35452311.77,-113.1532830967,-66256456.88,-211.4709943591,2016-02-24
3907,002245,蔚蓝锂芯,30721990.54,1055.0134778735,181574515.05,591.0245783508,-215323984.87,-700.8790156017,66514214.06,216.5035952778,2016-02-24
3908,600400,红豆股份,-370941726.73,-235.8908865852,688638497.97,185.6460053822,-20138388.96,-5.4289899218,-1039441835.74,-280.2170154604,2016-02-23
3909,300324,旋极信息,-4938356.7,95.965308172,15441261.9,312.6801654486,-148689905.97,-3010.918712494,128760290.31,2607.3509495578,2016-02-23
3910,300271,华宇软件,108440823.66,194.2978403647,288761055.33,266.2844541234,-179402225.15,-165.4379034528,-918006.52,-0.8465506707,2016-02-23
3911,300161,华中数控,-47041235.88,-343.3829531676,32774302.43,69.6714314939,-57523741.94,-122.2836536156,-22291796.37,-47.3877778783,2016-02-23
3912,300118,东方日升,42614084.34,116.86961249,-103034538.03,-241.7851741409,-90076672.31,-211.3777022435,256623604.43,602.2037277218,2016-02-23
3913,300054,鼎龙股份,-7664122.98,-112.1790631693,134407365.06,1753.7214030978,-91764344.06,-1197.323481101,-51229232.12,-668.4291503892,2016-02-23
3914,002691,冀凯股份,23474342.37,93.7219170346,26909877.94,114.6352793013,25487377.97,108.5754717567,-28922913.54,-123.210751058,2016-02-23
3915,002674,兴业科技,-817910.53,99.7829768649,162204224.37,19831.5363869933,3536553.37,432.3887809587,-164803152.81,-20149.2885548252,2016-02-23
3916,002414,高德红外,-469156036.99,-920.9911254704,-58480770.97,-12.4651003843,-148918767.83,-31.7418419649,-261818118.23,-55.8061918823,2016-02-23
3917,002209,达意隆,-60567727.38,-142.8300539847,24423285.94,40.3239266132,-68785399.0,-113.5677397444,-16481966.37,-27.212456341,2016-02-23
3918,002171,楚江新材,-38719654.33,-159.8597471069,192028557.71,495.945950533,-125303701.91,-323.6178216935,-105285120.93,-271.9164795033,2016-02-23
3919,000980,众泰汽车,-300187817.59,-140.3355694625,-336819631.86,-112.2029649851,182439837.2,60.7752302091,-145789799.53,-48.5661945579,2016-02-23
3920,600879,航天电子,50000202.95,163.5672099665,122867583.01,245.734168585,-272226313.9,-544.4504178758,199342034.84,398.6824514279,2016-02-20
3921,300349,金卡智能,-24689217.25,68.7843243924,81044449.93,328.2584826783,-95530129.19,-386.930570632,-10203537.99,-41.3279120463,2016-02-20
3922,002301,齐心集团,-50654721.08,51.5830043903,76779180.53,151.5735925359,-140307399.36,-276.9878036411,13477776.86,26.6071485,2016-02-20
3923,600529,山东药玻,68540559.6,34.6457523401,266634293.79,389.0168031105,-166867318.59,-243.4577709371,-32503373.63,-47.4221013363,2016-02-19
3924,301213,观想科技,-631300.7,75.0348736289,3169982.94,502.1351853404,-3575473.65,-566.3661785897,-225809.99,-35.7690067507,2016-02-19
3925,300817,双飞集团,8861011.86,7824.2441217021,69625988.02,785.7566282504,-18490119.78,-208.6682657933,-41914678.24,-473.0236106467,2016-02-19
3926,300503,昊志机电,-723980.33,95.8499554775,8435452.7,1165.1494316151,-4793074.41,-662.0448389806,-4366358.62,-603.1045926344,2016-02-19
3927,300437,清水源,24077930.63,267.1295221972,42486297.64,176.4532770398,-11413805.18,-47.4035969095,-7005073.87,-29.0933385333,2016-02-19
3928,300376,易事特,28080281.02,-53.6097297963,53218418.24,189.5223847728,-134194542.68,-477.8960103156,108517371.42,386.4540078595,2016-02-19
3929,002262,恩华药业,-31513938.71,-196.5520443302,160236857.87,508.4634432546,-247232807.75,-784.5189077288,55534280.31,176.221324859,2016-02-19
3930,000050,深天马A,-418662377.0,-187.3770969667,1385683779.0,330.9788161357,209393883.0,50.0149749544,-1994957265.0,-476.5074137531,2016-02-19
3931,002697,红旗连锁,932562477.18,224.2932849338,279035948.06,29.9214213405,695026529.12,74.5286826489,-41500000.0,-4.4501039893,2016-02-18
3932,002174,游族网络,-84667990.13,-140.7534163934,243833605.25,287.9879454746,-565071650.1,-667.3970283603,236825026.97,279.7102265052,2016-02-18
3933,603027,千禾味业,10052083.85,220.875505164,99224680.07,987.1055748306,-112704938.85,-1121.2096967337,23532342.63,234.104121903,2016-02-17
3934,300450,先导智能,65522334.4,1560.9489602375,93548827.19,142.7739534109,-41837265.76,-63.8519157523,13810772.97,21.0779623413,2016-02-17
3935,000711,ST京蓝,20292503.13,304.5410407233,-9595624.86,-47.28655109,-93284975.6,-459.7016691454,123173103.59,606.9882202354,2016-02-15
3936,600689,上海三毛,-13052105.66,87.013263225,-5960237.53,-45.6649500491,146023171.06,1118.7709850335,-139461205.75,-1068.4958380118,2016-02-06
3937,600664,哈药股份,597830670.87,297.6096436959,1136099588.38,190.0370194668,-384861924.36,-64.3764100962,-153406993.15,-25.6606093707,2016-02-06
3938,600168,武汉控股,-61916044.6,-114.6426015188,589595325.6,952.249662279,-504596282.49,-814.9685364268,-146916799.76,-237.2838909674,2016-02-06
3939,300227,光韵达,-37105226.39,-3.1788420333,55593640.41,149.8269807754,-125726080.04,-338.8365798352,32990168.97,88.9097633397,2016-02-06
3940,002231,*ST奥维,-12217512.85,81.5782675139,-3787493.99,-31.0005320764,-355259.18,-2.907786424,-8149229.98,-66.7012188164,2016-02-06
3941,000892,欢瑞世纪,-2737492.13,-173.6318741797,-2737492.13,-100.0,0.0,0.0,0.0,0.0,2016-02-06
3942,601155,新城控股,-1204297367.0,-165.8830471329,3495004590.0,290.2110961769,-3055794450.0,-253.7408561817,-1643507507.0,-136.4702399951,2016-02-05
3943,600603,广汇物流,20359774.61,346.8477668302,37584435.97,184.6014343967,-53511877.61,-262.8313850966,36287216.25,178.2299506998,2016-02-05
3944,600358,ST联合,-95813851.34,-193.852396543,49802362.42,51.9782492025,38556227.12,40.2407653808,-184172440.88,-192.2190145832,2016-02-05
3945,300835,龙磁科技,1740005.4,228.1856814503,45207525.47,2598.1255845528,-30417246.16,-1748.1121702266,-10540101.4,-605.7510741059,2016-02-05
3946,300131,英唐智控,21243418.38,-25.0042009688,-91683037.3,-431.5832586827,170643779.05,803.2783424849,-58359629.98,-274.7186396091,2016-02-05
3947,300033,同花顺,162190934.14,557.7610035886,205415879.26,126.6506542731,-35156343.1,-21.6758990177,-8064000.0,-4.9719178466,2016-02-05
3948,002676,顺威股份,-130527263.88,-33.1977356111,50109014.2,38.3896917092,-129114927.44,-98.9179759094,-52257530.59,-40.0357205358,2016-02-05
3949,002250,联化科技,159781909.96,167.3350096205,633714625.39,396.6122482505,-842026009.26,-526.9845688231,368168760.64,230.4195517078,2016-02-05
3950,002015,协鑫能科,-33402596.79,43.0908749267,-359026001.96,-1074.8445823454,-24551849.64,-73.5028171443,349716557.27,1046.9741603284,2016-02-05
3951,000802,北京文化,103468149.97,-41.6736138137,-166072311.85,-160.5057323419,-110035272.31,-106.3469988996,379576193.9,366.8531756005,2016-02-05
3952,688536,思瑞浦,545068.37,104.5237376922,-1007835.47,-184.9007437361,-8418035.49,-1544.3999236279,10000000.0,1834.6322315492,2016-02-04
3953,600785,新华百货,-84043990.52,54.3718161362,131574035.14,156.5537694318,-108787126.03,-129.4406957082,-110050282.06,-130.9436657863,2016-02-04
3954,600531,豫光金铅,-139898862.65,47.0987094235,87703785.62,62.6908496314,-322679560.44,-230.6520255617,100049015.6,71.5152458747,2016-02-04
3955,300125,*ST聆达,-358869910.21,-15229.3949854738,112647756.45,31.3895796903,-459321561.86,-127.9911045179,-11856355.34,-3.3038031339,2016-02-04
3956,002732,燕塘乳业,332268732.17,433.4702350895,101627101.73,30.5858156036,-74994662.43,-22.5704844209,305636292.87,91.9846688173,2016-02-04
3957,002643,万润股份,-87350027.55,18.7041089808,143375664.33,164.1392319515,-187754423.98,-214.9448938325,-46164658.41,-52.8501933025,2016-02-04
3958,002014,永新股份,-104363847.49,44.3950958511,187818118.43,179.9647319902,-182765929.09,-175.1237938095,-108032268.6,-103.5150305381,2016-02-04
3959,603729,龙韵股份,-54486823.44,-249.2944535176,31811779.63,58.3843535401,-77730897.07,-142.6599903656,-8567706.0,-15.7243631746,2016-02-03
3960,600749,西藏旅游,5346755.09,105.9480700967,-13774464.73,-257.622885248,-108236726.3,-2024.3441952753,127357946.12,2381.9670805232,2016-02-03
3961,600714,金瑞矿业,-122631361.76,-234.1896993309,-106327413.76,-86.704911561,-29684414.0,-24.206217377,13380466.0,10.911128938,2016-02-03
3962,600671,天目药业,-2484921.93,-114.3099429031,653790.5,26.3103034388,-25395071.93,-1021.966590717,22256359.5,895.6562872782,2016-02-03
3963,600312,平高电气,266310995.25,140.8098527686,229000085.88,85.9897225291,-693847161.24,-260.5401855784,735558715.28,276.2029087794,2016-02-03
3964,002402,和而泰,102926090.83,226.5622715098,47618312.39,46.2645690767,-45685117.15,-44.386332738,101286455.17,98.4069776217,2016-02-03
3965,000975,山金国际,-482021754.51,-183.7116867856,186052063.54,38.5982710945,-385398194.18,-79.9545229181,-282675623.87,-58.6437481763,2016-02-03
3966,688122,西部超导,73522328.5,175.146743714,201588586.91,274.1868912789,-112366597.93,-152.833295983,-15749054.34,-21.4207774173,2016-02-02
3967,600769,祥龙电业,-80107387.97,-218.1234434772,-2440327.97,-3.046320735,-78148060.0,-97.5541232592,481000.0,0.6004439942,2016-02-02
3968,600764,中国海防,-135627930.08,-368.9930603553,-29616046.47,-21.836244535,-9093806.14,-6.704965662,-96101192.39,-70.8564912355,2016-02-02
3969,600562,国睿科技,-37681397.48,-127.0181697822,24573605.97,65.2141576836,-28832441.36,-76.5163801988,-33371983.07,-88.5635493952,2016-02-02
3970,600053,九鼎投资,-38139314.28,-184.048560318,326521621.22,856.1287149078,-88058.0,-0.230885116,-364572877.5,-955.8978297918,2016-02-02
3971,002742,*ST三圣,-68859362.25,-380.5016909313,-118954120.83,-172.749379232,-31037836.34,-45.0742431034,81132594.92,117.8236223354,2016-02-02
3972,002522,浙江众成,-195556354.61,4.3406280831,84861935.35,43.3951305337,-589026637.16,-301.205572345,310899894.62,158.9822510447,2016-02-02
3973,002349,精华制药,729529084.42,1331.007023452,45701575.19,6.2645309373,-23704743.34,-3.2493212192,707542262.61,96.9861624054,2016-02-02
3974,002082,万邦德,-26148885.4,-6429.6717304424,140310214.29,536.5820077746,-78579758.79,-300.5090182161,-87971863.91,-336.4268211218,2016-02-02
3975,600829,人民同泰,272169734.41,195.8111678798,444291931.19,163.2407556825,-58343175.47,-21.4363200951,-113779021.31,-41.8044355875,2016-01-30
3976,300298,三诺生物,83884016.4,184.330947526,153148887.68,182.5721922395,-12762264.07,-15.2141785977,-55927409.0,-66.6723070737,2016-01-30
3977,688180,君实生物,-22155244.43,-144.1925061377,-39189538.14,-176.8860563187,-162403916.4,-733.0269675567,179658198.19,810.9059629544,2016-01-29
3978,600722,金牛化工,36722356.62,131.1774241943,125657345.21,342.1821385547,-449830256.12,-1224.9493156847,360895267.53,982.76717713,2016-01-29
3979,600063,皖维高新,110200908.15,367.4180171365,805925231.63,731.3235844962,-461358074.48,-418.6517899218,-234562466.23,-212.8498486698,2016-01-29
3980,002168,*ST惠程,17447088.58,193.7939544976,57850330.69,331.5758410049,-43556097.64,-249.6467960272,3152699.93,18.070063183,2016-01-29
3981,300351,永贵电器,-28403945.11,48.9977069855,110778837.52,390.0121518014,-124961153.83,-439.9429492842,-14220583.31,-50.0655217257,2016-01-28
3982,002572,索菲亚,-119539693.02,-219.7762117996,352256556.84,294.6774815467,-442896496.06,-370.5016173882,-20456267.2,-17.1125311461,2016-01-28
3983,300301,ST长方,-67218905.27,50.0095075106,31891914.77,47.4448589157,-261862109.43,-389.5661620465,162763493.41,242.1394587672,2016-01-27
3984,600116,三峡水利,-125001933.7,-154.4413788326,356614165.11,285.2869188135,-213953145.63,-171.1598687293,-267662953.18,-214.1270500842,2016-01-26
3985,300401,花园生物,5023736.67,105.7635325889,-11928521.16,-237.4432010187,-116790376.03,-2324.771055924,132785507.66,2643.1621795177,2016-01-26
3986,002654,万润科技,-10758749.02,72.4769020539,45530744.71,423.1973868464,-108184011.58,-1005.5445236141,51496355.01,478.6463083605,2016-01-26
3987,002192,融捷股份,-6237154.84,84.6885466605,6060396.21,97.1660374877,176956977.87,2837.1426140512,-189254528.92,-3034.3086515389,2016-01-22
3988,002099,海翔药业,178730088.83,24409.5437864066,191561807.12,107.1793833786,-10350486.08,-5.7911268034,-2820664.17,-1.5781697354,2016-01-22
3989,600816,建元信托,21285343.22,120.1212238369,174732211.97,820.9038969398,-62624913.15,-294.2161303331,-90821955.6,-426.6877666068,2016-01-18
3990,000838,财信发展,-50336878.24,-142.5995942026,-91774123.85,-182.3198558568,-3764743.9,-7.4790969,45201989.51,89.7989527568,2016-01-16
3991,688056,莱伯泰科,2720811.1,-87.5806236611,22775677.53,837.0914662176,-5191944.99,-190.8234272493,-14347834.27,-527.33665597,2015-12-25
3992,300963,中洲特材,-20140113.67,-179.5428771611,25578082.65,127.0006866352,-2688337.41,-13.3481739679,-43016693.93,-213.5871457075,2015-12-25
3993,300929,华骐环保,15427583.47,260.2156816146,-10283847.13,-66.6588331867,-3983773.63,-25.8224085305,29695204.23,192.4812417171,2015-12-25
3994,688506,百利天恒,-947617.21,96.4206896518,13150323.56,1387.7252778049,-24013230.75,-2534.0644404295,9918709.94,1046.7000636259,2015-12-23
3995,688286,敏芯股份,-1217614.28,-158.9544766966,-2979344.64,-244.6870646097,1761730.36,144.6870646097,,,2015-12-16
3996,300837,浙矿股份,-6488575.63,-135.0207568875,9463419.26,145.8474062666,-19473901.28,-300.1259812703,3508655.98,54.0743636212,2015-12-11
3997,301153,中科江南,5421938.44,-61.6833576866,46789372.25,862.9639153557,-52088710.81,-960.7027336518,10721277.0,197.7388182961,2015-12-04
3998,301130,西点药业,-26952850.36,-75.1457748691,43729556.22,162.2446443917,-53737519.48,-199.3760168674,-16944887.1,-62.8686275243,2015-11-27
3999,002923,润都股份,7769271.21,322.8355478089,58011476.69,746.6784865913,-19156582.45,-246.5685896683,-30930455.66,-398.1127035466,2015-11-24
4000,688719,爱科赛博,-7414566.6,-135.2456897636,12785657.77,172.4397184591,-14190256.49,-191.3834921922,-6009967.88,-81.0562262668,2015-11-13
4001,688590,新致软件,18587905.55,-14.2437107781,-4539496.04,-24.4217726833,-31607937.37,-170.0457175499,55932500.43,300.9080301142,2015-11-13
4002,688589,力合微,35134000.0,-16.8656253771,34866600.0,99.2389138726,263500.0,0.7499857688,,,2015-11-13
4003,688208,道通科技,61588700.0,-31.3419974226,91198200.0,148.076189301,-23453200.0,-38.0803621444,-5811100.0,-9.4353347286,2015-11-13
4004,688170,德龙激光,-12898124.29,-191.5444862202,-3503784.46,-27.1650697514,-8913281.55,-69.1052539857,-229645.0,-1.7804526832,2015-11-13
4005,605303,园林股份,18762690.13,221.0506219765,-81794601.56,-435.9428258596,-13236192.93,-70.5452834231,113793484.62,606.4881092827,2015-11-13
4006,603093,南华期货,-1114362200.0,-211.7134555744,1431675500.0,128.4748800704,-2531398600.0,-227.1612048578,,,2015-11-13
4007,301208,中亦科技,49816.07,-99.8717565325,6416391.39,12880.1637503721,-134830.94,-270.6575207559,-6231744.38,-12509.5062296163,2015-11-13
4008,001332,锡装股份,-5198396.91,71.9909743297,89251355.07,1716.9015105082,-15888721.55,-305.6465642213,-77137254.34,-1483.86619328,2015-11-13
4009,601068,中铝国际,-511636431.5,-113.8410858291,-1184209585.63,-231.4552898741,-1219419553.39,-238.337123456,1880922781.14,367.6287819508,2015-07-16
4010,601121,宝地矿业,-152170630.84,36.2914995981,13167229.71,8.6529375855,-141201637.59,-92.7916489605,-24286795.92,-15.9602387044,2015-07-03
4011,301098,金埔园林,28388815.44,180.7336942231,-16898786.46,-59.5262119891,-31662.5,-0.1115315997,45319264.4,159.6377435888,2015-07-03
4012,003041,真爱美家,-53851700.0,63.8911202451,92029500.0,170.8943264558,38159200.0,70.8597871562,-184040300.0,-341.7539279169,2015-06-19
4013,003020,立方制药,21184375.77,114.878485476,92048934.47,434.5133199551,-34008587.59,-160.5361798678,-36855971.11,-173.9771400873,2015-06-05
4014,300502,新易盛,18320175.72,150.8682934065,57214081.1,312.3009406375,-27245569.31,-148.7189300278,-11752383.33,-64.1499487211,2015-06-01
4015,688398,赛特新材,-102688.71,-105.2763216729,30813411.35,30006.6203480402,-25454671.37,-24788.1888573729,-5461428.69,-5318.4314906673,2015-05-22
4016,300806,斯迪克,-59526063.73,-190.7087230495,59062848.44,99.2218277827,-257877464.05,-433.2177333608,139189465.64,233.8294469988,2015-05-22
4017,300867,圣元环保,35290261.44,20933.8401165823,118510604.92,335.8167383415,-282000628.01,-799.0890871961,198780284.53,563.2723488546,2015-05-08
4018,301665,泰禾股份,77003622.55,334.049396622,189152117.22,245.6405438552,-139585435.23,-181.2712579066,30931826.89,40.1693139435,2015-05-06
4019,605208,永茂泰,-18670295.73,-235.608990446,24916930.45,133.4576099401,-2039193.95,-10.9221298874,-41558171.62,-222.5897876552,2015-04-30
4020,301041,金百泽,13091296.52,-37.1231437651,14407349.03,110.052881378,-1428807.6,-10.9141794918,399072.73,3.0483820253,2015-04-29
4021,000829,天音控股,787180285.29,2665.090325603,-782538703.37,-99.4103533832,133400434.61,16.9466178337,1436538726.58,182.4917053215,2015-04-27
4022,300881,盛德鑫泰,6336309.62,6913.8992839553,24548095.08,387.4194373728,-8493383.05,-134.0430559642,-9718402.41,-153.3763814086,2015-04-22
4023,688187,时代电气,-470585830.0,,2056705932.0,437.0522444333,-2128446303.0,-452.2971511913,-397932187.0,-84.56102195,2015-04-20
4024,603317,天味食品,21010953.96,-70.3048019929,105701429.88,503.0777283184,-67245475.91,-320.04960859,-17445000.01,-83.0281197285,2015-04-16
4025,300865,大宏立,8672653.62,303.1393894611,53096371.79,612.2275155502,-47004581.9,-541.9861550979,2580863.73,29.7586395477,2015-04-10
4026,000006,深振业A,-750260358.54,-528.681497072,-1097953994.97,-146.3430637741,383427879.78,51.1059761342,-35746984.51,-4.7646105919,2015-04-01
4027,600266,城建发展,1245571666.63,391.1943876924,-6106030729.65,-490.219141398,-342870249.09,-27.5271394072,7694472645.37,617.7462808052,2015-03-28
4028,603217,元利科技,15862244.89,-20.817484077,113043664.72,712.6586779105,-49903373.54,-314.6047352444,-47278046.29,-298.0539426661,2015-03-06
